component_id,source_smiles,source_name,canonical_smiles,chemical_status
006,Cc1cccc(c1OCC(=O)N[C@@H](Cc2ccccc2)[C@@H](C(=O)N3CSC([C@H]3C(=O)N[C@H]4c5ccccc5C[C@H]4O)(C)C)O)C,Components-smiles-stereo-oe.smi,Cc1cccc(C)c1OCC(=O)N[C@@H](Cc1ccccc1)[C@H](O)C(=O)N1CSC(C)(C)[C@H]1C(=O)N[C@H]1c2ccccc2C[C@H]1O,resolved
010,c1ccc(cc1)CO,Components-smiles-stereo-oe.smi,OCc1ccccc1,resolved
016,Cc1cccc(c1OCC(=O)N[C@@H](Cc2ccccc2)[C@H](C(=O)N3CSC([C@H]3C(=O)N[C@H]4c5ccccc5C[C@H]4O)(C)C)O)C,Components-smiles-stereo-oe.smi,Cc1cccc(C)c1OCC(=O)N[C@@H](Cc1ccccc1)[C@@H](O)C(=O)N1CSC(C)(C)[C@H]1C(=O)N[C@H]1c2ccccc2C[C@H]1O,resolved
017,CC(C)C[N@@](C[C@H]([C@H](Cc1ccccc1)NC(=O)O[C@H]2CO[C@@H]3[C@H]2CCO3)O)S(=O)(=O)c4ccc(cc4)N,Components-smiles-stereo-oe.smi,CC(C)CN(C[C@@H](O)[C@H](Cc1ccccc1)NC(=O)O[C@H]1CO[C@H]2OCC[C@H]21)S(=O)(=O)c1ccc(N)cc1,resolved
02J,Cc1cc(no1)C(=O)O,Components-smiles-stereo-oe.smi,Cc1cc(C(=O)O)no1,resolved
031,COc1ccc(cc1)S(=O)(=O)[N@@](C[C@H]2CCC(=O)N2)C[C@H]([C@H](Cc3ccccc3)NC(=O)O[C@@H]4C[C@@H]5CCO[C@@H]5C4)O,Components-smiles-stereo-oe.smi,COc1ccc(S(=O)(=O)N(C[C@H]2CCC(=O)N2)C[C@@H](O)[C@H](Cc2ccccc2)NC(=O)O[C@@H]2C[C@@H]3CCO[C@@H]3C2)cc1,resolved
03G,CC1(CC(CC(N1)(C)C)NC(=O)C(=O)Nc2ccc(cc2)Cl)C,Components-smiles-stereo-oe.smi,CC1(C)CC(NC(=O)C(=O)Nc2ccc(Cl)cc2)CC(C)(C)N1,resolved
04R,C1CCc2c(c(nn2CC(=O)O)C(F)(F)F)C1,Components-smiles-stereo-oe.smi,O=C(O)Cn1nc(C(F)(F)F)c2c1CCCC2,resolved
05R,c1cc(c(cc1CC(=O)O)Cl)Cl,Components-smiles-stereo-oe.smi,O=C(O)Cc1ccc(Cl)c(Cl)c1,resolved
065,CC(C)C[N@@](C[C@H]([C@H](Cc1ccccc1)NC(=O)O[C@H]2CO[C@@H]3[C@H]2CCO3)O)S(=O)(=O)c4ccc5c(c4)OCO5,Components-smiles-stereo-oe.smi,CC(C)CN(C[C@@H](O)[C@H](Cc1ccccc1)NC(=O)O[C@H]1CO[C@H]2OCC[C@H]21)S(=O)(=O)c1ccc2c(c1)OCO2,resolved
06B,COc1ccc(c(c1C(=O)O)OC)Br,Components-smiles-stereo-oe.smi,COc1ccc(Br)c(OC)c1C(=O)O,resolved
06I,Cc1c(ncs1)COc2cc(cc(c2)Cl)C3=CC(=CN(C3=O)c4cccnc4)C5=CNC(=O)NC5=O,Components-smiles-stereo-oe.smi,Cc1scnc1COc1cc(Cl)cc(-c2cc(-c3c[nH]c(=O)[nH]c3=O)cn(-c3cccnc3)c2=O)c1,resolved
06Q,c1ccc(cc1)CNC(=O)[C@H]([C@H](C[C@@H]2CCCNC2=O)NC(=O)[C@H](Cc3ccc(cc3)F)NC(=O)c4cc5ccccc5o4)O,Components-smiles-stereo-oe.smi,O=C(N[C@@H](Cc1ccc(F)cc1)C(=O)N[C@@H](C[C@@H]1CCCNC1=O)[C@H](O)C(=O)NCc1ccccc1)c1cc2ccccc2o1,resolved
06Y,c1ccc(cc1)OCC(=O)O,Components-smiles-stereo-oe.smi,O=C(O)COc1ccccc1,resolved
075,CC1([C@H](N(CS1)C(=O)[C@H]([C@H](Cc2ccccc2)NC(=O)[C@H](CS(=O)(=O)C)NC(=O)COc3cccc4c3ccnc4)O)C(=O)N[C@H]5c6ccccc6C[C@H]5O)C,Components-smiles-stereo-oe.smi,CC1(C)SCN(C(=O)[C@@H](O)[C@H](Cc2ccccc2)NC(=O)[C@H](CS(C)(=O)=O)NC(=O)COc2cccc3cnccc23)[C@@H]1C(=O)N[C@H]1c2ccccc2C[C@H]1O,resolved
076,CC(C)[C@@H](C(=O)N[C@@H](Cc1ccccc1)[C@H]([C@@H]2[C@H](O2)Cc3ccccc3)O)NC(=O)COc4ccccc4,Components-smiles-stereo-oe.smi,CC(C)[C@H](NC(=O)COc1ccccc1)C(=O)N[C@@H](Cc1ccccc1)[C@@H](O)[C@H]1O[C@@H]1Cc1ccccc1,resolved
079,CC(C)[C@@H](C(=O)N[C@@H](Cc1ccccc1)[C@H]([C@@H]([C@@H](Cc2ccccc2)O)N)O)NC(=O)COc3ccccc3,Components-smiles-stereo-oe.smi,CC(C)[C@H](NC(=O)COc1ccccc1)C(=O)N[C@@H](Cc1ccccc1)[C@@H](O)[C@H](N)[C@H](O)Cc1ccccc1,resolved
07L,c1cc2c(cc1O)OC(=O)C=C2,Components-smiles-stereo-oe.smi,O=c1ccc2ccc(O)cc2o1,resolved
0A9,COC(=O)[C@H](Cc1ccccc1)N,Components-smiles-stereo-oe.smi,COC(=O)[C@@H](N)Cc1ccccc1,resolved
0AX,c1ccc(cc1)CNC(=O)[C@@H]([C@H](C[C@@H]2CCCNC2=O)NC(=O)[C@H](CC3CCCCC3)NC(=O)c4cc5ccccc5o4)O,Components-smiles-stereo-oe.smi,O=C(N[C@@H](CC1CCCCC1)C(=O)N[C@@H](C[C@@H]1CCCNC1=O)[C@@H](O)C(=O)NCc1ccccc1)c1cc2ccccc2o1,resolved
0BO,c1ccc2c(c1)cc(o2)C(=O)N[C@@H](CC3CCCCC3)C(=O)N[C@@H](C[C@@H]4CCCNC4=O)[C@H](C(=O)NC5CC5)O,Components-smiles-stereo-oe.smi,O=C(N[C@@H](CC1CCCCC1)C(=O)N[C@@H](C[C@@H]1CCCNC1=O)[C@@H](O)C(=O)NC1CC1)c1cc2ccccc2o1,resolved
0E8,CC(C)(C)OC(=O)N[C@@H](Cc1ccccc1)[C@@H](CNC[C@H]([C@H](Cc2ccccc2)NC(=O)OC(C)(C)C)O)O,Components-smiles-stereo-oe.smi,CC(C)(C)OC(=O)N[C@@H](Cc1ccccc1)[C@H](O)CNC[C@@H](O)[C@H](Cc1ccccc1)NC(=O)OC(C)(C)C,resolved
0EN,CC(C)(C)c1ccc(cc1)N([C@H](c2cccnc2)C(=O)NC(C)(C)C)C(=O)c3ccco3,Components-smiles-stereo-oe.smi,CC(C)(C)NC(=O)[C@@H](c1cccnc1)N(C(=O)c1ccco1)c1ccc(C(C)(C)C)cc1,resolved
0HN,c1cc2c(cc1C(=O)O)OCO2,Components-smiles-stereo-oe.smi,O=C(O)c1ccc2c(c1)OCO2,resolved
0IF,c1cc(c(c(c1)F)C#N)N,Components-smiles-stereo-oe.smi,N#Cc1c(N)cccc1F,resolved
0JV,CC(C)CN(C[C@H]([C@H](Cc1ccccc1)NC(=O)O[C@@H]2C[C@H]3[C@@H](C2)OC[C@H]3NC(=O)OC)O)S(=O)(=O)c4ccc(cc4)OC,Components-smiles-stereo-oe.smi,COC(=O)N[C@@H]1CO[C@@H]2C[C@H](OC(=O)N[C@@H](Cc3ccccc3)[C@H](O)CN(CC(C)C)S(=O)(=O)c3ccc(OC)cc3)C[C@H]12,resolved
0JY,CC(C)(C)C[C@@H](C(=O)O)N,Components-smiles-stereo-oe.smi,CC(C)(C)C[C@H](N)C(=O)O,resolved
0KJ,CC[C@H](C)CN(C[C@H]([C@H](Cc1ccccc1)NC(=O)OC[C@@H]2CCC(=O)N2)O)S(=O)(=O)c3ccc4c(c3)scn4,Components-smiles-stereo-oe.smi,CC[C@H](C)CN(C[C@@H](O)[C@H](Cc1ccccc1)NC(=O)OC[C@@H]1CCC(=O)N1)S(=O)(=O)c1ccc2ncsc2c1,resolved
0KU,Cc1c(sc(n1)[C@H]([C@@H]2CCCCN2)NC(=O)C(=O)Nc3ccc(cc3)Cl)CO,Components-smiles-stereo-oe.smi,Cc1nc([C@@H](NC(=O)C(=O)Nc2ccc(Cl)cc2)[C@@H]2CCCCN2)sc1CO,resolved
0KW,Cc1c(sc(n1)[C@H]([C@@H]2CCCCN2)NC(=O)C(=O)Nc3ccc(cc3)Cl)CCO,Components-smiles-stereo-oe.smi,Cc1nc([C@@H](NC(=O)C(=O)Nc2ccc(Cl)cc2)[C@@H]2CCCCN2)sc1CCO,resolved
0L9,Cc1c(c(c2cc(ccc2n1)Br)c3ccc(cc3)Cl)[C@@H](C(=O)O)OC,Components-smiles-stereo-oe.smi,CO[C@H](C(=O)O)c1c(C)nc2ccc(Br)cc2c1-c1ccc(Cl)cc1,resolved
0LJ,[H]/N=C(/N)\N[C@@H]1Cc2ccccc2[C@H]1NC(=O)C(=O)Nc3ccc(c(c3)F)Cl,Components-smiles-stereo-oe.smi,[H]/N=C(/N)N[C@@H]1Cc2ccccc2[C@H]1NC(=O)C(=O)Nc1ccc(Cl)c(F)c1,resolved
0LK,[H]/N=C(\N)/N[C@H]1Cc2ccccc2[C@@H]1NC(=O)C(=O)Nc3ccc(c(c3)F)Cl,Components-smiles-stereo-oe.smi,[H]/N=C(\N)N[C@H]1Cc2ccccc2[C@@H]1NC(=O)C(=O)Nc1ccc(Cl)c(F)c1,resolved
0LL,c1ccc2c(c1)C[C@@H]([C@H]2NC(=O)C(=O)Nc3ccc(c(c3)F)Cl)N,Components-smiles-stereo-oe.smi,N[C@H]1Cc2ccccc2[C@@H]1NC(=O)C(=O)Nc1ccc(Cl)c(F)c1,resolved
0LM,CC1(CC(CC(N1C)(C)C)NC(=O)C(=O)Nc2ccc(c(c2)F)Cl)C,Components-smiles-stereo-oe.smi,CN1C(C)(C)CC(NC(=O)C(=O)Nc2ccc(Cl)c(F)c2)CC1(C)C,resolved
0LO,c1ccc(cc1)c2cc(cnc2)C(=O)O,Components-smiles-stereo-oe.smi,O=C(O)c1cncc(-c2ccccc2)c1,resolved
0LQ,c1ccc(cc1)C(c2ccccc2)N3[C@H]4CNC[C@@H]4N(C(=O)C3=O)C(c5ccccc5)c6ccccc6,Components-smiles-stereo-oe.smi,O=C1C(=O)N(C(c2ccccc2)c2ccccc2)[C@H]2CNC[C@@H]2N1C(c1ccccc1)c1ccccc1,resolved
0LY,CC1(CC(CC(N1)(C)C)NC(=O)C(=O)Nc2ccc(cc2)Br)C,Components-smiles-stereo-oe.smi,CC1(C)CC(NC(=O)C(=O)Nc2ccc(Br)cc2)CC(C)(C)N1,resolved
0LZ,c1ccc2c(c1)CCN[C@@H]2CNC(=O)C(=O)Nc3ccc(c(c3)F)Cl,Components-smiles-stereo-oe.smi,O=C(NC[C@H]1NCCc2ccccc21)C(=O)Nc1ccc(Cl)c(F)c1,resolved
0M1,CC1(O[C@H]([C@@H](O1)CNC(=O)C(=O)Nc2ccc(c(c2)F)Cl)CN)C,Components-smiles-stereo-oe.smi,CC1(C)O[C@@H](CN)[C@H](CNC(=O)C(=O)Nc2ccc(Cl)c(F)c2)O1,resolved
0M4,c1cc(c(cc1NC(=O)C(=O)NC[C@@]23CCC[C@@H]2CNC3)F)Cl,Components-smiles-stereo-oe.smi,O=C(NC[C@@]12CCC[C@@H]1CNC2)C(=O)Nc1ccc(Cl)c(F)c1,resolved
0M5,c1cc(c(cc1NC(=O)C(=O)NC[C@H]2CCN(C2)C3CC3)F)Cl,Components-smiles-stereo-oe.smi,O=C(NC[C@H]1CCN(C2CC2)C1)C(=O)Nc1ccc(Cl)c(F)c1,resolved
0NX,c1ccc(cc1)c2cc(no2)CO,Components-smiles-stereo-oe.smi,OCc1cc(-c2ccccc2)on1,resolved
0OE,c1cc(cc(c1)Cl)c2c(cn[nH]2)c3nc4cc(ccc4n3CCCn5ccnc5)c6ccc(cc6)C(=O)O,Components-smiles-stereo-oe.smi,O=C(O)c1ccc(-c2ccc3c(c2)nc(-c2cn[nH]c2-c2cccc(Cl)c2)n3CCCn2ccnc2)cc1,resolved
0OF,CCN1c2ccc(cc2N(C(=O)[C@H](C1=O)c3cc(cc(c3)O)c4cccnc4)c5ccccc5)C(F)(F)F,Components-smiles-stereo-oe.smi,CCN1C(=O)[C@H](c2cc(O)cc(-c3cccnc3)c2)C(=O)N(c2ccccc2)c2cc(C(F)(F)F)ccc21,resolved
0OG,CCc1cc(n(n1)c2ccc3c(c2)nc(n3CC4=CNC(=O)C=C4)c5cc(ccc5O)C(=O)O)c6ccc(o6)C,Components-smiles-stereo-oe.smi,CCc1cc(-c2ccc(C)o2)n(-c2ccc3c(c2)nc(-c2cc(C(=O)O)ccc2O)n3Cc2ccc(=O)[nH]c2)n1,resolved
0OI,CNC(=O)Nc1ccccc1F,Components-smiles-stereo-oe.smi,CNC(=O)Nc1ccccc1F,resolved
0Q4,CCCC[C@@H](C(=O)N)NC(=O)[C@H](C)NC(=O)[C@H](CCC(=O)O)NC(=O)[C@H](Cc1ccccc1)NC[C@H](CC(C)C)NC(=O)[C@H](C(C)C)NC(=O)[C@H](CCCNC(=[NH2+])N)N,Components-smiles-stereo-oe.smi,CCCC[C@H](NC(=O)[C@H](C)NC(=O)[C@H](CCC(=O)O)NC(=O)[C@H](Cc1ccccc1)NC[C@H](CC(C)C)NC(=O)[C@@H](NC(=O)[C@@H](N)CCCNC(N)=[NH2+])C(C)C)C(N)=O,resolved
0TI,c1cc2c(cc1F)[C@H](C(=O)N2)O,Components-smiles-stereo-oe.smi,O=C1Nc2ccc(F)cc2[C@H]1O,resolved
0TQ,CC(C)CN(C[C@H]([C@H](Cc1ccccc1)NC(=O)O[C@H]2CO[C@@H]3[C@H]2CCO3)O)S(=O)(=O)c4ccc5c(c4)/C(=C(\C)/NC)/C(=O)N5,Components-smiles-stereo-oe.smi,CN/C(C)=C1\C(=O)Nc2ccc(S(=O)(=O)N(CC(C)C)C[C@@H](O)[C@H](Cc3ccccc3)NC(=O)O[C@H]3CO[C@H]4OCC[C@H]43)cc21,resolved
0ZQ,CC(C)(C)OC(=O)N[C@H](CCN[C@@H](Cc1ccccc1)C(=O)N[C@@H](CCC(=O)O)C(=O)N[C@@H](Cc2ccccc2)C(=O)N)Cc3ccccc3,Components-smiles-stereo-oe.smi,CC(C)(C)OC(=O)N[C@H](CCN[C@@H](Cc1ccccc1)C(=O)N[C@@H](CCC(=O)O)C(=O)N[C@@H](Cc1ccccc1)C(N)=O)Cc1ccccc1,resolved
0ZR,CC(C)(C)OC(=O)N[C@@H](Cc1ccccc1)[C@H](CN[C@@H](Cc2ccccc2)C(=O)N[C@@H](CCC(=O)N)C(=O)N[C@@H](Cc3ccccc3)C(=O)N)O,Components-smiles-stereo-oe.smi,CC(C)(C)OC(=O)N[C@@H](Cc1ccccc1)[C@@H](O)CN[C@@H](Cc1ccccc1)C(=O)N[C@@H](CCC(N)=O)C(=O)N[C@@H](Cc1ccccc1)C(N)=O,resolved
0ZS,CC(C)(C)OC(=O)N[C@@H](Cc1ccccc1)[C@@H](CN[C@@H](Cc2ccccc2)C(=O)N[C@@H](CCC(=O)O)C(=O)N[C@@H](Cc3ccccc3)C(=O)N)O,Components-smiles-stereo-oe.smi,CC(C)(C)OC(=O)N[C@@H](Cc1ccccc1)[C@H](O)CN[C@@H](Cc1ccccc1)C(=O)N[C@@H](CCC(=O)O)C(=O)N[C@@H](Cc1ccccc1)C(N)=O,resolved
0ZT,CC(C)(C)OC(=O)N[C@@H](Cc1ccccc1)[C@H](CN[C@@H](Cc2ccccc2)C(=O)N[C@@H](CCC(=O)O)C(=O)N[C@@H](Cc3ccccc3)C(=O)N)O,Components-smiles-stereo-oe.smi,CC(C)(C)OC(=O)N[C@@H](Cc1ccccc1)[C@@H](O)CN[C@@H](Cc1ccccc1)C(=O)N[C@@H](CCC(=O)O)C(=O)N[C@@H](Cc1ccccc1)C(N)=O,resolved
100,c1cc2c(cc1Cl)c(c[nH]2)C(=O)/C=C(/c3n[nH]nn3)\O,Components-smiles-stereo-oe.smi,O=C(/C=C(\O)c1nn[nH]n1)c1c[nH]c2ccc(Cl)cc12,resolved
146,c1ccc(cc1)C[C@@H]2[C@@H]([C@H]([C@H](N(C(=O)N2Cc3cccc(c3)C(=O)Nc4[nH]c5ccccc5n4)Cc6cccc(c6)C(=O)Nc7[nH]c8ccccc8n7)Cc9ccccc9)O)O,Components-smiles-stereo-oe.smi,O=C(Nc1nc2ccccc2[nH]1)c1cccc(CN2C(=O)N(Cc3cccc(C(=O)Nc4nc5ccccc5[nH]4)c3)[C@H](Cc3ccccc3)[C@H](O)[C@@H](O)[C@H]2Cc2ccccc2)c1,resolved
14N,CN1CCN(CC1)c2ccc(cc2)C(=O)O,Components-smiles-stereo-oe.smi,CN1CCN(c2ccc(C(=O)O)cc2)CC1,resolved
15P,COCCOCCOCCOCCOCCOCCOCCOCCOCCOCCOCCOCCOCCOCCOCCOCCOCCOCCOCCOCCOCCOCCOCCOCCOCCOCCOCCOCCOCCOCCOCCOCCOCCOCCO,Components-smiles-stereo-oe.smi,COCCOCCOCCOCCOCCOCCOCCOCCOCCOCCOCCOCCOCCOCCOCCOCCOCCOCCOCCOCCOCCOCCOCCOCCOCCOCCOCCOCCOCCOCCOCCOCCOCCOCCO,resolved
16B,C1=CN(C(=O)N=C1NO)[C@H]2[C@@H]([C@@H]([C@H](O2)COP(=O)(O)O)O)O,Components-smiles-stereo-oe.smi,O=c1nc(NO)ccn1[C@@H]1O[C@H](COP(=O)(O)O)[C@@H](O)[C@H]1O,resolved
185,Cc1cc(cc(c1Oc2c(c(nc(n2)Nc3ccc(cc3)C#N)CO)Br)C)C#N,Components-smiles-stereo-oe.smi,Cc1cc(C#N)cc(C)c1Oc1nc(Nc2ccc(C#N)cc2)nc(CO)c1Br,resolved
189,Cc1cccc(c1OCC(=O)N(Cc2ccccc2)C[C@H]3CNC[C@@H]3C[N@@](CC(C)C)S(=O)(=O)c4ccccc4)C,Components-smiles-stereo-oe.smi,Cc1cccc(C)c1OCC(=O)N(Cc1ccccc1)C[C@H]1CNC[C@@H]1CN(CC(C)C)S(=O)(=O)c1ccccc1,resolved
190,Cc1cccc(c1OCC(=O)N[C@@H](Cc2cccc(c2)Br)[C@@H](C[C@H](CC(C)C)S(=O)(=O)c3ccc(cc3)F)O)C,Components-smiles-stereo-oe.smi,Cc1cccc(C)c1OCC(=O)N[C@@H](Cc1cccc(Br)c1)[C@H](O)C[C@H](CC(C)C)S(=O)(=O)c1ccc(F)cc1,resolved
1AH,CC(C)(C)[C@@H](C(=O)N[N@](Cc1ccc(cc1)Br)C[C@@](Cc2ccccc2)(C(=O)N[C@H]3c4ccccc4C[C@H]3O)O)NC(=O)OC,Components-smiles-stereo-oe.smi,COC(=O)N[C@H](C(=O)NN(Cc1ccc(Br)cc1)C[C@@](O)(Cc1ccccc1)C(=O)N[C@H]1c2ccccc2C[C@H]1O)C(C)(C)C,resolved
1B0,Cc1c(c2ccccc2[nH]1)CC(=O)N[C@@H](Cc3ccccc3)C(=O)N(C)c4ccccc4,Components-smiles-stereo-oe.smi,Cc1[nH]c2ccccc2c1CC(=O)N[C@@H](Cc1ccccc1)C(=O)N(C)c1ccccc1,resolved
1BT,Cc1cc(cc(c1Nc2nc3c(c(n2)Nc4ccc5c(c4)ncs5)nc[nH]3)C)/C=C/C#N,Components-smiles-stereo-oe.smi,Cc1cc(/C=C/C#N)cc(C)c1Nc1nc(Nc2ccc3scnc3c2)c2nc[nH]c2n1,resolved
1C1,c1ccc2c(c1)C[C@@H]([C@H]2NC(=O)C(=O)Nc3ccc(c(c3)F)Cl)CNC(=[NH2+])N,Components-smiles-stereo-oe.smi,NC(=[NH2+])NC[C@H]1Cc2ccccc2[C@@H]1NC(=O)C(=O)Nc1ccc(Cl)c(F)c1,resolved
1F1,c1cc(cc2c1cc[nH]2)C(=O)O,Components-smiles-stereo-oe.smi,O=C(O)c1ccc2cc[nH]c2c1,resolved
1F6,CN1c2ccc(cc2N(C(=O)/C(=C\NCCOC)/C1=O)c3ccccc3)C(F)(F)F,Components-smiles-stereo-oe.smi,COCCN/C=C1/C(=O)N(C)c2ccc(C(F)(F)F)cc2N(c2ccccc2)C1=O,resolved
1FD,c1cc(ccc1CN)OC(F)(F)F,Components-smiles-stereo-oe.smi,NCc1ccc(OC(F)(F)F)cc1,resolved
1FE,c1cc2c(cc1NC(=O)CN)NC(=O)N2,Components-smiles-stereo-oe.smi,NCC(=O)Nc1ccc2[nH]c(=O)[nH]c2c1,resolved
1FF,Cn1c(c(cn1)C(=O)O)c2ccccc2,Components-smiles-stereo-oe.smi,Cn1ncc(C(=O)O)c1-c1ccccc1,resolved
1FG,CN(CC1=NC(=O)c2ccccc2N1)CC(=O)N3CCCc4c3cccc4,Components-smiles-stereo-oe.smi,CN(CC(=O)N1CCCc2ccccc21)Cc1nc(=O)c2ccccc2[nH]1,resolved
1HC,C=CC(=O)N,Components-smiles-stereo-oe.smi,C=CC(N)=O,resolved
1HF,c1cc(oc1)/C=C\2/C(=O)N/C(=N/N=C/3\c4cc(ccc4NC3=O)S(=O)(=O)O)/S2,Components-smiles-stereo-oe.smi,O=C1N/C(=N/N=C2/C(=O)Nc3ccc(S(=O)(=O)O)cc32)S/C1=C\c1ccco1,resolved
1I1,c1nc(c2c(n1)n(cn2)CCN[C@@H](CO)C(=O)NP(=O)(O)O)N,Components-smiles-stereo-oe.smi,Nc1ncnc2c1ncn2CCN[C@@H](CO)C(=O)NP(=O)(O)O,resolved
1I4,C[C@H](Cn1cnc2c1ncnc2N)N(CCP(=O)(O)O)CC(=O)O,Components-smiles-stereo-oe.smi,C[C@H](Cn1cnc2c(N)ncnc21)N(CCP(=O)(O)O)CC(=O)O,resolved
1IA,c1nc(c2c(n1)n(cn2)CCN[C@@H](CP(=O)(O)O)C(=O)O)N,Components-smiles-stereo-oe.smi,Nc1ncnc2c1ncn2CCN[C@@H](CP(=O)(O)O)C(=O)O,resolved
1IH,c1nc(c2c(n1)n(cn2)CCN[C@H](CP(=O)(O)O)C(=O)O)N,Components-smiles-stereo-oe.smi,Nc1ncnc2c1ncn2CCN[C@H](CP(=O)(O)O)C(=O)O,resolved
1IK,c1nc(c2c(n1)n(cn2)CCCN[C@H](CP(=O)(O)O)C(=O)O)N,Components-smiles-stereo-oe.smi,Nc1ncnc2c1ncn2CCCN[C@H](CP(=O)(O)O)C(=O)O,resolved
1IN,C[C@H]1CC[C@H]([C@H]1NC(=O)[C@H](Cc2ccccc2)C[C@@H](C[N@@]3CCN(C[C@H]3C(=O)NC(C)(C)C)C(=O)CCc4cccnc4)O)O,Components-smiles-stereo-oe.smi,C[C@H]1CC[C@@H](O)[C@H]1NC(=O)[C@H](Cc1ccccc1)C[C@H](O)CN1CCN(C(=O)CCc2cccnc2)C[C@H]1C(=O)NC(C)(C)C,resolved
1IO,c1nc(c2c(n1)n(cn2)CCO[C@H](CP(=O)(O)O)C(=O)O)N,Components-smiles-stereo-oe.smi,Nc1ncnc2c1ncn2CCO[C@H](CP(=O)(O)O)C(=O)O,resolved
1JR,c1ccc(cc1)c2c3c(n[nH]2)C(=O)N[C@H]3c4cccnc4,Components-smiles-stereo-oe.smi,O=C1N[C@@H](c2cccnc2)c2c1n[nH]c2-c1ccccc1,resolved
1KK,c1nc(c2c(n1)n(cn2)CCCO[C@H](CP(=O)(O)O)C(=O)O)N,Components-smiles-stereo-oe.smi,Nc1ncnc2c1ncn2CCCO[C@H](CP(=O)(O)O)C(=O)O,resolved
1LQ,c1ccc2c(c1)c(ncn2)N,Components-smiles-stereo-oe.smi,Nc1ncnc2ccccc12,resolved
1MA,[H]/N=C\1/c2c(n(cn2)[C@H]3[C@@H]([C@@H]([C@H](O3)COP(=O)(O)O)O)O)N=CN1C,Components-smiles-stereo-oe.smi,[H]/N=c1/c2ncn([C@@H]3O[C@H](COP(=O)(O)O)[C@@H](O)[C@H]3O)c2ncn1C,resolved
1ML,CC1CCC(CC1)C(=O)N(c2ccc(cc2C(=O)O)Oc3ccc(cc3)NC(=O)c4ccc(cc4)OC)C(C)C,Components-smiles-stereo-oe.smi,COc1ccc(C(=O)Nc2ccc(Oc3ccc(N(C(=O)C4CCC(C)CC4)C(C)C)c(C(=O)O)c3)cc2)cc1,resolved
1N7,C[C@H](CCC(=O)NCCC[N+](C)(C)CC(CS(=O)(=O)O)O)[C@H]1CC[C@@H]2[C@@]1([C@H](C[C@H]3[C@H]2[C@@H](C[C@H]4[C@@]3(CC[C@H](C4)O)C)O)O)C,Components-smiles-stereo-oe.smi,C[C@H](CCC(=O)NCCC[N+](C)(C)CC(O)CS(=O)(=O)O)[C@H]1CC[C@H]2[C@@H]3[C@H](O)C[C@@H]4C[C@H](O)CC[C@]4(C)[C@H]3C[C@H](O)[C@]12C,resolved
1OP,c1cc(ccc1C[C@@H](C(=O)O)N)OCCCCCO,Components-smiles-stereo-oe.smi,N[C@@H](Cc1ccc(OCCCCCO)cc1)C(=O)O,resolved
1QP,CCOC(=O)c1cnn2c1cccc2,Components-smiles-stereo-oe.smi,CCOC(=O)c1cnn2ccccc12,resolved
1RE,CC(C)CCOc1cc(ccc1C#N)Nc2nc(nc(n2)OCCN3CCOCC3)OC,Components-smiles-stereo-oe.smi,COc1nc(Nc2ccc(C#N)c(OCCC(C)C)c2)nc(OCCN2CCOCC2)n1,resolved
1RP,C1=C(N=C(C(=O)N1[C@H]2[C@@H]([C@@H]([C@H](O2)COP(=O)(O)O)O)O)C(=O)N)F,Components-smiles-stereo-oe.smi,NC(=O)c1nc(F)cn([C@@H]2O[C@H](COP(=O)(O)O)[C@@H](O)[C@H]2O)c1=O,resolved
1RY,C1[C@H](O[C@H](S1)COP(=O)(O)OP(=O)(O)OP(=O)(O)O)N2C=C(C(=NC2=O)N)F,Components-smiles-stereo-oe.smi,Nc1nc(=O)n([C@@H]2CS[C@H](COP(=O)(O)OP(=O)(O)OP(=O)(O)O)O2)cc1F,resolved
1RZ,C1[C@H](O[C@H](S1)COP(=O)(O)OP(=O)(O)OP(=O)(O)O)N2C=CC(=NC2=O)N,Components-smiles-stereo-oe.smi,Nc1ccn([C@@H]2CS[C@H](COP(=O)(O)OP(=O)(O)OP(=O)(O)O)O2)c(=O)n1,resolved
1S0,C1[C@H]([C@@H](O[C@@H]1N2C=CC(=NC2=O)N)COP(=O)(O)OP(=O)(O)OP(=O)(O)O)O,Components-smiles-stereo-oe.smi,Nc1ccn([C@@H]2C[C@@H](O)[C@H](COP(=O)(O)OP(=O)(O)OP(=O)(O)O)O2)c(=O)n1,resolved
1SQ,c1ccc2c(c1)ccnc2N,Components-smiles-stereo-oe.smi,Nc1nccc2ccccc12,resolved
1TD,c1ccc2c(c1)/C(=C\c3cccc(c3)C(=O)O)/C(=O)N2,Components-smiles-stereo-oe.smi,O=C1Nc2ccccc2/C1=C\c1cccc(C(=O)O)c1,resolved
1UN,Cc1c(cccc1O)C(=O)N[C@@H](CSc2ccccc2)[C@@H](C[N@@]3C[C@H]4CCCC[C@H]4C[C@H]3C(=O)NC(C)(C)C)O,Components-smiles-stereo-oe.smi,Cc1c(O)cccc1C(=O)N[C@@H](CSc1ccccc1)[C@H](O)CN1C[C@H]2CCCC[C@H]2C[C@H]1C(=O)NC(C)(C)C,resolved
1YQ,c1cc(cc(c1)Oc2ccc(cc2OCCN3C=CC(=O)NC3=O)Cl)/C=C/C#N,Components-smiles-stereo-oe.smi,N#C/C=C/c1cccc(Oc2ccc(Cl)cc2OCCn2ccc(=O)[nH]c2=O)c1,resolved
1YR,c1cc(c(cc1Cl)OCCN2C=CC(=O)NC2=O)Oc3cc(cc(c3)Br)/C=C/C#N,Components-smiles-stereo-oe.smi,N#C/C=C/c1cc(Br)cc(Oc2ccc(Cl)cc2OCCn2ccc(=O)[nH]c2=O)c1,resolved
1ZK,CC[C@H](C)[C@@H](C(=O)NCc1ccccn1)NC(=O)[C@H](C(C)C)[C@H]([C@@H]([C@H](CC2CCCCC2)NC(=O)[C@H](Cc3c[nH]c[nH+]3)NC(=O)COc4cccc5c4cccc5)O)O,Components-smiles-stereo-oe.smi,CC[C@H](C)[C@H](NC(=O)[C@H](C(C)C)[C@@H](O)[C@H](O)[C@H](CC1CCCCC1)NC(=O)[C@H](Cc1c[nH]c[nH+]1)NC(=O)COc1cccc2ccccc12)C(=O)NCc1ccccn1,resolved
216,C=CCN1[C@@H]([C@@H]([C@H]([C@H](N(C1=O)CC=C)Cc2ccccc2)O)O)Cc3ccccc3,Components-smiles-stereo-oe.smi,C=CCN1C(=O)N(CC=C)[C@H](Cc2ccccc2)[C@H](O)[C@@H](O)[C@H]1Cc1ccccc1,resolved
23K,CC(C)[C@H]1Cc2cc(ccc2S(=O)(=O)N(C1)C[C@H]([C@H](Cc3ccccc3)NC(=O)NC(C)(C)C)O)F,Components-smiles-stereo-oe.smi,CC(C)[C@H]1Cc2cc(F)ccc2S(=O)(=O)N(C[C@@H](O)[C@H](Cc2ccccc2)NC(=O)NC(C)(C)C)C1,resolved
23L,CC(C)[C@H]1Cc2cc(ccc2S(=O)(=O)N(C1)C[C@H]([C@H](Cc3ccccc3)NC(=O)O[C@H]4CCOC4)O)F,Components-smiles-stereo-oe.smi,CC(C)[C@H]1Cc2cc(F)ccc2S(=O)(=O)N(C[C@@H](O)[C@H](Cc2ccccc2)NC(=O)O[C@H]2CCOC2)C1,resolved
23X,CC[C@H](C)C[N@@](C[C@H]([C@H](Cc1ccccc1)NC(=O)[C@H]([C@@H](C)CC)NC(=O)C)O)S(=O)(=O)c2ccc3c(c2)scn3,Components-smiles-stereo-oe.smi,CC[C@H](C)CN(C[C@@H](O)[C@H](Cc1ccccc1)NC(=O)[C@@H](NC(C)=O)[C@@H](C)CC)S(=O)(=O)c1ccc2ncsc2c1,resolved
27B,c1ccc2c(c1)ccc(c2Br)C(=O)O,Components-smiles-stereo-oe.smi,O=C(O)c1ccc2ccccc2c1Br,resolved
29N,CCC(=O)N1CN(CN(C1)C(=O)CC)C(=O)CC,Components-smiles-stereo-oe.smi,CCC(=O)N1CN(C(=O)CC)CN(C(=O)CC)C1,resolved
29T,c1ccc(c(c1)OCCN2C=CC(=O)NC2=O)Oc3cccn4c3cc(c4)C#N,Components-smiles-stereo-oe.smi,N#Cc1cc2c(Oc3ccccc3OCCn3ccc(=O)[nH]c3=O)cccn2c1,resolved
2AH,CC(C)(C)[C@@H](C(=O)N[N@](Cc1ccc(cc1)c2ccccn2)C[C@@](Cc3ccccc3)(C(=O)N[C@H]4c5ccccc5C[C@H]4O)O)NC(=O)OC,Components-smiles-stereo-oe.smi,COC(=O)N[C@H](C(=O)NN(Cc1ccc(-c2ccccn2)cc1)C[C@@](O)(Cc1ccccc1)C(=O)N[C@H]1c2ccccc2C[C@H]1O)C(C)(C)C,resolved
2AK,Cc1cc2c(c(c1)Br)NC(=O)C2=O,Components-smiles-stereo-oe.smi,Cc1cc(Br)c2c(c1)C(=O)C(=O)N2,resolved
2AQ,c1ccc2c(c1)ccc(n2)N,Components-smiles-stereo-oe.smi,Nc1ccc2ccccc2n1,resolved
2CL,c1cc(c(c(c1)Cl)CC(=O)O)Cl,Components-smiles-stereo-oe.smi,O=C(O)Cc1c(Cl)cccc1Cl,resolved
2D0,c1cc2c(c(c1)Cl)nc(s2)N,Components-smiles-stereo-oe.smi,Nc1nc2c(Cl)cccc2s1,resolved
2DO,CCCC[C@@H](C(O)O)N,Components-smiles-stereo-oe.smi,CCCC[C@H](N)C(O)O,resolved
2I4,CC(=C)[C@@H]1CC[C@]2([C@H]1[C@H]3CC[C@@H]4[C@]5(CC[C@@H](C([C@@H]5CC[C@]4([C@@]3(CC2)C)C)(C)C)OC(=O)CC(C)(C)C(=O)O)C)C(=O)O,Components-smiles-stereo-oe.smi,C=C(C)[C@@H]1CC[C@]2(C(=O)O)CC[C@]3(C)[C@H](CC[C@@H]4[C@@]5(C)CC[C@H](OC(=O)CC(C)(C)C(=O)O)C(C)(C)[C@@H]5CC[C@]43C)[C@@H]12,resolved
2JH,C1CC(C1)C[C@@H](C(=O)O)N,Components-smiles-stereo-oe.smi,N[C@@H](CC1CCC1)C(=O)O,resolved
2KW,CN1C(=NNC1=O)CN2C=CC(=C(C2=O)Oc3cc(cc(c3)Cl)C#N)C(F)(F)F,Components-smiles-stereo-oe.smi,Cn1c(Cn2ccc(C(F)(F)F)c(Oc3cc(Cl)cc(C#N)c3)c2=O)n[nH]c1=O,resolved
2MG,CNC1=Nc2c(ncn2[C@H]3[C@@H]([C@@H]([C@H](O3)COP(=O)(O)O)O)O)C(=O)N1,Components-smiles-stereo-oe.smi,CNc1nc2c(ncn2[C@@H]2O[C@H](COP(=O)(O)O)[C@@H](O)[C@H]2O)c(=O)[nH]1,resolved
2NC,CCCC[C@@H](CN[C@@H](CCCC)C(=O)N[C@@H](CCC(=O)N)C(=O)N[C@@H](CCCNC(=[NH2+])N)C(=O)N)NC(=O)[C@H]([C@@H](C)CC)NC(=O)[C@H]([C@@H](C)O)NC(=O)C,Components-smiles-stereo-oe.smi,CCCC[C@@H](CN[C@@H](CCCC)C(=O)N[C@@H](CCC(N)=O)C(=O)N[C@@H](CCCNC(N)=[NH2+])C(N)=O)NC(=O)[C@@H](NC(=O)[C@@H](NC(C)=O)[C@@H](C)O)[C@@H](C)CC,resolved
2NU,CN(C1CC1)C(=O)Cn2cc(cn2)Br,Components-smiles-stereo-oe.smi,CN(C(=O)Cn1cc(Br)cn1)C1CC1,resolved
2OP,C[C@@H](C(=O)O)O,Components-smiles-stereo-oe.smi,C[C@H](O)C(=O)O,resolved
2RI,C[C@@H](c1ccc(cc1)F)NC(=O)[C@@H](c2cccnc2)N(c3ccc4c5ccccc5oc4c3)C(=O)[C@@H](C)O,Components-smiles-stereo-oe.smi,C[C@H](NC(=O)[C@@H](c1cccnc1)N(C(=O)[C@@H](C)O)c1ccc2c(c1)oc1ccccc12)c1ccc(F)cc1,resolved
2RS,Cc1cc(c(c(c1)C)Nc2nc(nc(n2)OCCCN3CCOCC3)Nc4ccc(cc4)C#N)C,Components-smiles-stereo-oe.smi,Cc1cc(C)c(Nc2nc(Nc3ccc(C#N)cc3)nc(OCCCN3CCOCC3)n2)c(C)c1,resolved
2RT,Cc1cc(c(c(c1)C)Nc2ncnc(n2)Nc3ccc(cc3)C#N)C,Components-smiles-stereo-oe.smi,Cc1cc(C)c(Nc2ncnc(Nc3ccc(C#N)cc3)n2)c(C)c1,resolved
2SQ,Cc1c(cc(c2c1CCCO2)F)C3=C(N(C(=O)c4c3cccc4)C)[C@@H](C(=O)O)OC(C)(C)C,Components-smiles-stereo-oe.smi,Cc1c(-c2c([C@H](OC(C)(C)C)C(=O)O)n(C)c(=O)c3ccccc23)cc(F)c2c1CCCO2,resolved
2SS,C=CCN(Cc1ccccc1C(=O)NCC2CCC2)Cc3ccc4c(c3C(=O)O)OC[C@@H](O4)CCC(=O)O,Components-smiles-stereo-oe.smi,C=CCN(Cc1ccccc1C(=O)NCC1CCC1)Cc1ccc2c(c1C(=O)O)OC[C@H](CCC(=O)O)O2,resolved
2SX,c1cc2c(cc1Br)c(c[nH]2)CC(=O)O,Components-smiles-stereo-oe.smi,O=C(O)Cc1c[nH]c2ccc(Br)cc12,resolved
2UP,[H]/N=C(\c1ccc2ccccc2c1)/N,Components-smiles-stereo-oe.smi,[H]/N=C(/N)c1ccc2ccccc2c1,resolved
2XI,C[C@H](C(=O)N(c1ccc(cc1)C(C)(C)C)[C@H](c2cccnc2)C(=O)NC(C)(C)C)O,Components-smiles-stereo-oe.smi,C[C@@H](O)C(=O)N(c1ccc(C(C)(C)C)cc1)[C@@H](C(=O)NC(C)(C)C)c1cccnc1,resolved
2Z4,CC(C)[C@@H](C(=O)NCc1ccc(cc1O)OC)NC(=O)[C@@H]([C@@H]([C@H](Cc2ccccc2)NC(=O)[C@H](C(C)(C)C)NC(=O)OCc3ccccc3)O)NCc4ccc(cc4)OC,Components-smiles-stereo-oe.smi,COc1ccc(CN[C@@H](C(=O)N[C@H](C(=O)NCc2ccc(OC)cc2O)C(C)C)[C@H](O)[C@H](Cc2ccccc2)NC(=O)[C@@H](NC(=O)OCc2ccccc2)C(C)(C)C)cc1,resolved
357,CCC1=C(NC(=O)C(=C1Cc2cccc(c2)C)[N@@](C)CCOC)C,Components-smiles-stereo-oe.smi,CCc1c(C)[nH]c(=O)c(N(C)CCOC)c1Cc1cccc(C)c1,resolved
35J,c1cc(cnc1)CNC=S,Components-smiles-stereo-oe.smi,S=CNCc1cccnc1,resolved
385,Cc1nc(cs1)COc2ccc(cc2)C[C@@H]([C@@H](C[N@](CC(C)C)S(=O)(=O)c3ccc4c(c3)OCO4)O)NC(=O)O[C@H]5CO[C@@H]6[C@H]5CCO6,Components-smiles-stereo-oe.smi,Cc1nc(COc2ccc(C[C@H](NC(=O)O[C@H]3CO[C@H]4OCC[C@H]43)[C@H](O)CN(CC(C)C)S(=O)(=O)c3ccc4c(c3)OCO4)cc2)cs1,resolved
3A8,c1ccc(cc1)c2c3c([nH]n2)C(=O)N[C@H]3c4ccc(cc4)O,Components-smiles-stereo-oe.smi,O=C1N[C@@H](c2ccc(O)cc2)c2c(-c3ccccc3)n[nH]c21,resolved
3A9,c1cc2c(cc1C(=O)O)CCO2,Components-smiles-stereo-oe.smi,O=C(O)c1ccc2c(c1)CCO2,resolved
3AC,CCC1=C(NC(=O)C(=C1Oc2cccc(c2)C=CC#N)I)C,Components-smiles-stereo-oe.smi,CCc1c(C)[nH]c(=O)c(I)c1Oc1cccc(C=CC#N)c1,resolved
3BZ,c1cc(cc(c1)Cl)C(=O)O,Components-smiles-stereo-oe.smi,O=C(O)c1cccc(Cl)c1,resolved
3DA,c1nc(c2c(n1)n(cn2)[C@H]3[C@@H](C[C@H](O3)COP(=O)(O)O)O)N,Components-smiles-stereo-oe.smi,Nc1ncnc2c1ncn2[C@@H]1O[C@H](COP(=O)(O)O)C[C@H]1O,resolved
3EM,CCN(CC)c1ccc2c(c1)OC(=O)C=C2COC(=O)N[C@@H](C(C)C)C(=O)N[C@@H](Cc3ccccc3)C[C@@H]([C@H](Cc4ccccc4)NC(=O)OCc5cncs5)O,Components-smiles-stereo-oe.smi,CCN(CC)c1ccc2c(COC(=O)N[C@H](C(=O)N[C@@H](Cc3ccccc3)C[C@H](O)[C@H](Cc3ccccc3)NC(=O)OCc3cncs3)C(C)C)cc(=O)oc2c1,resolved
3EN,CC(C)[C@@H](C(=O)N[C@@H](Cc1ccccc1)C[C@@H]([C@H](Cc2ccccc2)NC(=O)OCc3cncs3)O)N,Components-smiles-stereo-oe.smi,CC(C)[C@H](N)C(=O)N[C@@H](Cc1ccccc1)C[C@H](O)[C@H](Cc1ccccc1)NC(=O)OCc1cncs1,resolved
3EU,c1c(cc(cc1Cl)Cl)CC(=O)O,Components-smiles-stereo-oe.smi,O=C(O)Cc1cc(Cl)cc(Cl)c1,resolved
3GM,c1ccc2c(c1)C[C@@H]([C@@H]2Cc3ccc4c(c3C(=O)O)OC[C@@H](O4)CCC(=O)O)NC(=O)CCCN,Components-smiles-stereo-oe.smi,NCCCC(=O)N[C@H]1Cc2ccccc2[C@H]1Cc1ccc2c(c1C(=O)O)OC[C@H](CCC(=O)O)O2,resolved
3HP,c1cc(cc(c1)O)CC(=O)O,Components-smiles-stereo-oe.smi,O=C(O)Cc1cccc(O)c1,resolved
3IN,C[C@H]1CC[C@H]([C@H]1NC(=O)[C@H](Cc2ccccc2)C[C@@H](C[N@@]3CCN(C[C@H]3C(=O)NC(C)(C)C)C(=O)c4cnc(c(n4)Cl)N5CCN(CC5)C)O)O,Components-smiles-stereo-oe.smi,C[C@H]1CC[C@@H](O)[C@H]1NC(=O)[C@H](Cc1ccccc1)C[C@H](O)CN1CCN(C(=O)c2cnc(N3CCN(C)CC3)c(Cl)n2)C[C@H]1C(=O)NC(C)(C)C,resolved
3IP,c1ccc(cc1)COc2cccnc2N,Components-smiles-stereo-oe.smi,Nc1ncccc1OCc1ccccc1,resolved
3IR,c1ccc(cc1)[C@@H]2C[C@H]2C(=O)Nc3nccs3,Components-smiles-stereo-oe.smi,O=C(Nc1nccs1)[C@@H]1C[C@H]1c1ccccc1,resolved
3JY,CC1=CN(C(=O)NC1=O)[C@@H]2CC[C@@H](C2)O[C@@H](C(=O)OC)P(=O)(O)O,Components-smiles-stereo-oe.smi,COC(=O)[C@H](O[C@H]1CC[C@@H](n2cc(C)c(=O)[nH]c2=O)C1)P(=O)(O)O,resolved
3LQ,c1ccc(c(c1)OCCN2C=CC(=O)NC2=O)Oc3cccc4c3ccc(c4)C#N,Components-smiles-stereo-oe.smi,N#Cc1ccc2c(Oc3ccccc3OCCn3ccc(=O)[nH]c3=O)cccc2c1,resolved
3NH,c1ccc(cc1)C[C@@H]([C@H](C[C@]2(C(=O)C(CN2)[C@H]3c4ccccc4C[C@H]3OC(N)O)Cc5ccccc5)O)NC(=O)OC6CCOC6,Components-smiles-stereo-oe.smi,NC(O)O[C@@H]1Cc2ccccc2[C@@H]1C1CN[C@@](Cc2ccccc2)(C[C@H](O)[C@H](Cc2ccccc2)NC(=O)OC2CCOC2)C1=O,resolved
3NI,[Ni+3],Components-smiles-stereo-oe.smi,[Ni+3],resolved
3OB,CN(C)C1=C(C=C(NC1=O)CC(=O)N2CCc3ccccc3C2)Oc4cc(cc(c4)Cl)C#N,Components-smiles-stereo-oe.smi,CN(C)c1c(Oc2cc(Cl)cc(C#N)c2)cc(CC(=O)N2CCc3ccccc3C2)[nH]c1=O,resolved
3PH,CCCCCCCCCCCCCCCCCC(=O)OC[C@H](COP(=O)(O)O)OC(=O)CCCCCCCCCCCCCCCCC,Components-smiles-stereo-oe.smi,CCCCCCCCCCCCCCCCCC(=O)OC[C@H](COP(=O)(O)O)OC(=O)CCCCCCCCCCCCCCCCC,resolved
3Q9,CCC1=C(C(=NC1=O)Cc2c(c(c([nH]2)Cc3c(c(c([nH]3)CC4=NC(=O)C(=C4CC)C)C)CCC(=O)O)CCC(=O)O)C)C,Components-smiles-stereo-oe.smi,CCC1=C(C)C(Cc2[nH]c(Cc3[nH]c(CC4=NC(=O)C(C)=C4CC)c(C)c3CCC(=O)O)c(CCC(=O)O)c2C)=NC1=O,resolved
3R6,CSc1ccc(c(c1)C(=O)O)O,Components-smiles-stereo-oe.smi,CSc1ccc(O)c(C(=O)O)c1,resolved
3T1,COc1cc(cc(c1O)Cl)C2C3=C(CC(CC3=O)c4ccccc4)Nc5ccccc5N2,Components-smiles-stereo-oe.smi,COc1cc(C2Nc3ccccc3NC3=C2C(=O)CC(c2ccccc2)C3)cc(Cl)c1O,resolved
3TL,C[C@@H](C(=O)N[C@@H](C(C)C)C(=O)N[C@@H](Cc1ccccc1)[C@H]([C@@H]([C@H](Cc2ccccc2)NC(=O)[C@H](C(C)C)NC(=O)[C@H](C)NC(=O)OCc3ccccc3)O)O)NC(=O)OCc4ccccc4,Components-smiles-stereo-oe.smi,CC(C)[C@H](NC(=O)[C@H](C)NC(=O)OCc1ccccc1)C(=O)N[C@@H](Cc1ccccc1)[C@@H](O)[C@H](O)[C@H](Cc1ccccc1)NC(=O)[C@@H](NC(=O)[C@H](C)NC(=O)OCc1ccccc1)C(C)C,resolved
3TR,c1[nH]nc(n1)N,Components-smiles-stereo-oe.smi,Nc1nc[nH]n1,resolved
3WL,c1ccc(cc1)C2=CC(=O)c3c(cc(c(c3O)O)O)O2,Components-smiles-stereo-oe.smi,O=c1cc(-c2ccccc2)oc2cc(O)c(O)c(O)c12,resolved
3X6,c1ccc(c(c1)OCCN2C=CC(=O)NC2=O)Oc3cc(cc(c3)Cl)/C=C/C#N,Components-smiles-stereo-oe.smi,N#C/C=C/c1cc(Cl)cc(Oc2ccccc2OCCn2ccc(=O)[nH]c2=O)c1,resolved
3XH,c1cc(cc(c1)O)C(=O)NCC(=O)O,Components-smiles-stereo-oe.smi,O=C(O)CNC(=O)c1cccc(O)c1,resolved
3XI,CC(C)C[C@@H](C(=O)N[C@@H](C[C@@H]1CCCNC1=O)C=O)NC(=O)[C@H](C(C)C)NC(=O)C2CCCCC2,Components-smiles-stereo-oe.smi,CC(C)C[C@H](NC(=O)[C@@H](NC(=O)C1CCCCC1)C(C)C)C(=O)N[C@H](C=O)C[C@@H]1CCCNC1=O,resolved
3ZM,Cc1c(sc(n1)[C@H]([C@H]2CCCCN2)NC(=O)c3ccc([nH]3)c4ccc(cc4)Cl)CO,Components-smiles-stereo-oe.smi,Cc1nc([C@@H](NC(=O)c2ccc(-c3ccc(Cl)cc3)[nH]2)[C@H]2CCCCN2)sc1CO,resolved
40I,CC(C)C[C@@H](C(=O)N[C@@H](C[C@@H]1CCCNC1=O)C=O)NC(=O)[C@H](C(C)C)NC(=O)c2ccco2,Components-smiles-stereo-oe.smi,CC(C)C[C@H](NC(=O)[C@@H](NC(=O)c1ccco1)C(C)C)C(=O)N[C@H](C=O)C[C@@H]1CCCNC1=O,resolved
434,Cc1ccc2c(c1)C(=O)[C@]3(C2=O)[C@@H]([C@@H]([C@@H](O3)c4ccc(c(c4)Cl)Cl)C(=O)Nc5ccc(cc5)c6csnn6)C(=O)O,Components-smiles-stereo-oe.smi,Cc1ccc2c(c1)C(=O)[C@]1(O[C@@H](c3ccc(Cl)c(Cl)c3)[C@@H](C(=O)Nc3ccc(-c4csnn4)cc3)[C@H]1C(=O)O)C2=O,resolved
43Y,CCC(=O)OC[C@H](COP(=O)(O)OCC[N+](C)(C)C)OC(=O)CC,Components-smiles-stereo-oe.smi,CCC(=O)OC[C@H](COP(=O)(O)OCC[N+](C)(C)C)OC(=O)CC,resolved
44E,CCCCCC(=O)OC[C@H](COP(=O)(O)O)OC(=O)CCCCC,Components-smiles-stereo-oe.smi,CCCCCC(=O)OC[C@H](COP(=O)(O)O)OC(=O)CCCCC,resolved
45F,C#CCO[C@H]1C[C@H](NC1)C(=O)O,Components-smiles-stereo-oe.smi,C#CCO[C@@H]1CN[C@H](C(=O)O)C1,resolved
45W,C#CO[C@H]1C[C@@H](NC1)C(=O)O,Components-smiles-stereo-oe.smi,C#CO[C@@H]1CN[C@@H](C(=O)O)C1,resolved
478,CC(C)C[N@](C[C@H]([C@H](Cc1ccccc1)NC(=O)O[C@H]2CCOC2)O)S(=O)(=O)c3ccc(cc3)N,Components-smiles-stereo-oe.smi,CC(C)CN(C[C@@H](O)[C@H](Cc1ccccc1)NC(=O)O[C@H]1CCOC1)S(=O)(=O)c1ccc(N)cc1,resolved
494,c1cc(c(cc1Cl)OCCN2C=CC(=O)NC2=O)Oc3cc(cc(c3)Cl)/C=C/C#N,Components-smiles-stereo-oe.smi,N#C/C=C/c1cc(Cl)cc(Oc2ccc(Cl)cc2OCCn2ccc(=O)[nH]c2=O)c1,resolved
4AC,CC(=O)NC1=NC(=O)N(C=C1)[C@H]2[C@@H]([C@@H]([C@H](O2)COP(=O)(O)O)O)O,Components-smiles-stereo-oe.smi,CC(=O)Nc1ccn([C@@H]2O[C@H](COP(=O)(O)O)[C@@H](O)[C@H]2O)c(=O)n1,resolved
4AH,CC(C)(C)[C@@H](C(=O)N[N@](Cc1ccc(cc1)c2cccnc2)C[C@@](Cc3ccccc3)(C(=O)N[C@H]4c5ccccc5C[C@H]4O)O)NC(=O)OC,Components-smiles-stereo-oe.smi,COC(=O)N[C@H](C(=O)NN(Cc1ccc(-c2cccnc2)cc1)C[C@@](O)(Cc1ccccc1)C(=O)N[C@H]1c2ccccc2C[C@H]1O)C(C)(C)C,resolved
4AP,c1c[nH+]ccc1N,Components-smiles-stereo-oe.smi,Nc1cc[nH+]cc1,resolved
4BI,Cc1c(c(c2ccccc2n1)c3ccc(cc3)Cl)[C@@H](C(=O)O)OC(C)(C)C,Components-smiles-stereo-oe.smi,Cc1nc2ccccc2c(-c2ccc(Cl)cc2)c1[C@H](OC(C)(C)C)C(=O)O,resolved
4BL,Cc1ccc2cc([nH]c2c1)C(=O)O,Components-smiles-stereo-oe.smi,Cc1ccc2cc(C(=O)O)[nH]c2c1,resolved
4BX,c1ccc2c(c1)[nH]c(n2)CCC(=O)O,Components-smiles-stereo-oe.smi,O=C(O)CCc1nc2ccccc2[nH]1,resolved
4BY,Cc1ccc2c(c1)cc([nH]2)C(=O)O,Components-smiles-stereo-oe.smi,Cc1ccc2[nH]c(C(=O)O)cc2c1,resolved
4D2,CC(C)C[C@@H](Cc1ccc2c(c1C(=O)O)OCO2)CNC(=O)c3cccnc3,Components-smiles-stereo-oe.smi,CC(C)C[C@H](CNC(=O)c1cccnc1)Cc1ccc2c(c1C(=O)O)OCO2,resolved
4FL,c1cnccc1c2[nH]ccn2,Components-smiles-stereo-oe.smi,c1cc(-c2ncc[nH]2)ccn1,resolved
4FS,c1ccc2c(c1)cc(cn2)N,Components-smiles-stereo-oe.smi,Nc1cnc2ccccc2c1,resolved
4I9,Cc1c(cncc1Cl)OC(=O)c2cccc3c2cc[nH]3,Components-smiles-stereo-oe.smi,Cc1c(Cl)cncc1OC(=O)c1cccc2[nH]ccc12,resolved
4IJ,c1cc(c2c(c1)NCC2)C(=O)Oc3cc(cnc3)Cl,Components-smiles-stereo-oe.smi,O=C(Oc1cncc(Cl)c1)c1cccc2c1CCN2,resolved
4IK,c1nc(c2c(n1)n(cn2)[C@H]3[C@@H]([C@@H]([C@H](O3)C[C@H](CC[C@@H](C(=O)O)N)CN)O)O)N,Components-smiles-stereo-oe.smi,NC[C@@H](CC[C@H](N)C(=O)O)C[C@H]1O[C@@H](n2cnc3c(N)ncnc32)[C@H](O)[C@@H]1O,resolved
4IT,[H]/N=C/[C@H](CC1CCNC1=O)NC(=O)[C@H](CC(C)C)NC(=O)c2cc3c([nH]2)cccc3OC,Components-smiles-stereo-oe.smi,[H]/N=C/[C@H](CC1CCNC1=O)NC(=O)[C@H](CC(C)C)NC(=O)c1cc2c(OC)cccc2[nH]1,resolved
4J5,C(CNC(=[NH2+])N)[C@@H](C(=O)O)N,Components-smiles-stereo-oe.smi,NC(=[NH2+])NCC[C@H](N)C(=O)O,resolved
4J8,Cc1ccc(cc1)S(=O)(=O)N,Components-smiles-stereo-oe.smi,Cc1ccc(S(N)(=O)=O)cc1,resolved
4JH,c1cc(cc(c1)Br)CN,Components-smiles-stereo-oe.smi,NCc1cccc(Br)c1,resolved
4JO,Cc1c(ccc(n1)N)Br,Components-smiles-stereo-oe.smi,Cc1nc(N)ccc1Br,resolved
4JQ,c1cc2c(cc1N)C=CC(=O)O2,Components-smiles-stereo-oe.smi,Nc1ccc2oc(=O)ccc2c1,resolved
4MB,CS(=O)(=O)Nc1ccc(cc1)C(=O)O,Components-smiles-stereo-oe.smi,CS(=O)(=O)Nc1ccc(C(=O)O)cc1,resolved
4N0,c1ccc2c(c1)[C@@H](CC(=O)N2)C(=O)Nc3ccc(cc3)I,Components-smiles-stereo-oe.smi,O=C1C[C@@H](C(=O)Nc2ccc(I)cc2)c2ccccc2N1,resolved
4OI,c1cc(cnc1)[C@@H]2C[C@H]2C(=O)Nc3c[nH]nc3,Components-smiles-stereo-oe.smi,O=C(Nc1cn[nH]c1)[C@@H]1C[C@H]1c1cccnc1,resolved
4PN,C1CCN(CC1)C2CCNCC2,Components-smiles-stereo-oe.smi,C1CCN(C2CCNCC2)CC1,resolved
4SO,c1cc(ccc1C(=O)O)S(=O)(=O)N,Components-smiles-stereo-oe.smi,NS(=O)(=O)c1ccc(C(=O)O)cc1,resolved
4SV,c1cncc(c1C(=O)O)N,Components-smiles-stereo-oe.smi,Nc1cnccc1C(=O)O,resolved
4UX,CC(C)CN(C[C@H]([C@H](Cc1ccccc1)NC(=O)O[C@H]2CO[C@@H]3[C@H]2[C@H](CO3)NC)O)S(=O)(=O)c4ccc(cc4)N,Components-smiles-stereo-oe.smi,CN[C@H]1CO[C@@H]2OC[C@H](OC(=O)N[C@@H](Cc3ccccc3)[C@H](O)CN(CC(C)C)S(=O)(=O)c3ccc(N)cc3)[C@@H]21,resolved
4UY,CC(C)CN(C[C@H]([C@H](Cc1ccccc1)NC(=O)O[C@H]2CO[C@@H]3[C@H]2[C@H](CO3)NC)O)S(=O)(=O)c4ccc(cc4)OC,Components-smiles-stereo-oe.smi,CN[C@H]1CO[C@@H]2OC[C@H](OC(=O)N[C@@H](Cc3ccccc3)[C@H](O)CN(CC(C)C)S(=O)(=O)c3ccc(OC)cc3)[C@@H]21,resolved
4VW,CC(C)C[C@@H](Cc1ccc2c(c1C(=O)O)OCO2)CNC(=O)c3ccc(cc3)N,Components-smiles-stereo-oe.smi,CC(C)C[C@H](CNC(=O)c1ccc(N)cc1)Cc1ccc2c(c1C(=O)O)OCO2,resolved
4W8,CC1([C@@H]2[C@H]1[C@H](N(C2)C(=O)c3cc4c([nH]3)cccc4OC)C(=O)N[C@@H](C[C@@H]5CCNC5=O)[C@@H](c6nc7ccccc7s6)O)C,Components-smiles-stereo-oe.smi,COc1cccc2[nH]c(C(=O)N3C[C@H]4[C@@H]([C@H]3C(=O)N[C@@H](C[C@@H]3CCNC3=O)[C@H](O)c3nc5ccccc5s3)C4(C)C)cc12,resolved
4WI,[H]/N=C/[C@H](C[C@@H]1CCNC1=O)NC(=O)[C@@H]2[C@@H]3[C@@H](C3(C)C)CN2C(=O)[C@H](C(C)(C)C)NC(=O)C(F)(F)F,Components-smiles-stereo-oe.smi,[H]/N=C/[C@H](C[C@@H]1CCNC1=O)NC(=O)[C@@H]1[C@@H]2[C@H](CN1C(=O)[C@@H](NC(=O)C(F)(F)F)C(C)(C)C)C2(C)C,resolved
4XO,Cc1cc2cc(cn2c(c1Nc3ncnc(n3)Nc4ccc(cc4)C#N)C)C#N,Components-smiles-stereo-oe.smi,Cc1cc2cc(C#N)cn2c(C)c1Nc1ncnc(Nc2ccc(C#N)cc2)n1,resolved
4YG,CC(C)[C@@H](C(=O)N1C[C@H]2[C@@H]([C@H]1C(=O)N[C@@H](C[C@@H]3CCNC3=O)[C@@H](c4nc5ccccc5s4)O)C2(C)C)NS(=O)(=O)C,Components-smiles-stereo-oe.smi,CC(C)[C@H](NS(C)(=O)=O)C(=O)N1C[C@H]2[C@@H]([C@H]1C(=O)N[C@@H](C[C@@H]1CCNC1=O)[C@H](O)c1nc3ccccc3s1)C2(C)C,resolved
4YS,c1ccc2c(c1)C=CNC2=O,Components-smiles-stereo-oe.smi,O=c1[nH]ccc2ccccc12,resolved
506,c1cc(c(cc1F)OCCN2C=CC(=O)NC2=O)Oc3cc(cc(c3)F)/C=C/C#N,Components-smiles-stereo-oe.smi,N#C/C=C/c1cc(F)cc(Oc2ccc(F)cc2OCCn2ccc(=O)[nH]c2=O)c1,resolved
51X,c1ccc2c(c1)C(=O)N(C2=O)CC(=O)O,Components-smiles-stereo-oe.smi,O=C(O)CN1C(=O)c2ccccc2C1=O,resolved
525,CC(C)(C)[C@H]1Cc2cc(ccc2S(=O)(=O)N(C1)C[C@H]([C@H](Cc3ccccc3)NC(=O)O[C@H]4CCOC4)O)F,Components-smiles-stereo-oe.smi,CC(C)(C)[C@H]1Cc2cc(F)ccc2S(=O)(=O)N(C[C@@H](O)[C@H](Cc2ccccc2)NC(=O)O[C@H]2CCOC2)C1,resolved
526,CC(C)(C)[C@@H]1Cc2cc(ccc2S(=O)(=O)N(C1)C[C@H]([C@H](Cc3ccccc3)NC(=O)O[C@H]4CCOC4)O)F,Components-smiles-stereo-oe.smi,CC(C)(C)[C@@H]1Cc2cc(F)ccc2S(=O)(=O)N(C[C@@H](O)[C@H](Cc2ccccc2)NC(=O)O[C@H]2CCOC2)C1,resolved
52F,c1ccc2c(c1)NC(=O)C(=N2)CCC(=O)O,Components-smiles-stereo-oe.smi,O=C(O)CCc1nc2ccccc2[nH]c1=O,resolved
52U,CC(C)CN(C[C@H]([C@H](Cc1ccccc1)NC(=O)O[C@H]2CCO[C@@H]3[C@H]2CCO3)O)S(=O)(=O)c4ccc(cc4)OC,Components-smiles-stereo-oe.smi,COc1ccc(S(=O)(=O)N(CC(C)C)C[C@@H](O)[C@H](Cc2ccccc2)NC(=O)O[C@H]2CCO[C@H]3OCC[C@H]32)cc1,resolved
52W,CC(C)CN(C[C@H]([C@H](Cc1ccccc1)NC(=O)O[C@H]2CCO[C@@H]3[C@H]2[C@H](CO3)O)O)S(=O)(=O)c4ccc(cc4)OC,Components-smiles-stereo-oe.smi,COc1ccc(S(=O)(=O)N(CC(C)C)C[C@@H](O)[C@H](Cc2ccccc2)NC(=O)O[C@H]2CCO[C@H]3OC[C@H](O)[C@H]32)cc1,resolved
52Z,CC(C)CN(C[C@H]([C@H](Cc1ccc(cc1)OC)NC(=O)O[C@H]2CCO[C@@H]3[C@H]2[C@H](CO3)O)O)S(=O)(=O)c4ccc(cc4)OC,Components-smiles-stereo-oe.smi,COc1ccc(C[C@H](NC(=O)O[C@H]2CCO[C@H]3OC[C@H](O)[C@H]32)[C@H](O)CN(CC(C)C)S(=O)(=O)c2ccc(OC)cc2)cc1,resolved
53F,CC(C)CN(C[C@H]([C@H](Cc1ccc(cc1)OC)NC(=O)O[C@H]2CCO[C@@H]3[C@H]2[C@H](CO3)O)O)S(=O)(=O)c4ccc(cc4)N,Components-smiles-stereo-oe.smi,COc1ccc(C[C@H](NC(=O)O[C@H]2CCO[C@H]3OC[C@H](O)[C@H]32)[C@H](O)CN(CC(C)C)S(=O)(=O)c2ccc(N)cc2)cc1,resolved
54G,Cc1ccc(c(c1)C(=O)O)O,Components-smiles-stereo-oe.smi,Cc1ccc(O)c(C(=O)O)c1,resolved
54T,c1cc2c(cc1Cl)sc(n2)N,Components-smiles-stereo-oe.smi,Nc1nc2ccc(Cl)cc2s1,resolved
55A,CC[C@H](C)C[N@@](C[C@H]([C@H](Cc1ccccc1)NC(=O)[C@H](CC(C)C)NC(=O)C)O)S(=O)(=O)c2ccc3c(c2)scn3,Components-smiles-stereo-oe.smi,CC[C@H](C)CN(C[C@@H](O)[C@H](Cc1ccccc1)NC(=O)[C@H](CC(C)C)NC(C)=O)S(=O)(=O)c1ccc2ncsc2c1,resolved
568,c1ccc(cc1)CO[C@H]([C@@H]([C@H]([C@H](C(=O)N[C@H]2c3ccccc3C[C@H]2O)OCc4ccccc4)O)O)C(=O)N[C@H]5C[C@H](OC5)CO,Components-smiles-stereo-oe.smi,O=C(N[C@@H]1CO[C@H](CO)C1)[C@H](OCc1ccccc1)[C@H](O)[C@@H](O)[C@@H](OCc1ccccc1)C(=O)N[C@H]1c2ccccc2C[C@H]1O,resolved
595,C[C@@H](CCC[C@@H](C=O)[N@@](CCC(C)C)S(=O)(=O)c1ccc(cc1)N)NC(=O)[C@H](C(c2ccccc2)c3ccccc3)NC(=O)OC,Components-smiles-stereo-oe.smi,COC(=O)N[C@H](C(=O)N[C@@H](C)CCC[C@@H](C=O)N(CCC(C)C)S(=O)(=O)c1ccc(N)cc1)C(c1ccccc1)c1ccccc1,resolved
59S,CC(C)C[C@@H](C(=O)N[C@@H](C[C@@H]1CCCNC1=O)C=O)NC(=O)[C@H](C(C)C)NC(=O)/C=C/c2ccc(cc2)OC,Components-smiles-stereo-oe.smi,COc1ccc(/C=C/C(=O)N[C@H](C(=O)N[C@@H](CC(C)C)C(=O)N[C@H](C=O)C[C@@H]2CCCNC2=O)C(C)C)cc1,resolved
5AH,CC(C)(C)[C@@H](C(=O)N[N@](CC[C@@](Cc1ccccc1)(C(=O)N[C@H]2c3ccccc3C[C@H]2O)O)Cc4ccc(cc4)c5ccccn5)NC(=O)OC,Components-smiles-stereo-oe.smi,COC(=O)N[C@H](C(=O)NN(CC[C@@](O)(Cc1ccccc1)C(=O)N[C@H]1c2ccccc2C[C@H]1O)Cc1ccc(-c2ccccn2)cc1)C(C)(C)C,resolved
5B5,CCN[C@H]1CO[C@H]2[C@@H]1[C@H](CCO2)OC(=O)N[C@@H](Cc3ccccc3)[C@@H](CN(CC(C)C)S(=O)(=O)c4ccc(cc4)OC)O,Components-smiles-stereo-oe.smi,CCN[C@H]1CO[C@@H]2OCC[C@H](OC(=O)N[C@@H](Cc3ccccc3)[C@H](O)CN(CC(C)C)S(=O)(=O)c3ccc(OC)cc3)[C@@H]21,resolved
5B7,CC(C)CN(C[C@H]([C@H](Cc1ccccc1)NC(=O)O[C@H]2CCO[C@@H]3[C@H]2[C@H](CO3)OC)O)S(=O)(=O)c4ccc(cc4)OC,Components-smiles-stereo-oe.smi,COc1ccc(S(=O)(=O)N(CC(C)C)C[C@@H](O)[C@H](Cc2ccccc2)NC(=O)O[C@H]2CCO[C@H]3OC[C@H](OC)[C@H]32)cc1,resolved
5DV,Cc1cc(cc(c1)[P@](=O)(c2c3cc(ccc3[nH]c2C(=O)N)Cl)OC)CCC#N,Components-smiles-stereo-oe.smi,CO[P@](=O)(c1cc(C)cc(CCC#N)c1)c1c(C(N)=O)[nH]c2ccc(Cl)cc12,resolved
5EY,c1ccc\2c(c1)C[C@H](/C2=C/c3ccc4c(c3C(=O)O)O[C@@H](CO4)CCC(=O)O)O,Components-smiles-stereo-oe.smi,O=C(O)CC[C@@H]1COc2ccc(/C=C3\c4ccccc4C[C@H]3O)c(C(=O)O)c2O1,resolved
5F8,c1cc(cc(c1)C(=O)O)c2cccnc2,Components-smiles-stereo-oe.smi,O=C(O)c1cccc(-c2cccnc2)c1,resolved
5GP,c1nc2c(n1[C@H]3[C@@H]([C@@H]([C@H](O3)COP(=O)(O)O)O)O)N=C(NC2=O)N,Components-smiles-stereo-oe.smi,Nc1nc2c(ncn2[C@@H]2O[C@H](COP(=O)(O)O)[C@@H](O)[C@H]2O)c(=O)[nH]1,resolved
5HN,c1c(cncc1O)C(=O)O,Components-smiles-stereo-oe.smi,O=C(O)c1cncc(O)c1,resolved
5ID,c1c(c2c(ncnc2n1[C@H]3[C@@H]([C@@H]([C@H](O3)CO)O)O)N)I,Components-smiles-stereo-oe.smi,Nc1ncnc2c1c(I)cn2[C@@H]1O[C@H](CO)[C@@H](O)[C@H]1O,resolved
5IL,c1ccc(c(c1)NC2=CC(=O)c3cccc(c3C2=O)S(=O)(=O)N)N4CCNCC4,Components-smiles-stereo-oe.smi,NS(=O)(=O)c1cccc2c1C(=O)C(Nc1ccccc1N1CCNCC1)=CC2=O,resolved
5IW,CC(C)C[C@@H](C(=O)N[C@@H](C[C@@H]1CCCNC1=O)C=O)NC(=O)[C@H](Cc2ccccc2)NC(=O)/C=C/c3ccccc3,Components-smiles-stereo-oe.smi,CC(C)C[C@H](NC(=O)[C@H](Cc1ccccc1)NC(=O)/C=C/c1ccccc1)C(=O)N[C@H](C=O)C[C@@H]1CCCNC1=O,resolved
5IZ,CC[C@H](C)[C@@H](C(=O)N[C@@H](C[C@@H]1CCCNC1=O)C=O)NC(=O)/C=C/c2ccccc2,Components-smiles-stereo-oe.smi,CC[C@H](C)[C@H](NC(=O)/C=C/c1ccccc1)C(=O)N[C@H](C=O)C[C@@H]1CCCNC1=O,resolved
5MA,c1cc2c([nH]nc2nc1)Cn3c4ccc(c(c4nn3)Oc5cc(cc(c5Cl)CN)Cl)Cl,Components-smiles-stereo-oe.smi,NCc1cc(Cl)cc(Oc2c(Cl)ccc3c2nnn3Cc2[nH]nc3ncccc23)c1Cl,resolved
5MC,CC1=CN(C(=O)N=C1N)[C@H]2[C@@H]([C@@H]([C@H](O2)COP(=O)(O)O)O)O,Components-smiles-stereo-oe.smi,Cc1cn([C@@H]2O[C@H](COP(=O)(O)O)[C@@H](O)[C@H]2O)c(=O)nc1N,resolved
5MU,CC1=CN(C(=O)NC1=O)[C@H]2[C@@H]([C@@H]([C@H](O2)COP(=O)(O)O)O)O,Components-smiles-stereo-oe.smi,Cc1cn([C@@H]2O[C@H](COP(=O)(O)O)[C@@H](O)[C@H]2O)c(=O)[nH]c1=O,resolved
5MY,C1([C@H]([C@@H](C([C@@H]([C@H]1OP(=O)(O)O)OP(=O)(O)O)OP(=O)(O)O)OP(=O)(O)O)OP(=O)(O)O)O,Components-smiles-stereo-oe.smi,O=P(O)(O)OC1[C@@H](OP(=O)(O)O)[C@H](OP(=O)(O)O)C(O)[C@H](OP(=O)(O)O)[C@H]1OP(=O)(O)O,resolved
5OF,c1ccc2c(c1)C(=NNC2=O)CC(=O)O,Components-smiles-stereo-oe.smi,O=C(O)Cc1n[nH]c(=O)c2ccccc12,resolved
5P9,c1ccc2c(c1)[C@@H](CC2=O)C(=O)Nc3ccc(cn3)Cl,Components-smiles-stereo-oe.smi,O=C1C[C@@H](C(=O)Nc2ccc(Cl)cn2)c2ccccc21,resolved
5VE,[H]/N=C(/N)\NC[C@H]1Cc2ccc(cc2[C@@H]1NC(=O)C(=O)Nc3ccc(c(c3)F)Cl)CNC,Components-smiles-stereo-oe.smi,[H]/N=C(/N)NC[C@H]1Cc2ccc(CNC)cc2[C@@H]1NC(=O)C(=O)Nc1ccc(Cl)c(F)c1,resolved
5VF,[H]/N=C(/N)\NC[C@H]1Cc2cc(ccc2[C@@H]1NC(=O)C(=O)Nc3ccc(c(c3)F)Cl)CN(C)/C(=N\[H])/N,Components-smiles-stereo-oe.smi,[H]/N=C(/N)NC[C@H]1Cc2cc(CN(C)/C(N)=N\[H])ccc2[C@@H]1NC(=O)C(=O)Nc1ccc(Cl)c(F)c1,resolved
5VG,[H]/N=C(/N)\NC[C@H]1Cc2cc(ccc2[C@@H]1NC(=O)C(=O)Nc3ccc(c(c3)F)Cl)CNC,Components-smiles-stereo-oe.smi,[H]/N=C(/N)NC[C@H]1Cc2cc(CNC)ccc2[C@@H]1NC(=O)C(=O)Nc1ccc(Cl)c(F)c1,resolved
5VH,[H]/N=C(/N)\N(C)Cc1ccc2c(c1)[C@@H]([C@H](C2)CNC(=N)N)NC(=O)C(=O)Nc3ccc(c(c3)F)Cl,Components-smiles-stereo-oe.smi,[H]/N=C(/N)N(C)Cc1ccc2c(c1)[C@H](NC(=O)C(=O)Nc1ccc(Cl)c(F)c1)[C@@H](CNC(=N)N)C2,resolved
5YJ,Cc1c(cc(cc1Cl)N2CCN(CC2)C(=O)C3=CC(=O)NC(=O)N3)Cl,Components-smiles-stereo-oe.smi,Cc1c(Cl)cc(N2CCN(C(=O)c3cc(=O)[nH]c(=O)[nH]3)CC2)cc1Cl,resolved
5YN,c1c(cc(c(c1Cl)Cl)Cl)N2CCN(CC2)C(=O)C3=CC(=O)NC(=O)N3,Components-smiles-stereo-oe.smi,O=C(c1cc(=O)[nH]c(=O)[nH]1)N1CCN(c2cc(Cl)c(Cl)c(Cl)c2)CC1,resolved
5Z3,c1cc(c(cc1N2CCN(CC2)C(=O)C3=CC(=O)NC(=O)N3)C(F)(F)F)Cl,Components-smiles-stereo-oe.smi,O=C(c1cc(=O)[nH]c(=O)[nH]1)N1CCN(c2ccc(Cl)c(C(F)(F)F)c2)CC1,resolved
5Z7,c1cc(c(cc1N2CCN(CC2)C(=O)C3=CC(=O)NC(=O)N3)Cl)Br,Components-smiles-stereo-oe.smi,O=C(c1cc(=O)[nH]c(=O)[nH]1)N1CCN(c2ccc(Br)c(Cl)c2)CC1,resolved
5ZB,C[C@@H](c1ccccc1)NC(=O)[C@@H](c2cccnc2)N(c3ccc(cc3)n4cccc4)C(=O)C,Components-smiles-stereo-oe.smi,CC(=O)N(c1ccc(-n2cccc2)cc1)[C@@H](C(=O)N[C@@H](C)c1ccccc1)c1cccnc1,resolved
5ZE,Cc1cc(nc(n1)N)C,Components-smiles-stereo-oe.smi,Cc1cc(C)nc(N)n1,resolved
5ZF,C[C@@H](c1ccccc1)NC(=O)[C@@H](c2cccnc2)N(c3ccc(cc3)c4ccccc4)C(=O)CCl,Components-smiles-stereo-oe.smi,C[C@H](NC(=O)[C@@H](c1cccnc1)N(C(=O)CCl)c1ccc(-c2ccccc2)cc1)c1ccccc1,resolved
5ZJ,c1cc(c(cc1N2CCN(CC2)C(=O)C3=CC(=O)NC(=O)N3)Cl)C(F)(F)F,Components-smiles-stereo-oe.smi,O=C(c1cc(=O)[nH]c(=O)[nH]1)N1CCN(c2ccc(C(F)(F)F)c(Cl)c2)CC1,resolved
5ZN,c1cc(c(cc1N2CCN(CC2)C(=O)C3=NC(=O)NC(=O)C3)Cl)C=O,Components-smiles-stereo-oe.smi,O=Cc1ccc(N2CCN(C(=O)C3=NC(=O)NC(=O)C3)CC2)cc1Cl,resolved
5ZT,c1cc(c(cc1N2CCN(CC2)C(=O)C3=NC(=O)NC(=O)C3)Cl)CO,Components-smiles-stereo-oe.smi,O=C1CC(C(=O)N2CCN(c3ccc(CO)c(Cl)c3)CC2)=NC(=O)N1,resolved
5ZW,c1cc(ccc1N2CCN(CC2)C(=O)C3=CC(=O)NC(=O)N3)Cl,Components-smiles-stereo-oe.smi,O=C(c1cc(=O)[nH]c(=O)[nH]1)N1CCN(c2ccc(Cl)cc2)CC1,resolved
60P,Cc1ccsc1C(=O)O,Components-smiles-stereo-oe.smi,Cc1ccsc1C(=O)O,resolved
612,CCOCN1C(=C(C(=O)NC1=O)C(C)C)SC2CCCCC2,Components-smiles-stereo-oe.smi,CCOCn1c(SC2CCCCC2)c(C(C)C)c(=O)[nH]c1=O,resolved
61F,CC(C)(C#Cc1ccc(c(n1)[C@H](Cc2cc(cc(c2)F)F)NC(=O)Cn3c4c(c(n3)C(F)(F)F)CCCC4)c5ccc(c6c5n(nc6NS(=O)(=O)C)CC(F)(F)F)Cl)S(=O)(=O)C,Components-smiles-stereo-oe.smi,CC(C)(C#Cc1ccc(-c2ccc(Cl)c3c(NS(C)(=O)=O)nn(CC(F)(F)F)c23)c([C@H](Cc2cc(F)cc(F)c2)NC(=O)Cn2nc(C(F)(F)F)c3c2CCCC3)n1)S(C)(=O)=O,resolved
639,Cc1cc2cc(ccc2c(c1Nc3ncnc(n3)Nc4ccc(cc4)C#N)C)C#N,Components-smiles-stereo-oe.smi,Cc1cc2cc(C#N)ccc2c(C)c1Nc1ncnc(Nc2ccc(C#N)cc2)n1,resolved
64A,CC1=CN(C(=O)NC1=O)[C@@H]2CC[C@@H](C2)OC(C(=O)O)C(=O)O,Components-smiles-stereo-oe.smi,Cc1cn([C@@H]2CC[C@H](OC(C(=O)O)C(=O)O)C2)c(=O)[nH]c1=O,resolved
65B,Cc1cc(cc(c1Oc2c(c(nc(n2)Nc3ccc(cc3)C#N)N)Br)C)C#N,Components-smiles-stereo-oe.smi,Cc1cc(C#N)cc(C)c1Oc1nc(Nc2ccc(C#N)cc2)nc(N)c1Br,resolved
65P,Cc1c(ccc2c1CCCO2)c3c4ccn(c4nc(c3[C@@H](C(=O)O)OC(C)(C)C)C)Cc5ccc(c(c5)F)F,Components-smiles-stereo-oe.smi,Cc1nc2c(ccn2Cc2ccc(F)c(F)c2)c(-c2ccc3c(c2C)CCCO3)c1[C@H](OC(C)(C)C)C(=O)O,resolved
6EE,c1cc(ccc1[C@@H](c2cc(cc(c2)F)F)[C@@H](C(=O)Nc3cncc(c3CC[C@@H]4CN[C@@H](CO4)COC(=O)NCC(F)(F)F)F)N)Cl,Components-smiles-stereo-oe.smi,N[C@H](C(=O)Nc1cncc(F)c1CC[C@@H]1CN[C@H](COC(=O)NCC(F)(F)F)CO1)[C@@H](c1ccc(Cl)cc1)c1cc(F)cc(F)c1,resolved
6EF,COC(=O)N[C@@H](C(c1ccccc1)c2ccccc2)C(=O)Nc3ccccc3CC[C@@H]4CN[C@@H](CO4)COC(=O)NCc5ccccc5,Components-smiles-stereo-oe.smi,COC(=O)N[C@H](C(=O)Nc1ccccc1CC[C@@H]1CN[C@H](COC(=O)NCc2ccccc2)CO1)C(c1ccccc1)c1ccccc1,resolved
6EG,COC(=O)N[C@@H](C(c1ccccc1)c2ccccc2)C(=O)Nc3ccccc3CC[C@@H](CO)NCc4ccc(cc4)N,Components-smiles-stereo-oe.smi,COC(=O)N[C@H](C(=O)Nc1ccccc1CC[C@@H](CO)NCc1ccc(N)cc1)C(c1ccccc1)c1ccccc1,resolved
6EH,COC(=O)N[C@@H](C(c1ccccc1)c2ccccc2)C(=O)NCCC[C@@H]3CNCCO3,Components-smiles-stereo-oe.smi,COC(=O)N[C@H](C(=O)NCCC[C@@H]1CNCCO1)C(c1ccccc1)c1ccccc1,resolved
6FM,C#C[C@]1([C@H](C[C@@H](O1)n2cnc3c2nc(nc3N)F)O)COP(=O)(O)O,Components-smiles-stereo-oe.smi,C#C[C@]1(COP(=O)(O)O)O[C@@H](n2cnc3c(N)nc(F)nc32)C[C@@H]1O,resolved
6FN,C#C[C@]1([C@H](C[C@@H](O1)n2cnc3c2nc(nc3N)F)O)COP(=O)(O)OP(=O)(O)OP(=O)(O)O,Components-smiles-stereo-oe.smi,C#C[C@]1(COP(=O)(O)OP(=O)(O)OP(=O)(O)O)O[C@@H](n2cnc3c(N)nc(F)nc32)C[C@@H]1O,resolved
6FT,c1cc(ccc1CN2C=C(C(=O)C(=C2)O)C(=O)O)c3ccc(cc3)S(=O)(=O)N,Components-smiles-stereo-oe.smi,NS(=O)(=O)c1ccc(-c2ccc(Cn3cc(O)c(=O)c(C(=O)O)c3)cc2)cc1,resolved
6FZ,c1ccc2c(c1)CC(C2)C(=O)O,Components-smiles-stereo-oe.smi,O=C(O)C1Cc2ccccc2C1,resolved
6GS,C[C@]1([C@@H]([C@H](O[C@H]1N2C=CC(=O)NC2=O)COP(=O)(O)OP(=O)(O)O)O)F,Components-smiles-stereo-oe.smi,C[C@@]1(F)[C@H](O)[C@@H](COP(=O)(O)OP(=O)(O)O)O[C@H]1n1ccc(=O)[nH]c1=O,resolved
6I2,Cc1ccc2c(c1)c(c(o2)C#Cc3cccc(c3)CNCCN4CCN(CC4)Cc5cccc(c5)C#Cc6c(c7cc(ccc7o6)C)CC(=O)O)CC(=O)O,Components-smiles-stereo-oe.smi,Cc1ccc2oc(C#Cc3cccc(CNCCN4CCN(Cc5cccc(C#Cc6oc7ccc(C)cc7c6CC(=O)O)c5)CC4)c3)c(CC(=O)O)c2c1,resolved
6KK,CC(C)CN(C[C@H]([C@H](CC12CC3CC(C1)CC(C3)C2)NC(=O)O[C@H]4CO[C@@H]5[C@H]4CCO5)O)S(=O)(=O)c6ccc(cc6)OC,Components-smiles-stereo-oe.smi,COc1ccc(S(=O)(=O)N(CC(C)C)C[C@@H](O)[C@H](CC23CC4CC(CC(C4)C2)C3)NC(=O)O[C@H]2CO[C@H]3OCC[C@H]32)cc1,resolved
6KQ,COc1ccc(cc1)S(=O)(=O)N(Cc2ccccc2)C[C@H]([C@H](CC34CC5CC(C3)CC(C5)C4)NC(=O)O[C@H]6CO[C@@H]7[C@H]6CCO7)O,Components-smiles-stereo-oe.smi,COc1ccc(S(=O)(=O)N(Cc2ccccc2)C[C@@H](O)[C@H](CC23CC4CC(CC(C4)C2)C3)NC(=O)O[C@H]2CO[C@H]3OCC[C@H]32)cc1,resolved
6KR,CC(C)CN(C[C@H]([C@H](CC12CC3CC(C1)CC(C3)C2)NC(=O)O[C@H]4CO[C@@H]5[C@H]4CCCO5)O)S(=O)(=O)c6ccc(cc6)OC,Components-smiles-stereo-oe.smi,COc1ccc(S(=O)(=O)N(CC(C)C)C[C@@H](O)[C@H](CC23CC4CC(CC(C4)C2)C3)NC(=O)O[C@H]2CO[C@H]3OCCC[C@H]32)cc1,resolved
6MZ,CNc1c2c(ncn1)n(cn2)[C@H]3[C@@H]([C@@H]([C@H](O3)COP(=O)(O)O)O)O,Components-smiles-stereo-oe.smi,CNc1ncnc2c1ncn2[C@@H]1O[C@H](COP(=O)(O)O)[C@@H](O)[C@H]1O,resolved
6NR,c1c(c2c(ncnc2n1[C@H]3[C@@H]([C@@H]([C@H](O3)CSCC[C@@H](C(=O)O)N)O)O)N)C#N,Components-smiles-stereo-oe.smi,N#Cc1cn([C@@H]2O[C@H](CSCC[C@H](N)C(=O)O)[C@@H](O)[C@H]2O)c2ncnc(N)c12,resolved
6OT,c1c(cc(cc1Cl)Cl)S(=O)(=O)N,Components-smiles-stereo-oe.smi,NS(=O)(=O)c1cc(Cl)cc(Cl)c1,resolved
6P3,c1ccc(cc1)c2ccc(cn2)C(=O)O,Components-smiles-stereo-oe.smi,O=C(O)c1ccc(-c2ccccc2)nc1,resolved
6SU,COC(=O)c1cccc(c1)NS(=O)(=O)C,Components-smiles-stereo-oe.smi,COC(=O)c1cccc(NS(C)(=O)=O)c1,resolved
6U6,c1cc2c(cc1Cl)nc(s2)CCC(=O)O,Components-smiles-stereo-oe.smi,O=C(O)CCc1nc2cc(Cl)ccc2s1,resolved
6V9,Cc1ncc(s1)C(=O)O,Components-smiles-stereo-oe.smi,Cc1ncc(C(=O)O)s1,resolved
6W6,c1cc(n(c1Cl)c2ccsc2C(=O)O)Cl,Components-smiles-stereo-oe.smi,O=C(O)c1sccc1-n1c(Cl)ccc1Cl,resolved
6XI,c1ccn(c1)c2ccsc2C(=O)O,Components-smiles-stereo-oe.smi,O=C(O)c1sccc1-n1cccc1,resolved
6YA,CS(=O)(=O)CCCn1c2ccc(cc2cc1CN3c4cnccc4N(C3=O)CC(F)(F)F)Cl,Components-smiles-stereo-oe.smi,CS(=O)(=O)CCCn1c(Cn2c(=O)n(CC(F)(F)F)c3ccncc32)cc2cc(Cl)ccc21,resolved
723,c1ccc(cc1)C2=C(C(=O)Nc3c2cc(cc3)Cl)CC(=O)O,Components-smiles-stereo-oe.smi,O=C(O)Cc1c(-c2ccccc2)c2cc(Cl)ccc2[nH]c1=O,resolved
74T,CC(C)C[N@@](C[C@H]([C@H](Cc1ccccc1)NC(=O)O[C@H]2CO[C@@H]3[C@H]2CCO3)O)S(=O)(=O)c4ccc5c(c4)sc(n5)NC6CCN(CC6)C7CCCC7,Components-smiles-stereo-oe.smi,CC(C)CN(C[C@@H](O)[C@H](Cc1ccccc1)NC(=O)O[C@H]1CO[C@H]2OCC[C@H]21)S(=O)(=O)c1ccc2nc(NC3CCN(C4CCCC4)CC3)sc2c1,resolved
77F,COc1ccc(cc1)S(=O)(=O)[N@@](CC2CCCCC2)C[C@H]([C@H](Cc3ccccc3)NC(=O)c4cccc(c4)O)O,Components-smiles-stereo-oe.smi,COc1ccc(S(=O)(=O)N(CC2CCCCC2)C[C@@H](O)[C@H](Cc2ccccc2)NC(=O)c2cccc(O)c2)cc1,resolved
79G,CC(C)CN(C[C@@H]([C@H](Cc1ccccc1)NC(=O)c2ccc3c(c2)[C@H](CCO3)N)O)S(=O)(=O)c4ccc(cc4)OC,Components-smiles-stereo-oe.smi,COc1ccc(S(=O)(=O)N(CC(C)C)C[C@H](O)[C@H](Cc2ccccc2)NC(=O)c2ccc3c(c2)[C@@H](N)CCO3)cc1,resolved
7AX,c1ccc(c(c1)OCCN2C=CC(=O)NC2=O)Oc3ccc4ccc(cc4c3)C#N,Components-smiles-stereo-oe.smi,N#Cc1ccc2ccc(Oc3ccccc3OCCn3ccc(=O)[nH]c3=O)cc2c1,resolved
7AY,Cc1c2cc(ccc2c(cc1Oc3ccccc3OCCN4C=CC(=O)NC4=O)Cl)C#N,Components-smiles-stereo-oe.smi,Cc1c(Oc2ccccc2OCCn2ccc(=O)[nH]c2=O)cc(Cl)c2ccc(C#N)cc12,resolved
7GC,Cc1ccc(cc1)S(=O)(=O)NC(=O)Nc2nccs2,Components-smiles-stereo-oe.smi,Cc1ccc(S(=O)(=O)NC(=O)Nc2nccs2)cc1,resolved
7IL,CC(C)(C)c1ccc(cc1)N([C@H](c2cccnc2)C(=O)NC(C)(C)C)C(=O)c3cnc[nH]3,Components-smiles-stereo-oe.smi,CC(C)(C)NC(=O)[C@@H](c1cccnc1)N(C(=O)c1cnc[nH]1)c1ccc(C(C)(C)C)cc1,resolved
7IT,[H]/N=C(/N)\NC[C@H]1[C@@H](c2cc(ccc2[C@@H]1NC(=O)C(=O)Nc3ccc(c(c3)F)Cl)CNC)CC[C@@H](CO)O,Components-smiles-stereo-oe.smi,[H]/N=C(/N)NC[C@H]1[C@H](CC[C@H](O)CO)c2cc(CNC)ccc2[C@@H]1NC(=O)C(=O)Nc1ccc(Cl)c(F)c1,resolved
7IW,[H]/N=C(/N)\NC[C@H]1[C@@H](c2cc(ccc2[C@@H]1NC(=O)C(=O)Nc3ccc(c(c3)F)Cl)CNC)CC[C@H](CO)O,Components-smiles-stereo-oe.smi,[H]/N=C(/N)NC[C@H]1[C@H](CC[C@@H](O)CO)c2cc(CNC)ccc2[C@@H]1NC(=O)C(=O)Nc1ccc(Cl)c(F)c1,resolved
7MG,CN1CN(C2=C1C(=O)NC(=N2)N)[C@H]3[C@@H]([C@@H]([C@H](O3)COP(=O)(O)O)O)O,Components-smiles-stereo-oe.smi,CN1CN([C@@H]2O[C@H](COP(=O)(O)O)[C@@H](O)[C@H]2O)c2nc(N)[nH]c(=O)c21,resolved
7N1,c1cc2c(cc1C#N)cc(cc2Oc3ccc(cc3OCCN4C=CC(=O)NC4=O)F)F,Components-smiles-stereo-oe.smi,N#Cc1ccc2c(Oc3ccc(F)cc3OCCn3ccc(=O)[nH]c3=O)cc(F)cc2c1,resolved
7NV,CCCCNC(=O)[C@H](c1ccccc1)NC(=O)N(C)Cc2ccc3c(c2C(=O)O)OCO3,Components-smiles-stereo-oe.smi,CCCCNC(=O)[C@@H](NC(=O)N(C)Cc1ccc2c(c1C(=O)O)OCO2)c1ccccc1,resolved
7O7,CC(C)CN(C[C@H]([C@H](Cc1ccccc1)NC(=O)O[C@H]2[C@@H]3C[C@@H]4[C@H]2CO[C@@H]4OC3)O)S(=O)(=O)c5ccc6c(c5)sc(n6)NC7CC7,Components-smiles-stereo-oe.smi,CC(C)CN(C[C@@H](O)[C@H](Cc1ccccc1)NC(=O)O[C@H]1[C@H]2CO[C@H]3OC[C@@H]1[C@H]3C2)S(=O)(=O)c1ccc2nc(NC3CC3)sc2c1,resolved
7OA,CC(C)CN(C[C@H]([C@H](Cc1cc(cc(c1)F)F)NC(=O)O[C@H]2[C@@H]3C[C@@H]4[C@H]2CO[C@@H]4OC3)O)S(=O)(=O)c5ccc6c(c5)sc(n6)NC7CC7,Components-smiles-stereo-oe.smi,CC(C)CN(C[C@@H](O)[C@H](Cc1cc(F)cc(F)c1)NC(=O)O[C@H]1[C@H]2CO[C@H]3OC[C@@H]1[C@H]3C2)S(=O)(=O)c1ccc2nc(NC3CC3)sc2c1,resolved
7OK,C\1=CN(C(=O)N/C1=N/O)[C@H]2[C@@H]([C@@H]([C@H](O2)COP(=O)(O)O)O)O,Components-smiles-stereo-oe.smi,O=c1[nH]/c(=N/O)ccn1[C@@H]1O[C@H](COP(=O)(O)O)[C@@H](O)[C@H]1O,resolved
7ON,C1CCC(CC1)[C@@H](C(=O)N2C[C@@H]3CCC[C@@H]3[C@H]2C(=O)N[C@@H](C[C@@H]4CCNC4=O)[C@H](C(=O)NC5CCCC5)O)NC(=O)C(F)(F)F,Components-smiles-stereo-oe.smi,O=C1NCC[C@H]1C[C@H](NC(=O)[C@@H]1[C@H]2CCC[C@H]2CN1C(=O)[C@@H](NC(=O)C(F)(F)F)C1CCCCC1)[C@@H](O)C(=O)NC1CCCC1,resolved
7PD,C1=NC2=C(NC1=O)N=C(NC2=O)N,Components-smiles-stereo-oe.smi,Nc1nc2[nH]c(=O)cnc2c(=O)[nH]1,resolved
7SK,CC(C)(C)O[C@@H](c1c(c2ccccc2n1C)c3ccc4c(c3)CCCO4)C(=O)O,Components-smiles-stereo-oe.smi,Cn1c([C@H](OC(C)(C)C)C(=O)O)c(-c2ccc3c(c2)CCCO3)c2ccccc21,resolved
7V2,CC(C)[C@@H](C(=O)N[C@@H](CC(C)(C)C)C(=O)N[C@@H](C[C@@H]1CCNC1=O)CO)NC(=O)OCc2ccccc2,Components-smiles-stereo-oe.smi,CC(C)[C@H](NC(=O)OCc1ccccc1)C(=O)N[C@@H](CC(C)(C)C)C(=O)N[C@H](CO)C[C@@H]1CCNC1=O,resolved
7VB,CC(C)[C@@H](C(=O)N[C@@H](CC(=C)C)C(=O)N[C@@H](C[C@@H]1CCNC1=O)CO)NC(=O)OCc2ccccc2,Components-smiles-stereo-oe.smi,C=C(C)C[C@H](NC(=O)[C@@H](NC(=O)OCc1ccccc1)C(C)C)C(=O)N[C@H](CO)C[C@@H]1CCNC1=O,resolved
7VI,CC(C)[C@@H](C(=O)N[C@@H](CC1CC1)C(=O)N[C@@H](C[C@@H]2CCNC2=O)CO)NC(=O)OCc3ccccc3,Components-smiles-stereo-oe.smi,CC(C)[C@H](NC(=O)OCc1ccccc1)C(=O)N[C@@H](CC1CC1)C(=O)N[C@H](CO)C[C@@H]1CCNC1=O,resolved
7VQ,CC(C)[C@@H](C(=O)N[C@@H](Cc1ccco1)C(=O)N[C@@H](C[C@@H]2CCNC2=O)CO)NC(=O)OCc3ccccc3,Components-smiles-stereo-oe.smi,CC(C)[C@H](NC(=O)OCc1ccccc1)C(=O)N[C@@H](Cc1ccco1)C(=O)N[C@H](CO)C[C@@H]1CCNC1=O,resolved
7VW,C[C@H]([C@@H](C(=O)N[C@@H](CC(C)(C)C)C(=O)N[C@@H](C[C@@H]1CCNC1=O)CO)NC(=O)OCc2ccccc2)OC(C)(C)C,Components-smiles-stereo-oe.smi,C[C@@H](OC(C)(C)C)[C@H](NC(=O)OCc1ccccc1)C(=O)N[C@@H](CC(C)(C)C)C(=O)N[C@H](CO)C[C@@H]1CCNC1=O,resolved
7W5,CC(C)(C)C[C@@H](C(=O)N[C@@H](C[C@@H]1CCNC1=O)CO)NC(=O)[C@H](C(C)(C)C)NC(=O)OCc2ccccc2,Components-smiles-stereo-oe.smi,CC(C)(C)C[C@H](NC(=O)[C@@H](NC(=O)OCc1ccccc1)C(C)(C)C)C(=O)N[C@H](CO)C[C@@H]1CCNC1=O,resolved
7WA,c1cc(c2c(c1)[nH]cn2)N,Components-smiles-stereo-oe.smi,Nc1cccc2[nH]cnc12,resolved
7XB,Cc1cc(ccc1NC2=NC(=O)N(C(=O)N2Cc3cc(c(c(c3)F)F)F)CC(=O)NC)OC(F)F,Components-smiles-stereo-oe.smi,CNC(=O)Cn1c(=O)nc(Nc2ccc(OC(F)F)cc2C)n(Cc2cc(F)c(F)c(F)c2)c1=O,resolved
7XK,CC(C)(C)C[C@@H](C(=O)N[C@@H](C[C@@H]1CCNC1=O)CO)NC(=O)[C@H](C2CC2)NC(=O)OCc3ccccc3,Components-smiles-stereo-oe.smi,CC(C)(C)C[C@H](NC(=O)[C@@H](NC(=O)OCc1ccccc1)C1CC1)C(=O)N[C@H](CO)C[C@@H]1CCNC1=O,resolved
7XT,CC(C)[C@@](C)(C(=O)N[C@@H](CC(C)(C)C)C(=O)N[C@@H](C[C@@H]1CCNC1=O)CO)NC(=O)OCc2ccccc2,Components-smiles-stereo-oe.smi,CC(C)[C@](C)(NC(=O)OCc1ccccc1)C(=O)N[C@@H](CC(C)(C)C)C(=O)N[C@H](CO)C[C@@H]1CCNC1=O,resolved
7Y2,CC(C)(C)C[C@@H](C(=O)N[C@@H](C[C@@H]1CCNC1=O)CO)NC(=O)C(C)(C)NC(=O)OCc2ccccc2,Components-smiles-stereo-oe.smi,CC(C)(C)C[C@H](NC(=O)C(C)(C)NC(=O)OCc1ccccc1)C(=O)N[C@H](CO)C[C@@H]1CCNC1=O,resolved
7YB,c1ccc(cc1)COC(=O)NC2(CC2)C(=O)N[C@@H](CC3CCCCC3)C(=O)N[C@@H](C[C@@H]4CCNC4=O)CO,Components-smiles-stereo-oe.smi,O=C(NC1(C(=O)N[C@@H](CC2CCCCC2)C(=O)N[C@H](CO)C[C@@H]2CCNC2=O)CC1)OCc1ccccc1,resolved
7YI,c1ccc(cc1)COC(=O)N[C@@H](C2CC2)C(=O)N[C@@H](CC3CC3)C(=O)N[C@@H](C[C@@H]4CCNC4=O)CO,Components-smiles-stereo-oe.smi,O=C(N[C@H](C(=O)N[C@@H](CC1CC1)C(=O)N[C@H](CO)C[C@@H]1CCNC1=O)C1CC1)OCc1ccccc1,resolved
7YQ,C[C@H]([C@@H](C(=O)N[C@@H](CC1CCCCC1)C(=O)N[C@@H](C[C@@H]2CCNC2=O)CO)NC(=O)OCc3cccc(c3)Cl)OC(C)(C)C,Components-smiles-stereo-oe.smi,C[C@@H](OC(C)(C)C)[C@H](NC(=O)OCc1cccc(Cl)c1)C(=O)N[C@@H](CC1CCCCC1)C(=O)N[C@H](CO)C[C@@H]1CCNC1=O,resolved
7YW,C[C@H]([C@@H](C(=O)N[C@@H](CC(C)C)C(=O)N[C@@H](C[C@@H]1CCNC1=O)CO)NC(=O)OCc2cccc(c2)Cl)OC(C)(C)C,Components-smiles-stereo-oe.smi,CC(C)C[C@H](NC(=O)[C@@H](NC(=O)OCc1cccc(Cl)c1)[C@@H](C)OC(C)(C)C)C(=O)N[C@H](CO)C[C@@H]1CCNC1=O,resolved
7YY,Cn1cc2cc(c(cc2n1)Cl)NC3=NC(=O)N(C(=O)N3Cc4cc(c(cc4F)F)F)Cc5ncn(n5)C,Components-smiles-stereo-oe.smi,Cn1cnc(Cn2c(=O)nc(Nc3cc4cn(C)nc4cc3Cl)n(Cc3cc(F)c(F)cc3F)c2=O)n1,resolved
7YZ,CC(C)[C@@H](C(=O)N[C@@H](CC1CCCCC1)C(=O)N[C@@H](C[C@@H]2CCNC2=O)CO)NC(=O)OCc3cccc(c3)Cl,Components-smiles-stereo-oe.smi,CC(C)[C@H](NC(=O)OCc1cccc(Cl)c1)C(=O)N[C@@H](CC1CCCCC1)C(=O)N[C@H](CO)C[C@@H]1CCNC1=O,resolved
7ZC,CN(C)Cc1c[nH]c2c1cc(cc2)OC,Components-smiles-stereo-oe.smi,COc1ccc2[nH]cc(CN(C)C)c2c1,resolved
800,CC(C)C[C@@H](C(=O)N[C@@H](C[C@@H]1CCNC1=O)CO)NC(=O)[C@H](C(C)C)NC(=O)c2cc3ccccc3[nH]2,Components-smiles-stereo-oe.smi,CC(C)C[C@H](NC(=O)[C@@H](NC(=O)c1cc2ccccc2[nH]1)C(C)C)C(=O)N[C@H](CO)C[C@@H]1CCNC1=O,resolved
80I,CC(C)C[C@@H](C(=O)N[C@@H](C[C@@H]1CCNC1=O)C(=O)COP(=O)(O)O)NC(=O)c2cc3c([nH]2)cccc3OC,Components-smiles-stereo-oe.smi,COc1cccc2[nH]c(C(=O)N[C@@H](CC(C)C)C(=O)N[C@@H](C[C@@H]3CCNC3=O)C(=O)COP(=O)(O)O)cc12,resolved
80X,CC(=O)N1CCNC(=O)[C@H]1CC(=O)Nc2cccc(c2)Cl,Components-smiles-stereo-oe.smi,CC(=O)N1CCNC(=O)[C@H]1CC(=O)Nc1cccc(Cl)c1,resolved
81L,CC(C)(C)[C@@H](C(=O)N[C@@H](CC1CC1)C(=O)N[C@@H](C[C@@H]2CCNC2=O)CO)NC(=O)OCc3ccccc3,Components-smiles-stereo-oe.smi,CC(C)(C)[C@H](NC(=O)OCc1ccccc1)C(=O)N[C@@H](CC1CC1)C(=O)N[C@H](CO)C[C@@H]1CCNC1=O,resolved
82M,Cc1c(sc(n1)[C@H](CN)NC(=O)c2ccc([nH]2)c3ccc(c(c3)F)Cl)CO,Components-smiles-stereo-oe.smi,Cc1nc([C@H](CN)NC(=O)c2ccc(-c3ccc(Cl)c(F)c3)[nH]2)sc1CO,resolved
833,Cn1c(cc(n1)c2ccc3c(c2)OCO3)N,Components-smiles-stereo-oe.smi,Cn1nc(-c2ccc3c(c2)OCO3)cc1N,resolved
83F,C[C@H]1C[C@H](N(C1)C(=O)[C@H](C(C)C)NC(=O)OC(C)(C)C)C(=O)N[C@@H](C[C@@H]2CCNC2=O)CO,Components-smiles-stereo-oe.smi,CC(C)[C@H](NC(=O)OC(C)(C)C)C(=O)N1C[C@@H](C)C[C@H]1C(=O)N[C@H](CO)C[C@@H]1CCNC1=O,resolved
83G,C[C@@H]1CN(CCN1C(=O)C(=O)c2c[nH]c3c2c(ccn3)OC)C(=O)c4ccccc4,Components-smiles-stereo-oe.smi,COc1ccnc2[nH]cc(C(=O)C(=O)N3CCN(C(=O)c4ccccc4)C[C@H]3C)c12,resolved
83J,Cc1ncn(n1)c2c3c(c(c[nH]3)C(=O)C(=O)N4CCN(CC4)C(=O)c5ccccc5)c(cn2)OC,Components-smiles-stereo-oe.smi,COc1cnc(-n2cnc(C)n2)c2[nH]cc(C(=O)C(=O)N3CCN(C(=O)c4ccccc4)CC3)c12,resolved
83N,CC(C)[C@@H](C(=O)N1C[C@H](C[C@H]1C(=O)N[C@@H](C[C@@H]2CCNC2=O)CO)OC)NC(=O)OC(C)(C)C,Components-smiles-stereo-oe.smi,CO[C@H]1C[C@@H](C(=O)N[C@H](CO)C[C@@H]2CCNC2=O)N(C(=O)[C@@H](NC(=O)OC(C)(C)C)C(C)C)C1,resolved
83W,C[C@H]([C@@H](C(=O)N1CCC[C@H]1C(=O)N[C@@H](C[C@@H]2CCNC2=O)CO)NC(=O)OC(C)(C)C)OC(C)(C)C,Components-smiles-stereo-oe.smi,C[C@@H](OC(C)(C)C)[C@H](NC(=O)OC(C)(C)C)C(=O)N1CCC[C@H]1C(=O)N[C@H](CO)C[C@@H]1CCNC1=O,resolved
846,c1ccc(cc1)C[C@@H]2[C@@H]([C@H]([C@H](N(C(=O)N2Cc3cccc(c3)C(=O)Nc4nccs4)CC5CC5)Cc6ccccc6)O)O,Components-smiles-stereo-oe.smi,O=C(Nc1nccs1)c1cccc(CN2C(=O)N(CC3CC3)[C@H](Cc3ccccc3)[C@H](O)[C@@H](O)[C@H]2Cc2ccccc2)c1,resolved
84C,CC(C)[C@@H](C(=O)N1C[C@@H]2CCC[C@@H]2[C@H]1C(=O)N[C@@H](C[C@@H]3CCNC3=O)CO)NC(=O)OC(C)(C)C,Components-smiles-stereo-oe.smi,CC(C)[C@H](NC(=O)OC(C)(C)C)C(=O)N1C[C@@H]2CCC[C@@H]2[C@H]1C(=O)N[C@H](CO)C[C@@H]1CCNC1=O,resolved
85Y,c1ccc2cc(ccc2c1)CNC(=O)C3=CN(C(=O)NC3=O)[C@H]4C[C@@H]([C@H](O4)COP(=O)(O)O)O,Components-smiles-stereo-oe.smi,O=C(NCc1ccc2ccccc2c1)c1cn([C@H]2C[C@H](O)[C@@H](COP(=O)(O)O)O2)c(=O)[nH]c1=O,resolved
860,c1ccc2c(c1)cncc2NC(=O)Cc3cccc(c3)Cl,Components-smiles-stereo-oe.smi,O=C(Cc1cccc(Cl)c1)Nc1cncc2ccccc12,resolved
87H,C[C@H](c1cccc(c1)F)C(=O)Nc2cncc3c2cccc3,Components-smiles-stereo-oe.smi,C[C@@H](C(=O)Nc1cncc2ccccc12)c1cccc(F)c1,resolved
8BG,CC(C)CN(C1(CC1)[C@H]([C@H](Cc2ccccc2)NC(=O)O[C@H]3CO[C@@H]4[C@H]3CCO4)O)S(=O)(=O)c5ccc(cc5)N,Components-smiles-stereo-oe.smi,CC(C)CN(C1([C@@H](O)[C@H](Cc2ccccc2)NC(=O)O[C@H]2CO[C@H]3OCC[C@H]32)CC1)S(=O)(=O)c1ccc(N)cc1,resolved
8EJ,Cc1ccc(cn1)C(=O)N,Components-smiles-stereo-oe.smi,Cc1ccc(C(N)=O)cn1,resolved
8FM,CC(C)CN(C[C@H]([C@H](Cc1ccccc1)NC(=O)O[C@H]2[C@@H]3C[C@@H]4[C@H]2CO[C@@H]4OC3)O)S(=O)(=O)c5ccc(cc5)OC,Components-smiles-stereo-oe.smi,COc1ccc(S(=O)(=O)N(CC(C)C)C[C@@H](O)[C@H](Cc2ccccc2)NC(=O)O[C@H]2[C@H]3CO[C@H]4OC[C@@H]2[C@H]4C3)cc1,resolved
8FP,Cc1csc(n1)[C@H]2CCCN2C(=O)c3cccc(c3)C(=O)N[C@@H](Cc4ccccc4)[C@@H](CN(CC(C)C)S(=O)(=O)c5ccc(cc5)OC)O,Components-smiles-stereo-oe.smi,COc1ccc(S(=O)(=O)N(CC(C)C)C[C@@H](O)[C@H](Cc2ccccc2)NC(=O)c2cccc(C(=O)N3CCC[C@@H]3c3nc(C)cs3)c2)cc1,resolved
8G9,CC1([C@@H]2[C@H]1[C@H](N(C2)C(=O)[C@H](C(C)(C)C)NC(=O)NC(C)(C)C)C(=O)N[C@@H](C[C@@H]3CCNC3=O)CO)C,Components-smiles-stereo-oe.smi,CC(C)(C)NC(=O)N[C@H](C(=O)N1C[C@H]2[C@@H]([C@H]1C(=O)N[C@H](CO)C[C@@H]1CCNC1=O)C2(C)C)C(C)(C)C,resolved
8GW,CC1([C@@H]2[C@H]1[C@H](N(C2)C(=O)[C@H](C(C)(C)C)NC(=O)NC(C)(C)C)C(=O)N[C@@H](C[C@@H]3CCNC3=O)[C@H](C(=O)NCC4CC4)O)C,Components-smiles-stereo-oe.smi,CC(C)(C)NC(=O)N[C@H](C(=O)N1C[C@H]2[C@@H]([C@H]1C(=O)N[C@@H](C[C@@H]1CCNC1=O)[C@@H](O)C(=O)NCC1CC1)C2(C)C)C(C)(C)C,resolved
8H3,CCCCNC(=O)[C@@H]([C@H](C[C@@H]1CCNC1=O)NC(=O)[C@@H]2[C@@H]3[C@@H](C3(C)C)CN2C(=O)[C@H](C(C)(C)C)NC(=O)NC(C)(C)C)O,Components-smiles-stereo-oe.smi,CCCCNC(=O)[C@H](O)[C@H](C[C@@H]1CCNC1=O)NC(=O)[C@@H]1[C@@H]2[C@H](CN1C(=O)[C@@H](NC(=O)NC(C)(C)C)C(C)(C)C)C2(C)C,resolved
8H8,c1cc(c(cc1O)F)C#N,Components-smiles-stereo-oe.smi,N#Cc1ccc(O)cc1F,resolved
8H9,CCCCCCNC(=O)[C@@H]([C@H](C[C@@H]1CCNC1=O)NC(=O)[C@@H]2[C@@H]3[C@@H](C3(C)C)CN2C(=O)[C@H](C(C)(C)C)NC(=O)NC(C)(C)C)O,Components-smiles-stereo-oe.smi,CCCCCCNC(=O)[C@H](O)[C@H](C[C@@H]1CCNC1=O)NC(=O)[C@@H]1[C@@H]2[C@H](CN1C(=O)[C@@H](NC(=O)NC(C)(C)C)C(C)(C)C)C2(C)C,resolved
8HD,Cc1coc(n1)CN(C)C(=O)c2cccc(c2)C(=O)N[C@@H](Cc3ccccc3)[C@@H](CN(CC(C)C)S(=O)(=O)c4ccc(cc4)CO)O,Components-smiles-stereo-oe.smi,Cc1coc(CN(C)C(=O)c2cccc(C(=O)N[C@@H](Cc3ccccc3)[C@H](O)CN(CC(C)C)S(=O)(=O)c3ccc(CO)cc3)c2)n1,resolved
8I0,CC1([C@@H]2[C@H]1[C@H](N(C2)C(=O)[C@H](C(C)(C)C)NC(=O)NC(C)(C)C)C(=O)N[C@@H](C[C@@H]3CCNC3=O)[C@H](C(=O)NCc4ccccc4)O)C,Components-smiles-stereo-oe.smi,CC(C)(C)NC(=O)N[C@H](C(=O)N1C[C@H]2[C@@H]([C@H]1C(=O)N[C@@H](C[C@@H]1CCNC1=O)[C@@H](O)C(=O)NCc1ccccc1)C2(C)C)C(C)(C)C,resolved
8I7,CC(C)CC(=O)N[C@H](C(=O)N1C[C@H]2[C@@H]([C@H]1C(=O)N[C@@H](C[C@@H]3CCNC3=O)CO)C2(C)C)C(C)(C)C,Components-smiles-stereo-oe.smi,CC(C)CC(=O)N[C@H](C(=O)N1C[C@H]2[C@@H]([C@H]1C(=O)N[C@H](CO)C[C@@H]1CCNC1=O)C2(C)C)C(C)(C)C,resolved
8LT,C[C@@H](CO)Oc1cc(ccc1[C@@]2([C@H](CN(C2=O)Cc3ccc(cc3)OC)O)CCC(C)C)S(=O)(=O)C,Components-smiles-stereo-oe.smi,COc1ccc(CN2C[C@H](O)[C@@](CCC(C)C)(c3ccc(S(C)(=O)=O)cc3O[C@@H](C)CO)C2=O)cc1,resolved
8P3,c1ccc2c(c1)CC(=O)N2Cc3ccccc3C(=O)O,Components-smiles-stereo-oe.smi,O=C(O)c1ccccc1CN1C(=O)Cc2ccccc21,resolved
8SP,CCCCCCCC(=O)OC[C@H](COP(=O)(O)OC[C@@H](C(=O)O)N)OC(=O)CCCCCCC,Components-smiles-stereo-oe.smi,CCCCCCCC(=O)OC[C@H](COP(=O)(O)OC[C@H](N)C(=O)O)OC(=O)CCCCCCC,resolved
8T6,CC(C)(C)C[C@@H](C(=O)N[C@@H](C[C@@H]1CCNC1=O)CO)NC(=O)c2cc3ccccc3[nH]2,Components-smiles-stereo-oe.smi,CC(C)(C)C[C@H](NC(=O)c1cc2ccccc2[nH]1)C(=O)N[C@H](CO)C[C@@H]1CCNC1=O,resolved
8UI,CC(C)(C)C[C@@H](C(=O)N[C@@H](C[C@@H]1CCNC1=O)CO)NC(=O)c2cc3c([nH]2)cccc3OC,Components-smiles-stereo-oe.smi,COc1cccc2[nH]c(C(=O)N[C@@H](CC(C)(C)C)C(=O)N[C@H](CO)C[C@@H]3CCNC3=O)cc12,resolved
8Z0,Cc1cccc(c1CNC(=O)[C@@H]2C(SCN2C(=O)[C@H]([C@H](Cc3ccccc3)NC(=O)[C@H]([C@H]4CCOC4)NC(=O)c5cc6cccc(c6o5)OC)O)(C)C)C,Components-smiles-stereo-oe.smi,COc1cccc2cc(C(=O)N[C@H](C(=O)N[C@@H](Cc3ccccc3)[C@H](O)C(=O)N3CSC(C)(C)[C@H]3C(=O)NCc3c(C)cccc3C)[C@H]3CCOC3)oc12,resolved
8Z3,Cc1ccc(c(c1)O)c2c(c-3c(c(c2[C@@H](C(=O)O)OC(C)(C)C)C)N(Cc4c3c(ccc4)F)S(=O)(=O)C)C,Components-smiles-stereo-oe.smi,Cc1ccc(-c2c(C)c3c(c(C)c2[C@H](OC(C)(C)C)C(=O)O)N(S(C)(=O)=O)Cc2cccc(F)c2-3)c(O)c1,resolved
8ZI,CC1([C@@H]2[C@H]1[C@H](N(C2)C(=O)[C@H](C(C)(C)C)NC(=O)CC(C)(C)C)C(=O)N[C@@H](C[C@@H]3CCNC3=O)[C@H](C(=O)N)O)C,Components-smiles-stereo-oe.smi,CC(C)(C)CC(=O)N[C@H](C(=O)N1C[C@H]2[C@@H]([C@H]1C(=O)N[C@@H](C[C@@H]1CCNC1=O)[C@@H](O)C(N)=O)C2(C)C)C(C)(C)C,resolved
90H,CC1([C@@H]2[C@H]1[C@H](N(C2)C(=O)[C@H](C(C)(C)C)NC(=O)C(F)(F)F)C(=O)N[C@@H](C[C@@H]3CCNC3=O)[C@H](C(=O)NC)O)C,Components-smiles-stereo-oe.smi,CNC(=O)[C@H](O)[C@H](C[C@@H]1CCNC1=O)NC(=O)[C@@H]1[C@@H]2[C@H](CN1C(=O)[C@@H](NC(=O)C(F)(F)F)C(C)(C)C)C2(C)C,resolved
90I,c1ccc(cc1)CCNC(=O)[C@@H]([C@H](C[C@@H]2CCNC2=O)NC(=O)[C@@H]3CCCN3C(=O)OCc4ccccc4)O,Components-smiles-stereo-oe.smi,O=C1NCC[C@H]1C[C@H](NC(=O)[C@@H]1CCCN1C(=O)OCc1ccccc1)[C@@H](O)C(=O)NCCc1ccccc1,resolved
90U,CC1([C@@H]2[C@H]1[C@H](N(C2)C(=O)OCc3ccccc3)C(=O)N[C@@H](C[C@@H]4CCNC4=O)[C@H](C(=O)N)O)C,Components-smiles-stereo-oe.smi,CC1(C)[C@@H]2[C@@H](C(=O)N[C@@H](C[C@@H]3CCNC3=O)[C@@H](O)C(N)=O)N(C(=O)OCc3ccccc3)C[C@@H]21,resolved
90X,c1ccc(cc1)CCNC(=O)[C@@H]([C@H](C[C@@H]2CCNC2=O)NC(=O)[C@@H]3CCCN3C(=O)COc4ccc(cc4Cl)Cl)O,Components-smiles-stereo-oe.smi,O=C1NCC[C@H]1C[C@H](NC(=O)[C@@H]1CCCN1C(=O)COc1ccc(Cl)cc1Cl)[C@@H](O)C(=O)NCCc1ccccc1,resolved
914,c1nc(c2c(n1)n(cn2)[C@H]3C(=C[C@H](O3)OC[P@@](=O)(O)O[P@](=O)(O)OP(=O)(O)O)F)N,Components-smiles-stereo-oe.smi,Nc1ncnc2c1ncn2[C@@H]1O[C@H](OC[P@@](=O)(O)O[P@](=O)(O)OP(=O)(O)O)C=C1F,resolved
91I,CC1([C@@H]2[C@H]1[C@H](N(C2)C(=O)CCc3ccccc3)C(=O)N[C@@H](C[C@@H]4CCNC4=O)[C@H](C(=O)N)O)C,Components-smiles-stereo-oe.smi,CC1(C)[C@@H]2[C@@H](C(=O)N[C@@H](C[C@@H]3CCNC3=O)[C@@H](O)C(N)=O)N(C(=O)CCc3ccccc3)C[C@@H]21,resolved
91Z,CC1([C@@H]2[C@H]1[C@H](N(C2)C(=O)CNc3c(cc(cc3F)F)F)C(=O)N[C@@H](C[C@@H]4CCNC4=O)[C@H](C(=O)N)O)C,Components-smiles-stereo-oe.smi,CC1(C)[C@@H]2[C@@H](C(=O)N[C@@H](C[C@@H]3CCNC3=O)[C@@H](O)C(N)=O)N(C(=O)CNc3c(F)cc(F)cc3F)C[C@@H]21,resolved
92G,c1cc(ccc1c2csc(n2)N)O,Components-smiles-stereo-oe.smi,Nc1nc(-c2ccc(O)cc2)cs1,resolved
93J,CCOc1cc2c(cc1NC(=O)/C=C/CN(C)C)c(c(cn2)C#N)Nc3ccc(c(c3)Cl)F,Components-smiles-stereo-oe.smi,CCOc1cc2ncc(C#N)c(Nc3ccc(F)c(Cl)c3)c2cc1NC(=O)/C=C/CN(C)C,resolved
940,Cc1ccc(cc1C)c2c(c(c(c(c2NS(=O)(=O)C)C)[C@@H](C(=O)O)OC(C)(C)C)c3ccc4c(c3)NCCO4)C,Components-smiles-stereo-oe.smi,Cc1ccc(-c2c(C)c(-c3ccc4c(c3)NCCO4)c([C@H](OC(C)(C)C)C(=O)O)c(C)c2NS(C)(=O)=O)cc1C,resolved
976,CCC[C@@H](c1c(nc2ccc(cc2c1c3ccccc3)Cl)C)C(=O)O,Components-smiles-stereo-oe.smi,CCC[C@H](C(=O)O)c1c(C)nc2ccc(Cl)cc2c1-c1ccccc1,resolved
99W,[H]/N=C\[C@H](C[C@@H]1CCNC1=O)NC(=O)[C@H](CC(C)C)NC(=O)CNc2c(cc(cc2F)F)F,Components-smiles-stereo-oe.smi,[H]/N=C\[C@H](C[C@@H]1CCNC1=O)NC(=O)[C@H](CC(C)C)NC(=O)CNc1c(F)cc(F)cc1F,resolved
9AY,Cc1ccc(c(c1)N)N,Components-smiles-stereo-oe.smi,Cc1ccc(N)c(N)c1,resolved
9EI,c1ccc2c(c1)cccc2NC(=O)c3cc(cnc3)N,Components-smiles-stereo-oe.smi,Nc1cncc(C(=O)Nc2cccc3ccccc23)c1,resolved
9FF,c1ccc2c(c1)cc([nH]2)C=O,Components-smiles-stereo-oe.smi,O=Cc1cc2ccccc2[nH]1,resolved
9GI,CCC(=O)N(C[C@@H]1CCNC1=O)NC(=O)[C@H](CC2CCCCC2)NC(=O)[C@H]([C@@H](C)OC(C)(C)C)NC(=O)OCc3ccccc3,Components-smiles-stereo-oe.smi,CCC(=O)N(C[C@@H]1CCNC1=O)NC(=O)[C@H](CC1CCCCC1)NC(=O)[C@@H](NC(=O)OCc1ccccc1)[C@@H](C)OC(C)(C)C,resolved
9HA,C[C@H]([C@@H](C(=O)N[C@@H](CC1CCCCC1)C(=O)NN(CCC(=O)N)C(=O)C)NC(=O)OCc2ccccc2)OC(C)(C)C,Components-smiles-stereo-oe.smi,CC(=O)N(CCC(N)=O)NC(=O)[C@H](CC1CCCCC1)NC(=O)[C@@H](NC(=O)OCc1ccccc1)[C@@H](C)OC(C)(C)C,resolved
9HY,Cc1c2cc(ccc2c(cc1Oc3ccccc3OCCN4C=CC(=O)NC4=O)N(C)C(=O)C)C#N,Components-smiles-stereo-oe.smi,CC(=O)N(C)c1cc(Oc2ccccc2OCCn2ccc(=O)[nH]c2=O)c(C)c2cc(C#N)ccc12,resolved
9I4,Cc1ccc2c(c1)c(c(o2)C#Cc3cccc(c3)CN4CCN(CC4)CCNC(=O)c5cccc(c5)C#Cc6c(c7cc(ccc7o6)C)CC(=O)O)CC(=O)O,Components-smiles-stereo-oe.smi,Cc1ccc2oc(C#Cc3cccc(CN4CCN(CCNC(=O)c5cccc(C#Cc6oc7ccc(C)cc7c6CC(=O)O)c5)CC4)c3)c(CC(=O)O)c2c1,resolved
9J1,CCC(=O)N(C)c1cc(c(c2c1ccc(c2)C#N)C)Oc3ccccc3OCCN4C=CC(=O)NC4=O,Components-smiles-stereo-oe.smi,CCC(=O)N(C)c1cc(Oc2ccccc2OCCn2ccc(=O)[nH]c2=O)c(C)c2cc(C#N)ccc12,resolved
9JP,Cc1c2cc(ccc2c(cc1Oc3ccccc3OCCN4C=CC(=O)NC4=O)N(C)C(=O)CF)C#N,Components-smiles-stereo-oe.smi,Cc1c(Oc2ccccc2OCCn2ccc(=O)[nH]c2=O)cc(N(C)C(=O)CF)c2ccc(C#N)cc12,resolved
9JT,c1ccc(cc1)NC(=O)c2ccccc2[SeH],Components-smiles-stereo-oe.smi,O=C(Nc1ccccc1)c1ccccc1[SeH],resolved
9K7,Cc1c2cc(ccc2c(cc1Oc3ccccc3OCCN4C=CC(=O)NC4=O)N(C)C(=O)CCl)C#N,Components-smiles-stereo-oe.smi,Cc1c(Oc2ccccc2OCCn2ccc(=O)[nH]c2=O)cc(N(C)C(=O)CCl)c2ccc(C#N)cc12,resolved
9KD,Cc1c2cc(ccc2c(cc1Oc3ccccc3OCCN4C=CC(=O)NC4=O)NC(=O)C=C)C#N,Components-smiles-stereo-oe.smi,C=CC(=O)Nc1cc(Oc2ccccc2OCCn2ccc(=O)[nH]c2=O)c(C)c2cc(C#N)ccc12,resolved
9KG,Cc1c2cc(ccc2c(cc1Oc3ccccc3OCCN4C=CC(=O)NC4=O)N(C)C(=O)C=C)C#N,Components-smiles-stereo-oe.smi,C=CC(=O)N(C)c1cc(Oc2ccccc2OCCn2ccc(=O)[nH]c2=O)c(C)c2cc(C#N)ccc12,resolved
9M5,CC(C)(C)c1ccc(cc1)N([C@@H](c2cccnc2)C(=O)NC3CCCCC3)C(=O)c4c[nH]cn4,Components-smiles-stereo-oe.smi,CC(C)(C)c1ccc(N(C(=O)c2c[nH]cn2)[C@H](C(=O)NC2CCCCC2)c2cccnc2)cc1,resolved
9NS,C=CCN(Cc1ccccc1C(=O)NCc2ccco2)Cc3ccc4c(c3C(=O)O)OC[C@@H](O4)CCC(=O)O,Components-smiles-stereo-oe.smi,C=CCN(Cc1ccccc1C(=O)NCc1ccco1)Cc1ccc2c(c1C(=O)O)OC[C@H](CCC(=O)O)O2,resolved
9OW,C([C@@H](C(=O)N)N)[SeH],Components-smiles-stereo-oe.smi,NC(=O)[C@@H](N)C[SeH],resolved
9PA,CC(C)C[C@@H](Cc1ccc2c(c1C(=O)O)OCO2)CNC(=O)CCCCN,Components-smiles-stereo-oe.smi,CC(C)C[C@H](CNC(=O)CCCCN)Cc1ccc2c(c1C(=O)O)OCO2,resolved
9PJ,Cc1c(cc(cc1OC2=C(N=CN(C2=O)CC3C=C(C(=O)N=C3C)F)C(C(F)F)(F)F)C(F)F)C#N,Components-smiles-stereo-oe.smi,CC1=NC(=O)C(F)=CC1Cn1cnc(C(F)(F)C(F)F)c(Oc2cc(C(F)F)cc(C#N)c2C)c1=O,resolved
9QI,Cc1c(cc(cc1OC2=C(N=CN(C2=O)CC3=CC(=CNC3=O)F)C(C(F)F)(F)F)C(F)F)C#N,Components-smiles-stereo-oe.smi,Cc1c(C#N)cc(C(F)F)cc1Oc1c(C(F)(F)C(F)F)ncn(Cc2cc(F)c[nH]c2=O)c1=O,resolved
9TV,c1cnc(nc1)CCC(=O)Nc2cc(n[nH]2)c3ccc4c(c3)CCCC4,Components-smiles-stereo-oe.smi,O=C(CCc1ncccn1)Nc1cc(-c2ccc3c(c2)CCCC3)n[nH]1,resolved
9UV,c1cc(c(cc1OCCN2CCOCC2)OCCN3C=CC(=O)NC3=O)Oc4cc(cc(c4)Cl)/C=C/C#N,Components-smiles-stereo-oe.smi,N#C/C=C/c1cc(Cl)cc(Oc2ccc(OCCN3CCOCC3)cc2OCCn2ccc(=O)[nH]c2=O)c1,resolved
9VI,Cn1c2c(ccc(c2c(n1)NS(=O)(=O)C)Cl)N3C(=O)c4cccnc4N=C3[C@H](Cc5cc(cc(c5)F)F)NC(=O)Cn6c7c(c(n6)C(F)(F)F)C=CCC7,Components-smiles-stereo-oe.smi,Cn1nc(NS(C)(=O)=O)c2c(Cl)ccc(-n3c([C@H](Cc4cc(F)cc(F)c4)NC(=O)Cn4nc(C(F)(F)F)c5c4CCC=C5)nc4ncccc4c3=O)c21,resolved
9VK,Cc1c(c(c(s1)c2ccccn2)C3=CCC(CC3)(C)C)[C@@H](C(=O)O)OC(C)(C)C,Components-smiles-stereo-oe.smi,Cc1sc(-c2ccccn2)c(C2=CCC(C)(C)CC2)c1[C@H](OC(C)(C)C)C(=O)O,resolved
9VN,Cc1c(c(c(s1)c2ccncc2)C3=CCC(CC3)(C)C)[C@@H](C(=O)O)OC(C)(C)C,Components-smiles-stereo-oe.smi,Cc1sc(-c2ccncc2)c(C2=CCC(C)(C)CC2)c1[C@H](OC(C)(C)C)C(=O)O,resolved
9W3,Cc1cc(cc(c1Nc2nc(nc(n2)OCCCN3CCOCC3)Nc4ccc(cc4)C#N)C)/C=C/C#N,Components-smiles-stereo-oe.smi,Cc1cc(/C=C/C#N)cc(C)c1Nc1nc(Nc2ccc(C#N)cc2)nc(OCCCN2CCOCC2)n1,resolved
9WI,Cc1cc2cc(cn2c(c1Nc3ccnc(n3)Nc4ccc(cc4)C#N)C)C#N,Components-smiles-stereo-oe.smi,Cc1cc2cc(C#N)cn2c(C)c1Nc1ccnc(Nc2ccc(C#N)cc2)n1,resolved
9WW,Cn1c2c(ccc(c2c(n1)NS(=O)(=O)C)Cl)N3C(=O)c4ccccc4N=C3[C@H](Cc5cc(cc(c5)F)F)NC(=O)Cn6c-7cccc7c([nH]6)C(F)F,Components-smiles-stereo-oe.smi,Cn1nc(NS(C)(=O)=O)c2c(Cl)ccc(-n3c([C@H](Cc4cc(F)cc(F)c4)NC(=O)Cn4[nH]c(C(F)F)c5cccc4-5)nc4ccccc4c3=O)c21,resolved
9Y9,C[C@H]1Cc2cc(ccc2S(=O)(=O)[N@@](C1)C[C@H]([C@H](Cc3ccccc3)NC(=O)OC(C)(C)C)O)F,Components-smiles-stereo-oe.smi,C[C@H]1Cc2cc(F)ccc2S(=O)(=O)N(C[C@@H](O)[C@H](Cc2ccccc2)NC(=O)OC(C)(C)C)C1,resolved
A00,CC(C)CN([C@@H](CCCCNC(=O)[C@H](C(c1ccccc1)c2ccccc2)NC(=O)OC)CO)S(=O)(=O)c3ccc(cc3)N,Components-smiles-stereo-oe.smi,COC(=O)N[C@H](C(=O)NCCCC[C@@H](CO)N(CC(C)C)S(=O)(=O)c1ccc(N)cc1)C(c1ccccc1)c1ccccc1,resolved
A1A,CC(C)[C@@H](C(=O)N[N@](Cc1ccccc1)C[C@@](Cc2ccccc2)(C(=O)N[C@H]3c4ccccc4C[C@H]3O)O)NC(=O)OC,Components-smiles-stereo-oe.smi,COC(=O)N[C@H](C(=O)NN(Cc1ccccc1)C[C@@](O)(Cc1ccccc1)C(=O)N[C@H]1c2ccccc2C[C@H]1O)C(C)C,resolved
A1AA0,[H]/N=C/[C@@H]1C[C@]2(CN1C(=O)[C@H](CC(C)C)N(C)C(=O)c3cc4c(cc(c(c4[nH]3)F)F)F)c5ccccc5NC2=O,Components-smiles-stereo-oe.smi,[H]/N=C/[C@@H]1C[C@@]2(CN1C(=O)[C@H](CC(C)C)N(C)C(=O)c1cc3c(F)cc(F)c(F)c3[nH]1)C(=O)Nc1ccccc12,resolved
A1AAD,[H]/N=C\1/N[C@](C(=O)N1[C@H](COC(=O)NC2(CC2)C(F)F)c3ccc(c(c3)c4ncnn4C(F)F)Cl)(CC(C)(C)C(F)(F)F)c5ccc(cc5)c6cnn(n6)C7CC7,Components-smiles-stereo-oe.smi,[H]/N=C1/N[C@](CC(C)(C)C(F)(F)F)(c2ccc(-c3cnn(C4CC4)n3)cc2)C(=O)N1[C@H](COC(=O)NC1(C(F)F)CC1)c1ccc(Cl)c(-c2ncnn2C(F)F)c1,resolved
A1AD0,CC1([C@@H]2[C@H]1[C@H](N(C2)C(=O)C3(CC3)c4ccccc4)C(=O)N[C@@H](C[C@@H]5CCNC5=O)CO)C,Components-smiles-stereo-oe.smi,CC1(C)[C@@H]2[C@@H](C(=O)N[C@H](CO)C[C@@H]3CCNC3=O)N(C(=O)C3(c4ccccc4)CC3)C[C@@H]21,resolved
A1ADM,CC1(C[C@H](N(C1)C(=O)c2cc3ccccc3[nH]2)C(=O)N[C@@H](C[C@@H]4CCNC4=O)CO)C,Components-smiles-stereo-oe.smi,CC1(C)C[C@@H](C(=O)N[C@H](CO)C[C@@H]2CCNC2=O)N(C(=O)c2cc3ccccc3[nH]2)C1,resolved
A1ADS,CC(C)C[C@@H](C(=O)N[C@H](C[C@H]1CCOC1=O)C[C@@H]2CCCO2)NC(=O)[C@H](Cc3ccc(cc3)F)NC(=O)OCc4ccccc4,Components-smiles-stereo-oe.smi,CC(C)C[C@H](NC(=O)[C@H](Cc1ccc(F)cc1)NC(=O)OCc1ccccc1)C(=O)N[C@@H](C[C@@H]1CCCO1)C[C@H]1CCOC1=O,resolved
A1AGA,CC(C)C[C@@H](C(=O)N[C@@H](C[C@@H]1CCNC1=O)[C@@H](O)S(=O)(=O)O)NC(=O)OC[C@@H]2CCC(=O)N2Cc3cccc(c3)F,Components-smiles-stereo-oe.smi,CC(C)C[C@H](NC(=O)OC[C@@H]1CCC(=O)N1Cc1cccc(F)c1)C(=O)N[C@@H](C[C@@H]1CCNC1=O)[C@@H](O)S(=O)(=O)O,resolved
A1AGB,CC(C)C[C@@H](C(=O)N[C@@H](C[C@@H]1CCNC1=O)C(O)S(=O)(=O)O)NC(=O)OC[C@@H]2CCC(=O)N2Cc3cccc(c3)F,Components-smiles-stereo-oe.smi,CC(C)C[C@H](NC(=O)OC[C@@H]1CCC(=O)N1Cc1cccc(F)c1)C(=O)N[C@@H](C[C@@H]1CCNC1=O)C(O)S(=O)(=O)O,resolved
A1AGE,CC(C)C[C@@H](C(=O)N[C@@H](C[C@@H]1CCNC1=O)C(O)S(=O)(=O)O)NC(=O)OC[C@@H]2CCC(=O)N2Cc3ccccc3,Components-smiles-stereo-oe.smi,CC(C)C[C@H](NC(=O)OC[C@@H]1CCC(=O)N1Cc1ccccc1)C(=O)N[C@@H](C[C@@H]1CCNC1=O)C(O)S(=O)(=O)O,resolved
A1AGF,CC(C)C[C@@H](C(=O)N[C@@H](C[C@@H]1CCNC1=O)C(O)S(=O)(=O)O)NC(=O)OC[C@@H]2CCC(=O)N2Cc3ccccc3,Components-smiles-stereo-oe.smi,CC(C)C[C@H](NC(=O)OC[C@@H]1CCC(=O)N1Cc1ccccc1)C(=O)N[C@@H](C[C@@H]1CCNC1=O)C(O)S(=O)(=O)O,resolved
A1AGG,CC(C)C[C@@H](C(=O)N[C@@H](C[C@@H]1CCNC1=O)C(O)S(=O)(=O)O)NC(=O)OC[C@@H]2CCC(=O)N2CCc3ccccc3,Components-smiles-stereo-oe.smi,CC(C)C[C@H](NC(=O)OC[C@@H]1CCC(=O)N1CCc1ccccc1)C(=O)N[C@@H](C[C@@H]1CCNC1=O)C(O)S(=O)(=O)O,resolved
A1AGI,CC(C)C[C@@H](C(=O)N[C@@H](C[C@@H]1CCNC1=O)C(O)S(=O)(=O)O)NC(=O)OC[C@@H]2CCC(=O)N2Cc3cccc(c3)Cl,Components-smiles-stereo-oe.smi,CC(C)C[C@H](NC(=O)OC[C@@H]1CCC(=O)N1Cc1cccc(Cl)c1)C(=O)N[C@@H](C[C@@H]1CCNC1=O)C(O)S(=O)(=O)O,resolved
A1AGJ,CC(C)C[C@@H](C(=O)N[C@@H](C[C@@H]1CCNC1=O)C(O)S(=O)(=O)O)NC(=O)OC[C@@H]2CCC(=O)N2Cc3cccc(c3)Cl,Components-smiles-stereo-oe.smi,CC(C)C[C@H](NC(=O)OC[C@@H]1CCC(=O)N1Cc1cccc(Cl)c1)C(=O)N[C@@H](C[C@@H]1CCNC1=O)C(O)S(=O)(=O)O,resolved
A1AGK,CC(C)C[C@@H](C(=O)N[C@@H](C[C@@H]1CCNC1=O)C(O)S(=O)(=O)O)NC(=O)OC[C@@H]2CCC(=O)N2CCC3CCCCC3,Components-smiles-stereo-oe.smi,CC(C)C[C@H](NC(=O)OC[C@@H]1CCC(=O)N1CCC1CCCCC1)C(=O)N[C@@H](C[C@@H]1CCNC1=O)C(O)S(=O)(=O)O,resolved
A1AGL,CC(C)C[C@@H](C(=O)N[C@@H](C[C@@H]1CCNC1=O)C(O)S(=O)(=O)O)NC(=O)OC[C@@H]2CCC(=O)N2CCC3CCCCC3,Components-smiles-stereo-oe.smi,CC(C)C[C@H](NC(=O)OC[C@@H]1CCC(=O)N1CCC1CCCCC1)C(=O)N[C@@H](C[C@@H]1CCNC1=O)C(O)S(=O)(=O)O,resolved
A1AGM,CC(C)C[C@@H](C(=O)N[C@@H](C[C@@H]1CCNC1=O)[C@H](O)S(=O)(=O)O)NC(=O)OC[C@@H]2CCC(=O)N2C[C@H]3C[C@@H]4CC[C@H]3C4,Components-smiles-stereo-oe.smi,CC(C)C[C@H](NC(=O)OC[C@@H]1CCC(=O)N1C[C@H]1C[C@@H]2CC[C@H]1C2)C(=O)N[C@@H](C[C@@H]1CCNC1=O)[C@H](O)S(=O)(=O)O,resolved
A1AGN,CC(C)C[C@@H](C(=O)N[C@@H](C[C@@H]1CCNC1=O)[C@@H](O)S(=O)(=O)O)NC(=O)OC[C@@H]2CCC(=O)N2C[C@H]3C[C@@H]4CC[C@H]3C4,Components-smiles-stereo-oe.smi,CC(C)C[C@H](NC(=O)OC[C@@H]1CCC(=O)N1C[C@H]1C[C@@H]2CC[C@H]1C2)C(=O)N[C@@H](C[C@@H]1CCNC1=O)[C@@H](O)S(=O)(=O)O,resolved
A1AGO,CC(C)C[C@@H](C(=O)N[C@@H](C[C@@H]1CCNC1=O)C(O)S(=O)(=O)O)NC(=O)OC[C@@H]2CCC(=O)N2CC3CCC(CC3)(F)F,Components-smiles-stereo-oe.smi,CC(C)C[C@H](NC(=O)OC[C@@H]1CCC(=O)N1CC1CCC(F)(F)CC1)C(=O)N[C@@H](C[C@@H]1CCNC1=O)C(O)S(=O)(=O)O,resolved
A1AGP,CC(C)C[C@@H](C(=O)N[C@@H](C[C@@H]1CCNC1=O)C(O)S(=O)(=O)O)NC(=O)OC[C@@H]2CCC(=O)N2CC3CCC(CC3)(F)F,Components-smiles-stereo-oe.smi,CC(C)C[C@H](NC(=O)OC[C@@H]1CCC(=O)N1CC1CCC(F)(F)CC1)C(=O)N[C@@H](C[C@@H]1CCNC1=O)C(O)S(=O)(=O)O,resolved
A1AGQ,CC(C)C[C@@H](C(=O)N[C@@H](C[C@@H]1CCNC1=O)C(O)S(=O)(=O)O)NC(=O)OC[C@@H]2CCC(=O)N2C[C@H]3C[C@H]4C[C@@H]3C=C4,Components-smiles-stereo-oe.smi,CC(C)C[C@H](NC(=O)OC[C@@H]1CCC(=O)N1C[C@H]1C[C@@H]2C=C[C@H]1C2)C(=O)N[C@@H](C[C@@H]1CCNC1=O)C(O)S(=O)(=O)O,resolved
A1AGR,CC(C)C[C@@H](C(=O)N[C@@H](C[C@@H]1CCNC1=O)C(O)S(=O)(=O)O)NC(=O)OC[C@@H]2CCC(=O)N2C[C@H]3C[C@H]4C[C@@H]3C=C4,Components-smiles-stereo-oe.smi,CC(C)C[C@H](NC(=O)OC[C@@H]1CCC(=O)N1C[C@H]1C[C@@H]2C=C[C@H]1C2)C(=O)N[C@@H](C[C@@H]1CCNC1=O)C(O)S(=O)(=O)O,resolved
A1AGS,CC(C)C[C@@H](C(=O)N[C@@H](C[C@@H]1CCNC1=O)C(O)S(=O)(=O)O)NC(=O)OC[C@@H]2CCC(=O)N2Cc3ccc4c(c3)OC(O4)(F)F,Components-smiles-stereo-oe.smi,CC(C)C[C@H](NC(=O)OC[C@@H]1CCC(=O)N1Cc1ccc2c(c1)OC(F)(F)O2)C(=O)N[C@@H](C[C@@H]1CCNC1=O)C(O)S(=O)(=O)O,resolved
A1AGT,CC(C)C[C@@H](C(=O)N[C@@H](C[C@@H]1CCNC1=O)C(O)S(=O)(=O)O)NC(=O)OC[C@@H]2CCC(=O)N2Cc3ccc4c(c3)OC(O4)(F)F,Components-smiles-stereo-oe.smi,CC(C)C[C@H](NC(=O)OC[C@@H]1CCC(=O)N1Cc1ccc2c(c1)OC(F)(F)O2)C(=O)N[C@@H](C[C@@H]1CCNC1=O)C(O)S(=O)(=O)O,resolved
A1AGW,CC(C)C[C@@H](C(=O)N[C@@H](C[C@@H]1CCNC1=O)C(O)S(=O)(=O)O)NC(=O)OC[C@@H]2CCC(=O)N2CC3CCCCC3,Components-smiles-stereo-oe.smi,CC(C)C[C@H](NC(=O)OC[C@@H]1CCC(=O)N1CC1CCCCC1)C(=O)N[C@@H](C[C@@H]1CCNC1=O)C(O)S(=O)(=O)O,resolved
A1AGX,CC(C)C[C@@H](C(=O)N[C@@H](C[C@@H]1CCNC1=O)C(O)S(=O)(=O)O)NC(=O)OC[C@@H]2CCC(=O)N2CC3CCCCC3,Components-smiles-stereo-oe.smi,CC(C)C[C@H](NC(=O)OC[C@@H]1CCC(=O)N1CC1CCCCC1)C(=O)N[C@@H](C[C@@H]1CCNC1=O)C(O)S(=O)(=O)O,resolved
A1AGZ,CC(C)C[C@@H](C(=O)N[C@@H](C[C@@H]1CCNC1=O)C(O)S(=O)(=O)O)NC(=O)OC[C@H]2CCC(=O)N2CC3CCCCC3,Components-smiles-stereo-oe.smi,CC(C)C[C@H](NC(=O)OC[C@H]1CCC(=O)N1CC1CCCCC1)C(=O)N[C@@H](C[C@@H]1CCNC1=O)C(O)S(=O)(=O)O,resolved
A1AH3,c1cc(n2c1c(ncn2)N)[C@]3([C@@H]([C@@H]([C@H](O3)COP(=O)(O)OP(=O)(O)OC[C@@H]4[C@H]([C@H]([C@@H](O4)O)O)O)O)O)C#N,Components-smiles-stereo-oe.smi,N#C[C@@]1(c2ccc3c(N)ncnn23)O[C@H](COP(=O)(O)OP(=O)(O)OC[C@H]2O[C@@H](O)[C@H](O)[C@@H]2O)[C@@H](O)[C@H]1O,resolved
A1AI6,CN1CCOc2c1c(ccc2)NC(=O)Nc3cc4cn[nH]c4nc3,Components-smiles-stereo-oe.smi,CN1CCOc2cccc(NC(=O)Nc3cnc4[nH]ncc4c3)c21,resolved
A1AI7,c1c2c([nH]n1)ncnc2NC[C@@H]3CCCS(=O)(=O)C3,Components-smiles-stereo-oe.smi,O=S1(=O)CCC[C@@H](CNc2ncnc3[nH]ncc23)C1,resolved
A1AI8,C[C@H]([C@@H]1CCOC1)Nc2c3cc[nH]c3ncn2,Components-smiles-stereo-oe.smi,C[C@@H](Nc1ncnc2[nH]ccc12)[C@@H]1CCOC1,resolved
A1AI9,c1cc(cc(c1)C(F)F)[C@H](CC(=O)O)NC(=O)c2ccc(cc2)NC(=O)NC3CC3,Components-smiles-stereo-oe.smi,O=C(O)C[C@H](NC(=O)c1ccc(NC(=O)NC2CC2)cc1)c1cccc(C(F)F)c1,resolved
A1AIH,C[C@@H]1C[C@@H]([C@@H](O1)[C@@H]2CCCO2)OC(=O)N[C@@H](Cc3ccccc3)[C@@H](CN(CC(C)C)S(=O)(=O)c4ccc(cc4)OC)O,Components-smiles-stereo-oe.smi,COc1ccc(S(=O)(=O)N(CC(C)C)C[C@@H](O)[C@H](Cc2ccccc2)NC(=O)O[C@H]2C[C@@H](C)O[C@H]2[C@@H]2CCCO2)cc1,resolved
A1AIP,Cc1c(cn(n1)C)c2cc3c([nH]2)ncnc3N[C@H](c4ccc5c(c4)S(=O)(=O)CCC5)C(C)C,Components-smiles-stereo-oe.smi,Cc1nn(C)cc1-c1cc2c(N[C@H](c3ccc4c(c3)S(=O)(=O)CCC4)C(C)C)ncnc2[nH]1,resolved
A1AJF,c1c[nH]c2c1c(ncn2)N3CC[C@H](C3)n4cncn4,Components-smiles-stereo-oe.smi,c1nc(N2CC[C@@H](n3cncn3)C2)c2cc[nH]c2n1,resolved
A1AJG,c1cncc(c1C(=O)Nc2cc3cn[nH]c3nc2)Cl,Components-smiles-stereo-oe.smi,O=C(Nc1cnc2[nH]ncc2c1)c1ccncc1Cl,resolved
A1AJH,c1c[nH]c2c1c(ncn2)C(=O)N3CCCCC[C@H]3C(=O)O,Components-smiles-stereo-oe.smi,O=C(O)[C@@H]1CCCCCN1C(=O)c1ncnc2[nH]ccc12,resolved
A1AJI,Cc1c([nH]c2c1c(ncn2)NC(=O)[C@@H]3CCO[C@@H]3C)C,Components-smiles-stereo-oe.smi,Cc1[nH]c2ncnc(NC(=O)[C@@H]3CCO[C@@H]3C)c2c1C,resolved
A1AJJ,Cc1ccc(cc1C(=O)Nc2cc3cn[nH]c3nc2)S(=O)(=O)Nc4ccccc4F,Components-smiles-stereo-oe.smi,Cc1ccc(S(=O)(=O)Nc2ccccc2F)cc1C(=O)Nc1cnc2[nH]ncc2c1,resolved
A1AJK,Cc1ccnc(n1)C2CCN(CC2)c3c4cc[nH]c4ncn3,Components-smiles-stereo-oe.smi,Cc1ccnc(C2CCN(c3ncnc4[nH]ccc34)CC2)n1,resolved
A1AJL,CO[C@@]1(CCN(C1)C(=O)c2c3cc[nH]c3ncn2)C(=O)O,Components-smiles-stereo-oe.smi,CO[C@]1(C(=O)O)CCN(C(=O)c2ncnc3[nH]ccc23)C1,resolved
A1AJW,CC(C)[C@H](CO)Nc1c2cc[nH]c2ncn1,Components-smiles-stereo-oe.smi,CC(C)[C@H](CO)Nc1ncnc2[nH]ccc12,resolved
A1AJX,CC(C)[C@H](C(=O)N)Nc1c2cc[nH]c2ncn1,Components-smiles-stereo-oe.smi,CC(C)[C@@H](Nc1ncnc2[nH]ccc12)C(N)=O,resolved
A1AK0,COc1ccc(cc1)[C@@H](Cc2[nH]nnn2)NC(=O)c3c4cc[nH]c4ncn3,Components-smiles-stereo-oe.smi,COc1ccc([C@@H](Cc2nnn[nH]2)NC(=O)c2ncnc3[nH]ccc23)cc1,resolved
A1AK1,CC(C)[C@@H](c1ccc2c(c1)OCCO2)Nc3c4cc([nH]c4ncn3)C(=O)NC,Components-smiles-stereo-oe.smi,CNC(=O)c1cc2c(N[C@H](c3ccc4c(c3)OCCO4)C(C)C)ncnc2[nH]1,resolved
A1AK2,CC(C)[C@@H](c1ccc2c(c1)S(=O)(=O)CCC2)Nc3c4cc[nH]c4ncn3,Components-smiles-stereo-oe.smi,CC(C)[C@H](Nc1ncnc2[nH]ccc12)c1ccc2c(c1)S(=O)(=O)CCC2,resolved
A1AK3,CC(C)[C@@H](c1ccc2c(c1)S(=O)(=O)CCC2)Nc3c4cc([nH]c4ncn3)C(=O)N[C@H]5CCN(C5)C,Components-smiles-stereo-oe.smi,CC(C)[C@H](Nc1ncnc2[nH]c(C(=O)N[C@H]3CCN(C)C3)cc12)c1ccc2c(c1)S(=O)(=O)CCC2,resolved
A1AK4,CC(C)[C@@H](c1ccc2c(c1)S(=O)(=O)CCC2)Nc3c4cc([nH]c4ncn3)c5cccc(c5)C(=O)NC,Components-smiles-stereo-oe.smi,CNC(=O)c1cccc(-c2cc3c(N[C@H](c4ccc5c(c4)S(=O)(=O)CCC5)C(C)C)ncnc3[nH]2)c1,resolved
A1AK5,CC(C)[C@@H](c1ccc2c(c1)S(=O)(=O)CCC2)Nc3c4cc([nH]c4ncn3)c5cc(oc5)CNC,Components-smiles-stereo-oe.smi,CNCc1cc(-c2cc3c(N[C@H](c4ccc5c(c4)S(=O)(=O)CCC5)C(C)C)ncnc3[nH]2)co1,resolved
A1AK6,CC(C)[C@@H](c1ccc2c(c1)S(=O)(=O)CCC2)Nc3c4cc([nH]c4ncn3)c5cnn(c5C#N)C,Components-smiles-stereo-oe.smi,CC(C)[C@H](Nc1ncnc2[nH]c(-c3cnn(C)c3C#N)cc12)c1ccc2c(c1)S(=O)(=O)CCC2,resolved
A1AK7,CC(C)[C@@H](c1ccc2c(c1)S(=O)(=O)CCC2)Nc3c4cc([nH]c4ncn3)c5cnn(c5)CC(=O)NC,Components-smiles-stereo-oe.smi,CNC(=O)Cn1cc(-c2cc3c(N[C@H](c4ccc5c(c4)S(=O)(=O)CCC5)C(C)C)ncnc3[nH]2)cn1,resolved
A1AKD,CC(C)[C@@H]1C(=O)NCCN1c2c3cc[nH]c3ncn2,Components-smiles-stereo-oe.smi,CC(C)[C@@H]1C(=O)NCCN1c1ncnc2[nH]ccc12,resolved
A1AKE,c1cc2c(cc1[C@@H](C(=O)O)NC(=O)c3c4cc[nH]c4ncn3)CCO2,Components-smiles-stereo-oe.smi,O=C(N[C@H](C(=O)O)c1ccc2c(c1)CCO2)c1ncnc2[nH]ccc12,resolved
A1AKF,c1cc(ccc1[C@@H](CC(=O)O)NC(=O)c2c3cc[nH]c3ncn2)F,Components-smiles-stereo-oe.smi,O=C(O)C[C@@H](NC(=O)c1ncnc2[nH]ccc12)c1ccc(F)cc1,resolved
A1AKG,c1c[nH]c2c1c(ncn2)C(=O)N[C@@H](CC(=O)O)c3ccncc3,Components-smiles-stereo-oe.smi,O=C(O)C[C@H](NC(=O)c1ncnc2[nH]ccc12)c1ccncc1,resolved
A1AKH,CN(C)c1ccc(nc1)C(=O)N[C@@H](CC(=O)O)c2ccc(cc2)Br,Components-smiles-stereo-oe.smi,CN(C)c1ccc(C(=O)N[C@@H](CC(=O)O)c2ccc(Br)cc2)nc1,resolved
A1AKI,Cn1c2c(cn1)c(ccn2)C(=O)N[C@@H](CC(=O)O)c3ccc(cc3)Br,Components-smiles-stereo-oe.smi,Cn1ncc2c(C(=O)N[C@@H](CC(=O)O)c3ccc(Br)cc3)ccnc21,resolved
A1AKP,c1cc(ccc1[C@@H](CC(=O)O)NC(=O)c2ccc3c(n2)cc[nH]3)Br,Components-smiles-stereo-oe.smi,O=C(O)C[C@@H](NC(=O)c1ccc2[nH]ccc2n1)c1ccc(Br)cc1,resolved
A1AKQ,c1cc(ccc1[C@H](CC(=O)O)NC(=O)c2cc3cc[nH]c3nc2)Br,Components-smiles-stereo-oe.smi,O=C(O)C[C@H](NC(=O)c1cnc2[nH]ccc2c1)c1ccc(Br)cc1,resolved
A1AKR,Cn1c(c(c2c1nccc2)NC(=O)c3ccc(cc3)NC(=O)NC4CC4)C(=O)O,Components-smiles-stereo-oe.smi,Cn1c(C(=O)O)c(NC(=O)c2ccc(NC(=O)NC3CC3)cc2)c2cccnc21,resolved
A1AKS,c1cc2c(cc1[C@@H](C(=O)O)Nc3c4cc[nH]c4ncn3)OCCO2,Components-smiles-stereo-oe.smi,O=C(O)[C@@H](Nc1ncnc2[nH]ccc12)c1ccc2c(c1)OCCO2,resolved
A1AKT,CC(C)[C@H](C(=O)O)Nc1c2cc[nH]c2ncn1,Components-smiles-stereo-oe.smi,CC(C)[C@@H](Nc1ncnc2[nH]ccc12)C(=O)O,resolved
A1AKU,c1c[nH]c2c1c(ncn2)N3C[C@@H](C[C@@H]3C(=O)O)O,Components-smiles-stereo-oe.smi,O=C(O)[C@H]1C[C@@H](O)CN1c1ncnc2[nH]ccc12,resolved
A1AKV,c1c[nH]c2c1c(ncn2)N[C@@H](CC3CC3)C(=O)O,Components-smiles-stereo-oe.smi,O=C(O)[C@H](CC1CC1)Nc1ncnc2[nH]ccc12,resolved
A1AKZ,CS(=O)(=O)Nc1cccc(c1)[C@@H](CC(=O)O)NC(=O)c2c3cc[nH]c3ncn2,Components-smiles-stereo-oe.smi,CS(=O)(=O)Nc1cccc([C@@H](CC(=O)O)NC(=O)c2ncnc3[nH]ccc23)c1,resolved
A1AL0,CC(C)[C@@H](c1cnn(c1)C)Nc2c3cc[nH]c3ncn2,Components-smiles-stereo-oe.smi,CC(C)[C@H](Nc1ncnc2[nH]ccc12)c1cnn(C)c1,resolved
A1AL1,CC(C)[C@@H](c1ccc2c(c1)S(=O)(=O)CCC2)Nc3c(c(ncn3)N)Cl,Components-smiles-stereo-oe.smi,CC(C)[C@H](Nc1ncnc(N)c1Cl)c1ccc2c(c1)S(=O)(=O)CCC2,resolved
A1AL4,C[C@H](c1[nH]nnn1)[C@H](c2ccc(cc2)OC)NC(=O)c3c4cc[nH]c4ncn3,Components-smiles-stereo-oe.smi,COc1ccc([C@H](NC(=O)c2ncnc3[nH]ccc23)[C@H](C)c2nnn[nH]2)cc1,resolved
A1AL5,CC(C)[C@@H](c1ccc2c(c1)S(=O)(=O)CCC2)Nc3c4cc([nH]c4ncn3)C(=O)NC,Components-smiles-stereo-oe.smi,CNC(=O)c1cc2c(N[C@H](c3ccc4c(c3)S(=O)(=O)CCC4)C(C)C)ncnc2[nH]1,resolved
A1AL6,CC(C)[C@@H](c1ccc2c(n1)NC(=O)CO2)Nc3c4cc([nH]c4ncn3)c5cnn(c5C#N)C,Components-smiles-stereo-oe.smi,CC(C)[C@H](Nc1ncnc2[nH]c(-c3cnn(C)c3C#N)cc12)c1ccc2c(n1)NC(=O)CO2,resolved
A1AL7,CC(C)[C@@H](c1ccc2c(c1)OCCO2)Nc3c4cc([nH]c4ncn3)c5cnn(c5)CC(=O)N(C)C,Components-smiles-stereo-oe.smi,CC(C)[C@H](Nc1ncnc2[nH]c(-c3cnn(CC(=O)N(C)C)c3)cc12)c1ccc2c(c1)OCCO2,resolved
A1ALQ,CC(C)(C)[C@@H](c1ccc2c(n1)OCCO2)Nc3c4cc([nH]c4ncn3)c5cnn(c5C#N)C,Components-smiles-stereo-oe.smi,Cn1ncc(-c2cc3c(N[C@H](c4ccc5c(n4)OCCO5)C(C)(C)C)ncnc3[nH]2)c1C#N,resolved
A1ALR,CC(C)[C@@H](c1ccc2c(c1)S(=O)(=O)NCC2)Nc3c4cc([nH]c4ncn3)c5cnn(c5)C,Components-smiles-stereo-oe.smi,CC(C)[C@H](Nc1ncnc2[nH]c(-c3cnn(C)c3)cc12)c1ccc2c(c1)S(=O)(=O)NCC2,resolved
A1ALS,CC(C)[C@@H](C1=SCCC1)Nc2c3cc[nH]c3ncn2,Components-smiles-stereo-oe.smi,CC(C)[C@H](Nc1ncnc2[nH]ccc12)C1=[SH]CCC1,resolved
A1ALY,CC(C)[C@H](C(F)F)Nc1c2cc[nH]c2ncn1,Components-smiles-stereo-oe.smi,CC(C)[C@@H](Nc1ncnc2[nH]ccc12)C(F)F,resolved
A1AMD,CC(C)[C@@H](c1ccc2c(n1)OCCO2)Nc3c4cc([nH]c4ncn3)c5cnn(c5C#N)C,Components-smiles-stereo-oe.smi,CC(C)[C@H](Nc1ncnc2[nH]c(-c3cnn(C)c3C#N)cc12)c1ccc2c(n1)OCCO2,resolved
A1AME,CCNC(=O)c1cc2c([nH]1)ncnc2N[C@H](c3ccc4c(c3)S(=O)(=O)CCC4)C(C)C,Components-smiles-stereo-oe.smi,CCNC(=O)c1cc2c(N[C@H](c3ccc4c(c3)S(=O)(=O)CCC4)C(C)C)ncnc2[nH]1,resolved
A1AMF,CC(C)[C@@H](c1ccc2c(c1)S(=O)(=O)CCC2)Nc3c4c(c[nH]c4ncn3)C(=O)NC,Components-smiles-stereo-oe.smi,CNC(=O)c1c[nH]c2ncnc(N[C@H](c3ccc4c(c3)S(=O)(=O)CCC4)C(C)C)c12,resolved
A1AMG,CC(C)[C@@H](c1ccc2c(c1)S(=O)(=O)CCC2)Nc3c4c(c[nH]c4ncn3)C(=O)NC5CC5,Components-smiles-stereo-oe.smi,CC(C)[C@H](Nc1ncnc2[nH]cc(C(=O)NC3CC3)c12)c1ccc2c(c1)S(=O)(=O)CCC2,resolved
A1AMI,CC(C)[C@@H](c1ccc2c(c1)[S@@](=O)CCO2)Nc3c4c(ncn3)NCC4,Components-smiles-stereo-oe.smi,CC(C)[C@H](Nc1ncnc2c1CCN2)c1ccc2c(c1)[S@@](=O)CCO2,resolved
A1AMJ,CCNC(=O)c1cc2c([nH]1)ncnc2N[C@H](c3ccc4c(c3)C(=O)N(C=N4)C)C(C)C,Components-smiles-stereo-oe.smi,CCNC(=O)c1cc2c(N[C@H](c3ccc4ncn(C)c(=O)c4c3)C(C)C)ncnc2[nH]1,resolved
A1AMK,CCNC(=O)c1cc2c([nH]1)ncnc2N[C@H](c3ccc4c(c3)S(=O)(=O)CCO4)C(C)C,Components-smiles-stereo-oe.smi,CCNC(=O)c1cc2c(N[C@H](c3ccc4c(c3)S(=O)(=O)CCO4)C(C)C)ncnc2[nH]1,resolved
A1AML,CC(C)[C@@H](c1ccc2c(c1)S(=O)(=O)CCO2)Nc3c4cc[nH]c4ncn3,Components-smiles-stereo-oe.smi,CC(C)[C@H](Nc1ncnc2[nH]ccc12)c1ccc2c(c1)S(=O)(=O)CCO2,resolved
A1AMP,CCNC(=O)c1cc2c([nH]1)ncnc2N[C@H](c3ccc4c(c3)S(=O)(=O)NCC4)C(C)C,Components-smiles-stereo-oe.smi,CCNC(=O)c1cc2c(N[C@H](c3ccc4c(c3)S(=O)(=O)NCC4)C(C)C)ncnc2[nH]1,resolved
A1AMQ,CCNC(=O)c1cc2c([nH]1)ncnc2N[C@H](c3ccc4c(c3)S(=O)(=O)CCC4)C5CC5,Components-smiles-stereo-oe.smi,CCNC(=O)c1cc2c(N[C@H](c3ccc4c(c3)S(=O)(=O)CCC4)C3CC3)ncnc2[nH]1,resolved
A1AMR,CC(C)[C@@H](c1ccc2c(c1)S(=O)(=O)CCC2)Nc3c4cc([nH]c4ncn3)c5cnn(c5)CC(=O)N,Components-smiles-stereo-oe.smi,CC(C)[C@H](Nc1ncnc2[nH]c(-c3cnn(CC(N)=O)c3)cc12)c1ccc2c(c1)S(=O)(=O)CCC2,resolved
A1AMS,CC(C)[C@@H](c1ccc2c(c1)S(=O)(=O)CCC2)Nc3c4cc([nH]c4ncn3)c5ccc6cncn6c5,Components-smiles-stereo-oe.smi,CC(C)[C@H](Nc1ncnc2[nH]c(-c3ccc4cncn4c3)cc12)c1ccc2c(c1)S(=O)(=O)CCC2,resolved
A1AMT,CC(C)[C@@H](c1ccc2c(c1)S(=O)(=O)CCC2)Nc3c4c([nH]cn4)ncn3,Components-smiles-stereo-oe.smi,CC(C)[C@H](Nc1ncnc2[nH]cnc12)c1ccc2c(c1)S(=O)(=O)CCC2,resolved
A1AMU,C[C@@H]([C@H](c1ccc(cc1)Br)NC(=O)c2c3cc[nH]c3ncn2)C(=O)O,Components-smiles-stereo-oe.smi,C[C@H](C(=O)O)[C@@H](NC(=O)c1ncnc2[nH]ccc12)c1ccc(Br)cc1,resolved
A1AMV,CCNC(=O)c1cc2c([nH]1)ncnc2N[C@H](c3ccnc(c3)N)C(C)C,Components-smiles-stereo-oe.smi,CCNC(=O)c1cc2c(N[C@H](c3ccnc(N)c3)C(C)C)ncnc2[nH]1,resolved
A1AMW,CC(C)[C@@H](c1ccc2c(c1)S(=O)(=O)CCC2)Nc3c4cc([nH]c4ncn3)C5=CC(=O)N(C=C5)C,Components-smiles-stereo-oe.smi,CC(C)[C@H](Nc1ncnc2[nH]c(-c3ccn(C)c(=O)c3)cc12)c1ccc2c(c1)S(=O)(=O)CCC2,resolved
A1AN0,CC(C)[C@@H](c1ccc2c(c1)S(=O)(=O)CCC2)Nc3c4cc([nH]c4ncn3)Br,Components-smiles-stereo-oe.smi,CC(C)[C@H](Nc1ncnc2[nH]c(Br)cc12)c1ccc2c(c1)S(=O)(=O)CCC2,resolved
A1AN2,CC(C)[C@@H](c1ccc2c(c1)S(=O)(=O)CCC2)Nc3c4cc([nH]c4ncn3)c5cnc(nc5)N,Components-smiles-stereo-oe.smi,CC(C)[C@H](Nc1ncnc2[nH]c(-c3cnc(N)nc3)cc12)c1ccc2c(c1)S(=O)(=O)CCC2,resolved
A1AN3,CC(C)[C@@H](c1ccc2c(c1)S(=O)(=O)CCC2)Nc3c4cc([nH]c4ncn3)c5cnc(nc5)N6CC(C6)O,Components-smiles-stereo-oe.smi,CC(C)[C@H](Nc1ncnc2[nH]c(-c3cnc(N4CC(O)C4)nc3)cc12)c1ccc2c(c1)S(=O)(=O)CCC2,resolved
A1AN4,CCNC(=O)c1cc2c([nH]1)ncnc2N[C@H](c3ccc4c(c3)OCCO4)C(C)C,Components-smiles-stereo-oe.smi,CCNC(=O)c1cc2c(N[C@H](c3ccc4c(c3)OCCO4)C(C)C)ncnc2[nH]1,resolved
A1AN5,CC(C)[C@@H](c1ccc2c(c1)S(=O)(=O)CCC2)Nc3c4c(ncn3)OCCO4,Components-smiles-stereo-oe.smi,CC(C)[C@H](Nc1ncnc2c1OCCO2)c1ccc2c(c1)S(=O)(=O)CCC2,resolved
A1ANI,CCNC(=O)c1cc2c([nH]1)ncnc2N[C@H](c3ccc4c(c3)sc(n4)NC(=O)C)C(C)C,Components-smiles-stereo-oe.smi,CCNC(=O)c1cc2c(N[C@H](c3ccc4nc(NC(C)=O)sc4c3)C(C)C)ncnc2[nH]1,resolved
A1ANJ,CC(C)[C@@H](c1ccc2c(c1)S(=O)(=O)CCC2)Nc3c4cc([nH]c4ncn3)c5cccc(c5)CN6CCN(CC6)C(=O)C,Components-smiles-stereo-oe.smi,CC(=O)N1CCN(Cc2cccc(-c3cc4c(N[C@H](c5ccc6c(c5)S(=O)(=O)CCC6)C(C)C)ncnc4[nH]3)c2)CC1,resolved
A1ANK,CC(C)[C@@H](c1ccc2c(c1)S(=O)(=O)CCC2)Nc3c4cc([nH]c4ncn3)c5ccn6cnnc6c5,Components-smiles-stereo-oe.smi,CC(C)[C@H](Nc1ncnc2[nH]c(-c3ccn4cnnc4c3)cc12)c1ccc2c(c1)S(=O)(=O)CCC2,resolved
A1ANL,CC(C)[C@@H](c1ccc2c(c1)S(=O)(=O)CCC2)Nc3c4cc([nH]c4ncn3)c5ccc(cc5)S(=O)(=O)NCCO,Components-smiles-stereo-oe.smi,CC(C)[C@H](Nc1ncnc2[nH]c(-c3ccc(S(=O)(=O)NCCO)cc3)cc12)c1ccc2c(c1)S(=O)(=O)CCC2,resolved
A1ANP,CC(C)[C@@H](c1ccc2c(n1)S(=O)(=O)CCC2)Nc3c4cc[nH]c4ncn3,Components-smiles-stereo-oe.smi,CC(C)[C@H](Nc1ncnc2[nH]ccc12)c1ccc2c(n1)S(=O)(=O)CCC2,resolved
A1ANQ,CC(C)[C@@H](c1ccc2c(c1)NC(=O)CO2)Nc3c4cc([nH]c4ncn3)c5cnn(c5C#N)C,Components-smiles-stereo-oe.smi,CC(C)[C@H](Nc1ncnc2[nH]c(-c3cnn(C)c3C#N)cc12)c1ccc2c(c1)NC(=O)CO2,resolved
A1ANR,CC(C)[C@@H](c1ccc2c(c1)S(=O)(=O)CCC2)Nc3c4cc([nH]c4ncn3)C(=O)NC5CN(C5)C,Components-smiles-stereo-oe.smi,CC(C)[C@H](Nc1ncnc2[nH]c(C(=O)NC3CN(C)C3)cc12)c1ccc2c(c1)S(=O)(=O)CCC2,resolved
A1ANS,CC(C)[C@@H](c1ccc2c(c1)S(=O)(=O)CCC2)Nc3c4cc([nH]c4ncn3)S(=O)(=O)NC,Components-smiles-stereo-oe.smi,CNS(=O)(=O)c1cc2c(N[C@H](c3ccc4c(c3)S(=O)(=O)CCC4)C(C)C)ncnc2[nH]1,resolved
A1ANU,CC(C)[C@@H](c1ccc2c(c1)S(=O)(=O)CCC2)Nc3c4cc([nH]c4ncn3)c5ccc6c(c5)C(C(=O)N6)(C)C,Components-smiles-stereo-oe.smi,CC(C)[C@H](Nc1ncnc2[nH]c(-c3ccc4c(c3)C(C)(C)C(=O)N4)cc12)c1ccc2c(c1)S(=O)(=O)CCC2,resolved
A1ANV,CC(C)[C@@H](c1ccc2c(c1)S(=O)(=O)CCC2)Nc3c4cc([nH]c4ncn3)S(=O)(=O)C,Components-smiles-stereo-oe.smi,CC(C)[C@H](Nc1ncnc2[nH]c(S(C)(=O)=O)cc12)c1ccc2c(c1)S(=O)(=O)CCC2,resolved
A1ANW,CC(C)[C@@H](c1ccc2c(c1)S(=O)(=O)CCC2)Nc3c4cc([nH]c4ncn3)C5=CCOC5,Components-smiles-stereo-oe.smi,CC(C)[C@H](Nc1ncnc2[nH]c(C3=CCOC3)cc12)c1ccc2c(c1)S(=O)(=O)CCC2,resolved
A1ANX,CC(C)[C@@H](c1ccc2c(c1)S(=O)(=O)CCC2)Nc3c4cc([nH]c4ncn3)c5c[nH]nc5,Components-smiles-stereo-oe.smi,CC(C)[C@H](Nc1ncnc2[nH]c(-c3cn[nH]c3)cc12)c1ccc2c(c1)S(=O)(=O)CCC2,resolved
A1ANY,CC(C)[C@@H](c1ccc2c(c1)S(=O)(=O)CCC2)Nc3c4cc([nH]c4ncn3)C5=CN(C(=O)C=C5)C,Components-smiles-stereo-oe.smi,CC(C)[C@H](Nc1ncnc2[nH]c(-c3ccc(=O)n(C)c3)cc12)c1ccc2c(c1)S(=O)(=O)CCC2,resolved
A1ANZ,CC(C)[C@@H](c1ccc2c(c1)S(=O)(=O)CCC2)Nc3c4cc([nH]c4ncn3)c5ccnc(c5)OCCN(C)C,Components-smiles-stereo-oe.smi,CC(C)[C@H](Nc1ncnc2[nH]c(-c3ccnc(OCCN(C)C)c3)cc12)c1ccc2c(c1)S(=O)(=O)CCC2,resolved
A1AOA,CC(C)[C@@H](c1ccc2c(c1)S(=O)(=O)CCC2)Nc3c4c(ncn3)C[C@H]5CC[C@@H]4N5C(=O)C,Components-smiles-stereo-oe.smi,CC(=O)N1[C@@H]2CC[C@H]1c1c(ncnc1N[C@H](c1ccc3c(c1)S(=O)(=O)CCC3)C(C)C)C2,resolved
A1AOB,CC(C)[C@@H](c1ccc2c(c1)S(=O)(=O)CCC2)Nc3c4cc([nH]c4ncn3)C(=O)N[C@@H]5CCN(C5)C,Components-smiles-stereo-oe.smi,CC(C)[C@H](Nc1ncnc2[nH]c(C(=O)N[C@@H]3CCN(C)C3)cc12)c1ccc2c(c1)S(=O)(=O)CCC2,resolved
A1AOC,CC(C)[C@@H](c1ccc2c(c1)S(=O)(=O)CCC2)Nc3c4cc([nH]c4ncn3)c5cnn(c5)C,Components-smiles-stereo-oe.smi,CC(C)[C@H](Nc1ncnc2[nH]c(-c3cnn(C)c3)cc12)c1ccc2c(c1)S(=O)(=O)CCC2,resolved
A1APZ,CS(=O)(=O)N1CC2(C1)c3ccccc3N(C2=O)Cc4nc5cc(ccc5n4CCCC(F)(F)F)Cl,Components-smiles-stereo-oe.smi,CS(=O)(=O)N1CC2(C1)C(=O)N(Cc1nc3cc(Cl)ccc3n1CCCC(F)(F)F)c1ccccc12,resolved
A1ARL,Cn1c2c(cn1)c(ncn2)Nc3ccccc3Cl,Components-smiles-stereo-oe.smi,Cn1ncc2c(Nc3ccccc3Cl)ncnc21,resolved
A1ASK,Cc1cccc(c1)NC(=S)NCCN(C)C,Components-smiles-stereo-oe.smi,Cc1cccc(NC(=S)NCCN(C)C)c1,resolved
A1ASL,Cc1ccc(c(c1)C)Nc2cc(nc3n2cnn3)C,Components-smiles-stereo-oe.smi,Cc1ccc(Nc2cc(C)nc3nncn23)c(C)c1,resolved
A1D9H,[H]/N=C/[C@H](C[C@@H]1CCNC1=O)NC(=O)[C@H](Cc2ccccc2)NC(=O)[C@H](C(C)(C)C)NC(=O)OC(C)(C)C,Components-smiles-stereo-oe.smi,[H]/N=C/[C@H](C[C@@H]1CCNC1=O)NC(=O)[C@H](Cc1ccccc1)NC(=O)[C@@H](NC(=O)OC(C)(C)C)C(C)(C)C,resolved
A1H0G,c1cc2c(ccs2)cc1N,Components-smiles-stereo-oe.smi,Nc1ccc2sccc2c1,resolved
A1H0J,C[C@H](c1ccc(cc1)I)N,Components-smiles-stereo-oe.smi,C[C@@H](N)c1ccc(I)cc1,resolved
A1H0K,c1cc2c(cc1I)sc(n2)N,Components-smiles-stereo-oe.smi,Nc1nc2ccc(I)cc2s1,resolved
A1H0L,c1ccc2c(c1)c(cs2)CC(=O)O,Components-smiles-stereo-oe.smi,O=C(O)Cc1csc2ccccc12,resolved
A1H0M,c1cc2c(cc1Br)sc(n2)N,Components-smiles-stereo-oe.smi,Nc1nc2ccc(Br)cc2s1,resolved
A1H0N,C[C@H](c1ccc(cc1)Br)N,Components-smiles-stereo-oe.smi,C[C@@H](N)c1ccc(Br)cc1,resolved
A1H1I,CN1C(=O)[C@@H](N(CCCOc2ccc(cc2CN1C=N)F)C(=O)COc3ccc(cc3Cl)Cl)Cc4ccccc4,Components-smiles-stereo-oe.smi,CN1C(=O)[C@H](Cc2ccccc2)N(C(=O)COc2ccc(Cl)cc2Cl)CCCOc2ccc(F)cc2CN1C=N,resolved
A1H28,c1cc(c(cc1SC[C@@H]2[C@H]([C@H]([C@@H](O2)n3cnc4c3ncnc4N)O)O)C(=O)O)Cl,Components-smiles-stereo-oe.smi,Nc1ncnc2c1ncn2[C@@H]1O[C@H](CSc2ccc(Cl)c(C(=O)O)c2)[C@@H](O)[C@H]1O,resolved
A1H29,c1c(nn[nH]1)CCSC[C@@H]2[C@H]([C@H]([C@@H](O2)n3cnc4c3ncnc4N)O)O,Components-smiles-stereo-oe.smi,Nc1ncnc2c1ncn2[C@@H]1O[C@H](CSCCc2c[nH]nn2)[C@@H](O)[C@H]1O,resolved
A1H3A,c1cc(c(cc1CSC[C@@H]2[C@H]([C@H]([C@@H](O2)n3cnc4c3ncnc4N)O)O)C(=O)O)Cl,Components-smiles-stereo-oe.smi,Nc1ncnc2c1ncn2[C@@H]1O[C@H](CSCc2ccc(Cl)c(C(=O)O)c2)[C@@H](O)[C@H]1O,resolved
A1H3B,c1cc(ccc1c2cc(cc(c2)C(=O)O)CSC[C@@H]3[C@H]([C@H]([C@@H](O3)n4cnc5c4ncnc5N)O)O)O,Components-smiles-stereo-oe.smi,Nc1ncnc2c1ncn2[C@@H]1O[C@H](CSCc2cc(C(=O)O)cc(-c3ccc(O)cc3)c2)[C@@H](O)[C@H]1O,resolved
A1H3C,c1ccc(cc1)c2ccc(cc2C(=O)O)CSC[C@@H]3[C@H]([C@H]([C@@H](O3)n4cnc5c4ncnc5N)O)O,Components-smiles-stereo-oe.smi,Nc1ncnc2c1ncn2[C@@H]1O[C@H](CSCc2ccc(-c3ccccc3)c(C(=O)O)c2)[C@@H](O)[C@H]1O,resolved
A1H3D,c1cc(cc(c1)C(=O)O)CSC[C@@H]2[C@H]([C@H]([C@@H](O2)n3cnc4c3ncnc4N)O)O,Components-smiles-stereo-oe.smi,Nc1ncnc2c1ncn2[C@@H]1O[C@H](CSCc2cccc(C(=O)O)c2)[C@@H](O)[C@H]1O,resolved
A1H3E,c1c(cc(cc1/C=C/CO)C(=O)O)CSC[C@@H]2[C@H]([C@H]([C@@H](O2)n3cnc4c3ncnc4N)O)O,Components-smiles-stereo-oe.smi,Nc1ncnc2c1ncn2[C@@H]1O[C@H](CSCc2cc(/C=C/CO)cc(C(=O)O)c2)[C@@H](O)[C@H]1O,resolved
A1H4B,c1cc(cnc1)c2cc(cc(c2)C(=O)O)CSC[C@@H]3[C@H]([C@H]([C@@H](O3)n4cnc5c4ncnc5N)O)O,Components-smiles-stereo-oe.smi,Nc1ncnc2c1ncn2[C@@H]1O[C@H](CSCc2cc(C(=O)O)cc(-c3cccnc3)c2)[C@@H](O)[C@H]1O,resolved
A1H4C,c1cc(cc(c1)O)c2cc(cc(c2)C(=O)O)CSC[C@@H]3[C@H]([C@H]([C@@H](O3)n4cnc5c4ncnc5N)O)O,Components-smiles-stereo-oe.smi,Nc1ncnc2c1ncn2[C@@H]1O[C@H](CSCc2cc(C(=O)O)cc(-c3cccc(O)c3)c2)[C@@H](O)[C@H]1O,resolved
A1H4D,c1cn(cn1)c2cc(cc(c2)C(=O)O)CSC[C@@H]3[C@H]([C@H]([C@@H](O3)n4cnc5c4ncnc5N)O)O,Components-smiles-stereo-oe.smi,Nc1ncnc2c1ncn2[C@@H]1O[C@H](CSCc2cc(C(=O)O)cc(-n3ccnc3)c2)[C@@H](O)[C@H]1O,resolved
A1IB6,CCN(C[C@@H]1[C@H]([C@H]([C@@H](O1)n2cc(c3c2ncnc3N)C#Cc4cccnc4)O)O)S(=O)(=O)c5ccc(c(c5)C#N)OC,Components-smiles-stereo-oe.smi,CCN(C[C@H]1O[C@@H](n2cc(C#Cc3cccnc3)c3c(N)ncnc32)[C@H](O)[C@@H]1O)S(=O)(=O)c1ccc(OC)c(C#N)c1,resolved
A1IEY,c1ccc(cc1)COc2ccc(c(c2)F)C(=O)Oc3cc(cnc3)Cl,Components-smiles-stereo-oe.smi,O=C(Oc1cncc(Cl)c1)c1ccc(OCc2ccccc2)cc1F,resolved
A1IF1,CCOc1ccc(c(c1)F)C(=O)Oc2cc(cnc2)Cl,Components-smiles-stereo-oe.smi,CCOc1ccc(C(=O)Oc2cncc(Cl)c2)c(F)c1,resolved
A1IM3,c1ccc2c(c1)c(c[nH]2)C[C@H](CC(=O)O)N,Components-smiles-stereo-oe.smi,N[C@@H](CC(=O)O)Cc1c[nH]c2ccccc12,resolved
A1IM4,[H]/N=C/c1cc(ccn1)C(=O)O,Components-smiles-stereo-oe.smi,[H]/N=C/c1cc(C(=O)O)ccn1,resolved
A1IM8,CNC(=O)[C@@H](Cc1ccncc1)N,Components-smiles-stereo-oe.smi,CNC(=O)[C@H](N)Cc1ccncc1,resolved
A1IMU,CNC(=O)[C@@H]([C@H](C[C@@H]1CCNC1=O)NC(=O)[C@H](CC2CC2)N3C=CC=C(C3=O)NC(=O)Nc4ccccc4)O,Components-smiles-stereo-oe.smi,CNC(=O)[C@H](O)[C@H](C[C@@H]1CCNC1=O)NC(=O)[C@H](CC1CC1)n1cccc(NC(=O)Nc2ccccc2)c1=O,resolved
A1L1V,Cc1ccc2c(c1[C@@H](C(=O)O)OC(C)(C)C)C3(CC2)CCC(CC3)C,Components-smiles-stereo-oe.smi,Cc1ccc2c(c1[C@H](OC(C)(C)C)C(=O)O)C1(CC2)CCC(C)CC1,resolved
A1L1W,Cc1cc(c2c(c1[C@@H](C(=O)O)OC(C)(C)C)C3(CC2)CCC(CC3)C)C(=O)NC4CCCCCC4,Components-smiles-stereo-oe.smi,Cc1cc(C(=O)NC2CCCCCC2)c2c(c1[C@H](OC(C)(C)C)C(=O)O)C1(CC2)CCC(C)CC1,resolved
A1LYZ,CC(C)C[C@@H](C(=O)N[C@@H](C[C@@H]1CCNC1=O)C=O)NC(=O)OCc2ccc(cc2)OC,Components-smiles-stereo-oe.smi,COc1ccc(COC(=O)N[C@@H](CC(C)C)C(=O)N[C@H](C=O)C[C@@H]2CCNC2=O)cc1,resolved
A1R,c1nc(c2c(n1)n(cn2)[C@H]3[C@@H]([C@@H]([C@H](O3)CO[P@](=O)(O)O[P@@](=O)(O)OC[C@@H]4[C@H]([C@H](CN4)O)O)O)O)N,Components-smiles-stereo-oe.smi,Nc1ncnc2c1ncn2[C@@H]1O[C@H](CO[P@](=O)(O)O[P@@](=O)(O)OC[C@H]2NC[C@H](O)[C@@H]2O)[C@@H](O)[C@H]1O,resolved
A1W,c1ccc(cc1)[C@@H]2[C@@H](N(N=C2c3ccccc3)C(=O)CCl)c4ccccc4,Components-smiles-stereo-oe.smi,O=C(CCl)N1N=C(c2ccccc2)[C@H](c2ccccc2)[C@@H]1c1ccccc1,resolved
A2G,CC(=O)N[C@@H]1[C@H]([C@H]([C@H](O[C@@H]1O)CO)O)O,Components-smiles-stereo-oe.smi,CC(=O)N[C@@H]1[C@@H](O)[C@@H](O)[C@@H](CO)O[C@@H]1O,resolved
A2M,CO[C@@H]1[C@@H]([C@H](O[C@H]1n2cnc3c2ncnc3N)COP(=O)(O)O)O,Components-smiles-stereo-oe.smi,CO[C@@H]1[C@H](O)[C@@H](COP(=O)(O)O)O[C@H]1n1cnc2c(N)ncnc21,resolved
A2R,c1nc(c2c(n1)n(cn2)[C@H]3[C@@H]([C@@H]([C@H](O3)CO[P@](=O)(O)O[P@@](=O)(O)OC[C@@H]4[C@H]([C@H]([C@@H](O4)O)O)O)O)OP(=O)(O)O)N,Components-smiles-stereo-oe.smi,Nc1ncnc2c1ncn2[C@@H]1O[C@H](CO[P@](=O)(O)O[P@@](=O)(O)OC[C@H]2O[C@@H](O)[C@H](O)[C@@H]2O)[C@@H](O)[C@H]1OP(=O)(O)O,resolved
A3R,c1nc(c2c(n1)n(cn2)[C@H]3[C@@H]([C@@H]([C@H](O3)COP(=O)(O)OP(=O)(O)OC[C@@H]4C[C@H](CN4)O)O)O)N,Components-smiles-stereo-oe.smi,Nc1ncnc2c1ncn2[C@@H]1O[C@H](COP(=O)(O)OP(=O)(O)OC[C@@H]2C[C@@H](O)CN2)[C@@H](O)[C@H]1O,resolved
A3X,C/C(=N\NC(=S)N)/c1ccc(c(c1)OC)O,Components-smiles-stereo-oe.smi,COc1cc(/C(C)=N/NC(N)=S)ccc1O,resolved
A4O,c1cc(c(cc1O)O)/C=N/NC(=S)N,Components-smiles-stereo-oe.smi,NC(=S)N/N=C/c1ccc(O)cc1O,resolved
A5I,COc1cc(cc(c1O)OC)/C=N/NC(=S)N,Components-smiles-stereo-oe.smi,COc1cc(/C=N/NC(N)=S)cc(OC)c1O,resolved
A60,CCC(CC)C[N@@](C[C@H]([C@H](Cc1ccccc1)NC(=O)O[C@H]2CO[C@@H]3[C@H]2CCO3)O)S(=O)(=O)c4ccc(cc4)N,Components-smiles-stereo-oe.smi,CCC(CC)CN(C[C@@H](O)[C@H](Cc1ccccc1)NC(=O)O[C@H]1CO[C@H]2OCC[C@H]21)S(=O)(=O)c1ccc(N)cc1,resolved
A61,CCC(CC)C[N@@](C[C@H]([C@H](Cc1ccccc1)NC(=O)O[C@H]2CO[C@@H]3[C@H]2CCO3)O)S(=O)(=O)c4ccc5c(c4)scn5,Components-smiles-stereo-oe.smi,CCC(CC)CN(C[C@@H](O)[C@H](Cc1ccccc1)NC(=O)O[C@H]1CO[C@H]2OCC[C@H]21)S(=O)(=O)c1ccc2ncsc2c1,resolved
A68,CC[C@H](C)[C@@H](C(=O)N[C@@H](Cc1ccccc1)[C@@H](C[N@](CC(C)C)S(=O)(=O)c2ccc(cc2)OC)O)NC(=O)C,Components-smiles-stereo-oe.smi,CC[C@H](C)[C@H](NC(C)=O)C(=O)N[C@@H](Cc1ccccc1)[C@H](O)CN(CC(C)C)S(=O)(=O)c1ccc(OC)cc1,resolved
A69,c1ccc(cc1)CCC[N@@](C[C@H]([C@H](Cc2ccccc2)NC(=O)c3cccc(c3)O)O)S(=O)(=O)c4ccc5c(c4)scn5,Components-smiles-stereo-oe.smi,O=C(N[C@@H](Cc1ccccc1)[C@H](O)CN(CCCc1ccccc1)S(=O)(=O)c1ccc2ncsc2c1)c1cccc(O)c1,resolved
A6Q,CCNC(=S)N/N=C/c1ccc(c(c1)O)O,Components-smiles-stereo-oe.smi,CCNC(=S)N/N=C/c1ccc(O)c(O)c1,resolved
A76,CC(C)[C@@H](C(=O)N[C@@H](Cc1ccccc1)[C@H]([C@@H]([C@H](Cc2ccccc2)NC(=O)[C@H](C(C)C)NC(=O)N(C)Cc3ccccn3)O)O)NC(=O)N(C)Cc4ccccn4,Components-smiles-stereo-oe.smi,CC(C)[C@H](NC(=O)N(C)Cc1ccccn1)C(=O)N[C@@H](Cc1ccccc1)[C@@H](O)[C@H](O)[C@H](Cc1ccccc1)NC(=O)[C@@H](NC(=O)N(C)Cc1ccccn1)C(C)C,resolved
A77,CC(C)[C@@H](C(=O)N[C@@H](Cc1ccccc1)[C@@H]([C@@H]([C@H](Cc2ccccc2)NC(=O)[C@H](C(C)C)NC(=O)N(C)Cc3ccccn3)O)O)NC(=O)N(C)Cc4ccccn4,Components-smiles-stereo-oe.smi,CC(C)[C@H](NC(=O)N(C)Cc1ccccn1)C(=O)N[C@@H](Cc1ccccc1)[C@H](O)[C@H](O)[C@H](Cc1ccccc1)NC(=O)[C@@H](NC(=O)N(C)Cc1ccccn1)C(C)C,resolved
A78,CC(C)[C@@H](C(=O)N[C@@H](Cc1ccccc1)C[C@@H]([C@H](Cc2ccccc2)NC(=O)[C@H](C(C)C)NC(=O)N(C)Cc3cccc[nH+]3)O)NC(=O)N(C)Cc4cccc[nH+]4,Components-smiles-stereo-oe.smi,CC(C)[C@H](NC(=O)N(C)Cc1cccc[nH+]1)C(=O)N[C@@H](Cc1ccccc1)C[C@H](O)[C@H](Cc1ccccc1)NC(=O)[C@@H](NC(=O)N(C)Cc1cccc[nH+]1)C(C)C,resolved
A79,CC(C)[C@@H](C(=O)N[C@@H](Cc1ccccc1)[C@@H]([C@H]([C@H](Cc2ccccc2)NC(=O)[C@H](C(C)C)NC(=O)N(C)Cc3ccccn3)O)O)NC(=O)N(C)Cc4ccccn4,Components-smiles-stereo-oe.smi,CC(C)[C@H](NC(=O)N(C)Cc1ccccn1)C(=O)N[C@@H](Cc1ccccc1)[C@H](O)[C@@H](O)[C@H](Cc1ccccc1)NC(=O)[C@@H](NC(=O)N(C)Cc1ccccn1)C(C)C,resolved
A7L,CCNC(=S)N/N=C/c1cc(ccc1O)O,Components-smiles-stereo-oe.smi,CCNC(=S)N/N=C/c1cc(O)ccc1O,resolved
A82,CC1=CN2C(=O)C=C(N=C2C(=C1)[C@@H](C)Nc3ccccc3C(=O)O)N4CCOCC4,Components-smiles-stereo-oe.smi,Cc1cc([C@@H](C)Nc2ccccc2C(=O)O)c2nc(N3CCOCC3)cc(=O)n2c1,resolved
A83,CC(C)CN(C[C@H]([C@H](Cc1ccccc1)n2cc(nn2)CNC(=O)c3ccc(cc3)CNC(=O)OC(C)(C)C)O)S(=O)(=O)c4ccc(cc4)OC,Components-smiles-stereo-oe.smi,COc1ccc(S(=O)(=O)N(CC(C)C)C[C@@H](O)[C@H](Cc2ccccc2)n2cc(CNC(=O)c3ccc(CNC(=O)OC(C)(C)C)cc3)nn2)cc1,resolved
A85,CC(C)[C@@H](C(=O)N[C@@H](Cc1ccccc1)C(C([C@H](Cc2ccccc2)NC(=O)[C@H](C(C)C)NC(=O)N(C)Cc3ccccn3)(F)F)(O)O)NC(=O)N(C)Cc4ccccn4,Components-smiles-stereo-oe.smi,CC(C)[C@H](NC(=O)N(C)Cc1ccccn1)C(=O)N[C@@H](Cc1ccccc1)C(O)(O)C(F)(F)[C@H](Cc1ccccc1)NC(=O)[C@@H](NC(=O)N(C)Cc1ccccn1)C(C)C,resolved
A88,COc1cc(ccc1O)CN2[C@@H]([C@@H](C[N@](N(C2=O)Cc3ccc(c(c3)OC)O)Cc4ccccc4)O)Cc5ccccc5,Components-smiles-stereo-oe.smi,COc1cc(CN2C(=O)N(Cc3ccc(O)c(OC)c3)N(Cc3ccccc3)C[C@@H](O)[C@H]2Cc2ccccc2)ccc1O,resolved
A8J,CC(=O)c1cccc(c1)C(=O)OC(C)(C)C,Components-smiles-stereo-oe.smi,CC(=O)c1cccc(C(=O)OC(C)(C)C)c1,resolved
AAA,Cc1ccc(c(c1)N[C@@H](c2c(cccc2Br)Br)C(=O)N)C(=O)C,Components-smiles-stereo-oe.smi,CC(=O)c1ccc(C)cc1N[C@H](C(N)=O)c1c(Br)cccc1Br,resolved
AAC,CC(=O)NCC(=O)O,Components-smiles-stereo-oe.smi,CC(=O)NCC(=O)O,resolved
AAP,Cc1ccc(c(c1)N[C@@H](c2c(cccc2Cl)Cl)C(=O)N)C(=O)C,Components-smiles-stereo-oe.smi,CC(=O)c1ccc(C)cc1N[C@H](C(N)=O)c1c(Cl)cccc1Cl,resolved
AAU,COc1cc(ccc1O)CN2[C@@H]([C@@H](CN(N(C2=O)Cc3ccc(c(c3)OC)O)C(=O)CCc4ccc(cc4)O)O)Cc5ccccc5,Components-smiles-stereo-oe.smi,COc1cc(CN2C(=O)N(Cc3ccc(O)c(OC)c3)N(C(=O)CCc3ccc(O)cc3)C[C@@H](O)[C@H]2Cc2ccccc2)ccc1O,resolved
AB1,Cc1cccc(c1OCC(=O)N[C@@H](Cc2ccccc2)[C@H](C[C@H](Cc3ccccc3)NC(=O)[C@H](C(C)C)N4CCCNC4=O)O)C,Components-smiles-stereo-oe.smi,Cc1cccc(C)c1OCC(=O)N[C@@H](Cc1ccccc1)[C@@H](O)C[C@H](Cc1ccccc1)NC(=O)[C@H](C(C)C)N1CCCNC1=O,resolved
AB2,CC(C)CN(C[C@H]([C@H](Cc1ccccc1)n2cc(nn2)COC(=O)N[C@@H]3c4ccccc4C[C@H]3O)O)S(=O)(=O)c5ccc(cc5)OC,Components-smiles-stereo-oe.smi,COc1ccc(S(=O)(=O)N(CC(C)C)C[C@@H](O)[C@H](Cc2ccccc2)n2cc(COC(=O)N[C@@H]3c4ccccc4C[C@H]3O)nn2)cc1,resolved
ABV,c1ccc2c(c1)nc(s2)N,Components-smiles-stereo-oe.smi,Nc1nc2ccccc2s1,resolved
ABZ,c1cc(ccc1C#N)Nc2nc(nc(n2)N)Cc3c4cc[nH]c4ccc3Cl,Components-smiles-stereo-oe.smi,N#Cc1ccc(Nc2nc(N)nc(Cc3c(Cl)ccc4[nH]ccc34)n2)cc1,resolved
AC7,COc1c(cc(cc1C(=O)OC)C(=CCCCC(=O)OC)c2cc(c(c(c2)C(=O)OC)OC)C#N)C#N,Components-smiles-stereo-oe.smi,COC(=O)CCCC=C(c1cc(C#N)c(OC)c(C(=O)OC)c1)c1cc(C#N)c(OC)c(C(=O)OC)c1,resolved
ADB,c1cc(c(c(c1)Cl)Oc2nc(nc(n2)Nc3ccc(cc3)C#N)N)Cl,Components-smiles-stereo-oe.smi,N#Cc1ccc(Nc2nc(N)nc(Oc3c(Cl)cccc3Cl)n2)cc1,resolved
AF3,F[Al](F)F,Components-smiles-stereo-oe.smi,[F][Al]([F])[F],resolved
AF8,CC(C)C[N@@](C[C@H]([C@H](Cc1ccccc1)NC(=O)c2cccc(c2)O)O)S(=O)(=O)c3ccc(s3)c4ccno4,Components-smiles-stereo-oe.smi,CC(C)CN(C[C@@H](O)[C@H](Cc1ccccc1)NC(=O)c1cccc(O)c1)S(=O)(=O)c1ccc(-c2ccno2)s1,resolved
AG7,CCOC(=O)CC[C@H](C[C@@H]1CCNC1=O)NC(=O)[C@H](Cc2ccc(cc2)F)CC(=O)[C@H](C(C)C)NC(=O)c3cc(on3)C,Components-smiles-stereo-oe.smi,CCOC(=O)CC[C@H](C[C@@H]1CCNC1=O)NC(=O)[C@@H](CC(=O)[C@@H](NC(=O)c1cc(C)on1)C(C)C)Cc1ccc(F)cc1,resolved
AH1,c1ccc(cc1)CN2[C@@H]([C@@H]([C@H]([C@H](N(C2=O)Cc3ccccc3)COc4ccccc4)O)O)COc5ccccc5,Components-smiles-stereo-oe.smi,O=C1N(Cc2ccccc2)[C@H](COc2ccccc2)[C@H](O)[C@@H](O)[C@@H](COc2ccccc2)N1Cc1ccccc1,resolved
AH2,C1[C@H]([C@H]([C@@H]([C@H](O1)CO)O)O)O,Components-smiles-stereo-oe.smi,OC[C@H]1OC[C@@H](O)[C@@H](O)[C@@H]1O,resolved
AHF,COC(c1ccc(cc1)CN2[C@@H]([C@@H]([C@H]([C@H]([N@](S2(=O)=O)Cc3ccc(cc3)CO)COc4ccccc4)O)O)COc5ccccc5)O,Components-smiles-stereo-oe.smi,COC(O)c1ccc(CN2[C@H](COc3ccccc3)[C@H](O)[C@@H](O)[C@@H](COc3ccccc3)N(Cc3ccc(CO)cc3)S2(=O)=O)cc1,resolved
AI,CC(C)[C@@H](C(=O)N[C@@H](Cc1ccccc1)[C@@H]([C@H]([C@H](CC2CCCCC2)NC(=O)[C@H](C(C)C)NC(=O)N(C)Cc3ccccn3)O)O)NC(=O)N(C)Cc4ccccn4,Components-smiles-stereo-oe.smi,CC(C)[C@H](NC(=O)N(C)Cc1ccccn1)C(=O)N[C@@H](Cc1ccccc1)[C@H](O)[C@@H](O)[C@H](CC1CCCCC1)NC(=O)[C@@H](NC(=O)N(C)Cc1ccccn1)C(C)C,resolved
AIE,CC(=O)c1cccc(c1)C(=O)Nc2ccccc2,Components-smiles-stereo-oe.smi,CC(=O)c1cccc(C(=O)Nc2ccccc2)c1,resolved
AJ2,Cc1cc(nc2c1cccc2)O,Components-smiles-stereo-oe.smi,Cc1cc(O)nc2ccccc12,resolved
AJF,CC(=O)c1cccc(c1)C(=O)N[C@@H](Cc2ccccc2)C(=O)OC,Components-smiles-stereo-oe.smi,COC(=O)[C@H](Cc1ccccc1)NC(=O)c1cccc(C(C)=O)c1,resolved
AKC,CCOCCOC(=O)N[C@@H](Cc1ccccc1)[C@H](C[C@]2(C(=O)C(=CN2)[C@H]3c4ccccc4[C@@H]5[C@H]3OC(=O)N5)Cc6ccccc6)O,Components-smiles-stereo-oe.smi,CCOCCOC(=O)N[C@@H](Cc1ccccc1)[C@@H](O)C[C@]1(Cc2ccccc2)NC=C([C@H]2c3ccccc3[C@H]3NC(=O)O[C@H]32)C1=O,resolved
ALC,C1CCC(CC1)C[C@@H](C(=O)O)N,Components-smiles-stereo-oe.smi,N[C@@H](CC1CCCCC1)C(=O)O,resolved
ALD,CC(C)C[C@@H](CO)NC(=O)[C@H](CC(C)C)NC(=O)[C@H](CC(C)C)NC(=O)OCc1ccccc1,Components-smiles-stereo-oe.smi,CC(C)C[C@@H](CO)NC(=O)[C@H](CC(C)C)NC(=O)[C@H](CC(C)C)NC(=O)OCc1ccccc1,resolved
ALQ,CC(C)C(=O)O,Components-smiles-stereo-oe.smi,CC(C)C(=O)O,resolved
ALY,CC(=O)NCCCC[C@@H](C(=O)O)N,Components-smiles-stereo-oe.smi,CC(=O)NCCCC[C@H](N)C(=O)O,resolved
AME,CC(=O)N[C@@H](CCSC)C(=O)O,Components-smiles-stereo-oe.smi,CSCC[C@H](NC(C)=O)C(=O)O,resolved
ANN,COc1ccc(cc1)C(=O)O,Components-smiles-stereo-oe.smi,COc1ccc(C(=O)O)cc1,resolved
AO0,CC(=O)c1cccc(c1)NP(=O)(Oc2ccccc2)Oc3ccccc3,Components-smiles-stereo-oe.smi,CC(=O)c1cccc(NP(=O)(Oc2ccccc2)Oc2ccccc2)c1,resolved
AOT,c1ccc(cc1)NC(=O)C(=O)O,Components-smiles-stereo-oe.smi,O=C(O)C(=O)Nc1ccccc1,resolved
APG,C[C@](c1ccccc1)(C(=O)O)O,Components-smiles-stereo-oe.smi,C[C@@](O)(C(=O)O)c1ccccc1,resolved
APR,c1nc(c2c(n1)n(cn2)[C@H]3[C@@H]([C@@H]([C@H](O3)CO[P@](=O)(O)O[P@](=O)(O)OC[C@@H]4[C@H]([C@H]([C@@H](O4)O)O)O)O)O)N,Components-smiles-stereo-oe.smi,Nc1ncnc2c1ncn2[C@@H]1O[C@H](CO[P@](=O)(O)O[P@](=O)(O)OC[C@H]2O[C@@H](O)[C@H](O)[C@@H]2O)[C@@H](O)[C@H]1O,resolved
APY,c1ccnc(c1)CN,Components-smiles-stereo-oe.smi,NCc1ccccn1,resolved
AQO,c1ccc2c(c1)C(=O)NC(=N2)N,Components-smiles-stereo-oe.smi,Nc1nc2ccccc2c(=O)[nH]1,resolved
AR6,c1nc(c2c(n1)n(cn2)[C@H]3[C@@H]([C@@H]([C@H](O3)COP(=O)(O)OP(=O)(O)OC[C@@H]4[C@H]([C@H]([C@H](O4)O)O)O)O)O)N,Components-smiles-stereo-oe.smi,Nc1ncnc2c1ncn2[C@@H]1O[C@H](COP(=O)(O)OP(=O)(O)OC[C@H]2O[C@H](O)[C@H](O)[C@@H]2O)[C@@H](O)[C@H]1O,resolved
AR7,C(C[C@@H](C(O)O)N)CNC(=[NH2+])N,Components-smiles-stereo-oe.smi,NC(=[NH2+])NCCC[C@H](N)C(O)O,resolved
ARG,C(C[C@@H](C(=O)O)N)CNC(=[NH2+])N,Components-smiles-stereo-oe.smi,NC(=[NH2+])NCCC[C@H](N)C(=O)O,resolved
ARQ,CC(C)(C)OC(=O)N[C@@H](Cc1ccccc1)[C@H](C[N@@+](C)(Cc2ccccc2)NC(=O)c3ccccc3)O,Components-smiles-stereo-oe.smi,CC(C)(C)OC(=O)N[C@@H](Cc1ccccc1)[C@@H](O)C[N@@+](C)(Cc1ccccc1)NC(=O)c1ccccc1,resolved
ASC,C([C@@H]([C@@H]1C(=C(C(=O)O1)O)O)O)O,Components-smiles-stereo-oe.smi,O=C1O[C@H]([C@@H](O)CO)C(O)=C1O,resolved
AT9,C[C@]1([C@@H]([C@H](O[C@H]1n2cnc3c2N=C(NC3=O)N)COP(=O)(O)OP(=O)(O)OP(=O)(O)O)O)F,Components-smiles-stereo-oe.smi,C[C@@]1(F)[C@H](O)[C@@H](COP(=O)(O)OP(=O)(O)OP(=O)(O)O)O[C@H]1n1cnc2c(=O)[nH]c(N)nc21,resolved
AU,[Au+],Components-smiles-stereo-oe.smi,[Au+],resolved
AVX,Cn1c(cc(n1)c2cc3c(c(c2)Br)OCO3)N,Components-smiles-stereo-oe.smi,Cn1nc(-c2cc(Br)c3c(c2)OCO3)cc1N,resolved
AW2,CC(C)[N@](CCCNC(=O)Nc1ccc(cc1)C(C)(C)C)C[C@@H]2[C@H]([C@H]([C@@H](O2)n3cc(c4c3ncnc4N)Br)O)O,Components-smiles-stereo-oe.smi,CC(C)N(CCCNC(=O)Nc1ccc(C(C)(C)C)cc1)C[C@H]1O[C@@H](n2cc(Br)c3c(N)ncnc32)[C@H](O)[C@@H]1O,resolved
AWD,CN1CCN(CC1)C(=O)Nc2ccc(cc2)F,Components-smiles-stereo-oe.smi,CN1CCN(C(=O)Nc2ccc(F)cc2)CC1,resolved
AWP,c1cnccc1CCNC(=O)NC2CCCCC2,Components-smiles-stereo-oe.smi,O=C(NCCc1ccncc1)NC1CCCCC1,resolved
AYA,C[C@@H](C(=O)O)NC(=O)C,Components-smiles-stereo-oe.smi,CC(=O)N[C@@H](C)C(=O)O,resolved
AYE,C=CCN,Components-smiles-stereo-oe.smi,C=CCN,resolved
B0F,Cc1cc(cc(c1OCC(=O)N[C@@H](Cc2ccccc2)[C@@H](C(=O)N3CSC([C@H]3C(=O)N[C@H]4c5ccccc5C[C@H]4O)(C)C)O)C)NC(=O)CCCC[C@H]6[C@@H]7[C@H](CS6)NC(=O)N7,Components-smiles-stereo-oe.smi,Cc1cc(NC(=O)CCCC[C@@H]2SC[C@@H]3NC(=O)N[C@@H]32)cc(C)c1OCC(=O)N[C@@H](Cc1ccccc1)[C@H](O)C(=O)N1CSC(C)(C)[C@H]1C(=O)N[C@H]1c2ccccc2C[C@H]1O,resolved
B0T,CC[C@H](C)NC(=O)c1ccccc1CN(C)Cc2ccc3c(c2C(=O)O)OC[C@@H](O3)CCC(=O)O,Components-smiles-stereo-oe.smi,CC[C@H](C)NC(=O)c1ccccc1CN(C)Cc1ccc2c(c1C(=O)O)OC[C@H](CCC(=O)O)O2,resolved
B0V,Cc1cc(c(c(c1)C)NC(=O)COC)C,Components-smiles-stereo-oe.smi,COCC(=O)Nc1c(C)cc(C)cc1C,resolved
B1A,CC(=O)Nc1ccc(cc1)Nc2ccccc2,Components-smiles-stereo-oe.smi,CC(=O)Nc1ccc(Nc2ccccc2)cc1,resolved
B1S,CC(C)C[C@@H](C(=O)N[C@@H](C[C@@H]1CCNC1=O)C(O)S(=O)(=O)O)NC(=O)OCc2ccccc2,Components-smiles-stereo-oe.smi,CC(C)C[C@H](NC(=O)OCc1ccccc1)C(=O)N[C@@H](C[C@@H]1CCNC1=O)C(O)S(=O)(=O)O,resolved
B3S,C([C@H](CO)N)C(=O)O,Components-smiles-stereo-oe.smi,N[C@@H](CO)CC(=O)O,resolved
B4R,B(c1ccc(cc1)S(=O)(=O)N(C[C@H]([C@H](Cc2ccccc2)NC(=O)O[C@H]3CCO[C@@H]4[C@H]3CCO4)O)CC(C)C)(O)O,Components-smiles-stereo-oe.smi,CC(C)CN(C[C@@H](O)[C@H](Cc1ccccc1)NC(=O)O[C@H]1CCO[C@H]2OCC[C@H]21)S(=O)(=O)c1ccc(B(O)O)cc1,resolved
B7Y,CC(C)[C@@H](C(=O)OC)NC(=O)c1cccc(c1)C(=O)CCCCl,Components-smiles-stereo-oe.smi,COC(=O)[C@@H](NC(=O)c1cccc(C(=O)CCCCl)c1)C(C)C,resolved
B8N,CN1C=C(C(=O)N(C1=O)CC[C@H](C(=O)O)N)[C@H]2[C@@H]([C@@H]([C@H](O2)COP(=O)(O)O)O)O,Components-smiles-stereo-oe.smi,Cn1cc([C@@H]2O[C@H](COP(=O)(O)O)[C@@H](O)[C@H]2O)c(=O)n(CC[C@@H](N)C(=O)O)c1=O,resolved
BA5,COC(=O)C1=C(c2cccnc2N(C1=O)O)N,Components-smiles-stereo-oe.smi,COC(=O)c1c(N)c2cccnc2n(O)c1=O,resolved
BAQ,C1CC(=O)NC1,Components-smiles-stereo-oe.smi,O=C1CCCN1,resolved
BAY,CC(C)[C@@H](C(=O)N[C@@H](Cc1ccccc1)[C@H]([C@@H]([C@H](Cc2ccccc2)NC(=O)[C@H](C(C)C)NC(=O)[C@H](Cc3cccc4c3cccc4)CS(=O)(=O)C(C)(C)C)O)O)NC(=O)[C@H](Cc5cccc6c5cccc6)CS(=O)(=O)C(C)(C)C,Components-smiles-stereo-oe.smi,CC(C)[C@H](NC(=O)[C@H](Cc1cccc2ccccc12)CS(=O)(=O)C(C)(C)C)C(=O)N[C@@H](Cc1ccccc1)[C@@H](O)[C@H](O)[C@H](Cc1ccccc1)NC(=O)[C@@H](NC(=O)[C@H](Cc1cccc2ccccc12)CS(=O)(=O)C(C)(C)C)C(C)C,resolved
BBY,Cn1c(cc(n1)N)c2cc3c(c(c2)Br)OCO3,Components-smiles-stereo-oe.smi,Cn1nc(N)cc1-c1cc(Br)c2c(c1)OCO2,resolved
BCK,Cn1c(c(cn1)CO)c2ccccc2,Components-smiles-stereo-oe.smi,Cn1ncc(CO)c1-c1ccccc1,resolved
BCN,C(CO)N(CCO)CC(=O)O,Components-smiles-stereo-oe.smi,O=C(O)CN(CCO)CCO,resolved
BCU,c1ccc2c(c1)C[C@@H](CO2)CO,Components-smiles-stereo-oe.smi,OC[C@@H]1COc2ccccc2C1,resolved
BCX,C([C@H](CS)N)C(=O)O,Components-smiles-stereo-oe.smi,N[C@@H](CS)CC(=O)O,resolved
BEB,c1ccc(cc1)CO[C@H]([C@@H]([C@H]([C@H](C(=O)N[C@H]2c3ccccc3C[C@H]2O)OCc4ccccc4)O)O)C(=O)N[C@H]5c6ccccc6C[C@H]5O,Components-smiles-stereo-oe.smi,O=C(N[C@H]1c2ccccc2C[C@H]1O)[C@H](OCc1ccccc1)[C@H](O)[C@@H](O)[C@@H](OCc1ccccc1)C(=O)N[C@H]1c2ccccc2C[C@H]1O,resolved
BEC,CC(C)[C@@H](C(=O)NC)NC(=O)[C@@H]([C@@H]([C@H]([C@H](C(=O)N[C@H]1c2ccccc2C[C@H]1O)OCc3ccccc3)O)O)OCc4ccccc4,Components-smiles-stereo-oe.smi,CNC(=O)[C@@H](NC(=O)[C@H](OCc1ccccc1)[C@H](O)[C@@H](O)[C@@H](OCc1ccccc1)C(=O)N[C@H]1c2ccccc2C[C@H]1O)C(C)C,resolved
BED,c1ccc2c(c1)C[C@H]([C@H]2NC(=O)[C@@H]([C@@H]([C@H]([C@H](C(=O)N[C@H]3c4ccccc4C[C@H]3O)OCc5ccccc5F)O)O)OCc6ccccc6F)O,Components-smiles-stereo-oe.smi,O=C(N[C@H]1c2ccccc2C[C@H]1O)[C@H](OCc1ccccc1F)[C@H](O)[C@@H](O)[C@@H](OCc1ccccc1F)C(=O)N[C@H]1c2ccccc2C[C@H]1O,resolved
BEE,CC(C)[C@@H](C(=O)NC)NC(=O)[C@@H]([C@@H]([C@H]([C@H](C(=O)N[C@@H](C(C)C)C(=O)NC)OCc1ccc(cc1)c2ccsc2)O)O)OCc3ccc(cc3)c4ccsc4,Components-smiles-stereo-oe.smi,CNC(=O)[C@@H](NC(=O)[C@H](OCc1ccc(-c2ccsc2)cc1)[C@H](O)[C@@H](O)[C@@H](OCc1ccc(-c2ccsc2)cc1)C(=O)N[C@H](C(=O)NC)C(C)C)C(C)C,resolved
BEI,CC[C@H](C)[C@@H](C(=O)NC)NC(=O)[C@@H]([C@@H]([C@H]([C@H](C(=O)N[C@@H]([C@@H](C)CC)C(=O)NC)OCc1ccccc1)O)O)OCc2ccccc2,Components-smiles-stereo-oe.smi,CC[C@H](C)[C@H](NC(=O)[C@H](OCc1ccccc1)[C@H](O)[C@@H](O)[C@@H](OCc1ccccc1)C(=O)N[C@H](C(=O)NC)[C@@H](C)CC)C(=O)NC,resolved
BEJ,CC(C)[C@@H](C(=O)NC)NC(=O)[C@@H]([C@@H]([C@H]([C@H](C(=O)N[C@@H](C(C)C)C(=O)NC)OCc1ccc(cc1)c2cccnc2)O)O)OCc3ccc(cc3)c4cccnc4,Components-smiles-stereo-oe.smi,CNC(=O)[C@@H](NC(=O)[C@H](OCc1ccc(-c2cccnc2)cc1)[C@H](O)[C@@H](O)[C@@H](OCc1ccc(-c2cccnc2)cc1)C(=O)N[C@H](C(=O)NC)C(C)C)C(C)C,resolved
BEZ,c1ccc(cc1)C(=O)O,Components-smiles-stereo-oe.smi,O=C(O)c1ccccc1,resolved
BFU,CCC(=O)c1ccc(c(c1O)[C@@H]2C[C@@H]2NC(=O)Nc3ccc(cn3)Br)F,Components-smiles-stereo-oe.smi,CCC(=O)c1ccc(F)c([C@@H]2C[C@@H]2NC(=O)Nc2ccc(Br)cn2)c1O,resolved
BH0,c1ccc(cc1)C[C@@H]2[C@@H](CN(N(C(=O)N2Cc3ccc(cc3)O)Cc4ccc(cc4)O)S(=O)(=O)c5cccc(c5)C#N)O,Components-smiles-stereo-oe.smi,N#Cc1cccc(S(=O)(=O)N2C[C@@H](O)[C@@H](Cc3ccccc3)N(Cc3ccc(O)cc3)C(=O)N2Cc2ccc(O)cc2)c1,resolved
BHA,c1cc(c(cc1N)O)C(=O)O,Components-smiles-stereo-oe.smi,Nc1ccc(C(=O)O)c(O)c1,resolved
BHC,c1(c(c(c(c(c1C(=O)O)C(=O)O)C(=O)O)C(=O)O)C(=O)O)C(=O)O,Components-smiles-stereo-oe.smi,O=C(O)c1c(C(=O)O)c(C(=O)O)c(C(=O)O)c(C(=O)O)c1C(=O)O,resolved
BJ6,c1ccc(cc1)c2c(oc(n2)CCC(=O)O)c3ccccc3,Components-smiles-stereo-oe.smi,O=C(O)CCc1nc(-c2ccccc2)c(-c2ccccc2)o1,resolved
BLA,Cc1c(c([nH]c1\C=C/2\C(=C(C(=O)N2)C=C)C)\C=C/3\C(=C(C(=N3)\C=C/4\C(=C(C(=O)N4)C)C=C)C)CCC(=O)O)CCC(=O)O,Components-smiles-stereo-oe.smi,C=CC1=C(C)/C(=C/c2[nH]c(/C=C3N=C(/C=C4\NC(=O)C(C)=C4C=C)C(C)=C\3CCC(=O)O)c(CCC(=O)O)c2C)NC1=O,resolved
BLL,c1ccc(cc1)CC[C@H]([C@H]([C@@H]([C@@H](CCc2ccccc2)C(=O)N[C@H]3c4ccccc4C[C@H]3O)O)O)C(=O)N[C@H]5c6ccccc6C[C@H]5O,Components-smiles-stereo-oe.smi,O=C(N[C@H]1c2ccccc2C[C@H]1O)[C@H](CCc1ccccc1)[C@@H](O)[C@H](O)[C@@H](CCc1ccccc1)C(=O)N[C@H]1c2ccccc2C[C@H]1O,resolved
BLR,Cc1c(c([nH]c1/C=C\2/C(=C(C(=O)N2)C=C)C)Cc3c(c(c([nH]3)/C=C\4/C(=C(C(=O)N4)C)C=C)C)CCC(=O)O)CCC(=O)O,Components-smiles-stereo-oe.smi,C=CC1=C(C)/C(=C/c2[nH]c(Cc3[nH]c(/C=C4\NC(=O)C(C)=C4C=C)c(C)c3CCC(=O)O)c(CCC(=O)O)c2C)NC1=O,resolved
BM1,Cc1cccc(c1)[C@@]23c4ccccc4C(=O)N2CCS3,Components-smiles-stereo-oe.smi,Cc1cccc([C@]23SCCN2C(=O)c2ccccc23)c1,resolved
BM5,COC(=O)[C@@H]1CS[C@]2(N1C(=O)c3c2cccc3)c4ccccc4,Components-smiles-stereo-oe.smi,COC(=O)[C@@H]1CS[C@]2(c3ccccc3)c3ccccc3C(=O)N12,resolved
BMC,Cn1c(cc(n1)c2ccc3c(c2)OCO3)C(=O)O,Components-smiles-stereo-oe.smi,Cn1nc(-c2ccc3c(c2)OCO3)cc1C(=O)O,resolved
BML,c1cc(ccc1O)Br,Components-smiles-stereo-oe.smi,Oc1ccc(Br)cc1,resolved
BO3,B(O)(O)O,Components-smiles-stereo-oe.smi,OB(O)O,resolved
BOC,CC(C)(C)OC(=O)O,Components-smiles-stereo-oe.smi,CC(C)(C)OC(=O)O,resolved
BOV,CC(C)C[C@@H](C(=O)NN(C[C@@H]1CCNC1=O)C(=O)CF)NC(=O)c2cc3c([nH]2)cccc3F,Components-smiles-stereo-oe.smi,CC(C)C[C@H](NC(=O)c1cc2c(F)cccc2[nH]1)C(=O)NN(C[C@@H]1CCNC1=O)C(=O)CF,resolved
BTB,C(CO)N(CCO)C(CO)(CO)CO,Components-smiles-stereo-oe.smi,OCCN(CCO)C(CO)(CO)CO,resolved
BU2,C[C@@H](CCO)O,Components-smiles-stereo-oe.smi,C[C@H](O)CCO,resolved
BVF,Cc1ccnc(c1)N,Components-smiles-stereo-oe.smi,Cc1ccnc(N)c1,resolved
BXW,c1cc2c(cc1C(=O)O)SCC(=O)N2,Components-smiles-stereo-oe.smi,O=C1CSc2cc(C(=O)O)ccc2N1,resolved
BZN,CC(C)CN(C[C@H]1CNC[C@@H]1COCc2ccccc2)S(=O)(=O)c3ccccc3,Components-smiles-stereo-oe.smi,CC(C)CN(C[C@H]1CNC[C@@H]1COCc1ccccc1)S(=O)(=O)c1ccccc1,resolved
BZX,c1cc2c(cc1O)OCO2,Components-smiles-stereo-oe.smi,Oc1ccc2c(c1)OCO2,resolved
C20,CC(C)[C@@H](C(=O)N[C@@H](Cc1ccccc1)[C@H](C[N@](CC2CCCCC2)NC(=O)[C@H](C(C)C)NC(=O)C)O)NC(=O)C,Components-smiles-stereo-oe.smi,CC(=O)N[C@H](C(=O)N[C@@H](Cc1ccccc1)[C@@H](O)CN(CC1CCCCC1)NC(=O)[C@@H](NC(C)=O)C(C)C)C(C)C,resolved
C5Q,c1ccc2c(c1)c(c[nH]2)Cc3ccc4c(c3C(=O)O)OCO4,Components-smiles-stereo-oe.smi,O=C(O)c1c(Cc2c[nH]c3ccccc23)ccc2c1OCO2,resolved
C7A,CC(C)(C)c1ccc(cc1)N([C@H](c2cccnc2)C(=O)NC3CCCCC3)C(=O)CCl,Components-smiles-stereo-oe.smi,CC(C)(C)c1ccc(N(C(=O)CCl)[C@@H](C(=O)NC2CCCCC2)c2cccnc2)cc1,resolved
C7J,CC(C)CN(CC([C@H](Cc1ccccc1)NC(=O)O[C@H]2CO[C@@H]3[C@H]2[C@H](CO3)Cl)O)S(=O)(=O)c4ccc(cc4)N,Components-smiles-stereo-oe.smi,CC(C)CN(CC(O)[C@H](Cc1ccccc1)NC(=O)O[C@H]1CO[C@H]2OC[C@H](Cl)[C@H]21)S(=O)(=O)c1ccc(N)cc1,resolved
C7L,CC(C)CN(C[C@H]([C@H](Cc1ccccc1)NC(=O)O[C@H]2CO[C@@H]3[C@H]2[C@H](CO3)OCCOC)O)S(=O)(=O)c4ccc(cc4)N,Components-smiles-stereo-oe.smi,COCCO[C@H]1CO[C@@H]2OC[C@H](OC(=O)N[C@@H](Cc3ccccc3)[C@H](O)CN(CC(C)C)S(=O)(=O)c3ccc(N)cc3)[C@@H]21,resolved
C7U,CC(C)CN(C[C@H]([C@H](Cc1ccccc1)NC(=O)O[C@H]2CO[C@@H]3[C@H]2[C@H](CO3)Cl)O)S(=O)(=O)c4ccc5c(c4)oc(n5)NC,Components-smiles-stereo-oe.smi,CNc1nc2ccc(S(=O)(=O)N(CC(C)C)C[C@@H](O)[C@H](Cc3ccccc3)NC(=O)O[C@H]3CO[C@H]4OC[C@H](Cl)[C@H]43)cc2o1,resolved
C7W,CC(C)CN(C[C@H]([C@H](Cc1ccccc1)NC(=O)O[C@H]2CO[C@@H]3[C@H]2[C@H](CO3)OCCC(F)(F)F)O)S(=O)(=O)c4ccc5c(c4)oc(n5)NC,Components-smiles-stereo-oe.smi,CNc1nc2ccc(S(=O)(=O)N(CC(C)C)C[C@@H](O)[C@H](Cc3ccccc3)NC(=O)O[C@H]3CO[C@H]4OC[C@H](OCCC(F)(F)F)[C@H]43)cc2o1,resolved
CB1,c1c(c(cc(c1N2CC2)[N+](=O)[O-])[N+](=O)[O-])C(=O)N,Components-smiles-stereo-oe.smi,NC(=O)c1cc(N2CC2)c([N+](=O)[O-])cc1[N+](=O)[O-],resolved
CBJ,c1cc2c(cc1Br)C(=O)C(=O)N2Cc3ccc4c(c3C(=O)O)OCCO4,Components-smiles-stereo-oe.smi,O=C1C(=O)N(Cc2ccc3c(c2C(=O)O)OCCO3)c2ccc(Br)cc21,resolved
CCS,C([C@@H](C(=O)O)N)SCC(=O)O,Components-smiles-stereo-oe.smi,N[C@@H](CSCC(=O)O)C(=O)O,resolved
CD9,c1cc2c(cc1Cl)N(C(=O)C2)Cc3ccc4c(c3C(=O)O)OCO4,Components-smiles-stereo-oe.smi,O=C(O)c1c(CN2C(=O)Cc3ccc(Cl)cc32)ccc2c1OCO2,resolved
CDQ,c1cc2c(cc1Cl)CC(=O)N2Cc3ccc4c(c3C(=O)O)OCCO4,Components-smiles-stereo-oe.smi,O=C(O)c1c(CN2C(=O)Cc3cc(Cl)ccc32)ccc2c1OCCO2,resolved
CF0,CF,Components-smiles-stereo-oe.smi,CF,resolved
CFF,Cn1cnc2c1C(=O)N(C(=O)N2C)C,Components-smiles-stereo-oe.smi,Cn1c(=O)c2c(ncn2C)n(C)c1=O,resolved
CG1,CO[P@@](=O)(O)OC[C@@H]1[C@H]([C@H]([C@@H](O1)n2cnc3c2N=C(NC3=O)N)O)O,Components-smiles-stereo-oe.smi,CO[P@@](=O)(O)OC[C@H]1O[C@@H](n2cnc3c(=O)[nH]c(N)nc32)[C@H](O)[C@@H]1O,resolved
CIW,c1cc2c(cc1Cl)CC(=O)N2Cc3ccc4c(c3C(=O)O)OCO4,Components-smiles-stereo-oe.smi,O=C(O)c1c(CN2C(=O)Cc3cc(Cl)ccc32)ccc2c1OCO2,resolved
CKD,c1ccc(cc1)S(=O)(=O)N2CCNC[C@@H]2CCc3c(cccc3F)NC(=O)CC(c4ccc(cc4)F)c5ccc(cc5)F,Components-smiles-stereo-oe.smi,O=C(CC(c1ccc(F)cc1)c1ccc(F)cc1)Nc1cccc(F)c1CC[C@H]1CNCCN1S(=O)(=O)c1ccccc1,resolved
CKM,C[C@@H]1CNC[C@@H](N1S(=O)(=O)c2ccccc2)CCc3c(cccc3F)NC(=O)CC(c4ccc(cc4)F)c5ccc(cc5)F,Components-smiles-stereo-oe.smi,C[C@@H]1CNC[C@H](CCc2c(F)cccc2NC(=O)CC(c2ccc(F)cc2)c2ccc(F)cc2)N1S(=O)(=O)c1ccccc1,resolved
CKS,C[C@@H]1CN([C@H](CN1)CCc2c(cccc2F)NC(=O)CC(c3ccc(cc3)F)c4ccc(cc4)F)S(=O)(=O)c5ccccc5,Components-smiles-stereo-oe.smi,C[C@@H]1CN(S(=O)(=O)c2ccccc2)[C@@H](CCc2c(F)cccc2NC(=O)CC(c2ccc(F)cc2)c2ccc(F)cc2)CN1,resolved
CKV,C[C@H]1CN([C@H](CN1)CCc2c(cccc2F)NC(=O)CC(c3ccc(cc3)F)c4ccc(cc4)F)S(=O)(=O)c5ccccc5,Components-smiles-stereo-oe.smi,C[C@H]1CN(S(=O)(=O)c2ccccc2)[C@@H](CCc2c(F)cccc2NC(=O)CC(c2ccc(F)cc2)c2ccc(F)cc2)CN1,resolved
CKY,C[C@H]1CNC[C@@H](N1S(=O)(=O)c2ccccc2)CCc3c(cccc3F)NC(=O)CC(c4ccc(cc4)F)c5ccc(cc5)F,Components-smiles-stereo-oe.smi,C[C@H]1CNC[C@H](CCc2c(F)cccc2NC(=O)CC(c2ccc(F)cc2)c2ccc(F)cc2)N1S(=O)(=O)c1ccccc1,resolved
CLU,c1cc(c(c(c1)Cl)N=C2NCCN2)Cl,Components-smiles-stereo-oe.smi,Clc1cccc(Cl)c1N=C1NCCN1,resolved
CLW,c1cc2c(cc1Cl)NC(=O)O2,Components-smiles-stereo-oe.smi,O=c1[nH]c2cc(Cl)ccc2o1,resolved
CMP,c1nc(c2c(n1)n(cn2)[C@H]3[C@@H]([C@H]4[C@H](O3)CO[P@](=O)(O4)O)O)N,Components-smiles-stereo-oe.smi,Nc1ncnc2c1ncn2[C@@H]1O[C@@H]2CO[P@@](=O)(O)O[C@H]2[C@H]1O,resolved
CMU,[H]/N=C\1/CCCN1CC2=C(C(=O)NC(=O)N2)Cl,Components-smiles-stereo-oe.smi,[H]/N=C1/CCCN1Cc1[nH]c(=O)[nH]c(=O)c1Cl,resolved
CN4,c1cc(c(c(c1)F)CC[C@H]2CN[C@@H]3CCCS(=O)(=O)N2C3)NC(=O)CC(c4ccc(cc4)F)c5ccc(cc5)F,Components-smiles-stereo-oe.smi,O=C(CC(c1ccc(F)cc1)c1ccc(F)cc1)Nc1cccc(F)c1CC[C@H]1CN[C@@H]2CCCS(=O)(=O)N1C2,resolved
CP9,Cc1nc2cnccc2n1c3ccc(cc3)CN4c5ccccc5SC4=O,Components-smiles-stereo-oe.smi,Cc1nc2cnccc2n1-c1ccc(Cn2c(=O)sc3ccccc32)cc1,resolved
CPS,C[C@H](CCC(=O)NCCC[N+](C)(C)CCCS(=O)(=O)[O-])[C@H]1CC[C@@H]2[C@@]1([C@H](C[C@H]3[C@H]2[C@@H](C[C@H]4[C@@]3(CC[C@H](C4)O)C)O)O)C,Components-smiles-stereo-oe.smi,C[C@H](CCC(=O)NCCC[N+](C)(C)CCCS(=O)(=O)[O-])[C@H]1CC[C@H]2[C@@H]3[C@H](O)C[C@@H]4C[C@H](O)CC[C@]4(C)[C@H]3C[C@H](O)[C@]12C,resolved
CSI,[H]/N=C\1/NCC[C@@H](N1)[C@@H](C(=O)O)NC(=O)O,Components-smiles-stereo-oe.smi,[H]/N=C1/NCC[C@H]([C@H](NC(=O)O)C(=O)O)N1,resolved
CSX,C([C@@H](C(=O)O)N)[S@H]=O,Components-smiles-stereo-oe.smi,N[C@@H](C[SH]=O)C(=O)O,resolved
CTP,C1=CN(C(=O)N=C1N)[C@H]2[C@@H]([C@@H]([C@H](O2)CO[P@](=O)(O)O[P@](=O)(O)OP(=O)(O)O)O)O,Components-smiles-stereo-oe.smi,Nc1ccn([C@@H]2O[C@H](CO[P@](=O)(O)O[P@](=O)(O)OP(=O)(O)O)[C@@H](O)[C@H]2O)c(=O)n1,resolved
CWU,c1ccc2c(c1)C[C@H]([C@H]2Cc3ccc4c(c3C(=O)O)OCO4)O,Components-smiles-stereo-oe.smi,O=C(O)c1c(C[C@H]2c3ccccc3C[C@H]2O)ccc2c1OCO2,resolved
CXD,c1cc(c(c(c1CNC(=O)c2c(nc[nH]2)Cl)F)Oc3cc(cc(c3)Cl)C#N)Cl,Components-smiles-stereo-oe.smi,N#Cc1cc(Cl)cc(Oc2c(Cl)ccc(CNC(=O)c3[nH]cnc3Cl)c2F)c1,resolved
CXG,CC(C)(C)[C@@H](C(=O)NC)NC(=O)[C@@](CCC[N@](Cc1ccc(cc1)c2ccccc2)NC(=O)[C@H](C(C)(C)C)NC(=O)OC)(Cc3ccccc3)O,Components-smiles-stereo-oe.smi,CNC(=O)[C@@H](NC(=O)[C@@](O)(CCCN(Cc1ccc(-c2ccccc2)cc1)NC(=O)[C@@H](NC(=O)OC)C(C)(C)C)Cc1ccccc1)C(C)(C)C,resolved
CXX,CN(C)CCCN1c2ccccc2CCc3c1cc(cc3)Cl,Components-smiles-stereo-oe.smi,CN(C)CCCN1c2ccccc2CCc2ccc(Cl)cc21,resolved
CY3,C([C@@H](C(=O)N)N)S,Components-smiles-stereo-oe.smi,NC(=O)[C@@H](N)CS,resolved
CYY,C1[C@H]([C@@H](C([C@@H]([C@H]1N)O)O)O)N,Components-smiles-stereo-oe.smi,N[C@@H]1C[C@H](N)[C@@H](O)C(O)[C@H]1O,resolved
D0T,CN(Cc1ccccc1C(=O)NCc2ccccc2)Cc3ccc4c(c3C(=O)O)OC[C@@H](O4)CCC(=O)O,Components-smiles-stereo-oe.smi,CN(Cc1ccccc1C(=O)NCc1ccccc1)Cc1ccc2c(c1C(=O)O)OC[C@H](CCC(=O)O)O2,resolved
D4M,CC1=CN(C(=O)NC1=O)[C@H]2C=C[C@H](O2)COP(=O)(O)O,Components-smiles-stereo-oe.smi,Cc1cn([C@H]2C=C[C@@H](COP(=O)(O)O)O2)c(=O)[nH]c1=O,resolved
D4T,CC1=CN(C(=O)NC1=O)[C@H]2C=C[C@H](O2)CO[P@](=O)(O)O[P@](=O)(O)OP(=O)(O)O,Components-smiles-stereo-oe.smi,Cc1cn([C@H]2C=C[C@@H](CO[P@](=O)(O)O[P@](=O)(O)OP(=O)(O)O)O2)c(=O)[nH]c1=O,resolved
D78,CC(C)C[N@@](C[C@H]([C@H](Cc1ccccc1)NC(=O)[C@@H]2CN(C(=O)O2)c3cccc(c3)C(F)(F)F)O)S(=O)(=O)c4ccc(cc4)OC,Components-smiles-stereo-oe.smi,COc1ccc(S(=O)(=O)N(CC(C)C)C[C@@H](O)[C@H](Cc2ccccc2)NC(=O)[C@@H]2CN(c3cccc(C(F)(F)F)c3)C(=O)O2)cc1,resolved
DAB,C(CN)[C@@H](C(=O)O)N,Components-smiles-stereo-oe.smi,NCC[C@H](N)C(=O)O,resolved
DBJ,c1cc(c2c(c1)OCCO2)CO,Components-smiles-stereo-oe.smi,OCc1cccc2c1OCCO2,resolved
DC0,CC(C)C[C@@H](CN[C@@H](Cc1ccccc1)C(=O)O)N,Components-smiles-stereo-oe.smi,CC(C)C[C@H](N)CN[C@@H](Cc1ccccc1)C(=O)O,resolved
DCP,C1[C@@H]([C@H](O[C@H]1N2C=CC(=NC2=O)N)CO[P@@](=O)(O)O[P@@](=O)(O)OP(=O)(O)O)O,Components-smiles-stereo-oe.smi,Nc1ccn([C@H]2C[C@H](O)[C@@H](CO[P@@](=O)(O)O[P@@](=O)(O)OP(=O)(O)O)O2)c(=O)n1,resolved
DCT,C1C[C@@H](O[C@@H]1CO[P@](=O)(O)O[P@](=O)(O)OP(=O)(O)O)N2C=CC(=NC2=O)N,Components-smiles-stereo-oe.smi,Nc1ccn([C@H]2CC[C@@H](CO[P@](=O)(O)O[P@](=O)(O)OP(=O)(O)O)O2)c(=O)n1,resolved
DD9,CCCCCCCCC,Components-smiles-stereo-oe.smi,CCCCCCCCC,resolved
DDS,c1nc(c2c(n1)n(cn2)[C@H]3CC[C@H](O3)CO[P@@](=O)(O)O[P@](=O)(O)OP(=O)(O)O)N,Components-smiles-stereo-oe.smi,Nc1ncnc2c1ncn2[C@H]1CC[C@@H](CO[P@@](=O)(O)O[P@](=O)(O)OP(=O)(O)O)O1,resolved
DE5,c1csc(n1)NC(=O)CN,Components-smiles-stereo-oe.smi,NCC(=O)Nc1nccs1,resolved
DFA,c1ccc(cc1)C(c2ccccc2)C(=O)O,Components-smiles-stereo-oe.smi,O=C(O)C(c1ccccc1)c1ccccc1,resolved
DGP,c1nc2c(n1[C@H]3C[C@@H]([C@H](O3)COP(=O)(O)O)O)N=C(NC2=O)N,Components-smiles-stereo-oe.smi,Nc1nc2c(ncn2[C@H]2C[C@H](O)[C@@H](COP(=O)(O)O)O2)c(=O)[nH]1,resolved
DGT,c1nc2c(n1[C@H]3C[C@@H]([C@H](O3)CO[P@@](=O)(O)O[P@@](=O)(O)OP(=O)(O)O)O)N=C(NC2=O)N,Components-smiles-stereo-oe.smi,Nc1nc2c(ncn2[C@H]2C[C@H](O)[C@@H](CO[P@@](=O)(O)O[P@@](=O)(O)OP(=O)(O)O)O2)c(=O)[nH]1,resolved
DHL,C(CS)N,Components-smiles-stereo-oe.smi,NCCS,resolved
DIO,C1COCCO1,Components-smiles-stereo-oe.smi,C1COCCO1,resolved
DJR,CC(C)C[N@@](C[C@H]([C@H](Cc1ccccc1)NC(=O)O[C@H]2CO[C@@H]3[C@H]2CCO3)O)S(=O)(=O)c4ccc(cc4)OC,Components-smiles-stereo-oe.smi,COc1ccc(S(=O)(=O)N(CC(C)C)C[C@@H](O)[C@H](Cc2ccccc2)NC(=O)O[C@H]2CO[C@H]3OCC[C@H]32)cc1,resolved
DJU,CN(C)Cc1c[nH]c2c1cc(cc2)OCc3ccccc3,Components-smiles-stereo-oe.smi,CN(C)Cc1c[nH]c2ccc(OCc3ccccc3)cc12,resolved
DJZ,Cc1cc(cc(c1Oc2ccnc(n2)NC3CCN(CC3)Cc4ccc(cc4)S(=O)(=O)C)C)C#N,Components-smiles-stereo-oe.smi,Cc1cc(C#N)cc(C)c1Oc1ccnc(NC2CCN(Cc3ccc(S(C)(=O)=O)cc3)CC2)n1,resolved
DLU,C[C@@H]1CCO[C@@H]2N1C(=O)C3=C(C(=O)C(=CN3C2)C(=O)NCc4ccc(cc4F)F)O,Components-smiles-stereo-oe.smi,C[C@@H]1CCO[C@H]2Cn3cc(C(=O)NCc4ccc(F)cc4F)c(=O)c(O)c3C(=O)N12,resolved
DMP,c1ccc(cc1)C[C@@H]2[C@@H]([C@H]([C@H](N(C(=O)N2Cc3ccc(cc3)CO)Cc4ccc(cc4)CO)Cc5ccccc5)O)O,Components-smiles-stereo-oe.smi,O=C1N(Cc2ccc(CO)cc2)[C@H](Cc2ccccc2)[C@H](O)[C@@H](O)[C@@H](Cc2ccccc2)N1Cc1ccc(CO)cc1,resolved
DMQ,c1ccc(cc1)C[C@@H]2[C@@H]([C@H]([C@H](N(C(=O)N2Cc3cccc(c3)N)Cc4cccc(c4)N)Cc5ccccc5)O)O,Components-smiles-stereo-oe.smi,Nc1cccc(CN2C(=O)N(Cc3cccc(N)c3)[C@H](Cc3ccccc3)[C@H](O)[C@@H](O)[C@H]2Cc2ccccc2)c1,resolved
DMX,C[N+](C)(CCCS(=O)(=O)[O-])Cc1ccccc1,Components-smiles-stereo-oe.smi,C[N+](C)(CCCS(=O)(=O)[O-])Cc1ccccc1,resolved
DNE,CCCC[C@H](C(=O)O)N,Components-smiles-stereo-oe.smi,CCCC[C@@H](N)C(=O)O,resolved
DR7,CC(C)(C)[C@@H](C(=O)N[C@@H](Cc1ccccc1)[C@H](CN(Cc2ccc(cc2)c3ccccn3)NC(=O)[C@H](C(C)(C)C)NC(=O)OC)O)NC(=O)OC,Components-smiles-stereo-oe.smi,COC(=O)N[C@H](C(=O)N[C@@H](Cc1ccccc1)[C@@H](O)CN(Cc1ccc(-c2ccccn2)cc1)NC(=O)[C@@H](NC(=O)OC)C(C)(C)C)C(C)(C)C,resolved
DRR,CC[C@H](C)[C@H]1C(=O)NCCCOc2ccc(cc2)C[C@@H](C(=O)N1)NC(=O)[C@@H]3Cc4ccc(cc4)OCCCCC(=O)N[C@H](C(=O)N3)C(C)C,Components-smiles-stereo-oe.smi,CC[C@H](C)[C@@H]1NC(=O)[C@@H](NC(=O)[C@@H]2Cc3ccc(cc3)OCCCCC(=O)N[C@@H](C(C)C)C(=O)N2)Cc2ccc(cc2)OCCCNC1=O,resolved
DRS,CC(C)[C@H]1C(=O)N[C@@H](Cc2ccc(cc2)OCCCCC(=O)N1)C(=O)O,Components-smiles-stereo-oe.smi,CC(C)[C@@H]1NC(=O)CCCCOc2ccc(cc2)C[C@@H](C(=O)O)NC1=O,resolved
DZI,c1cc([nH]c1)/C=N/NC(=O)c2cc(c(c(c2)O)O)O,Components-smiles-stereo-oe.smi,O=C(N/N=C/c1ccc[nH]1)c1cc(O)c(O)c(O)c1,resolved
E4F,c1ccc2c(c1)C[C@@H]([C@@H]2Cc3ccc4c(c3C(=O)O)OCO4)NC(=O)CCCCN,Components-smiles-stereo-oe.smi,NCCCCC(=O)N[C@H]1Cc2ccccc2[C@H]1Cc1ccc2c(c1C(=O)O)OCO2,resolved
E58,COc1cc(ccc1OC(=O)c2ccc(o2)[N+](=O)[O-])C(=O)OC,Components-smiles-stereo-oe.smi,COC(=O)c1ccc(OC(=O)c2ccc([N+](=O)[O-])o2)c(OC)c1,resolved
E6I,CCOC(=O)c1cc(c(o1)[N+](=O)[O-])Br,Components-smiles-stereo-oe.smi,CCOC(=O)c1cc(Br)c([N+](=O)[O-])o1,resolved
E81,c1cc(ccc1CO)OC(=O)c2ccc(s2)[N+](=O)[O-],Components-smiles-stereo-oe.smi,O=C(Oc1ccc(CO)cc1)c1ccc([N+](=O)[O-])s1,resolved
E9B,c1ccc(cc1)/C=C/c2nnc(o2)SC(=O)c3ccc(s3)[N+](=O)[O-],Components-smiles-stereo-oe.smi,O=C(Sc1nnc(/C=C/c2ccccc2)o1)c1ccc([N+](=O)[O-])s1,resolved
ECW,CC(C)(C)N(Cc1ccccc1)C(=O)COC(=O)c2cc(c(o2)[N+](=O)[O-])Br,Components-smiles-stereo-oe.smi,CC(C)(C)N(Cc1ccccc1)C(=O)COC(=O)c1cc(Br)c([N+](=O)[O-])o1,resolved
EDM,CN(C)c1cc(nc(n1)S(=O)(=O)C)C=C,Components-smiles-stereo-oe.smi,C=Cc1cc(N(C)C)nc(S(C)(=O)=O)n1,resolved
EDT,C(CN(CC(=O)O)CC(=O)O)N(CC(=O)O)CC(=O)O,Components-smiles-stereo-oe.smi,O=C(O)CN(CCN(CC(=O)O)CC(=O)O)CC(=O)O,resolved
EE2,c1ccc\2c(c1)C[C@@H](/C2=C/c3ccc4c(c3C(=O)O)OC[C@H](O4)CCC(=O)O)O,Components-smiles-stereo-oe.smi,O=C(O)CC[C@@H]1COc2c(ccc(/C=C3\c4ccccc4C[C@@H]3O)c2C(=O)O)O1,resolved
EFZ,c1cc2c(cc1Cl)[C@@](OC(=O)N2)(C#CC3CC3)C(F)(F)F,Components-smiles-stereo-oe.smi,O=C1Nc2ccc(Cl)cc2[C@@](C#CC2CC2)(C(F)(F)F)O1,resolved
EGI,CCOC(=O)c1ccc(s1)[N+](=O)[O-],Components-smiles-stereo-oe.smi,CCOC(=O)c1ccc([N+](=O)[O-])s1,resolved
EIC,CCCCC\C=C/C\C=C/CCCCCCCC(=O)O,Components-smiles-stereo-oe.smi,CCCCC/C=C\C/C=C\CCCCCCCC(=O)O,resolved
EJ9,Cc1ccc(cc1C)c2c(c(c(c(c2NS(=O)(=O)C)C)[C@@H](C(=O)O)OC(C)(C)C)c3ccc4c(c3)CCCO4)C,Components-smiles-stereo-oe.smi,Cc1ccc(-c2c(C)c(-c3ccc4c(c3)CCCO4)c([C@H](OC(C)(C)C)C(=O)O)c(C)c2NS(C)(=O)=O)cc1C,resolved
EJM,CCCC[C@@H](C=O)N,Components-smiles-stereo-oe.smi,CCCC[C@H](N)C=O,resolved
EJQ,c1cc(ccc1NC(=O)CN2CCCC2)F,Components-smiles-stereo-oe.smi,O=C(CN1CCCC1)Nc1ccc(F)cc1,resolved
EJW,c1ccc(cc1)c2cc(on2)C[NH3+],Components-smiles-stereo-oe.smi,[NH3+]Cc1cc(-c2ccccc2)no1,resolved
EKZ,CC(C)(C)c1ccc(c(c1)O)O,Components-smiles-stereo-oe.smi,CC(C)(C)c1ccc(O)c(O)c1,resolved
ELA,CCCCCCCC\C=C\CCCCCCCC(=O)O,Components-smiles-stereo-oe.smi,CCCCCCCC/C=C/CCCCCCCC(=O)O,resolved
ELL,C1CNC(=O)[C@@H]1C[C@@H](C=O)N,Components-smiles-stereo-oe.smi,N[C@H](C=O)C[C@@H]1CCNC1=O,resolved
ELQ,CN1CCN(CC1)C(=O)c2ccc(c(c2)F)F,Components-smiles-stereo-oe.smi,CN1CCN(C(=O)c2ccc(F)c(F)c2)CC1,resolved
EO6,CC(C)C[C@@H](C(=O)N[C@@H](C[C@@H]1CCNC1=O)[C@H](O)S(=O)(=O)O)NC(=O)OC2CC3(C2)CCN(CC3)C#N,Components-smiles-stereo-oe.smi,CC(C)C[C@H](NC(=O)OC1CC2(CCN(C#N)CC2)C1)C(=O)N[C@@H](C[C@@H]1CCNC1=O)[C@H](O)S(=O)(=O)O,resolved
EOF,CC(C)C[C@@H](C(=O)N[C@@H](C[C@@H]1CCNC1=O)C=O)NC(=O)/C=C/c2ccccc2,Components-smiles-stereo-oe.smi,CC(C)C[C@H](NC(=O)/C=C/c1ccccc1)C(=O)N[C@H](C=O)C[C@@H]1CCNC1=O,resolved
EOH,CCO,Components-smiles-stereo-oe.smi,CCO,resolved
EQM,CC(C)(C)[C@@H](C(=O)NCC=C)NC(=O)[C@@](CCCN(Cc1ccc(cc1)Br)NC(=O)[C@H](C(C)(C)C)NC(=O)OC)(Cc2ccccc2)O,Components-smiles-stereo-oe.smi,C=CCNC(=O)[C@@H](NC(=O)[C@@](O)(CCCN(Cc1ccc(Br)cc1)NC(=O)[C@@H](NC(=O)OC)C(C)(C)C)Cc1ccccc1)C(C)(C)C,resolved
EQS,CC(C)C[C@@H](C(=O)N[C@@H](C[C@@H]1CCNC1=O)[C@@H](O)S(=O)(=O)O)NC(=O)OC2CC3(C2)CCN(CC3)C#N,Components-smiles-stereo-oe.smi,CC(C)C[C@H](NC(=O)OC1CC2(CCN(C#N)CC2)C1)C(=O)N[C@@H](C[C@@H]1CCNC1=O)[C@@H](O)S(=O)(=O)O,resolved
EQT,c1cc2c(c(c1)Cl)c(n[nH]2)N,Components-smiles-stereo-oe.smi,Nc1n[nH]c2cccc(Cl)c12,resolved
ESS,CC(C)C[C@@H](C(=O)N[C@@H](C[C@@H]1CCNC1=O)[C@H](O)S(=O)(=O)O)NC(=O)OC2CC3(C2)CN(C3)S(=O)(=O)C,Components-smiles-stereo-oe.smi,CC(C)C[C@H](NC(=O)OC1CC2(C1)CN(S(C)(=O)=O)C2)C(=O)N[C@@H](C[C@@H]1CCNC1=O)[C@H](O)S(=O)(=O)O,resolved
ET6,CC(C)C[C@@H](C(=O)N[C@@H](C[C@@H]1CCNC1=O)[C@@H](O)S(=O)(=O)O)NC(=O)OC2CC3(C2)CN(C3)S(=O)(=O)C,Components-smiles-stereo-oe.smi,CC(C)C[C@H](NC(=O)OC1CC2(C1)CN(S(C)(=O)=O)C2)C(=O)N[C@@H](C[C@@H]1CCNC1=O)[C@@H](O)S(=O)(=O)O,resolved
ET9,C=C1[C@H](C[C@@H]([C@H]1COP(=O)(O)OP(=O)(O)OP(=O)(O)O)O)n2cnc3c2NC(=NC3=O)N,Components-smiles-stereo-oe.smi,C=C1[C@H](COP(=O)(O)OP(=O)(O)OP(=O)(O)O)[C@@H](O)C[C@@H]1n1cnc2c(=O)nc(N)[nH]c21,resolved
ETF,C(C(F)(F)F)O,Components-smiles-stereo-oe.smi,OCC(F)(F)F,resolved
EUR,c1cc(c(c(c1CNC(=O)c2c(nc([nH]2)CO)Cl)F)Oc3cc(cc(c3)Cl)C#N)Cl,Components-smiles-stereo-oe.smi,N#Cc1cc(Cl)cc(Oc2c(Cl)ccc(CNC(=O)c3[nH]c(CO)nc3Cl)c2F)c1,resolved
EVE,c1ccc2c(c1)[nH]c(n2)S(=O)(=O)N,Components-smiles-stereo-oe.smi,NS(=O)(=O)c1nc2ccccc2[nH]1,resolved
EW9,CC(C)C[C@@H](C(=O)N[C@@H](C[C@@H]1CCNC1=O)[C@@H](O)S(=O)(=O)O)NC(=O)OC2CC3(C2)CCN(CC3)C(=O)OC(C)(C)C,Components-smiles-stereo-oe.smi,CC(C)C[C@H](NC(=O)OC1CC2(CCN(C(=O)OC(C)(C)C)CC2)C1)C(=O)N[C@@H](C[C@@H]1CCNC1=O)[C@@H](O)S(=O)(=O)O,resolved
EXB,c1ccc2c(c1)ncn2CCC(=O)O,Components-smiles-stereo-oe.smi,O=C(O)CCn1cnc2ccccc21,resolved
F,[F-],Components-smiles-stereo-oe.smi,[F-],resolved
F53,CCC(CC)C[N@@](C[C@H]([C@H](Cc1ccccc1)NC(=O)O[C@H]2CO[C@@H]3[C@H]2CCO3)O)S(=O)(=O)c4ccc(cc4)CO,Components-smiles-stereo-oe.smi,CCC(CC)CN(C[C@@H](O)[C@H](Cc1ccccc1)NC(=O)O[C@H]1CO[C@H]2OCC[C@H]21)S(=O)(=O)c1ccc(CO)cc1,resolved
F5L,CC(C)C[C@@H](C(=O)N[C@@H](C[C@@H]1CCNC1=O)C(O)S(=O)(=O)O)NC(=O)OC2CC3(C2)CCN(CC3)C(=O)C(C)C,Components-smiles-stereo-oe.smi,CC(C)C[C@H](NC(=O)OC1CC2(CCN(C(=O)C(C)C)CC2)C1)C(=O)N[C@@H](C[C@@H]1CCNC1=O)C(O)S(=O)(=O)O,resolved
F71,CC[C@H](C)C[N@@](C[C@H]([C@H](Cc1ccccc1)NC(=O)c2cccc(c2)O)O)S(=O)(=O)c3ccc(s3)c4ccno4,Components-smiles-stereo-oe.smi,CC[C@H](C)CN(C[C@@H](O)[C@H](Cc1ccccc1)NC(=O)c1cccc(O)c1)S(=O)(=O)c1ccc(-c2ccno2)s1,resolved
F72,c1ccc(cc1)C[C@@H]([C@@H](C[N@](CC2CCCCC2)S(=O)(=O)c3ccc4c(c3)scn4)O)NC(=O)c5cccc(c5)O,Components-smiles-stereo-oe.smi,O=C(N[C@@H](Cc1ccccc1)[C@H](O)CN(CC1CCCCC1)S(=O)(=O)c1ccc2ncsc2c1)c1cccc(O)c1,resolved
F78,COc1ccc(cc1)S(=O)(=O)[N@@](CCCc2ccccc2)C[C@H]([C@H](Cc3ccccc3)NC(=O)c4cccc(c4)O)O,Components-smiles-stereo-oe.smi,COc1ccc(S(=O)(=O)N(CCCc2ccccc2)C[C@@H](O)[C@H](Cc2ccccc2)NC(=O)c2cccc(O)c2)cc1,resolved
F86,c1cc(n2c1c(ncn2)N)[C@]3([C@@H]([C@@H]([C@H](O3)COP(=O)(O)O)O)O)C#N,Components-smiles-stereo-oe.smi,N#C[C@@]1(c2ccc3c(N)ncnn23)O[C@H](COP(=O)(O)O)[C@@H](O)[C@H]1O,resolved
F8C,CC(C)C[C@@H](C(=O)N[C@@H](C[C@@H]1CCNC1=O)[C@@H](O)S(=O)(=O)O)NC(=O)OC2CC3(C2)CCN(CC3)C(=O)C(C)C,Components-smiles-stereo-oe.smi,CC(C)C[C@H](NC(=O)OC1CC2(CCN(C(=O)C(C)C)CC2)C1)C(=O)N[C@@H](C[C@@H]1CCNC1=O)[C@@H](O)S(=O)(=O)O,resolved
F95,c1cc(c(c2c1C(=CC(=O)O2)CC(=O)O)O)O,Components-smiles-stereo-oe.smi,O=C(O)Cc1cc(=O)oc2c(O)c(O)ccc12,resolved
FBB,c1cc2c(cc1F)sc(n2)N,Components-smiles-stereo-oe.smi,Nc1nc2ccc(F)cc2s1,resolved
FBG,c1c(cc(c2c1COCO2)C(=O)O)F,Components-smiles-stereo-oe.smi,O=C(O)c1cc(F)cc2c1OCOC2,resolved
FCA,C[C@@H]1[C@@H]([C@@H]([C@H]([C@H](O1)O)O)O)O,Components-smiles-stereo-oe.smi,C[C@H]1O[C@H](O)[C@H](O)[C@@H](O)[C@H]1O,resolved
FEY,CC(C)C[C@@H](C(=O)N[C@@H](C[C@@H]1CCNC1=O)[C@@H](O)S(=O)(=O)O)NC(=O)OC2CC3(C2)CCN(CC3)C(=O)Cc4ccccc4,Components-smiles-stereo-oe.smi,CC(C)C[C@H](NC(=O)OC1CC2(CCN(C(=O)Cc3ccccc3)CC2)C1)C(=O)N[C@@H](C[C@@H]1CCNC1=O)[C@@H](O)S(=O)(=O)O,resolved
FHB,c1cc(c(cc1C(=O)O)F)O,Components-smiles-stereo-oe.smi,O=C(O)c1ccc(O)c(F)c1,resolved
FHR,c1ccc2c(c1)cc([nH]2)C(=O)N[C@@H](CC3CCCCC3)C(=O)N[C@@H](C[C@@H]4CCNC4=O)C=O,Components-smiles-stereo-oe.smi,O=C[C@H](C[C@@H]1CCNC1=O)NC(=O)[C@H](CC1CCCCC1)NC(=O)c1cc2ccccc2[nH]1,resolved
FHS,CC(C)C[C@@H](C(=O)N[C@@H](C[C@@H]1CCNC1=O)C(O)S(=O)(=O)O)NC(=O)OC2CC3(C2)CCN(CC3)C(=O)Cc4ccccc4,Components-smiles-stereo-oe.smi,CC(C)C[C@H](NC(=O)OC1CC2(CCN(C(=O)Cc3ccccc3)CC2)C1)C(=O)N[C@@H](C[C@@H]1CCNC1=O)C(O)S(=O)(=O)O,resolved
FIC,c1cc2c(cc1F)cc([nH]2)C(=O)O,Components-smiles-stereo-oe.smi,O=C(O)c1cc2cc(F)ccc2[nH]1,resolved
FIK,CC(C)C[C@@H](C(=O)N[C@@H](C[C@@H]1CCNC1=O)[C@@H](O)S(=O)(=O)O)NC(=O)OC2CC3(C2)CN(C3)C(=O)C(C)C,Components-smiles-stereo-oe.smi,CC(C)C[C@H](NC(=O)OC1CC2(C1)CN(C(=O)C(C)C)C2)C(=O)N[C@@H](C[C@@H]1CCNC1=O)[C@@H](O)S(=O)(=O)O,resolved
FIW,CC(C)C[C@@H](C(=O)N[C@@H](C[C@@H]1CCNC1=O)[C@H](O)S(=O)(=O)O)NC(=O)OC2CC3(C2)CN(C3)C(=O)C(C)C,Components-smiles-stereo-oe.smi,CC(C)C[C@H](NC(=O)OC1CC2(C1)CN(C(=O)C(C)C)C2)C(=O)N[C@@H](C[C@@H]1CCNC1=O)[C@H](O)S(=O)(=O)O,resolved
FJC,c1ccc2c(c1)cc([nH]2)C(=O)N[C@@H](Cc3cccc(c3)F)C(=O)N[C@@H](C[C@@H]4CCNC4=O)C=O,Components-smiles-stereo-oe.smi,O=C[C@H](C[C@@H]1CCNC1=O)NC(=O)[C@H](Cc1cccc(F)c1)NC(=O)c1cc2ccccc2[nH]1,resolved
FL6,COC(=O)C[C@@H](C(=O)O)N,Components-smiles-stereo-oe.smi,COC(=O)C[C@H](N)C(=O)O,resolved
FLU,c1ccc(c(c1)C2=C3C=CC(=O)C=C3Oc4c2ccc(c4)O)C(=O)O,Components-smiles-stereo-oe.smi,O=C(O)c1ccccc1-c1c2ccc(=O)cc-2oc2cc(O)ccc12,resolved
FMQ,Cc1c(cnn1c2ccc(cc2)F)CO,Components-smiles-stereo-oe.smi,Cc1c(CO)cnn1-c1ccc(F)cc1,resolved
FN2,CC(C)C[C@@H](C(=O)N[C@@H](C[C@@H]1CCNC1=O)[C@@H](O)S(=O)(=O)O)NC(=O)OC2CC3(C2)CN(C3)C(=O)Cc4ccccc4,Components-smiles-stereo-oe.smi,CC(C)C[C@H](NC(=O)OC1CC2(C1)CN(C(=O)Cc1ccccc1)C2)C(=O)N[C@@H](C[C@@H]1CCNC1=O)[C@@H](O)S(=O)(=O)O,resolved
FN7,Cc1cc(nc(c1C(=O)O)C)C,Components-smiles-stereo-oe.smi,Cc1cc(C)c(C(=O)O)c(C)n1,resolved
FNO,CC(=CC[C@H](C1=CC(=O)c2c(ccc(c2C1=O)O)O)O)C,Components-smiles-stereo-oe.smi,CC(C)=CC[C@@H](O)C1=CC(=O)c2c(O)ccc(O)c2C1=O,resolved
FP8,CC(C)C[C@@H](C(=O)N[C@@H](C[C@@H]1CCNC1=O)[C@H](O)S(=O)(=O)O)NC(=O)OC2CC3(C2)CN(C3)C(=O)Cc4ccccc4,Components-smiles-stereo-oe.smi,CC(C)C[C@H](NC(=O)OC1CC2(C1)CN(C(=O)Cc1ccccc1)C2)C(=O)N[C@@H](C[C@@H]1CCNC1=O)[C@H](O)S(=O)(=O)O,resolved
FPT,CCOc1ccnc(c1F)CCNC(=S)Nc2ccc(cn2)C#N,Components-smiles-stereo-oe.smi,CCOc1ccnc(CCNC(=S)Nc2ccc(C#N)cn2)c1F,resolved
FQ1,CC(C)CN(C[C@H]([C@H](Cc1cc(cc(c1)F)F)NC(=O)O[C@H]2CCO[C@@H]3[C@H]2CCO3)O)S(=O)(=O)c4ccc(cc4)OC,Components-smiles-stereo-oe.smi,COc1ccc(S(=O)(=O)N(CC(C)C)C[C@@H](O)[C@H](Cc2cc(F)cc(F)c2)NC(=O)O[C@H]2CCO[C@H]3OCC[C@H]32)cc1,resolved
FQ4,CC(C)CN(C[C@H]([C@H](Cc1ccc(cc1)F)NC(=O)O[C@H]2CCO[C@@H]3[C@H]2CCO3)O)S(=O)(=O)c4ccc(cc4)OC,Components-smiles-stereo-oe.smi,COc1ccc(S(=O)(=O)N(CC(C)C)C[C@@H](O)[C@H](Cc2ccc(F)cc2)NC(=O)O[C@H]2CCO[C@H]3OCC[C@H]32)cc1,resolved
FRD,C[C@H](Cc1ccccc1)N,Components-smiles-stereo-oe.smi,C[C@@H](N)Cc1ccccc1,resolved
FRZ,c1ccc(cc1)c2c(c3ccccn3n2)c4cc5c(n[nH]c5nn4)N,Components-smiles-stereo-oe.smi,Nc1n[nH]c2nnc(-c3c(-c4ccccc4)nn4ccccc34)cc12,resolved
FSC,C[C@@H]1[C@@H]\2CC[C@@H](/C2=C/[C@]3([C@H](CC(=C3[C@H]([C@@H]1O)O[C@@H]4[C@@H]([C@H]([C@@H]([C@H](O4)COC(C)(C)C=C)O)OC(=O)C)O)[C@H](C)COC(=O)C)O)C)COC,Components-smiles-stereo-oe.smi,C=CC(C)(C)OC[C@H]1O[C@H](O[C@@H]2C3=C([C@H](C)COC(C)=O)C[C@H](O)[C@]3(C)/C=C3/[C@@H](COC)CC[C@H]3[C@@H](C)[C@H]2O)[C@H](O)[C@@H](OC(C)=O)[C@@H]1O,resolved
FTC,CCOc1ccnc(c1F)CCNC(=S)Nc2ccc(cn2)Cl,Components-smiles-stereo-oe.smi,CCOc1ccnc(CCNC(=S)Nc2ccc(Cl)cn2)c1F,resolved
FUA,C[C@H]1[C@@H]2CC[C@]3([C@H]([C@]2(CC[C@H]1O)C)[C@@H](C[C@@H]\4[C@@]3(C[C@@H](/C4=C(/CCC=C(C)C)\C(=O)O)OC(=O)C)C)O)C,Components-smiles-stereo-oe.smi,CC(=O)O[C@H]1C[C@@]2(C)[C@@H](C[C@@H](O)[C@H]3[C@@]4(C)CC[C@@H](O)[C@@H](C)[C@@H]4CC[C@@]32C)/C1=C(\CCC=C(C)C)C(=O)O,resolved
FUL,C[C@H]1[C@H]([C@H]([C@@H]([C@H](O1)O)O)O)O,Components-smiles-stereo-oe.smi,C[C@@H]1O[C@H](O)[C@@H](O)[C@H](O)[C@@H]1O,resolved
FV5,CC(C)C[C@@H](C(=O)N[C@@H](C[C@@H]1CCNC1=O)[C@H](O)S(=O)(=O)O)NC(=O)OC2CC3(C2)CCN(CC3)S(=O)(=O)C,Components-smiles-stereo-oe.smi,CC(C)C[C@H](NC(=O)OC1CC2(CCN(S(C)(=O)=O)CC2)C1)C(=O)N[C@@H](C[C@@H]1CCNC1=O)[C@H](O)S(=O)(=O)O,resolved
FVE,CC(C)C[C@@H](C(=O)N[C@@H](C[C@@H]1CCNC1=O)[C@@H](O)S(=O)(=O)O)NC(=O)OC2CC3(C2)CCN(CC3)S(=O)(=O)C,Components-smiles-stereo-oe.smi,CC(C)C[C@H](NC(=O)OC1CC2(CCN(S(C)(=O)=O)CC2)C1)C(=O)N[C@@H](C[C@@H]1CCNC1=O)[C@@H](O)S(=O)(=O)O,resolved
FWI,CC(C)C[C@@H](C(=O)N[C@@H](C[C@@H]1C=CNC1=O)C(O)S(=O)(=O)O)NC(=O)OCC2CN(C2)C(=O)OC(C)(C)C,Components-smiles-stereo-oe.smi,CC(C)C[C@H](NC(=O)OCC1CN(C(=O)OC(C)(C)C)C1)C(=O)N[C@@H](C[C@@H]1C=CNC1=O)C(O)S(=O)(=O)O,resolved
FYM,CN(Cc1cccc(c1C(=O)O)OC)Cc2cc3c(cc2C(=O)NCc4ccc(cc4)OC)OCO3,Components-smiles-stereo-oe.smi,COc1ccc(CNC(=O)c2cc3c(cc2CN(C)Cc2cccc(OC)c2C(=O)O)OCO3)cc1,resolved
FZI,CC(C)C[C@@H](C(=O)N[C@@H](C[C@@H]1C=CNC1=O)[C@@H](O)S(=O)(=O)O)NC(=O)OCC2CN(C2)C(=O)OC(C)(C)C,Components-smiles-stereo-oe.smi,CC(C)C[C@H](NC(=O)OCC1CN(C(=O)OC(C)(C)C)C1)C(=O)N[C@@H](C[C@@H]1C=CNC1=O)[C@@H](O)S(=O)(=O)O,resolved
G04,CC(C)C[N@@](C[C@H]([C@H](Cc1ccccc1)NC(=O)O[C@H]2CO[C@@H]3[C@H]2[C@H](CO3)OC)O)S(=O)(=O)c4ccc(cc4)OC,Components-smiles-stereo-oe.smi,COc1ccc(S(=O)(=O)N(CC(C)C)C[C@@H](O)[C@H](Cc2ccccc2)NC(=O)O[C@H]2CO[C@H]3OC[C@H](OC)[C@H]32)cc1,resolved
G05,CC(C)C[N@@](C[C@H]([C@H](Cc1ccccc1)NC(=O)OC2C[C@@H]3[C@H](C2)OCCO3)O)S(=O)(=O)c4ccc(cc4)OC,Components-smiles-stereo-oe.smi,COc1ccc(S(=O)(=O)N(CC(C)C)C[C@@H](O)[C@H](Cc2ccccc2)NC(=O)OC2C[C@@H]3OCCO[C@@H]3C2)cc1,resolved
G07,CC(C)CN(C[C@H]([C@H](Cc1ccccc1)NC(=O)O[C@H]2CO[C@@H]3[C@H]2CCO3)O)S(=O)(=O)c4ccc(cc4)C(=O)O,Components-smiles-stereo-oe.smi,CC(C)CN(C[C@@H](O)[C@H](Cc1ccccc1)NC(=O)O[C@H]1CO[C@H]2OCC[C@H]21)S(=O)(=O)c1ccc(C(=O)O)cc1,resolved
G08,CC(C)CN(C[C@H]([C@H](Cc1ccccc1)NC(=O)O[C@H]2CO[C@@H]3[C@H]2CCO3)O)S(=O)(=O)c4ccc(cc4)C(=O)N,Components-smiles-stereo-oe.smi,CC(C)CN(C[C@@H](O)[C@H](Cc1ccccc1)NC(=O)O[C@H]1CO[C@H]2OCC[C@H]21)S(=O)(=O)c1ccc(C(N)=O)cc1,resolved
G0G,c1ccc(cc1)CN([C@H]2CNC[C@@H]2N(Cc3ccccc3)S(=O)(=O)c4ccccc4)S(=O)(=O)c5ccccc5,Components-smiles-stereo-oe.smi,O=S(=O)(c1ccccc1)N(Cc1ccccc1)[C@H]1CNC[C@@H]1N(Cc1ccccc1)S(=O)(=O)c1ccccc1,resolved
G0T,CN(Cc1ccccc1C(=O)NCc2ccc(cc2)OC)Cc3ccc4c(c3C(=O)O)OC[C@@H](O4)CCC(=O)O,Components-smiles-stereo-oe.smi,COc1ccc(CNC(=O)c2ccccc2CN(C)Cc2ccc3c(c2C(=O)O)OC[C@H](CCC(=O)O)O3)cc1,resolved
G10,CC(C)CN(C[C@H]([C@H](Cc1ccccc1)NC(=O)O[C@H]2CO[C@@H]3[C@H]2C(CO3)(F)F)O)S(=O)(=O)c4ccc(cc4)N,Components-smiles-stereo-oe.smi,CC(C)CN(C[C@@H](O)[C@H](Cc1ccccc1)NC(=O)O[C@H]1CO[C@H]2OCC(F)(F)[C@H]21)S(=O)(=O)c1ccc(N)cc1,resolved
G23,CC1([C@@H](N[C@H](S1)[C@@H](C(=O)NCc2ccccc2)NC(=O)Cc3ccccc3)C(=O)O)C,Components-smiles-stereo-oe.smi,CC1(C)S[C@H]([C@H](NC(=O)Cc2ccccc2)C(=O)NCc2ccccc2)N[C@H]1C(=O)O,resolved
G26,CC1([C@@H](N[C@H](S1)[C@@H](C(=O)NCc2ccccc2)NC(=O)Cc3ccccc3)C(=O)N[C@H](Cc4ccccc4)CO)C,Components-smiles-stereo-oe.smi,CC1(C)S[C@H]([C@H](NC(=O)Cc2ccccc2)C(=O)NCc2ccccc2)N[C@H]1C(=O)N[C@@H](CO)Cc1ccccc1,resolved
G37,CC1([C@@H](N[C@H](S1)[C@@H](C(=O)NCc2ccccc2)NC(=O)Cc3ccccc3)C(=O)N[C@H](Cc4ccccc4)[C@@H](CC(=O)NCc5[nH]c6ccccc6n5)O)C,Components-smiles-stereo-oe.smi,CC1(C)S[C@H]([C@H](NC(=O)Cc2ccccc2)C(=O)NCc2ccccc2)N[C@H]1C(=O)N[C@H](Cc1ccccc1)[C@H](O)CC(=O)NCc1nc2ccccc2[nH]1,resolved
G3G,c1ccc(cc1)CN([C@H]2CNC[C@@H]2N(Cc3ccccc3)S(=O)(=O)c4ccc(cc4)N)S(=O)(=O)c5ccc(cc5)N,Components-smiles-stereo-oe.smi,Nc1ccc(S(=O)(=O)N(Cc2ccccc2)[C@H]2CNC[C@@H]2N(Cc2ccccc2)S(=O)(=O)c2ccc(N)cc2)cc1,resolved
G40,CC(C)(C)[C@@H](C(=O)NC)NC(=O)[C@@](CCC[N@](Cc1ccc(cc1)c2ccsc2)NC(=O)[C@H](C(C)(C)C)NC(=O)OC)(Cc3ccccc3)O,Components-smiles-stereo-oe.smi,CNC(=O)[C@@H](NC(=O)[C@@](O)(CCCN(Cc1ccc(-c2ccsc2)cc1)NC(=O)[C@@H](NC(=O)OC)C(C)(C)C)Cc1ccccc1)C(C)(C)C,resolved
G43,CC(C)CN(C[C@H]([C@H](Cc1ccc(c(c1)Cl)OC)NC(=O)O[C@H]2CO[C@@H]3[C@H]2CCO3)O)S(=O)(=O)c4ccc(cc4)OC,Components-smiles-stereo-oe.smi,COc1ccc(S(=O)(=O)N(CC(C)C)C[C@@H](O)[C@H](Cc2ccc(OC)c(Cl)c2)NC(=O)O[C@H]2CO[C@H]3OCC[C@H]32)cc1,resolved
G4G,c1ccc(cc1)CN([C@H]2CNC[C@@H]2N(Cc3ccccc3)S(=O)(=O)c4ccc(cc4)C(=O)N)S(=O)(=O)c5ccc(cc5)C(=O)N,Components-smiles-stereo-oe.smi,NC(=O)c1ccc(S(=O)(=O)N(Cc2ccccc2)[C@H]2CNC[C@@H]2N(Cc2ccccc2)S(=O)(=O)c2ccc(C(N)=O)cc2)cc1,resolved
G52,CC(C)C[N@@](C[C@H]([C@H](Cc1ccccc1)NC(=O)O[C@H]2CO[C@@H]3[C@H]2[C@H]4CCO[C@H]4O3)O)S(=O)(=O)c5ccc(cc5)OC,Components-smiles-stereo-oe.smi,COc1ccc(S(=O)(=O)N(CC(C)C)C[C@@H](O)[C@H](Cc2ccccc2)NC(=O)O[C@H]2CO[C@H]3O[C@@H]4OCC[C@@H]4[C@H]32)cc1,resolved
G53,CC(C)CN(C[C@H]([C@H](Cc1ccccc1)NC(=O)O[C@H]2CO[C@@H]3[C@H]2CCO3)O)S(=O)(=O)c4ccc(cc4)c5nc(co5)C(=O)OC,Components-smiles-stereo-oe.smi,COC(=O)c1coc(-c2ccc(S(=O)(=O)N(CC(C)C)C[C@@H](O)[C@H](Cc3ccccc3)NC(=O)O[C@H]3CO[C@H]4OCC[C@H]43)cc2)n1,resolved
G55,CC(C)C[N@@](C[C@H]([C@H](Cc1ccccc1)NC(=O)O[C@@H]2CCOCOC2)O)S(=O)(=O)c3ccc(cc3)OC,Components-smiles-stereo-oe.smi,COc1ccc(S(=O)(=O)N(CC(C)C)C[C@@H](O)[C@H](Cc2ccccc2)NC(=O)O[C@@H]2CCOCOC2)cc1,resolved
G61,CC(C)CN(C[C@H]([C@H](Cc1cccc(c1)c2cc(cc(c2)OC)OC)NC(=O)OC(C)(C)C)O)S(=O)(=O)c3ccc(cc3)OC,Components-smiles-stereo-oe.smi,COc1ccc(S(=O)(=O)N(CC(C)C)C[C@@H](O)[C@H](Cc2cccc(-c3cc(OC)cc(OC)c3)c2)NC(=O)OC(C)(C)C)cc1,resolved
G64,Cc1cc(cc(c1)C(=O)N(C)Cc2c(oc(n2)C)C)C(=O)N[C@@H](Cc3ccccc3)[C@@H](CN(CC(C)C)S(=O)(=O)c4ccc(cc4)OC)O,Components-smiles-stereo-oe.smi,COc1ccc(S(=O)(=O)N(CC(C)C)C[C@@H](O)[C@H](Cc2ccccc2)NC(=O)c2cc(C)cc(C(=O)N(C)Cc3nc(C)oc3C)c2)cc1,resolved
G65,Cc1ccc(cc1Nc2nc(cs2)c3cccnc3)NC(=O)c4ccc(cc4)CN5CCN(CC5)C,Components-smiles-stereo-oe.smi,Cc1ccc(NC(=O)c2ccc(CN3CCN(C)CC3)cc2)cc1Nc1nc(-c2cccnc2)cs1,resolved
G6R,CC(C)CN(C[C@H]([C@H](Cc1cc(cc(c1)F)F)NC(=O)C[C@H]2[C@@H]3C[C@@H]4[C@H]2CO[C@@H]4OC3)O)S(=O)(=O)c5ccc6c(c5)sc(n6)NC7CC7,Components-smiles-stereo-oe.smi,CC(C)CN(C[C@@H](O)[C@H](Cc1cc(F)cc(F)c1)NC(=O)C[C@H]1[C@H]2CO[C@H]3OC[C@@H]1[C@H]3C2)S(=O)(=O)c1ccc2nc(NC3CC3)sc2c1,resolved
G73,Cc1cc(cc(c1Nc2nc3c(c(n2)Nc4ccc(cc4)OC)[nH]cn3)C)/C=C/C#N,Components-smiles-stereo-oe.smi,COc1ccc(Nc2nc(Nc3c(C)cc(/C=C/C#N)cc3C)nc3nc[nH]c23)cc1,resolved
G77,CC(C)CN(C[C@H]([C@H](Cc1cc(cc(c1)F)F)NC(=O)O[C@@H]2C[C@H]3C[C@H]4[C@@H]2CO[C@H]4O3)O)S(=O)(=O)c5ccc6c(c5)sc(n6)NC7CC7,Components-smiles-stereo-oe.smi,CC(C)CN(C[C@@H](O)[C@H](Cc1cc(F)cc(F)c1)NC(=O)O[C@@H]1C[C@H]2C[C@@H]3[C@@H](OC[C@@H]31)O2)S(=O)(=O)c1ccc2nc(NC3CC3)sc2c1,resolved
G79,CC(C)CN(C[C@H]([C@H](Cc1ccccc1)NC(=O)O[C@H]2CCC[C@@H]3[C@H]2[C@H]4CCO[C@H]4O3)O)S(=O)(=O)c5ccc(cc5)OC,Components-smiles-stereo-oe.smi,COc1ccc(S(=O)(=O)N(CC(C)C)C[C@@H](O)[C@H](Cc2ccccc2)NC(=O)O[C@H]2CCC[C@H]3O[C@@H]4OCC[C@@H]4[C@@H]23)cc1,resolved
G7L,CN(Cc1nc(cs1)C(F)(F)F)C(=O)C=C,Components-smiles-stereo-oe.smi,C=CC(=O)N(C)Cc1nc(C(F)(F)F)cs1,resolved
G7M,C[n+]1cn(c2c1C(=O)NC(=N2)N)[C@H]3[C@@H]([C@@H]([C@H](O3)COP(=O)(O)O)O)O,Components-smiles-stereo-oe.smi,C[n+]1cn([C@@H]2O[C@H](COP(=O)(O)O)[C@@H](O)[C@H]2O)c2nc(N)[nH]c(=O)c21,resolved
G7O,C=CC(=O)N(Cc1nc2ccccc2s1)C3CC3,Components-smiles-stereo-oe.smi,C=CC(=O)N(Cc1nc2ccccc2s1)C1CC1,resolved
G89,CC(C)C[N@@](C[C@H]([C@H](Cc1ccccc1)NC(=O)O[C@@H]2C[C@H]3[C@@H](C2)OC[C@@H]3O)O)S(=O)(=O)c4ccc(cc4)OC,Components-smiles-stereo-oe.smi,COc1ccc(S(=O)(=O)N(CC(C)C)C[C@@H](O)[C@H](Cc2ccccc2)NC(=O)O[C@@H]2C[C@@H]3[C@@H](O)CO[C@@H]3C2)cc1,resolved
G8R,CC(C)CN(C[C@H]([C@H](Cc1ccccc1)NC(=O)O[C@H]2C[C@@H]3C[C@@H]4[C@H]2CO[C@@H]4O3)O)S(=O)(=O)c5ccc6c(c5)sc(n6)NC7CC7,Components-smiles-stereo-oe.smi,CC(C)CN(C[C@@H](O)[C@H](Cc1ccccc1)NC(=O)O[C@H]1C[C@@H]2C[C@H]3[C@H](OC[C@H]31)O2)S(=O)(=O)c1ccc2nc(NC3CC3)sc2c1,resolved
GA5,CC(C)CN(C[C@H]([C@H](Cc1ccccc1)NC(=O)c2ccc3c(c2)[C@@H](CC[C@@H]3O)NC(=O)OC(C)(C)C)O)S(=O)(=O)c4ccc(cc4)OC,Components-smiles-stereo-oe.smi,COc1ccc(S(=O)(=O)N(CC(C)C)C[C@@H](O)[C@H](Cc2ccccc2)NC(=O)c2ccc3c(c2)[C@H](NC(=O)OC(C)(C)C)CC[C@@H]3O)cc1,resolved
GA8,CC(C)CN(C[C@H]([C@H](Cc1ccccc1)NC(=O)c2ccc3c(c2)[C@H](CCS3)NC(=O)OC(C)(C)C)O)S(=O)(=O)c4ccc(cc4)OC,Components-smiles-stereo-oe.smi,COc1ccc(S(=O)(=O)N(CC(C)C)C[C@@H](O)[C@H](Cc2ccccc2)NC(=O)c2ccc3c(c2)[C@@H](NC(=O)OC(C)(C)C)CCS3)cc1,resolved
GAN,CC(C)[C@@H](C(=O)N[C@@H](C(C)C)C(=O)OC)NC(=O)[C@H](C)[N@@]1CCC(=C[C@H](C1)Cc2ccccc2)[C@H](C)NC(=O)[C@H](C)N,Components-smiles-stereo-oe.smi,COC(=O)[C@@H](NC(=O)[C@@H](NC(=O)[C@H](C)N1CCC([C@H](C)NC(=O)[C@H](C)N)=C[C@@H](Cc2ccccc2)C1)C(C)C)C(C)C,resolved
GCA,CCOCN1C(=C(C(=O)NC1=O)C(C)C)Cc2cc(cc(c2)C)C,Components-smiles-stereo-oe.smi,CCOCn1c(Cc2cc(C)cc(C)c2)c(C(C)C)c(=O)[nH]c1=O,resolved
GDP,c1nc2c(n1[C@H]3[C@@H]([C@@H]([C@H](O3)CO[P@](=O)(O)OP(=O)(O)O)O)O)N=C(NC2=O)N,Components-smiles-stereo-oe.smi,Nc1nc2c(ncn2[C@@H]2O[C@H](CO[P@](=O)(O)OP(=O)(O)O)[C@@H](O)[C@H]2O)c(=O)[nH]1,resolved
GE6,C1=C(N=C(C(=O)N1[C@H]2[C@@H]([C@@H]([C@H](O2)COP(=O)(O)OP(=O)(O)OP(=O)(O)O)O)O)C(=O)N)F,Components-smiles-stereo-oe.smi,NC(=O)c1nc(F)cn([C@@H]2O[C@H](COP(=O)(O)OP(=O)(O)OP(=O)(O)O)[C@@H](O)[C@H]2O)c1=O,resolved
GE7,Cc1ccc(cc1)c2c3ccccc3nc(c2[C@@H](C(=O)O)OC(C)(C)C)C,Components-smiles-stereo-oe.smi,Cc1ccc(-c2c([C@H](OC(C)(C)C)C(=O)O)c(C)nc3ccccc23)cc1,resolved
GE9,c1c(cc(c(c1C(=O)N)I)I)I,Components-smiles-stereo-oe.smi,NC(=O)c1cc(I)cc(I)c1I,resolved
GEI,Cc1c(c(c(c(n1)C)[C@@H](C(=O)O)OC(C)(C)C)N2CCC(CC2)(C)C)c3ccc(cc3)OCCc4ccc(cc4)F,Components-smiles-stereo-oe.smi,Cc1nc(C)c([C@H](OC(C)(C)C)C(=O)O)c(N2CCC(C)(C)CC2)c1-c1ccc(OCCc2ccc(F)cc2)cc1,resolved
GFA,c1ccc(cc1)C(=O)c2cc(ccc2OCC(=O)Nc3ccccc3)Cl,Components-smiles-stereo-oe.smi,O=C(COc1ccc(Cl)cc1C(=O)c1ccccc1)Nc1ccccc1,resolved
GGV,CC(C)(C)[C@@H](C(=O)N[C@H](Cc1ccc(cc1)c2ccccn2)C[C@@H]([C@H](Cc3ccccc3)NC(=O)[C@H](C(C)(C)C)N4C=CN(C4=O)Cc5cccc(n5)C(C)(C)O)O)NC(=O)OC,Components-smiles-stereo-oe.smi,COC(=O)N[C@H](C(=O)N[C@H](Cc1ccc(-c2ccccn2)cc1)C[C@H](O)[C@H](Cc1ccccc1)NC(=O)[C@@H](n1ccn(Cc2cccc(C(C)(C)O)n2)c1=O)C(C)(C)C)C(C)(C)C,resolved
GGW,CC(C)(C)[C@@H](C(=O)N[C@@H](Cc1ccc(cc1)c2ccccn2)C[C@@H]([C@H](Cc3ccccc3)NC(=O)[C@H](C(C)(C)C)NC(=O)OC)O)NC(=O)OC,Components-smiles-stereo-oe.smi,COC(=O)N[C@H](C(=O)N[C@@H](Cc1ccc(-c2ccccn2)cc1)C[C@H](O)[C@H](Cc1ccccc1)NC(=O)[C@@H](NC(=O)OC)C(C)(C)C)C(C)(C)C,resolved
GGX,Cc1cccc(n1)CN2C=CN(C2=O)[C@H](C(=O)N[C@@H](Cc3ccccc3)[C@H](C[C@@H](Cc4ccc(cc4)c5ccccn5)NC(=O)[C@H](C(C)(C)C)NC(=O)OC)O)C(C)(C)C,Components-smiles-stereo-oe.smi,COC(=O)N[C@H](C(=O)N[C@H](Cc1ccc(-c2ccccn2)cc1)C[C@H](O)[C@H](Cc1ccccc1)NC(=O)[C@@H](n1ccn(Cc2cccc(C)n2)c1=O)C(C)(C)C)C(C)(C)C,resolved
GHX,c1ccc(cc1)C[C@@H](C(=O)N[C@@H](C[C@@H]2CCNC2=O)CO)NC(=O)OCc3ccccc3,Components-smiles-stereo-oe.smi,O=C(N[C@@H](Cc1ccccc1)C(=O)N[C@H](CO)C[C@@H]1CCNC1=O)OCc1ccccc1,resolved
GJ3,C[C@H]([C@@H](C(=O)N[C@@H](CC1CCCCC1)C(=O)NN(C[C@@H]2CCNC2=O)C(=O)C)NC(=O)OCc3ccccc3)OC(C)(C)C,Components-smiles-stereo-oe.smi,CC(=O)N(C[C@@H]1CCNC1=O)NC(=O)[C@H](CC1CCCCC1)NC(=O)[C@@H](NC(=O)OCc1ccccc1)[C@@H](C)OC(C)(C)C,resolved
GKF,c1cc(c2c(c1)c(n[nH]2)I)C=O,Components-smiles-stereo-oe.smi,O=Cc1cccc2c(I)n[nH]c12,resolved
GKP,c1c(cc(c(c1)O)O)/C=C/C(=O)O[C@@H](C(=O)O)[C@@H](OC(=O)/C=C/c2cc(c(cc2)O)O)C(=O)O,Components-smiles-stereo-oe.smi,O=C(/C=C/c1ccc(O)c(O)c1)O[C@@H](C(=O)O)[C@@H](OC(=O)/C=C/c1ccc(O)c(O)c1)C(=O)O,resolved
GME,COC(=O)CC[C@@H](C(=O)O)N,Components-smiles-stereo-oe.smi,COC(=O)CC[C@H](N)C(=O)O,resolved
GMP,c1nc2c(n1[C@H]3[C@@H]([C@@H]([C@H](O3)CO)O)O)N=C(NC2=O)N,Components-smiles-stereo-oe.smi,Nc1nc2c(ncn2[C@@H]2O[C@H](CO)[C@@H](O)[C@H]2O)c(=O)[nH]1,resolved
GNP,c1nc2c(n1[C@H]3[C@@H]([C@@H]([C@H](O3)CO[P@](=O)(O)O[P@@](=O)(NP(=O)(O)O)O)O)O)N=C(NC2=O)N,Components-smiles-stereo-oe.smi,Nc1nc2c(ncn2[C@@H]2O[C@H](CO[P@](=O)(O)O[P@](=O)(O)NP(=O)(O)O)[C@@H](O)[C@H]2O)c(=O)[nH]1,resolved
GO3,Cc1cc2c(c(c(c(c2C(C)C)O)O)C=O)c(c1c3c(cc4c(c3O)c(c(c(c4C(C)C)O)O)C=O)C)O,Components-smiles-stereo-oe.smi,Cc1cc2c(C(C)C)c(O)c(O)c(C=O)c2c(O)c1-c1c(C)cc2c(C(C)C)c(O)c(O)c(C=O)c2c1O,resolved
GOV,C[C@@H](CNCc1ccc2c(c1)OCO2)O,Components-smiles-stereo-oe.smi,C[C@H](O)CNCc1ccc2c(c1)OCO2,resolved
GQJ,COC(=O)[C@@H]1C[C@H](CN1C(=O)c2ccco2)O,Components-smiles-stereo-oe.smi,COC(=O)[C@@H]1C[C@@H](O)CN1C(=O)c1ccco1,resolved
GQU,c1c(cc(cc1F)F)CCC(=O)N2C[C@@H]3CCC[C@@H]3[C@H]2C(=O)N[C@@H](C[C@@H]4CCNC4=O)C=O,Components-smiles-stereo-oe.smi,O=C[C@H](C[C@@H]1CCNC1=O)NC(=O)[C@@H]1[C@H]2CCC[C@H]2CN1C(=O)CCc1cc(F)cc(F)c1,resolved
GR5,CC(C)CN(C[C@H]([C@H](Cc1cc(cc(c1)F)F)NC(=O)O[C@H]2C[C@H]3CO[C@@H]4[C@H]3[C@H]2CCO4)O)S(=O)(=O)c5ccc6c(c5)sc(n6)NC7CC7,Components-smiles-stereo-oe.smi,CC(C)CN(C[C@@H](O)[C@H](Cc1cc(F)cc(F)c1)NC(=O)O[C@H]1C[C@H]2CO[C@H]3OCC[C@@H]1[C@@H]23)S(=O)(=O)c1ccc2nc(NC3CC3)sc2c1,resolved
GR6,COc1ccc2c(c1)OCC\C=C\CCCCN(S2(=O)=O)C[C@H]([C@H](Cc3ccccc3)NC(=O)O[C@H]4CO[C@@H]5[C@H]4CCO5)O,Components-smiles-stereo-oe.smi,COc1ccc2c(c1)OCC/C=C/CCCCN(C[C@@H](O)[C@H](Cc1ccccc1)NC(=O)O[C@H]1CO[C@H]3OCC[C@H]31)S2(=O)=O,resolved
GR7,COc1ccc2c(c1)COC/C=C/CCCCN(S2(=O)=O)C[C@H]([C@H](Cc3ccccc3)NC(=O)O[C@H]4CO[C@@H]5[C@H]4CCO5)O,Components-smiles-stereo-oe.smi,COc1ccc2c(c1)COC/C=C/CCCCN(C[C@@H](O)[C@H](Cc1ccccc1)NC(=O)O[C@H]1CO[C@H]3OCC[C@H]31)S2(=O)=O,resolved
GR8,CC(C)CN(C[C@H]([C@H](Cc1cc(cc(c1)F)F)NC(=O)O[C@@H]2C[C@@H]3CO[C@H]4[C@@H]3[C@@H]2CCO4)O)S(=O)(=O)c5ccc6c(c5)sc(n6)NC7CC7,Components-smiles-stereo-oe.smi,CC(C)CN(C[C@@H](O)[C@H](Cc1cc(F)cc(F)c1)NC(=O)O[C@@H]1C[C@@H]2CO[C@@H]3OCC[C@H]1[C@H]23)S(=O)(=O)c1ccc2nc(NC3CC3)sc2c1,resolved
GRL,CC(C)CN(C[C@H]([C@H](Cc1ccccc1)NC(=O)O[C@@H]2C[C@@H]3CCO[C@@H]3C2)O)S(=O)(=O)c4ccc(cc4)CO,Components-smiles-stereo-oe.smi,CC(C)CN(C[C@@H](O)[C@H](Cc1ccccc1)NC(=O)O[C@@H]1C[C@@H]2CCO[C@@H]2C1)S(=O)(=O)c1ccc(CO)cc1,resolved
GT4,COCC(=O)Nc1ccc(cc1)O,Components-smiles-stereo-oe.smi,COCC(=O)Nc1ccc(O)cc1,resolved
GT7,C1CCC(CC1)NC(=O)CC#N,Components-smiles-stereo-oe.smi,N#CCC(=O)NC1CCCCC1,resolved
GTA,C[n+]1cn(c2c1C(=O)NC(=N2)N)[C@H]3[C@@H]([C@@H]([C@H](O3)CO[P@@](=O)(O)O[P@@](=O)(O)O[P@@](=O)(O)OC[C@@H]4[C@H]([C@H]([C@@H](O4)n5cnc6c5ncnc6N)O)O)O)O,Components-smiles-stereo-oe.smi,C[n+]1cn([C@@H]2O[C@H](CO[P@@](=O)(O)O[P@@](=O)(O)O[P@@](=O)(O)OC[C@H]3O[C@@H](n4cnc5c(N)ncnc54)[C@H](O)[C@@H]3O)[C@@H](O)[C@H]2O)c2nc(N)[nH]c(=O)c21,resolved
GTG,C[n+]1cn(c2c1C(=O)NC(=N2)N)[C@H]3[C@@H]([C@@H]([C@H](O3)CO[P@@](=O)(O)OP(=O)(O)O[P@](=O)(O)OC[C@@H]4[C@H]([C@H]([C@@H](O4)n5cnc6c5N=C(NC6=O)N)O)O)O)O,Components-smiles-stereo-oe.smi,C[n+]1cn([C@@H]2O[C@H](CO[P@@](=O)(O)OP(=O)(O)O[P@](=O)(O)OC[C@H]3O[C@@H](n4cnc5c(=O)[nH]c(N)nc54)[C@H](O)[C@@H]3O)[C@@H](O)[C@H]2O)c2nc(N)[nH]c(=O)c21,resolved
GTP,c1nc2c(n1[C@H]3[C@@H]([C@@H]([C@H](O3)CO[P@](=O)(O)O[P@](=O)(O)OP(=O)(O)O)O)O)N=C(NC2=O)N,Components-smiles-stereo-oe.smi,Nc1nc2c(ncn2[C@@H]2O[C@H](CO[P@](=O)(O)O[P@](=O)(O)OP(=O)(O)O)[C@@H](O)[C@H]2O)c(=O)[nH]1,resolved
GUN,c1[nH]c2c(n1)C(=O)NC(=N2)N,Components-smiles-stereo-oe.smi,Nc1nc2[nH]cnc2c(=O)[nH]1,resolved
GVH,c1cc2cc[nH]c2nc1,Components-smiles-stereo-oe.smi,c1cnc2[nH]ccc2c1,resolved
GWB,CC(C)C1=C(c2cc(ccc2NC1=O)F)OC#CC3CC3,Components-smiles-stereo-oe.smi,CC(C)c1c(OC#CC2CC2)c2cc(F)ccc2[nH]c1=O,resolved
GWE,Cc1cc(ccc1NC(=O)COc2ccc(cc2C(=O)c3cc(cc(c3)F)C(F)(F)F)Cl)S(N)(O)O,Components-smiles-stereo-oe.smi,Cc1cc(S(N)(O)O)ccc1NC(=O)COc1ccc(Cl)cc1C(=O)c1cc(F)cc(C(F)(F)F)c1,resolved
GWG,Cn1c2ccccc2c(n1)C(=O)N,Components-smiles-stereo-oe.smi,Cn1nc(C(N)=O)c2ccccc21,resolved
GWI,CCC(=O)NS(=O)(=O)c1ccc(c(c1)C)NC(=O)COc2ccc(cc2C(=O)c3cc(cc(c3)Cl)C#N)Cl,Components-smiles-stereo-oe.smi,CCC(=O)NS(=O)(=O)c1ccc(NC(=O)COc2ccc(Cl)cc2C(=O)c2cc(Cl)cc(C#N)c2)c(C)c1,resolved
GWJ,Cc1cc(ccc1NC(=O)COc2ccc(cc2C(=O)c3cc(cc(c3)Cl)C#N)Cl)S(=O)(=O)N,Components-smiles-stereo-oe.smi,Cc1cc(S(N)(=O)=O)ccc1NC(=O)COc1ccc(Cl)cc1C(=O)c1cc(Cl)cc(C#N)c1,resolved
GWP,c1c(nc([nH]1)C2CC2)C(=O)N,Components-smiles-stereo-oe.smi,NC(=O)c1c[nH]c(C2CC2)n1,resolved
GWS,c1cc(cnc1)NC(=O)CC2CCCCC2,Components-smiles-stereo-oe.smi,O=C(CC1CCCCC1)Nc1cccnc1,resolved
GWV,CC(C)NCc1ccc(cc1)N(C)C,Components-smiles-stereo-oe.smi,CC(C)NCc1ccc(N(C)C)cc1,resolved
GWY,CN(C[C@@H]1CCOC1)c2c(cncn2)Cl,Components-smiles-stereo-oe.smi,CN(C[C@@H]1CCOC1)c1ncncc1Cl,resolved
GXU,Cc1n(c2c([n+]1Cc3cnccn3)C(=O)c4ccccc4C2=O)CCOC,Components-smiles-stereo-oe.smi,COCCn1c2c([n+](Cc3cnccn3)c1C)C(=O)c1ccccc1C2=O,resolved
GYX,C[C@H](c1cccc2c1cccc2)N3CCC(CC3)C(=O)NCc4cccc(c4)NC(=O)C,Components-smiles-stereo-oe.smi,CC(=O)Nc1cccc(CNC(=O)C2CCN([C@H](C)c3cccc4ccccc34)CC2)c1,resolved
GZ9,Cc1c(ccc2c1CCCO2)c3c(nc(c(c3[C@@H](C(=O)O)OC(C)(C)C)C)NC(=O)NC4CCCCC4)C,Components-smiles-stereo-oe.smi,Cc1nc(NC(=O)NC2CCCCC2)c(C)c([C@H](OC(C)(C)C)C(=O)O)c1-c1ccc2c(c1C)CCCO2,resolved
H04,CCOc1ccccc1N2CCNCC2,Components-smiles-stereo-oe.smi,CCOc1ccccc1N1CCNCC1,resolved
H12,CCCC1=C(c2cc(ccc2NC1=O)Cl)OC3CCCCC3,Components-smiles-stereo-oe.smi,CCCc1c(OC2CCCCC2)c2cc(Cl)ccc2[nH]c1=O,resolved
H16,CCCC1=C(c2cc(ccc2NC1=O)Cl)SC3CCCCC3,Components-smiles-stereo-oe.smi,CCCc1c(SC2CCCCC2)c2cc(Cl)ccc2[nH]c1=O,resolved
H18,CCCC1=C(c2cc(ccc2NC1=O)Cl)[S@](=O)C3CCCCC3,Components-smiles-stereo-oe.smi,CCCc1c([S@](=O)C2CCCCC2)c2cc(Cl)ccc2[nH]c1=O,resolved
H20,CC(C)C1=C(c2cc(ccc2NC1=O)Cl)OC3CCCCC3,Components-smiles-stereo-oe.smi,CC(C)c1c(OC2CCCCC2)c2cc(Cl)ccc2[nH]c1=O,resolved
H2S,S,Components-smiles-stereo-oe.smi,S,resolved
H2U,C1CN(C(=O)NC1=O)[C@H]2[C@@H]([C@@H]([C@H](O2)COP(=O)(O)O)O)O,Components-smiles-stereo-oe.smi,O=C1CCN([C@@H]2O[C@H](COP(=O)(O)O)[C@@H](O)[C@H]2O)C(=O)N1,resolved
H35,c1cc(oc1)CNc2c3c(nc[nH]3)ncn2,Components-smiles-stereo-oe.smi,c1coc(CNc2ncnc3nc[nH]c23)c1,resolved
H37,[H]/N=C(\N)/NCCC[C@@H](C(=O)CCl)NC(=O)[C@H](Cc1ccccc1)NC(=O)[C@@H](Cc2ccccc2)N,Components-smiles-stereo-oe.smi,[H]/N=C(\N)NCCC[C@H](NC(=O)[C@H](Cc1ccccc1)NC(=O)[C@H](N)Cc1ccccc1)C(=O)CCl,resolved
H39,CC(C)C[C@@H](Cc1ccc2c(c1C(=O)O)OCO2)CNC(=O)Cc3cc[nH]c3,Components-smiles-stereo-oe.smi,CC(C)C[C@H](CNC(=O)Cc1cc[nH]c1)Cc1ccc2c(c1C(=O)O)OCO2,resolved
H3F,Cc1cc(nc2c1c(c(cc2N[C@@H](C)CCCN)OC)Oc3cccc(c3)C(F)(F)F)OC,Components-smiles-stereo-oe.smi,COc1cc(C)c2c(Oc3cccc(C(F)(F)F)c3)c(OC)cc(N[C@@H](C)CCCN)c2n1,resolved
H3U,Cc1ccc(cc1NC(=O)c2cccc(c2)N)C(=O)Nc3ccc(c4c3c(cc(c4)S(=O)(=O)O)S(=O)(=O)O)S(=O)(=O)O,Components-smiles-stereo-oe.smi,Cc1ccc(C(=O)Nc2ccc(S(=O)(=O)O)c3cc(S(=O)(=O)O)cc(S(=O)(=O)O)c23)cc1NC(=O)c1cccc(N)c1,resolved
H60,CCCC[C@@H](C(=O)N[C@@H](C[C@@H]1CCCNC1=O)C=O)NC(=O)/C=C/c2ccccc2,Components-smiles-stereo-oe.smi,CCCC[C@H](NC(=O)/C=C/c1ccccc1)C(=O)N[C@H](C=O)C[C@@H]1CCCNC1=O,resolved
H63,CCCC[C@@H](C(=O)N[C@@H](C[C@@H]1CCNC1=O)C=O)NC(=O)/C=C/c2ccccc2,Components-smiles-stereo-oe.smi,CCCC[C@H](NC(=O)/C=C/c1ccccc1)C(=O)N[C@H](C=O)C[C@@H]1CCNC1=O,resolved
H69,c1cc(c(cc1C2CCN(CC2)C(=O)C3=CC(=O)NC(=O)N3)Cl)Cl,Components-smiles-stereo-oe.smi,O=C(c1cc(=O)[nH]c(=O)[nH]1)N1CCC(c2ccc(Cl)c(Cl)c2)CC1,resolved
H6F,CC(C)C[C@@H](C(=O)N[C@@H](C[C@@H]1CCCNC1=O)C=O)NC(=O)[C@H](C(C)C)NC(=O)c2ccc3ccccc3c2,Components-smiles-stereo-oe.smi,CC(C)C[C@H](NC(=O)[C@@H](NC(=O)c1ccc2ccccc2c1)C(C)C)C(=O)N[C@H](C=O)C[C@@H]1CCCNC1=O,resolved
H6L,CC(C)C[C@@H](C(=O)N[C@@H](C[C@@H]1CCCNC1=O)C=O)NC(=O)[C@H](C(C)C)NC(=O)c2ccc(cc2)[N+](=O)[O-],Components-smiles-stereo-oe.smi,CC(C)C[C@H](NC(=O)[C@@H](NC(=O)c1ccc([N+](=O)[O-])cc1)C(C)C)C(=O)N[C@H](C=O)C[C@@H]1CCCNC1=O,resolved
H6R,C#CC[C@@H](C(=O)N[C@@H](C[C@@H]1CCNC1=O)C=O)NC(=O)/C=C/c2ccccc2,Components-smiles-stereo-oe.smi,C#CC[C@H](NC(=O)/C=C/c1ccccc1)C(=O)N[C@H](C=O)C[C@@H]1CCNC1=O,resolved
H75,c1cc(ccc1N2C=C3CCCCN3C2=O)Br,Components-smiles-stereo-oe.smi,O=c1n(-c2ccc(Br)cc2)cc2n1CCCC2,resolved
H9Y,c1cc(c(cc1F)OCCN2C=CC(=O)NC2=O)Oc3cc(cn4c3cc(c4)C#N)F,Components-smiles-stereo-oe.smi,N#Cc1cc2c(Oc3ccc(F)cc3OCCn3ccc(=O)[nH]c3=O)cc(F)cn2c1,resolved
HBA,c1cc(ccc1C=O)O,Components-smiles-stereo-oe.smi,O=Cc1ccc(O)cc1,resolved
HBB,CC(C)CC[N@@](C[C@H]([C@@H]1Cc2ccc(cc2)OCCCC(=O)N[C@H](C(=O)N1)C(C)C)O)S(=O)(=O)c3ccccc3,Components-smiles-stereo-oe.smi,CC(C)CCN(C[C@@H](O)[C@@H]1Cc2ccc(cc2)OCCCC(=O)N[C@@H](C(C)C)C(=O)N1)S(=O)(=O)c1ccccc1,resolved
HBD,c1cc(ccc1C(=O)N)O,Components-smiles-stereo-oe.smi,NC(=O)c1ccc(O)cc1,resolved
HBH,CC(C)CC[N@@](C[C@H]([C@@H]1Cc2ccc(cc2)OCCCC(=O)N[C@H](C(=O)N1)CC(=O)N)O)S(=O)(=O)c3ccccc3,Components-smiles-stereo-oe.smi,CC(C)CCN(C[C@@H](O)[C@@H]1Cc2ccc(cc2)OCCCC(=O)N[C@@H](CC(N)=O)C(=O)N1)S(=O)(=O)c1ccccc1,resolved
HBQ,CC[C@H]1C(=O)Nc2ccc(cc2N1C(=O)OC(C)C)F,Components-smiles-stereo-oe.smi,CC[C@H]1C(=O)Nc2ccc(F)cc2N1C(=O)OC(C)C,resolved
HBY,CC(C)OC(=O)N1c2cc(ccc2NC(=S)[C@@H]1CSC)OC,Components-smiles-stereo-oe.smi,COc1ccc2c(c1)N(C(=O)OC(C)C)[C@@H](CSC)C(=S)N2,resolved
HCU,c1nc2c(n1CC[C@H](CO)COP(=O)(O)O)NC(=NC2=O)N,Components-smiles-stereo-oe.smi,Nc1nc(=O)c2ncn(CC[C@H](CO)COP(=O)(O)O)c2[nH]1,resolved
HE9,COC(=O)c1ccc(c(c1)O)O,Components-smiles-stereo-oe.smi,COC(=O)c1ccc(O)c(O)c1,resolved
HEF,CC1=C(N(C(=O)NC1=O)COCCO)Sc2ccccc2,Components-smiles-stereo-oe.smi,Cc1c(Sc2ccccc2)n(COCCO)c(=O)[nH]c1=O,resolved
HER,COc1cc(c2c(c1)OC(=C(C2=O)O)c3cc(c(c(c3)O)O)O)O,Components-smiles-stereo-oe.smi,COc1cc(O)c2c(=O)c(O)c(-c3cc(O)c(O)c(O)c3)oc2c1,resolved
HF0,COc1cc(c2c(c1)O[C@H]([C@@H](C2=O)O)c3cc(c(c(c3)O)O)O)O,Components-smiles-stereo-oe.smi,COc1cc(O)c2c(c1)O[C@@H](c1cc(O)c(O)c(O)c1)[C@H](O)C2=O,resolved
HGQ,C1=CNC(=O)C=C1Br,Components-smiles-stereo-oe.smi,O=c1cc(Br)cc[nH]1,resolved
HGU,C(=N)(N)NO,Components-smiles-stereo-oe.smi,N=C(N)NO,resolved
HH1,c1ccc(cc1)C[C@@H]([C@H](C[C@]2(C(=O)C(=CN2)[C@@H]3C[C@@H](c4c3cccc4)CC(=O)N)Cc5ccccc5)O)NC(=O)O[C@H]6CCOC6,Components-smiles-stereo-oe.smi,NC(=O)C[C@H]1C[C@@H](C2=CN[C@@](Cc3ccccc3)(C[C@H](O)[C@H](Cc3ccccc3)NC(=O)O[C@H]3CCOC3)C2=O)c2ccccc21,resolved
HH8,c1cc2c(ccnc2nc1)Br,Components-smiles-stereo-oe.smi,Brc1ccnc2ncccc12,resolved
HHQ,C1C(=CC=NC1=O)I,Components-smiles-stereo-oe.smi,O=C1CC(I)=CC=N1,resolved
HI1,CC(C)(C)[C@@H](C(=O)N[N@](CCC[C@@](Cc1ccccc1)(C(=O)N[C@H]2c3ccccc3C[C@H]2O)O)Cc4ccc(cc4)Br)NC(=O)OC,Components-smiles-stereo-oe.smi,COC(=O)N[C@H](C(=O)NN(CCC[C@@](O)(Cc1ccccc1)C(=O)N[C@H]1c2ccccc2C[C@H]1O)Cc1ccc(Br)cc1)C(C)(C)C,resolved
HIC,Cn1cc(nc1)C[C@@H](C(=O)O)N,Components-smiles-stereo-oe.smi,Cn1cnc(C[C@H](N)C(=O)O)c1,resolved
HLR,c1ccc2c(c1)c(no2)N,Components-smiles-stereo-oe.smi,Nc1noc2ccccc12,resolved
HQD,CC1=C(C(=O)c2ccccc2N1)O,Components-smiles-stereo-oe.smi,Cc1[nH]c2ccccc2c(=O)c1O,resolved
HR5,Cc1c(cnn1C)C(=O)NCC2CCC2,Components-smiles-stereo-oe.smi,Cc1c(C(=O)NCC2CCC2)cnn1C,resolved
HRZ,C1=CC(=O)NC=C1,Components-smiles-stereo-oe.smi,O=c1cccc[nH]1,resolved
HSM,c1c(nc[nH]1)CCN,Components-smiles-stereo-oe.smi,NCCc1c[nH]cn1,resolved
HSV,c1c([nH+]c[nH]1)C[C@@H](C=O)N,Components-smiles-stereo-oe.smi,N[C@H](C=O)Cc1c[nH]c[nH+]1,resolved
HT7,c1ccc2c(c1)c(c[nH]2)C[C@@H](CC(=O)O)N,Components-smiles-stereo-oe.smi,N[C@H](CC(=O)O)Cc1c[nH]c2ccccc12,resolved
HUO,CC(C)C[C@@H](C(=O)N[C@@H](C[C@@H]1CCNC1=O)C(=O)c2nc3ccccc3s2)NC(=O)[C@H](C(C)C)NC(=O)OCc4ccccc4,Components-smiles-stereo-oe.smi,CC(C)C[C@H](NC(=O)[C@@H](NC(=O)OCc1ccccc1)C(C)C)C(=O)N[C@@H](C[C@@H]1CCNC1=O)C(=O)c1nc2ccccc2s1,resolved
HUR,CC(C)C[C@@H](C(=O)N[C@@H](C[C@@H]1CCNC1=O)C(=O)c2nc3ccccc3s2)NC(=O)c4cc5c([nH]4)cccc5OC,Components-smiles-stereo-oe.smi,COc1cccc2[nH]c(C(=O)N[C@@H](CC(C)C)C(=O)N[C@@H](C[C@@H]3CCNC3=O)C(=O)c3nc4ccccc4s3)cc12,resolved
HV1,CC(C)(C)[C@@H](C(=O)NN(Cc1ccc(cc1)Br)C(=O)CC[C@@](Cc2ccccc2)(C(=O)N[C@H]3c4ccccc4C[C@H]3O)O)NC(=O)OC,Components-smiles-stereo-oe.smi,COC(=O)N[C@H](C(=O)NN(Cc1ccc(Br)cc1)C(=O)CC[C@@](O)(Cc1ccccc1)C(=O)N[C@H]1c2ccccc2C[C@H]1O)C(C)(C)C,resolved
HV2,C1C(CS1(=O)=O)O,Components-smiles-stereo-oe.smi,O=S1(=O)CC(O)C1,resolved
HV9,Cc1ccc(cc1)S(=O)(=O)NC(=O)NC2CCN(CC2)c3nccc(n3)C(F)(F)F,Components-smiles-stereo-oe.smi,Cc1ccc(S(=O)(=O)NC(=O)NC2CCN(c3nccc(C(F)(F)F)n3)CC2)cc1,resolved
HVB,CCC(=[NH2+])N,Components-smiles-stereo-oe.smi,CCC(N)=[NH2+],resolved
HWH,CC(=O)NCCc1c[nH]c2c1cc(cc2)F,Components-smiles-stereo-oe.smi,CC(=O)NCCc1c[nH]c2ccc(F)cc12,resolved
HWY,CC(C)CN(C[C@H]([C@H](Cc1ccccc1)NC(=O)O[C@@H]2C[C@H]3[C@@H](C2)OC(=O)N3c4ccccc4)O)S(=O)(=O)c5ccc(cc5)OC,Components-smiles-stereo-oe.smi,COc1ccc(S(=O)(=O)N(CC(C)C)C[C@@H](O)[C@H](Cc2ccccc2)NC(=O)O[C@H]2C[C@H]3OC(=O)N(c4ccccc4)[C@H]3C2)cc1,resolved
HY3,C1CN[C@@H]([C@H]1O)C(=O)O,Components-smiles-stereo-oe.smi,O=C(O)[C@H]1NCC[C@@H]1O,resolved
HYN,C1C(=O)NC(=O)N1,Components-smiles-stereo-oe.smi,O=C1CNC(=O)N1,resolved
HYR,c1ccc(cc1)OCCNC=S,Components-smiles-stereo-oe.smi,S=CNCCOc1ccccc1,resolved
I15,Cc1c2c(ccc(c2Oc3cc(cc(c3)C#N)C#N)F)[nH]n1,Components-smiles-stereo-oe.smi,Cc1n[nH]c2ccc(F)c(Oc3cc(C#N)cc(C#N)c3)c12,resolved
I1W,CC1([C@@H]2[C@H]1[C@H](N(C2)C(=O)[C@H](C(C)(C)C)NC(=O)NC(C)(C)C)C(=O)N[C@@H](C[C@@H]3CCNC3=O)[C@@H](c4nc5ccccc5s4)O)C,Components-smiles-stereo-oe.smi,CC(C)(C)NC(=O)N[C@H](C(=O)N1C[C@H]2[C@@H]([C@H]1C(=O)N[C@@H](C[C@@H]1CCNC1=O)[C@H](O)c1nc3ccccc3s1)C2(C)C)C(C)(C)C,resolved
I1Z,[H]/N=C\[C@H](C[C@@H]1CCNC1=O)NC(=O)[C@@H]2[C@@H]3[C@@H](C3(C)C)CN2C(=O)[C@H](C(C)(C)C)NC(=O)NC(C)(C)C,Components-smiles-stereo-oe.smi,[H]/N=C\[C@H](C[C@@H]1CCNC1=O)NC(=O)[C@@H]1[C@@H]2[C@H](CN1C(=O)[C@@H](NC(=O)NC(C)(C)C)C(C)(C)C)C2(C)C,resolved
I2D,c1cc(cc(c1)Cl)CN(c2ccc(cc2)c3c[nH]nc3)C(=O)Cc4cccnc4,Components-smiles-stereo-oe.smi,O=C(Cc1cccnc1)N(Cc1cccc(Cl)c1)c1ccc(-c2cn[nH]c2)cc1,resolved
I2J,C(COCCO)N,Components-smiles-stereo-oe.smi,NCCOCCO,resolved
I2N,c1ccc2c(c1)cncc2CC(=O)N(Cc3cc(cc(c3)Cl)F)c4ccc(cc4)c5c[nH]cn5,Components-smiles-stereo-oe.smi,O=C(Cc1cncc2ccccc12)N(Cc1cc(F)cc(Cl)c1)c1ccc(-c2c[nH]cn2)cc1,resolved
I3M,I[I-]I,Components-smiles-stereo-oe.smi,I[I-]I,resolved
I3R,c1ccc(cc1)C2=NN([C@H](C2)c3cccc4c3nccn4)C(=O)CCl,Components-smiles-stereo-oe.smi,O=C(CCl)N1N=C(c2ccccc2)C[C@@H]1c1cccc2nccnc12,resolved
I54,CC(C)C[C@@H](C(=O)N[C@@H](C[C@@H]1CCNC1=O)[C@H](O)S(=O)(=O)O)NC(=O)OCc2ccccc2Cl,Components-smiles-stereo-oe.smi,CC(C)C[C@H](NC(=O)OCc1ccccc1Cl)C(=O)N[C@@H](C[C@@H]1CCNC1=O)[C@H](O)S(=O)(=O)O,resolved
I64,CCC(=O)N(CCC(=O)N)NC(=O)[C@H](CC(C)C)NC(=O)[C@H](C(C)C)NC(=O)OCc1ccccc1,Components-smiles-stereo-oe.smi,CCC(=O)N(CCC(N)=O)NC(=O)[C@H](CC(C)C)NC(=O)[C@@H](NC(=O)OCc1ccccc1)C(C)C,resolved
I65,CCC(=O)N(CCC(=O)N)NC(=O)[C@H](CC1CCCCC1)NC(=O)[C@H]([C@@H](C)OC(C)(C)C)NC(=O)OCc2ccccc2,Components-smiles-stereo-oe.smi,CCC(=O)N(CCC(N)=O)NC(=O)[C@H](CC1CCCCC1)NC(=O)[C@@H](NC(=O)OCc1ccccc1)[C@@H](C)OC(C)(C)C,resolved
I68,CC(C)(C)C[C@@H](C(=O)N[C@@H](C[C@@H]1CCNC1=O)CO)NC(=O)[C@H](C(C)(C)C)NC(=O)NC(C)(C)C,Components-smiles-stereo-oe.smi,CC(C)(C)C[C@H](NC(=O)[C@@H](NC(=O)NC(C)(C)C)C(C)(C)C)C(=O)N[C@H](CO)C[C@@H]1CCNC1=O,resolved
I69,CC(C)(C)[C@@H](C(=O)N1CC2(CC2)C[C@H]1C(=O)N[C@@H](C[C@@H]3CCNC3=O)CO)NC(=O)NC(C)(C)C,Components-smiles-stereo-oe.smi,CC(C)(C)NC(=O)N[C@H](C(=O)N1CC2(CC2)C[C@H]1C(=O)N[C@H](CO)C[C@@H]1CCNC1=O)C(C)(C)C,resolved
I6M,[H]/N=C(/N)\NC[C@H]1Cc2cc(ccc2[C@@H]1NC(=O)C(=O)Nc3ccc(c(c3)F)Cl)CN4CCC[C@@H]4CO,Components-smiles-stereo-oe.smi,[H]/N=C(/N)NC[C@H]1Cc2cc(CN3CCC[C@@H]3CO)ccc2[C@@H]1NC(=O)C(=O)Nc1ccc(Cl)c(F)c1,resolved
I6Q,[H]/N=C(\N)/NC[C@H]1Cc2cc(ccc2[C@@H]1NC(=O)C(=O)Nc3ccc(c(c3)F)Cl)CN4CC[C@H](C4)N,Components-smiles-stereo-oe.smi,[H]/N=C(\N)NC[C@H]1Cc2cc(CN3CC[C@@H](N)C3)ccc2[C@@H]1NC(=O)C(=O)Nc1ccc(Cl)c(F)c1,resolved
I70,CC1([C@@H]2[C@H]1[C@H](N(C2)C(=O)[C@H](C(C)(C)C)NC(=O)NC(C)(C)C)C(=O)N[C@@H](C[C@@H]3CCNC3=O)[C@H](C(=O)N)O)C,Components-smiles-stereo-oe.smi,CC(C)(C)NC(=O)N[C@H](C(=O)N1C[C@H]2[C@@H]([C@H]1C(=O)N[C@@H](C[C@@H]1CCNC1=O)[C@@H](O)C(N)=O)C2(C)C)C(C)(C)C,resolved
I71,CCNC(=O)[C@@H]([C@H](C[C@@H]1CCNC1=O)NC(=O)[C@@H]2[C@@H]3[C@@H](C3(C)C)CN2C(=O)[C@H](C(C)(C)C)NC(=O)NC(C)(C)C)O,Components-smiles-stereo-oe.smi,CCNC(=O)[C@H](O)[C@H](C[C@@H]1CCNC1=O)NC(=O)[C@@H]1[C@@H]2[C@H](CN1C(=O)[C@@H](NC(=O)NC(C)(C)C)C(C)(C)C)C2(C)C,resolved
I80,CC1([C@@H]2[C@H]1[C@H](N(C2)C(=O)COc3ccc(cc3)OC(F)(F)F)C(=O)N[C@@H](C[C@@H]4CCNC4=O)CO)C,Components-smiles-stereo-oe.smi,CC1(C)[C@@H]2[C@@H](C(=O)N[C@H](CO)C[C@@H]3CCNC3=O)N(C(=O)COc3ccc(OC(F)(F)F)cc3)C[C@@H]21,resolved
I8D,c1cc(ccc1C(=O)N2CCSCC2)Cl,Components-smiles-stereo-oe.smi,O=C(c1ccc(Cl)cc1)N1CCSCC1,resolved
I8H,CC1([C@@H]2[C@H]1[C@H](N(C2)C(=O)[C@H](C(C)(C)C)NC(=O)NC(C)(C)C)C(=O)N[C@@H](C[C@@H]3CCNC3=O)[C@H](C(=O)NC)O)C,Components-smiles-stereo-oe.smi,CNC(=O)[C@H](O)[C@H](C[C@@H]1CCNC1=O)NC(=O)[C@@H]1[C@@H]2[C@H](CN1C(=O)[C@@H](NC(=O)NC(C)(C)C)C(C)(C)C)C2(C)C,resolved
IB1,COc1cc(c(c(c1)F)C(=O)c2ccnc(n2)Nc3ccc(cc3)C#N)F,Components-smiles-stereo-oe.smi,COc1cc(F)c(C(=O)c2ccnc(Nc3ccc(C#N)cc3)n2)c(F)c1,resolved
IDS,[C@@H]1([C@@H]([C@@H](O[C@H]([C@@H]1OS(=O)(=O)O)O)C(=O)O)O)O,Components-smiles-stereo-oe.smi,O=C(O)[C@@H]1O[C@@H](O)[C@H](OS(=O)(=O)O)[C@@H](O)[C@@H]1O,resolved
IDU,[C@@H]1([C@H]([C@@H](O[C@@H]([C@@H]1OS(=O)(=O)O)O)C(=O)O)O)O,Components-smiles-stereo-oe.smi,O=C(O)[C@@H]1O[C@H](O)[C@H](OS(=O)(=O)O)[C@@H](O)[C@H]1O,resolved
IET,c1cc(c(c(c1)Cl)CC(=N)NC(=S)Nc2ccc(cc2)C#N)Cl,Components-smiles-stereo-oe.smi,N#Cc1ccc(NC(=S)NC(=N)Cc2c(Cl)cccc2Cl)cc1,resolved
IFO,CC(C)([C@H](C(=O)OCc1ccc(cc1F)F)N/C=C(/C=O)\NC(=O)COc2ccccc2)S(=O)O,Components-smiles-stereo-oe.smi,CC(C)([C@@H](N/C=C(/C=O)NC(=O)COc1ccccc1)C(=O)OCc1ccc(F)cc1F)S(=O)O,resolved
IHP,C1(C(C(C(C(C1OP(=O)(O)O)OP(=O)(O)O)OP(=O)(O)O)OP(=O)(O)O)OP(=O)(O)O)OP(=O)(O)O,Components-smiles-stereo-oe.smi,O=P(O)(O)OC1C(OP(=O)(O)O)C(OP(=O)(O)O)C(OP(=O)(O)O)C(OP(=O)(O)O)C1OP(=O)(O)O,resolved
II7,C1C(CC1N)C(=O)O,Components-smiles-stereo-oe.smi,NC1CC(C(=O)O)C1,resolved
IL0,CC[C@H](C)[C@@H](C(O)O)N,Components-smiles-stereo-oe.smi,CC[C@H](C)[C@H](N)C(O)O,resolved
ILE,CC[C@H](C)[C@@H](C(=O)O)N,Components-smiles-stereo-oe.smi,CC[C@H](C)[C@H](N)C(=O)O,resolved
IM1,CC(C)[C@@H](c1[nH]ccn1)NC(=O)[C@H](Cc2ccccc2)C[C@@H]([C@H](Cc3ccccc3)NC(=O)OC(C)(C)C)O,Components-smiles-stereo-oe.smi,CC(C)[C@H](NC(=O)[C@H](Cc1ccccc1)C[C@H](O)[C@H](Cc1ccccc1)NC(=O)OC(C)(C)C)c1ncc[nH]1,resolved
IMV,c1ccc2c(c1)CC(=O)N2Cc3ccc4c(c3C(=O)O)OCO4,Components-smiles-stereo-oe.smi,O=C(O)c1c(CN2C(=O)Cc3ccccc32)ccc2c1OCO2,resolved
INU,c1ccc(cc1)S(=O)(=O)Nc2cccc(c2)[C@H](C3CC3)C4=C(C5=C(CCCCCC5)OC4=O)O,Components-smiles-stereo-oe.smi,O=c1oc2c(c(O)c1[C@H](c1cccc(NS(=O)(=O)c3ccccc3)c1)C1CC1)CCCCCC2,resolved
IOP,c1ccc2c(c1)c(c[nH]2)CCC(=O)O,Components-smiles-stereo-oe.smi,O=C(O)CCc1c[nH]c2ccccc12,resolved
IPF,CC(C)[C@@H](C(=O)N[C@@H](Cc1ccccc1)[C@@H]([C@H]([C@@H]2CCCN2C(=O)[C@H](C(C)C)NC(=O)[C@H](Cc3c[nH]c4c3cccc4)NC(=O)C)O)O)NC(=O)[C@H](Cc5c[nH]c6c5cccc6)NC(=O)C,Components-smiles-stereo-oe.smi,CC(=O)N[C@@H](Cc1c[nH]c2ccccc12)C(=O)N[C@H](C(=O)N[C@@H](Cc1ccccc1)[C@H](O)[C@@H](O)[C@@H]1CCCN1C(=O)[C@@H](NC(=O)[C@H](Cc1c[nH]c2ccccc12)NC(C)=O)C(C)C)C(C)C,resolved
IRW,CC(C)C[C@@H](C(=O)N[C@@H](C[C@@H]1CCNC1=O)[C@@H](O)S(=O)(=O)O)NC(=O)OC[C@@H]2C[C@H]2c3ccc(cc3)OC,Components-smiles-stereo-oe.smi,COc1ccc([C@@H]2C[C@H]2COC(=O)N[C@@H](CC(C)C)C(=O)N[C@@H](C[C@@H]2CCNC2=O)[C@@H](O)S(=O)(=O)O)cc1,resolved
IRZ,CC(C)C[C@@H](C(=O)N[C@@H](C[C@@H]1CCNC1=O)C=O)NC(=O)OC[C@@H]2C[C@H]2c3cccc(c3)Cl,Components-smiles-stereo-oe.smi,CC(C)C[C@H](NC(=O)OC[C@@H]1C[C@H]1c1cccc(Cl)c1)C(=O)N[C@H](C=O)C[C@@H]1CCNC1=O,resolved
IS5,CC(C)C[C@@H](C(=O)N[C@@H](C[C@@H]1CCNC1=O)C=O)NC(=O)OC[C@@H]2C[C@H]2c3cccc(c3)F,Components-smiles-stereo-oe.smi,CC(C)C[C@H](NC(=O)OC[C@@H]1C[C@H]1c1cccc(F)c1)C(=O)N[C@H](C=O)C[C@@H]1CCNC1=O,resolved
ISG,CC(C)C[C@@H](C(=O)N[C@@H](C[C@@H]1CCNC1=O)C=O)NC(=O)OC[C@@H]2C[C@H]2c3ccccc3,Components-smiles-stereo-oe.smi,CC(C)C[C@H](NC(=O)OC[C@@H]1C[C@H]1c1ccccc1)C(=O)N[C@H](C=O)C[C@@H]1CCNC1=O,resolved
ISN,c1ccc2c(c1)C(=O)C(=O)N2,Components-smiles-stereo-oe.smi,O=C1Nc2ccccc2C1=O,resolved
IT3,CCC[C@@H]1C[C@H]1COC(=O)N[C@@H](CC(C)C)C(=O)N[C@@H](C[C@@H]2CCNC2=O)[C@@H](O)S(=O)(=O)O,Components-smiles-stereo-oe.smi,CCC[C@@H]1C[C@H]1COC(=O)N[C@@H](CC(C)C)C(=O)N[C@@H](C[C@@H]1CCNC1=O)[C@@H](O)S(=O)(=O)O,resolved
ITG,CCC[C@@H]1C[C@H]1COC(=O)N[C@@H](CC(C)C)C(=O)N[C@@H](C[C@@H]2CCNC2=O)[C@H](O)S(=O)(=O)O,Components-smiles-stereo-oe.smi,CCC[C@@H]1C[C@H]1COC(=O)N[C@@H](CC(C)C)C(=O)N[C@@H](C[C@@H]1CCNC1=O)[C@H](O)S(=O)(=O)O,resolved
ITX,CC(C)C[C@@H](C(=O)N[C@@H](C[C@@H]1CCNC1=O)[C@H](O)S(=O)(=O)O)NC(=O)OC[C@@H]2C[C@H]2c3ccc(cc3)OC,Components-smiles-stereo-oe.smi,COc1ccc([C@@H]2C[C@H]2COC(=O)N[C@@H](CC(C)C)C(=O)N[C@@H](C[C@@H]2CCNC2=O)[C@H](O)S(=O)(=O)O)cc1,resolved
IV2,Cc1c(ccc2c1nc(s2)N)Cl,Components-smiles-stereo-oe.smi,Cc1c(Cl)ccc2sc(N)nc12,resolved
IY1,Cn1c2ccccc2c3c1C=C(C(=O)N3c4ccc(cc4)[N+](=O)[O-])C#N,Components-smiles-stereo-oe.smi,Cn1c2ccccc2c2c1cc(C#N)c(=O)n2-c1ccc([N+](=O)[O-])cc1,resolved
IY7,c1ccc2c(c1)C[C@@H]([C@@H]2Cc3ccc4c(c3C(=O)O)OC[C@@H](O4)CCC(=O)O)NC(=O)CCCCN,Components-smiles-stereo-oe.smi,NCCCCC(=O)N[C@H]1Cc2ccccc2[C@H]1Cc1ccc2c(c1C(=O)O)OC[C@H](CCC(=O)O)O2,resolved
J0S,CC(C)CN(C[C@H]([C@H](Cc1ccccc1)NC(=O)O[C@@H]2C[C@H]3[C@@H](C2)OC(=O)N3)O)S(=O)(=O)c4ccc(cc4)OC,Components-smiles-stereo-oe.smi,COc1ccc(S(=O)(=O)N(CC(C)C)C[C@@H](O)[C@H](Cc2ccccc2)NC(=O)O[C@@H]2C[C@@H]3NC(=O)O[C@@H]3C2)cc1,resolved
J3M,CC(C)(C)O[C@@H](c1c2ccccc2c(nc1c3ccc4c(c3)CCCO4)c5ccccc5)C(=O)O,Components-smiles-stereo-oe.smi,CC(C)(C)O[C@H](C(=O)O)c1c(-c2ccc3c(c2)CCCO3)nc(-c2ccccc2)c2ccccc12,resolved
J3P,CC(C)(C)O[C@@H](c1c2ccccc2c(nc1c3ccc4c(c3)CCCO4)c5cnn(c5)Cc6ccccc6)C(=O)O,Components-smiles-stereo-oe.smi,CC(C)(C)O[C@H](C(=O)O)c1c(-c2ccc3c(c2)CCCO3)nc(-c2cnn(Cc3ccccc3)c2)c2ccccc12,resolved
J5L,CC(C)CN(C[C@H]([C@H](Cc1ccccc1)NC(=O)O[C@H]2CO[C@@H]3[C@H]2[C@H](CO3)OCC(=O)NC)O)S(=O)(=O)c4ccc5c(c4)O/C(=N\C)/N5,Components-smiles-stereo-oe.smi,C/N=c1/[nH]c2ccc(S(=O)(=O)N(CC(C)C)C[C@@H](O)[C@H](Cc3ccccc3)NC(=O)O[C@H]3CO[C@H]4OC[C@H](OCC(=O)NC)[C@H]43)cc2o1,resolved
J63,CC(C)C1=C(N(C(=O)N(C1=O)O)COCc2ccccc2)CC3CCCCC3,Components-smiles-stereo-oe.smi,CC(C)c1c(CC2CCCCC2)n(COCc2ccccc2)c(=O)n(O)c1=O,resolved
J6U,c1ccc2c(c1)C(=O)N(C(=N2)[C@H](Cc3cc(cc(c3)F)F)NC(=O)CN4CCN(CC4=O)S(=O)(=O)c5ccc(cc5)N)c6ccc(cc6)S(=O)(=O)N7CCOCC7,Components-smiles-stereo-oe.smi,Nc1ccc(S(=O)(=O)N2CCN(CC(=O)N[C@@H](Cc3cc(F)cc(F)c3)c3nc4ccccc4c(=O)n3-c3ccc(S(=O)(=O)N4CCOCC4)cc3)C(=O)C2)cc1,resolved
J7O,CNC(=O)c1cc(cc(c1N2CC[C@]3(C2)CN(C[C@@H]3c4ccccc4)C(=O)c5cncc6c5ccc(c6)O)[N+](=O)[O-])Br,Components-smiles-stereo-oe.smi,CNC(=O)c1cc(Br)cc([N+](=O)[O-])c1N1CC[C@@]2(CN(C(=O)c3cncc4cc(O)ccc34)C[C@@H]2c2ccccc2)C1,resolved
J7R,CNC(=O)c1cc(cc(c1N[C@@H]2CCCC[C@@H]2NC(=O)c3cncc4c3cccc4)N(=O)=O)Br,Components-smiles-stereo-oe.smi,CNC(=O)c1cc(Br)cc([N+](=O)[O-])c1N[C@@H]1CCCC[C@@H]1NC(=O)c1cncc2ccccc12,resolved
J94,C[N+]1(CCc2cc3c(cc2[C@H]1[C@H]4c5ccc6c(c5C(=O)O4)OCO6)OCO3)C,Components-smiles-stereo-oe.smi,C[N+]1(C)CCc2cc3c(cc2[C@H]1[C@@H]1OC(=O)c2c1ccc1c2OCO1)OCO3,resolved
JAH,c1ccc(cc1)c2ccc(cn2)CN,Components-smiles-stereo-oe.smi,NCc1ccc(-c2ccccc2)nc1,resolved
JBQ,c1cc2c(c(c1)F)C(NC=N2)O,Components-smiles-stereo-oe.smi,OC1NC=Nc2cccc(F)c21,resolved
JDV,CC(C)CN(C[C@H]([C@H](Cc1ccc(cc1)F)NC(=O)O[C@H]2[C@@H]3C[C@@H]4[C@H]2CO[C@@H]4OC3)O)S(=O)(=O)c5ccc6c(c5)sc(n6)NC7CC7,Components-smiles-stereo-oe.smi,CC(C)CN(C[C@@H](O)[C@H](Cc1ccc(F)cc1)NC(=O)O[C@H]1[C@H]2CO[C@H]3OC[C@@H]1[C@H]3C2)S(=O)(=O)c1ccc2nc(NC3CC3)sc2c1,resolved
JDX,CN(Cc1ccccc1C(=O)NCc2ccc(cc2)OC)Cc3cccc(c3C(=O)O)OC,Components-smiles-stereo-oe.smi,COc1ccc(CNC(=O)c2ccccc2CN(C)Cc2cccc(OC)c2C(=O)O)cc1,resolved
JDY,CC(C)CN(C[C@H]([C@H](Cc1cccc(c1)F)NC(=O)O[C@H]2[C@@H]3C[C@@H]4[C@H]2CO[C@@H]4OC3)O)S(=O)(=O)c5ccc6c(c5)sc(n6)NC7CC7,Components-smiles-stereo-oe.smi,CC(C)CN(C[C@@H](O)[C@H](Cc1cccc(F)c1)NC(=O)O[C@H]1[C@H]2CO[C@H]3OC[C@@H]1[C@H]3C2)S(=O)(=O)c1ccc2nc(NC3CC3)sc2c1,resolved
JE2,Cc1ccccc1CNC(=O)[C@@H]2C(SCN2C(=O)[C@H]([C@H](Cc3ccccc3)NC(=O)c4cccc(c4C)O)O)(C)C,Components-smiles-stereo-oe.smi,Cc1ccccc1CNC(=O)[C@H]1N(C(=O)[C@@H](O)[C@H](Cc2ccccc2)NC(=O)c2cccc(O)c2C)CSC1(C)C,resolved
JEF,C[C@@H](COC[C@@H](C)OC[C@@H](C)OC[C@H](C)OC[C@H](C)OCC(C)OC[C@@H](C)OC[C@@H](C)OC[C@H](C)OCCOC)N,Components-smiles-stereo-oe.smi,COCCO[C@@H](C)CO[C@H](C)CO[C@H](C)COC(C)CO[C@@H](C)CO[C@@H](C)CO[C@H](C)CO[C@H](C)COC[C@H](C)N,resolved
JFM,CS(=O)(=O)NCCc1ccccc1,Components-smiles-stereo-oe.smi,CS(=O)(=O)NCCc1ccccc1,resolved
JFP,CCC(=O)Nc1nc(cs1)C,Components-smiles-stereo-oe.smi,CCC(=O)Nc1nc(C)cs1,resolved
JG3,c1ccc(cc1)C[C@@H]([C@H](C[N@]2CCC[C@H]2C(=O)O)O)N,Components-smiles-stereo-oe.smi,N[C@@H](Cc1ccccc1)[C@@H](O)CN1CCC[C@H]1C(=O)O,resolved
JG4,c1cc(sc1)c2[nH]ccn2,Components-smiles-stereo-oe.smi,c1csc(-c2ncc[nH]2)c1,resolved
JG8,c1ccc2c(c1)c3c(o2)C(=O)NC=N3,Components-smiles-stereo-oe.smi,O=c1[nH]cnc2c1oc1ccccc12,resolved
JGA,CCNC(=O)Nc1cc(on1)C,Components-smiles-stereo-oe.smi,CCNC(=O)Nc1cc(C)on1,resolved
JGD,CN(C)c1ccncc1,Components-smiles-stereo-oe.smi,CN(C)c1ccncc1,resolved
JGG,c1cc(ccc1CNC(=O)N2CCOCC2)C#N,Components-smiles-stereo-oe.smi,N#Cc1ccc(CNC(=O)N2CCOCC2)cc1,resolved
JGP,c1cc2c(cc1C(=O)N3CCCCCC3)OCO2,Components-smiles-stereo-oe.smi,O=C(c1ccc2c(c1)OCO2)N1CCCCCC1,resolved
JGY,Cn1ccc(n1)C(=O)NC[C@@H]2CCCO2,Components-smiles-stereo-oe.smi,Cn1ccc(C(=O)NC[C@@H]2CCCO2)n1,resolved
JGZ,Cc1cc(cc(c1Oc2ccnc(n2)NC3CCN(CC3)c4ccc(cc4)S(=O)(=O)N)C)C#N,Components-smiles-stereo-oe.smi,Cc1cc(C#N)cc(C)c1Oc1ccnc(NC2CCN(c3ccc(S(N)(=O)=O)cc3)CC2)n1,resolved
JH4,CNc1ncccn1,Components-smiles-stereo-oe.smi,CNc1ncccn1,resolved
JHG,c1ccc(cc1)CCCN([C@H]2CNC[C@@H]2NCc3ccc(cc3)C(F)(F)F)S(=O)(=O)c4ccc(cc4)C(=O)N,Components-smiles-stereo-oe.smi,NC(=O)c1ccc(S(=O)(=O)N(CCCc2ccccc2)[C@H]2CNC[C@@H]2NCc2ccc(C(F)(F)F)cc2)cc1,resolved
JHJ,COc1ccc(cc1)NC(=O)Nc2ccncc2,Components-smiles-stereo-oe.smi,COc1ccc(NC(=O)Nc2ccncc2)cc1,resolved
JHM,C1[C@H]([C@@H]([C@H](O[C@@H]1O)COS(=O)(=O)O)O)O,Components-smiles-stereo-oe.smi,O=S(=O)(O)OC[C@H]1O[C@H](O)C[C@@H](O)[C@@H]1O,resolved
JHS,CC(=O)NCC1(CCOCC1)c2ccccc2,Components-smiles-stereo-oe.smi,CC(=O)NCC1(c2ccccc2)CCOCC1,resolved
JJC,c1ccc(cc1)CNC(=O)[C@@H](c2cccnc2)N(c3ccc(cc3)NC(=O)CCl)C(=O)c4ccco4,Components-smiles-stereo-oe.smi,O=C(CCl)Nc1ccc(N(C(=O)c2ccco2)[C@@H](C(=O)NCc2ccccc2)c2cccnc2)cc1,resolved
JJG,c1ccc(cc1)SCCN2CCOCC2,Components-smiles-stereo-oe.smi,c1ccc(SCCN2CCOCC2)cc1,resolved
JJM,Cc1cccc(c1)Nc2c3cnn(c3ncn2)C,Components-smiles-stereo-oe.smi,Cc1cccc(Nc2ncnc3c2cnn3C)c1,resolved
JJO,c1ccc(cc1)CNC(=O)[C@@H](c2cccnc2)N(c3cccc(c3)NC(=O)CCl)C(=O)c4ccco4,Components-smiles-stereo-oe.smi,O=C(CCl)Nc1cccc(N(C(=O)c2ccco2)[C@@H](C(=O)NCc2ccccc2)c2cccnc2)c1,resolved
JKL,C[C@H](CC(=O)N(c1ccc(cc1)C(C)(C)C)[C@H](c2cccnc2)C(=O)NC3CCCCC3)O,Components-smiles-stereo-oe.smi,C[C@@H](O)CC(=O)N(c1ccc(C(C)(C)C)cc1)[C@@H](C(=O)NC1CCCCC1)c1cccnc1,resolved
JLJ,CC(=CCOc1cc(ccc1C#N)Nc2nccc(n2)OC)C,Components-smiles-stereo-oe.smi,COc1ccnc(Nc2ccc(C#N)c(OCC=C(C)C)c2)n1,resolved
JNS,c1ccc(cc1)/C=C\c2ccc3c(c2C(=O)O)OCO3,Components-smiles-stereo-oe.smi,O=C(O)c1c(/C=C\c2ccccc2)ccc2c1OCO2,resolved
JNZ,c1ccc2c(c1)c(n[nH]2)N,Components-smiles-stereo-oe.smi,Nc1n[nH]c2ccccc12,resolved
JOV,CC(C)(CO)NC(=O)c1cccc(c1)Cl,Components-smiles-stereo-oe.smi,CC(C)(CO)NC(=O)c1cccc(Cl)c1,resolved
JPR,Cc1ccc(cc1Cl)NC(=O)NCCSCc2ccc(o2)CN(C)C,Components-smiles-stereo-oe.smi,Cc1ccc(NC(=O)NCCSCc2ccc(CN(C)C)o2)cc1Cl,resolved
JRY,CCCCCCNC(=O)O,Components-smiles-stereo-oe.smi,CCCCCCNC(=O)O,resolved
JTH,CC(C)C1=CC=C(C(=O)C(=C1)O)O,Components-smiles-stereo-oe.smi,CC(C)c1ccc(O)c(=O)c(O)c1,resolved
JVX,CC(C)(C)c1ccc(cc1)N([C@H](c2cccnc2)C(=O)NC(C)(C)C)C(=O)CCl,Components-smiles-stereo-oe.smi,CC(C)(C)NC(=O)[C@@H](c1cccnc1)N(C(=O)CCl)c1ccc(C(C)(C)C)cc1,resolved
JW9,C[C@H](c1cccc2c1cccc2)N(C)Cc3ccc(cc3)O,Components-smiles-stereo-oe.smi,C[C@H](c1cccc2ccccc12)N(C)Cc1ccc(O)cc1,resolved
JWO,CC(C)(C)c1ccc(cc1)N([C@H](c2cccnc2)C(=O)NC3CCCCC3)C(=O)C(C)(C)O,Components-smiles-stereo-oe.smi,CC(C)(O)C(=O)N(c1ccc(C(C)(C)C)cc1)[C@@H](C(=O)NC1CCCCC1)c1cccnc1,resolved
JWX,C[C@H](c1cccc2c1cccc2)N(C)Cc3c[nH]c4c3cccc4,Components-smiles-stereo-oe.smi,C[C@H](c1cccc2ccccc12)N(C)Cc1c[nH]c2ccccc12,resolved
JX6,CC(C)(C)C[C@@H](C(=O)N[C@@H](C[C@@H]1CCNC1=O)CO)NC(=O)OCc2ccccc2,Components-smiles-stereo-oe.smi,CC(C)(C)C[C@H](NC(=O)OCc1ccccc1)C(=O)N[C@H](CO)C[C@@H]1CCNC1=O,resolved
JY0,C[C@@H]([C@@H](C(=O)N[C@@H](C[C@@H]1CCNC1=O)CO)NC(=O)OCc2ccccc2)OC(C)(C)C,Components-smiles-stereo-oe.smi,C[C@H](OC(C)(C)C)[C@H](NC(=O)OCc1ccccc1)C(=O)N[C@H](CO)C[C@@H]1CCNC1=O,resolved
JYJ,c1cc(cc(c1)Cl)C2(CC2)C(=O)N3CCN(CC3)C(=O)c4ccsc4,Components-smiles-stereo-oe.smi,O=C(c1ccsc1)N1CCN(C(=O)C2(c3cccc(Cl)c3)CC2)CC1,resolved
JYS,c1ccc(cc1)C(=O)N2CCN(CC2)C(=O)C(=O)c3c[nH]c4c3c(ccc4F)Br,Components-smiles-stereo-oe.smi,O=C(C(=O)N1CCN(C(=O)c2ccccc2)CC1)c1c[nH]c2c(F)ccc(Br)c12,resolved
JYV,CN(C)CCCN(C)Cc1nc(cs1)c2c3c(c(c[nH]3)C(=O)C(=O)N4CCC(CC4)[C@@H](C#N)c5ccccc5)c(cn2)OC,Components-smiles-stereo-oe.smi,COc1cnc(-c2csc(CN(C)CCCN(C)C)n2)c2[nH]cc(C(=O)C(=O)N3CCC([C@@H](C#N)c4ccccc4)CC3)c12,resolved
JYY,COc1cnc(c2c1c(c[nH]2)C(=O)C(=O)N3CCC(CC3)C(C#N)c4ccccc4)c5csc(n5)C(=O)NCCO,Components-smiles-stereo-oe.smi,COc1cnc(-c2csc(C(=O)NCCO)n2)c2[nH]cc(C(=O)C(=O)N3CCC(C(C#N)c4ccccc4)CC3)c12,resolved
JZP,CC1([C@H](N(CS1)C(=O)[C@H]([C@H](Cc2ccccc2)NC(=O)COc3c(cccc3Cl)Cl)O)C(=O)N[C@H]4c5ccccc5C[C@H]4O)C,Components-smiles-stereo-oe.smi,CC1(C)SCN(C(=O)[C@@H](O)[C@H](Cc2ccccc2)NC(=O)COc2c(Cl)cccc2Cl)[C@@H]1C(=O)N[C@H]1c2ccccc2C[C@H]1O,resolved
JZQ,CC1([C@H](N(CS1)C(=O)[C@H]([C@H](Cc2ccccc2)NC(=O)COc3c(cccc3F)F)O)C(=O)N[C@H]4c5ccccc5C[C@H]4O)C,Components-smiles-stereo-oe.smi,CC1(C)SCN(C(=O)[C@@H](O)[C@H](Cc2ccccc2)NC(=O)COc2c(F)cccc2F)[C@@H]1C(=O)N[C@H]1c2ccccc2C[C@H]1O,resolved
K05,COc1ccc2ccccc2c1\C=N\NC(=O)c3ccc(c(c3)O)O,Components-smiles-stereo-oe.smi,COc1ccc2ccccc2c1/C=N/NC(=O)c1ccc(O)c(O)c1,resolved
K0G,c1ccc(cc1)NC(=O)Nc2cccnc2,Components-smiles-stereo-oe.smi,O=C(Nc1ccccc1)Nc1cccnc1,resolved
K13,CC[C@H](C)C[N@@](C[C@H]([C@H](Cc1ccccc1)NC(=O)O[C@H]2CO[C@@H]3[C@H]2CCO3)O)S(=O)(=O)c4ccc(cc4)N,Components-smiles-stereo-oe.smi,CC[C@H](C)CN(C[C@@H](O)[C@H](Cc1ccccc1)NC(=O)O[C@H]1CO[C@H]2OCC[C@H]21)S(=O)(=O)c1ccc(N)cc1,resolved
K14,CC[C@H](C)C[N@@](C[C@H]([C@H](Cc1ccccc1)NC(=O)O[C@H]2CO[C@@H]3[C@H]2CCO3)O)S(=O)(=O)c4ccc(cc4)OC,Components-smiles-stereo-oe.smi,CC[C@H](C)CN(C[C@@H](O)[C@H](Cc1ccccc1)NC(=O)O[C@H]1CO[C@H]2OCC[C@H]21)S(=O)(=O)c1ccc(OC)cc1,resolved
K19,CC[C@H](C)C[N@@](C[C@H]([C@H](Cc1ccccc1)NC(=O)O[C@H]2CO[C@@H]3[C@H]2CCO3)O)S(=O)(=O)c4ccc5c(c4)scn5,Components-smiles-stereo-oe.smi,CC[C@H](C)CN(C[C@@H](O)[C@H](Cc1ccccc1)NC(=O)O[C@H]1CO[C@H]2OCC[C@H]21)S(=O)(=O)c1ccc2ncsc2c1,resolved
K1A,Cc1c(c(on1)C)CN2C(=O)SC(=N2)C,Components-smiles-stereo-oe.smi,Cc1nn(Cc2c(C)noc2C)c(=O)s1,resolved
K1G,CC(C)N(C)c1c2cnn(c2ncn1)C,Components-smiles-stereo-oe.smi,CC(C)N(C)c1ncnc2c1cnn2C,resolved
K1S,CCN(CC)c1cc(nc2n1ncn2)C,Components-smiles-stereo-oe.smi,CCN(CC)c1cc(C)nc2ncnn12,resolved
K1T,CC(C)C[C@@H](Cc1ccc2c(c1C(=O)O)OCO2)CNC(=O)CCCN,Components-smiles-stereo-oe.smi,CC(C)C[C@H](CNC(=O)CCCN)Cc1ccc2c(c1C(=O)O)OCO2,resolved
K1Y,Cc1nc(c(s1)NC(=O)OC)c2ccccc2,Components-smiles-stereo-oe.smi,COC(=O)Nc1sc(C)nc1-c1ccccc1,resolved
K20,CC[C@H](C)C[N@@](C[C@H]([C@H](Cc1ccccc1)NC(=O)O[C@H]2CO[C@@H]3[C@H]2CCO3)O)S(=O)(=O)c4ccc5c(c4)OCO5,Components-smiles-stereo-oe.smi,CC[C@H](C)CN(C[C@@H](O)[C@H](Cc1ccccc1)NC(=O)O[C@H]1CO[C@H]2OCC[C@H]21)S(=O)(=O)c1ccc2c(c1)OCO2,resolved
K2A,CC[C@H](C)C[N@@](C[C@H]([C@H](Cc1ccccc1)NC(=O)O[C@H]2CO[C@@H]3[C@H]2CCO3)O)S(=O)(=O)c4ccc(cc4)CO,Components-smiles-stereo-oe.smi,CC[C@H](C)CN(C[C@@H](O)[C@H](Cc1ccccc1)NC(=O)O[C@H]1CO[C@H]2OCC[C@H]21)S(=O)(=O)c1ccc(CO)cc1,resolved
K2D,CCC(CC)C[N@@](C[C@H]([C@H](Cc1ccccc1)NC(=O)O[C@H]2CO[C@@H]3[C@H]2CCO3)O)S(=O)(=O)c4ccc(cc4)OC,Components-smiles-stereo-oe.smi,CCC(CC)CN(C[C@@H](O)[C@H](Cc1ccccc1)NC(=O)O[C@H]1CO[C@H]2OCC[C@H]21)S(=O)(=O)c1ccc(OC)cc1,resolved
K2E,CCC(CC)C[N@@](C[C@H]([C@H](Cc1ccccc1)NC(=O)O[C@H]2CO[C@@H]3[C@H]2CCO3)O)S(=O)(=O)c4ccc5c(c4)OCO5,Components-smiles-stereo-oe.smi,CCC(CC)CN(C[C@@H](O)[C@H](Cc1ccccc1)NC(=O)O[C@H]1CO[C@H]2OCC[C@H]21)S(=O)(=O)c1ccc2c(c1)OCO2,resolved
K2G,CC(C)c1ncc(c(n1)C(=O)N)Cl,Components-smiles-stereo-oe.smi,CC(C)c1ncc(Cl)c(C(N)=O)n1,resolved
K2P,c1ccc(c(c1)C(=O)O)OC(F)(F)F,Components-smiles-stereo-oe.smi,O=C(O)c1ccccc1OC(F)(F)F,resolved
K2X,c1cc(cc(c1)Cl)COC(=O)N[C@@H](CC2CCCCC2)C(=O)N[C@@H](C[C@@H]3CCNC3=O)[C@@H](O)S,Components-smiles-stereo-oe.smi,O=C(N[C@@H](CC1CCCCC1)C(=O)N[C@@H](C[C@@H]1CCNC1=O)[C@@H](O)S)OCc1cccc(Cl)c1,resolved
K34,c1csc(n1)c2[nH]ncn2,Components-smiles-stereo-oe.smi,c1n[nH]c(-c2nccs2)n1,resolved
K36,CC(C)C[C@@H](C(=O)N[C@@H](C[C@@H]1CCNC1=O)[C@@H](O)S(=O)(=O)O)NC(=O)OCc2ccccc2,Components-smiles-stereo-oe.smi,CC(C)C[C@H](NC(=O)OCc1ccccc1)C(=O)N[C@@H](C[C@@H]1CCNC1=O)[C@@H](O)S(=O)(=O)O,resolved
K3A,Cc1cc(n[nH]1)NC(=O)C,Components-smiles-stereo-oe.smi,CC(=O)Nc1cc(C)[nH]n1,resolved
K3L,COc1ccc(cc1)N2C(=O)c3ccccc3N=C2[C@H](Cc4cc(cc(c4)F)F)NC(=O)CN5CCN(CC5=O)S(=O)(=O)c6ccc(cc6)N,Components-smiles-stereo-oe.smi,COc1ccc(-n2c([C@H](Cc3cc(F)cc(F)c3)NC(=O)CN3CCN(S(=O)(=O)c4ccc(N)cc4)CC3=O)nc3ccccc3c2=O)cc1,resolved
K3S,CCNCc1cn(nn1)C,Components-smiles-stereo-oe.smi,CCNCc1cn(C)nn1,resolved
K41,CC(C)C(=O)Nc1nnn(n1)C,Components-smiles-stereo-oe.smi,CC(C)C(=O)Nc1nnn(C)n1,resolved
K53,CC(C)C[N@@](C[C@H]([C@H](Cc1ccccc1)NC(=O)[C@@H]2CN(C(=O)O2)c3ccccc3O)O)S(=O)(=O)c4ccc5c(c4)OCO5,Components-smiles-stereo-oe.smi,CC(C)CN(C[C@@H](O)[C@H](Cc1ccccc1)NC(=O)[C@@H]1CN(c2ccccc2O)C(=O)O1)S(=O)(=O)c1ccc2c(c1)OCO2,resolved
K54,CC(C)C[N@@](C[C@H]([C@H](Cc1ccccc1)NC(=O)[C@@H]2CN(C(=O)O2)c3ccccc3C(F)(F)F)O)S(=O)(=O)c4ccc5c(c4)scn5,Components-smiles-stereo-oe.smi,CC(C)CN(C[C@@H](O)[C@H](Cc1ccccc1)NC(=O)[C@@H]1CN(c2ccccc2C(F)(F)F)C(=O)O1)S(=O)(=O)c1ccc2ncsc2c1,resolved
K57,Cc1c(cccc1O)C(=O)N[C@@H](Cc2ccccc2)C(C(=O)N3CSC([C@H]3C(=O)NC(C)(C)C)(C)C)O,Components-smiles-stereo-oe.smi,Cc1c(O)cccc1C(=O)N[C@@H](Cc1ccccc1)C(O)C(=O)N1CSC(C)(C)[C@H]1C(=O)NC(C)(C)C,resolved
K5A,Cc1cc(cc(c1Oc2c3c(ccs3)nc(n2)NC4CCN(CC4)Cc5ccc(cc5)S(=O)(=O)N)C)C#N,Components-smiles-stereo-oe.smi,Cc1cc(C#N)cc(C)c1Oc1nc(NC2CCN(Cc3ccc(S(N)(=O)=O)cc3)CC2)nc2ccsc12,resolved
K5C,Cc1cc(cc(c1Oc2c3c(ccs3)nc(n2)NC4CCN(CC4)Cc5ccc(cc5)S(=O)(=O)N)C)/C=C/C#N,Components-smiles-stereo-oe.smi,Cc1cc(/C=C/C#N)cc(C)c1Oc1nc(NC2CCN(Cc3ccc(S(N)(=O)=O)cc3)CC2)nc2ccsc12,resolved
K5Q,c1ccc\2c(c1)C/C(=N\O)/C2=C/c3ccc4c(c3C(=O)O)OC[C@@H](O4)CCC(=O)O,Components-smiles-stereo-oe.smi,O=C(O)CC[C@H]1COc2c(ccc(/C=C3/C(=N/O)Cc4ccccc43)c2C(=O)O)O1,resolved
K60,CC(C)C[N@@](C[C@H]([C@H](Cc1ccccc1)NC(=O)[C@@H]2CN(C(=O)O2)c3cccc(c3)C(F)(F)F)O)S(=O)(=O)c4ccc5c(c4)OCO5,Components-smiles-stereo-oe.smi,CC(C)CN(C[C@@H](O)[C@H](Cc1ccccc1)NC(=O)[C@@H]1CN(c2cccc(C(F)(F)F)c2)C(=O)O1)S(=O)(=O)c1ccc2c(c1)OCO2,resolved
K62,CC(C)C[N@@](C[C@H]([C@H](Cc1ccccc1)NC(=O)[C@@H]2CN(C(=O)O2)c3cccc(c3)C(=O)C)O)S(=O)(=O)c4ccc5c(c4)OCO5,Components-smiles-stereo-oe.smi,CC(=O)c1cccc(N2C[C@@H](C(=O)N[C@@H](Cc3ccccc3)[C@H](O)CN(CC(C)C)S(=O)(=O)c3ccc4c(c3)OCO4)OC2=O)c1,resolved
K7F,Cc1cc(cc(c1Oc2c(cnc(n2)NC3CCN(CC3)Cc4ccc(cc4)C(=O)N)c5ccncc5)C)C#N,Components-smiles-stereo-oe.smi,Cc1cc(C#N)cc(C)c1Oc1nc(NC2CCN(Cc3ccc(C(N)=O)cc3)CC2)ncc1-c1ccncc1,resolved
K83,CC(C)C[N@@](C[C@H]([C@H](Cc1ccccc1)NC(=O)c2cccc(c2)O)O)S(=O)(=O)c3ccc(cc3)OC,Components-smiles-stereo-oe.smi,COc1ccc(S(=O)(=O)N(CC(C)C)C[C@@H](O)[C@H](Cc2ccccc2)NC(=O)c2cccc(O)c2)cc1,resolved
K97,c1cc2c(cc1C(=O)O)[nH]cc2CN3CCOCC3,Components-smiles-stereo-oe.smi,O=C(O)c1ccc2c(CN3CCOCC3)c[nH]c2c1,resolved
K9U,c1ccc2c(c1)C(=CC(=O)N2)C(=O)N3CCN(C[C@H]3C(=O)NCCC(F)(F)F)c4ccc(c(c4)Cl)Cl,Components-smiles-stereo-oe.smi,O=C(NCCC(F)(F)F)[C@@H]1CN(c2ccc(Cl)c(Cl)c2)CCN1C(=O)c1cc(=O)[nH]c2ccccc12,resolved
KAE,c1ccc2c(c1)C(=CC(=O)N2)C(=O)N3CCN(C[C@@H]3CN4CCOCC4)c5ccc(c(c5)Cl)Cl,Components-smiles-stereo-oe.smi,O=C(c1cc(=O)[nH]c2ccccc12)N1CCN(c2ccc(Cl)c(Cl)c2)C[C@@H]1CN1CCOCC1,resolved
KBT,CCCCN1C(=C(C(=O)NC1=O)C(C)C)C(=O)c2cc(cc(c2)C#N)C,Components-smiles-stereo-oe.smi,CCCCn1c(C(=O)c2cc(C)cc(C#N)c2)c(C(C)C)c(=O)[nH]c1=O,resolved
KFU,c1ccc2c(c1)cncc2NC(=O)[C@@H]3COc4c3cc(cc4)Cl,Components-smiles-stereo-oe.smi,O=C(Nc1cncc2ccccc12)[C@@H]1COc2ccc(Cl)cc21,resolved
KG9,c1ccc2c(c1)cncc2NC(=O)[C@@H]3CN(Cc4c3cc(cc4)Cl)S(=O)(=O)CC5(CC5)C#N,Components-smiles-stereo-oe.smi,N#CC1(CS(=O)(=O)N2Cc3ccc(Cl)cc3[C@H](C(=O)Nc3cncc4ccccc34)C2)CC1,resolved
KGQ,CCOP(=O)(COc1ccc(cc1)C[C@@H]([C@@H](C[N@](CC(C)C)S(=O)(=O)c2ccc(cc2)OC)O)NC(=O)O[C@H]3CO[C@@H]4[C@H]3CCO4)OCC,Components-smiles-stereo-oe.smi,CCOP(=O)(COc1ccc(C[C@H](NC(=O)O[C@H]2CO[C@H]3OCC[C@H]32)[C@H](O)CN(CC(C)C)S(=O)(=O)c2ccc(OC)cc2)cc1)OCC,resolved
KI2,c1ccc(cc1)C[C@@H]([C@H](C(=O)O)O)NC(=O)OCc2ccccc2,Components-smiles-stereo-oe.smi,O=C(N[C@@H](Cc1ccccc1)[C@@H](O)C(=O)O)OCc1ccccc1,resolved
KJI,Cc1ccncc1NC(=O)CNc2ccnc3c2cccc3,Components-smiles-stereo-oe.smi,Cc1ccncc1NC(=O)CNc1ccnc2ccccc12,resolved
KJJ,Cc1c(cc(c2c1CCCO2)F)c3c4c(nc(c3[C@@H](C(=O)O)OC(C)(C)C)C)CCN(C4)C[C@H]5C[C@H]5c6ccccc6,Components-smiles-stereo-oe.smi,Cc1nc2c(c(-c3cc(F)c4c(c3C)CCCO4)c1[C@H](OC(C)(C)C)C(=O)O)CN(C[C@H]1C[C@H]1c1ccccc1)CC2,resolved
KJO,C=C(c1cccnc1)C(=O)Nc2ccccc2,Components-smiles-stereo-oe.smi,C=C(C(=O)Nc1ccccc1)c1cccnc1,resolved
KL6,CS(=O)(=O)NCCN1CCCc2c1cc(cc2)S(=O)(=O)N,Components-smiles-stereo-oe.smi,CS(=O)(=O)NCCN1CCCc2ccc(S(N)(=O)=O)cc21,resolved
KLQ,c1c(cc(c(c1F)CNC(=O)C2=CN3C[C@@H]4N([C@H]5CC[C@H](C5)O4)C(=O)C3=C(C2=O)O)F)F,Components-smiles-stereo-oe.smi,O=C(NCc1c(F)cc(F)cc1F)c1cn2c(c(O)c1=O)C(=O)N1[C@H]3CC[C@H](C3)O[C@@H]1C2,resolved
KLR,CC(C)(C)NC(=O)[C@H](c1cccnc1)Nc2ccc(cc2)CCC#N,Components-smiles-stereo-oe.smi,CC(C)(C)NC(=O)[C@@H](Nc1ccc(CCC#N)cc1)c1cccnc1,resolved
KM6,c1cc(ccc1c2nnco2)Cl,Components-smiles-stereo-oe.smi,Clc1ccc(-c2nnco2)cc1,resolved
KMF,CC(=O)N1CCN(CC1)CCNC(=O)c2cccc3c2cccc3,Components-smiles-stereo-oe.smi,CC(=O)N1CCN(CCNC(=O)c2cccc3ccccc23)CC1,resolved
KMX,CC(=O)N1CCN(CC1)Cc2cnc(s2)Cc3ccccc3,Components-smiles-stereo-oe.smi,CC(=O)N1CCN(Cc2cnc(Cc3ccccc3)s2)CC1,resolved
KNI,CC(C)(C)NC(=O)[C@@H]1CSCN1C(=O)[C@H]([C@H](Cc2ccccc2)NC(=O)[C@H](CSC)NC(=O)COc3cccc4c3ccnc4)O,Components-smiles-stereo-oe.smi,CSC[C@H](NC(=O)COc1cccc2cnccc12)C(=O)N[C@@H](Cc1ccccc1)[C@H](O)C(=O)N1CSC[C@H]1C(=O)NC(C)(C)C,resolved
KNJ,Cc1cc(cc(c1OCC(=O)N[C@@H](Cc2ccccc2)[C@@H](C(=O)N3CSC([C@H]3C(=O)NCC(=C)C)(C)C)O)C)N,Components-smiles-stereo-oe.smi,C=C(C)CNC(=O)[C@H]1N(C(=O)[C@@H](O)[C@H](Cc2ccccc2)NC(=O)COc2c(C)cc(N)cc2C)CSC1(C)C,resolved
KNL,c1cc(c(c(c1)Cl)OCC(=O)O)Cl,Components-smiles-stereo-oe.smi,O=C(O)COc1c(Cl)cccc1Cl,resolved
KNU,C[C@@H](c1cc(cc(c1)Cl)F)NC(=O)C,Components-smiles-stereo-oe.smi,CC(=O)N[C@@H](C)c1cc(F)cc(Cl)c1,resolved
KO9,c1cc(cnc1)CC(=O)Nc2cc(cnc2)C#N,Components-smiles-stereo-oe.smi,N#Cc1cncc(NC(=O)Cc2cccnc2)c1,resolved
KOI,c1cc(cc(c1)Cl)CC(=O)Nc2cccnc2,Components-smiles-stereo-oe.smi,O=C(Cc1cccc(Cl)c1)Nc1cccnc1,resolved
KP0,c1cc(cc(c1)Cl)N(CCC2CCCCC2)C(=O)Nc3cccnc3,Components-smiles-stereo-oe.smi,O=C(Nc1cccnc1)N(CCC1CCCCC1)c1cccc(Cl)c1,resolved
KQ3,c1cc(cc(c1)Cl)N(CCN2CCOCC2)C(=O)Nc3cccnc3,Components-smiles-stereo-oe.smi,O=C(Nc1cccnc1)N(CCN1CCOCC1)c1cccc(Cl)c1,resolved
KQL,Cc1ccncc1NC(=O)Cc2cccc(c2)C(F)(F)F,Components-smiles-stereo-oe.smi,Cc1ccncc1NC(=O)Cc1cccc(C(F)(F)F)c1,resolved
KQX,Cc1ccc(cc1)CC(=O)Nc2cnccc2C,Components-smiles-stereo-oe.smi,Cc1ccc(CC(=O)Nc2cnccc2C)cc1,resolved
KR1,Cc1cc(cc(c1)C(=O)C2=C(C(=O)NC(=O)N2Cc3cc(nc(c3)F)N)C(C)C)C#N,Components-smiles-stereo-oe.smi,Cc1cc(C#N)cc(C(=O)c2c(C(C)C)c(=O)[nH]c(=O)n2Cc2cc(N)nc(F)c2)c1,resolved
KRP,CCCN1C(=C(C(=O)NC1=O)C(C)C)C(=O)c2cc(cc(c2)C#N)C,Components-smiles-stereo-oe.smi,CCCn1c(C(=O)c2cc(C)cc(C#N)c2)c(C(C)C)c(=O)[nH]c1=O,resolved
KRV,CCN1C(=C(C(=O)NC1=O)C(C)C)C(=O)c2cc(cc(c2)C#N)C,Components-smiles-stereo-oe.smi,CCn1c(C(=O)c2cc(C)cc(C#N)c2)c(C(C)C)c(=O)[nH]c1=O,resolved
KS0,CCC(=O)N1CCN(CC1)Cc2ccc(cc2)F,Components-smiles-stereo-oe.smi,CCC(=O)N1CCN(Cc2ccc(F)cc2)CC1,resolved
KSI,CC(C)C[C@H]1CN(CCN1Cc2cccc(c2)Cl)C(=O)C,Components-smiles-stereo-oe.smi,CC(=O)N1CCN(Cc2cccc(Cl)c2)[C@@H](CC(C)C)C1,resolved
KSX,Cc1ccncc1NC(=O)Cc2cc(cnc2)C#N,Components-smiles-stereo-oe.smi,Cc1ccncc1NC(=O)Cc1cncc(C#N)c1,resolved
KT9,Cc1cc(cc(c1)O[C@H]2CC(=O)N2)NC(=O)Cc3cncnc3,Components-smiles-stereo-oe.smi,Cc1cc(NC(=O)Cc2cncnc2)cc(O[C@H]2CC(=O)N2)c1,resolved
KU6,c1cc2c(cc1Cl)[C@@H](CCO2)C(=O)Nc3nncn3C4CC4,Components-smiles-stereo-oe.smi,O=C(Nc1nncn1C1CC1)[C@@H]1CCOc2ccc(Cl)cc21,resolved
KUU,Cc1ccncc1NC(=O)[C@@H](c2cccc(c2)Cl)C(C)C,Components-smiles-stereo-oe.smi,Cc1ccncc1NC(=O)[C@@H](c1cccc(Cl)c1)C(C)C,resolved
KVF,CC[C@@H](c1cccc(c1)Cl)C(=O)Nc2cnncc2C,Components-smiles-stereo-oe.smi,CC[C@H](C(=O)Nc1cnncc1C)c1cccc(Cl)c1,resolved
KVI,[H]/N=C(/N)\NCCC[C@@H](C(=O)N)NC(=O)[C@H](CCC(=O)N)NC(=O)[C@H](CCCC)CC(=O)[C@H](CCCC)NC(=O)[C@H]([C@@H](C)CC)NC(=O)[C@H]([C@@H](C)O)NC(=O)C,Components-smiles-stereo-oe.smi,[H]/N=C(/N)NCCC[C@H](NC(=O)[C@H](CCC(N)=O)NC(=O)[C@H](CCCC)CC(=O)[C@H](CCCC)NC(=O)[C@@H](NC(=O)[C@@H](NC(C)=O)[C@@H](C)O)[C@@H](C)CC)C(N)=O,resolved
KVO,Cc1ccnc(c1NC(=O)Cc2cccc(c2)Cl)C,Components-smiles-stereo-oe.smi,Cc1ccnc(C)c1NC(=O)Cc1cccc(Cl)c1,resolved
KVS,[H]/N=C(\N)/NCCC[C@@H](C(=O)N)NC(=O)[C@H](CCC(=O)N)NC(=O)[C@H](CCCC)CC([C@H](CCCC)NC(=O)[C@H]([C@@H](C)CC)NC(=O)[C@H]([C@@H](C)O)NC(=O)C)(O)O,Components-smiles-stereo-oe.smi,[H]/N=C(\N)NCCC[C@H](NC(=O)[C@H](CCC(N)=O)NC(=O)[C@H](CCCC)CC(O)(O)[C@H](CCCC)NC(=O)[C@@H](NC(=O)[C@@H](NC(C)=O)[C@@H](C)O)[C@@H](C)CC)C(N)=O,resolved
KVX,c1cc2c(cc1Cl)[C@@H](CO2)C(=O)Nc3cnccc3CO,Components-smiles-stereo-oe.smi,O=C(Nc1cnccc1CO)[C@@H]1COc2ccc(Cl)cc21,resolved
KW6,c1ccc2c(c1)cc(cn2)C#Cc3cn(c4c3c(ncn4)N)[C@H]5[C@@H]([C@@H]([C@H](O5)CO)O)O,Components-smiles-stereo-oe.smi,Nc1ncnc2c1c(C#Cc1cnc3ccccc3c1)cn2[C@@H]1O[C@H](CO)[C@@H](O)[C@H]1O,resolved
KW9,COc1ccccc1OCCNC(=O)C2=CC(=O)Nc3c2ccc(c3)F,Components-smiles-stereo-oe.smi,COc1ccccc1OCCNC(=O)c1cc(=O)[nH]c2cc(F)ccc12,resolved
KWR,c1cc(cc(c1)O[C@H]2CC(=O)N2)NC(=O)Cc3cccnc3,Components-smiles-stereo-oe.smi,O=C(Cc1cccnc1)Nc1cccc(O[C@H]2CC(=O)N2)c1,resolved
KX9,C[C@H](c1cccc(c1)Cl)C(=O)Nc2cnccc2n3cccn3,Components-smiles-stereo-oe.smi,C[C@@H](C(=O)Nc1cnccc1-n1cccn1)c1cccc(Cl)c1,resolved
KXF,Cc1ccncc1NC(=O)Cc2cccc(c2)O,Components-smiles-stereo-oe.smi,Cc1ccncc1NC(=O)Cc1cccc(O)c1,resolved
KXR,c1c(cc(cc1O[C@H]2CC(=O)N2)F)NC(=O)Cc3cncnc3,Components-smiles-stereo-oe.smi,O=C(Cc1cncnc1)Nc1cc(F)cc(O[C@H]2CC(=O)N2)c1,resolved
KY0,Cc1ccncc1NC(=O)C2(CC2)c3cccc(c3)Cl,Components-smiles-stereo-oe.smi,Cc1ccncc1NC(=O)C1(c2cccc(Cl)c2)CC1,resolved
KYC,Cc1ccncc1NC(=O)[C@H](c2cccc(c2)Cl)N(C)C,Components-smiles-stereo-oe.smi,Cc1ccncc1NC(=O)[C@H](c1cccc(Cl)c1)N(C)C,resolved
KYN,c1ccc(c(c1)C(=O)C[C@@H](C(=O)O)N)N,Components-smiles-stereo-oe.smi,Nc1ccccc1C(=O)C[C@H](N)C(=O)O,resolved
KYU,Cc1ccncc1NC(=O)C(c2cccc(c2)Cl)(F)F,Components-smiles-stereo-oe.smi,Cc1ccncc1NC(=O)C(F)(F)c1cccc(Cl)c1,resolved
KZ0,C(c1nc(nc(n1)CCl)CCl)Cl,Components-smiles-stereo-oe.smi,ClCc1nc(CCl)nc(CCl)n1,resolved
KZC,c1ccc(cc1)NCCNC(=O)C2=CC(=O)Nc3c2cccc3,Components-smiles-stereo-oe.smi,O=C(NCCNc1ccccc1)c1cc(=O)[nH]c2ccccc12,resolved
KZD,Cc1cn2c(c(c(c(c2n1)c3ccc(cc3)OCCc4ccc(cc4)F)N5CCC(CC5)(C)C)[C@@H](C(=O)O)OC(C)(C)C)C,Components-smiles-stereo-oe.smi,Cc1cn2c(C)c([C@H](OC(C)(C)C)C(=O)O)c(N3CCC(C)(C)CC3)c(-c3ccc(OCCc4ccc(F)cc4)cc3)c2n1,resolved
KZX,Cc1ccncc1NC(=O)Cc2cccc(c2)F,Components-smiles-stereo-oe.smi,Cc1ccncc1NC(=O)Cc1cccc(F)c1,resolved
L0Y,CN(Cc1ccccc1C(=O)NCC2CCCCC2)Cc3ccc4c(c3C(=O)O)OCCO4,Components-smiles-stereo-oe.smi,CN(Cc1ccccc1C(=O)NCC1CCCCC1)Cc1ccc2c(c1C(=O)O)OCCO2,resolved
L1F,CN(CCOc1ccccc1OC)C(=O)C2=CC(=O)Nc3c2cccc3,Components-smiles-stereo-oe.smi,COc1ccccc1OCCN(C)C(=O)c1cc(=O)[nH]c2ccccc12,resolved
L27,c1ccc(cc1)C[C@@H]([C@H](C[C@]2(C(=O)C(=CN2)[C@@H]3CNC(=O)c4c3cccc4)Cc5ccccc5)O)NC(=O)O[C@H]6CCOC6,Components-smiles-stereo-oe.smi,O=C(N[C@@H](Cc1ccccc1)[C@@H](O)C[C@]1(Cc2ccccc2)NC=C([C@@H]2CNC(=O)c3ccccc32)C1=O)O[C@H]1CCOC1,resolved
L2B,C1[C@H](O[C@H]([C@@H]1O)N2C=CC(=O)NC2=O)COP(=O)(O)O,Components-smiles-stereo-oe.smi,O=c1ccn([C@@H]2O[C@H](COP(=O)(O)O)C[C@H]2O)c(=O)[nH]1,resolved
L2I,CNCC[C@@H](c1ccccc1)C(=O)Nc2cccnc2,Components-smiles-stereo-oe.smi,CNCC[C@H](C(=O)Nc1cccnc1)c1ccccc1,resolved
L30,c1ccc2c(c1)cccc2NC(=O)c3cccnc3,Components-smiles-stereo-oe.smi,O=C(Nc1cccc2ccccc12)c1cccnc1,resolved
L3D,Cc1c(c(c2ccccc2n1)c3ccc4c5c3nccc5CCO4)[C@@H](C(=O)O)OC(C)(C)C,Components-smiles-stereo-oe.smi,Cc1nc2ccccc2c(-c2ccc3c4c(ccnc24)CCO3)c1[C@H](OC(C)(C)C)C(=O)O,resolved
L3I,Cc1ccncc1NC(=O)C(C)(C)c2cccc(c2)Cl,Components-smiles-stereo-oe.smi,Cc1ccncc1NC(=O)C(C)(C)c1cccc(Cl)c1,resolved
L46,CCc1c(c([nH]c1C(=O)NC)C)C(=O)C,Components-smiles-stereo-oe.smi,CCc1c(C(=O)NC)[nH]c(C)c1C(C)=O,resolved
L4N,Cc1ccncc1NC(=O)[C@@H]2CCC3(C2)CC3,Components-smiles-stereo-oe.smi,Cc1ccncc1NC(=O)[C@@H]1CCC2(CC2)C1,resolved
L4U,Cc1ccncc1NC(=O)C[C@H](C)C(C)C,Components-smiles-stereo-oe.smi,Cc1ccncc1NC(=O)C[C@H](C)C(C)C,resolved
L5I,Cc1ccncc1NC(=O)[C@H](C)CC2CC2,Components-smiles-stereo-oe.smi,Cc1ccncc1NC(=O)[C@H](C)CC1CC1,resolved
L6D,c1ccc2c(c1)ncn2NC(=O)Cc3cccc(c3)Cl,Components-smiles-stereo-oe.smi,O=C(Cc1cccc(Cl)c1)Nn1cnc2ccccc21,resolved
L6R,CCC[C@H](c1cccc(c1)Cl)C(=O)Nc2cnccc2C,Components-smiles-stereo-oe.smi,CCC[C@@H](C(=O)Nc1cnccc1C)c1cccc(Cl)c1,resolved
L75,CC(C)(C)NC(=O)[C@@H]1C[N@@](CC[N@]1C[C@H](C[C@@H](Cc2ccccc2)C(=O)N[C@H]3c4ccccc4C[C@H]3O)O)Cc5cc6ccccc6o5,Components-smiles-stereo-oe.smi,CC(C)(C)NC(=O)[C@@H]1CN(Cc2cc3ccccc3o2)CCN1C[C@@H](O)C[C@@H](Cc1ccccc1)C(=O)N[C@H]1c2ccccc2C[C@H]1O,resolved
L7F,Cc1ccncc1NC(=O)C[C@@]23CCC[C@@H]2C3,Components-smiles-stereo-oe.smi,Cc1ccncc1NC(=O)C[C@@]12CCC[C@@H]1C2,resolved
L7Q,Cc1ccncc1NC(=O)CC(C)(C)c2ccccc2,Components-smiles-stereo-oe.smi,Cc1ccncc1NC(=O)CC(C)(C)c1ccccc1,resolved
L7V,c1cc(cnc1)CC(=O)N2CCC[C@H]2c3nc(on3)C4CC4,Components-smiles-stereo-oe.smi,O=C(Cc1cccnc1)N1CCC[C@H]1c1noc(C2CC2)n1,resolved
L83,Cc1ccnc(c1NC(=O)Cc2cccc(c2)Cl)N,Components-smiles-stereo-oe.smi,Cc1ccnc(N)c1NC(=O)Cc1cccc(Cl)c1,resolved
L8F,CC(=O)NCCc1c[nH]c2c1cccc2CN3CCN(CC3)C(=O)C,Components-smiles-stereo-oe.smi,CC(=O)NCCc1c[nH]c2c(CN3CCN(C(C)=O)CC3)cccc12,resolved
L8O,Cc1cccc(c1)[C@H]2CN(Cc3c2cccc3)C(=O)C,Components-smiles-stereo-oe.smi,CC(=O)N1Cc2ccccc2[C@@H](c2cccc(C)c2)C1,resolved
L93,C[C@H](CNC(=O)C1=CC(=O)Nc2c1cc(cc2)F)Oc3ccccc3OC,Components-smiles-stereo-oe.smi,COc1ccccc1O[C@H](C)CNC(=O)c1cc(=O)[nH]c2ccc(F)cc12,resolved
L9F,c1cc(cc(c1)Cl)N2C(=O)[C@H](NC2=O)c3cccnc3,Components-smiles-stereo-oe.smi,O=C1N[C@H](c2cccnc2)C(=O)N1c1cccc(Cl)c1,resolved
L9O,Cc1ccncc1NC(=O)[C@H]2CCC23CCC3,Components-smiles-stereo-oe.smi,Cc1ccncc1NC(=O)[C@H]1CCC12CCC2,resolved
LB0,Cc1ccncc1NC(=O)C2CC(C2)C3CC3,Components-smiles-stereo-oe.smi,Cc1ccncc1NC(=O)C1CC(C2CC2)C1,resolved
LBC,Cc1ccncc1NC(=O)Cc2cccc(c2)I,Components-smiles-stereo-oe.smi,Cc1ccncc1NC(=O)Cc1cccc(I)c1,resolved
LBO,Cc1ccncc1NC(=O)Cc2cccc(c2)C3CC3,Components-smiles-stereo-oe.smi,Cc1ccncc1NC(=O)Cc1cccc(C2CC2)c1,resolved
LCU,Cc1ccncc1NC(=O)CC2C[C@H]3C[C@H]3C2,Components-smiles-stereo-oe.smi,Cc1ccncc1NC(=O)CC1C[C@@H]2C[C@@H]2C1,resolved
LDX,Cc1ccncc1NC(=O)CCc2ccccc2F,Components-smiles-stereo-oe.smi,Cc1ccncc1NC(=O)CCc1ccccc1F,resolved
LE8,c1cc(c(c(c1)F)Cc2cnc(o2)Nc3ccc(c(c3)Cl)C#N)F,Components-smiles-stereo-oe.smi,N#Cc1ccc(Nc2ncc(Cc3c(F)cccc3F)o2)cc1Cl,resolved
LF0,Cc1c(c(c2ccccc2n1)c3ccc4c(c3)CCCO4)[C@@H](C(=O)O)OC(C)(C)C,Components-smiles-stereo-oe.smi,Cc1nc2ccccc2c(-c2ccc3c(c2)CCCO3)c1[C@H](OC(C)(C)C)C(=O)O,resolved
LF2,Cc1c(c(c2cc(ccc2n1)Br)c3ccc(cc3)Cl)[C@@H](C(=O)O)OC(C)(C)C,Components-smiles-stereo-oe.smi,Cc1nc2ccc(Br)cc2c(-c2ccc(Cl)cc2)c1[C@H](OC(C)(C)C)C(=O)O,resolved
LF3,Cc1ccncc1NC(=O)CN2c3cc(ccc3OCC2=O)Cl,Components-smiles-stereo-oe.smi,Cc1ccncc1NC(=O)CN1C(=O)COc2ccc(Cl)cc21,resolved
LF6,CC1=N/C(=N/[C@@H]2CCC[C@H]2CO)/SN1,Components-smiles-stereo-oe.smi,Cc1n/c(=N/[C@@H]2CCC[C@H]2CO)s[nH]1,resolved
LF8,Cc1ccc(cc1C)c2c(c(c(c(n2)C)[C@@H](C(=O)O)OC(C)(C)C)c3ccc(cc3)Cl)C,Components-smiles-stereo-oe.smi,Cc1ccc(-c2nc(C)c([C@H](OC(C)(C)C)C(=O)O)c(-c3ccc(Cl)cc3)c2C)cc1C,resolved
LF9,Cc1c(c(c(nc1c2[nH]c3ccc(cc3n2)Cl)C)[C@@H](C(=O)O)OC(C)(C)C)c4ccccc4,Components-smiles-stereo-oe.smi,Cc1nc(-c2nc3cc(Cl)ccc3[nH]2)c(C)c(-c2ccccc2)c1[C@H](OC(C)(C)C)C(=O)O,resolved
LFO,CNC(=O)c1cn(c2c1cccc2)C,Components-smiles-stereo-oe.smi,CNC(=O)c1cn(C)c2ccccc12,resolved
LGR,CC(=O)N(C)c1ccccc1C(=O)O,Components-smiles-stereo-oe.smi,CC(=O)N(C)c1ccccc1C(=O)O,resolved
LGZ,c1ccc(cc1)C[C@@H]([C@H](C[C@]2(C(=O)C(=CN2)[C@H]3c4ccccc4C[C@H]3OC(=O)N)Cc5ccccc5)O)NC(=O)OC6CCOC6,Components-smiles-stereo-oe.smi,NC(=O)O[C@@H]1Cc2ccccc2[C@@H]1C1=CN[C@@](Cc2ccccc2)(C[C@H](O)[C@H](Cc2ccccc2)NC(=O)OC2CCOC2)C1=O,resolved
LHR,CC(=O)Nc1ccc2cn[nH]c2c1,Components-smiles-stereo-oe.smi,CC(=O)Nc1ccc2cn[nH]c2c1,resolved
LI,[Li+],Components-smiles-stereo-oe.smi,[Li+],resolved
LJ0,Cc1ccncc1NC(=O)C2[C@H]3[C@@H]2CCCC3,Components-smiles-stereo-oe.smi,Cc1ccncc1NC(=O)C1[C@H]2CCCC[C@@H]12,resolved
LJ6,Cc1c(c(on1)C)C[C@@H](C)C(=O)N(C)C,Components-smiles-stereo-oe.smi,Cc1noc(C)c1C[C@@H](C)C(=O)N(C)C,resolved
LJA,CC(=O)Nc1cccc(c1)NC(=O)N,Components-smiles-stereo-oe.smi,CC(=O)Nc1cccc(NC(N)=O)c1,resolved
LJG,CC(C)CN(CCNCCN(CC(C)C)S(=O)(=O)c1ccc(cc1)N)S(=O)(=O)c2ccc(cc2)N,Components-smiles-stereo-oe.smi,CC(C)CN(CCNCCN(CC(C)C)S(=O)(=O)c1ccc(N)cc1)S(=O)(=O)c1ccc(N)cc1,resolved
LJH,c1ccc(cc1)CN(CCNCCN(Cc2ccccc2)S(=O)(=O)c3ccc(cc3)N)S(=O)(=O)c4ccc(cc4)N,Components-smiles-stereo-oe.smi,Nc1ccc(S(=O)(=O)N(CCNCCN(Cc2ccccc2)S(=O)(=O)c2ccc(N)cc2)Cc2ccccc2)cc1,resolved
LJK,CCC(C)(C)NC(=O)c1cc(n[nH]1)C,Components-smiles-stereo-oe.smi,CCC(C)(C)NC(=O)c1cc(C)n[nH]1,resolved
LJO,Cc1ccncc1NC(=O)[C@]2(CCOC2)C#N,Components-smiles-stereo-oe.smi,Cc1ccncc1NC(=O)[C@@]1(C#N)CCOC1,resolved
LJR,CNS(=O)(=O)CC1CCCCC1,Components-smiles-stereo-oe.smi,CNS(=O)(=O)CC1CCCCC1,resolved
LK0,CC(C)(C)[C@@H](C(=O)N[C@@H](Cc1ccccc1)C[C@@H]([C@H](Cc2ccc(cc2)c3cccnc3)NC(=O)[C@H](C(C)(C)C)NC(=O)OC)O)NC(=O)OC,Components-smiles-stereo-oe.smi,COC(=O)N[C@H](C(=O)N[C@@H](Cc1ccccc1)C[C@H](O)[C@H](Cc1ccc(-c2cccnc2)cc1)NC(=O)[C@@H](NC(=O)OC)C(C)(C)C)C(C)(C)C,resolved
LK6,C[C@]1(CCS(=O)(=O)C1)NC(=O)C2CC2,Components-smiles-stereo-oe.smi,C[C@@]1(NC(=O)C2CC2)CCS(=O)(=O)C1,resolved
LKI,Cc1ccncc1NS(=O)(=O)c2cccc(c2)Cl,Components-smiles-stereo-oe.smi,Cc1ccncc1NS(=O)(=O)c1cccc(Cl)c1,resolved
LKL,CN(CCO)c1c(cc(cn1)Cl)F,Components-smiles-stereo-oe.smi,CN(CCO)c1ncc(Cl)cc1F,resolved
LKR,c1cc2c(cc1O)OC(=C(C2=O)O)c3cc(c(c(c3)O)O)O,Components-smiles-stereo-oe.smi,O=c1c(O)c(-c2cc(O)c(O)c(O)c2)oc2cc(O)ccc12,resolved
LKU,Cc1ccc(cc1O)NC(=O)c2cccc(c2)F,Components-smiles-stereo-oe.smi,Cc1ccc(NC(=O)c2cccc(F)c2)cc1O,resolved
LKX,c1cc(cc(c1)Cl)CC(=O)NN2C=NNC2=O,Components-smiles-stereo-oe.smi,O=C(Cc1cccc(Cl)c1)Nn1cn[nH]c1=O,resolved
LL0,c1ccc(c(c1)OC(F)F)S(=O)(=O)N,Components-smiles-stereo-oe.smi,NS(=O)(=O)c1ccccc1OC(F)F,resolved
LLG,c1ccc2c(c1)cccc2CC(=O)OCCN,Components-smiles-stereo-oe.smi,NCCOC(=O)Cc1cccc2ccccc12,resolved
LLU,C[C@@H](C(=O)O)Oc1ccccc1F,Components-smiles-stereo-oe.smi,C[C@H](Oc1ccccc1F)C(=O)O,resolved
LM0,CC(=O)NNC(=O)[C@@H]1Cc2ccccc2CN1C(=O)C,Components-smiles-stereo-oe.smi,CC(=O)NNC(=O)[C@@H]1Cc2ccccc2CN1C(C)=O,resolved
LM6,CCn1c(ccn1)CNC,Components-smiles-stereo-oe.smi,CCn1nccc1CNC,resolved
LMT,CCCCCCCCCCCCO[C@H]1[C@@H]([C@H]([C@@H]([C@H](O1)CO)O[C@@H]2[C@@H]([C@H]([C@@H]([C@H](O2)CO)O)O)O)O)O,Components-smiles-stereo-oe.smi,CCCCCCCCCCCCO[C@@H]1O[C@H](CO)[C@@H](O[C@H]2O[C@H](CO)[C@@H](O)[C@H](O)[C@H]2O)[C@H](O)[C@H]1O,resolved
LMW,CCN(CCO)c1ccc(cc1)N,Components-smiles-stereo-oe.smi,CCN(CCO)c1ccc(N)cc1,resolved
LNS,CNC(=O)c1cccc(n1)C(=O)O,Components-smiles-stereo-oe.smi,CNC(=O)c1cccc(C(=O)O)n1,resolved
LNT,C[C@H]([C@@H](C(=O)O)NC([C@H](CC(C)C)N)(O)O)O,Components-smiles-stereo-oe.smi,CC(C)C[C@H](N)C(O)(O)N[C@H](C(=O)O)[C@@H](C)O,resolved
LO0,COc1ccccc1OCCNC(=O)C2=CC=NC(=O)C2,Components-smiles-stereo-oe.smi,COc1ccccc1OCCNC(=O)C1=CC=NC(=O)C1,resolved
LO6,C[C@@H]1CN(C[C@@H](O1)C)C(=O)COC(F)F,Components-smiles-stereo-oe.smi,C[C@@H]1CN(C(=O)COC(F)F)C[C@H](C)O1,resolved
LOV,CC(C)C[C@@H]([C@H](C[C@@H](C(C)C)C(=O)O)O)N,Components-smiles-stereo-oe.smi,CC(C)C[C@H](N)[C@@H](O)C[C@H](C(=O)O)C(C)C,resolved
LOZ,c1ccc2c(c1)C[C@H]([C@H]2Cc3ccc4c(c3C(=O)O)OCO4)NC(=O)CCCN,Components-smiles-stereo-oe.smi,NCCCC(=O)N[C@@H]1Cc2ccccc2[C@@H]1Cc1ccc2c(c1C(=O)O)OCO2,resolved
LP1,CC[C@@H](C(=O)N[C@@H](Cc1cccc2c1cccc2)C(=O)N)NC(=O)C[C@@H]([C@H](CC(C)C)NC(=O)[C@H](C(C)C)NC(=O)[C@H](Cc3cccc4c3cccc4)NC(=O)C)O,Components-smiles-stereo-oe.smi,CC[C@H](NC(=O)C[C@H](O)[C@H](CC(C)C)NC(=O)[C@@H](NC(=O)[C@H](Cc1cccc2ccccc12)NC(C)=O)C(C)C)C(=O)N[C@@H](Cc1cccc2ccccc12)C(N)=O,resolved
LP7,CCOC(=O)[C@H]1C(c2cccnc2N(C1=O)O)O,Components-smiles-stereo-oe.smi,CCOC(=O)[C@@H]1C(=O)N(O)c2ncccc2C1O,resolved
LP8,c1cc2c(nc1)N(C(=O)C(=C2O)C3CCCC3)O,Components-smiles-stereo-oe.smi,O=c1c(C2CCCC2)c(O)c2cccnc2n1O,resolved
LP9,CCN(CC)c1ccc(cc1)Oc2cc3c(nc2)N(C(=O)C(=C3O)C(=O)OCC)O,Components-smiles-stereo-oe.smi,CCOC(=O)c1c(O)c2cc(Oc3ccc(N(CC)CC)cc3)cnc2n(O)c1=O,resolved
LPU,CS(=O)(=O)N1CCC(CC1)O,Components-smiles-stereo-oe.smi,CS(=O)(=O)N1CCC(O)CC1,resolved
LPZ,Cc1ccc(cc1)OCC(=O)N2CC[NH+](CC2)C,Components-smiles-stereo-oe.smi,Cc1ccc(OCC(=O)N2CC[NH+](C)CC2)cc1,resolved
LQ0,Cc1ccncc1NC(=O)Cn2ccc3c2cc(cc3)Cl,Components-smiles-stereo-oe.smi,Cc1ccncc1NC(=O)Cn1ccc2ccc(Cl)cc21,resolved
LQ3,C1=CC(=O)N=CC1OC(F)F,Components-smiles-stereo-oe.smi,O=C1C=CC(OC(F)F)C=N1,resolved
LQ6,c1cc(sc1)CNC(=O)[C@@H]2CN(CCN2c3ccc(c(c3)Cl)Cl)C(=O)C4=CC(=O)NC(=O)N4,Components-smiles-stereo-oe.smi,O=C(NCc1cccs1)[C@@H]1CN(C(=O)c2cc(=O)[nH]c(=O)[nH]2)CCN1c1ccc(Cl)c(Cl)c1,resolved
LQI,CC1CCN(CC1)C(=O)c2cc3ccccc3o2,Components-smiles-stereo-oe.smi,CC1CCN(C(=O)c2cc3ccccc3o2)CC1,resolved
LQL,c1cc(cnc1)C(=O)N2CCN([C@@H](C2)C(=O)NCc3cccs3)c4ccc(c(c4)Cl)Cl,Components-smiles-stereo-oe.smi,O=C(NCc1cccs1)[C@@H]1CN(C(=O)c2cccnc2)CCN1c1ccc(Cl)c(Cl)c1,resolved
LQP,C1C[C@@H]2CN(C[C@@H]2C1)C(=O)COC(F)F,Components-smiles-stereo-oe.smi,O=C(COC(F)F)N1C[C@H]2CCC[C@H]2C1,resolved
LQU,CC(=O)N1Cc2ccccc2[C@H](C1)c3cccc(c3)C#N,Components-smiles-stereo-oe.smi,CC(=O)N1Cc2ccccc2[C@@H](c2cccc(C#N)c2)C1,resolved
LQV,Cc1ccc(nc1)NC(=O)[C@@H]2CCCO2,Components-smiles-stereo-oe.smi,Cc1ccc(NC(=O)[C@@H]2CCCO2)nc1,resolved
LQZ,CCN(CC)CC(=O)Nc1c(cccc1C)C,Components-smiles-stereo-oe.smi,CCN(CC)CC(=O)Nc1c(C)cccc1C,resolved
LR0,CC(=O)Nc1ccncc1NC(=O)[C@@H]2Cc3c2cc(cc3)F,Components-smiles-stereo-oe.smi,CC(=O)Nc1ccncc1NC(=O)[C@@H]1Cc2ccc(F)cc21,resolved
LR9,CCN(C)C(=O)c1cccc(c1)N,Components-smiles-stereo-oe.smi,CCN(C)C(=O)c1cccc(N)c1,resolved
LRC,Cc1ccncc1NC(=O)Cc2cc(cnc2)Cl,Components-smiles-stereo-oe.smi,Cc1ccncc1NC(=O)Cc1cncc(Cl)c1,resolved
LRF,Cc1c(c(sn1)N(C)CC(=O)N)C#N,Components-smiles-stereo-oe.smi,Cc1nsc(N(C)CC(N)=O)c1C#N,resolved
LRN,CC(=O)N1CCC[C@H](C1)N(CC2CCCCC2)C3CCC(CC3)O,Components-smiles-stereo-oe.smi,CC(=O)N1CCC[C@@H](N(CC2CCCCC2)C2CCC(O)CC2)C1,resolved
LRR,c1ccc(cc1)CCCC(=O)N2CCOCC2,Components-smiles-stereo-oe.smi,O=C(CCCc1ccccc1)N1CCOCC1,resolved
LS0,Cc1ccncc1NC(=O)Cn2ccc3c2cc(cc3)F,Components-smiles-stereo-oe.smi,Cc1ccncc1NC(=O)Cn1ccc2ccc(F)cc21,resolved
LSA,c1ccc2c(c1)C(=O)NS2(=O)=O,Components-smiles-stereo-oe.smi,O=C1NS(=O)(=O)c2ccccc21,resolved
LSF,Cc1ccncc1NC(=O)Cc2cccc(c2)O[C@@H]3CC(=O)N3,Components-smiles-stereo-oe.smi,Cc1ccncc1NC(=O)Cc1cccc(O[C@@H]2CC(=O)N2)c1,resolved
LT9,Cc1ccncc1NC(=O)C2(CC(=O)C2)c3cccc(c3)Cl,Components-smiles-stereo-oe.smi,Cc1ccncc1NC(=O)C1(c2cccc(Cl)c2)CC(=O)C1,resolved
LUC,Cc1ccncc1NC(=O)Cc2cc(cc(c2)Cl)O[C@@H]3CC(=O)N3,Components-smiles-stereo-oe.smi,Cc1ccncc1NC(=O)Cc1cc(Cl)cc(O[C@@H]2CC(=O)N2)c1,resolved
LUY,c1ccc(cc1)CCNc2[nH]c3ccccc3n2,Components-smiles-stereo-oe.smi,c1ccc(CCNc2nc3ccccc3[nH]2)cc1,resolved
LV0,c1ccc(cc1)C[C@H]([C@@H](C(=O)NCc2nccs2)O)NC(=O)c3ccccc3,Components-smiles-stereo-oe.smi,O=C(N[C@H](Cc1ccccc1)[C@H](O)C(=O)NCc1nccs1)c1ccccc1,resolved
LV9,c1ccc(cc1)CC2(CCOCC2)NC(=O)Nc3cccnc3,Components-smiles-stereo-oe.smi,O=C(Nc1cccnc1)NC1(Cc2ccccc2)CCOCC1,resolved
LVM,Cc1ccncc1NC(=O)CC2CC3(C2)CC3,Components-smiles-stereo-oe.smi,Cc1ccncc1NC(=O)CC1CC2(CC2)C1,resolved
LVX,COC[C@H](C(=O)N[C@H](Cc1ccccc1)[C@@H](C(=O)NCc2nccs2)O)NC(=O)[C@@H]3CCCC(C3)(F)F,Components-smiles-stereo-oe.smi,COC[C@@H](NC(=O)[C@@H]1CCCC(F)(F)C1)C(=O)N[C@H](Cc1ccccc1)[C@H](O)C(=O)NCc1nccs1,resolved
LW1,c1cc(sc1)C=O,Components-smiles-stereo-oe.smi,O=Cc1cccs1,resolved
LW6,c1cc(c2cc[nH]c2c1)C=O,Components-smiles-stereo-oe.smi,O=Cc1cccc2[nH]ccc12,resolved
LWA,c1cc(ccc1C(=O)N)NC(=O)[C@@H]2CCCO2,Components-smiles-stereo-oe.smi,NC(=O)c1ccc(NC(=O)[C@@H]2CCCO2)cc1,resolved
LWO,CNc1ccc(cc1)N(Cc2ccsc2)C(=O)Cn3c4ccccc4nn3,Components-smiles-stereo-oe.smi,CNc1ccc(N(Cc2ccsc2)C(=O)Cn2nnc3ccccc32)cc1,resolved
LXF,CC(=O)Nc1nc2c(s1)cccc2S(=O)(=O)NCCc3ccccc3,Components-smiles-stereo-oe.smi,CC(=O)Nc1nc2c(S(=O)(=O)NCCc3ccccc3)cccc2s1,resolved
LZ1,c1ccc2c(c1)cn[nH]2,Components-smiles-stereo-oe.smi,c1ccc2[nH]ncc2c1,resolved
LZE,c1cc(c(c(c1)Cl)C(=O)Nc2c[nH]nc2C(=O)NC3CCNCC3)Cl,Components-smiles-stereo-oe.smi,O=C(NC1CCNCC1)c1n[nH]cc1NC(=O)c1c(Cl)cccc1Cl,resolved
LZX,CS(=O)(=O)NCC[C@H](c1ccccc1)C(=O)Nc2cccnc2,Components-smiles-stereo-oe.smi,CS(=O)(=O)NCC[C@@H](C(=O)Nc1cccnc1)c1ccccc1,resolved
M06,CC1=C(C(=O)N(C=C1)Cc2c3cccnc3n[nH]2)Oc4cc(cc(c4)Cl)C#N,Components-smiles-stereo-oe.smi,Cc1ccn(Cc2[nH]nc3ncccc23)c(=O)c1Oc1cc(Cl)cc(C#N)c1,resolved
M0C,CC1([C@@H]2[C@H]1[C@H](N(C2)C(=O)[C@H](C(C)(C)C)NC(=O)C(F)(F)F)C(=O)N[C@@H](C[C@@H]3CCNC3=O)[C@H](C(=O)N4CCC4)O)C,Components-smiles-stereo-oe.smi,CC(C)(C)[C@H](NC(=O)C(F)(F)F)C(=O)N1C[C@H]2[C@@H]([C@H]1C(=O)N[C@@H](C[C@@H]1CCNC1=O)[C@@H](O)C(=O)N1CCC1)C2(C)C,resolved
M0G,CC[C@](c1cccc(c1)Cl)(C(=O)Nc2cnccc2C)O,Components-smiles-stereo-oe.smi,CC[C@@](O)(C(=O)Nc1cnccc1C)c1cccc(Cl)c1,resolved
M0X,CN(C)c1ccc(cc1)N(Cc2ccsc2)C(=O)Cn3c4ccccc4nn3,Components-smiles-stereo-oe.smi,CN(C)c1ccc(N(Cc2ccsc2)C(=O)Cn2nnc3ccccc32)cc1,resolved
M14,c1cc(c(cc1S(=O)(=O)N)Cl)NC(=O)COc2cc(cc(c2)Cl)Oc3cc(cc(c3)Cl)C#N,Components-smiles-stereo-oe.smi,N#Cc1cc(Cl)cc(Oc2cc(Cl)cc(OCC(=O)Nc3ccc(S(N)(=O)=O)cc3Cl)c2)c1,resolved
M22,c1ccc2c(c1)c(n[nH]2)COc3ccc(c(c3)Oc4cc(cc(c4)Cl)C#N)Cl,Components-smiles-stereo-oe.smi,N#Cc1cc(Cl)cc(Oc2cc(OCc3n[nH]c4ccccc34)ccc2Cl)c1,resolved
M26,COC[C@@H](c1cccc(c1)Br)NC(=O)C[C@H]2c3cc(ccc3NC2=O)F,Components-smiles-stereo-oe.smi,COC[C@H](NC(=O)C[C@@H]1C(=O)Nc2ccc(F)cc21)c1cccc(Br)c1,resolved
M2G,CN(C)C1=Nc2c(ncn2[C@H]3[C@@H]([C@@H]([C@H](O3)COP(=O)(O)O)O)O)C(=O)N1,Components-smiles-stereo-oe.smi,CN(C)c1nc2c(ncn2[C@@H]2O[C@H](COP(=O)(O)O)[C@@H](O)[C@H]2O)c(=O)[nH]1,resolved
M2X,Cc1ccncc1NC(=O)[C@@H](c2cc(ccc2OC)Br)N,Components-smiles-stereo-oe.smi,COc1ccc(Br)cc1[C@@H](N)C(=O)Nc1cnccc1C,resolved
M3L,C[N+](C)(C)CCCC[C@@H](C(=O)O)N,Components-smiles-stereo-oe.smi,C[N+](C)(C)CCCC[C@H](N)C(=O)O,resolved
M4L,COc1ccncc1NC(=O)[C@H](c2cccc(c2)Br)O,Components-smiles-stereo-oe.smi,COc1ccncc1NC(=O)[C@@H](O)c1cccc(Br)c1,resolved
M50,Cc1cnncc1NC(=O)Cc2cccc(c2)Cl,Components-smiles-stereo-oe.smi,Cc1cnncc1NC(=O)Cc1cccc(Cl)c1,resolved
M5I,Cc1ccncc1CC(=O)Nc2cccc(c2)Cl,Components-smiles-stereo-oe.smi,Cc1ccncc1CC(=O)Nc1cccc(Cl)c1,resolved
M5X,c1cc2c(cc1S(=O)(=O)N)[C@@H](C(=O)N2)O,Components-smiles-stereo-oe.smi,NS(=O)(=O)c1ccc2c(c1)[C@H](O)C(=O)N2,resolved
M6I,c1cc(cc(c1)Cl)NC(=O)Nc2cccnc2,Components-smiles-stereo-oe.smi,O=C(Nc1cccnc1)Nc1cccc(Cl)c1,resolved
M6U,CCc1ccncc1NC(=O)Cc2cccc(n2)C(F)(F)F,Components-smiles-stereo-oe.smi,CCc1ccncc1NC(=O)Cc1cccc(C(F)(F)F)n1,resolved
M73,CC[C@H](C)CN(C[C@H]([C@H](Cc1ccccc1)NC(=O)OC[C@H](C)C(=O)OC)O)S(=O)(=O)c2ccc(cc2)OC,Components-smiles-stereo-oe.smi,CC[C@H](C)CN(C[C@@H](O)[C@H](Cc1ccccc1)NC(=O)OC[C@H](C)C(=O)OC)S(=O)(=O)c1ccc(OC)cc1,resolved
M7X,Cc1cc(cnc1)NC(=O)Cc2cccc(c2)Cl,Components-smiles-stereo-oe.smi,Cc1cncc(NC(=O)Cc2cccc(Cl)c2)c1,resolved
M86,CC[C@H](C)CN(C[C@H]([C@H](Cc1ccccc1)NC(=O)OCCN2CCNC2=O)O)S(=O)(=O)c3ccc(cc3)OC,Components-smiles-stereo-oe.smi,CC[C@H](C)CN(C[C@@H](O)[C@H](Cc1ccccc1)NC(=O)OCCN1CCNC1=O)S(=O)(=O)c1ccc(OC)cc1,resolved
M8B,CC(C)(C)[C@H]1C(=O)NC/C=C\Cc2ccc(cc2)C[C@@](C(=O)N1)(CCCN(Cc3ccc(cc3)Br)NC(=O)[C@H](C(C)(C)C)NC(=O)OC)O,Components-smiles-stereo-oe.smi,COC(=O)N[C@H](C(=O)NN(CCC[C@@]1(O)Cc2ccc(cc2)C/C=C\CNC(=O)[C@H](C(C)(C)C)NC1=O)Cc1ccc(Br)cc1)C(C)(C)C,resolved
M8Y,CC(C)[C@H]1C(=O)NC/C=C\Cc2ccc(cc2)C[C@@](C(=O)N1)(CCCN(Cc3ccc(cc3)Br)NC(=O)[C@H](C(C)(C)C)NC(=O)OC)O,Components-smiles-stereo-oe.smi,COC(=O)N[C@H](C(=O)NN(CCC[C@@]1(O)Cc2ccc(cc2)C/C=C\CNC(=O)[C@H](C(C)C)NC1=O)Cc1ccc(Br)cc1)C(C)(C)C,resolved
M93,c1cc2c(cc1Cl)[C@@H](CCO2)C(=O)Nc3cnccc3CO,Components-smiles-stereo-oe.smi,O=C(Nc1cnccc1CO)[C@@H]1CCOc2ccc(Cl)cc21,resolved
M9A,c1ccc(c(c1)OCCN2C=CC(=O)NC2=O)Oc3cc(cc4c3ccc(c4)C#N)F,Components-smiles-stereo-oe.smi,N#Cc1ccc2c(Oc3ccccc3OCCn3ccc(=O)[nH]c3=O)cc(F)cc2c1,resolved
M9U,c1cc2c(cc1Cl)[C@H](CCO2)C(=O)Nc3nncn3C4CC4,Components-smiles-stereo-oe.smi,O=C(Nc1nncn1C1CC1)[C@H]1CCOc2ccc(Cl)cc21,resolved
MA6,CN(C)c1c2c(ncn1)n(cn2)[C@H]3[C@@H]([C@@H]([C@H](O3)COP(=O)(O)O)O)O,Components-smiles-stereo-oe.smi,CN(C)c1ncnc2c1ncn2[C@@H]1O[C@H](COP(=O)(O)O)[C@@H](O)[C@H]1O,resolved
MF0,Cc1ccncc1NC(=O)[C@H](C)c2cc(cnc2)Cl,Components-smiles-stereo-oe.smi,Cc1ccncc1NC(=O)[C@H](C)c1cncc(Cl)c1,resolved
MGP,C[n+]1cn(c2c1C(=O)NC(=N2)N)[C@H]3[C@@H]([C@@H]([C@H](O3)CO[P@@](=O)(O)O[P@@](=O)(O)OP(=O)(O)O)O)O,Components-smiles-stereo-oe.smi,C[n+]1cn([C@@H]2O[C@H](CO[P@@](=O)(O)O[P@@](=O)(O)OP(=O)(O)O)[C@@H](O)[C@H]2O)c2nc(N)[nH]c(=O)c21,resolved
MHW,c1cc(c(nc1)C(=O)O)O,Components-smiles-stereo-oe.smi,O=C(O)c1ncccc1O,resolved
MJ7,c1cc(cc(c1)c2ccc(cc2)Cl)CNCCCCSC[C@@H]3[C@H]([C@H]([C@@H](O3)n4cnc5c4ncnc5N)O)O,Components-smiles-stereo-oe.smi,Nc1ncnc2c1ncn2[C@@H]1O[C@H](CSCCCCNCc2cccc(-c3ccc(Cl)cc3)c2)[C@@H](O)[C@H]1O,resolved
MJD,CC(C)CN(C[C@H]([C@H](Cc1cc(cc(c1)F)F)NC(=O)O[C@H]2[C@@H]3C[C@@H]4[C@H]2CO[C@@H]4OC3)O)S(=O)(=O)c5ccc6c(c5)oc(n6)NC(C)C,Components-smiles-stereo-oe.smi,CC(C)CN(C[C@@H](O)[C@H](Cc1cc(F)cc(F)c1)NC(=O)O[C@H]1[C@H]2CO[C@H]3OC[C@@H]1[C@H]3C2)S(=O)(=O)c1ccc2nc(NC(C)C)oc2c1,resolved
MJR,Cc1c(c[nH]n1)NC(=O)Cc2cccc(c2)Cl,Components-smiles-stereo-oe.smi,Cc1n[nH]cc1NC(=O)Cc1cccc(Cl)c1,resolved
MK1,CC(C)(C)NC(=O)[C@@H]1C[N@@](CC[N@]1C[C@H](C[C@@H](Cc2ccccc2)C(=O)N[C@H]3c4ccccc4C[C@H]3O)O)Cc5cccnc5,Components-smiles-stereo-oe.smi,CC(C)(C)NC(=O)[C@@H]1CN(Cc2cccnc2)CCN1C[C@@H](O)C[C@@H](Cc1ccccc1)C(=O)N[C@H]1c2ccccc2C[C@H]1O,resolved
MK5,CC[C@H](C)CN(C[C@H]([C@H](Cc1ccccc1)NC(=O)OCCNC(=O)C(Cl)Cl)O)S(=O)(=O)c2ccc(cc2)OC,Components-smiles-stereo-oe.smi,CC[C@H](C)CN(C[C@@H](O)[C@H](Cc1ccccc1)NC(=O)OCCNC(=O)C(Cl)Cl)S(=O)(=O)c1ccc(OC)cc1,resolved
MKC,CCOCN1C(=C(C(=O)NC1=O)C(C)C)Cc2ccccc2,Components-smiles-stereo-oe.smi,CCOCn1c(Cc2ccccc2)c(C(C)C)c(=O)[nH]c1=O,resolved
MKI,Cc1ccncc1N(C)C(=O)Cc2cccc(c2)Cl,Components-smiles-stereo-oe.smi,Cc1ccncc1N(C)C(=O)Cc1cccc(Cl)c1,resolved
MLI,C(C(=O)[O-])C(=O)[O-],Components-smiles-stereo-oe.smi,O=C([O-])CC(=O)[O-],resolved
MLT,C([C@H](C(=O)O)O)C(=O)O,Components-smiles-stereo-oe.smi,O=C(O)C[C@@H](O)C(=O)O,resolved
MLY,CN(C)CCCC[C@@H](C(=O)O)N,Components-smiles-stereo-oe.smi,CN(C)CCCC[C@H](N)C(=O)O,resolved
MLZ,CNCCCC[C@@H](C(=O)O)N,Components-smiles-stereo-oe.smi,CNCCCC[C@H](N)C(=O)O,resolved
MMJ,Cc1c(sc(n1)c2ccccc2)CNC,Components-smiles-stereo-oe.smi,CNCc1sc(-c2ccccc2)nc1C,resolved
MOH,CO,Components-smiles-stereo-oe.smi,CO,resolved
MOK,Cc1c(c(no1)c2ccccc2)C(=O)O,Components-smiles-stereo-oe.smi,Cc1onc(-c2ccccc2)c1C(=O)O,resolved
MPK,Cc1c(c(no1)c2ccccc2)CO,Components-smiles-stereo-oe.smi,Cc1onc(-c2ccccc2)c1CO,resolved
MPO,C1COCCN1CCCS(=O)(=O)O,Components-smiles-stereo-oe.smi,O=S(=O)(O)CCCN1CCOCC1,resolved
MPV,Cn1c(cc(n1)c2cccs2)N,Components-smiles-stereo-oe.smi,Cn1nc(-c2cccs2)cc1N,resolved
MQ3,Cc1ccncc1NC(=O)[C@H](C)C2CCCCC2,Components-smiles-stereo-oe.smi,Cc1ccncc1NC(=O)[C@H](C)C1CCCCC1,resolved
MRX,c1cc2c(cc1Br)c(c([nH]2)C(=O)N)S(=O)(=O)N3CCCC3,Components-smiles-stereo-oe.smi,NC(=O)c1[nH]c2ccc(Br)cc2c1S(=O)(=O)N1CCCC1,resolved
MS3,CC(C)[C@@H](C(=O)NCc1ccccn1)NC(=O)[C@@H]([C@@H]([C@H]([C@H](C(=O)N[C@@H](C(C)C)C(=O)NCc2ccccn2)OCc3ccccc3)O)O)OCc4ccccc4,Components-smiles-stereo-oe.smi,CC(C)[C@H](NC(=O)[C@H](OCc1ccccc1)[C@H](O)[C@@H](O)[C@@H](OCc1ccccc1)C(=O)N[C@H](C(=O)NCc1ccccn1)C(C)C)C(=O)NCc1ccccn1,resolved
MSD,CC(=O)c1ccc(c(c1O)[C@H]2C[C@H]2NC(=S)Nc3ccc(cn3)C#N)OC,Components-smiles-stereo-oe.smi,COc1ccc(C(C)=O)c(O)c1[C@H]1C[C@H]1NC(=S)Nc1ccc(C#N)cn1,resolved
MTA,CSC[C@@H]1[C@H]([C@H]([C@@H](O1)n2cnc3c2ncnc3N)O)O,Components-smiles-stereo-oe.smi,CSC[C@H]1O[C@@H](n2cnc3c(N)ncnc32)[C@H](O)[C@@H]1O,resolved
MU0,CC(C)[C@@H](C(=O)N[C@@H](Cc1ccccc1)C[C@@H]([C@H](Cc2ccccc2)NC(=O)[C@@H]3CN(C(=O)O3)c4ccccc4)O)N5CCCNC5=O,Components-smiles-stereo-oe.smi,CC(C)[C@@H](C(=O)N[C@@H](Cc1ccccc1)C[C@H](O)[C@H](Cc1ccccc1)NC(=O)[C@@H]1CN(c2ccccc2)C(=O)O1)N1CCCNC1=O,resolved
MU1,CC(C)[C@@H](C(=O)N[C@@H](Cc1ccccc1)C[C@@H]([C@H](Cc2ccccc2)NC(=O)[C@@H]3CN(C(=O)O3)c4cccc(c4)C(=O)C)O)NC(=O)C,Components-smiles-stereo-oe.smi,CC(=O)N[C@H](C(=O)N[C@@H](Cc1ccccc1)C[C@H](O)[C@H](Cc1ccccc1)NC(=O)[C@@H]1CN(c2cccc(C(C)=O)c2)C(=O)O1)C(C)C,resolved
MU3,c1ccc2c(c1)[C@@H](CCO2)C(=O)Nc3nncn3C4CC4,Components-smiles-stereo-oe.smi,O=C(Nc1nncn1C1CC1)[C@@H]1CCOc2ccccc21,resolved
MUI,CC(C)C[N@@](C[C@H]([C@H](Cc1ccccc1)NC(=O)[C@@H]2CN(C(=O)O2)c3ccc(cc3)C(=O)C)O)S(=O)(=O)c4ccc(cc4)OC,Components-smiles-stereo-oe.smi,COc1ccc(S(=O)(=O)N(CC(C)C)C[C@@H](O)[C@H](Cc2ccccc2)NC(=O)[C@@H]2CN(c3ccc(C(C)=O)cc3)C(=O)O2)cc1,resolved
MUK,Cc1cc(nc(n1)Nc2ccccc2)C,Components-smiles-stereo-oe.smi,Cc1cc(C)nc(Nc2ccccc2)n1,resolved
MUT,CC(C)C[N@@](C[C@H]([C@H](Cc1ccccc1)NC(=O)[C@@H]2CN(C(=O)O2)c3cccc(c3)C(=O)C)O)S(=O)(=O)c4ccc(cc4)OC,Components-smiles-stereo-oe.smi,COc1ccc(S(=O)(=O)N(CC(C)C)C[C@@H](O)[C@H](Cc2ccccc2)NC(=O)[C@@H]2CN(c3cccc(C(C)=O)c3)C(=O)O2)cc1,resolved
MUU,CNC(=O)CCC(=O)N[C@@H](Cc1ccccc1)[C@@H](C[N@](CC2CC2)S(=O)(=O)c3cccc(c3)OC)O,Components-smiles-stereo-oe.smi,CNC(=O)CCC(=O)N[C@@H](Cc1ccccc1)[C@H](O)CN(CC1CC1)S(=O)(=O)c1cccc(OC)c1,resolved
MUV,CNC(=O)CCC(=O)N[C@@H](Cc1ccccc1)[C@@H](C[N@](CC2CC2)S(=O)(=O)c3ccco3)O,Components-smiles-stereo-oe.smi,CNC(=O)CCC(=O)N[C@@H](Cc1ccccc1)[C@H](O)CN(CC1CC1)S(=O)(=O)c1ccco1,resolved
MUW,CC(C)C[N@@]([C@@H](CCCCNC(=O)[C@H](C(c1ccccc1)c2ccccc2)NC(=O)OC)CO)S(=O)(=O)c3ccc(cc3)CN,Components-smiles-stereo-oe.smi,COC(=O)N[C@H](C(=O)NCCCC[C@@H](CO)N(CC(C)C)S(=O)(=O)c1ccc(CN)cc1)C(c1ccccc1)c1ccccc1,resolved
MVR,Cn1ccc(n1)CN(c2ccc(cc2)c3ccccn3)C(=O)Cc4cccnc4,Components-smiles-stereo-oe.smi,Cn1ccc(CN(C(=O)Cc2cccnc2)c2ccc(-c3ccccn3)cc2)n1,resolved
MVX,c1cc2c(cc1Cl)[C@@H](CO2)C(=O)Nc3nncn3C4CC4,Components-smiles-stereo-oe.smi,O=C(Nc1nncn1C1CC1)[C@@H]1COc2ccc(Cl)cc21,resolved
MVY,COC(=O)N1CCC[C@@H](C1)C(=O)Nc2ccc(c(c2)F)Cl,Components-smiles-stereo-oe.smi,COC(=O)N1CCC[C@H](C(=O)Nc2ccc(Cl)c(F)c2)C1,resolved
MW4,CCOC(=O)N1CCC[C@@H](C1)C(=O)Nc2ccc(c(c2)F)Cl,Components-smiles-stereo-oe.smi,CCOC(=O)N1CCC[C@H](C(=O)Nc2ccc(Cl)c(F)c2)C1,resolved
MWA,CS(=O)(=O)N1CCC[C@@H](C1)C(=O)Nc2ccc(c(c2)F)Cl,Components-smiles-stereo-oe.smi,CS(=O)(=O)N1CCC[C@H](C(=O)Nc2ccc(Cl)c(F)c2)C1,resolved
MWD,CCCNC(=O)N1CCC[C@@H](C1)C(=O)Nc2ccc(c(c2)F)Cl,Components-smiles-stereo-oe.smi,CCCNC(=O)N1CCC[C@H](C(=O)Nc2ccc(Cl)c(F)c2)C1,resolved
MWN,COC(=O)c1cc(cc2c1NC(=O)[C@@H]2O)Br,Components-smiles-stereo-oe.smi,COC(=O)c1cc(Br)cc2c1NC(=O)[C@@H]2O,resolved
MWP,c1cc2c(cc1N)S(=O)(=O)C=C2,Components-smiles-stereo-oe.smi,Nc1ccc2c(c1)S(=O)(=O)C=C2,resolved
MX9,Cc1cccc(c1)COC(=O)c2cccc3c2NC(=O)[C@@H]3O,Components-smiles-stereo-oe.smi,Cc1cccc(COC(=O)c2cccc3c2NC(=O)[C@@H]3O)c1,resolved
MXJ,CCCNC(=O)N1C[C@H](C[C@H](C1)N)C(=O)Nc2ccc(c(c2)F)Cl,Components-smiles-stereo-oe.smi,CCCNC(=O)N1C[C@H](N)C[C@H](C(=O)Nc2ccc(Cl)c(F)c2)C1,resolved
MYC,c1c(cc(c(c1O)O)O)C2=C(C(=O)c3c(cc(cc3O2)O)O)O,Components-smiles-stereo-oe.smi,O=c1c(O)c(-c2cc(O)c(O)c(O)c2)oc2cc(O)cc(O)c12,resolved
MYI,COc1ccc2c(c1)c(c[nH]2)CC(=O)O,Components-smiles-stereo-oe.smi,COc1ccc2[nH]cc(CC(=O)O)c2c1,resolved
MZ1,C[C@@H](C(=O)N[C@@H](Cc1ccccc1)[C@@H](C[N@](Cc2cccs2)S(=O)(=O)c3cc(c(cc3F)F)F)O)NC(=O)C,Components-smiles-stereo-oe.smi,CC(=O)N[C@@H](C)C(=O)N[C@@H](Cc1ccccc1)[C@H](O)CN(Cc1cccs1)S(=O)(=O)c1cc(F)c(F)cc1F,resolved
MZ2,C/C(=C\C(=O)N[C@@H](Cc1ccccc1)[C@@H](C[N@](Cc2cccs2)S(=O)(=O)c3cc(c(cc3F)F)F)O)/C(F)(F)F,Components-smiles-stereo-oe.smi,C/C(=C\C(=O)N[C@@H](Cc1ccccc1)[C@H](O)CN(Cc1cccs1)S(=O)(=O)c1cc(F)c(F)cc1F)C(F)(F)F,resolved
MZ3,Cc1c(cccc1F)C(=O)N[C@@H](Cc2ccccc2)[C@@H](C[N@](Cc3cccs3)S(=O)(=O)c4cccc(c4)OC)O,Components-smiles-stereo-oe.smi,COc1cccc(S(=O)(=O)N(Cc2cccs2)C[C@@H](O)[C@H](Cc2ccccc2)NC(=O)c2cccc(F)c2C)c1,resolved
MZ4,COc1cccc(c1)S(=O)(=O)[N@@](Cc2cccs2)C[C@H]([C@H](Cc3ccccc3)NC(=O)c4ccc(c(c4)O)O)O,Components-smiles-stereo-oe.smi,COc1cccc(S(=O)(=O)N(Cc2cccs2)C[C@@H](O)[C@H](Cc2ccccc2)NC(=O)c2ccc(O)c(O)c2)c1,resolved
MZ5,CC[C@H](C)C[N@@](C[C@H]([C@H](Cc1ccccc1)NC(=O)[C@H](C(C)C)O)O)S(=O)(=O)c2ccc3c(c2)scn3,Components-smiles-stereo-oe.smi,CC[C@H](C)CN(C[C@@H](O)[C@H](Cc1ccccc1)NC(=O)[C@@H](O)C(C)C)S(=O)(=O)c1ccc2ncsc2c1,resolved
MZ6,CC[C@H](C)C[N@@](C[C@H]([C@H](Cc1ccccc1)NC(=O)c2cccc(c2)O)O)S(=O)(=O)c3ccc4c(c3)scn4,Components-smiles-stereo-oe.smi,CC[C@H](C)CN(C[C@@H](O)[C@H](Cc1ccccc1)NC(=O)c1cccc(O)c1)S(=O)(=O)c1ccc2ncsc2c1,resolved
MZ7,CCCCC[N@@](C[C@H]([C@H](Cc1ccccc1)NC(=O)[C@H](C(C)C)NC(=O)C)O)S(=O)(=O)c2ccc3c(c2)scn3,Components-smiles-stereo-oe.smi,CCCCCN(C[C@@H](O)[C@H](Cc1ccccc1)NC(=O)[C@@H](NC(C)=O)C(C)C)S(=O)(=O)c1ccc2ncsc2c1,resolved
MZ8,CC(C)C[N@@](C[C@H]([C@H](Cc1ccccc1)NC(=O)c2cccc(c2)O)O)S(=O)(=O)c3ccc4c(c3)scn4,Components-smiles-stereo-oe.smi,CC(C)CN(C[C@@H](O)[C@H](Cc1ccccc1)NC(=O)c1cccc(O)c1)S(=O)(=O)c1ccc2ncsc2c1,resolved
MZ9,CC[C@H](C)C[N@@](C[C@H]([C@H](Cc1ccccc1)NC(=O)CCC(=O)CC)O)S(=O)(=O)c2ccc(cc2)OC,Components-smiles-stereo-oe.smi,CCC(=O)CCC(=O)N[C@@H](Cc1ccccc1)[C@H](O)CN(C[C@@H](C)CC)S(=O)(=O)c1ccc(OC)cc1,resolved
MZF,c1cc2c(cc1Br)[C@H](C(=O)N2Cc3ncon3)O,Components-smiles-stereo-oe.smi,O=C1[C@H](O)c2cc(Br)ccc2N1Cc1ncon1,resolved
N00,Cc1c(ccc2c1[nH]c3c2cc(cc3)Cl)[C@@H](C)C(=O)O,Components-smiles-stereo-oe.smi,Cc1c([C@@H](C)C(=O)O)ccc2c1[nH]c1ccc(Cl)cc12,resolved
N07,Cc1nnc(o1)c2cccc(c2)c3cccc(c3)C(=O)N4CCCCC4,Components-smiles-stereo-oe.smi,Cc1nnc(-c2cccc(-c3cccc(C(=O)N4CCCCC4)c3)c2)o1,resolved
N0E,c1ccc(cc1)CCC(=O)Nc2ccc(cc2)O,Components-smiles-stereo-oe.smi,O=C(CCc1ccccc1)Nc1ccc(O)cc1,resolved
N0F,Cc1ccncc1NC(=O)C[C@H](c2ccsc2)N3CCC(CC3)O,Components-smiles-stereo-oe.smi,Cc1ccncc1NC(=O)C[C@H](c1ccsc1)N1CCC(O)CC1,resolved
N0O,c1ccc(cc1)n2cnnc2NC(=O)[C@@H]3COc4c3cc(cc4)Cl,Components-smiles-stereo-oe.smi,O=C(Nc1nncn1-c1ccccc1)[C@@H]1COc2ccc(Cl)cc21,resolved
N0X,C[C@]1(CCOc2c1cccc2)C(=O)Nc3nncn3C4CC4,Components-smiles-stereo-oe.smi,C[C@@]1(C(=O)Nc2nncn2C2CC2)CCOc2ccccc21,resolved
N1U,Cc1cc(cc2c1N(C(=O)[C@H]2O)Cc3ccc(c(c3)OC)OC)Br,Components-smiles-stereo-oe.smi,COc1ccc(CN2C(=O)[C@@H](O)c3cc(Br)cc(C)c32)cc1OC,resolved
N2P,C(CCN)CCN,Components-smiles-stereo-oe.smi,NCCCCCN,resolved
N2X,CCOc1ccccc1CN2c3ccc(cc3[C@@H](C2=O)O)Br,Components-smiles-stereo-oe.smi,CCOc1ccccc1CN1C(=O)[C@@H](O)c2cc(Br)ccc21,resolved
N3I,Cc1ccncc1NC(=O)Cc2cc(cc(c2)Cl)OC,Components-smiles-stereo-oe.smi,COc1cc(Cl)cc(CC(=O)Nc2cnccc2C)c1,resolved
N3R,COc1ccccc1OCCNC(=O)C2=CC(=O)Nc3c2c(ccc3)F,Components-smiles-stereo-oe.smi,COc1ccccc1OCCNC(=O)c1cc(=O)[nH]c2cccc(F)c12,resolved
N43,COc1ccccc1OCCNC(=O)C2=CC(=O)Nc3c2c(ccc3)OC,Components-smiles-stereo-oe.smi,COc1ccccc1OCCNC(=O)c1cc(=O)[nH]c2cccc(OC)c12,resolved
N4I,c1cc(cc(c1)O)CN[C@H]2CNC[C@@H]2N(Cc3ccc(cc3)C(F)(F)F)S(=O)(=O)c4ccc(cc4)C(=O)N,Components-smiles-stereo-oe.smi,NC(=O)c1ccc(S(=O)(=O)N(Cc2ccc(C(F)(F)F)cc2)[C@H]2CNC[C@@H]2NCc2cccc(O)c2)cc1,resolved
N4L,Cc1cccc2c1C(=CC(=O)N2)C(=O)NCCOc3ccccc3OC,Components-smiles-stereo-oe.smi,COc1ccccc1OCCNC(=O)c1cc(=O)[nH]c2cccc(C)c12,resolved
N5L,Cc1c(cncc1NC(=O)Cc2cccc(c2)Cl)N,Components-smiles-stereo-oe.smi,Cc1c(N)cncc1NC(=O)Cc1cccc(Cl)c1,resolved
N63,CC(C)C[C@@H](C(=O)N[C@@H](C[C@@H]1CCNC1=O)[C@H](O)S(=O)(=O)O)NC(=O)OCc2cccc(c2)C(F)(F)F,Components-smiles-stereo-oe.smi,CC(C)C[C@H](NC(=O)OCc1cccc(C(F)(F)F)c1)C(=O)N[C@@H](C[C@@H]1CCNC1=O)[C@H](O)S(=O)(=O)O,resolved
N6F,C[C@@H](c1cccc(c1)Cl)C(=O)Nc2cnccc2NC(=O)C,Components-smiles-stereo-oe.smi,CC(=O)Nc1ccncc1NC(=O)[C@@H](C)c1cccc(Cl)c1,resolved
N6X,Cc1c(cncc1NC(=O)Cc2cccc(c2)C#N)N,Components-smiles-stereo-oe.smi,Cc1c(N)cncc1NC(=O)Cc1cccc(C#N)c1,resolved
N7L,Cc1ccncc1NC(=O)[C@@H]2C[C@H]2CF,Components-smiles-stereo-oe.smi,Cc1ccncc1NC(=O)[C@@H]1C[C@H]1CF,resolved
N8G,C1[C@@H](O[C@@H](S1)COP(=O)(O)OP(=O)(O)OP(=O)(O)O)N2C=C(C(=NC2=O)N)F,Components-smiles-stereo-oe.smi,Nc1nc(=O)n([C@H]2CS[C@@H](COP(=O)(O)OP(=O)(O)OP(=O)(O)O)O2)cc1F,resolved
N8X,Cc1cc(cc(c1)CC(=O)Nc2nncn2C)C,Components-smiles-stereo-oe.smi,Cc1cc(C)cc(CC(=O)Nc2nncn2C)c1,resolved
N9I,Cc1ccncc1CC(=O)Nc2cccc3c2CNCC3,Components-smiles-stereo-oe.smi,Cc1ccncc1CC(=O)Nc1cccc2c1CNCC2,resolved
N9P,c1cnccc1C[C@@H](C(=O)O)N,Components-smiles-stereo-oe.smi,N[C@@H](Cc1ccncc1)C(=O)O,resolved
NB0,c1ccc2c(c1)C(=CC(=O)N2)C(=O)N3CCN(CC3)c4ccccc4F,Components-smiles-stereo-oe.smi,O=C(c1cc(=O)[nH]c2ccccc12)N1CCN(c2ccccc2F)CC1,resolved
NB2,[H]/N=C\[C@H](C[C@@H]1CCNC1=O)NC(=O)[C@@H]2[C@@H]3[C@@H](C3(C)C)CN2C(=O)[C@H](C(C)(C)C)NC(=O)NC4(CCCCC4)CS(=O)(=O)C(C)(C)C,Components-smiles-stereo-oe.smi,[H]/N=C\[C@H](C[C@@H]1CCNC1=O)NC(=O)[C@@H]1[C@@H]2[C@H](CN1C(=O)[C@@H](NC(=O)NC1(CS(=O)(=O)C(C)(C)C)CCCCC1)C(C)(C)C)C2(C)C,resolved
NB6,Cc1ccncc1NC(=O)Cc2cccc(c2)Br,Components-smiles-stereo-oe.smi,Cc1ccncc1NC(=O)Cc1cccc(Br)c1,resolved
NC3,C1CCC(CC1)NC(=O)NCC(=O)O,Components-smiles-stereo-oe.smi,O=C(O)CNC(=O)NC1CCCCC1,resolved
NCA,c1cc(cnc1)C(=O)N,Components-smiles-stereo-oe.smi,NC(=O)c1cccnc1,resolved
NDG,CC(=O)N[C@@H]1[C@H]([C@@H]([C@H](O[C@@H]1O)CO)O)O,Components-smiles-stereo-oe.smi,CC(=O)N[C@@H]1[C@@H](O)[C@H](O)[C@@H](CO)O[C@@H]1O,resolved
NDI,Cc1ccncc1NC(=O)CN2CCN(CC2)C(=O)C,Components-smiles-stereo-oe.smi,CC(=O)N1CCN(CC(=O)Nc2cnccc2C)CC1,resolved
NE7,CC[C@H](C)CN(C[C@H]([C@H](Cc1ccccc1)NC(=O)O[C@H]2CO[C@@H]3[C@H]2CCO3)O)S(=O)(=O)c4ccc(cc4)[C@@H](C)O,Components-smiles-stereo-oe.smi,CC[C@H](C)CN(C[C@@H](O)[C@H](Cc1ccccc1)NC(=O)O[C@H]1CO[C@H]2OCC[C@H]21)S(=O)(=O)c1ccc([C@@H](C)O)cc1,resolved
NEJ,CC[C@H](C)CN(C[C@H]([C@H](Cc1ccccc1)NC(=O)O[C@H]2CO[C@@H]3[C@H]2CCO3)O)S(=O)(=O)c4ccc(cc4)[C@H](C)O,Components-smiles-stereo-oe.smi,CC[C@H](C)CN(C[C@@H](O)[C@H](Cc1ccccc1)NC(=O)O[C@H]1CO[C@H]2OCC[C@H]21)S(=O)(=O)c1ccc([C@H](C)O)cc1,resolved
NEL,c1cc(cc(c1)Cl)CC(=O)Nc2cccc3c2cn[nH]3,Components-smiles-stereo-oe.smi,O=C(Cc1cccc(Cl)c1)Nc1cccc2[nH]ncc12,resolved
NF4,CCC(CC)CN(C[C@H]([C@H](Cc1ccccc1)NC(=O)O[C@H]2CO[C@@H]3[C@H]2CCO3)O)S(=O)(=O)c4ccc(cc4)[C@H](C)O,Components-smiles-stereo-oe.smi,CCC(CC)CN(C[C@@H](O)[C@H](Cc1ccccc1)NC(=O)O[C@H]1CO[C@H]2OCC[C@H]21)S(=O)(=O)c1ccc([C@H](C)O)cc1,resolved
NF7,CC(C)CN(C[C@H]([C@H](Cc1ccccc1)NC(=O)O[C@H]2CO[C@@H]3[C@H]2CCO3)O)S(=O)(=O)c4ccc(cc4)[C@H](CO)O,Components-smiles-stereo-oe.smi,CC(C)CN(C[C@@H](O)[C@H](Cc1ccccc1)NC(=O)O[C@H]1CO[C@H]2OCC[C@H]21)S(=O)(=O)c1ccc([C@@H](O)CO)cc1,resolved
NFJ,CCC(CC)CN(C[C@H]([C@H](Cc1ccccc1)NC(=O)O[C@H]2CO[C@@H]3[C@H]2CCO3)O)S(=O)(=O)c4ccc(cc4)[C@@H](C)O,Components-smiles-stereo-oe.smi,CCC(CC)CN(C[C@@H](O)[C@H](Cc1ccccc1)NC(=O)O[C@H]1CO[C@H]2OCC[C@H]21)S(=O)(=O)c1ccc([C@@H](C)O)cc1,resolved
NFW,CN(Cc1ccccc1C(=O)NCc2ccco2)Cc3ccc4c(c3C(=O)O)OC[C@@H](O4)CCC(=O)O,Components-smiles-stereo-oe.smi,CN(Cc1ccccc1C(=O)NCc1ccco1)Cc1ccc2c(c1C(=O)O)OC[C@H](CCC(=O)O)O2,resolved
NG4,CC(C)CN(C[C@H]([C@H](Cc1ccccc1)NC(=O)O[C@H]2CO[C@@H]3[C@H]2CCO3)O)S(=O)(=O)c4ccc(cc4)[C@@H](CO)O,Components-smiles-stereo-oe.smi,CC(C)CN(C[C@@H](O)[C@H](Cc1ccccc1)NC(=O)O[C@H]1CO[C@H]2OCC[C@H]21)S(=O)(=O)c1ccc([C@H](O)CO)cc1,resolved
NGX,c1cc(cc(c1)Cl)C[C@@H](Cn2cncn2)O,Components-smiles-stereo-oe.smi,O[C@@H](Cc1cccc(Cl)c1)Cn1cncn1,resolved
NI7,c1cc(cc(c1)O)CN2[C@H]3CNC[C@@H]3N(C(=O)C2=O)Cc4cccc(c4)O,Components-smiles-stereo-oe.smi,O=C1C(=O)N(Cc2cccc(O)c2)[C@H]2CNC[C@@H]2N1Cc1cccc(O)c1,resolved
NI8,c1cc(cc(c1)CO)CN2[C@H]3CNC[C@@H]3N(C(=O)C2=O)Cc4cccc(c4)CO,Components-smiles-stereo-oe.smi,O=C1C(=O)N(Cc2cccc(CO)c2)[C@H]2CNC[C@@H]2N1Cc1cccc(CO)c1,resolved
NIJ,Cc1ccncc1NC(=O)CCc2cccc(c2)F,Components-smiles-stereo-oe.smi,Cc1ccncc1NC(=O)CCc1cccc(F)c1,resolved
NJ1,CCC(CC)CN(C[C@H]([C@H](Cc1ccccc1)NC(=O)O[C@H]2CO[C@@H]3[C@H]2CCO3)O)S(=O)(=O)c4ccc(cc4)[C@H](CO)O,Components-smiles-stereo-oe.smi,CCC(CC)CN(C[C@@H](O)[C@H](Cc1ccccc1)NC(=O)O[C@H]1CO[C@H]2OCC[C@H]21)S(=O)(=O)c1ccc([C@@H](O)CO)cc1,resolved
NJ4,C[C@H](c1ccc(cc1)S(=O)(=O)N(C[C@H]([C@H](Cc2ccccc2)NC(=O)O[C@H]3CO[C@@H]4[C@H]3CCO4)O)CC(C)C)O,Components-smiles-stereo-oe.smi,CC(C)CN(C[C@@H](O)[C@H](Cc1ccccc1)NC(=O)O[C@H]1CO[C@H]2OCC[C@H]21)S(=O)(=O)c1ccc([C@@H](C)O)cc1,resolved
NJ7,CC[C@H](C)CN(C[C@H]([C@H](Cc1ccccc1)NC(=O)O[C@H]2CO[C@@H]3[C@H]2CCO3)O)S(=O)(=O)c4ccc(cc4)[C@@H](CO)O,Components-smiles-stereo-oe.smi,CC[C@H](C)CN(C[C@@H](O)[C@H](Cc1ccccc1)NC(=O)O[C@H]1CO[C@H]2OCC[C@H]21)S(=O)(=O)c1ccc([C@H](O)CO)cc1,resolved
NJA,C[C@@H](c1ccc(cc1)S(=O)(=O)N(C[C@H]([C@H](Cc2ccccc2)NC(=O)O[C@H]3CO[C@@H]4[C@H]3CCO4)O)CC(C)C)O,Components-smiles-stereo-oe.smi,CC(C)CN(C[C@@H](O)[C@H](Cc1ccccc1)NC(=O)O[C@H]1CO[C@H]2OCC[C@H]21)S(=O)(=O)c1ccc([C@H](C)O)cc1,resolved
NJE,Cc1ccncc1NC(=O)CN2CCCCC2,Components-smiles-stereo-oe.smi,Cc1ccncc1NC(=O)CN1CCCCC1,resolved
NJG,CC[C@H](C)CN(C[C@H]([C@H](Cc1ccccc1)NC(=O)O[C@H]2CO[C@@H]3[C@H]2CCO3)O)S(=O)(=O)c4ccc(cc4)[C@H](CO)O,Components-smiles-stereo-oe.smi,CC[C@H](C)CN(C[C@@H](O)[C@H](Cc1ccccc1)NC(=O)O[C@H]1CO[C@H]2OCC[C@H]21)S(=O)(=O)c1ccc([C@@H](O)CO)cc1,resolved
NJJ,CCC(CC)CN(C[C@H]([C@H](Cc1ccccc1)NC(=O)O[C@H]2CO[C@@H]3[C@H]2CCO3)O)S(=O)(=O)c4ccc(cc4)[C@@H](CO)O,Components-smiles-stereo-oe.smi,CCC(CC)CN(C[C@@H](O)[C@H](Cc1ccccc1)NC(=O)O[C@H]1CO[C@H]2OCC[C@H]21)S(=O)(=O)c1ccc([C@H](O)CO)cc1,resolved
NJM,CC(C)CN(C[C@H]([C@H](Cc1ccccc1)NC(=O)O[C@H]2CO[C@@H]3[C@H]2CCO3)O)S(=O)(=O)c4ccc(cc4)CO,Components-smiles-stereo-oe.smi,CC(C)CN(C[C@@H](O)[C@H](Cc1ccccc1)NC(=O)O[C@H]1CO[C@H]2OCC[C@H]21)S(=O)(=O)c1ccc(CO)cc1,resolved
NJU,c1cc(cc(c1)Cl)CC(=O)Nc2cncc3c2CCCC3,Components-smiles-stereo-oe.smi,O=C(Cc1cccc(Cl)c1)Nc1cncc2c1CCCC2,resolved
NJY,CC(C)CN(C[C@H]([C@H](Cc1cccc(c1)F)NC(=O)O[C@H]2[C@@H]3C[C@@H]4[C@H]2CO[C@@H]4OC3)O)S(=O)(=O)c5ccc6c(c5)oc(n6)NC(C)C,Components-smiles-stereo-oe.smi,CC(C)CN(C[C@@H](O)[C@H](Cc1cccc(F)c1)NC(=O)O[C@H]1[C@H]2CO[C@H]3OC[C@@H]1[C@H]3C2)S(=O)(=O)c1ccc2nc(NC(C)C)oc2c1,resolved
NK7,c1cc(ccc1CN[C@H]2CNC[C@@H]2N(Cc3ccc(cc3)C(F)(F)F)S(=O)(=O)c4ccc(cc4)C(=O)N)C(F)(F)F,Components-smiles-stereo-oe.smi,NC(=O)c1ccc(S(=O)(=O)N(Cc2ccc(C(F)(F)F)cc2)[C@H]2CNC[C@@H]2NCc2ccc(C(F)(F)F)cc2)cc1,resolved
NK8,c1cc(ccc1CN[C@H]2CNC[C@@H]2N(Cc3ccc(cc3)C(F)(F)F)S(=O)(=O)c4ccc(cc4)C(=O)N)C(=O)N,Components-smiles-stereo-oe.smi,NC(=O)c1ccc(CN[C@H]2CNC[C@@H]2N(Cc2ccc(C(F)(F)F)cc2)S(=O)(=O)c2ccc(C(N)=O)cc2)cc1,resolved
NK9,c1cc(ccc1CN([C@H]2CNC[C@@H]2NCc3cc(cc(c3)O)O)S(=O)(=O)c4ccc(cc4)C(=O)N)C(F)(F)F,Components-smiles-stereo-oe.smi,NC(=O)c1ccc(S(=O)(=O)N(Cc2ccc(C(F)(F)F)cc2)[C@H]2CNC[C@@H]2NCc2cc(O)cc(O)c2)cc1,resolved
NKA,CC(C)CN(C[C@H]([C@H](Cc1ccc(cc1)F)NC(=O)O[C@H]2[C@@H]3C[C@@H]4[C@H]2CO[C@@H]4OC3)O)S(=O)(=O)c5ccc6c(c5)oc(n6)NC(C)C,Components-smiles-stereo-oe.smi,CC(C)CN(C[C@@H](O)[C@H](Cc1ccc(F)cc1)NC(=O)O[C@H]1[C@H]2CO[C@H]3OC[C@@H]1[C@H]3C2)S(=O)(=O)c1ccc2nc(NC(C)C)oc2c1,resolved
NKU,CN(Cc1cccc(c1)Cl)C(=O)Cn2c3ccccc3nn2,Components-smiles-stereo-oe.smi,CN(Cc1cccc(Cl)c1)C(=O)Cn1nnc2ccccc21,resolved
NM0,c1ccn2c(c1)ncc2NC(=O)Cc3cccc(c3)Cl,Components-smiles-stereo-oe.smi,O=C(Cc1cccc(Cl)c1)Nc1cnc2ccccn12,resolved
NM1,CNC(=O)c1cccc(c1)C[N@@]2[C@@H]([C@@H]([C@H]([C@H]([N@](S2(=O)=O)Cc3ccccc3)COc4ccccc4)O)O)COc5ccccc5,Components-smiles-stereo-oe.smi,CNC(=O)c1cccc(CN2[C@H](COc3ccccc3)[C@H](O)[C@@H](O)[C@@H](COc3ccccc3)N(Cc3ccccc3)S2(=O)=O)c1,resolved
NMB,c1ccc(cc1)C[N@@]2[C@@H]([C@@H]([C@H]([C@H]([N@](S2(=O)=O)Cc3ccccc3)COc4ccccc4)O)O)COc5ccccc5,Components-smiles-stereo-oe.smi,O=S1(=O)N(Cc2ccccc2)[C@H](COc2ccccc2)[C@H](O)[C@@H](O)[C@@H](COc2ccccc2)N1Cc1ccccc1,resolved
NMI,Cn1cc(c2c1cccc2)CCC(=O)O,Components-smiles-stereo-oe.smi,Cn1cc(CCC(=O)O)c2ccccc21,resolved
NMM,[H]/N=C(/NC)\NCCC[C@@H](C(=O)O)N,Components-smiles-stereo-oe.smi,[H]/N=C(/NC)NCCC[C@H](N)C(=O)O,resolved
NNA,CCCC[C@@H]([C@H](C(=O)NC1CC1)O)NC(=O)[C@@H]2[C@@H]3[C@@H](C3(C)C)CN2C(=O)[C@H](C(C)(C)C)NC(=O)NC4(CCCCC4)CS(=O)(=O)C(C)(C)C,Components-smiles-stereo-oe.smi,CCCC[C@H](NC(=O)[C@@H]1[C@@H]2[C@H](CN1C(=O)[C@@H](NC(=O)NC1(CS(=O)(=O)C(C)(C)C)CCCCC1)C(C)(C)C)C2(C)C)[C@@H](O)C(=O)NC1CC1,resolved
NNB,c1ccc2c(c1)C(=O)N(C2=O)CCOC(=S)Nc3ccc(cc3)Br,Components-smiles-stereo-oe.smi,O=C1c2ccccc2C(=O)N1CCOC(=S)Nc1ccc(Br)cc1,resolved
NNC,c1ccc2c(c1)C(=O)N(C2=O)CCOC(=S)Nc3ccc(cc3)Cl,Components-smiles-stereo-oe.smi,O=C1c2ccccc2C(=O)N1CCOC(=S)Nc1ccc(Cl)cc1,resolved
NNH,[H]/N=C(/NCC[C@@H](C(=O)O)N)\NO,Components-smiles-stereo-oe.smi,[H]/N=C(\NO)NCC[C@H](N)C(=O)O,resolved
NNI,c1ccc2c(c1)C(=O)N(C2=O)CCOC(=S)Nc3ccc(cc3)I,Components-smiles-stereo-oe.smi,O=C1c2ccccc2C(=O)N1CCOC(=S)Nc1ccc(I)cc1,resolved
NO0,C#Cc1cccc(c1)CC(=O)Nc2cncc3c2cccc3,Components-smiles-stereo-oe.smi,C#Cc1cccc(CC(=O)Nc2cncc3ccccc23)c1,resolved
NOA,c1ccc2c(c1)cccc2OCC(=O)O,Components-smiles-stereo-oe.smi,O=C(O)COc1cccc2ccccc12,resolved
NOI,Cn1cncc1NC(=O)Cc2cccc(c2)Cl,Components-smiles-stereo-oe.smi,Cn1cncc1NC(=O)Cc1cccc(Cl)c1,resolved
NOL,C[C@H]([C@@H](C(=O)N[C@@H](CC1CCCCC1)C(=O)N[C@@H](C[C@@H]2CCNC2=O)CO)NC(=O)OCc3ccccc3)OC(C)(C)C,Components-smiles-stereo-oe.smi,C[C@@H](OC(C)(C)C)[C@H](NC(=O)OCc1ccccc1)C(=O)N[C@@H](CC1CCCCC1)C(=O)N[C@H](CO)C[C@@H]1CCNC1=O,resolved
NQ3,Cc1ccncc1N2C=CN(C2=O)c3cccc(c3)Cl,Components-smiles-stereo-oe.smi,Cc1ccncc1-n1ccn(-c2cccc(Cl)c2)c1=O,resolved
NQ4,C1C[C@H](O[C@H]1COP(=O)(O)OP(=O)(O)OP(=O)(O)O)N2C=CC(=NC2=O)N,Components-smiles-stereo-oe.smi,Nc1ccn([C@@H]2CC[C@H](COP(=O)(O)OP(=O)(O)OP(=O)(O)O)O2)c(=O)n1,resolved
NQO,Cc1ccnnc1NC(=O)Cc2cccc(c2)Cl,Components-smiles-stereo-oe.smi,Cc1ccnnc1NC(=O)Cc1cccc(Cl)c1,resolved
NRC,Cc1ccncc1NC(=O)[C@@H](c2cccc(c2)Cl)C(=O)OC,Components-smiles-stereo-oe.smi,COC(=O)[C@@H](C(=O)Nc1cnccc1C)c1cccc(Cl)c1,resolved
NRX,c1ccn2cnc(c2c1)NC(=O)Cc3cccc(c3)Cl,Components-smiles-stereo-oe.smi,O=C(Cc1cccc(Cl)c1)Nc1ncn2ccccc12,resolved
NSR,c1ccc2c(c1)cncc2NC(=O)[C@@H]3CCOc4c3cc(cc4)Cl,Components-smiles-stereo-oe.smi,O=C(Nc1cncc2ccccc12)[C@@H]1CCOc2ccc(Cl)cc21,resolved
NT9,CNCc1ccc(cc1)c2cccs2,Components-smiles-stereo-oe.smi,CNCc1ccc(-c2cccs2)cc1,resolved
NTG,c1cc(ncc1N2CCCOCC2)C#N,Components-smiles-stereo-oe.smi,N#Cc1ccc(N2CCCOCC2)cn1,resolved
NU0,c1cc(cc(c1)Cl)CC(=O)Nc2cncc3c2cncc3,Components-smiles-stereo-oe.smi,O=C(Cc1cccc(Cl)c1)Nc1cncc2ccncc12,resolved
NUA,CCn1cc(cn1)NC(=O)C2CCC2,Components-smiles-stereo-oe.smi,CCn1cc(NC(=O)C2CCC2)cn1,resolved
NUR,CN(c1cncc2c1cccc2)C(=O)Cc3cccc(c3)Cl,Components-smiles-stereo-oe.smi,CN(C(=O)Cc1cccc(Cl)c1)c1cncc2ccccc12,resolved
NV9,c1ccc(cc1)c2ccncc2NC(=O)Cc3cccc(c3)Cl,Components-smiles-stereo-oe.smi,O=C(Cc1cccc(Cl)c1)Nc1cnccc1-c1ccccc1,resolved
NVD,CN(C)c1ccc(cc1)CNn2cnnc2,Components-smiles-stereo-oe.smi,CN(C)c1ccc(CNn2cnnc2)cc1,resolved
NVE,CCN1c2c(cccn2)N(C(=O)c3c1ncc(c3)CCc4ccc(cc4)OCP(=O)(OCC)OCC)C,Components-smiles-stereo-oe.smi,CCOP(=O)(COc1ccc(CCc2cnc3c(c2)C(=O)N(C)c2cccnc2N3CC)cc1)OCC,resolved
NVO,c1ccc2c(c1)cnnc2NC(=O)Cc3cccc(c3)Cl,Components-smiles-stereo-oe.smi,O=C(Cc1cccc(Cl)c1)Nc1nncc2ccccc12,resolved
NVP,Cc1ccnc2c1NC(=O)c3cccnc3N2C4CC4,Components-smiles-stereo-oe.smi,Cc1ccnc2c1NC(=O)c1cccnc1N2C1CC1,resolved
NVU,c1ccc2c(c1)c(no2)CC(=O)O,Components-smiles-stereo-oe.smi,O=C(O)Cc1noc2ccccc12,resolved
NW0,Cc1ccncc1NC(=O)CCc2cccc(c2)Cl,Components-smiles-stereo-oe.smi,Cc1ccncc1NC(=O)CCc1cccc(Cl)c1,resolved
NWI,c1cc(cc(c1)Cl)CC(=O)Nc2cncc3c2nccc3,Components-smiles-stereo-oe.smi,O=C(Cc1cccc(Cl)c1)Nc1cncc2cccnc12,resolved
NWX,c1cc(n2c1c(ncn2)N)[C@]3([C@@H]([C@@H]([C@H](O3)COP(=O)(O)OP(=O)(O)OP(=O)(O)O)O)O)C#N,Components-smiles-stereo-oe.smi,N#C[C@@]1(c2ccc3c(N)ncnn23)O[C@H](COP(=O)(O)OP(=O)(O)OP(=O)(O)O)[C@@H](O)[C@H]1O,resolved
NX7,c1cc(c(c(c1)F)C(=O)N2CCCC2)F,Components-smiles-stereo-oe.smi,O=C(c1c(F)cccc1F)N1CCCC1,resolved
NX9,c1cc(cc(c1)Cl)CC(=O)Nc2c[nH]nc2,Components-smiles-stereo-oe.smi,O=C(Cc1cccc(Cl)c1)Nc1cn[nH]c1,resolved
NXS,c1cnc(nc1)N2CCC(CC2)CO,Components-smiles-stereo-oe.smi,OCC1CCN(c2ncccn2)CC1,resolved
NY7,Cc1ccc(c(c1)NC(=O)CN)OC,Components-smiles-stereo-oe.smi,COc1ccc(C)cc1NC(=O)CN,resolved
NYR,Cc1c(c[nH]n1)CC(=O)Nc2cccc(c2)Cl,Components-smiles-stereo-oe.smi,Cc1n[nH]cc1CC(=O)Nc1cccc(Cl)c1,resolved
NYV,CC(C)n1cc(nc1)S(=O)(=O)N,Components-smiles-stereo-oe.smi,CC(C)n1cnc(S(N)(=O)=O)c1,resolved
NZ1,COc1ccc2c(c1)nc(s2)N,Components-smiles-stereo-oe.smi,COc1ccc2sc(N)nc2c1,resolved
NZD,CN1CCN(CC1)C(=O)Nc2ccccc2,Components-smiles-stereo-oe.smi,CN1CCN(C(=O)Nc2ccccc2)CC1,resolved
NZG,CC(=O)Nc1cc(ccc1F)C(=O)O,Components-smiles-stereo-oe.smi,CC(=O)Nc1cc(C(=O)O)ccc1F,resolved
NZJ,Cc1cccc(c1)C(=O)N2CCC(CC2)C(=O)N,Components-smiles-stereo-oe.smi,Cc1cccc(C(=O)N2CCC(C(N)=O)CC2)c1,resolved
NZK,CC(=O)N1CCN(CC1)CC(=O)Nc2cncc3c2cccc3,Components-smiles-stereo-oe.smi,CC(=O)N1CCN(CC(=O)Nc2cncc3ccccc23)CC1,resolved
NZL,c1ccc2c(c1)C[C@@H]([C@H]2Cc3ccc4c(c3C(=O)O)OCO4)NC(=O)CCCCCN,Components-smiles-stereo-oe.smi,NCCCCCC(=O)N[C@H]1Cc2ccccc2[C@@H]1Cc1ccc2c(c1C(=O)O)OCO2,resolved
O0B,C[C@@H](CC(F)(F)F)[C@@H](C(=O)O)N,Components-smiles-stereo-oe.smi,C[C@@H](CC(F)(F)F)[C@H](N)C(=O)O,resolved
O0C,c1cc(cc(c1)Cl)CC(=O)Nc2cncc3c2ccnc3,Components-smiles-stereo-oe.smi,O=C(Cc1cccc(Cl)c1)Nc1cncc2cnccc12,resolved
O0R,c1cc(cc(c1)Cl)CC(=O)Nc2cnccc2C3CC3,Components-smiles-stereo-oe.smi,O=C(Cc1cccc(Cl)c1)Nc1cnccc1C1CC1,resolved
O0S,CC(=O)Nc1ccc(cc1)Oc2ncccn2,Components-smiles-stereo-oe.smi,CC(=O)Nc1ccc(Oc2ncccn2)cc1,resolved
O0X,c1cc(cc(c1)Cl)CC(=O)Nc2cncc3c2cccn3,Components-smiles-stereo-oe.smi,O=C(Cc1cccc(Cl)c1)Nc1cncc2ncccc12,resolved
O1I,Cc1ccncc1NC(=O)[C@H](CO)c2cccc(c2)Cl,Components-smiles-stereo-oe.smi,Cc1ccncc1NC(=O)[C@H](CO)c1cccc(Cl)c1,resolved
O1X,Cc1ccncc1NC(=O)[C@H](C)OC(F)F,Components-smiles-stereo-oe.smi,Cc1ccncc1NC(=O)[C@H](C)OC(F)F,resolved
O20,Cc1cccc(c1CN2CCc3cc(ccc3C2)c4cnc(c(c4N5CCC(CC5)(C)C)[C@@H](C(=O)O)OC(C)(C)C)C)Cl,Components-smiles-stereo-oe.smi,Cc1cccc(Cl)c1CN1CCc2cc(-c3cnc(C)c([C@H](OC(C)(C)C)C(=O)O)c3N3CCC(C)(C)CC3)ccc2C1,resolved
O2A,CNC(=O)c1cccc2c1[nH]cc2,Components-smiles-stereo-oe.smi,CNC(=O)c1cccc2cc[nH]c12,resolved
O2M,Cc1csc(n1)CNC(=O)c2ccn[nH]2,Components-smiles-stereo-oe.smi,Cc1csc(CNC(=O)c2ccn[nH]2)n1,resolved
O2R,CCCCOc1ccc(cc1CC(=O)Nc2cnccc2C)Cl,Components-smiles-stereo-oe.smi,CCCCOc1ccc(Cl)cc1CC(=O)Nc1cnccc1C,resolved
O33,CC1([C@H](N(CS1)C(=O)[C@H]([C@H](Cc2ccccc2)NC(=O)[C@H](CSC)NC(=O)COc3cccc4c3ccnc4)O)C(=O)N[C@H]5c6ccccc6C[C@H]5O)C,Components-smiles-stereo-oe.smi,CSC[C@H](NC(=O)COc1cccc2cnccc12)C(=O)N[C@@H](Cc1ccccc1)[C@H](O)C(=O)N1CSC(C)(C)[C@H]1C(=O)N[C@H]1c2ccccc2C[C@H]1O,resolved
O3G,c1ccc(cc1)CNCc2ccc(cc2)F,Components-smiles-stereo-oe.smi,Fc1ccc(CNCc2ccccc2)cc1,resolved
O3I,Cc1ccc(c(c1F)F)c2cc(cc(c2)Cl)CC(=O)Nc3cnccc3C,Components-smiles-stereo-oe.smi,Cc1ccncc1NC(=O)Cc1cc(Cl)cc(-c2ccc(C)c(F)c2F)c1,resolved
O3N,C=CCN(Cc1ccccc1C(=O)NCC2CCCCC2)Cc3ccc4c(c3C(=O)O)OC[C@@H](O4)CCC(=O)O,Components-smiles-stereo-oe.smi,C=CCN(Cc1ccccc1C(=O)NCC1CCCCC1)Cc1ccc2c(c1C(=O)O)OC[C@H](CCC(=O)O)O2,resolved
O3R,CN(Cc1ccc(c(c1)Cl)Cl)c2ccc(cn2)S(=O)(=O)N,Components-smiles-stereo-oe.smi,CN(Cc1ccc(Cl)c(Cl)c1)c1ccc(S(N)(=O)=O)cn1,resolved
O3U,CC(=O)NC1=NC(=C(C2(C1C#N)CCCCC2)C#N)SC,Components-smiles-stereo-oe.smi,CSC1=C(C#N)C2(CCCCC2)C(C#N)C(NC(C)=O)=N1,resolved
O46,c1cc(cc(c1)O)CC(=O)NC2(CCOCC2)c3cccc(c3)F,Components-smiles-stereo-oe.smi,O=C(Cc1cccc(O)c1)NC1(c2cccc(F)c2)CCOCC1,resolved
O4F,Cc1cnccc1N2CCC(CC2)C(=O)NC3(CC3)C#N,Components-smiles-stereo-oe.smi,Cc1cnccc1N1CCC(C(=O)NC2(C#N)CC2)CC1,resolved
O4L,Cc1cc(c(n1NC(=O)C2=NNC(=O)c3c2cccc3)C)C(=O)C,Components-smiles-stereo-oe.smi,CC(=O)c1cc(C)n(NC(=O)c2n[nH]c(=O)c3ccccc23)c1C,resolved
O51,c1cc(c(cc1NC(=O)[C@H]2CCCN(C2)C(=O)NCCN)F)Cl,Components-smiles-stereo-oe.smi,NCCNC(=O)N1CCC[C@H](C(=O)Nc2ccc(Cl)c(F)c2)C1,resolved
O5C,Cc1c(c2ccccn2c1C(=O)c3ccc(cc3)F)C(=O)C,Components-smiles-stereo-oe.smi,CC(=O)c1c(C)c(C(=O)c2ccc(F)cc2)n2ccccc12,resolved
O5F,C[C@@H](c1ccc2ccccc2c1)NC(=O)c3cccc4c3n(c(n4)c5cncc6c5cccc6)CCCC(=O)NC,Components-smiles-stereo-oe.smi,CNC(=O)CCCn1c(-c2cncc3ccccc23)nc2cccc(C(=O)N[C@@H](C)c3ccc4ccccc4c3)c21,resolved
O5O,CCC[C@@H](c1ccc(cc1)C(F)(F)F)NC(=O)c2cccc3c2n(c(n3)c4cncc5c4cccc5)C6CC(C6)C(=O)NC,Components-smiles-stereo-oe.smi,CCC[C@H](NC(=O)c1cccc2nc(-c3cncc4ccccc34)n(C3CC(C(=O)NC)C3)c12)c1ccc(C(F)(F)F)cc1,resolved
O5U,c1ccc2c(c1)C[C@@H]([C@@H]2Cc3ccc4c(c3C(=O)O)OC[C@H](O4)CCC(=O)O)NC(=O)CCCCCN,Components-smiles-stereo-oe.smi,NCCCCCC(=O)N[C@H]1Cc2ccccc2[C@H]1Cc1ccc2c(c1C(=O)O)OC[C@@H](CCC(=O)O)O2,resolved
O69,C[C@@H](c1ccc2ccccc2c1)NC(=O)c3cccc4c3n(c(n4)c5cncc6c5cccc6)C7CC(C7)C(=O)NC,Components-smiles-stereo-oe.smi,CNC(=O)C1CC(n2c(-c3cncc4ccccc34)nc3cccc(C(=O)N[C@@H](C)c4ccc5ccccc5c4)c32)C1,resolved
O6K,CC(C)(C)OC(=O)NC1=CC=CN(C1=O)[C@@H](CC2CC2)C(=O)N[C@@H](C[C@@H]3CCNC3=O)[C@H](C(=O)NCc4ccccc4)O,Components-smiles-stereo-oe.smi,CC(C)(C)OC(=O)Nc1cccn([C@@H](CC2CC2)C(=O)N[C@@H](C[C@@H]2CCNC2=O)[C@@H](O)C(=O)NCc2ccccc2)c1=O,resolved
O87,c1ccc2c(c1)C(=CC(=O)N2)C(=O)N3CCN(CC3)c4cccc(c4)C(F)(F)F,Components-smiles-stereo-oe.smi,O=C(c1cc(=O)[nH]c2ccccc12)N1CCN(c2cccc(C(F)(F)F)c2)CC1,resolved
O8L,Cc1ccncc1NC(=O)[C@@H](C)c2cc(cc(c2)Cl)O[C@@H]3CC(=O)N3,Components-smiles-stereo-oe.smi,Cc1ccncc1NC(=O)[C@@H](C)c1cc(Cl)cc(O[C@@H]2CC(=O)N2)c1,resolved
O9O,COc1cccc(n1)Oc2cc(cc(c2)Cl)NC(=O)Cc3cncc4c3cccc4,Components-smiles-stereo-oe.smi,COc1cccc(Oc2cc(Cl)cc(NC(=O)Cc3cncc4ccccc34)c2)n1,resolved
O9X,Cc1ccncc1NC(=O)[C@@H](C)OC(F)F,Components-smiles-stereo-oe.smi,Cc1ccncc1NC(=O)[C@@H](C)OC(F)F,resolved
OAO,Cc1ccncc1NC(=O)Cc2cc(cc(c2)Cl)OCc3nc(no3)C,Components-smiles-stereo-oe.smi,Cc1noc(COc2cc(Cl)cc(CC(=O)Nc3cnccc3C)c2)n1,resolved
OAR,[H]/N=C(/N)\NCCC[C@@H](CO)N,Components-smiles-stereo-oe.smi,[H]/N=C(/N)NCCC[C@H](N)CO,resolved
OBF,C([C@@H](C(=O)O)N)C(F)F,Components-smiles-stereo-oe.smi,N[C@@H](CC(F)F)C(=O)O,resolved
OBO,c1cc(cc(c1)Cl)CC(=O)Nc2cncc3c2[nH]cn3,Components-smiles-stereo-oe.smi,O=C(Cc1cccc(Cl)c1)Nc1cncc2nc[nH]c12,resolved
OCA,CCCCCCCC(=O)O,Components-smiles-stereo-oe.smi,CCCCCCCC(=O)O,resolved
OCI,Cc1ccncc1NC(=O)Cc2cc(cc(c2)Cl)NS(=O)(=O)N,Components-smiles-stereo-oe.smi,Cc1ccncc1NC(=O)Cc1cc(Cl)cc(NS(N)(=O)=O)c1,resolved
OCS,C([C@@H](C(=O)O)N)S(=O)(=O)O,Components-smiles-stereo-oe.smi,N[C@@H](CS(=O)(=O)O)C(=O)O,resolved
OCT,CCCCCCCC,Components-smiles-stereo-oe.smi,CCCCCCCC,resolved
OD7,COc1ccc2c(c1)n(nn2)CC(=O)N(Cc3ccccn3)c4ccc(cc4)C5CCNCC5,Components-smiles-stereo-oe.smi,COc1ccc2nnn(CC(=O)N(Cc3ccccn3)c3ccc(C4CCNCC4)cc3)c2c1,resolved
ODN,C[C@@H]1[C@@H]2CC[C@H]3[C@@]45CO[C@@]([C@]3([C@@H]2O)C1=O)([C@H]([C@@H]4C(CC[C@@H]5O)(C)C)O)O,Components-smiles-stereo-oe.smi,C[C@H]1C(=O)[C@]23[C@H](O)[C@H]1CC[C@H]2[C@@]12CO[C@]3(O)[C@@H](O)[C@@H]1C(C)(C)CC[C@@H]2O,resolved
ODX,Cc1ccncc1NC(=O)Cc2cc(cc(c2)Cl)N[C@H]3CCC[C@@H]3O,Components-smiles-stereo-oe.smi,Cc1ccncc1NC(=O)Cc1cc(Cl)cc(N[C@H]2CCC[C@@H]2O)c1,resolved
OE6,c1ccc2c(c1)nnn2NC(=O)Cc3cccc(c3)Cl,Components-smiles-stereo-oe.smi,O=C(Cc1cccc(Cl)c1)Nn1nnc2ccccc21,resolved
OEI,c1ccc(cc1)CNCCO,Components-smiles-stereo-oe.smi,OCCNCc1ccccc1,resolved
OEO,CN(C)c1ccc(cc1)N(Cc2ccsc2)C(=O)Cc3cncc4c3cccc4,Components-smiles-stereo-oe.smi,CN(C)c1ccc(N(Cc2ccsc2)C(=O)Cc2cncc3ccccc23)cc1,resolved
OF6,CNCc1csc(n1)c2cccc(c2)Cl,Components-smiles-stereo-oe.smi,CNCc1csc(-c2cccc(Cl)c2)n1,resolved
OF9,c1ccc(cc1)C[C@H]([C@@H](C(=O)NCc2ccccn2)O)NC(=O)[C@H]3CC(CN3C(=O)C4CCC(CC4)(F)F)(F)F,Components-smiles-stereo-oe.smi,O=C(NCc1ccccn1)[C@@H](O)[C@@H](Cc1ccccc1)NC(=O)[C@H]1CC(F)(F)CN1C(=O)C1CCC(F)(F)CC1,resolved
OFX,CN(C)c1ccc(cc1)N(Cc2ccn[nH]2)C(=O)Cn3c4ccccc4nn3,Components-smiles-stereo-oe.smi,CN(C)c1ccc(N(Cc2ccn[nH]2)C(=O)Cn2nnc3ccccc32)cc1,resolved
OG3,C[C@H](c1ccc(cc1)Cl)N,Components-smiles-stereo-oe.smi,C[C@@H](N)c1ccc(Cl)cc1,resolved
OGF,CNC(=O)Nc1ccc(cc1)N(Cc2ccsc2)C(=O)Cn3c4ccccc4nn3,Components-smiles-stereo-oe.smi,CNC(=O)Nc1ccc(N(Cc2ccsc2)C(=O)Cn2nnc3ccccc32)cc1,resolved
OGO,COc1ccccc1OC2CN(C2)C(=O)C3=CC(=O)Nc4c3cccc4,Components-smiles-stereo-oe.smi,COc1ccccc1OC1CN(C(=O)c2cc(=O)[nH]c3ccccc23)C1,resolved
OGV,c1ccn2c(c1)nnc2NC(=O)Cc3cccc(c3)Cl,Components-smiles-stereo-oe.smi,O=C(Cc1cccc(Cl)c1)Nc1nnc2ccccn12,resolved
OH9,COP(=O)(O)OP(=O)(O)OC[C@@H]1[C@H]([C@H]([C@@H](O1)n2cnc3c2ncnc3N)O)O,Components-smiles-stereo-oe.smi,COP(=O)(O)OP(=O)(O)OC[C@H]1O[C@@H](n2cnc3c(N)ncnc32)[C@H](O)[C@@H]1O,resolved
OHB,c1ccc(c(c1)C(=O)N)O,Components-smiles-stereo-oe.smi,NC(=O)c1ccccc1O,resolved
OHC,Cc1ccncc1NC(=O)Cc2cc(cc(c2)Cl)CNC(=O)C,Components-smiles-stereo-oe.smi,CC(=O)NCc1cc(Cl)cc(CC(=O)Nc2cnccc2C)c1,resolved
OHP,c1ccc(c(c1)CC(=O)O)O,Components-smiles-stereo-oe.smi,O=C(O)Cc1ccccc1O,resolved
OHR,c1nc(c2c(n1)n(cn2)[C@H]3C[C@@H]([C@H](O3)COP(=O)(O)OP(=O)(O)OC[C@@H]4[C@H]([C@H]([C@H](O4)O)O)O)O)N,Components-smiles-stereo-oe.smi,Nc1ncnc2c1ncn2[C@H]1C[C@H](O)[C@@H](COP(=O)(O)OP(=O)(O)OC[C@H]2O[C@H](O)[C@H](O)[C@@H]2O)O1,resolved
OI3,c1nc(c2c(n1)n(cn2)[C@H]3[C@@H]([C@@H]([C@H](O3)COP(=O)(O)OP(=O)(O)OC[C@@H]4[C@H]([C@H]([C@@H](O4)O)O)O)O)F)N,Components-smiles-stereo-oe.smi,Nc1ncnc2c1ncn2[C@@H]1O[C@H](COP(=O)(O)OP(=O)(O)OC[C@H]2O[C@@H](O)[C@H](O)[C@@H]2O)[C@@H](O)[C@H]1F,resolved
OI4,Cc1ccncc1NC(=O)[C@@H]2CCOc3c2cc(cc3)Cl,Components-smiles-stereo-oe.smi,Cc1ccncc1NC(=O)[C@@H]1CCOc2ccc(Cl)cc21,resolved
OI6,c1nc(c2c(n1)n(c(n2)Br)[C@H]3[C@@H]([C@@H]([C@H](O3)COP(=O)(O)OP(=O)(O)OC[C@@H]4[C@H]([C@H]([C@@H](O4)O)O)O)O)O)N,Components-smiles-stereo-oe.smi,Nc1ncnc2c1nc(Br)n2[C@@H]1O[C@H](COP(=O)(O)OP(=O)(O)OC[C@H]2O[C@@H](O)[C@H](O)[C@@H]2O)[C@@H](O)[C@H]1O,resolved
OIE,c1ccc2c(c1)cncc2NC(=O)Cc3cc(ccn3)Cl,Components-smiles-stereo-oe.smi,O=C(Cc1cc(Cl)ccn1)Nc1cncc2ccccc12,resolved
OIG,CCOP(=O)(O)OP(=O)(O)OC[C@@H]1[C@H]([C@H]([C@@H](O1)n2cnc3c2ncnc3N)O)O,Components-smiles-stereo-oe.smi,CCOP(=O)(O)OP(=O)(O)OC[C@H]1O[C@@H](n2cnc3c(N)ncnc32)[C@H](O)[C@@H]1O,resolved
OIK,c1ccc(cc1)N2CCN(CC2)C(=O)c3cncc4c3cccc4,Components-smiles-stereo-oe.smi,O=C(c1cncc2ccccc12)N1CCN(c2ccccc2)CC1,resolved
OIS,Cc1nc(cs1)CN2CCN(C2=O)[C@@H](C(C)C)C(=O)N[C@@H](Cc3ccccc3)[C@@H](C[N@](CC(C)C)S(=O)(=O)c4ccc(cc4)\C=N\O)O,Components-smiles-stereo-oe.smi,Cc1nc(CN2CCN([C@H](C(=O)N[C@@H](Cc3ccccc3)[C@H](O)CN(CC(C)C)S(=O)(=O)c3ccc(/C=N/O)cc3)C(C)C)C2=O)cs1,resolved
OIX,COc1ccccc1OCCNC(=O)c2cncc3c2cccc3,Components-smiles-stereo-oe.smi,COc1ccccc1OCCNC(=O)c1cncc2ccccc12,resolved
OJ9,c1ccc2c(c1)cncc2NC(=O)Cc3cc(cc4c3occ4)Cl,Components-smiles-stereo-oe.smi,O=C(Cc1cc(Cl)cc2ccoc12)Nc1cncc2ccccc12,resolved
OJO,CC(=O)N1CCN(CC1)Cc2cc(cc(c2)Cl)O,Components-smiles-stereo-oe.smi,CC(=O)N1CCN(Cc2cc(O)cc(Cl)c2)CC1,resolved
OK9,c1cc(sc1)C(=O)N/C(=C\c2ccc(s2)N3CCOCC3)/C=O,Components-smiles-stereo-oe.smi,O=C/C(=C/c1ccc(N2CCOCC2)s1)NC(=O)c1cccs1,resolved
OKW,c1cc(cc(c1)Cl)CC(=O)Nc2cncc3c2CCC3,Components-smiles-stereo-oe.smi,O=C(Cc1cccc(Cl)c1)Nc1cncc2c1CCC2,resolved
OLX,CCc1ccc2c(c1)[C@H](C(=O)N2CC(=O)O)O,Components-smiles-stereo-oe.smi,CCc1ccc2c(c1)[C@@H](O)C(=O)N2CC(=O)O,resolved
OM1,COc1ccc(cc1)CNC(=O)c2ccccc2C[NH2+]Cc3ccc4c(c3C(=O)O)OCO4,Components-smiles-stereo-oe.smi,COc1ccc(CNC(=O)c2ccccc2C[NH2+]Cc2ccc3c(c2C(=O)O)OCO3)cc1,resolved
OM3,C[NH+](Cc1ccccc1C(=O)NCC2CCCCC2)Cc3ccc4c(c3C(=O)O)OCO4,Components-smiles-stereo-oe.smi,C[NH+](Cc1ccccc1C(=O)NCC1CCCCC1)Cc1ccc2c(c1C(=O)O)OCO2,resolved
OMG,CO[C@@H]1[C@@H]([C@H](O[C@H]1n2cnc3c2N=C(NC3=O)N)COP(=O)(O)O)O,Components-smiles-stereo-oe.smi,CO[C@@H]1[C@H](O)[C@@H](COP(=O)(O)O)O[C@H]1n1cnc2c(=O)[nH]c(N)nc21,resolved
OMU,CO[C@@H]1[C@@H]([C@H](O[C@H]1N2C=CC(=O)NC2=O)COP(=O)(O)O)O,Components-smiles-stereo-oe.smi,CO[C@@H]1[C@H](O)[C@@H](COP(=O)(O)O)O[C@H]1n1ccc(=O)[nH]c1=O,resolved
ON1,c1cc(c(cc1Cc2nc(c(c(n2)O)O)C(=O)O)Cl)Cl,Components-smiles-stereo-oe.smi,O=C(O)c1nc(Cc2ccc(Cl)c(Cl)c2)nc(O)c1O,resolved
ONU,COc1ccccc1NC2CN(C2)C(=O)C3=CC(=O)Nc4c3cccc4,Components-smiles-stereo-oe.smi,COc1ccccc1NC1CN(C(=O)c2cc(=O)[nH]c3ccccc23)C1,resolved
ONZ,c1cc(c2c(c1)OCO2)C(=O)NCC(=O)O,Components-smiles-stereo-oe.smi,O=C(O)CNC(=O)c1cccc2c1OCO2,resolved
OO4,COC(=O)N[C@@H](C1CC1)C(=O)N[C@@H](Cc2ccccc2)[C@H](C[C@H](Cc3ccccc3)NC(=O)O[C@H]4CO[C@@H]5[C@H]4CCO5)O,Components-smiles-stereo-oe.smi,COC(=O)N[C@H](C(=O)N[C@@H](Cc1ccccc1)[C@@H](O)C[C@H](Cc1ccccc1)NC(=O)O[C@H]1CO[C@H]2OCC[C@H]21)C1CC1,resolved
OO6,C[C@@H]1COc2ccc(cc2[C@@H]1C(=O)Nc3cncc4c3cccc4)Cl,Components-smiles-stereo-oe.smi,C[C@@H]1COc2ccc(Cl)cc2[C@@H]1C(=O)Nc1cncc2ccccc12,resolved
OOL,[H]/N=C/c1nc(cc(n1)OC)OC,Components-smiles-stereo-oe.smi,[H]/N=C/c1nc(OC)cc(OC)n1,resolved
OP7,COC(=O)N[C@@H](C1CCCC1)C(=O)N[C@@H](Cc2ccccc2)[C@H](C[C@H](Cc3ccccc3)NC(=O)O[C@H]4CO[C@@H]5[C@H]4CCO5)O,Components-smiles-stereo-oe.smi,COC(=O)N[C@H](C(=O)N[C@@H](Cc1ccccc1)[C@@H](O)C[C@H](Cc1ccccc1)NC(=O)O[C@H]1CO[C@H]2OCC[C@H]21)C1CCCC1,resolved
OPJ,COC(=O)NC1(CCCC1)C(=O)N[C@@H](Cc2ccccc2)[C@H](C[C@H](Cc3ccccc3)NC(=O)O[C@H]4CO[C@@H]5[C@H]4CCO5)O,Components-smiles-stereo-oe.smi,COC(=O)NC1(C(=O)N[C@@H](Cc2ccccc2)[C@@H](O)C[C@H](Cc2ccccc2)NC(=O)O[C@H]2CO[C@H]3OCC[C@H]32)CCCC1,resolved
OPU,Cc1ccn2cnnc2c1NC(=O)[C@@H]3CCOc4c3cc(cc4)Cl,Components-smiles-stereo-oe.smi,Cc1ccn2cnnc2c1NC(=O)[C@@H]1CCOc2ccc(Cl)cc21,resolved
OQ7,COC(=O)N[C@@H](C1CCCC1)C(=O)N[C@@H](Cc2ccccc2)C[C@@H]([C@H](Cc3ccccc3)NC(=O)O[C@H]4CO[C@@H]5[C@H]4CCO5)O,Components-smiles-stereo-oe.smi,COC(=O)N[C@H](C(=O)N[C@@H](Cc1ccccc1)C[C@H](O)[C@H](Cc1ccccc1)NC(=O)O[C@H]1CO[C@H]2OCC[C@H]21)C1CCCC1,resolved
OQA,CC[C@@H](C)[C@@H](C(=O)N[C@@H](Cc1ccccc1)[C@H](C[C@H](Cc2ccccc2)NC(=O)O[C@H]3CO[C@@H]4[C@H]3CCO4)O)NC(=O)OC,Components-smiles-stereo-oe.smi,CC[C@@H](C)[C@H](NC(=O)OC)C(=O)N[C@@H](Cc1ccccc1)[C@@H](O)C[C@H](Cc1ccccc1)NC(=O)O[C@H]1CO[C@H]2OCC[C@H]21,resolved
OQD,CC[C@H](C)[C@@H](C(=O)N[C@@H](Cc1ccccc1)[C@H](C[C@H](Cc2ccccc2)NC(=O)O[C@H]3CO[C@@H]4[C@H]3CCO4)O)NC(=O)OC,Components-smiles-stereo-oe.smi,CC[C@H](C)[C@H](NC(=O)OC)C(=O)N[C@@H](Cc1ccccc1)[C@@H](O)C[C@H](Cc1ccccc1)NC(=O)O[C@H]1CO[C@H]2OCC[C@H]21,resolved
OQF,CN(C)c1ccc(cc1)N(Cc2cscn2)C(=O)Cn3c4ccccc4nn3,Components-smiles-stereo-oe.smi,CN(C)c1ccc(N(Cc2cscn2)C(=O)Cn2nnc3ccccc32)cc1,resolved
OQG,CC(C)[C@@H](C(=O)N[C@@H](Cc1ccccc1)[C@H](C[C@H](Cc2ccccc2)NC(=O)O[C@H]3CO[C@@H]4[C@H]3CCO4)O)NC(=O)OC,Components-smiles-stereo-oe.smi,COC(=O)N[C@H](C(=O)N[C@@H](Cc1ccccc1)[C@@H](O)C[C@H](Cc1ccccc1)NC(=O)O[C@H]1CO[C@H]2OCC[C@H]21)C(C)C,resolved
OQL,c1ccc2c(c1)cncc2NC(=O)[C@@H]3CCNc4c3cc(cc4)Cl,Components-smiles-stereo-oe.smi,O=C(Nc1cncc2ccccc12)[C@@H]1CCNc2ccc(Cl)cc21,resolved
OQP,COC(=O)NC1(CCCC1)C(=O)N[C@@H](Cc2ccccc2)C[C@@H]([C@H](Cc3ccccc3)NC(=O)O[C@H]4CO[C@@H]5[C@H]4CCO5)O,Components-smiles-stereo-oe.smi,COC(=O)NC1(C(=O)N[C@@H](Cc2ccccc2)C[C@H](O)[C@H](Cc2ccccc2)NC(=O)O[C@H]2CO[C@H]3OCC[C@H]32)CCCC1,resolved
OQV,CC(C)(C)[C@@H](C(=O)N[C@@H](Cc1ccccc1)C[C@@H]([C@H](Cc2ccccc2)NC(=O)O[C@H]3CO[C@@H]4[C@H]3CCO4)O)NC(=O)OC,Components-smiles-stereo-oe.smi,COC(=O)N[C@H](C(=O)N[C@@H](Cc1ccccc1)C[C@H](O)[C@H](Cc1ccccc1)NC(=O)O[C@H]1CO[C@H]2OCC[C@H]21)C(C)(C)C,resolved
OQX,COc1ccc(cc1)N(Cc2cccc(c2)Cl)C(=O)Cn3c4ccccc4nn3,Components-smiles-stereo-oe.smi,COc1ccc(N(Cc2cccc(Cl)c2)C(=O)Cn2nnc3ccccc32)cc1,resolved
OQY,CC(C)(C)[C@@H](C(=O)N[C@@H](Cc1ccccc1)[C@H](C[C@H](Cc2ccccc2)NC(=O)O[C@H]3CO[C@@H]4[C@H]3CCO4)O)NC(=O)OC,Components-smiles-stereo-oe.smi,COC(=O)N[C@H](C(=O)N[C@@H](Cc1ccccc1)[C@@H](O)C[C@H](Cc1ccccc1)NC(=O)O[C@H]1CO[C@H]2OCC[C@H]21)C(C)(C)C,resolved
OR1,Cc1cccc(c1OCC(=O)N[C@@H](Cc2ccccc2)[C@H](C[C@H](Cc3ccccc3)NC(=O)O[C@H]4CO[C@@H]5[C@H]4CCO5)O)C,Components-smiles-stereo-oe.smi,Cc1cccc(C)c1OCC(=O)N[C@@H](Cc1ccccc1)[C@@H](O)C[C@H](Cc1ccccc1)NC(=O)O[C@H]1CO[C@H]2OCC[C@H]21,resolved
ORQ,CC(=O)NCCC[C@@H](C(=O)O)N,Components-smiles-stereo-oe.smi,CC(=O)NCCC[C@H](N)C(=O)O,resolved
ORR,c1cc(cc(c1)Cl)CC(=O)N2CCCc3c2cncc3N,Components-smiles-stereo-oe.smi,Nc1cncc2c1CCCN2C(=O)Cc1cccc(Cl)c1,resolved
ORV,C[C@@H](C(=O)N[C@@H](Cc1ccccc1)[C@H](C[C@H](Cc2ccccc2)NC(=O)O[C@H]3CO[C@@H]4[C@H]3CCO4)O)NC(=O)OC,Components-smiles-stereo-oe.smi,COC(=O)N[C@@H](C)C(=O)N[C@@H](Cc1ccccc1)[C@@H](O)C[C@H](Cc1ccccc1)NC(=O)O[C@H]1CO[C@H]2OCC[C@H]21,resolved
OSI,C[C@]1(CCOc2c1cc(cc2)Cl)C(=O)Nc3cncc4c3cccc4,Components-smiles-stereo-oe.smi,C[C@@]1(C(=O)Nc2cncc3ccccc23)CCOc2ccc(Cl)cc21,resolved
OT6,Cc1ccncc1NC(=O)Cc2cc(cc(c2)Cl)NCC(C)(C)C#N,Components-smiles-stereo-oe.smi,Cc1ccncc1NC(=O)Cc1cc(Cl)cc(NCC(C)(C)C#N)c1,resolved
OTV,Cc1ccncc1NC(=O)Cc2cc(cc(c2)Cl)N[C@H]3C[C@H]3C(F)(F)F,Components-smiles-stereo-oe.smi,Cc1ccncc1NC(=O)Cc1cc(Cl)cc(N[C@H]2C[C@H]2C(F)(F)F)c1,resolved
OU3,Cc1cc(ccc1F)N2C(=Nc3cc(c(c(c3C2=O)O)O)O)CC(C)C,Components-smiles-stereo-oe.smi,Cc1cc(-n2c(CC(C)C)nc3cc(O)c(O)c(O)c3c2=O)ccc1F,resolved
OUF,CC(C)OCCCN(Cc1ccco1)C(=O)NC2=CN(C(=O)c3c2cccc3)C,Components-smiles-stereo-oe.smi,CC(C)OCCCN(Cc1ccco1)C(=O)Nc1cn(C)c(=O)c2ccccc12,resolved
OV4,CN(C)c1ccc(cc1)N(Cc2ccccc2)C(=O)Cn3c4ccccc4nn3,Components-smiles-stereo-oe.smi,CN(C)c1ccc(N(Cc2ccccc2)C(=O)Cn2nnc3ccccc32)cc1,resolved
OVF,CN(C)c1ccc(cc1)N(Cc2cccc(c2)Cl)C(=O)Cn3c4ccccc4nn3,Components-smiles-stereo-oe.smi,CN(C)c1ccc(N(Cc2cccc(Cl)c2)C(=O)Cn2nnc3ccccc32)cc1,resolved
OVX,c1ccc2c(c1)cncc2C(=O)N3CCN(C(=O)C3)c4cccc(c4)Cl,Components-smiles-stereo-oe.smi,O=C(c1cncc2ccccc12)N1CCN(c2cccc(Cl)c2)C(=O)C1,resolved
OW1,CC1([C@@H]2[C@H]1[C@H](N(C2)C(=O)[C@H](C(C)(C)C)NC(=O)C(F)(F)F)C(=O)N[C@@H](C[C@@H]3CCNC3=O)C=C)C,Components-smiles-stereo-oe.smi,C=C[C@H](C[C@@H]1CCNC1=O)NC(=O)[C@@H]1[C@@H]2[C@H](CN1C(=O)[C@@H](NC(=O)C(F)(F)F)C(C)(C)C)C2(C)C,resolved
OWC,c1ccc2c(c1)cncc2N3CCC[C@H](C3=O)c4cccc(c4)Cl,Components-smiles-stereo-oe.smi,O=C1[C@H](c2cccc(Cl)c2)CCCN1c1cncc2ccccc12,resolved
OWX,c1cc(cc(c1)Cl)CC(=O)Nc2cncc3c2CCCN3,Components-smiles-stereo-oe.smi,O=C(Cc1cccc(Cl)c1)Nc1cncc2c1CCCN2,resolved
OYF,c1cc2c(cc1Cl)[C@@H](CCO2)C(=O)Nc3cncc4c3ccnc4,Components-smiles-stereo-oe.smi,O=C(Nc1cncc2cnccc12)[C@@H]1CCOc2ccc(Cl)cc21,resolved
OYX,c1ccc2c(c1)cncc2CC(=O)N(CCC3CCCCC3)Cc4cccs4,Components-smiles-stereo-oe.smi,O=C(Cc1cncc2ccccc12)N(CCC1CCCCC1)Cc1cccs1,resolved
OZ1,c1cc(c(cc1F)F)CNC(=O)C2=C(c3cc(cnc3N(C2=O)O)CCCCCCO)N,Components-smiles-stereo-oe.smi,Nc1c(C(=O)NCc2ccc(F)cc2F)c(=O)n(O)c2ncc(CCCCCCO)cc12,resolved
OZ6,CC1([C@@H]2[C@H]1[C@H](N(C2)C(=O)[C@H](C(C)(C)C)NC(=O)NC(C)(C)C)C(=O)N[C@@H](C[C@@H]3CCNC3=O)C=O)C,Components-smiles-stereo-oe.smi,CC(C)(C)NC(=O)N[C@H](C(=O)N1C[C@H]2[C@@H]([C@H]1C(=O)N[C@H](C=O)C[C@@H]1CCNC1=O)C2(C)C)C(C)(C)C,resolved
OZB,CC(C)(C)[C@@H](C(=O)N1CC2(C[C@H]1C(=O)N[C@@H](C[C@@H]3CCNC3=O)C#N)SCCS2)NC(=O)C4(CC4)F,Components-smiles-stereo-oe.smi,CC(C)(C)[C@H](NC(=O)C1(F)CC1)C(=O)N1CC2(C[C@H]1C(=O)N[C@H](C#N)C[C@@H]1CCNC1=O)SCCS2,resolved
OZC,c1ccc2c(c1)cncc2N3CCC[C@H](C3=O)c4ccc(cc4)Cl,Components-smiles-stereo-oe.smi,O=C1[C@H](c2ccc(Cl)cc2)CCCN1c1cncc2ccccc12,resolved
OZL,CC(C)(C)[C@@H](C(=O)N1CC2(C[C@H]1C(=O)N[C@@H](C[C@@H]3CCNC3=O)C#N)SCCS2)NC(=O)NC(C)(C)C,Components-smiles-stereo-oe.smi,CC(C)(C)NC(=O)N[C@H](C(=O)N1CC2(C[C@H]1C(=O)N[C@H](C#N)C[C@@H]1CCNC1=O)SCCS2)C(C)(C)C,resolved
OZX,c1ccc2c(c1)cncc2NC(=O)Cc3cccc(n3)Cl,Components-smiles-stereo-oe.smi,O=C(Cc1cccc(Cl)n1)Nc1cncc2ccccc12,resolved
P0O,CC(=O)C=C[C@H](C[C@@H]1CCNC1=O)NC(=O)[C@@H]2[C@@H]3[C@@H](C3(C)C)CN2C(=O)[C@H](C(C)(C)C)NC(=O)NC(C)(C)C,Components-smiles-stereo-oe.smi,CC(=O)C=C[C@H](C[C@@H]1CCNC1=O)NC(=O)[C@@H]1[C@@H]2[C@H](CN1C(=O)[C@@H](NC(=O)NC(C)(C)C)C(C)(C)C)C2(C)C,resolved
P0X,c1ccc2c(c1)C(=CC(=O)N2)C(=O)N3CCN(C(=O)C3)c4cccc(c4)Cl,Components-smiles-stereo-oe.smi,O=C(c1cc(=O)[nH]c2ccccc12)N1CCN(c2cccc(Cl)c2)C(=O)C1,resolved
P12,[H]/N=C(\N)/N1CC[NH+](CC1)Cc2cc(ccc2OCCC[NH3+])OC,Components-smiles-stereo-oe.smi,[H]/N=C(\N)N1CC[NH+](Cc2cc(OC)ccc2OCCC[NH3+])CC1,resolved
P13,c1cc2c(cc[nH]2)cc1c3ccc(c(c3)CNCCN4CCNCC4)OCCCN,Components-smiles-stereo-oe.smi,NCCCOc1ccc(-c2ccc3[nH]ccc3c2)cc1CNCCN1CCNCC1,resolved
P14,COc1ccc(c(c1)CNCCCCNC(=[NH2+])N)OCCNC(=[NH2+])N,Components-smiles-stereo-oe.smi,COc1ccc(OCCNC(N)=[NH2+])c(CNCCCCNC(N)=[NH2+])c1,resolved
P1Y,COc1ccc(cc1Br)Cc2nc(c(c(n2)O)O)C(=O)O,Components-smiles-stereo-oe.smi,COc1ccc(Cc2nc(O)c(O)c(C(=O)O)n2)cc1Br,resolved
P3L,c1cc2c(cc1Cl)[C@@H](CCO2)C(=O)N[C@@H]3CCNC(=O)C3,Components-smiles-stereo-oe.smi,O=C1C[C@H](NC(=O)[C@@H]2CCOc3ccc(Cl)cc32)CCN1,resolved
P3V,CC(C)CN(CC([C@H](Cc1ccccc1)NC(=O)O[C@H]2CO[C@@H]3[C@H]2CCO3)(O)O)S(=O)(=O)c4ccc(cc4)N,Components-smiles-stereo-oe.smi,CC(C)CN(CC(O)(O)[C@H](Cc1ccccc1)NC(=O)O[C@H]1CO[C@H]2OCC[C@H]21)S(=O)(=O)c1ccc(N)cc1,resolved
P4G,CCOCCOCCOCC,Components-smiles-stereo-oe.smi,CCOCCOCCOCC,resolved
P4R,c1ccc2c(c1)cncc2N3C(=O)[C@@]4(CCOc5c4cc(cc5)Cl)NC3=O,Components-smiles-stereo-oe.smi,O=C1N[C@]2(CCOc3ccc(Cl)cc32)C(=O)N1c1cncc2ccccc12,resolved
P4Y,c1ccc(cc1)c2c(c3ccccc3[nH]2)Cc4nc(c(c(n4)O)O)C(=O)O,Components-smiles-stereo-oe.smi,O=C(O)c1nc(Cc2c(-c3ccccc3)[nH]c3ccccc23)nc(O)c1O,resolved
P5X,CN(C)c1ccc(cc1)N(Cc2cc(cs2)Cl)C(=O)Cc3cncc4c3cccc4,Components-smiles-stereo-oe.smi,CN(C)c1ccc(N(Cc2cc(Cl)cs2)C(=O)Cc2cncc3ccccc23)cc1,resolved
P6I,CSc1ccc(cc1)N(Cc2cc(cs2)Cl)C(=O)Cc3cncc4c3cccc4,Components-smiles-stereo-oe.smi,CSc1ccc(N(Cc2cc(Cl)cs2)C(=O)Cc2cncc3ccccc23)cc1,resolved
P6N,C[C@H]1CCc2ccccc2C1=O,Components-smiles-stereo-oe.smi,C[C@H]1CCc2ccccc2C1=O,resolved
P6O,c1ccc2c(c1)cncc2NC(=O)[C@@]3(CC(=O)Nc4c3cc(cc4)Cl)O,Components-smiles-stereo-oe.smi,O=C1C[C@@](O)(C(=O)Nc2cncc3ccccc23)c2cc(Cl)ccc2N1,resolved
P6R,CC(C)(C)c1ccc(cc1)N(Cc2cc(cs2)Cl)C(=O)Cc3cncc4c3cccc4,Components-smiles-stereo-oe.smi,CC(C)(C)c1ccc(N(Cc2cc(Cl)cs2)C(=O)Cc2cncc3ccccc23)cc1,resolved
P7L,COc1ccc(cc1)N(Cc2cc(cs2)Cl)C(=O)Cc3cncc4c3cccc4,Components-smiles-stereo-oe.smi,COc1ccc(N(Cc2cc(Cl)cs2)C(=O)Cc2cncc3ccccc23)cc1,resolved
P7R,CN1c2c(cncc2NC(=O)[C@@H]3CCOc4c3cc(cc4)Cl)NC1=O,Components-smiles-stereo-oe.smi,Cn1c(=O)[nH]c2cncc(NC(=O)[C@@H]3CCOc4ccc(Cl)cc43)c21,resolved
P8C,CC(C)C[C@@H](C(=O)N[C@@H](C[C@@H]1CCNC1=O)[C@H](O)[S+](=O)(O)O)NC(=O)OC[C@H]2C[C@@H]2C3CCC(CC3)(F)F,Components-smiles-stereo-oe.smi,CC(C)C[C@H](NC(=O)OC[C@H]1C[C@@H]1C1CCC(F)(F)CC1)C(=O)N[C@@H](C[C@@H]1CCNC1=O)[C@H](O)[S+](=O)(O)O,resolved
P8L,CC(C)C[C@@H](C(=O)N[C@@H](C[C@@H]1CCNC1=O)[C@H](O)[S+](=O)(O)O)NC(=O)OC[C@H]2C[C@@H]2C3CCCCC3,Components-smiles-stereo-oe.smi,CC(C)C[C@H](NC(=O)OC[C@H]1C[C@@H]1C1CCCCC1)C(=O)N[C@@H](C[C@@H]1CCNC1=O)[C@H](O)[S+](=O)(O)O,resolved
P8U,CC(C)C[C@@H](C(=O)N[C@@H](C[C@@H]1CCNC1=O)[C@@H](O)[S+](=O)(O)O)NC(=O)OC[C@H]2C[C@@H]2C3CCCCC3,Components-smiles-stereo-oe.smi,CC(C)C[C@H](NC(=O)OC[C@H]1C[C@@H]1C1CCCCC1)C(=O)N[C@@H](C[C@@H]1CCNC1=O)[C@@H](O)[S+](=O)(O)O,resolved
P9O,c1cc2c(cc1Cl)[C@@H](CCO2)C(=O)Nc3cncc4c3CNCC4,Components-smiles-stereo-oe.smi,O=C(Nc1cncc2c1CNCC2)[C@@H]1CCOc2ccc(Cl)cc21,resolved
PBM,C[Pb+](C)C,Components-smiles-stereo-oe.smi,[CH3][Pb+]([CH3])[CH3],resolved
PBP,c1cc(ccc1C(=O)CBr)Br,Components-smiles-stereo-oe.smi,O=C(CBr)c1ccc(Br)cc1,resolved
PBU,CCCC(=O)OC[C@H](COP(=O)(O)O[C@@H]1[C@@H]([C@@H]([C@H]([C@@H]([C@H]1O)OP(=O)(O)O)OP(=O)(O)O)O)O)OC(=O)CCC,Components-smiles-stereo-oe.smi,CCCC(=O)OC[C@H](COP(=O)(O)O[C@@H]1[C@H](O)[C@H](O)[C@@H](OP(=O)(O)O)[C@H](OP(=O)(O)O)[C@H]1O)OC(=O)CCC,resolved
PC0,CCOc1ccnc(c1F)CCNC(=S)Nc2ccc(cn2)C,Components-smiles-stereo-oe.smi,CCOc1ccnc(CCNC(=S)Nc2ccc(C)cn2)c1F,resolved
PC8,CCCCCCCC(=O)OC[C@H](CO[P@](=O)(O)OCC[N+](C)(C)C)OC(=O)CCCCCCC,Components-smiles-stereo-oe.smi,CCCCCCCC(=O)OC[C@H](CO[P@](=O)(O)OCC[N+](C)(C)C)OC(=O)CCCCCCC,resolved
PDZ,c1ccc(cc1)Oc2c(ccc(c2F)CC3=NNC(=O)C=C3)Cl,Components-smiles-stereo-oe.smi,O=c1ccc(Cc2ccc(Cl)c(Oc3ccccc3)c2F)n[nH]1,resolved
PEE,CCCCCCCC/C=C\CCCCCCCC(=O)OC[C@H](COP(=O)(O)OCCN)OC(=O)CCCCCCC/C=C\CCCCCCCC,Components-smiles-stereo-oe.smi,CCCCCCCC/C=C\CCCCCCCC(=O)OC[C@H](COP(=O)(O)OCCN)OC(=O)CCCCCCC/C=C\CCCCCCCC,resolved
PF0,Cc1c(cccc1O)C(=O)O,Components-smiles-stereo-oe.smi,Cc1c(O)cccc1C(=O)O,resolved
PG0,COCCOCCO,Components-smiles-stereo-oe.smi,COCCOCCO,resolved
PG5,COCCOCCOCCOC,Components-smiles-stereo-oe.smi,COCCOCCOCCOC,resolved
PG6,COCCOCCOCCOCCOCCOC,Components-smiles-stereo-oe.smi,COCCOCCOCCOCCOCCOC,resolved
PGR,C[C@H](CO)O,Components-smiles-stereo-oe.smi,C[C@@H](O)CO,resolved
PHB,c1cc(ccc1C(=O)O)O,Components-smiles-stereo-oe.smi,O=C(O)c1ccc(O)cc1,resolved
PHL,c1ccc(cc1)C[C@@H](CO)N,Components-smiles-stereo-oe.smi,N[C@H](CO)Cc1ccccc1,resolved
PHP,CC(C)[C@@H](C(=O)N[C@@H](Cc1ccccc1)P(=O)([C@H](Cc2ccccc2)NC(=O)[C@H](C(C)C)NC(=O)OCc3ccccc3)O)NC(=O)OCc4ccccc4,Components-smiles-stereo-oe.smi,CC(C)[C@H](NC(=O)OCc1ccccc1)C(=O)N[C@@H](Cc1ccccc1)P(=O)(O)[C@H](Cc1ccccc1)NC(=O)[C@@H](NC(=O)OCc1ccccc1)C(C)C,resolved
PHQ,c1ccc(cc1)COC(=O)Cl,Components-smiles-stereo-oe.smi,O=C(Cl)OCc1ccccc1,resolved
PI4,CC(C)(C)NC(=O)[C@@H]1CCCC[N@]1C[C@H]([C@@H]2Cc3ccc(cc3)OCCCC(=O)N[C@H](C(=O)N2)CC(=O)N)O,Components-smiles-stereo-oe.smi,CC(C)(C)NC(=O)[C@@H]1CCCCN1C[C@@H](O)[C@@H]1Cc2ccc(cc2)OCCCC(=O)N[C@@H](CC(N)=O)C(=O)N1,resolved
PI5,CC[C@H](C)[C@H]1C(=O)NCCCOc2ccc(cc2)C[C@@H](C(=O)N1)NC[C@H]([C@H](Cc3ccc(cc3)O)NC(=O)[C@H](C(C)C)N4CCCC4=O)O,Components-smiles-stereo-oe.smi,CC[C@H](C)[C@@H]1NC(=O)[C@@H](NC[C@@H](O)[C@H](Cc2ccc(O)cc2)NC(=O)[C@H](C(C)C)N2CCCC2=O)Cc2ccc(cc2)OCCCNC1=O,resolved
PI6,CC[C@H](C)[C@H]1C(=O)NCCCOc2ccc(cc2)C[C@@H](C(=O)N1)NC[C@H]([C@H](Cc3ccccc3)NC(=O)OC(C)(C)C)O,Components-smiles-stereo-oe.smi,CC[C@H](C)[C@@H]1NC(=O)[C@@H](NC[C@@H](O)[C@H](Cc2ccccc2)NC(=O)OC(C)(C)C)Cc2ccc(cc2)OCCCNC1=O,resolved
PI7,CC[C@H](C)[C@H]1C(=O)NCCCOc2ccc(cc2)C[C@@H](C(=O)N1)NC[C@H]([C@H](Cc3ccc(cc3)O)NC(=O)[C@H](C(C)C)NC(=O)CC)O,Components-smiles-stereo-oe.smi,CCC(=O)N[C@H](C(=O)N[C@@H](Cc1ccc(O)cc1)[C@H](O)CN[C@H]1Cc2ccc(cc2)OCCCNC(=O)[C@H]([C@@H](C)CC)NC1=O)C(C)C,resolved
PI8,CC[C@H](C)[C@H]1C(=O)NCCCCCOc2ccc(cc2)C[C@@H](C(=O)N1)NC[C@H](C[C@@H](Cc3ccccc3)C(=O)N[C@H]4c5ccccc5C[C@H]4O)O,Components-smiles-stereo-oe.smi,CC[C@H](C)[C@@H]1NC(=O)[C@@H](NC[C@@H](O)C[C@@H](Cc2ccccc2)C(=O)N[C@H]2c3ccccc3C[C@H]2O)Cc2ccc(cc2)OCCCCCNC1=O,resolved
PI9,CC(C)CC[N@@](C[C@H]([C@@H]1Cc2ccc(cc2)OCCCCCC(=O)N[C@H](C(=O)N1)C(C)C)O)S(=O)(=O)c3ccc(cc3)N,Components-smiles-stereo-oe.smi,CC(C)CCN(C[C@@H](O)[C@@H]1Cc2ccc(cc2)OCCCCCC(=O)N[C@@H](C(C)C)C(=O)N1)S(=O)(=O)c1ccc(N)cc1,resolved
PIM,c1ccc(cc1)c2cnc[nH]2,Components-smiles-stereo-oe.smi,c1ccc(-c2cnc[nH]2)cc1,resolved
PIO,CCCCCCCC(=O)OC[C@H](COP(=O)(O)O[C@@H]1[C@@H]([C@@H]([C@H]([C@@H]([C@H]1O)OP(=O)(O)O)OP(=O)(O)O)O)O)OC(=O)CCCCCCC,Components-smiles-stereo-oe.smi,CCCCCCCC(=O)OC[C@H](COP(=O)(O)O[C@@H]1[C@H](O)[C@H](O)[C@@H](OP(=O)(O)O)[C@H](OP(=O)(O)O)[C@H]1O)OC(=O)CCCCCCC,resolved
PJ6,CO[C@]1(CCOc2c1cc(cc2)Cl)C(=O)Nc3cncc4c3cccc4,Components-smiles-stereo-oe.smi,CO[C@@]1(C(=O)Nc2cncc3ccccc23)CCOc2ccc(Cl)cc21,resolved
PJE,C1CNC(=O)[C@@H]1C[C@@H](/C=C/C(=O)O)N,Components-smiles-stereo-oe.smi,N[C@H](/C=C/C(=O)O)C[C@@H]1CCNC1=O,resolved
PJJ,c1ccc(cc1)C[C@H](C[C@@H]([C@H](Cc2ccccc2)N)O)C(=O)O,Components-smiles-stereo-oe.smi,N[C@@H](Cc1ccccc1)[C@@H](O)C[C@@H](Cc1ccccc1)C(=O)O,resolved
PJR,CC(C)C[C@@H](C(=O)N[C@@H](C[C@@H]1CCNC1=O)[C@@H](O)[S+](=O)(O)O)NC(=O)OC[C@H]2C[C@@H]2C3CCC(CC3)(F)F,Components-smiles-stereo-oe.smi,CC(C)C[C@H](NC(=O)OC[C@H]1C[C@@H]1C1CCC(F)(F)CC1)C(=O)N[C@@H](C[C@@H]1CCNC1=O)[C@@H](O)[S+](=O)(O)O,resolved
PJX,CN1CC[C@H](c2c1ccc(c2)Cl)C(=O)Nc3cncc4c3cccc4,Components-smiles-stereo-oe.smi,CN1CC[C@@H](C(=O)Nc2cncc3ccccc23)c2cc(Cl)ccc21,resolved
PK4,Cc1cccc(c1F)S(=O)(=O)NC,Components-smiles-stereo-oe.smi,CNS(=O)(=O)c1cccc(C)c1F,resolved
PK8,c1cc[n+]2c(c1)S[Zn]O2,Components-smiles-stereo-oe.smi,c1cc[n+]2c(c1)[S][Zn][O]2,resolved
PKW,Cn1cnc2c1c(cnc2)NC(=O)[C@@H]3CCOc4c3cc(cc4)Cl,Components-smiles-stereo-oe.smi,Cn1cnc2cncc(NC(=O)[C@@H]3CCOc4ccc(Cl)cc43)c21,resolved
PMZ,CC(=O)c1ccc2c(c1)N(c3ccccc3S2)CCCN(C)C,Components-smiles-stereo-oe.smi,CC(=O)c1ccc2c(c1)N(CCCN(C)C)c1ccccc1S2,resolved
PNU,C[C@@H](c1cc2ccoc2cn1)Sc3nc(cc(n3)Cl)N,Components-smiles-stereo-oe.smi,C[C@H](Sc1nc(N)cc(Cl)n1)c1cc2ccoc2cn1,resolved
POL,CCCO,Components-smiles-stereo-oe.smi,CCCO,resolved
POP,O[P@@](=O)([O-])O[P@@](=O)(O)[O-],Components-smiles-stereo-oe.smi,O=[P@@]([O-])(O)O[P@](=O)([O-])O,resolved
PPF,C(=O)(O)P(=O)(O)O,Components-smiles-stereo-oe.smi,O=C(O)P(=O)(O)O,resolved
PPN,c1cc(ccc1C[C@@H](C(=O)O)N)[N+](=O)[O-],Components-smiles-stereo-oe.smi,N[C@@H](Cc1ccc([N+](=O)[O-])cc1)C(=O)O,resolved
PQ6,c1ccc2c(c1)cncc2NC(=O)[C@@]3(CCOc4c3cc(cc4)Cl)CN,Components-smiles-stereo-oe.smi,NC[C@@]1(C(=O)Nc2cncc3ccccc23)CCOc2ccc(Cl)cc21,resolved
PQL,CC(C)(C)[C@@H](C(=O)N1CC2(C[C@H]1C(=O)N[C@@H](C[C@@H]3CCNC3=O)C#N)SCCS2)NC(=O)C(F)(F)F,Components-smiles-stereo-oe.smi,CC(C)(C)[C@H](NC(=O)C(F)(F)F)C(=O)N1CC2(C[C@H]1C(=O)N[C@H](C#N)C[C@@H]1CCNC1=O)SCCS2,resolved
PQX,C[C@H](c1cccc2c1cccc2)N3CCC(CC3)C(=O)O,Components-smiles-stereo-oe.smi,C[C@H](c1cccc2ccccc12)N1CCC(C(=O)O)CC1,resolved
PRL,c1cc(cc2c1cc3ccc(cc3n2)N)N,Components-smiles-stereo-oe.smi,Nc1ccc2cc3ccc(N)cc3nc2c1,resolved
PRO,C1C[C@H](NC1)C(=O)O,Components-smiles-stereo-oe.smi,O=C(O)[C@@H]1CCCN1,resolved
PSF,CCCCCC(=O)OCC(CO[P@@](=O)(O)OC[C@@H](C(=O)O)N)OC(=O)CCCCC,Components-smiles-stereo-oe.smi,CCCCCC(=O)OCC(CO[P@@](=O)(O)OC[C@H](N)C(=O)O)OC(=O)CCCCC,resolved
PSI,C[C@@H](C(=O)N[C@@H](C)C(=O)N[C@@H](Cc1ccccc1)[C@H](CCC(=O)N[C@@H](C(C)C)C(=O)N[C@@H](C(C)C)C(=O)OC)O)N,Components-smiles-stereo-oe.smi,COC(=O)[C@@H](NC(=O)[C@@H](NC(=O)CC[C@H](O)[C@H](Cc1ccccc1)NC(=O)[C@H](C)NC(=O)[C@H](C)N)C(C)C)C(C)C,resolved
PSU,C1=C(C(=O)NC(=O)N1)[C@H]2[C@@H]([C@@H]([C@H](O2)COP(=O)(O)O)O)O,Components-smiles-stereo-oe.smi,O=c1[nH]cc([C@@H]2O[C@H](COP(=O)(O)O)[C@@H](O)[C@H]2O)c(=O)[nH]1,resolved
PUK,c1ccc(cc1)C[C@@H](CN[C@@H](Cc2ccccc2)C(=O)O)N,Components-smiles-stereo-oe.smi,N[C@H](CN[C@@H](Cc1ccccc1)C(=O)O)Cc1ccccc1,resolved
PUU,CC(=O)N1CC[C@H](c2c1ccc(c2)Cl)C(=O)Nc3cncc4c3cccc4,Components-smiles-stereo-oe.smi,CC(=O)N1CC[C@@H](C(=O)Nc2cncc3ccccc23)c2cc(Cl)ccc21,resolved
PVR,CC(=O)N1CCN(CC1)CC(=O)Nc2cnccc2C3CC3,Components-smiles-stereo-oe.smi,CC(=O)N1CCN(CC(=O)Nc2cnccc2C2CC2)CC1,resolved
PWR,c1ccc2c(c1)c[n+](cc2NC(=O)[C@@H]3CCOc4c3cc(cc4)Cl)[O-],Components-smiles-stereo-oe.smi,O=C(Nc1c[n+]([O-])cc2ccccc12)[C@@H]1CCOc2ccc(Cl)cc21,resolved
PYD,Cc1cnc(nc1N)C,Components-smiles-stereo-oe.smi,Cc1ncc(C)c(N)n1,resolved
PZ2,Cc1cc(cc(c1)Oc2ccc(cc2Br)Cc3c4ccnnc4[nH]n3)C#N,Components-smiles-stereo-oe.smi,Cc1cc(C#N)cc(Oc2ccc(Cc3n[nH]c4nnccc34)cc2Br)c1,resolved
PZ6,c1ccc2c(c1)cncc2NC(=O)[C@]3(CCOc4c3cc(cc4)Cl)CN,Components-smiles-stereo-oe.smi,NC[C@]1(C(=O)Nc2cncc3ccccc23)CCOc2ccc(Cl)cc21,resolved
PZA,c1cnc(cn1)C(=O)N,Components-smiles-stereo-oe.smi,NC(=O)c1cnccn1,resolved
PZL,c1cc(c(c(c1Cc2c3ccnnc3[nH]n2)F)Oc4cc(cc(c4)Cl)C#N)Br,Components-smiles-stereo-oe.smi,N#Cc1cc(Cl)cc(Oc2c(Br)ccc(Cc3n[nH]c4nnccc34)c2F)c1,resolved
Q0I,CCC(=O)N(c1cncc2c1cccc2)C(=O)[C@@H]3CCOc4c3cc(cc4)Cl,Components-smiles-stereo-oe.smi,CCC(=O)N(C(=O)[C@@H]1CCOc2ccc(Cl)cc21)c1cncc2ccccc12,resolved
Q1C,Cc1ccncc1NC(=O)CN2CCC(CC2)C,Components-smiles-stereo-oe.smi,Cc1ccncc1NC(=O)CN1CCC(C)CC1,resolved
Q1D,B(c1ccc(cc1)S(=O)(=O)N(C[C@H]([C@H](Cc2ccccc2)NC(=O)O[C@H]3[C@@H]4C[C@@H]5[C@H]3CO[C@@H]5OC4)O)CC(C)C)(O)O,Components-smiles-stereo-oe.smi,CC(C)CN(C[C@@H](O)[C@H](Cc1ccccc1)NC(=O)O[C@H]1[C@H]2CO[C@H]3OC[C@@H]1[C@H]3C2)S(=O)(=O)c1ccc(B(O)O)cc1,resolved
Q1U,COc1ccc2cncc(c2c1)NC(=O)Cc3cccc(c3)Cl,Components-smiles-stereo-oe.smi,COc1ccc2cncc(NC(=O)Cc3cccc(Cl)c3)c2c1,resolved
Q2G,Cc1ccncc1NC(=O)Nc2cccc(c2)Cl,Components-smiles-stereo-oe.smi,Cc1ccncc1NC(=O)Nc1cccc(Cl)c1,resolved
Q2U,COc1ccccc1OCCNC(=O)C2=CC(=O)Nc3c2cccc3,Components-smiles-stereo-oe.smi,COc1ccccc1OCCNC(=O)c1cc(=O)[nH]c2ccccc12,resolved
Q31,CC(C)C[C@@H](Cc1ccc2c(c1C(=O)O)OCO2)CNC(=O)Cc3c[nH]cn3,Components-smiles-stereo-oe.smi,CC(C)C[C@H](CNC(=O)Cc1c[nH]cn1)Cc1ccc2c(c1C(=O)O)OCO2,resolved
Q36,Cc1ccncc1NC(=O)[C@H](C)c2cccc(c2)C#N,Components-smiles-stereo-oe.smi,Cc1ccncc1NC(=O)[C@H](C)c1cccc(C#N)c1,resolved
Q3C,c1ccc2c(c1)cc(cn2)C(=O)O,Components-smiles-stereo-oe.smi,O=C(O)c1cnc2ccccc2c1,resolved
Q3U,c1cc(cc(c1)Cl)NC(=O)Nc2cc(cnc2)N,Components-smiles-stereo-oe.smi,Nc1cncc(NC(=O)Nc2cccc(Cl)c2)c1,resolved
Q45,CS(=O)(=O)NCC[C@@H]1CCCCN1CC(=O)Nc2cccnc2,Components-smiles-stereo-oe.smi,CS(=O)(=O)NCC[C@@H]1CCCCN1CC(=O)Nc1cccnc1,resolved
Q4F,CC(=O)N1C[C@@H]2C[C@H]1CN2Cc3cccc(c3)Cl,Components-smiles-stereo-oe.smi,CC(=O)N1C[C@@H]2C[C@H]1CN2Cc1cccc(Cl)c1,resolved
Q4R,Cc1ccncc1NC(=O)CN(C)S(=O)(=O)c2cccc3c2nccc3,Components-smiles-stereo-oe.smi,Cc1ccncc1NC(=O)CN(C)S(=O)(=O)c1cccc2cccnc12,resolved
Q50,CC(C)(C)OC(=O)N[C@@H](Cc1ccccc1)C(=O)C[C@@H](Cc2ccccc2)C(=O)N[C@@H](CCC(=O)N)C(=O)N[C@@H](Cc3ccccc3)C(=O)N,Components-smiles-stereo-oe.smi,CC(C)(C)OC(=O)N[C@@H](Cc1ccccc1)C(=O)C[C@@H](Cc1ccccc1)C(=O)N[C@@H](CCC(N)=O)C(=O)N[C@@H](Cc1ccccc1)C(N)=O,resolved
Q56,CC(C)C[C@@H](C(=O)N[C@@H](C[C@@H]1CCNC1=O)[C@H](O)S(=O)(=O)O)NC(=O)OCc2ccc3ccccc3c2,Components-smiles-stereo-oe.smi,CC(C)C[C@H](NC(=O)OCc1ccc2ccccc2c1)C(=O)N[C@@H](C[C@@H]1CCNC1=O)[C@H](O)S(=O)(=O)O,resolved
Q5C,Cc1ccncc1NC(=O)CNC(=O)Cc2cccnc2,Components-smiles-stereo-oe.smi,Cc1ccncc1NC(=O)CNC(=O)Cc1cccnc1,resolved
Q5K,c1ccc(c(c1)NC(=O)[C@H](c2cccnc2)O)NS(=O)(=O)c3ccc(cc3)F,Components-smiles-stereo-oe.smi,O=C(Nc1ccccc1NS(=O)(=O)c1ccc(F)cc1)[C@@H](O)c1cccnc1,resolved
Q5R,c1ccc(cc1)N2CCN(CC2)C(=O)C3=CC(=O)Nc4c3cccc4,Components-smiles-stereo-oe.smi,O=C(c1cc(=O)[nH]c2ccccc12)N1CCN(c2ccccc2)CC1,resolved
Q5T,CC[C@@H](C(=O)N[C@H](C(=O)N[C@@H](CC(C)C)C(=O)N[C@@H](CCC(=O)N)CCS(=O)(=O)C)C(C)(C)C)NC(=O)CCOCCOCCOCCOCCNC(=O)CCCC[C@@H]1[C@@H]2[C@H](C=S1)NC(=O)N2,Components-smiles-stereo-oe.smi,CC[C@H](NC(=O)CCOCCOCCOCCOCCNC(=O)CCCC[C@H]1[SH]=C[C@@H]2NC(=O)N[C@@H]21)C(=O)N[C@H](C(=O)N[C@@H](CC(C)C)C(=O)N[C@@H](CCC(N)=O)CCS(C)(=O)=O)C(C)(C)C,resolved
Q60,Cn1cc(nn1)CNC(=O)N(CCc2ccccc2)Cc3cccnc3,Components-smiles-stereo-oe.smi,Cn1cc(CNC(=O)N(CCc2ccccc2)Cc2cccnc2)nn1,resolved
Q69,CC(=O)N[C@@H](CO)c1cccc(c1)Cl,Components-smiles-stereo-oe.smi,CC(=O)N[C@@H](CO)c1cccc(Cl)c1,resolved
Q6T,c1cc(c2c(c1)OCO2)C(=O)O,Components-smiles-stereo-oe.smi,O=C(O)c1cccc2c1OCO2,resolved
Q6U,CC(=O)N1CCN(CC1)CC#C,Components-smiles-stereo-oe.smi,C#CCN1CCN(C(C)=O)CC1,resolved
Q7C,CC(=O)N(CCC(=O)N)[C@H]1CCS(=O)(=O)C1,Components-smiles-stereo-oe.smi,CC(=O)N(CCC(N)=O)[C@H]1CCS(=O)(=O)C1,resolved
Q7R,CC(=O)N1CCN(CC1)C(c2ccccc2)c3ccccc3,Components-smiles-stereo-oe.smi,CC(=O)N1CCN(C(c2ccccc2)c2ccccc2)CC1,resolved
Q82,c1ccc(cc1)C[C@@H]2[C@@H]([C@H]([C@H](N(C(=NC#N)N2Cc3ccc(cc3)CO)Cc4ccc(cc4)CO)Cc5ccccc5)O)O,Components-smiles-stereo-oe.smi,N#CN=C1N(Cc2ccc(CO)cc2)[C@H](Cc2ccccc2)[C@H](O)[C@@H](O)[C@@H](Cc2ccccc2)N1Cc1ccc(CO)cc1,resolved
Q83,c1cc2c(cc1[N+](=O)[O-])N(CC2)C(=O)CCCCCC(=O)O,Components-smiles-stereo-oe.smi,O=C(O)CCCCCC(=O)N1CCc2ccc([N+](=O)[O-])cc21,resolved
Q8I,CNCc1c[nH]c2c1cc(cc2)F,Components-smiles-stereo-oe.smi,CNCc1c[nH]c2ccc(F)cc12,resolved
Q8O,Cc1ccncc1NC(=O)Cc2ccc3c(c2)[nH]cn3,Components-smiles-stereo-oe.smi,Cc1ccncc1NC(=O)Cc1ccc2nc[nH]c2c1,resolved
Q99,c1ccc2c(c1)C(=CC(=O)N2)C(=O)NCCOc3cc(cc(c3)Cl)O[C@H]4CC(=O)N4,Components-smiles-stereo-oe.smi,O=C1C[C@H](Oc2cc(Cl)cc(OCCNC(=O)c3cc(=O)[nH]c4ccccc34)c2)N1,resolved
QAG,Cc1cc(cc(c1Oc2c3c(ccs3)nc(n2)Nc4ccc(c(c4)F)C#N)C)/C=C/C#N,Components-smiles-stereo-oe.smi,Cc1cc(/C=C/C#N)cc(C)c1Oc1nc(Nc2ccc(C#N)c(F)c2)nc2ccsc12,resolved
QAO,c1cc(cc(c1)F)CCNC(=O)[C@@H](c2cccnc2)N(c3ccc(cc3)S(F)(F)(F)(F)F)C(=O)C(Cl)Cl,Components-smiles-stereo-oe.smi,O=C(NCCc1cccc(F)c1)[C@@H](c1cccnc1)N(C(=O)C(Cl)Cl)c1ccc(S(F)(F)(F)(F)F)cc1,resolved
QBR,CC(C)(C)c1ccc(cc1)N([C@H](c2cccnc2)C(=O)NCCc3cccc(c3)F)C(=O)c4ccco4,Components-smiles-stereo-oe.smi,CC(C)(C)c1ccc(N(C(=O)c2ccco2)[C@@H](C(=O)NCCc2cccc(F)c2)c2cccnc2)cc1,resolved
QC3,c1ccc2c(c1)cncc2N3CC[C@H](C3=O)c4cccc(c4)Cl,Components-smiles-stereo-oe.smi,O=C1[C@H](c2cccc(Cl)c2)CCN1c1cncc2ccccc12,resolved
QCC,Cc1ccncc1NC(=O)Cc2cc(cc(c2)Cl)O[C@H]3CC(=O)N3,Components-smiles-stereo-oe.smi,Cc1ccncc1NC(=O)Cc1cc(Cl)cc(O[C@H]2CC(=O)N2)c1,resolved
QCG,Cc1c(cc(c2c1CCCO2)F)c3c(c(nc4n3nc(c4)c5ccccc5)C)[C@@H](C(=O)O)OC(C)(C)C,Components-smiles-stereo-oe.smi,Cc1nc2cc(-c3ccccc3)nn2c(-c2cc(F)c3c(c2C)CCCO3)c1[C@H](OC(C)(C)C)C(=O)O,resolved
QCH,CN(Cc1ccccc1C(=O)NCC2CCCCC2)Cc3ccc4c(c3C(=O)O)OC[C@@H](O4)CCC(=O)O,Components-smiles-stereo-oe.smi,CN(Cc1ccccc1C(=O)NCC1CCCCC1)Cc1ccc2c(c1C(=O)O)OC[C@H](CCC(=O)O)O2,resolved
QCO,CC(C)Oc1ccc(cc1)N([C@H](c2cccnc2)C(=O)NCCc3cccc(c3)F)C(=O)c4c[nH]cn4,Components-smiles-stereo-oe.smi,CC(C)Oc1ccc(N(C(=O)c2c[nH]cn2)[C@@H](C(=O)NCCc2cccc(F)c2)c2cccnc2)cc1,resolved
QCP,CC(C)[C@@H](c1ccccc1)C(=O)Nc2ccc(cc2)C(=O)NO,Components-smiles-stereo-oe.smi,CC(C)[C@H](C(=O)Nc1ccc(C(=O)NO)cc1)c1ccccc1,resolved
QD4,c1ccc2c(c1)cncc2NC(=O)[C@@H]3CCN(c4c3cc(cc4)Cl)C(=O)N,Components-smiles-stereo-oe.smi,NC(=O)N1CC[C@@H](C(=O)Nc2cncc3ccccc23)c2cc(Cl)ccc21,resolved
QD6,Cc1cc2c(c(c(nc2n1Cc3cnn(c3)C)C)[C@@H](C(=O)O)OC(C)(C)C)c4ccc(cc4)Cl,Components-smiles-stereo-oe.smi,Cc1nc2c(cc(C)n2Cc2cnn(C)c2)c(-c2ccc(Cl)cc2)c1[C@H](OC(C)(C)C)C(=O)O,resolved
QD9,CN(C)c1ccc(nc1)N(Cc2cccc(c2)Cl)C(=O)Cc3cncc4c3cccc4,Components-smiles-stereo-oe.smi,CN(C)c1ccc(N(Cc2cccc(Cl)c2)C(=O)Cc2cncc3ccccc23)nc1,resolved
QDF,c1ccc2c(c1)cncc2NC(=O)[C@@H]3CC(=O)Nc4c3cc(cc4)Cl,Components-smiles-stereo-oe.smi,O=C1C[C@@H](C(=O)Nc2cncc3ccccc23)c2cc(Cl)ccc2N1,resolved
QDU,c1ccc2c(c1)cncc2NC(=O)Cc3cc(ccc3F)F,Components-smiles-stereo-oe.smi,O=C(Cc1cc(F)ccc1F)Nc1cncc2ccccc12,resolved
QE3,c1ccc2c(c1)cncc2NC(=O)Cc3ccc(cn3)Cl,Components-smiles-stereo-oe.smi,O=C(Cc1ccc(Cl)cn1)Nc1cncc2ccccc12,resolved
QEL,C[C@@H](C(c1ccc(cc1)O)O)N2CCC(CC2)Cc3ccccc3,Components-smiles-stereo-oe.smi,C[C@@H](C(O)c1ccc(O)cc1)N1CCC(Cc2ccccc2)CC1,resolved
QER,c1ccc2c(c1)cncc2NC(=O)Cc3cccc(c3)F,Components-smiles-stereo-oe.smi,O=C(Cc1cccc(F)c1)Nc1cncc2ccccc12,resolved
QEX,Cc1cccc(c1)CC(=O)Nc2cncc3c2cccc3,Components-smiles-stereo-oe.smi,Cc1cccc(CC(=O)Nc2cncc3ccccc23)c1,resolved
QF5,c1ccc(cc1)CC(=O)Nc2cncc3c2cccc3,Components-smiles-stereo-oe.smi,O=C(Cc1ccccc1)Nc1cncc2ccccc12,resolved
QF9,c1ccc2c(c1)cncc2NC(=O)Cc3cc(cc(c3)Cl)C#N,Components-smiles-stereo-oe.smi,N#Cc1cc(Cl)cc(CC(=O)Nc2cncc3ccccc23)c1,resolved
QFI,CC(C)C[N@@](C[C@H]([C@H](Cc1ccc(cc1)OCP(=O)(O)O)NC(=O)O[C@H]2CO[C@@H]3[C@H]2CCO3)O)S(=O)(=O)c4ccc(cc4)OC,Components-smiles-stereo-oe.smi,COc1ccc(S(=O)(=O)N(CC(C)C)C[C@@H](O)[C@H](Cc2ccc(OCP(=O)(O)O)cc2)NC(=O)O[C@H]2CO[C@H]3OCC[C@H]32)cc1,resolved
QFL,c1ccc2c(c1)cncc2NC(=O)Cc3ccc(cc3)F,Components-smiles-stereo-oe.smi,O=C(Cc1ccc(F)cc1)Nc1cncc2ccccc12,resolved
QFU,c1ccc2c(c1)cncc2NC(=O)Cc3cccc(c3)C#N,Components-smiles-stereo-oe.smi,N#Cc1cccc(CC(=O)Nc2cncc3ccccc23)c1,resolved
QG3,c1ccc2c(c1)cncc2NC(=O)Cc3cc(cc(c3)F)F,Components-smiles-stereo-oe.smi,O=C(Cc1cc(F)cc(F)c1)Nc1cncc2ccccc12,resolved
QGC,c1ccc2c(c1)cncc2NC(=O)[C@@H]3CCN(c4c3cc(cc4)Cl)Cc5[nH]cnn5,Components-smiles-stereo-oe.smi,O=C(Nc1cncc2ccccc12)[C@@H]1CCN(Cc2nnc[nH]2)c2ccc(Cl)cc21,resolved
QGO,CN(C)C(=O)C[C@]1(CCOc2c1cc(cc2)Cl)C(=O)Nc3cncc4c3cccc4,Components-smiles-stereo-oe.smi,CN(C)C(=O)C[C@@]1(C(=O)Nc2cncc3ccccc23)CCOc2ccc(Cl)cc21,resolved
QGX,c1ccc2c(c1)cncc2NC(=O)[C@@H](c3ccc(c(c3)Cl)Cl)N,Components-smiles-stereo-oe.smi,N[C@@H](C(=O)Nc1cncc2ccccc12)c1ccc(Cl)c(Cl)c1,resolved
QH0,CC(C)C[C@@H](C(=O)N[C@H](CC[N+](=O)[O-])C[C@H]1CCNC1=O)NC(=O)OCc2ccccc2,Components-smiles-stereo-oe.smi,CC(C)C[C@H](NC(=O)OCc1ccccc1)C(=O)N[C@H](CC[N+](=O)[O-])C[C@H]1CCNC1=O,resolved
QH6,c1ccc2c(c1)cncc2NC(=O)Cc3ccc(c(c3)Cl)F,Components-smiles-stereo-oe.smi,O=C(Cc1ccc(F)c(Cl)c1)Nc1cncc2ccccc12,resolved
QHA,CC(C)CN(C[C@H]([C@H](Cc1ccccc1)NC(=O)O[C@H]2CO[C@@H]3[C@H]2[C@H](CO3)OCC(=C)F)O)S(=O)(=O)c4ccc5c(c4)oc(n5)NC,Components-smiles-stereo-oe.smi,C=C(F)CO[C@H]1CO[C@@H]2OC[C@H](OC(=O)N[C@@H](Cc3ccccc3)[C@H](O)CN(CC(C)C)S(=O)(=O)c3ccc4nc(NC)oc4c3)[C@@H]21,resolved
QHI,c1ccc2c(c1)cncc2NC(=O)[C@@H]3CCOc4c3cc(cc4Cl)Cl,Components-smiles-stereo-oe.smi,O=C(Nc1cncc2ccccc12)[C@@H]1CCOc2c(Cl)cc(Cl)cc21,resolved
QHU,c1ccc2c(c1)cncc2NC(=O)[C@@H]3CCOc4c3cc(c(c4)Cl)Cl,Components-smiles-stereo-oe.smi,O=C(Nc1cncc2ccccc12)[C@@H]1CCOc2cc(Cl)c(Cl)cc21,resolved
QI4,C[C@@H](c1ccc(c(c1)Cl)Cl)C(=O)Nc2cncc3c2cccc3,Components-smiles-stereo-oe.smi,C[C@H](C(=O)Nc1cncc2ccccc12)c1ccc(Cl)c(Cl)c1,resolved
QI7,c1ccc2c(c1)cncc2NC(=O)[C@@H]3CCN(c4c3cc(cc4)Cl)Cc5[nH]ccn5,Components-smiles-stereo-oe.smi,O=C(Nc1cncc2ccccc12)[C@@H]1CCN(Cc2ncc[nH]2)c2ccc(Cl)cc21,resolved
QIB,c1ccc2c(c1)cncc2NC(=O)[C@@]3(CCOc4c3cc(cc4)Cl)O,Components-smiles-stereo-oe.smi,O=C(Nc1cncc2ccccc12)[C@]1(O)CCOc2ccc(Cl)cc21,resolved
QID,c1ccc(cc1)S(=O)(=O)c2ccc3c(c2)C(=O)N(C(=O)N3)O,Components-smiles-stereo-oe.smi,O=c1[nH]c2ccc(S(=O)(=O)c3ccccc3)cc2c(=O)n1O,resolved
QIM,CS(=O)(=O)c1ccc2cncc(c2c1)NC(=O)[C@@H]3CCOc4c3cc(cc4)Cl,Components-smiles-stereo-oe.smi,CS(=O)(=O)c1ccc2cncc(NC(=O)[C@@H]3CCOc4ccc(Cl)cc43)c2c1,resolved
QIO,c1cc2c(cc1F)[nH]c3c2c(ncn3)N4CCC[C@H](C4)[C@H](C(=O)O)O,Components-smiles-stereo-oe.smi,O=C(O)[C@H](O)[C@@H]1CCCN(c2ncnc3[nH]c4cc(F)ccc4c23)C1,resolved
QIQ,c1ccc2c(c1)cncc2NC(=O)Cc3cc(cnc3)Cl,Components-smiles-stereo-oe.smi,O=C(Cc1cncc(Cl)c1)Nc1cncc2ccccc12,resolved
QIR,c1cc2c(cc1F)[nH]c3c2c(ncn3)N4CCC[C@H](C4)[C@@H](C(=O)O)O,Components-smiles-stereo-oe.smi,O=C(O)[C@@H](O)[C@@H]1CCCN(c2ncnc3[nH]c4cc(F)ccc4c23)C1,resolved
QIT,CN[C@@H](c1ccc(c(c1)Cl)Cl)C(=O)Nc2cncc3c2cccc3,Components-smiles-stereo-oe.smi,CN[C@H](C(=O)Nc1cncc2ccccc12)c1ccc(Cl)c(Cl)c1,resolved
QIW,CCc1c[nH]c2c1cc(cn2)c3c(c(nn3C)C)C(=O)O,Components-smiles-stereo-oe.smi,CCc1c[nH]c2ncc(-c3c(C(=O)O)c(C)nn3C)cc12,resolved
QIZ,c1ccc2c(c1)cncc2NC(=O)[C@@H]3CCOc4c3cc(c(c4)F)Cl,Components-smiles-stereo-oe.smi,O=C(Nc1cncc2ccccc12)[C@@H]1CCOc2cc(F)c(Cl)cc21,resolved
QJ0,c1c(cnc2c1c(c[nH]2)C(=O)CSc3[nH]nnn3)Br,Components-smiles-stereo-oe.smi,O=C(CSc1nnn[nH]1)c1c[nH]c2ncc(Br)cc12,resolved
QJ6,CO[C@H](c1ccc(c(c1)Cl)Cl)C(=O)Nc2cncc3c2cccc3,Components-smiles-stereo-oe.smi,CO[C@@H](C(=O)Nc1cncc2ccccc12)c1ccc(Cl)c(Cl)c1,resolved
QJC,C1CN(C[C@]1(CF)C(=O)O)C(=O)C2=CC(=O)NN=C2,Components-smiles-stereo-oe.smi,O=C(c1cn[nH]c(=O)c1)N1CC[C@@](CF)(C(=O)O)C1,resolved
QJF,COc1ccc2cncc(c2c1)NC(=O)[C@@H]3CCOc4c3cc(cc4)Cl,Components-smiles-stereo-oe.smi,COc1ccc2cncc(NC(=O)[C@@H]3CCOc4ccc(Cl)cc43)c2c1,resolved
QJG,C[C@H]1C[C@H](N1C(=O)c2cc(nc3c2cc(cc3)F)O)C(=O)O,Components-smiles-stereo-oe.smi,C[C@H]1C[C@@H](C(=O)O)N1C(=O)c1cc(O)nc2ccc(F)cc12,resolved
QJL,CN(C)CC(=O)NC[C@]1(CCOc2c1cc(cc2)Cl)C(=O)Nc3cncc4c3cccc4,Components-smiles-stereo-oe.smi,CN(C)CC(=O)NC[C@@]1(C(=O)Nc2cncc3ccccc23)CCOc2ccc(Cl)cc21,resolved
QJO,c1c(cnc(n1)N)S(=O)(=O)N2CC(C[C@H]2C(=O)O)(F)F,Components-smiles-stereo-oe.smi,Nc1ncc(S(=O)(=O)N2CC(F)(F)C[C@H]2C(=O)O)cn1,resolved
QJR,c1cc(c(cc1CC(=O)Nc2cncc3c2ccnc3)Cl)Cl,Components-smiles-stereo-oe.smi,O=C(Cc1ccc(Cl)c(Cl)c1)Nc1cncc2cnccc12,resolved
QJU,Cc1nc(on1)C[C@H]2CCCN(C2)c3c4c5ccc(cc5[nH]c4ncn3)F,Components-smiles-stereo-oe.smi,Cc1noc(C[C@H]2CCCN(c3ncnc4[nH]c5cc(F)ccc5c34)C2)n1,resolved
QJY,CC(C)CN(C[C@H]([C@H](Cc1cc(cc(c1)F)F)NC(=O)O[C@H]2CCO[C@@H]3[C@H]2CCO3)O)S(=O)(=O)c4ccc5c(c4)sc(n5)NC(C)C,Components-smiles-stereo-oe.smi,CC(C)CN(C[C@@H](O)[C@H](Cc1cc(F)cc(F)c1)NC(=O)O[C@H]1CCO[C@H]2OCC[C@H]21)S(=O)(=O)c1ccc2nc(NC(C)C)sc2c1,resolved
QK1,CC(C)CN(C[C@H]([C@H](Cc1ccc(cc1)F)NC(=O)O[C@H]2CCO[C@@H]3[C@H]2CCO3)O)S(=O)(=O)c4ccc5c(c4)sc(n5)NC(C)C,Components-smiles-stereo-oe.smi,CC(C)CN(C[C@@H](O)[C@H](Cc1ccc(F)cc1)NC(=O)O[C@H]1CCO[C@H]2OCC[C@H]21)S(=O)(=O)c1ccc2nc(NC(C)C)sc2c1,resolved
QK3,c1ccc2c(c1)cncc2NC(=O)[C@@]3(CCOc4c3cc(cc4)Cl)CNC(=O)Cn5ccnc5,Components-smiles-stereo-oe.smi,O=C(Cn1ccnc1)NC[C@@]1(C(=O)Nc2cncc3ccccc23)CCOc2ccc(Cl)cc21,resolved
QK6,c1cc2c(cc1F)[nH]c3c2c(ncn3)N4CCO[C@@H](C4)CC(=O)O,Components-smiles-stereo-oe.smi,O=C(O)C[C@@H]1CN(c2ncnc3[nH]c4cc(F)ccc4c23)CCO1,resolved
QKB,c1cc2cncc(c2cc1F)NC(=O)[C@@H]3CCOc4c3cc(cc4)Cl,Components-smiles-stereo-oe.smi,O=C(Nc1cncc2ccc(F)cc12)[C@@H]1CCOc2ccc(Cl)cc21,resolved
QKC,CS(=O)(=O)[C@@H]1CCCN(C1)c2c3c4ccc(cc4[nH]c3ncn2)F,Components-smiles-stereo-oe.smi,CS(=O)(=O)[C@@H]1CCCN(c2ncnc3[nH]c4cc(F)ccc4c23)C1,resolved
QKI,c1ccc2c(c1)cncc2NC(=O)[C@H](c3ccc(c(c3)Cl)Cl)O,Components-smiles-stereo-oe.smi,O=C(Nc1cncc2ccccc12)[C@@H](O)c1ccc(Cl)c(Cl)c1,resolved
QKL,c1ccc2c(c1)C[C@@H]([C@H]2NC(=O)c3ccc(cc3)NC(=O)NC4CC4)C(=O)O,Components-smiles-stereo-oe.smi,O=C(Nc1ccc(C(=O)N[C@H]2c3ccccc3C[C@@H]2C(=O)O)cc1)NC1CC1,resolved
QKR,c1ccc2c(c1)cncc2NC(=O)C(c3ccc(c(c3)Cl)Cl)(F)F,Components-smiles-stereo-oe.smi,O=C(Nc1cncc2ccccc12)C(F)(F)c1ccc(Cl)c(Cl)c1,resolved
QKX,c1ccc2c(c1)C[C@@H]([C@@H]2NC(=O)c3ccc(cc3)NC(=O)NC4CC4)C(=O)O,Components-smiles-stereo-oe.smi,O=C(Nc1ccc(C(=O)N[C@@H]2c3ccccc3C[C@@H]2C(=O)O)cc1)NC1CC1,resolved
QL3,CC(=O)Nc1ccc(cn1)N(Cc2cccc(c2)Cl)C(=O)Cc3cncc4c3cccc4,Components-smiles-stereo-oe.smi,CC(=O)Nc1ccc(N(Cc2cccc(Cl)c2)C(=O)Cc2cncc3ccccc23)cn1,resolved
QL6,c1ccc2c(c1)c(c([nH]2)C(=O)O)CNC(=O)c3ccc(cc3)NC(=O)NC4CC4,Components-smiles-stereo-oe.smi,O=C(Nc1ccc(C(=O)NCc2c(C(=O)O)[nH]c3ccccc23)cc1)NC1CC1,resolved
QLC,COCCO[C@H](c1ccc(c(c1)Cl)Cl)C(=O)Nc2cncc3c2cccc3,Components-smiles-stereo-oe.smi,COCCO[C@@H](C(=O)Nc1cncc2ccccc12)c1ccc(Cl)c(Cl)c1,resolved
QLF,c1cc2c(c(c1)O)C[C@@H]([C@@H]2NC(=O)c3cc4c(nc3)NCCC4)C(=O)O,Components-smiles-stereo-oe.smi,O=C(N[C@@H]1c2cccc(O)c2C[C@@H]1C(=O)O)c1cnc2c(c1)CCCN2,resolved
QLO,CNC(=O)C[C@]1(CCOc2c1cc(cc2)Cl)C(=O)Nc3cncc4c3cccc4,Components-smiles-stereo-oe.smi,CNC(=O)C[C@@]1(C(=O)Nc2cncc3ccccc23)CCOc2ccc(Cl)cc21,resolved
QLU,c1cc2c(c(c1)O)C[C@H]([C@H]2NC(=O)c3cc4c(nc3)NCCC4)C(=O)O,Components-smiles-stereo-oe.smi,O=C(N[C@H]1c2cccc(O)c2C[C@H]1C(=O)O)c1cnc2c(c1)CCCN2,resolved
QM3,c1ccc2c(c1)cncc2N3C(=O)C[C@@]4(C3=O)CCOc5c4cc(cc5)Cl,Components-smiles-stereo-oe.smi,O=C1C[C@]2(CCOc3ccc(Cl)cc32)C(=O)N1c1cncc2ccccc12,resolved
QM6,c1ccc2c(c1)c(c(o2)C(=O)O)CNC(=O)c3ccc(cc3)NC(=O)NC4CC4,Components-smiles-stereo-oe.smi,O=C(Nc1ccc(C(=O)NCc2c(C(=O)O)oc3ccccc23)cc1)NC1CC1,resolved
QM8,C(CCS)C[C@@H](C(=O)O)N,Components-smiles-stereo-oe.smi,N[C@@H](CCCCS)C(=O)O,resolved
QM9,c1ccc2c(c1)cncc2NC(=O)[C@@]3(CCOc4c3cc(cc4)Cl)N,Components-smiles-stereo-oe.smi,N[C@@]1(C(=O)Nc2cncc3ccccc23)CCOc2ccc(Cl)cc21,resolved
QMF,c1ccc2c(c1)c(c(s2)C(=O)O)CNC(=O)c3ccc(cc3)NC(=O)NC4CC4,Components-smiles-stereo-oe.smi,O=C(Nc1ccc(C(=O)NCc2c(C(=O)O)sc3ccccc23)cc1)NC1CC1,resolved
QML,CCC(=O)N(c1cncc2c1cccc2)C(=O)[C@@H]3COc4c3cc(cc4)Cl,Components-smiles-stereo-oe.smi,CCC(=O)N(C(=O)[C@@H]1COc2ccc(Cl)cc21)c1cncc2ccccc12,resolved
QMO,CC(C)NC(=O)Nc1ccc(cc1)C(=O)N[C@H]2c3cccc(c3C[C@H]2C(=O)O)O,Components-smiles-stereo-oe.smi,CC(C)NC(=O)Nc1ccc(C(=O)N[C@H]2c3cccc(O)c3C[C@H]2C(=O)O)cc1,resolved
QMX,Cn1ccc(n1)CNC[C@]2(CCOc3c2cc(cc3)Cl)C(=O)Nc4cncc5c4cccc5,Components-smiles-stereo-oe.smi,Cn1ccc(CNC[C@@]2(C(=O)Nc3cncc4ccccc34)CCOc3ccc(Cl)cc32)n1,resolved
QN0,CC(C)NC(=O)Nc1ccc(cc1)C(=O)N[C@@H]2c3cccc(c3C[C@@H]2C(=O)O)O,Components-smiles-stereo-oe.smi,CC(C)NC(=O)Nc1ccc(C(=O)N[C@@H]2c3cccc(O)c3C[C@@H]2C(=O)O)cc1,resolved
QN1,c1cc(ccc1CN([C@H]2CNC[C@@H]2N(Cc3ccc(cc3)C(F)(F)F)S(=O)(=O)c4ccc(cc4)C(=O)N)S(=O)(=O)c5ccc(cc5)C(=O)N)C(F)(F)F,Components-smiles-stereo-oe.smi,NC(=O)c1ccc(S(=O)(=O)N(Cc2ccc(C(F)(F)F)cc2)[C@H]2CNC[C@@H]2N(Cc2ccc(C(F)(F)F)cc2)S(=O)(=O)c2ccc(C(N)=O)cc2)cc1,resolved
QN2,c1ccc(cc1)S(=O)(=O)N(Cc2ccc(cc2)I)[C@H]3CNC[C@@H]3N(Cc4ccc(cc4)I)S(=O)(=O)c5ccccc5,Components-smiles-stereo-oe.smi,O=S(=O)(c1ccccc1)N(Cc1ccc(I)cc1)[C@H]1CNC[C@@H]1N(Cc1ccc(I)cc1)S(=O)(=O)c1ccccc1,resolved
QN3,c1ccc(cc1)CN([C@H]2CNC[C@@H]2N(Cc3ccccc3)S(=O)(=O)c4ccccc4Cl)S(=O)(=O)c5ccccc5Cl,Components-smiles-stereo-oe.smi,O=S(=O)(c1ccccc1Cl)N(Cc1ccccc1)[C@H]1CNC[C@@H]1N(Cc1ccccc1)S(=O)(=O)c1ccccc1Cl,resolved
QN9,c1ccc2c(c1)cncc2NC(=O)[C@@]3(CCOc4c3cc(cc4)Cl)CC(=O)N5CCN(CC5)CCCO,Components-smiles-stereo-oe.smi,O=C(C[C@@]1(C(=O)Nc2cncc3ccccc23)CCOc2ccc(Cl)cc21)N1CCN(CCCO)CC1,resolved
QNF,c1cc2c(c(c1)O)C[C@H]([C@H]2NC(=O)c3ccc4c(c3)OCC(=O)N4)C(=O)O,Components-smiles-stereo-oe.smi,O=C1COc2cc(C(=O)N[C@H]3c4cccc(O)c4C[C@H]3C(=O)O)ccc2N1,resolved
QNG,CC(C)(C#Cc1ccc(c(n1)[C@H](Cc2cc(cc(c2)F)F)NC(=O)Cn3c4c(c(n3)C(F)(F)F)[C@H]5C[C@H]5C4(F)F)c6ccc(c7c6n(nc7NS(=O)(=O)C)CC(F)(F)F)Cl)S(=O)(=O)C,Components-smiles-stereo-oe.smi,CC(C)(C#Cc1ccc(-c2ccc(Cl)c3c(NS(C)(=O)=O)nn(CC(F)(F)F)c23)c([C@H](Cc2cc(F)cc(F)c2)NC(=O)Cn2nc(C(F)(F)F)c3c2C(F)(F)[C@@H]2C[C@H]32)n1)S(C)(=O)=O,resolved
QNU,c1ccc2c(c1)cncc2NC(=O)[C@@H]3CNCc4c3cc(cc4)Cl,Components-smiles-stereo-oe.smi,O=C(Nc1cncc2ccccc12)[C@@H]1CNCc2ccc(Cl)cc21,resolved
QNV,c1cc2c(c(c1)O)C[C@@H]([C@@H]2NC(=O)c3ccc4c(c3)OCC(=O)N4)C(=O)O,Components-smiles-stereo-oe.smi,O=C1COc2cc(C(=O)N[C@@H]3c4cccc(O)c4C[C@@H]3C(=O)O)ccc2N1,resolved
QO0,CO[C@]1(CCOc2c1cc(c(c2)Cl)Cl)C(=O)Nc3cncc4c3cccc4,Components-smiles-stereo-oe.smi,CO[C@@]1(C(=O)Nc2cncc3ccccc23)CCOc2cc(Cl)c(Cl)cc21,resolved
QO3,c1cc2c(c(c1)O)C[C@H]([C@H]2NC(=O)c3ccc(nc3)NCC4CC4)C(=O)O,Components-smiles-stereo-oe.smi,O=C(N[C@H]1c2cccc(O)c2C[C@H]1C(=O)O)c1ccc(NCC2CC2)nc1,resolved
QO6,CC(=O)Nc1ccc2c(c1)CCC2,Components-smiles-stereo-oe.smi,CC(=O)Nc1ccc2c(c1)CCC2,resolved
QO9,CC1=CN(C(=O)NC1=O)[C@H]2[C@@H]([C@]3([C@H](O2)CO[Si](C)(C)C(C)(C)C)C(=CS(=O)(=O)O3)N)O[Si](C)(C)C(C)(C)C,Components-smiles-stereo-oe.smi,Cc1cn([C@@H]2O[C@H](CO[Si](C)(C)C(C)(C)C)[C@@]3(OS(=O)(=O)C=C3N)[C@H]2O[Si](C)(C)C(C)(C)C)c(=O)[nH]c1=O,resolved
QOC,c1ccc2c(c1)cncc2N3CCC[C@@H](C3=O)c4ccc(c(c4)Cl)Cl,Components-smiles-stereo-oe.smi,O=C1[C@@H](c2ccc(Cl)c(Cl)c2)CCCN1c1cncc2ccccc12,resolved
QOF,c1cc2c(c(c1)O)C[C@@H]([C@@H]2NC(=O)c3ccc(nc3)NCC4CC4)C(=O)O,Components-smiles-stereo-oe.smi,O=C(N[C@@H]1c2cccc(O)c2C[C@@H]1C(=O)O)c1ccc(NCC2CC2)nc1,resolved
QOJ,c1ccc2c(c1)c(c3c([n+]2CCCCCCCCCC[n+]4c5ccccc5c(c6c4CCC6)N)CCC3)N,Components-smiles-stereo-oe.smi,Nc1c2c([n+](CCCCCCCCCC[n+]3c4c(c(N)c5ccccc53)CCC4)c3ccccc13)CCC2,resolved
QOO,CCS(=O)(=O)N1CCN(CC1)c2cc(cc(c2)Cl)CC(=O)Nc3cncc4c3cccc4,Components-smiles-stereo-oe.smi,CCS(=O)(=O)N1CCN(c2cc(Cl)cc(CC(=O)Nc3cncc4ccccc34)c2)CC1,resolved
QOR,c1cc2c(c(c1)O)C[C@H]([C@H]2NC(=O)c3cnc(cn3)NC4CCOCC4)C(=O)O,Components-smiles-stereo-oe.smi,O=C(N[C@H]1c2cccc(O)c2C[C@H]1C(=O)O)c1cnc(NC2CCOCC2)cn1,resolved
QOU,COCC[C@]1(CCNc2c1cc(cc2)Cl)C(=O)Nc3cncc4c3cccc4,Components-smiles-stereo-oe.smi,COCC[C@@]1(C(=O)Nc2cncc3ccccc23)CCNc2ccc(Cl)cc21,resolved
QP0,C[C@H]1COc2ccc(cc2[C@@H]1C(=O)Nc3cncc4c3cccc4)Cl,Components-smiles-stereo-oe.smi,C[C@H]1COc2ccc(Cl)cc2[C@@H]1C(=O)Nc1cncc2ccccc12,resolved
QP6,CO[C@]1(CCOc2c1cc(cc2F)F)C(=O)Nc3cncc4c3cccc4,Components-smiles-stereo-oe.smi,CO[C@@]1(C(=O)Nc2cncc3ccccc23)CCOc2c(F)cc(F)cc21,resolved
QP9,c1cc2c(c(c1)O)C[C@@H]([C@@H]2NC(=O)c3cnc(cn3)NC4CCOCC4)C(=O)O,Components-smiles-stereo-oe.smi,O=C(N[C@@H]1c2cccc(O)c2C[C@@H]1C(=O)O)c1cnc(NC2CCOCC2)cn1,resolved
QPL,c1cc2c(c(c1)O)C[C@H]([C@H]2NC(=O)c3ccc4c(c3)nc([nH]4)CO)C(=O)O,Components-smiles-stereo-oe.smi,O=C(N[C@H]1c2cccc(O)c2C[C@H]1C(=O)O)c1ccc2[nH]c(CO)nc2c1,resolved
QPQ,CO[C@]1(CCOc2c1cc(c(c2)F)Cl)C(=O)Nc3cncc4c3cccc4,Components-smiles-stereo-oe.smi,CO[C@@]1(C(=O)Nc2cncc3ccccc23)CCOc2cc(F)c(Cl)cc21,resolved
QPX,c1cc2c(c(c1)O)C[C@@H]([C@@H]2NC(=O)c3ccc4c(c3)nc([nH]4)CO)C(=O)O,Components-smiles-stereo-oe.smi,O=C(N[C@@H]1c2cccc(O)c2C[C@@H]1C(=O)O)c1ccc2[nH]c(CO)nc2c1,resolved
QQ6,c1ccc2c(c1)cncc2NC(=O)[C@@H]3CCSc4c3cc(cc4)Cl,Components-smiles-stereo-oe.smi,O=C(Nc1cncc2ccccc12)[C@@H]1CCSc2ccc(Cl)cc21,resolved
QQ9,c1c[nH]c2c1c(ccn2)C(=O)N3CCC[C@H](C3)C(=O)O,Components-smiles-stereo-oe.smi,O=C(O)[C@@H]1CCCN(C(=O)c2ccnc3[nH]ccc23)C1,resolved
QQF,C[C@@](c1ccc(c(c1)Cl)Cl)(C(=O)Nc2cncc3c2cccc3)NC(=O)COC,Components-smiles-stereo-oe.smi,COCC(=O)N[C@@](C)(C(=O)Nc1cncc2ccccc12)c1ccc(Cl)c(Cl)c1,resolved
QQI,c1cc2c(c(c1)O)C[C@H]([C@H]2NC(=O)c3ccc(nc3)NC(=O)NC4CC4)C(=O)O,Components-smiles-stereo-oe.smi,O=C(Nc1ccc(C(=O)N[C@H]2c3cccc(O)c3C[C@H]2C(=O)O)cn1)NC1CC1,resolved
QQL,CC(C)C[C@@H](C(=O)N[C@H](CC[N+](=O)[O-])C[C@@H]1CCNC1=O)NC(=O)c2cc3c([nH]2)cccc3OC,Components-smiles-stereo-oe.smi,COc1cccc2[nH]c(C(=O)N[C@@H](CC(C)C)C(=O)N[C@H](CC[N+](=O)[O-])C[C@@H]3CCNC3=O)cc12,resolved
QQO,CC(C)N1CCO[C@H](C1)C(=O)N[C@](C)(c2ccc(c(c2)Cl)Cl)C(=O)Nc3cncc4c3cccc4,Components-smiles-stereo-oe.smi,CC(C)N1CCO[C@@H](C(=O)N[C@@](C)(C(=O)Nc2cncc3ccccc23)c2ccc(Cl)c(Cl)c2)C1,resolved
QQR,c1cc2c(c(c1)O)C[C@@H]([C@@H]2NC(=O)c3ccc(nc3)NC(=O)NC4CC4)C(=O)O,Components-smiles-stereo-oe.smi,O=C(Nc1ccc(C(=O)N[C@@H]2c3cccc(O)c3C[C@@H]2C(=O)O)cn1)NC1CC1,resolved
QQU,c1ccc2c(c1)cncc2NC(=O)[C@@]3(CCOc4c3cc(cc4)Cl)CC(=O)N5CCCC[C@@H]5c6c[nH]nc6,Components-smiles-stereo-oe.smi,O=C(C[C@@]1(C(=O)Nc2cncc3ccccc23)CCOc2ccc(Cl)cc21)N1CCCC[C@@H]1c1cn[nH]c1,resolved
QR0,c1cc2c(c(c1)O)C[C@@H]([C@@H]2NC(=O)c3ccc(cc3)Nn4ccnc4)C(=O)O,Components-smiles-stereo-oe.smi,O=C(N[C@@H]1c2cccc(O)c2C[C@@H]1C(=O)O)c1ccc(Nn2ccnc2)cc1,resolved
QR5,C[C@@](c1ccc(c(c1)Cl)Cl)(C(=O)Nc2cncc3c2cccc3)NC(=O)CN4CCN(C4=O)C5CC5,Components-smiles-stereo-oe.smi,C[C@](NC(=O)CN1CCN(C2CC2)C1=O)(C(=O)Nc1cncc2ccccc12)c1ccc(Cl)c(Cl)c1,resolved
QR6,c1cc2c(c(c1)O)C[C@@H]([C@@H]2NC(=O)c3ccc(cc3Cl)NC(=O)NC4CC4)C(=O)O,Components-smiles-stereo-oe.smi,O=C(Nc1ccc(C(=O)N[C@@H]2c3cccc(O)c3C[C@@H]2C(=O)O)c(Cl)c1)NC1CC1,resolved
QR9,CC(=O)N1C[C@H]2C[C@@H]1CN2C(=O)C[C@]3(CCOc4c3cc(cc4)Cl)C(=O)Nc5cncc6c5cccc6,Components-smiles-stereo-oe.smi,CC(=O)N1C[C@H]2C[C@@H]1CN2C(=O)C[C@@]1(C(=O)Nc2cncc3ccccc23)CCOc2ccc(Cl)cc21,resolved
QRC,CNC(=O)Nc1ccc(cc1)C(=O)N[C@@H]2c3cccc(c3C[C@@H]2C(=O)O)O,Components-smiles-stereo-oe.smi,CNC(=O)Nc1ccc(C(=O)N[C@@H]2c3cccc(O)c3C[C@@H]2C(=O)O)cc1,resolved
QRF,c1ccc2c(c1)cncc2NC(=O)Cc3cc(cc(c3)Cl)N4CCN(CC4)C(=O)c5ccco5,Components-smiles-stereo-oe.smi,O=C(Cc1cc(Cl)cc(N2CCN(C(=O)c3ccco3)CC2)c1)Nc1cncc2ccccc12,resolved
QRI,CNC(=O)Nc1ccc(cc1)C(=O)N[C@H]2c3cccc(c3C[C@H]2C(=O)O)O,Components-smiles-stereo-oe.smi,CNC(=O)Nc1ccc(C(=O)N[C@H]2c3cccc(O)c3C[C@H]2C(=O)O)cc1,resolved
QRS,C[C@@](c1ccc(c(c1)Cl)Cl)(C(=O)Nc2cncc3c2cccc3)NC(=O)[C@H]4CCN(C4)C,Components-smiles-stereo-oe.smi,CN1CC[C@H](C(=O)N[C@@](C)(C(=O)Nc2cncc3ccccc23)c2ccc(Cl)c(Cl)c2)C1,resolved
QRU,c1cc2c(c(c1)O)C[C@H]([C@H]2NC(=O)c3ccc(cc3)NC(=O)NC4CC4)C(=O)O,Components-smiles-stereo-oe.smi,O=C(Nc1ccc(C(=O)N[C@H]2c3cccc(O)c3C[C@H]2C(=O)O)cc1)NC1CC1,resolved
QS3,CN1C(=O)N(C(=O)[C@@]12CCOc3c2cc(cc3)Cl)c4cncc5c4cccc5,Components-smiles-stereo-oe.smi,CN1C(=O)N(c2cncc3ccccc23)C(=O)[C@@]12CCOc1ccc(Cl)cc12,resolved
QS6,c1c[nH]c2c1c(ncn2)N[C@H]3CC[C@H](C3)O,Components-smiles-stereo-oe.smi,O[C@@H]1CC[C@H](Nc2ncnc3[nH]ccc23)C1,resolved
QSF,C[C@@]1(c2cc(ccc2NC1=O)Cl)C(=O)Nc3cncc4c3cccc4,Components-smiles-stereo-oe.smi,C[C@@]1(C(=O)Nc2cncc3ccccc23)C(=O)Nc2ccc(Cl)cc21,resolved
QSL,c1c[nH]c2c1c(ncn2)NCC3CS(=O)(=O)C3,Components-smiles-stereo-oe.smi,O=S1(=O)CC(CNc2ncnc3[nH]ccc23)C1,resolved
QSX,CN1C[C@@H]2C[C@H]1CN2C(=O)C[C@]3(CCOc4c3cc(cc4)Cl)C(=O)Nc5cncc6c5cccc6,Components-smiles-stereo-oe.smi,CN1C[C@@H]2C[C@H]1CN2C(=O)C[C@@]1(C(=O)Nc2cncc3ccccc23)CCOc2ccc(Cl)cc21,resolved
QT0,c1cc2c(cc1F)[nH]c3c2c(ncn3)N4CCC[C@H](C4)C5=NNC(=O)O5,Components-smiles-stereo-oe.smi,O=c1[nH]nc([C@@H]2CCCN(c3ncnc4[nH]c5cc(F)ccc5c34)C2)o1,resolved
QT3,CN1CCc2ccc(cc2[C@@H]1C(=O)Nc3cncc4c3cccc4)Cl,Components-smiles-stereo-oe.smi,CN1CCc2ccc(Cl)cc2[C@@H]1C(=O)Nc1cncc2ccccc12,resolved
QT6,c1cc2c(cc1F)[nH]c3c2c(ncn3)N4CCC[C@H](C4)CCC(=O)O,Components-smiles-stereo-oe.smi,O=C(O)CC[C@@H]1CCCN(c2ncnc3[nH]c4cc(F)ccc4c23)C1,resolved
QTC,CCc1cc(cc(c1)Cl)CC(=O)Nc2cncc3c2cccc3,Components-smiles-stereo-oe.smi,CCc1cc(Cl)cc(CC(=O)Nc2cncc3ccccc23)c1,resolved
QTF,c1cc2c(cc1F)[nH]c3c2c(ncn3)N4C[C@](C5(C4)CCC5)(C(=O)O)F,Components-smiles-stereo-oe.smi,O=C(O)[C@]1(F)CN(c2ncnc3[nH]c4cc(F)ccc4c23)CC12CCC2,resolved
QTL,c1ccc2c(c1)cncc2NC(=O)[C@H]3c4cc(ccc4CCN3)Cl,Components-smiles-stereo-oe.smi,O=C(Nc1cncc2ccccc12)[C@@H]1NCCc2ccc(Cl)cc21,resolved
QTO,c1ccc(cc1)Nc2cc(ncn2)N3C[C@@](C4(C3)CCC4)(C(=O)O)F,Components-smiles-stereo-oe.smi,O=C(O)[C@@]1(F)CN(c2cc(Nc3ccccc3)ncn2)CC12CCC2,resolved
QU3,CNS(=O)(=O)c1cc(co1)C(=O)N2CCc3c(cnc(n3)N)C2,Components-smiles-stereo-oe.smi,CNS(=O)(=O)c1cc(C(=O)N2CCc3nc(N)ncc3C2)co1,resolved
QU9,c1ccc2c(c1)cncc2NC(=O)[C@@]3(CCOc4c3cc(cc4)Cl)CC(=O)N5CCC[C@@H]5Cn6ccnc6,Components-smiles-stereo-oe.smi,O=C(C[C@@]1(C(=O)Nc2cncc3ccccc23)CCOc2ccc(Cl)cc21)N1CCC[C@@H]1Cn1ccnc1,resolved
QUC,C[C@@H]1[C@H](CCCN1S(=O)(=O)c2c[nH]c3c2cc(cn3)Cl)C(=O)O,Components-smiles-stereo-oe.smi,C[C@@H]1[C@@H](C(=O)O)CCCN1S(=O)(=O)c1c[nH]c2ncc(Cl)cc12,resolved
QUE,c1cc(c(cc1C2=C(C(=O)c3c(cc(cc3O2)O)O)O)O)O,Components-smiles-stereo-oe.smi,O=c1c(O)c(-c2ccc(O)c(O)c2)oc2cc(O)cc(O)c12,resolved
QUQ,CC(=O)N1Cc2ccc(cc2[C@@H](C1)C(=O)Nc3cncc4c3cccc4)Cl,Components-smiles-stereo-oe.smi,CC(=O)N1Cc2ccc(Cl)cc2[C@H](C(=O)Nc2cncc3ccccc23)C1,resolved
QUR,C[C@H]1CN(C[C@@H]1C(=O)O)C(=O)c2cccc3c2OC(=O)N3,Components-smiles-stereo-oe.smi,C[C@H]1CN(C(=O)c2cccc3[nH]c(=O)oc23)C[C@@H]1C(=O)O,resolved
QUW,c1cc(c(cc1F)F)CNC(=O)C2=C(c3cc(cnc3N(C2=O)O)CCCCCO)N,Components-smiles-stereo-oe.smi,Nc1c(C(=O)NCc2ccc(F)cc2F)c(=O)n(O)c2ncc(CCCCCO)cc12,resolved
QV0,c1ccc2c(c1)cncc2N3CCC[C@@]4(C3=O)CCOc5c4cc(cc5)Cl,Components-smiles-stereo-oe.smi,O=C1N(c2cncc3ccccc23)CCC[C@]12CCOc1ccc(Cl)cc12,resolved
QV1,C[C@@H]1CN(C[C@H]1C(=O)O)C(=O)c2cccc3c2OC(=O)N3,Components-smiles-stereo-oe.smi,C[C@@H]1CN(C(=O)c2cccc3[nH]c(=O)oc23)C[C@H]1C(=O)O,resolved
QV9,c1ccc2c(c1)cncc2N3CC[C@@H](C3=O)c4cccc(c4)Cl,Components-smiles-stereo-oe.smi,O=C1[C@@H](c2cccc(Cl)c2)CCN1c1cncc2ccccc12,resolved
QVC,Cc1nc(on1)c2ccnc(c2)c3ccnc4c3cc[nH]4,Components-smiles-stereo-oe.smi,Cc1noc(-c2ccnc(-c3ccnc4[nH]ccc34)c2)n1,resolved
QVG,c1cc2cncc(c2cc1F)NC(=O)[C@@H]3CCOc4c3cc(c(c4)F)Cl,Components-smiles-stereo-oe.smi,O=C(Nc1cncc2ccc(F)cc12)[C@@H]1CCOc2cc(F)c(Cl)cc21,resolved
QVJ,CNC(=O)COC[C@]1(CCOc2c1cc(cc2)Cl)C(=O)Nc3cncc4c3cccc4,Components-smiles-stereo-oe.smi,CNC(=O)COC[C@@]1(C(=O)Nc2cncc3ccccc23)CCOc2ccc(Cl)cc21,resolved
QVL,Cc1c[nH]c2c1cc(cn2)C(=O)N(C)c3[nH]nnn3,Components-smiles-stereo-oe.smi,Cc1c[nH]c2ncc(C(=O)N(C)c3nnn[nH]3)cc12,resolved
QVU,c1cncc2c1c(cnc2)NC(=O)[C@@H]3CCNc4c3cc(c(c4)Cl)Cl,Components-smiles-stereo-oe.smi,O=C(Nc1cncc2cnccc12)[C@@H]1CCNc2cc(Cl)c(Cl)cc21,resolved
QVX,c1cc2c(c(c1)O)C[C@@H]([C@@H]2NC(=O)c3ccc(cc3)Nc4cccnc4)C(=O)O,Components-smiles-stereo-oe.smi,O=C(N[C@@H]1c2cccc(O)c2C[C@@H]1C(=O)O)c1ccc(Nc2cccnc2)cc1,resolved
QW1,c1ccc2c(c1)cncc2NC(=O)[C@@H]3CN(Cc4c3cc(cc4)Cl)C(=O)N,Components-smiles-stereo-oe.smi,NC(=O)N1Cc2ccc(Cl)cc2[C@H](C(=O)Nc2cncc3ccccc23)C1,resolved
QW3,c1cc2c(c(c1)O)C[C@H]([C@H]2NC(=O)c3ccc(cc3O)NC(=O)NC4CC4)C(=O)O,Components-smiles-stereo-oe.smi,O=C(Nc1ccc(C(=O)N[C@H]2c3cccc(O)c3C[C@H]2C(=O)O)c(O)c1)NC1CC1,resolved
QWC,c1cc2c(c(c1)O)C[C@@H]([C@@H]2NC(=O)c3ccc(cc3O)NC(=O)NC4CC4)C(=O)O,Components-smiles-stereo-oe.smi,O=C(Nc1ccc(C(=O)N[C@@H]2c3cccc(O)c3C[C@@H]2C(=O)O)c(O)c1)NC1CC1,resolved
QWL,c1cc2cncc(c2cc1F)NC(=O)[C@@H]3CCNc4c3cc(c(c4)Cl)Cl,Components-smiles-stereo-oe.smi,O=C(Nc1cncc2ccc(F)cc12)[C@@H]1CCNc2cc(Cl)c(Cl)cc21,resolved
QWO,c1cc2c(c(c1)O)C[C@@H]([C@@H]2NC(=O)c3ccc(c4c3scn4)NC(=O)NC5CC5)C(=O)O,Components-smiles-stereo-oe.smi,O=C(Nc1ccc(C(=O)N[C@@H]2c3cccc(O)c3C[C@@H]2C(=O)O)c2scnc12)NC1CC1,resolved
QWU,C[C@]1(CNc2c1cc(cc2)Cl)C(=O)Nc3cncc4c3cccc4,Components-smiles-stereo-oe.smi,C[C@@]1(C(=O)Nc2cncc3ccccc23)CNc2ccc(Cl)cc21,resolved
QWX,c1cc2c(c(c1)O)C[C@H]([C@H]2NC(=O)c3ccc(cc3N)NC(=O)NC4CC4)C(=O)O,Components-smiles-stereo-oe.smi,Nc1cc(NC(=O)NC2CC2)ccc1C(=O)N[C@H]1c2cccc(O)c2C[C@H]1C(=O)O,resolved
QX3,c1cncc(c1C2CC2)NC(=O)[C@@H]3CCNc4c3cc(c(c4)Cl)Cl,Components-smiles-stereo-oe.smi,O=C(Nc1cnccc1C1CC1)[C@@H]1CCNc2cc(Cl)c(Cl)cc21,resolved
QX5,c1cc2c(c(c1)O)C[C@@H]([C@@H]2NC(=O)c3ccc(cc3N)NC(=O)NC4CC4)C(=O)O,Components-smiles-stereo-oe.smi,Nc1cc(NC(=O)NC2CC2)ccc1C(=O)N[C@@H]1c2cccc(O)c2C[C@@H]1C(=O)O,resolved
QX9,Cc1ccc2cncc(c2c1)NC(=O)Cc3cccc(c3)Cl,Components-smiles-stereo-oe.smi,Cc1ccc2cncc(NC(=O)Cc3cccc(Cl)c3)c2c1,resolved
QXC,c1ccnc(c1)CNc2c3cc[nH]c3ncn2,Components-smiles-stereo-oe.smi,c1ccc(CNc2ncnc3[nH]ccc23)nc1,resolved
QXI,C[C@H]1c2nncn2CCN1C(=O)C[C@]3(CCOc4c3cc(cc4)Cl)C(=O)Nc5cncc6c5cccc6,Components-smiles-stereo-oe.smi,C[C@H]1c2nncn2CCN1C(=O)C[C@@]1(C(=O)Nc2cncc3ccccc23)CCOc2ccc(Cl)cc21,resolved
QXL,c1c[nH]c2c1c(ncn2)N[C@@H]3CCCS(=O)(=O)C3,Components-smiles-stereo-oe.smi,O=S1(=O)CCC[C@@H](Nc2ncnc3[nH]ccc23)C1,resolved
QXR,CC(C)(C)Oc1ccncc1NC(=O)Cc2cccc(c2)Cl,Components-smiles-stereo-oe.smi,CC(C)(C)Oc1ccncc1NC(=O)Cc1cccc(Cl)c1,resolved
QXS,c1c[nH]c2c1c(ncn2)N[C@@H]3CCCC[C@@H]3O,Components-smiles-stereo-oe.smi,O[C@H]1CCCC[C@H]1Nc1ncnc2[nH]ccc12,resolved
QXX,c1cc(cc(c1)Cl)CC(=O)Nc2cnccc2C(F)(F)F,Components-smiles-stereo-oe.smi,O=C(Cc1cccc(Cl)c1)Nc1cnccc1C(F)(F)F,resolved
QY0,c1c[nH]c2c1c(ncn2)N[C@H]3CCCC[C@H]3O,Components-smiles-stereo-oe.smi,O[C@@H]1CCCC[C@@H]1Nc1ncnc2[nH]ccc12,resolved
QY6,c1ccc2c(c1)cncc2N3CCC[C@@]4(C3=O)CCNc5c4cc(cc5)Cl,Components-smiles-stereo-oe.smi,O=C1N(c2cncc3ccccc23)CCC[C@]12CCNc1ccc(Cl)cc12,resolved
QYC,c1cc2c(c(c1)O)C[C@@H]([C@H]2NC(=O)c3ccc(cc3)NC(=O)NC4CC4)C(=O)O,Components-smiles-stereo-oe.smi,O=C(Nc1ccc(C(=O)N[C@H]2c3cccc(O)c3C[C@@H]2C(=O)O)cc1)NC1CC1,resolved
QYI,CO[C@]1(CCOc2c1cc(cc2)Cl)C(=O)Nc3cncc4c3cc(cc4)F,Components-smiles-stereo-oe.smi,CO[C@@]1(C(=O)Nc2cncc3ccc(F)cc23)CCOc2ccc(Cl)cc21,resolved
QYJ,c1cc2c(c(c1)O)C[C@@H]([C@@H]2NC(=O)c3ccc(cc3)NC(=O)NC4CC4)C(=O)O,Components-smiles-stereo-oe.smi,O=C(Nc1ccc(C(=O)N[C@@H]2c3cccc(O)c3C[C@@H]2C(=O)O)cc1)NC1CC1,resolved
QYN,c1ccc2c(c1)cncc2NC(=O)[C@@H]3CN(Cc4c3cc(cc4)Cl)S(=O)(=O)c5[nH]ccn5,Components-smiles-stereo-oe.smi,O=C(Nc1cncc2ccccc12)[C@@H]1CN(S(=O)(=O)c2ncc[nH]2)Cc2ccc(Cl)cc21,resolved
QYO,c1cc2c(cc1F)[nH]c3c2c(ncn3)N[C@@H]4CC[C@@H](C4)O,Components-smiles-stereo-oe.smi,O[C@H]1CC[C@@H](Nc2ncnc3[nH]c4cc(F)ccc4c23)C1,resolved
QYR,c1ccc2c(c1)cncc2NC(=O)[C@@H]3CN(Cc4c3cc(cc4)Cl)S(=O)(=O)C5CC5,Components-smiles-stereo-oe.smi,O=C(Nc1cncc2ccccc12)[C@@H]1CN(S(=O)(=O)C2CC2)Cc2ccc(Cl)cc21,resolved
QYS,CC(C)C[C@@H](C(=O)N[C@@H](C[C@@H]1CCNC1=O)C(O)S(=O)(=O)O)NC(=O)OCC2CCC(CC2)(F)F,Components-smiles-stereo-oe.smi,CC(C)C[C@H](NC(=O)OCC1CCC(F)(F)CC1)C(=O)N[C@@H](C[C@@H]1CCNC1=O)C(O)S(=O)(=O)O,resolved
QYU,c1cc2c(cc1F)[nH]c3c2c(ncn3)N[C@H]4CC[C@H](C4)O,Components-smiles-stereo-oe.smi,O[C@@H]1CC[C@H](Nc2ncnc3[nH]c4cc(F)ccc4c23)C1,resolved
QZ0,CN(C)C(=O)N1Cc2ccc(cc2[C@@H](C1)C(=O)Nc3cncc4c3cccc4)Cl,Components-smiles-stereo-oe.smi,CN(C)C(=O)N1Cc2ccc(Cl)cc2[C@H](C(=O)Nc2cncc3ccccc23)C1,resolved
QZ6,c1cc2c(cc1F)[nH]c3c2c(ncn3)NC[C@H]4CCS4(=O)=O,Components-smiles-stereo-oe.smi,O=S1(=O)CC[C@@H]1CNc1ncnc2[nH]c3cc(F)ccc3c12,resolved
QZC,CN(C)S(=O)(=O)N1Cc2ccc(cc2[C@@H](C1)C(=O)Nc3cncc4c3cccc4)Cl,Components-smiles-stereo-oe.smi,CN(C)S(=O)(=O)N1Cc2ccc(Cl)cc2[C@H](C(=O)Nc2cncc3ccccc23)C1,resolved
QZF,c1ccc2c(c1)c3c([nH]2)ncnc3N4C[C@](C5(C4)CCC5)(C(=O)O)F,Components-smiles-stereo-oe.smi,O=C(O)[C@]1(F)CN(c2ncnc3[nH]c4ccccc4c23)CC12CCC2,resolved
QZL,C[C@@H]1CCN(C1)S(=O)(=O)N2Cc3ccc(cc3[C@@H](C2)C(=O)Nc4cncc5c4cccc5)Cl,Components-smiles-stereo-oe.smi,C[C@@H]1CCN(S(=O)(=O)N2Cc3ccc(Cl)cc3[C@H](C(=O)Nc3cncc4ccccc34)C2)C1,resolved
QZO,c1cc2c(cc1F)[nH]c3c2c(ncn3)N4CC[C@@H]5[C@H](C4)[C@H]5C(=O)O,Components-smiles-stereo-oe.smi,O=C(O)[C@H]1[C@@H]2CCN(c3ncnc4[nH]c5cc(F)ccc5c34)C[C@@H]21,resolved
QZU,C=CC(=O)NC[C@]1(CCOc2c1cc(cc2)Cl)C(=O)Nc3cncc4c3cccc4,Components-smiles-stereo-oe.smi,C=CC(=O)NC[C@@]1(C(=O)Nc2cncc3ccccc23)CCOc2ccc(Cl)cc21,resolved
QZV,Cc1ccc2c(c1)c(c(o2)C#Cc3ccc(cc3)C(=O)NCCOCCOCCNC(=O)c4ccc(cc4)C#Cc5c(c6cc(ccc6o5)C)CC(=O)O)CC(=O)O,Components-smiles-stereo-oe.smi,Cc1ccc2oc(C#Cc3ccc(C(=O)NCCOCCOCCNC(=O)c4ccc(C#Cc5oc6ccc(C)cc6c5CC(=O)O)cc4)cc3)c(CC(=O)O)c2c1,resolved
QZX,c1cc2c(cc1F)[nH]c3c2c(ncn3)N4CC[C@H]5[C@@H](C4)[C@@H]5C(=O)O,Components-smiles-stereo-oe.smi,O=C(O)[C@H]1[C@@H]2CN(c3ncnc4[nH]c5cc(F)ccc5c34)CC[C@@H]21,resolved
R08,Cn1c(ccn1)C(=O)N2Cc3ccc(cc3[C@@H](C2)C(=O)Nc4cncc5c4cccc5)Cl,Components-smiles-stereo-oe.smi,Cn1nccc1C(=O)N1Cc2ccc(Cl)cc2[C@H](C(=O)Nc2cncc3ccccc23)C1,resolved
R0A,c1cc2c(cc1F)[nH]c3c2c(ncn3)N4C[C@@H](OC5(C4)CCC5)CC(=O)O,Components-smiles-stereo-oe.smi,O=C(O)C[C@H]1CN(c2ncnc3[nH]c4cc(F)ccc4c23)CC2(CCC2)O1,resolved
R0F,CNC(=O)CN1Cc2ccc(cc2[C@@H](C1)C(=O)Nc3cncc4c3cccc4)Cl,Components-smiles-stereo-oe.smi,CNC(=O)CN1Cc2ccc(Cl)cc2[C@H](C(=O)Nc2cncc3ccccc23)C1,resolved
R0H,COC(=O)[C@@]1(CCN(C1)c2c3c4ccc(cc4[nH]c3ncn2)F)CO,Components-smiles-stereo-oe.smi,COC(=O)[C@]1(CO)CCN(c2ncnc3[nH]c4cc(F)ccc4c23)C1,resolved
R0J,c1cc(nc2c1n(c(n2)CN3c4cnccc4N(C3=O)C5CC5)CCCC(F)(F)F)Cl,Components-smiles-stereo-oe.smi,O=c1n(Cc2nc3nc(Cl)ccc3n2CCCC(F)(F)F)c2cnccc2n1C1CC1,resolved
R0L,c1cc2c(cc1F)[nH]c3c2c(ncn3)N4CCO[C@H](C4)C(=O)O,Components-smiles-stereo-oe.smi,O=C(O)[C@H]1CN(c2ncnc3[nH]c4cc(F)ccc4c23)CCO1,resolved
R0P,CS(=O)(=O)CCCn1c2ccncc2cc1CN3c4cnccc4N(C3=O)C5CC5,Components-smiles-stereo-oe.smi,CS(=O)(=O)CCCn1c(Cn2c(=O)n(C3CC3)c3ccncc32)cc2cnccc21,resolved
R0Q,COC(=O)NC[C@]1(CCOc2c1cc(cc2)Cl)C(=O)Nc3cncc4c3cccc4,Components-smiles-stereo-oe.smi,COC(=O)NC[C@@]1(C(=O)Nc2cncc3ccccc23)CCOc2ccc(Cl)cc21,resolved
R0R,c1cc2c(cc1F)[nH]c3c2c(ncn3)N4C[C@](C5(C4)COC5)(C(=O)O)F,Components-smiles-stereo-oe.smi,O=C(O)[C@]1(F)CN(c2ncnc3[nH]c4cc(F)ccc4c23)CC12COC2,resolved
R0S,COc1ccc(cc1OC)N2c3ccncc3N(C2=O)Cc4cc5cc(ccc5n4CCCC#N)Cl,Components-smiles-stereo-oe.smi,COc1ccc(-n2c(=O)n(Cc3cc4cc(Cl)ccc4n3CCCC#N)c3cnccc32)cc1OC,resolved
R0W,c1cc2c(cc1F)[nH]c3c2c(ncn3)N4C[C@@](C5(C4)COC5)(C(=O)O)F,Components-smiles-stereo-oe.smi,O=C(O)[C@@]1(F)CN(c2ncnc3[nH]c4cc(F)ccc4c23)CC12COC2,resolved
R1I,COCCN1Cc2ccc(cc2[C@@H](C1)C(=O)Nc3cncc4c3cccc4)Cl,Components-smiles-stereo-oe.smi,COCCN1Cc2ccc(Cl)cc2[C@H](C(=O)Nc2cncc3ccccc23)C1,resolved
R1U,Cn1c2c(cncc2NC(=O)Cc3cccc(c3)Cl)cn1,Components-smiles-stereo-oe.smi,Cn1ncc2cncc(NC(=O)Cc3cccc(Cl)c3)c21,resolved
R22,Cc1cc(cc(c1)OC2=C(C(=O)NC(=C2CSCc3ccco3)C)I)C,Components-smiles-stereo-oe.smi,Cc1cc(C)cc(Oc2c(CSCc3ccco3)c(C)[nH]c(=O)c2I)c1,resolved
R2A,Cc1ccc2c(c1)c(c(o2)C#Cc3cccc(c3)C(=O)NCCN4CCN(CC4)C(=O)c5cccc(c5)C#Cc6c(c7cc(ccc7o6)C)CC(=O)O)CC(=O)O,Components-smiles-stereo-oe.smi,Cc1ccc2oc(C#Cc3cccc(C(=O)NCCN4CCN(C(=O)c5cccc(C#Cc6oc7ccc(C)cc7c6CC(=O)O)c5)CC4)c3)c(CC(=O)O)c2c1,resolved
R2D,c1ccc2c(c1)nc3n2c(c(s3)CC(=O)O)c4ccc(cc4)Cl,Components-smiles-stereo-oe.smi,O=C(O)Cc1sc2nc3ccccc3n2c1-c1ccc(Cl)cc1,resolved
R2L,Cc1c(cncc1NC(=O)[C@@H]2CCOc3c2cc(cc3)Cl)NC,Components-smiles-stereo-oe.smi,CNc1cncc(NC(=O)[C@@H]2CCOc3ccc(Cl)cc32)c1C,resolved
R2X,c1ccc2c(c1)cncc2NC(=O)[C@@H](c3cccc(c3)Cl)NC(=O)[C@@H]4CC[C@@H](O4)C(=O)N5CCCC5,Components-smiles-stereo-oe.smi,O=C(N[C@@H](C(=O)Nc1cncc2ccccc12)c1cccc(Cl)c1)[C@@H]1CC[C@H](C(=O)N2CCCC2)O1,resolved
R30,CCC(=O)Nc1ccc(cc1)N(Cc2ccsc2)C(=O)Cn3c4ccccc4nn3,Components-smiles-stereo-oe.smi,CCC(=O)Nc1ccc(N(Cc2ccsc2)C(=O)Cn2nnc3ccccc32)cc1,resolved
R3I,c1cc2cncc(c2cc1F)N3CC[C@@]4(C3=O)COc5c4cc(cc5)Cl,Components-smiles-stereo-oe.smi,O=C1N(c2cncc3ccc(F)cc23)CC[C@]12COc1ccc(Cl)cc12,resolved
R43,c1ccc2c(c1)cncc2NC(=O)[C@@H]3CN(Cc4c3cc(cc4)Cl)S(=O)(=O)N5CC(C5)C#N,Components-smiles-stereo-oe.smi,N#CC1CN(S(=O)(=O)N2Cc3ccc(Cl)cc3[C@H](C(=O)Nc3cncc4ccccc34)C2)C1,resolved
R4X,c1ccc2c(c1)cncc2NC(=O)[C@@H]3CN(Cc4c3cc(cc4)Cl)S(=O)(=O)N5CCC5,Components-smiles-stereo-oe.smi,O=C(Nc1cncc2ccccc12)[C@@H]1CN(S(=O)(=O)N2CCC2)Cc2ccc(Cl)cc21,resolved
R5H,COC1CN(C1)S(=O)(=O)N2Cc3ccc(cc3[C@@H](C2)C(=O)Nc4cncc5c4cccc5)Cl,Components-smiles-stereo-oe.smi,COC1CN(S(=O)(=O)N2Cc3ccc(Cl)cc3[C@H](C(=O)Nc3cncc4ccccc34)C2)C1,resolved
R5K,[H]/N=C(\N)/NCCCCC(=O)NCCN1C[C@@H](CCC12CCCCC2)NC(=O)C(=O)Nc3ccc(cc3)Cl,Components-smiles-stereo-oe.smi,[H]/N=C(\N)NCCCCC(=O)NCCN1C[C@H](NC(=O)C(=O)Nc2ccc(Cl)cc2)CCC12CCCCC2,resolved
R5O,CO[C@]1(CCOc2c1cc(cc2)Cl)C(=O)Nc3cncc4c3cc(cc4)NS(=O)(=O)C,Components-smiles-stereo-oe.smi,CO[C@@]1(C(=O)Nc2cncc3ccc(NS(C)(=O)=O)cc23)CCOc2ccc(Cl)cc21,resolved
R66,c1ccc2c(c1)cncc2N3CC[C@](C3=O)(c4cccc(c4)Cl)O,Components-smiles-stereo-oe.smi,O=C1N(c2cncc3ccccc23)CC[C@@]1(O)c1cccc(Cl)c1,resolved
R6L,CNS(=O)(=O)c1ccc2c(c1)cncc2NC(=O)[C@@]3(CCOc4c3cc(cc4)Cl)OC,Components-smiles-stereo-oe.smi,CNS(=O)(=O)c1ccc2c(NC(=O)[C@]3(OC)CCOc4ccc(Cl)cc43)cncc2c1,resolved
R6Q,c1ccc2c(c1)C3(CCN(CC3)CCc4ccc(cc4)C(F)(F)F)OC(=O)N2,Components-smiles-stereo-oe.smi,O=C1Nc2ccccc2C2(CCN(CCc3ccc(C(F)(F)F)cc3)CC2)O1,resolved
R76,CNC(=O)CN1C[C@H](c2cc(ccc2C1=O)Cl)C(=O)Nc3cncc4c3cccc4,Components-smiles-stereo-oe.smi,CNC(=O)CN1C[C@@H](C(=O)Nc2cncc3ccccc23)c2cc(Cl)ccc2C1=O,resolved
R7F,CC(C)(c1ccc2cncc(c2c1)NC(=O)[C@@H]3CCNc4c3cc(cc4)Cl)O,Components-smiles-stereo-oe.smi,CC(C)(O)c1ccc2cncc(NC(=O)[C@@H]3CCNc4ccc(Cl)cc43)c2c1,resolved
R7J,c1cc(cc(c1)F)c2ccc3c(c2)c(co3)CC(=O)O,Components-smiles-stereo-oe.smi,O=C(O)Cc1coc2ccc(-c3cccc(F)c3)cc12,resolved
R7Q,Cc1ccc(cc1)C(=O)C(C)C,Components-smiles-stereo-oe.smi,Cc1ccc(C(=O)C(C)C)cc1,resolved
R87,CO[C@]1(CCOc2c1cc(cc2)Cl)C(=O)Nc3cncc4c3ccc(c4)F,Components-smiles-stereo-oe.smi,CO[C@@]1(C(=O)Nc2cncc3cc(F)ccc23)CCOc2ccc(Cl)cc21,resolved
R8D,c1cc2c(n[nH]c2nc1)COc3ccc(c(c3)Oc4cc(cc(c4)Cl)C#N)Cl,Components-smiles-stereo-oe.smi,N#Cc1cc(Cl)cc(Oc2cc(OCc3n[nH]c4ncccc34)ccc2Cl)c1,resolved
R8E,c1cc(c(cc1OCc2c3ccc(nc3[nH]n2)N)Oc4cc(cc(c4)Cl)C#N)Cl,Components-smiles-stereo-oe.smi,N#Cc1cc(Cl)cc(Oc2cc(OCc3n[nH]c4nc(N)ccc34)ccc2Cl)c1,resolved
R8H,c1ccc(cc1)C[C@H]([C@@H](C(=O)NCc2ccccn2)O)NC(=O)[C@H]3CCC(=O)N3Cc4ccccc4,Components-smiles-stereo-oe.smi,O=C(NCc1ccccn1)[C@@H](O)[C@@H](Cc1ccccc1)NC(=O)[C@H]1CCC(=O)N1Cc1ccccc1,resolved
R8I,c1ccc2c(c1)cncc2NC(=O)[C@@H]3CN(Cc4c3cc(cc4)Cl)CC(=O)NCC#N,Components-smiles-stereo-oe.smi,N#CCNC(=O)CN1Cc2ccc(Cl)cc2[C@H](C(=O)Nc2cncc3ccccc23)C1,resolved
R8K,CS(=O)(=O)NC(=O)[C@]1(CN(CC12CCC2)c3c4c5ccc(cc5[nH]c4ncn3)F)F,Components-smiles-stereo-oe.smi,CS(=O)(=O)NC(=O)[C@@]1(F)CN(c2ncnc3[nH]c4cc(F)ccc4c23)CC12CCC2,resolved
R8O,c1ccc2c(c1)cncc2NC(=O)[C@@H]3CN(Cc4c3cc(cc4)Cl)CC(=O)NC5CC5,Components-smiles-stereo-oe.smi,O=C(CN1Cc2ccc(Cl)cc2[C@H](C(=O)Nc2cncc3ccccc23)C1)NC1CC1,resolved
R8R,c1cc2c(cc1F)[nH]c3c2c(ncn3)N4CCC5(CCC5)[C@H](C4)C(=O)O,Components-smiles-stereo-oe.smi,O=C(O)[C@H]1CN(c2ncnc3[nH]c4cc(F)ccc4c23)CCC12CCC2,resolved
R8X,CN(CCOC)S(=O)(=O)N1Cc2ccc(cc2[C@@H](C1)C(=O)Nc3cncc4c3cccc4)Cl,Components-smiles-stereo-oe.smi,COCCN(C)S(=O)(=O)N1Cc2ccc(Cl)cc2[C@H](C(=O)Nc2cncc3ccccc23)C1,resolved
R8Z,CN(c1c2c3ccc(cc3[nH]c2ncn1)F)[C@@H]4CCCS(=O)(=O)C4,Components-smiles-stereo-oe.smi,CN(c1ncnc2[nH]c3cc(F)ccc3c12)[C@@H]1CCCS(=O)(=O)C1,resolved
R95,CN(CC#N)S(=O)(=O)N1Cc2ccc(cc2[C@@H](C1)C(=O)Nc3cncc4c3cccc4)Cl,Components-smiles-stereo-oe.smi,CN(CC#N)S(=O)(=O)N1Cc2ccc(Cl)cc2[C@H](C(=O)Nc2cncc3ccccc23)C1,resolved
R98,CN(Cc1ccccn1)c2c3c4ccc(cc4[nH]c3ncn2)F,Components-smiles-stereo-oe.smi,CN(Cc1ccccn1)c1ncnc2[nH]c3cc(F)ccc3c12,resolved
R9E,COc1cc2c(cc1F)cncc2NC(=O)Cc3cccc(c3)Cl,Components-smiles-stereo-oe.smi,COc1cc2c(NC(=O)Cc3cccc(Cl)c3)cncc2cc1F,resolved
R9F,c1cc2c(cc1F)[nH]c3c2c(ncn3)N,Components-smiles-stereo-oe.smi,Nc1ncnc2[nH]c3cc(F)ccc3c12,resolved
R9I,CN(CC(=O)OC)S(=O)(=O)N1Cc2ccc(cc2[C@@H](C1)C(=O)Nc3cncc4c3cccc4)Cl,Components-smiles-stereo-oe.smi,COC(=O)CN(C)S(=O)(=O)N1Cc2ccc(Cl)cc2[C@H](C(=O)Nc2cncc3ccccc23)C1,resolved
R9L,c1cc2c(cc1F)[nH]c3c2c(ncn3)NCC4CS(=O)(=O)C4,Components-smiles-stereo-oe.smi,O=S1(=O)CC(CNc2ncnc3[nH]c4cc(F)ccc4c23)C1,resolved
R9R,CC1(CS(=O)(=O)C1)CS(=O)(=O)N2Cc3ccc(cc3[C@@H](C2)C(=O)Nc4cncc5c4cccc5)Cl,Components-smiles-stereo-oe.smi,CC1(CS(=O)(=O)N2Cc3ccc(Cl)cc3[C@H](C(=O)Nc3cncc4ccccc34)C2)CS(=O)(=O)C1,resolved
R9U,CS(=O)(=O)NC(=O)[C@H]1CN(CCO1)c2c3c4ccc(cc4[nH]c3ncn2)F,Components-smiles-stereo-oe.smi,CS(=O)(=O)NC(=O)[C@H]1CN(c2ncnc3[nH]c4cc(F)ccc4c23)CCO1,resolved
R9V,c1ccc(cc1)CN2[C@@H]3CC[C@H]2CC(C3)O,Components-smiles-stereo-oe.smi,OC1C[C@H]2CC[C@@H](C1)N2Cc1ccccc1,resolved
R9W,C1CCc2c(c(c3c(n2)CCC3)N)C1,Components-smiles-stereo-oe.smi,Nc1c2c(nc3c1CCC3)CCCC2,resolved
R9Z,COC1(CC1)CS(=O)(=O)N2Cc3ccc(cc3[C@@H](C2)C(=O)Nc4cncc5c4cccc5)Cl,Components-smiles-stereo-oe.smi,COC1(CS(=O)(=O)N2Cc3ccc(Cl)cc3[C@H](C(=O)Nc3cncc4ccccc34)C2)CC1,resolved
RA3,c1cc2c(cc1F)[nH]c3c2c(ncn3)N4C[C@H](O[C@H](C4)CO)CC(=O)O,Components-smiles-stereo-oe.smi,O=C(O)C[C@@H]1CN(c2ncnc3[nH]c4cc(F)ccc4c23)C[C@H](CO)O1,resolved
RAQ,c1ccc2c(c1)cncc2NC(=O)[C@@H]3CN(Cc4c3cc(cc4)Cl)S(=O)(=O)CC5CCOCC5,Components-smiles-stereo-oe.smi,O=C(Nc1cncc2ccccc12)[C@@H]1CN(S(=O)(=O)CC2CCOCC2)Cc2ccc(Cl)cc21,resolved
RBB,CC1(CN(C[C@H](O1)CC(=O)O)c2c3c4ccccc4[nH]c3ncn2)C,Components-smiles-stereo-oe.smi,CC1(C)CN(c2ncnc3[nH]c4ccccc4c23)C[C@@H](CC(=O)O)O1,resolved
RBM,CN(CCC#N)S(=O)(=O)N1Cc2ccc(cc2[C@@H](C1)C(=O)Nc3cncc4c3cccc4)Cl,Components-smiles-stereo-oe.smi,CN(CCC#N)S(=O)(=O)N1Cc2ccc(Cl)cc2[C@H](C(=O)Nc2cncc3ccccc23)C1,resolved
RBO,c1ccc2c(c1)c3c([nH]2)ncnc3N4CCO[C@@H](C4)CC(=O)O,Components-smiles-stereo-oe.smi,O=C(O)C[C@@H]1CN(c2ncnc3[nH]c4ccccc4c23)CCO1,resolved
RBX,CCN(C)S(=O)(=O)N1Cc2ccc(cc2[C@@H](C1)C(=O)Nc3cncc4c3cccc4)Cl,Components-smiles-stereo-oe.smi,CCN(C)S(=O)(=O)N1Cc2ccc(Cl)cc2[C@H](C(=O)Nc2cncc3ccccc23)C1,resolved
RC3,c1ccc2c(c1)c3c([nH]2)ncnc3N4CCO[C@H](C4)CC(=O)O,Components-smiles-stereo-oe.smi,O=C(O)C[C@H]1CN(c2ncnc3[nH]c4ccccc4c23)CCO1,resolved
RC9,c1ccc2c(c1)cncc2NC(=O)[C@@H]3CN(Cc4c3cc(cc4)Cl)S(=O)(=O)CC5(CCC5)C#N,Components-smiles-stereo-oe.smi,N#CC1(CS(=O)(=O)N2Cc3ccc(Cl)cc3[C@H](C(=O)Nc3cncc4ccccc34)C2)CCC1,resolved
RCR,c1cc2c(cc1Br)[nH]c3c2c(ncn3)N4C[C@](C5(C4)CCC5)(C(=O)O)F,Components-smiles-stereo-oe.smi,O=C(O)[C@]1(F)CN(c2ncnc3[nH]c4cc(Br)ccc4c23)CC12CCC2,resolved
RD5,CS(=O)(=O)NCc1ccc(cc1CC(=O)Nc2cncc3c2cccc3)Cl,Components-smiles-stereo-oe.smi,CS(=O)(=O)NCc1ccc(Cl)cc1CC(=O)Nc1cncc2ccccc12,resolved
RD6,c1cc2c(cc1Br)[nH]c3c2c(ncn3)N4C[C@@](C5(C4)CCC5)(C(=O)O)F,Components-smiles-stereo-oe.smi,O=C(O)[C@@]1(F)CN(c2ncnc3[nH]c4cc(Br)ccc4c23)CC12CCC2,resolved
RDK,C[C@]1(CNS(=O)(=O)c2c1cc(cc2)Cl)C(=O)Nc3cncc4c3cccc4,Components-smiles-stereo-oe.smi,C[C@@]1(C(=O)Nc2cncc3ccccc23)CNS(=O)(=O)c2ccc(Cl)cc21,resolved
RDN,c1ccc2c(c1)c3c([nH]2)ncnc3N4C[C@@H](C5(C4)CCC5)C(=O)O,Components-smiles-stereo-oe.smi,O=C(O)[C@H]1CN(c2ncnc3[nH]c4ccccc4c23)CC12CCC2,resolved
RDQ,CNC(=O)CN1C[C@H](c2cc(ccc2C1=O)Cl)C(=O)Nc3cncc4c3cc(cc4)NS(=O)(=O)C,Components-smiles-stereo-oe.smi,CNC(=O)CN1C[C@@H](C(=O)Nc2cncc3ccc(NS(C)(=O)=O)cc23)c2cc(Cl)ccc2C1=O,resolved
RDU,c1cc2c(cc1F)[nH]c3c2c(ncn3)N4C[C@@H](OC5(C4)CCC5)CO,Components-smiles-stereo-oe.smi,OC[C@H]1CN(c2ncnc3[nH]c4cc(F)ccc4c23)CC2(CCC2)O1,resolved
RDX,CN(CCO)S(=O)(=O)N1Cc2ccc(cc2[C@@H](C1)C(=O)Nc3cncc4c3cccc4)Cl,Components-smiles-stereo-oe.smi,CN(CCO)S(=O)(=O)N1Cc2ccc(Cl)cc2[C@H](C(=O)Nc2cncc3ccccc23)C1,resolved
RE5,C[C@H](Cn1cnc2c1ncnc2N)OCP(=O)(N[C@@H](CCC(=O)O)C(=O)O)O,Components-smiles-stereo-oe.smi,C[C@H](Cn1cnc2c(N)ncnc21)OCP(=O)(O)N[C@@H](CCC(=O)O)C(=O)O,resolved
REA,CC1=C(C(CCC1)(C)C)/C=C/C(=C/C=C/C(=C/C(=O)O)/C)/C,Components-smiles-stereo-oe.smi,CC1=C(/C=C/C(C)=C/C=C/C(C)=C/C(=O)O)C(C)(C)CCC1,resolved
REK,C[C@H](Cn1cnc2c1ncnc2N)OCP(=O)(N[C@H](CC(=O)O)C(=O)O)O,Components-smiles-stereo-oe.smi,C[C@H](Cn1cnc2c(N)ncnc21)OCP(=O)(O)N[C@H](CC(=O)O)C(=O)O,resolved
REU,C[C@@H](C(=O)NC)N1Cc2ccc(cc2[C@@H](C1)C(=O)Nc3cncc4c3cccc4)Cl,Components-smiles-stereo-oe.smi,CNC(=O)[C@H](C)N1Cc2ccc(Cl)cc2[C@H](C(=O)Nc2cncc3ccccc23)C1,resolved
RF0,CO[C@@H]1CN(C[C@H](O1)CO)c2c3c4ccc(cc4[nH]c3ncn2)F,Components-smiles-stereo-oe.smi,CO[C@@H]1CN(c2ncnc3[nH]c4cc(F)ccc4c23)C[C@@H](CO)O1,resolved
RFE,C[C@H](Cn1cnc2c1ncnc2N)OCP(=O)(N[C@@H](CCSC)C(=O)O)O,Components-smiles-stereo-oe.smi,CSCC[C@H](NP(=O)(O)CO[C@H](C)Cn1cnc2c(N)ncnc21)C(=O)O,resolved
RFF,Cn1c2c(cncc2NC(=O)[C@@H]3CN(Cc4c3cc(cc4)Cl)S(=O)(=O)CC5(CC5)C#N)cn1,Components-smiles-stereo-oe.smi,Cn1ncc2cncc(NC(=O)[C@@H]3CN(S(=O)(=O)CC4(C#N)CC4)Cc4ccc(Cl)cc43)c21,resolved
RFI,c1cc2c(cc1F)[nH]c3c2c(ncn3)N4CC[C@@H](C4)N5CCOC5=O,Components-smiles-stereo-oe.smi,O=C1OCCN1[C@H]1CCN(c2ncnc3[nH]c4cc(F)ccc4c23)C1,resolved
RFR,CNC(=O)CN1Cc2ccc(cc2[C@@H](C1)C(=O)Nc3cncc4c3cc(cc4)NS(=O)(=O)C)Cl,Components-smiles-stereo-oe.smi,CNC(=O)CN1Cc2ccc(Cl)cc2[C@H](C(=O)Nc2cncc3ccc(NS(C)(=O)=O)cc23)C1,resolved
RFU,c1cc2c(cc1F)[nH]c3c2c(ncn3)N4CC[C@H](C4)N5CCOC5=O,Components-smiles-stereo-oe.smi,O=C1OCCN1[C@@H]1CCN(c2ncnc3[nH]c4cc(F)ccc4c23)C1,resolved
RG3,CNC(=O)CN1C[C@H](c2cc(ccc2C1=O)Cl)C(=O)Nc3cncc4c3ccc(c4)S(=O)(=O)C,Components-smiles-stereo-oe.smi,CNC(=O)CN1C[C@@H](C(=O)Nc2cncc3cc(S(C)(=O)=O)ccc23)c2cc(Cl)ccc2C1=O,resolved
RG5,c1cc2c(cc1F)[nH]c3c2c(ncn3)N4CCO[C@H](C4)c5[nH]nnn5,Components-smiles-stereo-oe.smi,Fc1ccc2c(c1)[nH]c1ncnc(N3CCO[C@@H](c4nnn[nH]4)C3)c12,resolved
RG9,CC(C)(c1ccc2c(c1)cncc2NC(=O)Cc3cccc(c3)Cl)O,Components-smiles-stereo-oe.smi,CC(C)(O)c1ccc2c(NC(=O)Cc3cccc(Cl)c3)cncc2c1,resolved
RGF,c1cc2c(cc1F)[nH]c3c2c(ncn3)N4C[C@H](C5(C4)CCC5)C(=O)O,Components-smiles-stereo-oe.smi,O=C(O)[C@@H]1CN(c2ncnc3[nH]c4cc(F)ccc4c23)CC12CCC2,resolved
RGQ,CNC(=O)CN1Cc2ccc(cc2[C@@H](C1)C(=O)Nc3cncc4c3ccc(c4)F)Cl,Components-smiles-stereo-oe.smi,CNC(=O)CN1Cc2ccc(Cl)cc2[C@H](C(=O)Nc2cncc3cc(F)ccc23)C1,resolved
RGX,c1ccc2c(c1)cncc2NC(=O)[C@@H]3CN(Cc4c3cc(cc4)Cl)S(=O)(=O)NC5CC5,Components-smiles-stereo-oe.smi,O=C(Nc1cncc2ccccc12)[C@@H]1CN(S(=O)(=O)NC2CC2)Cc2ccc(Cl)cc21,resolved
RHI,CNC(=O)CN1Cc2ccc(cc2[C@@H](C1)C(=O)Nc3cncc4c3ccc(c4)S(=O)(=O)C)Cl,Components-smiles-stereo-oe.smi,CNC(=O)CN1Cc2ccc(Cl)cc2[C@H](C(=O)Nc2cncc3cc(S(C)(=O)=O)ccc23)C1,resolved
RI1,c1ccc2c(c1)cncc2NC(=O)[C@@H]3CNS(=O)(=O)c4c3cc(cc4)Cl,Components-smiles-stereo-oe.smi,O=C(Nc1cncc2ccccc12)[C@@H]1CNS(=O)(=O)c2ccc(Cl)cc21,resolved
RI3,c1cc2c(cc1F)[nH]c3c2c(ncn3)N4C[C@H]([C@@](C4)(C(=O)O)F)C5CC5,Components-smiles-stereo-oe.smi,O=C(O)[C@]1(F)CN(c2ncnc3[nH]c4cc(F)ccc4c23)C[C@H]1C1CC1,resolved
RI6,CNC(=O)CN1Cc2ccc(cc2[C@@H](C1)C(=O)Nc3cncc4c3ccc(c4)Cl)Cl,Components-smiles-stereo-oe.smi,CNC(=O)CN1Cc2ccc(Cl)cc2[C@H](C(=O)Nc2cncc3cc(Cl)ccc23)C1,resolved
RI7,COC(=O)C[C@H]1CN(CCO1)c2c3c4ccc(cc4[nH]c3ncn2)F,Components-smiles-stereo-oe.smi,COC(=O)C[C@H]1CN(c2ncnc3[nH]c4cc(F)ccc4c23)CCO1,resolved
RIJ,CNC(=O)CN1Cc2ccc(cc2[C@]3(C1)CC(=O)N(C3=O)c4cncc5c4cccc5)Cl,Components-smiles-stereo-oe.smi,CNC(=O)CN1Cc2ccc(Cl)cc2[C@@]2(CC(=O)N(c3cncc4ccccc34)C2=O)C1,resolved
RIK,c1cc2c(cc1F)[nH]c3c2c(ncn3)N4CCO[C@@H](C4)CCC(=O)O,Components-smiles-stereo-oe.smi,O=C(O)CC[C@@H]1CN(c2ncnc3[nH]c4cc(F)ccc4c23)CCO1,resolved
RIT,CC(C)c1nc(cs1)CN(C)C(=O)N[C@@H](C(C)C)C(=O)N[C@@H](Cc2ccccc2)C[C@@H]([C@H](Cc3ccccc3)NC(=O)OCc4cncs4)O,Components-smiles-stereo-oe.smi,CC(C)c1nc(CN(C)C(=O)N[C@H](C(=O)N[C@@H](Cc2ccccc2)C[C@H](O)[C@H](Cc2ccccc2)NC(=O)OCc2cncs2)C(C)C)cs1,resolved
RIU,CN(C)CCOc1ccc2cncc(c2c1)NC(=O)Cc3cccc(c3)Cl,Components-smiles-stereo-oe.smi,CN(C)CCOc1ccc2cncc(NC(=O)Cc3cccc(Cl)c3)c2c1,resolved
RIW,c1cc2c(cc1F)[nH]c3c2c(ncn3)NN4CCCC4=O,Components-smiles-stereo-oe.smi,O=C1CCCN1Nc1ncnc2[nH]c3cc(F)ccc3c12,resolved
RIY,CCNS(=O)(=O)N1Cc2ccc(cc2[C@@H](C1)C(=O)Nc3cncc4c3cccc4)Cl,Components-smiles-stereo-oe.smi,CCNS(=O)(=O)N1Cc2ccc(Cl)cc2[C@H](C(=O)Nc2cncc3ccccc23)C1,resolved
RIZ,c1cc2c(cc1F)[nH]c3c2c(ncn3)N[C@H]4CCCC[C@H]4C(=O)O,Components-smiles-stereo-oe.smi,O=C(O)[C@@H]1CCCC[C@@H]1Nc1ncnc2[nH]c3cc(F)ccc3c12,resolved
RJ3,c1cc(cc(c1)Cl)CC(=O)Nc2cncc3c2ccc(c3)C(=O)O,Components-smiles-stereo-oe.smi,O=C(Cc1cccc(Cl)c1)Nc1cncc2cc(C(=O)O)ccc12,resolved
RJ9,c1cc2c(cc1F)[nH]c3c2c(ncn3)N[C@@H]4CCCC[C@@H]4C(=O)O,Components-smiles-stereo-oe.smi,O=C(O)[C@H]1CCCC[C@H]1Nc1ncnc2[nH]c3cc(F)ccc3c12,resolved
RJF,Cc1cccc2c1c(cnc2)NC(=O)[C@@H]3CN(C(=O)c4c3cc(cc4)Cl)CC(=O)NC,Components-smiles-stereo-oe.smi,CNC(=O)CN1C[C@@H](C(=O)Nc2cncc3cccc(C)c23)c2cc(Cl)ccc2C1=O,resolved
RJL,COc1cc(cnc1)C(=O)NCCNC(=O)c2c(cccn2)O,Components-smiles-stereo-oe.smi,COc1cncc(C(=O)NCCNC(=O)c2ncccc2O)c1,resolved
RJO,CNC(=O)CN1C[C@H](c2cc(ccc2C1=O)Cl)C(=O)Nc3cncc4c3cc(cc4)F,Components-smiles-stereo-oe.smi,CNC(=O)CN1C[C@@H](C(=O)Nc2cncc3ccc(F)cc23)c2cc(Cl)ccc2C1=O,resolved
RJS,c1ccn2c(c1)c(cn2)C(=O)NS(=O)(=O)Cc3ccc(c(c3)F)Br,Components-smiles-stereo-oe.smi,O=C(NS(=O)(=O)Cc1ccc(Br)c(F)c1)c1cnn2ccccc12,resolved
RJX,c1cc(cc(c1)Cl)CC(=O)Nc2cncc3c2cc(cc3)C(=O)O,Components-smiles-stereo-oe.smi,O=C(Cc1cccc(Cl)c1)Nc1cncc2ccc(C(=O)O)cc12,resolved
RK0,Cc1ccc(cc1C#N)NS(=O)(=O)c2c(nc(s2)NC(=O)C)C,Components-smiles-stereo-oe.smi,CC(=O)Nc1nc(C)c(S(=O)(=O)Nc2ccc(C)c(C#N)c2)s1,resolved
RK6,CNC(=O)c1ccc2c(c1)cncc2NC(=O)Cc3cccc(c3)Cl,Components-smiles-stereo-oe.smi,CNC(=O)c1ccc2c(NC(=O)Cc3cccc(Cl)c3)cncc2c1,resolved
RK9,CCC(=O)Nc1nc(c(s1)S(=O)(=O)Nc2cccc(c2)C#N)C,Components-smiles-stereo-oe.smi,CCC(=O)Nc1nc(C)c(S(=O)(=O)Nc2cccc(C#N)c2)s1,resolved
RKC,c1ccc2c(c1)cncc2N3CC[C@@]4(C3=O)CCOc5c4cc(cc5)Cl,Components-smiles-stereo-oe.smi,O=C1N(c2cncc3ccccc23)CC[C@]12CCOc1ccc(Cl)cc12,resolved
RKI,c1cc(cc(c1)CNC(=O)c2c3c(ccs3)ncn2)CC(=O)O,Components-smiles-stereo-oe.smi,O=C(O)Cc1cccc(CNC(=O)c2ncnc3ccsc23)c1,resolved
RKR,CN(C)c1ccc2cncc(c2c1)NC(=O)Cc3cccc(c3)Cl,Components-smiles-stereo-oe.smi,CN(C)c1ccc2cncc(NC(=O)Cc3cccc(Cl)c3)c2c1,resolved
RKU,c1cc(ccc1[C@H](CC(=O)O)NC(=O)c2cc(cc3c2nc[nH]3)F)Br,Components-smiles-stereo-oe.smi,O=C(O)C[C@H](NC(=O)c1cc(F)cc2[nH]cnc12)c1ccc(Br)cc1,resolved
RL0,CN(c1ccc2cncc(c2c1)NC(=O)Cc3cccc(c3)Cl)S(=O)(=O)C,Components-smiles-stereo-oe.smi,CN(c1ccc2cncc(NC(=O)Cc3cccc(Cl)c3)c2c1)S(C)(=O)=O,resolved
RL5,CCNc1ncc(s1)C(=O)NCCn2cc(nc2)C(=O)O,Components-smiles-stereo-oe.smi,CCNc1ncc(C(=O)NCCn2cnc(C(=O)O)c2)s1,resolved
RL8,CNC(=O)c1ccc2cncc(c2c1)NC(=O)Cc3cccc(c3)Cl,Components-smiles-stereo-oe.smi,CNC(=O)c1ccc2cncc(NC(=O)Cc3cccc(Cl)c3)c2c1,resolved
RL9,c1cc2c(cc[nH]2)cc1C(=O)NCc3cc(ccc3F)C(=O)O,Components-smiles-stereo-oe.smi,O=C(O)c1ccc(F)c(CNC(=O)c2ccc3[nH]ccc3c2)c1,resolved
RLH,c1cc(cc(c1)Cl)CC(=O)Nc2cncc3c2ccc(c3)OCCN4CCCC4,Components-smiles-stereo-oe.smi,O=C(Cc1cccc(Cl)c1)Nc1cncc2cc(OCCN3CCCC3)ccc12,resolved
RLN,c1cc(ccc1CC(=O)O)CNC(=O)c2ccnc3c2scc3,Components-smiles-stereo-oe.smi,O=C(O)Cc1ccc(CNC(=O)c2ccnc3ccsc23)cc1,resolved
RLR,c1ccc2c(c1)cncc2NC(=O)[C@@H]3CN(Cc4c3cc(cc4)Cl)[C@@H]5CCNC5=O,Components-smiles-stereo-oe.smi,O=C1NCC[C@H]1N1Cc2ccc(Cl)cc2[C@H](C(=O)Nc2cncc3ccccc23)C1,resolved
RLU,c1cc(ccc1[C@@H](CC(=O)O)NC(=O)c2c3cc[nH]c3ncn2)Br,Components-smiles-stereo-oe.smi,O=C(O)C[C@@H](NC(=O)c1ncnc2[nH]ccc12)c1ccc(Br)cc1,resolved
RM3,CN(C)c1ccc2c(c1)cncc2NC(=O)Cc3cccc(c3)Cl,Components-smiles-stereo-oe.smi,CN(C)c1ccc2c(NC(=O)Cc3cccc(Cl)c3)cncc2c1,resolved
RM6,c1csc2c1cc(nc2)C(=O)NCC3CC(C3)CC(=O)O,Components-smiles-stereo-oe.smi,O=C(O)CC1CC(CNC(=O)c2cc3ccsc3cn2)C1,resolved
RMI,CN(C)CCOc1ccc2c(c1)cncc2NC(=O)Cc3cccc(c3)Cl,Components-smiles-stereo-oe.smi,CN(C)CCOc1ccc2c(NC(=O)Cc3cccc(Cl)c3)cncc2c1,resolved
RMU,Cc1c(cc(o1)C(=O)N)S(=O)(=O)Nc2cc(c(nc2)Cl)C#N,Components-smiles-stereo-oe.smi,Cc1oc(C(N)=O)cc1S(=O)(=O)Nc1cnc(Cl)c(C#N)c1,resolved
RMZ,Cc1ccc(cc1C)N2CCN(CC2)CC[C@H]3c4ccccc4C(=O)N3,Components-smiles-stereo-oe.smi,Cc1ccc(N2CCN(CC[C@@H]3NC(=O)c4ccccc43)CC2)cc1C,resolved
RN0,CS(=O)(=O)Oc1ccc2cncc(c2c1)NC(=O)Cc3cccc(c3)Cl,Components-smiles-stereo-oe.smi,CS(=O)(=O)Oc1ccc2cncc(NC(=O)Cc3cccc(Cl)c3)c2c1,resolved
RNC,CNc1cnc(cn1)C(=O)N2CC(C2)c3nc(on3)O,Components-smiles-stereo-oe.smi,CNc1cnc(C(=O)N2CC(c3noc(O)n3)C2)cn1,resolved
RNI,CS(=O)(=O)Nc1ccc2c(c1)cncc2NC(=O)[C@@H]3CN(Cc4c3cc(cc4)Cl)S(=O)(=O)CC5(CC5)C#N,Components-smiles-stereo-oe.smi,CS(=O)(=O)Nc1ccc2c(NC(=O)[C@@H]3CN(S(=O)(=O)CC4(C#N)CC4)Cc4ccc(Cl)cc43)cncc2c1,resolved
RNL,CN1C=Cn2c(nnc2C1=O)CCNC(=O)[C@H]3C[C@H]3C(=O)O,Components-smiles-stereo-oe.smi,Cn1ccn2c(CCNC(=O)[C@H]3C[C@H]3C(=O)O)nnc2c1=O,resolved
RNW,c1ccc(cc1)C(c2ccccc2)S(=O)CC(=O)NO,Components-smiles-stereo-oe.smi,O=C(CS(=O)C(c1ccccc1)c1ccccc1)NO,resolved
RO1,CC(C)(C)NC(=O)[C@@H]1C[C@@H]2CCCC[C@@H]2C[N@]1CC(=O)[C@H](Cc3ccccc3)NC(=O)[C@H](C(C)(C)S(=O)(=O)C)NC(=O)COc4cccnc4,Components-smiles-stereo-oe.smi,CC(C)(C)NC(=O)[C@@H]1C[C@@H]2CCCC[C@@H]2CN1CC(=O)[C@H](Cc1ccccc1)NC(=O)[C@@H](NC(=O)COc1cccnc1)C(C)(C)S(C)(=O)=O,resolved
ROA,c1cc(c(cc1C[C@H](C(=O)O)OC(=O)/C=C/c2ccc(c(c2)O)O)O)O,Components-smiles-stereo-oe.smi,O=C(/C=C/c1ccc(O)c(O)c1)O[C@H](Cc1ccc(O)c(O)c1)C(=O)O,resolved
ROC,CC(C)(C)NC(=O)[C@@H]1C[C@@H]2CCCC[C@@H]2C[N@]1C[C@H]([C@H](Cc3ccccc3)NC(=O)[C@H](CC(=O)N)NC(=O)c4ccc5ccccc5n4)O,Components-smiles-stereo-oe.smi,CC(C)(C)NC(=O)[C@@H]1C[C@@H]2CCCC[C@@H]2CN1C[C@@H](O)[C@H](Cc1ccccc1)NC(=O)[C@H](CC(N)=O)NC(=O)c1ccc2ccccc2n1,resolved
ROO,Cc1c(cc(o1)CNc2c3c4ccccc4[nH]c3ncn2)C(=O)O,Components-smiles-stereo-oe.smi,Cc1oc(CNc2ncnc3[nH]c4ccccc4c23)cc1C(=O)O,resolved
ROZ,c1cc(cc(c1)Cl)CC(=O)Nc2cncc3c2cc(cc3)C(=O)N,Components-smiles-stereo-oe.smi,NC(=O)c1ccc2cncc(NC(=O)Cc3cccc(Cl)c3)c2c1,resolved
RP0,Cc1c(cc(o1)C(=O)N)S(=O)(=O)Nc2ccc(c(c2)C#N)Br,Components-smiles-stereo-oe.smi,Cc1oc(C(N)=O)cc1S(=O)(=O)Nc1ccc(Br)c(C#N)c1,resolved
RPK,CC(=O)Nc1ccc2cncc(c2c1)NC(=O)Cc3cccc(c3)Cl,Components-smiles-stereo-oe.smi,CC(=O)Nc1ccc2cncc(NC(=O)Cc3cccc(Cl)c3)c2c1,resolved
RPU,C[C@H](Cc1ccco1)C(=O)N[C@H](CC(=O)O)c2ccc3c(c2)OCO3,Components-smiles-stereo-oe.smi,C[C@H](Cc1ccco1)C(=O)N[C@H](CC(=O)O)c1ccc2c(c1)OCO2,resolved
RPZ,CNC(=O)CN1Cc2ccc(cc2[C@]3(C1)CCN(C3=O)c4cncc5c4cccc5)Cl,Components-smiles-stereo-oe.smi,CNC(=O)CN1Cc2ccc(Cl)cc2[C@@]2(CCN(c3cncc4ccccc34)C2=O)C1,resolved
RQ6,CNC(=O)CN1C[C@H](c2cc(ccc2C1=O)Cl)C(=O)Nc3cncc4c3ccc(c4)F,Components-smiles-stereo-oe.smi,CNC(=O)CN1C[C@@H](C(=O)Nc2cncc3cc(F)ccc23)c2cc(Cl)ccc2C1=O,resolved
RQ8,CC(c1cc(cnc1)C(=O)N[C@@H](Cc2cc(cnc2)Br)C(=O)O)(F)F,Components-smiles-stereo-oe.smi,CC(F)(F)c1cncc(C(=O)N[C@@H](Cc2cncc(Br)c2)C(=O)O)c1,resolved
RQC,Cn1c2c(cn1)C(=O)NC(=N2)CCC(=O)N3CC[C@H](C3)C(=O)O,Components-smiles-stereo-oe.smi,Cn1ncc2c(=O)[nH]c(CCC(=O)N3CC[C@@H](C(=O)O)C3)nc21,resolved
RQF,CCCNC(=O)CN1C[C@H](c2cc(ccc2C1=O)Cl)C(=O)Nc3cncc4c3ccc(c4)F,Components-smiles-stereo-oe.smi,CCCNC(=O)CN1C[C@@H](C(=O)Nc2cncc3cc(F)ccc23)c2cc(Cl)ccc2C1=O,resolved
RQG,Cc1ccc2c(c1)c(co2)CC(=O)O,Components-smiles-stereo-oe.smi,Cc1ccc2occ(CC(=O)O)c2c1,resolved
RQH,CC(C)(C)C(=O)[C@@H](n1ccnc1)Oc2ccc(cc2)Cl,Components-smiles-stereo-oe.smi,CC(C)(C)C(=O)[C@H](Oc1ccc(Cl)cc1)n1ccnc1,resolved
RQI,c1c(c(cc2c1nc[nH]2)F)C(=O)NCCc3nc(cs3)C(=O)O,Components-smiles-stereo-oe.smi,O=C(O)c1csc(CCNC(=O)c2cc3nc[nH]c3cc2F)n1,resolved
RQN,CCc1cc(c(cc1F)Oc2ccc(cc2F)C(=O)N)O,Components-smiles-stereo-oe.smi,CCc1cc(O)c(Oc2ccc(C(N)=O)cc2F)cc1F,resolved
RQO,CN(C)C(=O)c1ccc2cncc(c2c1)NC(=O)Cc3cccc(c3)Cl,Components-smiles-stereo-oe.smi,CN(C)C(=O)c1ccc2cncc(NC(=O)Cc3cccc(Cl)c3)c2c1,resolved
RQR,c1csc2c1c(ncn2)C(=O)N[C@@H]3C[C@@H](C=C3)C(=O)O,Components-smiles-stereo-oe.smi,O=C(N[C@H]1C=C[C@@H](C(=O)O)C1)c1ncnc2sccc12,resolved
RR0,c1cc2c(cc1F)cncc2NC(=O)C34CC(C3)Oc5c4cc(cc5)Cl,Components-smiles-stereo-oe.smi,O=C(Nc1cncc2cc(F)ccc12)C12CC(C1)Oc1ccc(Cl)cc12,resolved
RR3,Cn1c2c(cn1)ncnc2NS(=O)(=O)Cc3ccc(cc3)CC#N,Components-smiles-stereo-oe.smi,Cn1ncc2ncnc(NS(=O)(=O)Cc3ccc(CC#N)cc3)c21,resolved
RRD,c1ccc2c(c1)cncc2NC(=O)[C@@H]3CN(C(=O)c4c3cc(cc4)Cl)CC(=O)NC5COC5,Components-smiles-stereo-oe.smi,O=C(CN1C[C@@H](C(=O)Nc2cncc3ccccc23)c2cc(Cl)ccc2C1=O)NC1COC1,resolved
RRF,c1cc2c(c(c1)O)C[C@H]([C@H]2NC(=O)c3ccc4c(c3)nc[nH]4)C(=O)O,Components-smiles-stereo-oe.smi,O=C(N[C@H]1c2cccc(O)c2C[C@H]1C(=O)O)c1ccc2[nH]cnc2c1,resolved
RRU,c1ccc2c(c1)cncc2N3CC[C@@]4(C3=O)CN(Cc5c4cc(cc5)Cl)S(=O)(=O)CC6(CC6)C#N,Components-smiles-stereo-oe.smi,N#CC1(CS(=O)(=O)N2Cc3ccc(Cl)cc3[C@@]3(CCN(c4cncc5ccccc45)C3=O)C2)CC1,resolved
RS0,c1cc2c(c(c1)O)C[C@@H]([C@@H]2NC(=O)c3ccc4c(c3)nc[nH]4)C(=O)O,Components-smiles-stereo-oe.smi,O=C(N[C@@H]1c2cccc(O)c2C[C@@H]1C(=O)O)c1ccc2[nH]cnc2c1,resolved
RS6,CC(C)NC(=O)CN1C[C@H](c2cc(ccc2C1=O)Cl)C(=O)Nc3cncc4c3ccc(c4)F,Components-smiles-stereo-oe.smi,CC(C)NC(=O)CN1C[C@@H](C(=O)Nc2cncc3cc(F)ccc23)c2cc(Cl)ccc2C1=O,resolved
RS9,c1cc2c(c(c1)O)C[C@@H]([C@H]2NC(=O)c3ccc4c(c3)nc([nH]4)CO)C(=O)O,Components-smiles-stereo-oe.smi,O=C(N[C@H]1c2cccc(O)c2C[C@@H]1C(=O)O)c1ccc2[nH]c(CO)nc2c1,resolved
RSL,CS(=O)(=O)Oc1ccc2c(c1)cncc2NC(=O)Cc3cccc(c3)Cl,Components-smiles-stereo-oe.smi,CS(=O)(=O)Oc1ccc2c(NC(=O)Cc3cccc(Cl)c3)cncc2c1,resolved
RSR,c1cc2c(cc1F)[nH]c3c2c(nc(n3)N)N4C[C@](C5(C4)CCC5)(C(=O)O)F,Components-smiles-stereo-oe.smi,Nc1nc(N2CC3(CCC3)[C@](F)(C(=O)O)C2)c2c(n1)[nH]c1cc(F)ccc12,resolved
RSY,CC(C)C[C@@H](C(=O)N)NC(=O)[C@H](CCl)NC(=O)C[C@@H]([C@H](Cc1ccccc1)NC(=O)[C@@H](C(C)C)NC(=O)c2ccccn2)O,Components-smiles-stereo-oe.smi,CC(C)C[C@H](NC(=O)[C@H](CCl)NC(=O)C[C@H](O)[C@H](Cc1ccccc1)NC(=O)[C@H](NC(=O)c1ccccn1)C(C)C)C(N)=O,resolved
RSZ,CC(C)[C@@H](C(=O)N[C@@H](Cc1ccccc1)[C@H](CC(=O)N[C@H](Cc2ccccc2)C(=O)NCC#C)O)NC(=O)c3ccccn3,Components-smiles-stereo-oe.smi,C#CCNC(=O)[C@@H](Cc1ccccc1)NC(=O)C[C@H](O)[C@H](Cc1ccccc1)NC(=O)[C@@H](NC(=O)c1ccccn1)C(C)C,resolved
RT2,CCc1ccc(cc1)Cc2ccc3c(c2)[C@]4([C@H]([C@H]([C@@H]([C@H](O4)CO)O)O)O)OC3,Components-smiles-stereo-oe.smi,CCc1ccc(Cc2ccc3c(c2)[C@]2(OC3)O[C@H](CO)[C@@H](O)[C@H](O)[C@@H]2O)cc1,resolved
RT3,Cc1ccc2c(c1)CCCN2C(=O)SCC(=O)Nc3ccc(cc3Cl)S(=O)(=O)N,Components-smiles-stereo-oe.smi,Cc1ccc2c(c1)CCCN2C(=O)SCC(=O)Nc1ccc(S(N)(=O)=O)cc1Cl,resolved
RT4,c1ccc2c(c1)cncc2NC(=O)[C@@H]3CN(C(=O)c4c3cc(cc4)Cl)CC(=O)NC5CC5,Components-smiles-stereo-oe.smi,O=C(CN1C[C@@H](C(=O)Nc2cncc3ccccc23)c2cc(Cl)ccc2C1=O)NC1CC1,resolved
RT5,c1cc2c(cc1F)[nH]c3c2c(nc(n3)N)N4C[C@@](C5(C4)CCC5)(C(=O)O)F,Components-smiles-stereo-oe.smi,Nc1nc(N2CC3(CCC3)[C@@](F)(C(=O)O)C2)c2c(n1)[nH]c1cc(F)ccc12,resolved
RT7,c1cc(c(cc1S(=O)(=O)N)Cl)NC(=O)CSC(=O)N2CCCc3c2c(cc(c3)Cl)Cl,Components-smiles-stereo-oe.smi,NS(=O)(=O)c1ccc(NC(=O)CSC(=O)N2CCCc3cc(Cl)cc(Cl)c32)c(Cl)c1,resolved
RT9,COC1(CC1)CS(=O)(=O)N2C[C@H](c3cc(ccc3C2=O)Cl)C(=O)Nc4cncc5c4cccc5,Components-smiles-stereo-oe.smi,COC1(CS(=O)(=O)N2C[C@@H](C(=O)Nc3cncc4ccccc34)c3cc(Cl)ccc3C2=O)CC1,resolved
RTI,c1cc2c(c(c1)O)C[C@@H]([C@@H]2NC(=O)c3ccc4c(c3)cc[nH]4)C(=O)O,Components-smiles-stereo-oe.smi,O=C(N[C@@H]1c2cccc(O)c2C[C@@H]1C(=O)O)c1ccc2[nH]ccc2c1,resolved
RTS,C[C@]1(CN(S(=O)(=O)c2c1cc(cc2)Cl)CC(=O)NC)C(=O)Nc3cncc4c3cccc4,Components-smiles-stereo-oe.smi,CNC(=O)CN1C[C@@](C)(C(=O)Nc2cncc3ccccc23)c2cc(Cl)ccc2S1(=O)=O,resolved
RTU,c1cc2c(c(c1)O)C[C@H]([C@H]2NC(=O)c3ccc4c(c3)cc[nH]4)C(=O)O,Components-smiles-stereo-oe.smi,O=C(N[C@H]1c2cccc(O)c2C[C@H]1C(=O)O)c1ccc2[nH]ccc2c1,resolved
RTY,c1cc(ccc1C[C@@H]([C@H](CBr)O)N)OCCCC(=O)O,Components-smiles-stereo-oe.smi,N[C@@H](Cc1ccc(OCCCC(=O)O)cc1)[C@@H](O)CBr,resolved
RUN,CC(C)[C@@H](C(=O)N[C@@H](Cc1ccccc1)[C@H](C[C@@H](Cc2ccccc2)c3[nH]c(cn3)C(=O)C(C)C)O)NC(=O)OCc4ccccc4,Components-smiles-stereo-oe.smi,CC(C)C(=O)c1cnc([C@H](Cc2ccccc2)C[C@H](O)[C@H](Cc2ccccc2)NC(=O)[C@@H](NC(=O)OCc2ccccc2)C(C)C)[nH]1,resolved
RV0,CC[C@]1(CNS(=O)(=O)c2c1cc(cc2)Cl)C(=O)Nc3cncc4c3cccc4,Components-smiles-stereo-oe.smi,CC[C@@]1(C(=O)Nc2cncc3ccccc23)CNS(=O)(=O)c2ccc(Cl)cc21,resolved
RV3,c1ccc2c(c1)c(c([nH]2)C(=O)O)CNC(=O)c3ccc4c(c3)nc[nH]4,Components-smiles-stereo-oe.smi,O=C(NCc1c(C(=O)O)[nH]c2ccccc12)c1ccc2[nH]cnc2c1,resolved
RV5,c1cc2c(cc1NC(=O)NCC(=O)N3CCCCC3)snn2,Components-smiles-stereo-oe.smi,O=C(NCC(=O)N1CCCCC1)Nc1ccc2nnsc2c1,resolved
RV8,C1[C@@H](O1)CN2C(=O)N(C(=O)N(C2=O)C[C@H]3CO3)C[C@H]4CO4,Components-smiles-stereo-oe.smi,O=c1n(C[C@H]2CO2)c(=O)n(C[C@H]2CO2)c(=O)n1C[C@H]1CO1,resolved
RVF,c1ccc2c(c1)c(c([nH]2)C(=O)O)CNC(=O)c3ccc4c(c3)nc([nH]4)O,Components-smiles-stereo-oe.smi,O=C(NCc1c(C(=O)O)[nH]c2ccccc12)c1ccc2[nH]c(O)nc2c1,resolved
RVK,CO[C@@H]1[C@@H]([C@@H]([C@H](O1)COP(=O)(O)OP(=O)(O)OC[C@@H]2[C@H]([C@H]([C@@H](O2)n3cnc4c3ncnc4N)O)O)O)O,Components-smiles-stereo-oe.smi,CO[C@H]1O[C@H](COP(=O)(O)OP(=O)(O)OC[C@H]2O[C@@H](n3cnc4c(N)ncnc43)[C@H](O)[C@@H]2O)[C@@H](O)[C@H]1O,resolved
RVL,CNC(=O)C1(CC1)N2C[C@H](c3cc(ccc3C2=O)Cl)C(=O)Nc4cncc5c4cccc5,Components-smiles-stereo-oe.smi,CNC(=O)C1(N2C[C@@H](C(=O)Nc3cncc4ccccc34)c3cc(Cl)ccc3C2=O)CC1,resolved
RVN,c1ccc2c(c1)/C(=C\c3ccc4c(c3C(=O)O)OCO4)/C(=O)N2,Components-smiles-stereo-oe.smi,O=C1Nc2ccccc2/C1=C\c1ccc2c(c1C(=O)O)OCO2,resolved
RVO,c1cnccc1O[C@@H]2CCN(C2)c3c(c(ncn3)N)Cl,Components-smiles-stereo-oe.smi,Nc1ncnc(N2CC[C@@H](Oc3ccncc3)C2)c1Cl,resolved
RVP,c1nc(nn1[C@H]2[C@@H]([C@@H]([C@H](O2)COP(=O)(O)O)O)O)C(=O)N,Components-smiles-stereo-oe.smi,NC(=O)c1ncn([C@@H]2O[C@H](COP(=O)(O)O)[C@@H](O)[C@H]2O)n1,resolved
RVR,c1cc2c(cc1Cl)[C@@H](CNS2(=O)=O)C(=O)Nc3cncc4c3CCCC4,Components-smiles-stereo-oe.smi,O=C(Nc1cncc2c1CCCC2)[C@@H]1CNS(=O)(=O)c2ccc(Cl)cc21,resolved
RVS,c1ccc2c(c1)CC[C@@H]([C@@H]2NC(=O)c3ccc(cc3)NC(=O)NC4CC4)C(=O)O,Components-smiles-stereo-oe.smi,O=C(Nc1ccc(C(=O)N[C@@H]2c3ccccc3CC[C@@H]2C(=O)O)cc1)NC1CC1,resolved
RVW,C([C@H]1[C@@H]([C@H]([C@@H]([C@@H](O1)S)O)O)O)O,Components-smiles-stereo-oe.smi,OC[C@@H]1O[C@@H](S)[C@@H](O)[C@H](O)[C@H]1O,resolved
RW0,C[C@@H]1[C@H](c2cc(ccc2C(=O)N1CC(=O)NC)Cl)C(=O)Nc3cncc4c3ccc(c4)S(=O)(=O)C,Components-smiles-stereo-oe.smi,CNC(=O)CN1C(=O)c2ccc(Cl)cc2[C@H](C(=O)Nc2cncc3cc(S(C)(=O)=O)ccc23)[C@H]1C,resolved
RW5,Cc1ccc(o1)[C@@H]2C[C@H](CCN2C(=O)c3c4cc[nH]c4ncn3)C,Components-smiles-stereo-oe.smi,Cc1ccc([C@@H]2C[C@@H](C)CCN2C(=O)c2ncnc3[nH]ccc23)o1,resolved
RW9,CNC(=O)CN1C[C@]2(CCN(C2=O)c3cncc4c3cccc4)c5cc(ccc5C1=O)Cl,Components-smiles-stereo-oe.smi,CNC(=O)CN1C[C@]2(CCN(c3cncc4ccccc34)C2=O)c2cc(Cl)ccc2C1=O,resolved
RWC,c1ccc2c(c1)C[C@@H](CN2C(=O)c3ccc(cc3)NC(=O)NC4CC4)C(=O)O,Components-smiles-stereo-oe.smi,O=C(Nc1ccc(C(=O)N2C[C@@H](C(=O)O)Cc3ccccc32)cc1)NC1CC1,resolved
RWL,c1c(nc(s1)Cl)Cn2cnc3c2nc(nc3N)N,Components-smiles-stereo-oe.smi,Nc1nc(N)c2ncn(Cc3csc(Cl)n3)c2n1,resolved
RWO,C[C@@]1(CNS(=O)(=O)c2c1cc(cc2)Cl)C(=O)Nc3cncc4c3CCCC4,Components-smiles-stereo-oe.smi,C[C@]1(C(=O)Nc2cncc3c2CCCC3)CNS(=O)(=O)c2ccc(Cl)cc21,resolved
RWQ,c1cc2c(cc1F)[nH]c3c2c(ncn3)N4CCC[C@H](C4)CO,Components-smiles-stereo-oe.smi,OC[C@@H]1CCCN(c2ncnc3[nH]c4cc(F)ccc4c23)C1,resolved
RWR,Cc1ccc(c(c1[C@@H](C(=O)O)OC(C)(C)C)c2ccc3c(c2)CCCO3)C4CC4,Components-smiles-stereo-oe.smi,Cc1ccc(C2CC2)c(-c2ccc3c(c2)CCCO3)c1[C@H](OC(C)(C)C)C(=O)O,resolved
RWT,C[C@]1(CNS(=O)(=O)c2c1cc(cc2)Cl)C(=O)Nc3cncc4c3CCCC4,Components-smiles-stereo-oe.smi,C[C@@]1(C(=O)Nc2cncc3c2CCCC3)CNS(=O)(=O)c2ccc(Cl)cc21,resolved
RXI,Cc1nnc2n1C[C@H](N(C2)C(=O)c3ccc(cc3)NC(=O)NC4CC4)C(=O)O,Components-smiles-stereo-oe.smi,Cc1nnc2n1C[C@@H](C(=O)O)N(C(=O)c1ccc(NC(=O)NC3CC3)cc1)C2,resolved
RXU,CNC(=O)CN1Cc2ccc(cc2[C@]3(C1)CCN(C3=O)c4cncc5c4CCCC5)Cl,Components-smiles-stereo-oe.smi,CNC(=O)CN1Cc2ccc(Cl)cc2[C@@]2(CCN(c3cncc4c3CCCC4)C2=O)C1,resolved
RXX,Cc1ccc(o1)c2nc(cs2)Cn3cnc4c3nc(nc4N)N,Components-smiles-stereo-oe.smi,Cc1ccc(-c2nc(Cn3cnc4c(N)nc(N)nc43)cs2)o1,resolved
RY,C1C=C(NC(=O)N1[C@H]2[C@@H]([C@@H]([C@H](O2)COP(=O)(O)O)O)O)N,Components-smiles-stereo-oe.smi,NC1=CCN([C@@H]2O[C@H](COP(=O)(O)O)[C@@H](O)[C@H]2O)C(=O)N1,resolved
RY4,CS(=O)(=O)Nc1ccc(cc1)CN,Components-smiles-stereo-oe.smi,CS(=O)(=O)Nc1ccc(CN)cc1,resolved
RY5,c1cc2c(cc1Cl)CC[C@@]23C(=O)N(C(=O)N3)Cc4ccon4,Components-smiles-stereo-oe.smi,O=C1N[C@]2(CCc3cc(Cl)ccc32)C(=O)N1Cc1ccon1,resolved
RY6,c1cc2c(c(c1)O)C[C@@H]([C@@H]2NC(=O)c3ccc(cc3)NC(=O)N)C(=O)O,Components-smiles-stereo-oe.smi,NC(=O)Nc1ccc(C(=O)N[C@@H]2c3cccc(O)c3C[C@@H]2C(=O)O)cc1,resolved
RYB,CN(C)CCOc1ccc2cncc(c2c1)N3CC[C@@]4(C3=O)CN(Cc5c4cc(cc5)Cl)S(=O)(=O)CC6(CC6)C#N,Components-smiles-stereo-oe.smi,CN(C)CCOc1ccc2cncc(N3CC[C@]4(CN(S(=O)(=O)CC5(C#N)CC5)Cc5ccc(Cl)cc54)C3=O)c2c1,resolved
RYC,c1cc2c(c(c1)O)C[C@H]([C@H]2NC(=O)c3ccc(cc3)NC(=O)N)C(=O)O,Components-smiles-stereo-oe.smi,NC(=O)Nc1ccc(C(=O)N[C@H]2c3cccc(O)c3C[C@H]2C(=O)O)cc1,resolved
RYI,c1c[nH]c2c1c(ncn2)N3CCC[C@]4(C3)CCS(=O)(=O)C4,Components-smiles-stereo-oe.smi,O=S1(=O)CC[C@@]2(CCCN(c3ncnc4[nH]ccc34)C2)C1,resolved
RYM,c1ccc2c(c1)ncn2Cc3ccc(cc3)C#N,Components-smiles-stereo-oe.smi,N#Cc1ccc(Cn2cnc3ccccc32)cc1,resolved
RYQ,Cc1nc(cs1)Cn2cnc3c2nc(nc3N)N,Components-smiles-stereo-oe.smi,Cc1nc(Cn2cnc3c(N)nc(N)nc32)cs1,resolved
RZ9,c1c[nH]c2c1c(ncn2)N3CCC[C@@H](C3)C4=NNC(=O)O4,Components-smiles-stereo-oe.smi,O=c1[nH]nc([C@H]2CCCN(c3ncnc4[nH]ccc34)C2)o1,resolved
RZF,CNC(=O)CN1C[C@]2(CCN(C2=O)c3cncc4c3cc(cc4)Cl)c5cc(ccc5C1=O)Cl,Components-smiles-stereo-oe.smi,CNC(=O)CN1C[C@]2(CCN(c3cncc4ccc(Cl)cc34)C2=O)c2cc(Cl)ccc2C1=O,resolved
RZG,COC(=O)c1ccc(cc1)S(=O)(=O)N,Components-smiles-stereo-oe.smi,COC(=O)c1ccc(S(N)(=O)=O)cc1,resolved
RZI,c1c(nc(s1)C2CC2)Cn3cnc4c3nc(nc4N)N,Components-smiles-stereo-oe.smi,Nc1nc(N)c2ncn(Cc3csc(C4CC4)n3)c2n1,resolved
RZJ,CN1CCCc2c1cc(cc2)S(=O)(=O)N,Components-smiles-stereo-oe.smi,CN1CCCc2ccc(S(N)(=O)=O)cc21,resolved
RZR,CNC(=O)Nc1ccc(cc1)C(=O)N[C@H]2c3ccccc3C[C@@H]2C(=O)O,Components-smiles-stereo-oe.smi,CNC(=O)Nc1ccc(C(=O)N[C@H]2c3ccccc3C[C@@H]2C(=O)O)cc1,resolved
RZS,CCNc1ccc(cn1)C#N,Components-smiles-stereo-oe.smi,CCNc1ccc(C#N)cn1,resolved
RZU,CNC(=O)C1(CC1)N2C[C@]3(CCN(C3=O)c4cncc5c4cccc5)c6cc(ccc6C2=O)Cl,Components-smiles-stereo-oe.smi,CNC(=O)C1(N2C[C@]3(CCN(c4cncc5ccccc45)C3=O)c3cc(Cl)ccc3C2=O)CC1,resolved
S09,c1ccc(cc1)NC(=O)Nc2ccc(cc2)C(=O)N[C@H]3c4cccc(c4C[C@H]3C(=O)O)O,Components-smiles-stereo-oe.smi,O=C(Nc1ccccc1)Nc1ccc(C(=O)N[C@H]2c3cccc(O)c3C[C@H]2C(=O)O)cc1,resolved
S0I,c1ccc(cc1)CN2CC(=O)Nc3c2cccc3,Components-smiles-stereo-oe.smi,O=C1CN(Cc2ccccc2)c2ccccc2N1,resolved
S0T,c1ccc(cc1)NC(=O)Nc2ccc(cc2)C(=O)N[C@@H]3c4cccc(c4C[C@@H]3C(=O)O)O,Components-smiles-stereo-oe.smi,O=C(Nc1ccccc1)Nc1ccc(C(=O)N[C@@H]2c3cccc(O)c3C[C@@H]2C(=O)O)cc1,resolved
S0X,c1ccc2c(c1)cncc2N3CC[C@@]4(C3=O)CN(Cc5c4cc(cc5)Cl)CC(=O)NCC6CC6,Components-smiles-stereo-oe.smi,O=C(CN1Cc2ccc(Cl)cc2[C@@]2(CCN(c3cncc4ccccc34)C2=O)C1)NCC1CC1,resolved
S0Y,Cc1ccc2c(c1)c(c(o2)C#C)CC(=O)O,Components-smiles-stereo-oe.smi,C#Cc1oc2ccc(C)cc2c1CC(=O)O,resolved
S11,CC(C)c1c(n(c(n1)COC(=O)N)Cc2ccncc2)Sc3cc(cc(c3)Cl)Cl,Components-smiles-stereo-oe.smi,CC(C)c1nc(COC(N)=O)n(Cc2ccncc2)c1Sc1cc(Cl)cc(Cl)c1,resolved
S1F,COC(=O)Nc1ccc(cc1)C(=O)N[C@@H]2c3ccccc3C[C@@H]2C(=O)O,Components-smiles-stereo-oe.smi,COC(=O)Nc1ccc(C(=O)N[C@@H]2c3ccccc3C[C@@H]2C(=O)O)cc1,resolved
S1L,c1ccc2c(c1)cncc2NC(=O)[C@@H]3CN(Cc4c3cc(cc4)Cl)CC(=O)Nc5cccc(c5)N6CCOCC6,Components-smiles-stereo-oe.smi,O=C(CN1Cc2ccc(Cl)cc2[C@H](C(=O)Nc2cncc3ccccc23)C1)Nc1cccc(N2CCOCC2)c1,resolved
S1O,c1c[nH]c2c1c(ncn2)N3CCC[C@@H](C3)n4cc(nn4)CO,Components-smiles-stereo-oe.smi,OCc1cn([C@H]2CCCN(c3ncnc4[nH]ccc34)C2)nn1,resolved
S1U,CCN1CCN(CC1)c2ccc(cc2)NC(=O)CN3Cc4ccc(cc4[C@@H](C3)C(=O)Nc5cncc6c5cccc6)Cl,Components-smiles-stereo-oe.smi,CCN1CCN(c2ccc(NC(=O)CN3Cc4ccc(Cl)cc4[C@H](C(=O)Nc4cncc5ccccc45)C3)cc2)CC1,resolved
S1W,CN(C)c1cccc(c1)Oc2cnc(nc2)Nc3cccc(c3)O,Components-smiles-stereo-oe.smi,CN(C)c1cccc(Oc2cnc(Nc3cccc(O)c3)nc2)c1,resolved
S1X,c1ccc2c(c1)C[C@@H]([C@@H]2NC(=O)c3ccc(cc3)NC(=O)C4CC4)C(=O)O,Components-smiles-stereo-oe.smi,O=C(N[C@@H]1c2ccccc2C[C@@H]1C(=O)O)c1ccc(NC(=O)C2CC2)cc1,resolved
S2R,c1ccc2c(c1)C[C@H]([C@H]2NC(=O)c3ccc(cc3)NC(=O)C4CC4)C(=O)O,Components-smiles-stereo-oe.smi,O=C(N[C@H]1c2ccccc2C[C@H]1C(=O)O)c1ccc(NC(=O)C2CC2)cc1,resolved
S2S,CS(=O)(=O)Nc1ccc(cc1)C(=O)N,Components-smiles-stereo-oe.smi,CS(=O)(=O)Nc1ccc(C(N)=O)cc1,resolved
S39,c1ccc2c(c1)cncc2NC(=O)[C@@H]3CN(Cc4c3cc(cc4)Cl)CC(=O)Nc5ccc6c(c5)ncs6,Components-smiles-stereo-oe.smi,O=C(CN1Cc2ccc(Cl)cc2[C@H](C(=O)Nc2cncc3ccccc23)C1)Nc1ccc2scnc2c1,resolved
S3E,c1c[nH]c2c1c(ncn2)N3CCO[C@H](C3)CC(=O)O,Components-smiles-stereo-oe.smi,O=C(O)C[C@H]1CN(c2ncnc3[nH]ccc23)CCO1,resolved
S3G,CC(C)C[C@@H](Cc1ccc2c(c1C(=O)O)OCO2)CNC(=O)c3ccncc3,Components-smiles-stereo-oe.smi,CC(C)C[C@H](CNC(=O)c1ccncc1)Cc1ccc2c(c1C(=O)O)OCO2,resolved
S3R,Cc1nnc(n1C2CC2)CNc3c(ncc(n3)Cl)N,Components-smiles-stereo-oe.smi,Cc1nnc(CNc2nc(Cl)cnc2N)n1C1CC1,resolved
S3X,C[C@@H](c1ccc(cc1)[N+](=O)[O-])NC(=O)CN2Cc3ccc(cc3[C@@H](C2)C(=O)Nc4cncc5c4cccc5)Cl,Components-smiles-stereo-oe.smi,C[C@H](NC(=O)CN1Cc2ccc(Cl)cc2[C@H](C(=O)Nc2cncc3ccccc23)C1)c1ccc([N+](=O)[O-])cc1,resolved
S4F,c1nc(c(c(n1)N2CCC[C@@H](C2)CCC(=O)O)Cl)N,Components-smiles-stereo-oe.smi,Nc1ncnc(N2CCC[C@H](CCC(=O)O)C2)c1Cl,resolved
S4L,c1ccc(cc1)COC(=O)N[C@@H](CC2CCCCC2)C(=O)N[C@@H](C[C@@H]3CCNC3=O)[C@H](O)S(=O)(=O)O,Components-smiles-stereo-oe.smi,O=C(N[C@@H](CC1CCCCC1)C(=O)N[C@@H](C[C@@H]1CCNC1=O)[C@H](O)S(=O)(=O)O)OCc1ccccc1,resolved
S4O,Cn1c2c(c(n1)O)CCN(C2)C(=O)C3=CC(=CC(=O)O3)O,Components-smiles-stereo-oe.smi,Cn1nc(O)c2c1CN(C(=O)c1cc(O)cc(=O)o1)CC2,resolved
S4X,c1ccc2c(c1)cncc2NC(=O)[C@@H]3CN(Cc4c3cc(cc4)Cl)CC(=O)NC56C[C@H]7C[C@@H](C5)CC(C7)(C6)O,Components-smiles-stereo-oe.smi,O=C(CN1Cc2ccc(Cl)cc2[C@H](C(=O)Nc2cncc3ccccc23)C1)NC12C[C@@H]3C[C@@H](CC(O)(C3)C1)C2,resolved
S50,Cc1cc(n(n1)C2CCCC2)S(=O)(=O)Nc3cc4cc[nH]c4nc3,Components-smiles-stereo-oe.smi,Cc1cc(S(=O)(=O)Nc2cnc3[nH]ccc3c2)n(C2CCCC2)n1,resolved
S5F,c1nncn1C[C@H]2CN(CC23CCC3)C4=NC(=O)NC(=C4)Cl,Components-smiles-stereo-oe.smi,O=c1nc(N2C[C@H](Cn3cnnc3)C3(CCC3)C2)cc(Cl)[nH]1,resolved
S5J,COc1ccccc1N2CCN(CC2)CC#N,Components-smiles-stereo-oe.smi,COc1ccccc1N1CCN(CC#N)CC1,resolved
S5L,CC(=O)Nc1ccc(cc1)NC(=O)CN2Cc3ccc(cc3[C@@H](C2)C(=O)Nc4cncc5c4cccc5)Cl,Components-smiles-stereo-oe.smi,CC(=O)Nc1ccc(NC(=O)CN2Cc3ccc(Cl)cc3[C@H](C(=O)Nc3cncc4ccccc34)C2)cc1,resolved
S5O,c1[nH]c2c(n1)ncnc2N3C[C@@H]4CC[C@H](C3)[C@@H](C4)C(=O)O,Components-smiles-stereo-oe.smi,O=C(O)[C@@H]1C[C@H]2CC[C@@H]1CN(c1ncnc3nc[nH]c13)C2,resolved
S5U,CN(CCCC(=O)O)C(=O)c1c2cc[nH]c2ncn1,Components-smiles-stereo-oe.smi,CN(CCCC(=O)O)C(=O)c1ncnc2[nH]ccc12,resolved
S63,C[C@]1(CCN(C1)C(=O)Cc2c[nH]c3c2c(ccn3)Cl)C(=O)O,Components-smiles-stereo-oe.smi,C[C@@]1(C(=O)O)CCN(C(=O)Cc2c[nH]c3nccc(Cl)c23)C1,resolved
S6C,c1[nH]c2c(n1)ncnc2N3CCC[C@H](C3)CC(=O)O,Components-smiles-stereo-oe.smi,O=C(O)C[C@@H]1CCCN(c2ncnc3nc[nH]c23)C1,resolved
S6K,C[C@H]1CN(C(=O)[C@@]12CN(Cc3c2cc(cc3)Cl)S(=O)(=O)CC4(CC4)C#N)c5cncc6c5cccc6,Components-smiles-stereo-oe.smi,C[C@H]1CN(c2cncc3ccccc23)C(=O)[C@@]12CN(S(=O)(=O)CC1(C#N)CC1)Cc1ccc(Cl)cc12,resolved
S6N,CC1(CC[C@@H](CN1C(=O)c2c3cc[nH]c3ncn2)C(=O)O)C,Components-smiles-stereo-oe.smi,CC1(C)CC[C@H](C(=O)O)CN1C(=O)c1ncnc2[nH]ccc12,resolved
S6U,c1c[nH]c2c1c(ncn2)C(=O)OCCN3CCOC3=O,Components-smiles-stereo-oe.smi,O=C(OCCN1CCOC1=O)c1ncnc2[nH]ccc12,resolved
S6V,c1ccc(cc1)NC(=O)NCCN2CCCC2=O,Components-smiles-stereo-oe.smi,O=C(NCCN1CCCC1=O)Nc1ccccc1,resolved
S7C,CC[C@H]1CN(C(=O)[C@@]12CN(Cc3c2cc(cc3)Cl)S(=O)(=O)CC4(CC4)C#N)c5cncc6c5cccc6,Components-smiles-stereo-oe.smi,CC[C@H]1CN(c2cncc3ccccc23)C(=O)[C@@]12CN(S(=O)(=O)CC1(C#N)CC1)Cc1ccc(Cl)cc12,resolved
S7D,C[C@H]1CN(CCO1)C(=O)Cn2cccn2,Components-smiles-stereo-oe.smi,C[C@H]1CN(C(=O)Cn2cccn2)CCO1,resolved
S7F,Cc1cc(cnc1N)S(=O)(=O)N2CCC[C@@H](C2)C(=O)N,Components-smiles-stereo-oe.smi,Cc1cc(S(=O)(=O)N2CCC[C@H](C(N)=O)C2)cnc1N,resolved
S7G,CC(=O)N[C@@H]1Cc2ccccc2NC1,Components-smiles-stereo-oe.smi,CC(=O)N[C@H]1CNc2ccccc2C1,resolved
S7H,C[C@H](CN1C(=O)N(C(=O)N(C1=O)C[C@@H]2CO2)C[C@H]3CO3)O,Components-smiles-stereo-oe.smi,C[C@@H](O)Cn1c(=O)n(C[C@H]2CO2)c(=O)n(C[C@@H]2CO2)c1=O,resolved
S7J,c1c(cnc(n1)C(F)(F)F)C(=O)N,Components-smiles-stereo-oe.smi,NC(=O)c1cnc(C(F)(F)F)nc1,resolved
S7O,CN(CC(=O)O)C(=O)c1ccc2[n+](c1)C(=O)NN2,Components-smiles-stereo-oe.smi,CN(CC(=O)O)C(=O)c1ccc2[nH][nH]c(=O)[n+]2c1,resolved
S7U,c1ccc2c(c1)cncc2N3CCC[C@@]4(C3=O)CN(Cc5c4cc(cc5)Cl)S(=O)(=O)CC6(CC6)C#N,Components-smiles-stereo-oe.smi,N#CC1(CS(=O)(=O)N2Cc3ccc(Cl)cc3[C@@]3(CCCN(c4cncc5ccccc45)C3=O)C2)CC1,resolved
S7V,c1ccc(cc1)CN2CCO[C@H](C2)CO,Components-smiles-stereo-oe.smi,OC[C@H]1CN(Cc2ccccc2)CCO1,resolved
S7W,C1C[C@@H](OC1)N2C=C(C(=O)NC2=O)F,Components-smiles-stereo-oe.smi,O=c1[nH]c(=O)n([C@H]2CCCO2)cc1F,resolved
S88,C[C@H](c1cccc2c1cccc2)N3CCC(CC3)C(=O)NCc4cccc(c4)F,Components-smiles-stereo-oe.smi,C[C@H](c1cccc2ccccc12)N1CCC(C(=O)NCc2cccc(F)c2)CC1,resolved
S8B,CC(C)NC(=O)c1ccc(cn1)C#Cc2ccncc2,Components-smiles-stereo-oe.smi,CC(C)NC(=O)c1ccc(C#Cc2ccncc2)cn1,resolved
S8E,CCN[P@](=O)(NCCBr)OCc1cnc(n1C)[N+](=O)[O-],Components-smiles-stereo-oe.smi,CCN[P@](=O)(NCCBr)OCc1cnc([N+](=O)[O-])n1C,conflicting_sources
S8H,CC(C)OC(=O)CNC(=O)[C@@H](CS)NC(=O)CC[C@@H](C(=O)O)N,Components-smiles-stereo-oe.smi,CC(C)OC(=O)CNC(=O)[C@@H](CS)NC(=O)CC[C@H](N)C(=O)O,resolved
S8T,CC(C)c1ccc2c(c1)CCc3ccc(cc3S2)F,Components-smiles-stereo-oe.smi,CC(C)c1ccc2c(c1)CCc1ccc(F)cc1S2,resolved
S8Y,CC(C)(C)NC(=O)[C@@H](c1ccccc1)NC(=O)N(C)Cc2ccc3c(c2C(=O)O)OCO3,Components-smiles-stereo-oe.smi,CN(Cc1ccc2c(c1C(=O)O)OCO2)C(=O)N[C@@H](C(=O)NC(C)(C)C)c1ccccc1,resolved
S9S,CS(=O)(=O)NCCc1ccc(cc1)F,Components-smiles-stereo-oe.smi,CS(=O)(=O)NCCc1ccc(F)cc1,resolved
SAC,CC(=O)N[C@@H](CO)C(=O)O,Components-smiles-stereo-oe.smi,CC(=O)N[C@@H](CO)C(=O)O,resolved
SAH,c1nc(c2c(n1)n(cn2)[C@H]3[C@@H]([C@@H]([C@H](O3)CSCC[C@@H](C(=O)O)N)O)O)N,Components-smiles-stereo-oe.smi,Nc1ncnc2c1ncn2[C@@H]1O[C@H](CSCC[C@H](N)C(=O)O)[C@@H](O)[C@H]1O,resolved
SAM,C[S@@+](CC[C@@H](C(=O)[O-])N)C[C@@H]1[C@H]([C@H]([C@@H](O1)n2cnc3c2ncnc3N)O)O,Components-smiles-stereo-oe.smi,C[S@@+](CC[C@H](N)C(=O)[O-])C[C@H]1O[C@@H](n2cnc3c(N)ncnc32)[C@H](O)[C@@H]1O,resolved
SBN,Cc1cc(cc(c1)S(=O)(=O)c2cccc(c2C#N)N)C,Components-smiles-stereo-oe.smi,Cc1cc(C)cc(S(=O)(=O)c2cccc(N)c2C#N)c1,resolved
SCN,C(#N)[S-],Components-smiles-stereo-oe.smi,N#C[S-],resolved
SDY,C([C@@H]1[C@@H]([C@@H]([C@@H]([C@@H](O1)O)O)O)O)O,Components-smiles-stereo-oe.smi,OC[C@H]1O[C@@H](O)[C@@H](O)[C@@H](O)[C@H]1O,resolved
SE,[SeH2],Components-smiles-stereo-oe.smi,[SeH2],resolved
SEP,C([C@@H](C(=O)O)N)OP(=O)(O)O,Components-smiles-stereo-oe.smi,N[C@@H](COP(=O)(O)O)C(=O)O,resolved
SER,C([C@@H](C(=O)O)N)O,Components-smiles-stereo-oe.smi,N[C@@H](CO)C(=O)O,resolved
SET,C([C@@H](C(=O)N)N)O,Components-smiles-stereo-oe.smi,NC(=O)[C@@H](N)CO,resolved
SF4,[S]12[Fe]3[S]4[Fe]1[S]5[Fe]2[S]3[Fe]45,Components-smiles-stereo-oe.smi,[S]12[Fe]3[S]4[Fe]1[S]1[Fe]2[S]3[Fe]41,resolved
SFG,c1nc(c2c(n1)n(cn2)[C@H]3[C@@H]([C@@H]([C@H](O3)C[C@H](CC[C@@H](C(=O)O)N)N)O)O)N,Components-smiles-stereo-oe.smi,Nc1ncnc2c1ncn2[C@@H]1O[C@H](C[C@@H](N)CC[C@H](N)C(=O)O)[C@@H](O)[C@H]1O,resolved
SFY,c1ccnc(c1)NS(=O)(=O)c2ccc(cc2)N,Components-smiles-stereo-oe.smi,Nc1ccc(S(=O)(=O)Nc2ccccn2)cc1,resolved
SGV,c1c(c2c(ncnc2n1[C@H]3[C@@H]([C@@H]([C@H](O3)CO)O)O)N)C(=O)N,Components-smiles-stereo-oe.smi,NC(=O)c1cn([C@@H]2O[C@H](CO)[C@@H](O)[C@H]2O)c2ncnc(N)c12,resolved
SHA,c1ccc(c(c1)C(=O)NO)O,Components-smiles-stereo-oe.smi,O=C(NO)c1ccccc1O,resolved
SIN,C(CC(=O)O)C(=O)O,Components-smiles-stereo-oe.smi,O=C(O)CCC(=O)O,resolved
SJF,c1cc(c(cc1OCC(=O)N2C[C@@H]3CCC[C@@H]3[C@H]2C(=O)N[C@@H](C[C@@H]4CCNC4=O)CO)Cl)Cl,Components-smiles-stereo-oe.smi,O=C1NCC[C@H]1C[C@@H](CO)NC(=O)[C@@H]1[C@H]2CCC[C@H]2CN1C(=O)COc1ccc(Cl)c(Cl)c1,resolved
SJY,Cc1ccc2c(c1)c(c(o2)C#Cc3cccs3)CC(=O)O,Components-smiles-stereo-oe.smi,Cc1ccc2oc(C#Cc3cccs3)c(CC(=O)O)c2c1,resolved
SNM,CN(C)[C@@H](CO)C(=O)O,Components-smiles-stereo-oe.smi,CN(C)[C@@H](CO)C(=O)O,resolved
SO0,c1cc(c(cc1Cl)Cl)OCC(=O)N2C[C@@H]3CCC[C@@H]3[C@H]2C(=O)N[C@@H](C[C@@H]4CCNC4=O)CO,Components-smiles-stereo-oe.smi,O=C1NCC[C@H]1C[C@@H](CO)NC(=O)[C@@H]1[C@H]2CCC[C@H]2CN1C(=O)COc1ccc(Cl)cc1Cl,resolved
SPD,C(CCNCCCN)CN,Components-smiles-stereo-oe.smi,NCCCCNCCCN,resolved
SPH,CCCCCCCCCCCCCC=C[C@@H]([C@@H](CO)N)O,Components-smiles-stereo-oe.smi,CCCCCCCCCCCCCC=C[C@H](O)[C@H](N)CO,resolved
SPM,C(CCNCCCN)CNCCCN,Components-smiles-stereo-oe.smi,NCCCNCCCCNCCCN,resolved
SPP,CC(C)Nc1cccnc1N2CCN(CC2)C(=O)c3cc4cc(ccc4[nH]3)NS(=O)(=O)C,Components-smiles-stereo-oe.smi,CC(C)Nc1cccnc1N1CCN(C(=O)c2cc3cc(NS(C)(=O)=O)ccc3[nH]2)CC1,resolved
SQ2,CC1CCN(CC1)C(=O)Cn2c3ccccc3nn2,Components-smiles-stereo-oe.smi,CC1CCN(C(=O)Cn2nnc3ccccc32)CC1,resolved
SQ3,CC1([C@@H]2[C@H]1[C@H](N(C2)C(=O)COc3ccc(cc3Cl)Cl)C(=O)N[C@@H](C[C@@H]4CCNC4=O)CO)C,Components-smiles-stereo-oe.smi,CC1(C)[C@@H]2[C@@H](C(=O)N[C@H](CO)C[C@@H]3CCNC3=O)N(C(=O)COc3ccc(Cl)cc3Cl)C[C@@H]21,resolved
SQ5,c1c(cncc1F)N2C(=O)[C@@H](NC2=O)CC3CCCCC3,Components-smiles-stereo-oe.smi,O=C1N[C@@H](CC2CCCCC2)C(=O)N1c1cncc(F)c1,resolved
SRU,CC(=O)N1[C@@H](CC(=N1)c2ccccc2)c3ccc(c(c3)OC)OC,Components-smiles-stereo-oe.smi,COc1ccc([C@@H]2CC(c3ccccc3)=NN2C(C)=O)cc1OC,resolved
STE,CCCCCCCCCCCCCCCCCC(=O)O,Components-smiles-stereo-oe.smi,CCCCCCCCCCCCCCCCCC(=O)O,resolved
STV,CCS(=O)(=O)NCc1ccc2c(c1)OCO2,Components-smiles-stereo-oe.smi,CCS(=O)(=O)NCc1ccc2c(c1)OCO2,resolved
SV6,CCC[C@@H]([C@H](C(=O)NC1CC1)O)NC(=O)[C@@H]2[C@H]3CCC[C@H]3CN2C(=O)[C@H](C(C)(C)C)NC(=O)[C@H](C4CCCCC4)NC(=O)c5cnccn5,Components-smiles-stereo-oe.smi,CCC[C@H](NC(=O)[C@@H]1[C@H]2CCC[C@H]2CN1C(=O)[C@@H](NC(=O)[C@@H](NC(=O)c1cnccn1)C1CCCCC1)C(C)(C)C)[C@@H](O)C(=O)NC1CC1,resolved
SVL,CC(C)C[C@@H]1CN(CCN1Cc2cccc(c2)Cl)C(=O)C,Components-smiles-stereo-oe.smi,CC(=O)N1CCN(Cc2cccc(Cl)c2)[C@H](CC(C)C)C1,resolved
SYH,C=C1CCN(CC1)C(=O)Cn2c3ccccc3nn2,Components-smiles-stereo-oe.smi,C=C1CCN(C(=O)Cn2nnc3ccccc32)CC1,resolved
SZE,CN1CC[N@](CC1=O)c2c(cccn2)F,Components-smiles-stereo-oe.smi,CN1CCN(c2ncccc2F)CC1=O,resolved
SZY,Cc1ccncc1NC(=O)C,Components-smiles-stereo-oe.smi,CC(=O)Nc1cnccc1C,resolved
T0J,c1ccc(cc1)NC(=O)N2CCC(CC2)C(=O)N,Components-smiles-stereo-oe.smi,NC(=O)C1CCN(C(=O)Nc2ccccc2)CC1,resolved
T0S,CC(=O)NCc1ccc(cc1)S(=O)(=O)N,Components-smiles-stereo-oe.smi,CC(=O)NCc1ccc(S(N)(=O)=O)cc1,resolved
T0V,c1cc(cc(c1)F)CNCc2ccco2,Components-smiles-stereo-oe.smi,Fc1cccc(CNCc2ccco2)c1,resolved
T0W,CCN(Cc1ccoc1)C(=O)Cn2c3ccccc3nn2,Components-smiles-stereo-oe.smi,CCN(Cc1ccoc1)C(=O)Cn1nnc2ccccc21,resolved
T0Y,c1cscc1CN2CCC(CC2)O,Components-smiles-stereo-oe.smi,OC1CCN(Cc2ccsc2)CC1,resolved
T1J,c1ccc(c(c1)CNc2[nH]c3ccccc3n2)O,Components-smiles-stereo-oe.smi,Oc1ccccc1CNc1nc2ccccc2[nH]1,resolved
T1M,C[C@@H]1[C@H](CCCN1Cc2ccccc2)O,Components-smiles-stereo-oe.smi,C[C@@H]1[C@@H](O)CCCN1Cc1ccccc1,resolved
T1R,CC(C)CN(C[C@H]([C@H](Cc1ccccc1)NC(=O)O[C@@H]2C[C@@H]3CO[C@H]4[C@@H]3C[C@@H]2O4)O)S(=O)(=O)c5ccc(cc5)OC,Components-smiles-stereo-oe.smi,COc1ccc(S(=O)(=O)N(CC(C)C)C[C@@H](O)[C@H](Cc2ccccc2)NC(=O)O[C@@H]2C[C@@H]3CO[C@@H]4O[C@H]2C[C@H]34)cc1,resolved
T1S,c1cc(cc(c1)Cl)CN2CCOCC2,Components-smiles-stereo-oe.smi,Clc1cccc(CN2CCOCC2)c1,resolved
T1V,CC(=O)N1CCN(CC1)S(=O)(=O)c2cccs2,Components-smiles-stereo-oe.smi,CC(=O)N1CCN(S(=O)(=O)c2cccs2)CC1,resolved
T1X,CC(C)C[C@@H](C(=O)N[C@@H](C[C@@H]1CCNC1=O)[C@@H](c2nc3c(cccc3s2)F)O)NC(=O)c4cc5c(ccc(c5[nH]4)F)OC,Components-smiles-stereo-oe.smi,COc1ccc(F)c2[nH]c(C(=O)N[C@@H](CC(C)C)C(=O)N[C@@H](C[C@@H]3CCNC3=O)[C@H](O)c3nc4c(F)cccc4s3)cc12,resolved
T1Y,CC(=O)N1CCN(CC1)S(=O)(=O)c2cccc(c2)F,Components-smiles-stereo-oe.smi,CC(=O)N1CCN(S(=O)(=O)c2cccc(F)c2)CC1,resolved
T27,Cc1cc(cc(c1Nc2ccnc(n2)Nc3ccc(cc3)C#N)C)/C=C/C#N,Components-smiles-stereo-oe.smi,Cc1cc(/C=C/C#N)cc(C)c1Nc1ccnc(Nc2ccc(C#N)cc2)n1,resolved
T2G,Cc1cccc(c1)CN2CCN(CC2)C(=O)C,Components-smiles-stereo-oe.smi,CC(=O)N1CCN(Cc2cccc(C)c2)CC1,resolved
T2J,CC(=O)N1CCN(CC1)c2ccccc2[N+](=O)[O-],Components-smiles-stereo-oe.smi,CC(=O)N1CCN(c2ccccc2[N+](=O)[O-])CC1,resolved
T2L,CC1([C@@H]2[C@H]1[C@H](N(C2)C(=O)[C@H](C(C)(C)C)NC(=O)C(F)(F)F)C(=O)N[C@@H](C[C@@H]3CCNC3=O)[C@@H](c4nc5c(cccc5s4)F)O)C,Components-smiles-stereo-oe.smi,CC(C)(C)[C@H](NC(=O)C(F)(F)F)C(=O)N1C[C@H]2[C@@H]([C@H]1C(=O)N[C@@H](C[C@@H]1CCNC1=O)[C@H](O)c1nc3c(F)cccc3s1)C2(C)C,resolved
T2R,CC(C)CN(C[C@H]([C@H](Cc1ccccc1)NC(=O)O[C@H]2C[C@H]3CO[C@@H]4[C@H]3C[C@H]2O4)O)S(=O)(=O)c5ccc6c(c5)oc(n6)NC(C)C,Components-smiles-stereo-oe.smi,CC(C)CN(C[C@@H](O)[C@H](Cc1ccccc1)NC(=O)O[C@H]1C[C@H]2CO[C@H]3O[C@@H]1C[C@@H]23)S(=O)(=O)c1ccc2nc(NC(C)C)oc2c1,resolved
T2V,CC(=O)N1CCC[C@H](C1)c2nc3ccccc3s2,Components-smiles-stereo-oe.smi,CC(=O)N1CCC[C@@H](c2nc3ccccc3s2)C1,resolved
T2Y,CC(=O)NCc1ccc2c(c1)OCO2,Components-smiles-stereo-oe.smi,CC(=O)NCc1ccc2c(c1)OCO2,resolved
T3G,CC(=O)N1CCN(CC1)S(=O)(=O)c2c(cccc2F)F,Components-smiles-stereo-oe.smi,CC(=O)N1CCN(S(=O)(=O)c2c(F)cccc2F)CC1,resolved
T3J,CC(=O)N1CCO[C@H](C1)c2ccc(cc2)F,Components-smiles-stereo-oe.smi,CC(=O)N1CCO[C@@H](c2ccc(F)cc2)C1,resolved
T3V,CC(=O)N1CCN(CC1)S(=O)(=O)c2ccccc2F,Components-smiles-stereo-oe.smi,CC(=O)N1CCN(S(=O)(=O)c2ccccc2F)CC1,resolved
T43,CC1([C@@H]2[C@H]1[C@H](N(C2)C(=O)[C@H](C(C)(C)C)NC(=O)C(F)(F)F)C(=S)N[C@@H](C[C@@H]3CCNC3=O)C(=O)c4nc5c(cccc5s4)F)C,Components-smiles-stereo-oe.smi,CC(C)(C)[C@H](NC(=O)C(F)(F)F)C(=O)N1C[C@H]2[C@@H]([C@H]1C(=S)N[C@@H](C[C@@H]1CCNC1=O)C(=O)c1nc3c(F)cccc3s1)C2(C)C,resolved
T47,CC(=O)N1CCN(CC1)Cc2cccc(c2)Cl,Components-smiles-stereo-oe.smi,CC(=O)N1CCN(Cc2cccc(Cl)c2)CC1,resolved
T4D,CC(=O)N1CCN(CC1)S(=O)(=O)c2ccccc2C#N,Components-smiles-stereo-oe.smi,CC(=O)N1CCN(S(=O)(=O)c2ccccc2C#N)CC1,resolved
T4J,CC(=O)Nc1cccc(c1)C(=O)N2CCSCC2,Components-smiles-stereo-oe.smi,CC(=O)Nc1cccc(C(=O)N2CCSCC2)c1,resolved
T4M,C[C@@H](c1cccc2c1cccc2)NC(=O)C,Components-smiles-stereo-oe.smi,CC(=O)N[C@@H](C)c1cccc2ccccc12,resolved
T4V,CC(=O)N1CCN(CC1)Cc2cccc3c2cccc3,Components-smiles-stereo-oe.smi,CC(=O)N1CCN(Cc2cccc3ccccc23)CC1,resolved
T4Y,Cc1ccccc1CN2CCCN(CC2)C(=O)C,Components-smiles-stereo-oe.smi,CC(=O)N1CCCN(Cc2ccccc2C)CC1,resolved
T50,Cc1cccc2c1nc(n2Cc3c(cccc3F)F)c4c(cccc4F)F,Components-smiles-stereo-oe.smi,Cc1cccc2c1nc(-c1c(F)cccc1F)n2Cc1c(F)cccc1F,resolved
T54,c1cscc1[C@@H]2CCC[C@@H]2C(=O)N,Components-smiles-stereo-oe.smi,NC(=O)[C@H]1CCC[C@H]1c1ccsc1,resolved
T5D,c1ccnc(c1)C2(CCCC2)CO,Components-smiles-stereo-oe.smi,OCC1(c2ccccn2)CCCC1,resolved
T5G,c1cc(ccc1S(=O)(=O)N)Br,Components-smiles-stereo-oe.smi,NS(=O)(=O)c1ccc(Br)cc1,resolved
T5V,c1c(cncn1)N,Components-smiles-stereo-oe.smi,Nc1cncnc1,resolved
T5Y,c1ccnc(c1)O,Components-smiles-stereo-oe.smi,Oc1ccccn1,resolved
T67,CN1CCN(CC1)C(=O)Cc2c[nH]c3c2cccn3,Components-smiles-stereo-oe.smi,CN1CCN(C(=O)Cc2c[nH]c3ncccc23)CC1,resolved
T6B,Cn1ccc2c1nccc2c3ccc(o3)C(=O)N4CCOCC4,Components-smiles-stereo-oe.smi,Cn1ccc2c(-c3ccc(C(=O)N4CCOCC4)o3)ccnc21,resolved
T6J,CS(=O)(=O)Cc1[nH]c2ccccc2n1,Components-smiles-stereo-oe.smi,CS(=O)(=O)Cc1nc2ccccc2[nH]1,resolved
T6M,CC(=O)N1CCN(CC1)S(=O)(=O)c2ccc(cc2)Cl,Components-smiles-stereo-oe.smi,CC(=O)N1CCN(S(=O)(=O)c2ccc(Cl)cc2)CC1,resolved
T6O,CC1C(C(=O)N1S(=O)(=O)O)NC(=O)C(=NOC(C)(C)C(=O)O)c2csc(n2)N,Components-smiles-stereo-oe.smi,CC1C(NC(=O)C(=NOC(C)(C)C(=O)O)c2csc(N)n2)C(=O)N1S(=O)(=O)O,resolved
T6V,CC(=O)N(c1ccccc1)[C@@H]2CS(=O)(=O)C=C2,Components-smiles-stereo-oe.smi,CC(=O)N(c1ccccc1)[C@H]1C=CS(=O)(=O)C1,resolved
T6Y,CC(=O)N1CCN(CC1)Cc2ccc(s2)Cl,Components-smiles-stereo-oe.smi,CC(=O)N1CCN(Cc2ccc(Cl)s2)CC1,resolved
T71,Cc1ccc(c(c1)S(=O)(=O)N2CCN(CC2)C(=O)C)C,Components-smiles-stereo-oe.smi,CC(=O)N1CCN(S(=O)(=O)c2cc(C)ccc2C)CC1,resolved
T7A,CC(=O)Nc1nc2c(cccc2s1)OC,Components-smiles-stereo-oe.smi,COc1cccc2sc(NC(C)=O)nc12,resolved
T7D,CC(=O)N1CCC(CC1)NC(=O)c2ccccc2,Components-smiles-stereo-oe.smi,CC(=O)N1CCC(NC(=O)c2ccccc2)CC1,resolved
T7G,CC(=O)N1CCC(CC1)C(=O)Nc2ccccc2O,Components-smiles-stereo-oe.smi,CC(=O)N1CCC(C(=O)Nc2ccccc2O)CC1,resolved
T7J,Cc1ccc(cc1)N([C@H]2CS(=O)(=O)C=C2)C(=O)C,Components-smiles-stereo-oe.smi,CC(=O)N(c1ccc(C)cc1)[C@@H]1C=CS(=O)(=O)C1,resolved
T7P,CC(=O)N(c1ccc(cc1)F)[C@H]2CS(=O)(=O)C=C2,Components-smiles-stereo-oe.smi,CC(=O)N(c1ccc(F)cc1)[C@@H]1C=CS(=O)(=O)C1,resolved
T7S,CC(=O)N1CCC(CC1)C(=O)N2CCCCC2,Components-smiles-stereo-oe.smi,CC(=O)N1CCC(C(=O)N2CCCCC2)CC1,resolved
T7V,C[C@H](c1cccc(c1)Cl)NC(=O)C,Components-smiles-stereo-oe.smi,CC(=O)N[C@H](C)c1cccc(Cl)c1,resolved
T7Y,CC(=O)Nc1cccc(c1)N2CCCC2=O,Components-smiles-stereo-oe.smi,CC(=O)Nc1cccc(N2CCCC2=O)c1,resolved
T81,CC(=O)N1CCN(CC1)Cc2ccc(s2)Br,Components-smiles-stereo-oe.smi,CC(=O)N1CCN(Cc2ccc(Br)s2)CC1,resolved
T84,CC(=O)N1CCN(CC1)Cc2ccsc2,Components-smiles-stereo-oe.smi,CC(=O)N1CCN(Cc2ccsc2)CC1,resolved
T8A,CC(=O)N1Cc2ccccc2[C@@H](C1)c3ccccc3,Components-smiles-stereo-oe.smi,CC(=O)N1Cc2ccccc2[C@H](c2ccccc2)C1,resolved
T8D,CC(=O)N1CCN(CC1)S(=O)(=O)c2ccc(s2)Cl,Components-smiles-stereo-oe.smi,CC(=O)N1CCN(S(=O)(=O)c2ccc(Cl)s2)CC1,resolved
T8J,CC(=O)N1CCN(CC1)C(=O)c2cccs2,Components-smiles-stereo-oe.smi,CC(=O)N1CCN(C(=O)c2cccs2)CC1,resolved
T8M,CC(=O)N1CCN(CC1)Cc2cccs2,Components-smiles-stereo-oe.smi,CC(=O)N1CCN(Cc2cccs2)CC1,resolved
T8P,CC(=O)N1CCN(CC1)c2ccc(cc2)OC,Components-smiles-stereo-oe.smi,COc1ccc(N2CCN(C(C)=O)CC2)cc1,resolved
T8S,CC(C)N(C)C(=O)C1CCN(CC1)C(=O)C,Components-smiles-stereo-oe.smi,CC(=O)N1CCC(C(=O)N(C)C(C)C)CC1,resolved
T8V,CC(=O)Nc1cccnc1Cl,Components-smiles-stereo-oe.smi,CC(=O)Nc1cccnc1Cl,resolved
T8Y,CC(=O)N1CCN(CC1)C(=O)C,Components-smiles-stereo-oe.smi,CC(=O)N1CCN(C(C)=O)CC1,resolved
T90,Cc1nnc(n1Cc2ccccc2)SCc3cc(ccc3OC)C(=O)C,Components-smiles-stereo-oe.smi,COc1ccc(C(C)=O)cc1CSc1nnc(C)n1Cc1ccccc1,resolved
T9J,CC(=O)N[C@@H](Cc1ccc(cc1)O)C(=O)NCC#CBr,Components-smiles-stereo-oe.smi,CC(=O)N[C@@H](Cc1ccc(O)cc1)C(=O)NCC#CBr,resolved
T9M,C[C@H]([C@H](C(=O)NCC=C)NC(=O)C)O,Components-smiles-stereo-oe.smi,C=CCNC(=O)[C@H](NC(C)=O)[C@@H](C)O,resolved
T9P,CC(=O)N[C@@H](CC(=O)N)C(=O)NCC=C,Components-smiles-stereo-oe.smi,C=CCNC(=O)[C@H](CC(N)=O)NC(C)=O,resolved
TB9,C[C@H]1CN2c3c(cc(cc3NC2=S)Cl)CN1CC=C(C)C,Components-smiles-stereo-oe.smi,CC(C)=CCN1Cc2cc(Cl)cc3[nH]c(=S)n(c23)C[C@@H]1C,resolved
TBG,CC(C)(C)[C@@H](C(=O)O)N,Components-smiles-stereo-oe.smi,CC(C)(C)[C@H](N)C(=O)O,resolved
TBN,c1cn(c2c1c(ncn2)N)[C@H]3[C@@H]([C@@H]([C@H](O3)CO)O)O,Components-smiles-stereo-oe.smi,Nc1ncnc2c1ccn2[C@@H]1O[C@H](CO)[C@@H](O)[C@H]1O,resolved
TBO,C[C@H]1CN2c3c(ccc(c3C[N@]1CC=C(C)C)Cl)NC2=S,Components-smiles-stereo-oe.smi,CC(C)=CCN1Cc2c(Cl)ccc3[nH]c(=S)n(c23)C[C@@H]1C,resolved
TFA,C(=O)(C(F)(F)F)O,Components-smiles-stereo-oe.smi,O=C(O)C(F)(F)F,resolved
TFO,C[C@H](Cn1cnc2c1ncnc2N)OCP(=O)(O)O,Components-smiles-stereo-oe.smi,C[C@H](Cn1cnc2c(N)ncnc21)OCP(=O)(O)O,resolved
TG3,CCOC(=O)CC[C@H](C[C@@H]1CCNC1=O)NC(=O)[C@H](CC(C)C)NC(=O)[C@H]([C@@H](C)OC(C)(C)C)NC(=O)OCc2ccccc2,Components-smiles-stereo-oe.smi,CCOC(=O)CC[C@H](C[C@@H]1CCNC1=O)NC(=O)[C@H](CC(C)C)NC(=O)[C@@H](NC(=O)OCc1ccccc1)[C@@H](C)OC(C)(C)C,resolved
THK,c1cc(ccc1C2(SCCS2)CCCN3CCC(CC3)(c4ccc(cc4)Cl)O)F,Components-smiles-stereo-oe.smi,OC1(c2ccc(Cl)cc2)CCN(CCCC2(c3ccc(F)cc3)SCCS2)CC1,resolved
TK7,CCC(CC)CN(C[C@H]([C@H](Cc1ccc(cc1)OCP(=O)(OCC)OCC)NC(=O)O[C@H]2CO[C@@H]3[C@H]2CCO3)O)S(=O)(=O)c4ccc(cc4)N,Components-smiles-stereo-oe.smi,CCOP(=O)(COc1ccc(C[C@H](NC(=O)O[C@H]2CO[C@H]3OCC[C@H]32)[C@H](O)CN(CC(CC)CC)S(=O)(=O)c2ccc(N)cc2)cc1)OCC,resolved
TKX,c1cc(c(cc1COc2cc(cnc2C=O)Br)[N+](=O)[O-])Cl,Components-smiles-stereo-oe.smi,O=Cc1ncc(Br)cc1OCc1ccc(Cl)c([N+](=O)[O-])c1,resolved
TLA,[C@@H]([C@H](C(=O)O)O)(C(=O)O)O,Components-smiles-stereo-oe.smi,O=C(O)[C@H](O)[C@@H](O)C(=O)O,resolved
TNI,c1cc(c(cc1COc2cc(cnc2C=O)Br)Br)Cl,Components-smiles-stereo-oe.smi,O=Cc1ncc(Br)cc1OCc1ccc(Cl)c(Br)c1,resolved
TNK,CC(C)C1=C(N(C(=O)NC1=O)COCc2ccccc2)Cc3ccccc3,Components-smiles-stereo-oe.smi,CC(C)c1c(Cc2ccccc2)n(COCc2ccccc2)c(=O)[nH]c1=O,resolved
TNV,C[C@H](Cn1cnc2c1ncnc2N)OC[P@](=O)(O)O[P@](=O)(O)OP(=O)(O)O,Components-smiles-stereo-oe.smi,C[C@H](Cn1cnc2c(N)ncnc21)OC[P@](=O)(O)O[P@](=O)(O)OP(=O)(O)O,resolved
TO1,c1c(c2c(ncnc2n1[C@H]3[C@@H]([C@@H]([C@H](O3)CO)O)O)N)C#N,Components-smiles-stereo-oe.smi,N#Cc1cn([C@@H]2O[C@H](CO)[C@@H](O)[C@H]2O)c2ncnc(N)c12,resolved
TPB,Cc1cc(c(c(c1)C)Nc2ccnc(n2)Nc3ccc(cc3)C#N)C,Components-smiles-stereo-oe.smi,Cc1cc(C)c(Nc2ccnc(Nc3ccc(C#N)cc3)n2)c(C)c1,resolved
TPV,CCC[C@]1(CC(=C(C(=O)O1)[C@H](CC)c2cccc(c2)NS(=O)(=O)c3ccc(cn3)C(F)(F)F)O)CCc4ccccc4,Components-smiles-stereo-oe.smi,CCC[C@@]1(CCc2ccccc2)CC(O)=C([C@H](CC)c2cccc(NS(=O)(=O)c3ccc(C(F)(F)F)cn3)c2)C(=O)O1,resolved
TQ2,Cc1ccc(cc1C)c2c3ccccc3nc(c2[C@@H](C(=O)O)OC(C)(C)C)C,Components-smiles-stereo-oe.smi,Cc1ccc(-c2c([C@H](OC(C)(C)C)C(=O)O)c(C)nc3ccccc23)cc1C,resolved
TQM,c1cc(cc(c1)F)c2ccc3c(c2)c(c(o3)C#Cc4cccs4)CC(=O)O,Components-smiles-stereo-oe.smi,O=C(O)Cc1c(C#Cc2cccs2)oc2ccc(-c3cccc(F)c3)cc12,resolved
TQX,Cc1c(cc(c2c1CCCO2)F)c3c4ccccc4nc(c3[C@@H](C(=O)O)OC(C)(C)C)C,Components-smiles-stereo-oe.smi,Cc1nc2ccccc2c(-c2cc(F)c3c(c2C)CCCO3)c1[C@H](OC(C)(C)C)C(=O)O,resolved
TRP,c1ccc2c(c1)c(c[nH]2)C[C@@H](C(=O)O)N,Components-smiles-stereo-oe.smi,N[C@@H](Cc1c[nH]c2ccccc12)C(=O)O,resolved
TT1,c1ccc(cc1)Cn2c(nnc2SCc3ccccc3Cl)c4cccs4,Components-smiles-stereo-oe.smi,Clc1ccccc1CSc1nnc(-c2cccs2)n1Cc1ccccc1,resolved
TTA,c1ccc(cc1)[As+](c2ccccc2)(c3ccccc3)c4ccccc4,Components-smiles-stereo-oe.smi,c1ccc([As+](c2ccccc2)(c2ccccc2)c2ccccc2)cc1,resolved
TTO,c1ccc(cc1)[As+](c2ccccc2)(c3ccccc3)c4ccc(c(c4)O)O,Components-smiles-stereo-oe.smi,Oc1ccc([As+](c2ccccc2)(c2ccccc2)c2ccccc2)cc1O,resolved
TTP,CC1=CN(C(=O)NC1=O)[C@H]2C[C@@H]([C@H](O2)CO[P@](=O)(O)O[P@@](=O)(O)OP(=O)(O)O)O,Components-smiles-stereo-oe.smi,Cc1cn([C@H]2C[C@H](O)[C@@H](CO[P@](=O)(O)O[P@@](=O)(O)OP(=O)(O)O)O2)c(=O)[nH]c1=O,resolved
TTT,Cc1ccc(cc1C(=O)N[C@H](C)c2cccc3c2cccc3)N,Components-smiles-stereo-oe.smi,Cc1ccc(N)cc1C(=O)N[C@H](C)c1cccc2ccccc12,resolved
TU8,c1ccc2c(c1)CC[C@@]23C(=O)N(C(=O)N3)c4cc(cnc4)F,Components-smiles-stereo-oe.smi,O=C1N[C@]2(CCc3ccccc32)C(=O)N1c1cncc(F)c1,resolved
TXM,Cc1ccc2c(c1)c(c(o2)C#Cc3cccs3)[C@H](C(C)C)C(=O)O,Components-smiles-stereo-oe.smi,Cc1ccc2oc(C#Cc3cccs3)c([C@@H](C(=O)O)C(C)C)c2c1,resolved
TYZ,CC(=O)Nc1ccc(cc1)C(=O)O,Components-smiles-stereo-oe.smi,CC(=O)Nc1ccc(C(=O)O)cc1,resolved
U01,CC(C)[C@@H](c1ccc(cc1)Br)C2=C(c3ccccc3OC2=O)O,Components-smiles-stereo-oe.smi,CC(C)[C@@H](c1ccc(Br)cc1)c1c(O)c2ccccc2oc1=O,resolved
U02,CC[C@H](Cc1ccccc1)C2=CC(=C(C(=O)O2)[C@H](c3cccc(c3)NC(=O)CCNC(=O)OC(C)(C)C)C4C=C4)O,Components-smiles-stereo-oe.smi,CC[C@H](Cc1ccccc1)c1cc(O)c([C@H](c2cccc(NC(=O)CCNC(=O)OC(C)(C)C)c2)C2C=C2)c(=O)o1,resolved
U05,CCN1c2cc(ccc2N(C(=O)c3c1nccc3)C)[N+](=O)[O-],Components-smiles-stereo-oe.smi,CCN1c2cc([N+](=O)[O-])ccc2N(C)C(=O)c2cccnc21,resolved
U08,c1cc(n2c1c(ncn2)N)[C@]3([C@@H]([C@@H]([C@H](O3)CO)O)O)C#N,Components-smiles-stereo-oe.smi,N#C[C@@]1(c2ccc3c(N)ncnn23)O[C@H](CO)[C@@H](O)[C@H]1O,resolved
U0E,CC(C)[C@H](C[C@@H]([C@H](CC1CCCCC1)NC(=O)C)O)C(=O)N[C@@H](CCC(=O)N)C(=O)N[C@@H](CCCNC(=N)N)C(=O)N,Components-smiles-stereo-oe.smi,CC(=O)N[C@@H](CC1CCCCC1)[C@@H](O)C[C@H](C(=O)N[C@@H](CCC(N)=O)C(=O)N[C@@H](CCCNC(=N)N)C(N)=O)C(C)C,resolved
U0M,Cc1nnc(s1)CN2CCC=C(C2)F,Components-smiles-stereo-oe.smi,Cc1nnc(CN2CCC=C(F)C2)s1,resolved
U0P,Cc1cc(no1)CN(C)C(=O)NC2CC2,Components-smiles-stereo-oe.smi,Cc1cc(CN(C)C(=O)NC2CC2)no1,resolved
U0R,c1cc(c(cc1Br)COc2cc(cnc2C=O)Br)Cl,Components-smiles-stereo-oe.smi,O=Cc1ncc(Br)cc1OCc1cc(Br)ccc1Cl,resolved
U0S,c1cnc(cn1)N2CC[C@@]3(C2)CCOC3,Components-smiles-stereo-oe.smi,c1cnc(N2CC[C@]3(CCOC3)C2)cn1,resolved
U0V,c1ccc(c(c1)C(=O)NCCc2ccncc2)F,Components-smiles-stereo-oe.smi,O=C(NCCc1ccncc1)c1ccccc1F,resolved
U0Y,Cc1ccc(cc1)C(=O)N2CCN(CC2)C(=O)C,Components-smiles-stereo-oe.smi,CC(=O)N1CCN(C(=O)c2ccc(C)cc2)CC1,resolved
U1A,Cc1ccc(cc1)S(=O)(=O)N2CCN(CC2)C(=O)C,Components-smiles-stereo-oe.smi,CC(=O)N1CCN(S(=O)(=O)c2ccc(C)cc2)CC1,resolved
U1D,CC(=O)NNC(=O)c1cc2c(s1)CCCC2,Components-smiles-stereo-oe.smi,CC(=O)NNC(=O)c1cc2c(s1)CCCC2,resolved
U1G,CC(=O)N1CCN(CC1)C(=O)c2ccco2,Components-smiles-stereo-oe.smi,CC(=O)N1CCN(C(=O)c2ccco2)CC1,resolved
U1J,Cc1ccc(cc1[N+](=O)[O-])COc2cc(cnc2C=O)Br,Components-smiles-stereo-oe.smi,Cc1ccc(COc2cc(Br)cnc2C=O)cc1[N+](=O)[O-],resolved
U1M,Cc1ccc(c(c1)C)S(=O)(=O)N2CCN(CC2)C(=O)C,Components-smiles-stereo-oe.smi,CC(=O)N1CCN(S(=O)(=O)c2ccc(C)cc2C)CC1,resolved
U1R,c1ccc2cc(ccc2c1)COc3cc(cnc3C=O)Br,Components-smiles-stereo-oe.smi,O=Cc1ncc(Br)cc1OCc1ccc2ccccc2c1,resolved
U1V,Cc1cc(ccc1CS(=O)(=O)N)F,Components-smiles-stereo-oe.smi,Cc1cc(F)ccc1CS(N)(=O)=O,resolved
U26,c1ccc2c(c1)cncc2N3C(=O)CN(C3=O)Cc4ccc(cc4)F,Components-smiles-stereo-oe.smi,O=C1CN(Cc2ccc(F)cc2)C(=O)N1c1cncc2ccccc12,resolved
U2B,c1ccc2c(c1)cncc2N3C(=O)[C@]4(CCc5c4cccc5)NC3=O,Components-smiles-stereo-oe.smi,O=C1N[C@@]2(CCc3ccccc32)C(=O)N1c1cncc2ccccc12,resolved
U2H,CCCN(C)Cc1c[nH]c2c1cc(cc2)OCc3ccccc3,Components-smiles-stereo-oe.smi,CCCN(C)Cc1c[nH]c2ccc(OCc3ccccc3)cc12,resolved
U2I,C[C@H]1CN(Cc2ccccc2O1)C(=O)Nc3cncc4c3cccc4,Components-smiles-stereo-oe.smi,C[C@H]1CN(C(=O)Nc2cncc3ccccc23)Cc2ccccc2O1,resolved
U2Z,Cc1cc(nn1c2ccccc2CN)CO,Components-smiles-stereo-oe.smi,Cc1cc(CO)nn1-c1ccccc1CN,resolved
U3P,C1=CN(C(=O)NC1=O)[C@H]2[C@@H]([C@@H]([C@H](O2)CO)OP(=O)(O)O)O,Components-smiles-stereo-oe.smi,O=c1ccn([C@@H]2O[C@H](CO)[C@@H](OP(=O)(O)O)[C@H]2O)c(=O)[nH]1,resolved
U3X,c1cc(ccc1C[C@@H](C(=O)O)N)NCC2CCCCC2,Components-smiles-stereo-oe.smi,N[C@@H](Cc1ccc(NCC2CCCCC2)cc1)C(=O)O,resolved
U43,CNc1ccc(cc1N)C(F)(F)F,Components-smiles-stereo-oe.smi,CNc1ccc(C(F)(F)F)cc1N,resolved
U4D,c1cc(ncc1C(F)(F)F)O,Components-smiles-stereo-oe.smi,Oc1ccc(C(F)(F)F)cn1,resolved
U5G,CC1([C@@H]2[C@H]1[C@H](N(C2)C(=O)[C@H](C(C)(C)C)NC(=O)NC(C)(C)C)C(=O)N[C@@H](CC3CCC3)[C@H](C(=O)N)O)C,Components-smiles-stereo-oe.smi,CC(C)(C)NC(=O)N[C@H](C(=O)N1C[C@H]2[C@@H]([C@H]1C(=O)N[C@@H](CC1CCC1)[C@@H](O)C(N)=O)C2(C)C)C(C)(C)C,resolved
U5L,Cc1ccc(c(c1[C@@H](C(=O)O)OC(C)(C)C)c2ccc3c(c2C)CCCO3)C4CC4,Components-smiles-stereo-oe.smi,Cc1ccc(C2CC2)c(-c2ccc3c(c2C)CCCO3)c1[C@H](OC(C)(C)C)C(=O)O,resolved
U5P,C1=CN(C(=O)NC1=O)[C@H]2[C@@H]([C@@H]([C@H](O2)COP(=O)(O)O)O)O,Components-smiles-stereo-oe.smi,O=c1ccn([C@@H]2O[C@H](COP(=O)(O)O)[C@@H](O)[C@H]2O)c(=O)[nH]1,resolved
U5S,Cc1ccc(c(c1[C@@H](C(=O)O)OC2CC2)c3cc(c4c(c3C)CCCO4)F)C5CC5,Components-smiles-stereo-oe.smi,Cc1ccc(C2CC2)c(-c2cc(F)c3c(c2C)CCCO3)c1[C@H](OC1CC1)C(=O)O,resolved
U60,Cc1ccc(c(c1[C@@H](C(=O)O)OC2CC2)c3ccc4c(c3C)CCCO4)C5CC5,Components-smiles-stereo-oe.smi,Cc1ccc(C2CC2)c(-c2ccc3c(c2C)CCCO3)c1[C@H](OC1CC1)C(=O)O,resolved
U6Y,CC(C)C[C@@H](C(=O)N[C@@H](C[C@@H]1CCNC1=O)[C@H](C(=O)NC2CC2)O)N3C[C@H](CC3=O)NC(=O)OCc4ccccc4,Components-smiles-stereo-oe.smi,CC(C)C[C@@H](C(=O)N[C@@H](C[C@@H]1CCNC1=O)[C@@H](O)C(=O)NC1CC1)N1C[C@@H](NC(=O)OCc2ccccc2)CC1=O,resolved
U76,CC(C)C[C@@H](C(=O)N[C@@H](C[C@@H]1CCNC1=O)[C@H](C(=O)NC2CC2)O)N3C[C@H](CCC3=O)NC(=O)OCc4cc(cc(c4)F)F,Components-smiles-stereo-oe.smi,CC(C)C[C@@H](C(=O)N[C@@H](C[C@@H]1CCNC1=O)[C@@H](O)C(=O)NC1CC1)N1C[C@@H](NC(=O)OCc2cc(F)cc(F)c2)CCC1=O,resolved
U7W,C[C@H]1c2ccsc2CCN1C(=O)Cn3c4ccccc4nn3,Components-smiles-stereo-oe.smi,C[C@H]1c2ccsc2CCN1C(=O)Cn1nnc2ccccc21,resolved
U88,c1c(scn1)N(=O)=O,Components-smiles-stereo-oe.smi,O=[N+]([O-])c1cncs1,resolved
U9H,c1c(cncc1F)N2C(=O)C3(CC(C3)C4CCC4)NC2=O,Components-smiles-stereo-oe.smi,O=C1NC2(CC(C3CCC3)C2)C(=O)N1c1cncc(F)c1,resolved
UAX,CC(C)(C)OC(=O)NC1=CC=CN(C1=O)[C@@H](CC2CC2)C(=O)N[C@@H](C[C@H]3CCNC3=O)[C@@H](C(=O)NCc4ccccc4)O,Components-smiles-stereo-oe.smi,CC(C)(C)OC(=O)Nc1cccn([C@@H](CC2CC2)C(=O)N[C@@H](C[C@H]2CCNC2=O)[C@H](O)C(=O)NCc2ccccc2)c1=O,resolved
UC1,Cc1c(cco1)C(=S)Nc2ccc(c(c2)OCC=C(C)C)Cl,Components-smiles-stereo-oe.smi,CC(C)=CCOc1cc(NC(=S)c2ccoc2C)ccc1Cl,resolved
UC2,Cc1c(cco1)C(=S)Nc2ccc(c(c2)\C=N\OC(C)(C)C)Cl,Components-smiles-stereo-oe.smi,Cc1occc1C(=S)Nc1ccc(Cl)c(/C=N/OC(C)(C)C)c1,resolved
UC3,CC(C)OC(=O)c1cc(ccc1Cl)NC(=S)OC(C)C,Components-smiles-stereo-oe.smi,CC(C)OC(=O)c1cc(NC(=S)OC(C)C)ccc1Cl,resolved
UC4,CC1=C(SCCO1)C(=O)Nc2ccc(c(c2)C(=O)OC(C)C)Cl,Components-smiles-stereo-oe.smi,CC1=C(C(=O)Nc2ccc(Cl)c(C(=O)OC(C)C)c2)SCCO1,resolved
UDR,Cc1cc(cc2c1OC(=O)N2C)/C(=C/CCCc3nnc(o3)C)/c4cc(c(c(c4)C(=O)SC)OC)C,Components-smiles-stereo-oe.smi,COc1c(C)cc(/C(=C\CCCc2nnc(C)o2)c2cc(C)c3oc(=O)n(C)c3c2)cc1C(=O)SC,resolved
UED,CC(C)C[C@@H](C(=O)N[C@@H](C[C@@H]1CCNC1=O)CO)NC(=O)OCc2ccccc2,Components-smiles-stereo-oe.smi,CC(C)C[C@H](NC(=O)OCc1ccccc1)C(=O)N[C@H](CO)C[C@@H]1CCNC1=O,resolved
UFT,C1=CN(C(=O)NC1=O)[C@H]2[C@@H]([C@@H]([C@H](O2)COP(=O)(O)O)O)F,Components-smiles-stereo-oe.smi,O=c1ccn([C@@H]2O[C@H](COP(=O)(O)O)[C@@H](O)[C@H]2F)c(=O)[nH]1,resolved
UGD,c1cc(cc(c1)O[C@@H]2CC(=O)N2)NC(=O)Cc3cncnc3,Components-smiles-stereo-oe.smi,O=C(Cc1cncnc1)Nc1cccc(O[C@@H]2CC(=O)N2)c1,resolved
UGG,c1ccc(cc1)NC(=O)Cc2cncc3c2cccc3,Components-smiles-stereo-oe.smi,O=C(Cc1cncc2ccccc12)Nc1ccccc1,resolved
UGM,c1cc(cnc1)NC(=O)Cc2cc(cnc2)C#N,Components-smiles-stereo-oe.smi,N#Cc1cncc(CC(=O)Nc2cccnc2)c1,resolved
UGP,Cc1ccncc1NC(=O)Cc2cccc(c2)C#N,Components-smiles-stereo-oe.smi,Cc1ccncc1NC(=O)Cc1cccc(C#N)c1,resolved
UGS,COc1ccnc(c1)NC(=O)Cc2ccc3ccccc3c2,Components-smiles-stereo-oe.smi,COc1ccnc(NC(=O)Cc2ccc3ccccc3c2)c1,resolved
UGV,c1cc(cnc1)NC(=O)Cc2ccc(s2)Cl,Components-smiles-stereo-oe.smi,O=C(Cc1ccc(Cl)s1)Nc1cccnc1,resolved
UH1,c1cc(cc(c1)C#N)CC(=O)Nc2cccnc2,Components-smiles-stereo-oe.smi,N#Cc1cccc(CC(=O)Nc2cccnc2)c1,resolved
UH4,Cc1ccc(s1)NC(=O)Nc2cccnc2,Components-smiles-stereo-oe.smi,Cc1ccc(NC(=O)Nc2cccnc2)s1,resolved
UH7,Cc1ccncc1NC(=O)Cc2cccc(c2)Cl,Components-smiles-stereo-oe.smi,Cc1ccncc1NC(=O)Cc1cccc(Cl)c1,resolved
UHA,Cc1ccncc1NC(=O)[C@H](C)c2cccc(c2)Cl,Components-smiles-stereo-oe.smi,Cc1ccncc1NC(=O)[C@H](C)c1cccc(Cl)c1,resolved
UHG,C[C@H](c1ccc2c3cc(ccc3[nH]c2c1)Cl)C(=O)O,Components-smiles-stereo-oe.smi,C[C@@H](C(=O)O)c1ccc2c(c1)[nH]c1ccc(Cl)cc12,resolved
UHM,c1ccc(c(c1)C(=O)NCc2cnsc2)OCC#N,Components-smiles-stereo-oe.smi,N#CCOc1ccccc1C(=O)NCc1cnsc1,resolved
UHS,CCC(=O)N(c1cc(on1)C(C)(C)C)[C@H](c2cccnc2)C(=O)NC(C)(C)C,Components-smiles-stereo-oe.smi,CCC(=O)N(c1cc(C(C)(C)C)on1)[C@@H](C(=O)NC(C)(C)C)c1cccnc1,resolved
UHV,CCC(=O)N(c1cc(on1)C(C)(C)C)[C@H](c2cccnc2)C(=O)Nc3ccc(cc3C)OC,Components-smiles-stereo-oe.smi,CCC(=O)N(c1cc(C(C)(C)C)on1)[C@@H](C(=O)Nc1ccc(OC)cc1C)c1cccnc1,resolved
UHY,CCc1cccc(c1NC(=O)[C@@H](c2cccnc2)N(c3ccc(nc3)C(C)C)C(=O)CC)C,Components-smiles-stereo-oe.smi,CCC(=O)N(c1ccc(C(C)C)nc1)[C@@H](C(=O)Nc1c(C)cccc1CC)c1cccnc1,resolved
UJ1,CCc1cccc(c1NC(=O)[C@@H](c2cccnc2)N(c3cc([nH]n3)C(C)(C)C)C(=O)CC)C,Components-smiles-stereo-oe.smi,CCC(=O)N(c1cc(C(C)(C)C)[nH]n1)[C@@H](C(=O)Nc1c(C)cccc1CC)c1cccnc1,resolved
UJ4,CCC(=O)N(c1ccc(cc1)[C@H](C)OC)[C@H](c2cccnc2)C(=O)Nc3ccc(cc3C)OC,Components-smiles-stereo-oe.smi,CCC(=O)N(c1ccc([C@H](C)OC)cc1)[C@@H](C(=O)Nc1ccc(OC)cc1C)c1cccnc1,resolved
UJ6,c1ccc2c(c1)[C@@H](C(=O)N2)Cc3ccc4c(c3C(=O)O)OCO4,Components-smiles-stereo-oe.smi,O=C(O)c1c(C[C@@H]2C(=O)Nc3ccccc32)ccc2c1OCO2,resolved
UJK,Cc1ccccc1n2cc(nn2)C(=O)O,Components-smiles-stereo-oe.smi,Cc1ccccc1-n1cc(C(=O)O)nn1,resolved
UMV,Cc1c2cc(ccc2c(cc1Oc3ccccc3OCCN4C=CC(=O)NC4=O)CC(=O)OC)C#N,Components-smiles-stereo-oe.smi,COC(=O)Cc1cc(Oc2ccccc2OCCn2ccc(=O)[nH]c2=O)c(C)c2cc(C#N)ccc12,resolved
UMY,Cc1c2cc(ccc2c(cc1Oc3ccccc3OCCN4C=CC(=O)NC4=O)F)C#N,Components-smiles-stereo-oe.smi,Cc1c(Oc2ccccc2OCCn2ccc(=O)[nH]c2=O)cc(F)c2ccc(C#N)cc12,resolved
UNI,c1cc(cc(c1)NS(=O)(=O)c2ccc(cc2)C#N)[C@H](C3CC3)C4=C(C5=C(CCCCCC5)OC4=O)O,Components-smiles-stereo-oe.smi,N#Cc1ccc(S(=O)(=O)Nc2cccc([C@@H](c3c(O)c4c(oc3=O)CCCCCC4)C3CC3)c2)cc1,resolved
UNS,Cc1cc(c(c2c1ccc(c2)C#N)C)Oc3ccc(cc3OCCN4C=CC(=O)NC4=O)F,Components-smiles-stereo-oe.smi,Cc1cc(Oc2ccc(F)cc2OCCn2ccc(=O)[nH]c2=O)c(C)c2cc(C#N)ccc12,resolved
UO4,Cc1c2cc(ccc2c(cc1Oc3ccccc3OCCN4C=CC(=O)NC4=O)CC5CC5)C#N,Components-smiles-stereo-oe.smi,Cc1c(Oc2ccccc2OCCn2ccc(=O)[nH]c2=O)cc(CC2CC2)c2ccc(C#N)cc12,resolved
UO9,CC(C)C[C@@H](C(=O)N[C@@H](C[C@@H]1CCNC1=O)[C@H](O)S(=O)(=O)O)NC(=O)OCC(C)(C)S(=O)c2ccccc2,Components-smiles-stereo-oe.smi,CC(C)C[C@H](NC(=O)OCC(C)(C)S(=O)c1ccccc1)C(=O)N[C@@H](C[C@@H]1CCNC1=O)[C@H](O)S(=O)(=O)O,resolved
UOV,Cc1ccc(cc1)c2ccc(cc2)NC(=O)N3CCC4(CC3)CCO4,Components-smiles-stereo-oe.smi,Cc1ccc(-c2ccc(NC(=O)N3CCC4(CCO4)CC3)cc2)cc1,resolved
UPD,CC(=O)N1CCC(CC1)C(=O)Nc2ccc(nc2)OC,Components-smiles-stereo-oe.smi,COc1ccc(NC(=O)C2CCN(C(C)=O)CC2)cn1,resolved
UPJ,CC(=O)N1CCC(CC1)C(=O)N(C)c2ccccc2,Components-smiles-stereo-oe.smi,CC(=O)N1CCC(C(=O)N(C)c2ccccc2)CC1,resolved
UQO,CC(C)C[C@@H](C(=O)N[C@@H](C[C@@H]1CCNC1=O)[C@@H](O)S(=O)(=O)O)NC(=O)OCC(C)(C)S(=O)(=O)c2ccccc2,Components-smiles-stereo-oe.smi,CC(C)C[C@H](NC(=O)OCC(C)(C)S(=O)(=O)c1ccccc1)C(=O)N[C@@H](C[C@@H]1CCNC1=O)[C@@H](O)S(=O)(=O)O,resolved
UQS,c1ccc(c(c1)CNc2c[nH]nc2)F,Components-smiles-stereo-oe.smi,Fc1ccccc1CNc1cn[nH]c1,resolved
UQW,CC[C@H](C(=O)NCCc1c[nH]c2c1cccc2)OC(=O)C=C,Components-smiles-stereo-oe.smi,C=CC(=O)O[C@H](CC)C(=O)NCCc1c[nH]c2ccccc12,resolved
UQZ,CCCN([C@@H](c1cccc(c1)O)C(=O)NCc2ccc3c(c2)OCO3)C(=O)C=C,Components-smiles-stereo-oe.smi,C=CC(=O)N(CCC)[C@H](C(=O)NCc1ccc2c(c1)OCO2)c1cccc(O)c1,resolved
UR3,CN1C(=O)C=CN(C1=O)[C@H]2[C@@H]([C@@H]([C@H](O2)COP(=O)(O)O)O)O,Components-smiles-stereo-oe.smi,Cn1c(=O)ccn([C@@H]2O[C@H](COP(=O)(O)O)[C@@H](O)[C@H]2O)c1=O,resolved
UR7,Cc1ccc(cc1F)CS(=O)(=O)N,Components-smiles-stereo-oe.smi,Cc1ccc(CS(N)(=O)=O)cc1F,resolved
URK,COc1cccc(c1OC)CNC(=O)[C@H](c2ccc(cc2)[N+](=O)[O-])OC(=O)C=C,Components-smiles-stereo-oe.smi,C=CC(=O)O[C@H](C(=O)NCc1cccc(OC)c1OC)c1ccc([N+](=O)[O-])cc1,resolved
URR,CC(C)C[C@@H](C(=O)N[C@@H](C[C@@H]1CCNC1=O)[C@@H](O)S(=O)(=O)O)NC(=O)OCC(C)(C)S(=O)c2ccccc2,Components-smiles-stereo-oe.smi,CC(C)C[C@H](NC(=O)OCC(C)(C)S(=O)c1ccccc1)C(=O)N[C@@H](C[C@@H]1CCNC1=O)[C@@H](O)S(=O)(=O)O,resolved
URT,c1nc(c2c(n1)n(cn2)[C@H]3C(=C[C@H](O3)OCP(=O)(O)O)F)N,Components-smiles-stereo-oe.smi,Nc1ncnc2c1ncn2[C@@H]1O[C@H](OCP(=O)(O)O)C=C1F,resolved
US7,CS(=O)(=O)c1ccc(cc1)N2CCNCC2,Components-smiles-stereo-oe.smi,CS(=O)(=O)c1ccc(N2CCNCC2)cc1,resolved
US8,CC(=O)Nc1c(cc(s1)c2ccccc2)C(=O)NC3CC3,Components-smiles-stereo-oe.smi,CC(=O)Nc1sc(-c2ccccc2)cc1C(=O)NC1CC1,resolved
USA,[H]/N=C/c1[nH]ccn1,Components-smiles-stereo-oe.smi,[H]/N=C/c1ncc[nH]1,resolved
USD,[H]/N=C/c1ncccn1,Components-smiles-stereo-oe.smi,[H]/N=C/c1ncccn1,resolved
USH,CCCN(CC(=O)Nc1ccccc1OC)C(=O)CCl,Components-smiles-stereo-oe.smi,CCCN(CC(=O)Nc1ccccc1OC)C(=O)CCl,resolved
USZ,CCC(=O)N(c1ccc(cc1)C(C)(C)C)[C@H](c2cccnc2)C(=O)NCCc3cccc(c3)F,Components-smiles-stereo-oe.smi,CCC(=O)N(c1ccc(C(C)(C)C)cc1)[C@@H](C(=O)NCCc1cccc(F)c1)c1cccnc1,resolved
UTP,C1=CN(C(=O)NC1=O)[C@H]2[C@@H]([C@@H]([C@H](O2)CO[P@@](=O)(O)O[P@@](=O)(O)OP(=O)(O)O)O)O,Components-smiles-stereo-oe.smi,O=c1ccn([C@@H]2O[C@H](CO[P@@](=O)(O)O[P@@](=O)(O)OP(=O)(O)O)[C@@H](O)[C@H]2O)c(=O)[nH]1,resolved
UUJ,c1cc(c(cc1Br)C#N)O,Components-smiles-stereo-oe.smi,N#Cc1cc(Br)ccc1O,resolved
UUR,CC(C)C[C@@H](C(=O)N[C@@H](C[C@@H]1CCNC1=O)[C@@H](O)S(=O)(=O)O)NC(=O)OCCSc2ccccc2,Components-smiles-stereo-oe.smi,CC(C)C[C@H](NC(=O)OCCSc1ccccc1)C(=O)N[C@@H](C[C@@H]1CCNC1=O)[C@@H](O)S(=O)(=O)O,resolved
UV2,CC(C)C[C@@H](C(=O)N[C@@H](C[C@@H]1CCNC1=O)[C@H](O)S(=O)(=O)O)NC(=O)OCCSc2ccccc2,Components-smiles-stereo-oe.smi,CC(C)C[C@H](NC(=O)OCCSc1ccccc1)C(=O)N[C@@H](C[C@@H]1CCNC1=O)[C@H](O)S(=O)(=O)O,resolved
UVA,CNc1ccccc1S(=O)(=O)C,Components-smiles-stereo-oe.smi,CNc1ccccc1S(C)(=O)=O,resolved
UVC,C1=CN(C(=O)NC1=O)[C@H]2[C@H]3[C@@H]([C@H](O2)CO)O[V](=O)(O3)(O)O,Components-smiles-stereo-oe.smi,O=c1ccn([C@@H]2O[C@H](CO)[C@H]3[O][V](=[O])([OH])([OH])[O][C@H]32)c(=O)[nH]1,resolved
UVJ,Cc1nc2ccccc2n1CCC(=O)N,Components-smiles-stereo-oe.smi,Cc1nc2ccccc2n1CCC(N)=O,resolved
UWO,CC(=O)N1c2ccc(cc2NC3=C([C@H]1c4ccc(cc4)C(F)(F)F)C(=O)CCC3)C(=O)OC,Components-smiles-stereo-oe.smi,COC(=O)c1ccc2c(c1)NC1=C(C(=O)CCC1)[C@@H](c1ccc(C(F)(F)F)cc1)N2C(C)=O,resolved
UWY,CCn1cc(cn1)NC(=O)C2CCCC2,Components-smiles-stereo-oe.smi,CCn1cc(NC(=O)C2CCCC2)cn1,resolved
UX1,CNC(=O)C1(CC1)Cc2ccccc2F,Components-smiles-stereo-oe.smi,CNC(=O)C1(Cc2ccccc2F)CC1,resolved
UXG,c1ccc(cc1)C(c2ccccc2)N3CC(C3)O,Components-smiles-stereo-oe.smi,OC1CN(C(c2ccccc2)c2ccccc2)C1,resolved
UXS,CSCC[C@@H](CO)N,Components-smiles-stereo-oe.smi,CSCC[C@H](N)CO,resolved
UY1,CO[C@@H]1[C@@H]([C@H](O[C@H]1C2=CNC(=O)NC2=O)COP(=O)(O)O)O,Components-smiles-stereo-oe.smi,CO[C@@H]1[C@H](O)[C@@H](COP(=O)(O)O)O[C@H]1c1c[nH]c(=O)[nH]c1=O,resolved
UZF,c1ccc2c(c1)CCc3ccccc3N2C(=O)CS,Components-smiles-stereo-oe.smi,O=C(CS)N1c2ccccc2CCc2ccccc21,resolved
V00,C[C@H](c1cc(cc2c1cccc2)OC)N3CCC(CC3)C(=O)NCc4cccc(c4)F,Components-smiles-stereo-oe.smi,COc1cc([C@@H](C)N2CCC(C(=O)NCc3cccc(F)c3)CC2)c2ccccc2c1,resolved
V06,c1cncc(c1N)Br,Components-smiles-stereo-oe.smi,Nc1ccncc1Br,resolved
V18,c1ccc2c(c1)cncc2N3C(=O)C4(CC(C4)C5CCC5)NC3=O,Components-smiles-stereo-oe.smi,O=C1NC2(CC(C3CCC3)C2)C(=O)N1c1cncc2ccccc12,resolved
V1B,c1ccc(cc1)C2CC3(C2)C(=O)N(C(=O)N3)c4cncc5c4cccc5,Components-smiles-stereo-oe.smi,O=C1NC2(CC(c3ccccc3)C2)C(=O)N1c1cncc2ccccc12,resolved
V1V,CCC[C@@H]([C@@H](C(=O)O)O)N,Components-smiles-stereo-oe.smi,CCC[C@H](N)[C@H](O)C(=O)O,resolved
V2M,CC(C)C[C@@H](C(=O)N[C@@H](C[C@@H]1CCNC1=O)[C@@H](CO)O)NC(=O)c2cc3c([nH]2)cccc3OC,Components-smiles-stereo-oe.smi,COc1cccc2[nH]c(C(=O)N[C@@H](CC(C)C)C(=O)N[C@@H](C[C@@H]3CCNC3=O)[C@H](O)CO)cc12,resolved
V3E,COC(=O)[C@H](Cc1ccccc1O)N,Components-smiles-stereo-oe.smi,COC(=O)[C@@H](N)Cc1ccccc1O,resolved
V46,CC(C)C[C@@H](C(=O)N[C@@H](C[C@@H]1CCNC1=O)[C@H](O)S(=O)(=O)O)NC(=O)OCc2cccc(c2)Cl,Components-smiles-stereo-oe.smi,CC(C)C[C@H](NC(=O)OCc1cccc(Cl)c1)C(=O)N[C@@H](C[C@@H]1CCNC1=O)[C@H](O)S(=O)(=O)O,resolved
V5N,c1c([nH]cn1)[C@H]([C@@H](C(=O)O)N)O,Components-smiles-stereo-oe.smi,N[C@H](C(=O)O)[C@H](O)c1cnc[nH]1,resolved
V7G,CC(C)C[C@@H](C(=O)N[C@@H](C[C@@H]1CCNC1=O)[C@@H](c2nc3ccccc3s2)O)NC(=O)c4cc5c([nH]4)cccc5OC,Components-smiles-stereo-oe.smi,COc1cccc2[nH]c(C(=O)N[C@@H](CC(C)C)C(=O)N[C@@H](C[C@@H]3CCNC3=O)[C@H](O)c3nc4ccccc4s3)cc12,resolved
V7H,c1ccc(cc1)CNC(=O)c2ccccc2CNCc3ccc4c(c3C(=O)O)OC[C@@H](O4)CCC(=O)O,Components-smiles-stereo-oe.smi,O=C(O)CC[C@H]1COc2c(ccc(CNCc3ccccc3C(=O)NCc3ccccc3)c2C(=O)O)O1,resolved
V83,COC(=O)c1c2c(sc1NC(=O)[C@@H]3CC=CC[C@H]3C(=O)O)CCCCC2,Components-smiles-stereo-oe.smi,COC(=O)c1c(NC(=O)[C@@H]2CC=CC[C@H]2C(=O)O)sc2c1CCCCC2,resolved
V96,c1cc(c(cc1C[C@@H](C(=O)O)N)c2c(c3c(c(c2O)O)C(=O)c4cc(c(c(c4C3=O)C(=O)O)C(=O)O)O)O)O,Components-smiles-stereo-oe.smi,N[C@@H](Cc1ccc(O)c(-c2c(O)c(O)c3c(c2O)C(=O)c2c(cc(O)c(C(=O)O)c2C(=O)O)C3=O)c1)C(=O)O,resolved
V9O,c1cc(c(cc1CCN)c2c(c3c(c(c2O)O)C(=O)c4cc(c(c(c4C3=O)C(=O)O)C(=O)O)O)O)O,Components-smiles-stereo-oe.smi,NCCc1ccc(O)c(-c2c(O)c(O)c3c(c2O)C(=O)c2c(cc(O)c(C(=O)O)c2C(=O)O)C3=O)c1,resolved
V9R,CC(C)(C)OC(=O)NC1=CC=CN(C1=O)[C@H](CC2CC2)C(=O)N[C@@H](C[C@@H]3CCNC3=O)[C@@H](C(=O)NCc4ccccc4)O,Components-smiles-stereo-oe.smi,CC(C)(C)OC(=O)Nc1cccn([C@H](CC2CC2)C(=O)N[C@@H](C[C@@H]2CCNC2=O)[C@H](O)C(=O)NCc2ccccc2)c1=O,resolved
VA9,CC(=O)NCCc1ccc(c(c1)c2c(c3c(c(c2O)O)C(=O)c4cc(c(c(c4C3=O)C(=O)O)C(=O)O)O)O)O,Components-smiles-stereo-oe.smi,CC(=O)NCCc1ccc(O)c(-c2c(O)c(O)c3c(c2O)C(=O)c2c(cc(O)c(C(=O)O)c2C(=O)O)C3=O)c1,resolved
VAC,c1ccc(cc1)C[C@H](CC(C[C@@H](Cc2ccccc2)C(=O)N[C@H]3c4ccccc4C[C@H]3O)O)C(=O)N[C@H]5c6ccccc6C[C@H]5O,Components-smiles-stereo-oe.smi,O=C(N[C@H]1c2ccccc2C[C@H]1O)[C@H](Cc1ccccc1)CC(O)C[C@@H](Cc1ccccc1)C(=O)N[C@H]1c2ccccc2C[C@H]1O,resolved
VBY,Cc1ccc(cc1C(=O)N[C@H](C)c2cccc3c2cccc3)NC(=O)C=C,Components-smiles-stereo-oe.smi,C=CC(=O)Nc1ccc(C)c(C(=O)N[C@H](C)c2cccc3ccccc23)c1,resolved
VCG,CCCCCCCC/C=C/CCCCCCCC(=O)OCCOC[C@@H]([C@@H]1[C@@H](C[C@@H](O1)OCCO)OCCO)OCCO,Components-smiles-stereo-oe.smi,CCCCCCCC/C=C/CCCCCCCC(=O)OCCOC[C@H](OCCO)[C@H]1O[C@@H](OCCO)C[C@H]1OCCO,resolved
VEG,CCC(=O)N(c1ccc(cc1)C(C)(C)C)[C@H](c2cccnc2)C(=O)NCCC(=O)OCC,Components-smiles-stereo-oe.smi,CCOC(=O)CCNC(=O)[C@@H](c1cccnc1)N(C(=O)CC)c1ccc(C(C)(C)C)cc1,resolved
VEJ,CCC(=O)N(c1ccc(cc1)C(C)(C)C)[C@H](c2cccnc2)C(=O)NCCCOC,Components-smiles-stereo-oe.smi,CCC(=O)N(c1ccc(C(C)(C)C)cc1)[C@@H](C(=O)NCCCOC)c1cccnc1,resolved
VEM,CCC(=O)N(c1ccc(cc1)C(C)(C)C)[C@H](c2cccnc2)C(=O)NCCOC,Components-smiles-stereo-oe.smi,CCC(=O)N(c1ccc(C(C)(C)C)cc1)[C@@H](C(=O)NCCOC)c1cccnc1,resolved
VEP,CCC(=O)N(c1ccc(cc1)C(C)(C)C)[C@H](c2cccnc2)C(=O)NC3CCOCC3,Components-smiles-stereo-oe.smi,CCC(=O)N(c1ccc(C(C)(C)C)cc1)[C@@H](C(=O)NC1CCOCC1)c1cccnc1,resolved
VEV,CCC(=O)N(c1ccc(cc1)C(C)(C)C)[C@H](c2cccnc2)C(=O)NC,Components-smiles-stereo-oe.smi,CCC(=O)N(c1ccc(C(C)(C)C)cc1)[C@@H](C(=O)NC)c1cccnc1,resolved
VEY,CCC(=O)N(c1ccc(cc1)C(C)(C)C)[C@H](c2cccnc2)C(=O)NCC,Components-smiles-stereo-oe.smi,CCNC(=O)[C@@H](c1cccnc1)N(C(=O)CC)c1ccc(C(C)(C)C)cc1,resolved
VHJ,CC(C)[C@@H](C(=O)N[C@@H](Cc1ccccc1)C(=O)N[C@@H](C[C@@H]2CCNC2=O)CO)NC(=O)OCc3ccccc3,Components-smiles-stereo-oe.smi,CC(C)[C@H](NC(=O)OCc1ccccc1)C(=O)N[C@@H](Cc1ccccc1)C(=O)N[C@H](CO)C[C@@H]1CCNC1=O,resolved
VHM,CC(C)[C@@H](C(=O)N[C@@H](CC1CCCCC1)C(=O)N[C@@H](C[C@@H]2CCNC2=O)CO)NC(=O)OCc3ccccc3,Components-smiles-stereo-oe.smi,CC(C)[C@H](NC(=O)OCc1ccccc1)C(=O)N[C@@H](CC1CCCCC1)C(=O)N[C@H](CO)C[C@@H]1CCNC1=O,resolved
VHP,C[C@H]([C@@H](C(=O)N[C@@H](CC(C)C)C(=O)N[C@@H](C[C@@H]1CCNC1=O)CO)NC(=O)OCc2ccccc2)OC(C)(C)C,Components-smiles-stereo-oe.smi,CC(C)C[C@H](NC(=O)[C@@H](NC(=O)OCc1ccccc1)[C@@H](C)OC(C)(C)C)C(=O)N[C@H](CO)C[C@@H]1CCNC1=O,resolved
VHV,CC(C)C[C@@H](C(=O)N[C@@H](C[C@@H]1CCNC1=O)CO)NC(=O)[C@H](C(C)C)NC(=O)OCc2ccccc2,Components-smiles-stereo-oe.smi,CC(C)C[C@H](NC(=O)[C@@H](NC(=O)OCc1ccccc1)C(C)C)C(=O)N[C@H](CO)C[C@@H]1CCNC1=O,resolved
VI1,COC(=O)c1c2c(sc1NC(=O)[C@@H]3CCCC[C@H]3C(=O)O)CCCCCC2,Components-smiles-stereo-oe.smi,COC(=O)c1c(NC(=O)[C@@H]2CCCC[C@H]2C(=O)O)sc2c1CCCCCC2,resolved
VIB,Cc1c(sc[n+]1Cc2cnc(nc2N)C)CCO,Components-smiles-stereo-oe.smi,Cc1ncc(C[n+]2csc(CCO)c2C)c(N)n1,resolved
VJA,CC(C)C[C@@H](C(=O)N[C@H](C[C@@H]1CCNC1=O)CO)NC(=O)[C@H](C(C)C)NC(=O)OCc2ccccc2,Components-smiles-stereo-oe.smi,CC(C)C[C@H](NC(=O)[C@@H](NC(=O)OCc1ccccc1)C(C)C)C(=O)N[C@@H](CO)C[C@@H]1CCNC1=O,resolved
VL4,CN(Cc1ccccc1C(=O)NCC2CCC2)Cc3ccc4c(c3C(=O)O)OC[C@@H](O4)CCC(=O)O,Components-smiles-stereo-oe.smi,CN(Cc1ccccc1C(=O)NCC1CCC1)Cc1ccc2c(c1C(=O)O)OC[C@H](CCC(=O)O)O2,resolved
VLU,CC(C)C[C@@H](C(=O)N[C@@H](C[C@@H]1CCNC1=O)[C@H](O)S(=O)(=O)O)NC(=O)OCC(C)(C)Sc2cccc(c2)Cl,Components-smiles-stereo-oe.smi,CC(C)C[C@H](NC(=O)OCC(C)(C)Sc1cccc(Cl)c1)C(=O)N[C@@H](C[C@@H]1CCNC1=O)[C@H](O)S(=O)(=O)O,resolved
VM0,CC(C)C[C@@H](C(=O)N[C@@H](C[C@@H]1CCNC1=O)[C@@H](O)S(=O)(=O)O)NC(=O)OCC(C)(C)Sc2cccc(c2)Cl,Components-smiles-stereo-oe.smi,CC(C)C[C@H](NC(=O)OCC(C)(C)Sc1cccc(Cl)c1)C(=O)N[C@@H](C[C@@H]1CCNC1=O)[C@@H](O)S(=O)(=O)O,resolved
VM5,c1cc(c(cc1S(=O)(=O)N)Cl)NC(=O)Cc2ccc(c(c2F)Oc3cc(cc(c3)Cl)C#N)Br,Components-smiles-stereo-oe.smi,N#Cc1cc(Cl)cc(Oc2c(Br)ccc(CC(=O)Nc3ccc(S(N)(=O)=O)cc3Cl)c2F)c1,resolved
VO8,CCC(=O)N1c2ccccc2N(C1=O)CCOc3ccccc3Oc4cccc5c4ccc(c5)C#N,Components-smiles-stereo-oe.smi,CCC(=O)n1c(=O)n(CCOc2ccccc2Oc2cccc3cc(C#N)ccc23)c2ccccc21,resolved
VOI,CN(C)C(=O)CCOc1ccccc1Oc2cccn3c2cc(c3)C#N,Components-smiles-stereo-oe.smi,CN(C)C(=O)CCOc1ccccc1Oc1cccn2cc(C#N)cc12,resolved
VOU,c1ccc(c(c1)OCCC(=O)N2CCCC2)Oc3cccn4c3cc(c4)C#N,Components-smiles-stereo-oe.smi,N#Cc1cc2c(Oc3ccccc3OCCC(=O)N3CCCC3)cccn2c1,resolved
VP2,c1ccc(c(c1)OCCC(=O)NCC(F)F)Oc2cccn3c2cc(c3)C#N,Components-smiles-stereo-oe.smi,N#Cc1cc2c(Oc3ccccc3OCCC(=O)NCC(F)F)cccn2c1,resolved
VPB,c1ccc(c(c1)OCCC(=O)N2CCOCC2)Oc3cccn4c3cc(c4)C#N,Components-smiles-stereo-oe.smi,N#Cc1cc2c(Oc3ccccc3OCCC(=O)N3CCOCC3)cccn2c1,resolved
VQ0,c1cc(c(cc1Cl)OCCN2C=C(C(=O)NC2=O)Cl)Oc3cc(cc(c3)Cl)C#N,Components-smiles-stereo-oe.smi,N#Cc1cc(Cl)cc(Oc2ccc(Cl)cc2OCCn2cc(Cl)c(=O)[nH]c2=O)c1,resolved
VQK,C=CC(=O)Nc1cccc(c1)CCOc2cc(ccc2Oc3cc(cc(c3)Cl)C#N)Cl,Components-smiles-stereo-oe.smi,C=CC(=O)Nc1cccc(CCOc2cc(Cl)ccc2Oc2cc(Cl)cc(C#N)c2)c1,resolved
VQN,CC(C)C[C@H](C(=O)N[C@@H](C[C@H]1CCNC1=O)/C=C\C(=O)N2CCN(CC2)CC3CCN(CC3)c4cc5c(cc4F)C(=O)N(C5=O)[C@@H]6CCC(=O)NC6=O)NC(=O)OCc7ccccc7,Components-smiles-stereo-oe.smi,CC(C)C[C@@H](NC(=O)OCc1ccccc1)C(=O)N[C@H](/C=C\C(=O)N1CCN(CC2CCN(c3cc4c(cc3F)C(=O)N([C@@H]3CCC(=O)NC3=O)C4=O)CC2)CC1)C[C@H]1CCNC1=O,resolved
VQR,CC(C)C[C@@H](C(=O)N[C@@H](CCC(=O)OC)C[C@@H]1CCNC1=O)NC(=O)OCc2ccccc2,Components-smiles-stereo-oe.smi,COC(=O)CC[C@@H](C[C@@H]1CCNC1=O)NC(=O)[C@H](CC(C)C)NC(=O)OCc1ccccc1,resolved
VQV,C1=CN(C(=O)NC1=O)[C@H]2[C@H]([C@@H]([C@@H](O2)COP(=O)(O)O)OP(=O)(O)O)O,Components-smiles-stereo-oe.smi,O=c1ccn([C@@H]2O[C@@H](COP(=O)(O)O)[C@@H](OP(=O)(O)O)[C@@H]2O)c(=O)[nH]1,resolved
VR4,CC(C)C[C@@H](C(=O)N[C@@H](C[C@@H]1CCNC1=O)[C@H](C(=O)NCc2ccccc2)O)NC(=O)OCc3ccccc3,Components-smiles-stereo-oe.smi,CC(C)C[C@H](NC(=O)OCc1ccccc1)C(=O)N[C@@H](C[C@@H]1CCNC1=O)[C@@H](O)C(=O)NCc1ccccc1,resolved
VR9,CCC(=O)N(C)CCOc1cc(ccc1Oc2cccn3c2cc(c3)C#N)Cl,Components-smiles-stereo-oe.smi,CCC(=O)N(C)CCOc1cc(Cl)ccc1Oc1cccn2cc(C#N)cc12,resolved
VRF,CN(CCOc1ccccc1Oc2cccc3c2ccc(c3)C#N)C(=O)C=C,Components-smiles-stereo-oe.smi,C=CC(=O)N(C)CCOc1ccccc1Oc1cccc2cc(C#N)ccc12,resolved
VRQ,CN(CCOc1cc(ccc1Oc2cccc3c2ccc(c3)C#N)Cl)C(=O)C=C,Components-smiles-stereo-oe.smi,C=CC(=O)N(C)CCOc1cc(Cl)ccc1Oc1cccc2cc(C#N)ccc12,resolved
VSN,c1nc2c(n1[C@H]3[C@@H]([C@@H]([C@H](O3)COP(=O)(O)OP(=S)(O)O)O)O)N=C(NC2=O)N,Components-smiles-stereo-oe.smi,Nc1nc2c(ncn2[C@@H]2O[C@H](COP(=O)(O)OP(O)(O)=S)[C@@H](O)[C@H]2O)c(=O)[nH]1,resolved
VTN,C=CC(=O)NCCc1ccc(c(c1)Oc2cc(cc(c2)Cl)C#N)Cl,Components-smiles-stereo-oe.smi,C=CC(=O)NCCc1ccc(Cl)c(Oc2cc(Cl)cc(C#N)c2)c1,resolved
VTS,CN(CCOc1ccc(c(c1)Oc2cc(cc(c2)Cl)C#N)Cl)C(=O)C=C,Components-smiles-stereo-oe.smi,C=CC(=O)N(C)CCOc1ccc(Cl)c(Oc2cc(Cl)cc(C#N)c2)c1,resolved
VTV,CN(CCc1ccc(c(c1)Oc2cc(cc(c2)Cl)C#N)Cl)C(=O)C=C,Components-smiles-stereo-oe.smi,C=CC(=O)N(C)CCc1ccc(Cl)c(Oc2cc(Cl)cc(C#N)c2)c1,resolved
VU8,CN(CCOc1cc(ccc1Oc2cc(cc(c2)Cl)C#N)Cl)C(=O)C=C,Components-smiles-stereo-oe.smi,C=CC(=O)N(C)CCOc1cc(Cl)ccc1Oc1cc(Cl)cc(C#N)c1,resolved
VVD,CC(=O)Nc1ccc(c(c1)C(=O)O)F,Components-smiles-stereo-oe.smi,CC(=O)Nc1ccc(F)c(C(=O)O)c1,resolved
VVE,CCC(=O)N1c2ccccc2N(C1=O)CCOc3cc(ccc3Oc4cc(cc(c4)Cl)C#N)Cl,Components-smiles-stereo-oe.smi,CCC(=O)n1c(=O)n(CCOc2cc(Cl)ccc2Oc2cc(Cl)cc(C#N)c2)c2ccccc21,resolved
VVG,CCS(=O)(=O)Nc1ccccc1F,Components-smiles-stereo-oe.smi,CCS(=O)(=O)Nc1ccccc1F,resolved
VVJ,CN(C1CCCCCC1)S(=O)(=O)C,Components-smiles-stereo-oe.smi,CN(C1CCCCCC1)S(C)(=O)=O,resolved
VVM,c1ccc(cc1)NS(=O)(=O)c2ccc(cc2)N,Components-smiles-stereo-oe.smi,Nc1ccc(S(=O)(=O)Nc2ccccc2)cc1,resolved
VVN,CCC(=O)N(C)CCOc1ccccc1Oc2cccn3c2cc(c3)C#N,Components-smiles-stereo-oe.smi,CCC(=O)N(C)CCOc1ccccc1Oc1cccn2cc(C#N)cc12,resolved
VVP,COc1cccc2c1cc[nH]2,Components-smiles-stereo-oe.smi,COc1cccc2[nH]ccc12,resolved
VVY,c1ccc(cc1)OCC(=O)N2CCCC2,Components-smiles-stereo-oe.smi,O=C(COc1ccccc1)N1CCCC1,resolved
VW1,C[C@@H](C(=O)N)Oc1ccc(cc1)C#N,Components-smiles-stereo-oe.smi,C[C@H](Oc1ccc(C#N)cc1)C(N)=O,resolved
VW2,CCC(=O)N(C)CCOc1ccccc1Oc2cc(cn3c2cc(c3)C#N)Cl,Components-smiles-stereo-oe.smi,CCC(=O)N(C)CCOc1ccccc1Oc1cc(Cl)cn2cc(C#N)cc12,resolved
VW4,C[C@H](CS(=O)(=O)N)c1ccccc1,Components-smiles-stereo-oe.smi,C[C@H](CS(N)(=O)=O)c1ccccc1,resolved
VW7,Cc1ccc(c2c1NCCC2)NC(=O)C,Components-smiles-stereo-oe.smi,CC(=O)Nc1ccc(C)c2c1CCCN2,resolved
VWA,C[C@@H](c1ccc(cc1)F)NC,Components-smiles-stereo-oe.smi,CN[C@@H](C)c1ccc(F)cc1,resolved
VWB,c1ccc(c(c1)OCCC(=O)N2CCCC2)Oc3cccc4c3ccc(c4)C#N,Components-smiles-stereo-oe.smi,N#Cc1ccc2c(Oc3ccccc3OCCC(=O)N3CCCC3)cccc2c1,resolved
VWD,CS(=O)(=O)C[C@@H](c1ccccc1)O,Components-smiles-stereo-oe.smi,CS(=O)(=O)C[C@H](O)c1ccccc1,resolved
VWG,c1ccc2c(c1)ccc(n2)C(=O)NO,Components-smiles-stereo-oe.smi,O=C(NO)c1ccc2ccccc2n1,resolved
VWJ,CC(C)Nc1[nH]c2ccccc2n1,Components-smiles-stereo-oe.smi,CC(C)Nc1nc2ccccc2[nH]1,resolved
VWK,CN(C)C(=O)CCOc1ccccc1Oc2cccc3c2ccc(c3)C#N,Components-smiles-stereo-oe.smi,CN(C)C(=O)CCOc1ccccc1Oc1cccc2cc(C#N)ccc12,resolved
VWM,CC(=O)N1CCC[C@@](C1)(C(=O)O)O,Components-smiles-stereo-oe.smi,CC(=O)N1CCC[C@](O)(C(=O)O)C1,resolved
VWU,c1cc(c(cc1CCNC(=O)CCl)Oc2cc(cc(c2)Cl)C#N)Cl,Components-smiles-stereo-oe.smi,N#Cc1cc(Cl)cc(Oc2cc(CCNC(=O)CCl)ccc2Cl)c1,resolved
VWV,CCOC(=O)CN1CCS(=O)(=O)CC1,Components-smiles-stereo-oe.smi,CCOC(=O)CN1CCS(=O)(=O)CC1,resolved
VWY,CCNC(=O)c1ccc(cc1)NS(=O)(=O)C,Components-smiles-stereo-oe.smi,CCNC(=O)c1ccc(NS(C)(=O)=O)cc1,resolved
VX4,C[C@H]1CCCN(CC1)C(=O)c2cscn2,Components-smiles-stereo-oe.smi,C[C@H]1CCCN(C(=O)c2cscn2)CC1,resolved
VXD,Cc1c(cccc1Cl)NC(=O)CN,Components-smiles-stereo-oe.smi,Cc1c(Cl)cccc1NC(=O)CN,resolved
VXG,CC(=O)N1C[C@H]([C@@H](C1)C(=O)O)c2ccccc2,Components-smiles-stereo-oe.smi,CC(=O)N1C[C@@H](C(=O)O)[C@H](c2ccccc2)C1,resolved
VXL,CC(C)CN(C[C@H]([C@H](Cc1ccccc1)NC(=O)O[C@H]2CO[C@@H]3[C@H]2[C@H](CO3)OCC(=O)NC)O)S(=O)(=O)c4ccc(cc4)OC,Components-smiles-stereo-oe.smi,CNC(=O)CO[C@H]1CO[C@@H]2OC[C@H](OC(=O)N[C@@H](Cc3ccccc3)[C@H](O)CN(CC(C)C)S(=O)(=O)c3ccc(OC)cc3)[C@@H]21,resolved
VXO,CC(C)C[C@@H](Cc1ccc2c(c1C(=O)O)OCO2)CNC(=O)Cc3c[nH]c4c3cccc4,Components-smiles-stereo-oe.smi,CC(C)C[C@H](CNC(=O)Cc1c[nH]c2ccccc12)Cc1ccc2c(c1C(=O)O)OCO2,resolved
VXQ,c1cc2c(cc1CN)CCO2,Components-smiles-stereo-oe.smi,NCc1ccc2c(c1)CCO2,resolved
VZM,COc1ccc(cn1)NC(=O)Nc2cccs2,Components-smiles-stereo-oe.smi,COc1ccc(NC(=O)Nc2cccs2)cn1,resolved
VZP,CC(C)NC(=O)N(C)[C@@H]1CCS(=O)(=O)C1,Components-smiles-stereo-oe.smi,CC(C)NC(=O)N(C)[C@@H]1CCS(=O)(=O)C1,resolved
VZS,Cc1ccc(c(c1)NC(=O)Nn2cnnc2)OC,Components-smiles-stereo-oe.smi,COc1ccc(C)cc1NC(=O)Nn1cnnc1,resolved
VZY,Cc1cccc(c1)C(=O)NCC(=O)O,Components-smiles-stereo-oe.smi,Cc1cccc(C(=O)NCC(=O)O)c1,resolved
W04,Cc1ccnc(c1)NC(=O)CNC,Components-smiles-stereo-oe.smi,CNCC(=O)Nc1cc(C)ccn1,resolved
W08,CN1CCC(CC1)NC(=O)[C@@H]2[C@H]([C@H]([C@@H](O2)n3cnc4c3ncnc4N)O)O,Components-smiles-stereo-oe.smi,CN1CCC(NC(=O)[C@H]2O[C@@H](n3cnc4c(N)ncnc43)[C@H](O)[C@@H]2O)CC1,resolved
W0A,CCCC(=O)NCc1[nH]c2ccccc2n1,Components-smiles-stereo-oe.smi,CCCC(=O)NCc1nc2ccccc2[nH]1,resolved
W0D,c1ccc2c(c1)[nH]c(n2)CNC(=O)c3ccco3,Components-smiles-stereo-oe.smi,O=C(NCc1nc2ccccc2[nH]1)c1ccco1,resolved
W0G,CN[C@@H]1CCN(C1=O)c2ccccc2F,Components-smiles-stereo-oe.smi,CN[C@@H]1CCN(c2ccccc2F)C1=O,resolved
W0J,CN[C@@H]1CCCN(C1)c2cccnn2,Components-smiles-stereo-oe.smi,CN[C@@H]1CCCN(c2cccnn2)C1,resolved
W0M,C[C@H](C(=O)N)Oc1ccc(cc1)Cl,Components-smiles-stereo-oe.smi,C[C@@H](Oc1ccc(Cl)cc1)C(N)=O,resolved
W0P,C[C@H](C(=O)O)Oc1ccccc1F,Components-smiles-stereo-oe.smi,C[C@@H](Oc1ccccc1F)C(=O)O,resolved
W0S,COc1cc(cc(c1OC)OC)CN,Components-smiles-stereo-oe.smi,COc1cc(CN)cc(OC)c1OC,resolved
W0V,CC(C)C(=O)NCc1[nH]c2ccccc2n1,Components-smiles-stereo-oe.smi,CC(C)C(=O)NCc1nc2ccccc2[nH]1,resolved
W0Y,CNC(=O)c1ccc(cc1)S(=O)(=O)N,Components-smiles-stereo-oe.smi,CNC(=O)c1ccc(S(N)(=O)=O)cc1,resolved
W15,c1cc(c(c(c1)Cl)CCN)F,Components-smiles-stereo-oe.smi,NCCc1c(F)cccc1Cl,resolved
W17,c1c(cn(n1)CCO)C(=O)N,Components-smiles-stereo-oe.smi,NC(=O)c1cnn(CCO)c1,resolved
W1A,CS(=O)(=O)NCC1CCNCC1,Components-smiles-stereo-oe.smi,CS(=O)(=O)NCC1CCNCC1,resolved
W1D,CC(=O)c1ccc(cc1)OCC(=O)O,Components-smiles-stereo-oe.smi,CC(=O)c1ccc(OCC(=O)O)cc1,resolved
W1J,CCCn1nc(nn1)NC(=O)c2ccco2,Components-smiles-stereo-oe.smi,CCCn1nnc(NC(=O)c2ccco2)n1,resolved
W1M,Cn1ccc(n1)C(=O)Nc2cccc(c2)C(=O)O,Components-smiles-stereo-oe.smi,Cn1ccc(C(=O)Nc2cccc(C(=O)O)c2)n1,resolved
W1P,CC1=NN(C(=O)C1)c2ccccc2,Components-smiles-stereo-oe.smi,CC1=NN(c2ccccc2)C(=O)C1,resolved
W1S,c1cn2c(n1)[C@H](CCC2)C(=O)N,Components-smiles-stereo-oe.smi,NC(=O)[C@H]1CCCn2ccnc21,resolved
W1V,Cc1c(c(n(n1)C)C)CC(=O)N,Components-smiles-stereo-oe.smi,Cc1nn(C)c(C)c1CC(N)=O,resolved
W1Y,CNCc1cnn(c1)c2ccccc2,Components-smiles-stereo-oe.smi,CNCc1cnn(-c2ccccc2)c1,resolved
W21,C[C@@H](C(=O)O)NC(=O)C1CCCC1,Components-smiles-stereo-oe.smi,C[C@H](NC(=O)C1CCCC1)C(=O)O,resolved
W24,C[C@H]1[C@H](CCCN1S(=O)(=O)C)C(=O)NC,Components-smiles-stereo-oe.smi,CNC(=O)[C@H]1CCCN(S(C)(=O)=O)[C@H]1C,resolved
W27,CC(=O)N1[C@@H]2CC[C@H]1c3cccnc3C2,Components-smiles-stereo-oe.smi,CC(=O)N1[C@@H]2CC[C@H]1c1cccnc1C2,resolved
W28,CC(C)C[C@@H](C(=O)N[C@@H](C[C@@H]1CCNC1=O)CO)NC(=O)c2cc3ccccc3[nH]2,Components-smiles-stereo-oe.smi,CC(C)C[C@H](NC(=O)c1cc2ccccc2[nH]1)C(=O)N[C@H](CO)C[C@@H]1CCNC1=O,resolved
W2A,C[C@@H]1[C@@H](CCCN1S(=O)(=O)C)C#N,Components-smiles-stereo-oe.smi,C[C@@H]1[C@H](C#N)CCCN1S(C)(=O)=O,resolved
W2G,c1cscc1[C@H]2CCC[C@H]2C(=O)O,Components-smiles-stereo-oe.smi,O=C(O)[C@@H]1CCC[C@@H]1c1ccsc1,resolved
W2J,C[C@@H]1C[C@H](CNC1)CO,Components-smiles-stereo-oe.smi,C[C@H]1CNC[C@H](CO)C1,resolved
W2M,c1ccc2c(c1)C[C@]3(CCCN3)C(=O)N2,Components-smiles-stereo-oe.smi,O=C1Nc2ccccc2C[C@]12CCCN2,resolved
W2Q,Cc1ccc(c(c1[C@@H](C(=O)O)OC2CC2)c3ccc4c(c3)CCCO4)C5CC5,Components-smiles-stereo-oe.smi,Cc1ccc(C2CC2)c(-c2ccc3c(c2)CCCO3)c1[C@H](OC1CC1)C(=O)O,resolved
W2S,Cc1ccccc1[C@@H]2COC[C@@H]2C(=O)O,Components-smiles-stereo-oe.smi,Cc1ccccc1[C@@H]1COC[C@@H]1C(=O)O,resolved
W2V,COc1cccc(c1)[C@H]2CCOC[C@H]2C(=O)O,Components-smiles-stereo-oe.smi,COc1cccc([C@H]2CCOC[C@H]2C(=O)O)c1,resolved
W2Y,C[C@H]1[C@H](CCCN1S(=O)(=O)C)C(=O)N,Components-smiles-stereo-oe.smi,C[C@H]1[C@@H](C(N)=O)CCCN1S(C)(=O)=O,resolved
W34,COc1cccc(c1)[C@@H]2CCOC[C@@H]2N,Components-smiles-stereo-oe.smi,COc1cccc([C@@H]2CCOC[C@@H]2N)c1,resolved
W3A,c1c(cn(n1)CC(=O)O)Br,Components-smiles-stereo-oe.smi,O=C(O)Cn1cc(Br)cn1,resolved
W3D,C1=CN(C(=O)C=C1Br)CC(=O)O,Components-smiles-stereo-oe.smi,O=C(O)Cn1ccc(Br)cc1=O,resolved
W3G,C1=CC(=O)NN=C1,Components-smiles-stereo-oe.smi,O=c1cccn[nH]1,resolved
W3J,C1CNC(=NC1)N,Components-smiles-stereo-oe.smi,NC1=NCCCN1,resolved
W3M,c1c([nH]cn1)C#N,Components-smiles-stereo-oe.smi,N#Cc1cnc[nH]1,resolved
W3P,c1cc2cccnc2nc1,Components-smiles-stereo-oe.smi,c1cnc2ncccc2c1,resolved
W3S,c1ccn2c(c1)nnc2N,Components-smiles-stereo-oe.smi,Nc1nnc2ccccn12,resolved
W3V,C1CN(CCC1C(=O)O)C(=O)N,Components-smiles-stereo-oe.smi,NC(=O)N1CCC(C(=O)O)CC1,resolved
W3Y,C[C@H]1C(=O)NC(=O)N1c2ccc(cc2)Cl,Components-smiles-stereo-oe.smi,C[C@H]1C(=O)NC(=O)N1c1ccc(Cl)cc1,resolved
W41,c1cc(nn2c1nnn2)Cl,Components-smiles-stereo-oe.smi,Clc1ccc2nnnn2n1,resolved
W44,Cn1c2ccccc2c3c1[C@H]4C[C@@H](C3)NC[C@@H]4O,Components-smiles-stereo-oe.smi,Cn1c2c(c3ccccc31)C[C@@H]1C[C@H]2[C@@H](O)CN1,resolved
W48,c1cc(cc(c1)Cl)COC(=O)N[C@@H](CC2CCCCC2)C(=O)N[C@@H](C[C@@H]3C=CNC3=O)[C@H](O)S(=O)(=O)O,Components-smiles-stereo-oe.smi,O=C(N[C@@H](CC1CCCCC1)C(=O)N[C@@H](C[C@@H]1C=CNC1=O)[C@H](O)S(=O)(=O)O)OCc1cccc(Cl)c1,resolved
W4S,Cn1ccc2c1ncnc2N,Components-smiles-stereo-oe.smi,Cn1ccc2c(N)ncnc21,resolved
W4V,c1nc2nc3c(c(n2n1)N)CCC3,Components-smiles-stereo-oe.smi,Nc1c2c(nc3ncnn13)CCC2,resolved
W4Y,CC(C)OCCN1c2cc[nH]c2C(=O)NC1=S,Components-smiles-stereo-oe.smi,CC(C)OCCn1c(=S)[nH]c(=O)c2[nH]ccc21,resolved
W51,c1nc(c(c(n1)N2CC3CCC2CC3)Cl)N,Components-smiles-stereo-oe.smi,Nc1ncnc(N2CC3CCC2CC3)c1Cl,resolved
W57,COc1cc(on1)Cn2cnc(c-3ncnc23)N,Components-smiles-stereo-oe.smi,COc1cc(Cn2cnc(N)c3ncnc2-3)on1,resolved
W5A,Cc1nc(cs1)Cn2cnc(c-3ncnc23)N,Components-smiles-stereo-oe.smi,Cc1nc(Cn2cnc(N)c3ncnc2-3)cs1,resolved
W5D,c1c[nH]c2c1c(ncn2)N3CCCCCOCC3,Components-smiles-stereo-oe.smi,c1nc(N2CCCCCOCC2)c2cc[nH]c2n1,resolved
W5G,c1c[nH]c2c1c(ncn2)N3CCCC4(C3)CC4,Components-smiles-stereo-oe.smi,c1nc(N2CCCC3(CC3)C2)c2cc[nH]c2n1,resolved
W5J,CN(CCC(=O)O)c1c2cc[nH]c2ncn1,Components-smiles-stereo-oe.smi,CN(CCC(=O)O)c1ncnc2[nH]ccc12,resolved
W5M,Cn1cnc2c1nc(nc2N)N,Components-smiles-stereo-oe.smi,Cn1cnc2c(N)nc(N)nc21,resolved
W5P,c1c[nH]c2c1c(ncn2)N3CCC[C@H](C3)F,Components-smiles-stereo-oe.smi,F[C@@H]1CCCN(c2ncnc3[nH]ccc23)C1,resolved
W5S,Cc1c(n(c2c1c(ncn2)N)Cc3ccco3)C,Components-smiles-stereo-oe.smi,Cc1c(C)n(Cc2ccco2)c2ncnc(N)c12,resolved
W6A,c1cc2c(cc([nH]2)C(=O)O)c(c1)Cl,Components-smiles-stereo-oe.smi,O=C(O)c1cc2c(Cl)cccc2[nH]1,resolved
W6D,c1cc(c2cc[nH]c2c1)C(=O)N,Components-smiles-stereo-oe.smi,NC(=O)c1cccc2[nH]ccc12,resolved
W6G,c1ccc(cc1)S(=O)(=O)Nc2nncs2,Components-smiles-stereo-oe.smi,O=S(=O)(Nc1nncs1)c1ccccc1,resolved
W6J,c1ccnc(c1)N2CCCNCC2,Components-smiles-stereo-oe.smi,c1ccc(N2CCCNCC2)nc1,resolved
W6M,Cc1nc(on1)CNC(=O)c2cccc(c2)C(=O)O,Components-smiles-stereo-oe.smi,Cc1noc(CNC(=O)c2cccc(C(=O)O)c2)n1,resolved
W6P,c1ccc2c(c1)CC(=O)N2,Components-smiles-stereo-oe.smi,O=C1Cc2ccccc2N1,resolved
W6S,c1c[nH]nc1C2CCNCC2,Components-smiles-stereo-oe.smi,c1cc(C2CCNCC2)n[nH]1,resolved
W6V,c1ccc(cc1)C(=O)Nc2nccs2,Components-smiles-stereo-oe.smi,O=C(Nc1nccs1)c1ccccc1,resolved
W7S,c1ccc(cc1)CNC(=O)c2cnccn2,Components-smiles-stereo-oe.smi,O=C(NCc1ccccc1)c1cnccn1,resolved
W7V,CN(c1c[nH]nc1)C(=O)C23CCC[C@@H]2C3,Components-smiles-stereo-oe.smi,CN(C(=O)C12CCC[C@@H]1C2)c1cn[nH]c1,resolved
W7Y,c1c[nH]c2c1c(ncn2)N3CCC[C@@H]3C4CCC4,Components-smiles-stereo-oe.smi,c1nc(N2CCC[C@@H]2C2CCC2)c2cc[nH]c2n1,resolved
W8A,C[C@@H](C(=O)N1CCNC1=O)SCC(=O)O,Components-smiles-stereo-oe.smi,C[C@H](SCC(=O)O)C(=O)N1CCNC1=O,resolved
W8D,c1nc-2c(ncn(c2n1)C[C@H]3CCCO3)N,Components-smiles-stereo-oe.smi,Nc1ncn(C[C@H]2CCCO2)c2ncnc1-2,resolved
W8J,c1nc-2c(ncn(c2n1)CCC[C@H]3CCOC3)N,Components-smiles-stereo-oe.smi,Nc1ncn(CCC[C@H]2CCOC2)c2ncnc1-2,resolved
WB1,Cc1ccc2c(c1)[nH]cc2C(=O)O,Components-smiles-stereo-oe.smi,Cc1ccc2c(C(=O)O)c[nH]c2c1,resolved
WBV,Cc1c(n(c2c1c(c(c(n2)C)[C@@H](C(=O)O)OC(C)(C)C)c3ccc(cc3)Cl)Cc4cnn(c4)C)C,Components-smiles-stereo-oe.smi,Cc1nc2c(c(C)c(C)n2Cc2cnn(C)c2)c(-c2ccc(Cl)cc2)c1[C@H](OC(C)(C)C)C(=O)O,resolved
WEL,CC(C)C[C@@H](C(=O)N[C@@H](C[C@@H]1CCNC1=O)[C@@H](O)S(=O)(=O)O)NC(=O)OCC(C)(C)Sc2[nH]c3ccccc3n2,Components-smiles-stereo-oe.smi,CC(C)C[C@H](NC(=O)OCC(C)(C)Sc1nc2ccccc2[nH]1)C(=O)N[C@@H](C[C@@H]1CCNC1=O)[C@@H](O)S(=O)(=O)O,resolved
WEQ,CC(C)C[C@@H](C(=O)N[C@@H](C[C@@H]1CCNC1=O)[C@H](O)S(=O)(=O)O)NC(=O)OCC(C)(C)Sc2[nH]c3ccccc3n2,Components-smiles-stereo-oe.smi,CC(C)C[C@H](NC(=O)OCC(C)(C)Sc1nc2ccccc2[nH]1)C(=O)N[C@@H](C[C@@H]1CCNC1=O)[C@H](O)S(=O)(=O)O,resolved
WF5,CC(C)C[C@@H](C(=O)N[C@@H](C[C@@H]1CCNC1=O)[C@@H](O)S(=O)(=O)O)NC(=O)OCC(C)(C)Oc2ccc(cc2)Cl,Components-smiles-stereo-oe.smi,CC(C)C[C@H](NC(=O)OCC(C)(C)Oc1ccc(Cl)cc1)C(=O)N[C@@H](C[C@@H]1CCNC1=O)[C@@H](O)S(=O)(=O)O,resolved
WGE,c1ccc(cc1)COC(=O)N2CC3(CCCC3)C[C@H]2C(=O)N[C@@H](C[C@@H]4CCNC4=O)CO,Components-smiles-stereo-oe.smi,O=C1NCC[C@H]1C[C@@H](CO)NC(=O)[C@@H]1CC2(CCCC2)CN1C(=O)OCc1ccccc1,resolved
WGI,c1ccc(cc1)COC(=O)N2CC3(CCCCC3)C[C@H]2C(=O)N[C@@H](C[C@@H]4CCNC4=O)CO,Components-smiles-stereo-oe.smi,O=C1NCC[C@H]1C[C@@H](CO)NC(=O)[C@@H]1CC2(CCCCC2)CN1C(=O)OCc1ccccc1,resolved
WGO,CC(C)C[C@@H](C(=O)N[C@@H](C[C@@H]1CCNC1=O)[C@H](O)S(=O)(=O)O)NC(=O)OCC(C)(C)Oc2ccc(cc2)F,Components-smiles-stereo-oe.smi,CC(C)C[C@H](NC(=O)OCC(C)(C)Oc1ccc(F)cc1)C(=O)N[C@@H](C[C@@H]1CCNC1=O)[C@H](O)S(=O)(=O)O,resolved
WGU,CC(C)C[C@@H](C(=O)N[C@@H](C[C@@H]1CCNC1=O)[C@@H](O)S(=O)(=O)O)NC(=O)OCC(C)(C)Oc2ccc(cc2)F,Components-smiles-stereo-oe.smi,CC(C)C[C@H](NC(=O)OCC(C)(C)Oc1ccc(F)cc1)C(=O)N[C@@H](C[C@@H]1CCNC1=O)[C@@H](O)S(=O)(=O)O,resolved
WH1,CN(CCc1ccccn1)C(=O)c2ccccc2,Components-smiles-stereo-oe.smi,CN(CCc1ccccn1)C(=O)c1ccccc1,resolved
WHU,c1cc(c(c(c1CNC(=O)c2c(nc([nH]2)N)Cl)F)Oc3cc(cc(c3)Cl)C#N)Br,Components-smiles-stereo-oe.smi,N#Cc1cc(Cl)cc(Oc2c(Br)ccc(CNC(=O)c3[nH]c(N)nc3Cl)c2F)c1,resolved
WIO,CC(C)C[C@@H](C(=O)N[C@@H](C[C@@H]1CCNC1=O)[C@H](O)S(=O)(=O)O)NC(=O)OCC(C)(C)Oc2cccc(c2)F,Components-smiles-stereo-oe.smi,CC(C)C[C@H](NC(=O)OCC(C)(C)Oc1cccc(F)c1)C(=O)N[C@@H](C[C@@H]1CCNC1=O)[C@H](O)S(=O)(=O)O,resolved
WIX,CC(C)C[C@@H](C(=O)N[C@@H](C[C@@H]1CCNC1=O)[C@@H](O)S(=O)(=O)O)NC(=O)OC[C@@](C)(c2cccc(c2)Cl)O,Components-smiles-stereo-oe.smi,CC(C)C[C@H](NC(=O)OC[C@](C)(O)c1cccc(Cl)c1)C(=O)N[C@@H](C[C@@H]1CCNC1=O)[C@@H](O)S(=O)(=O)O,resolved
WJ0,CC(C)C[C@@H](C(=O)N[C@@H](C[C@@H]1CC=NC1=O)[C@H](O)S(=O)(=O)O)NC(=O)OC[C@](C)(c2cccc(c2)Cl)O,Components-smiles-stereo-oe.smi,CC(C)C[C@H](NC(=O)OC[C@@](C)(O)c1cccc(Cl)c1)C(=O)N[C@@H](C[C@@H]1CC=NC1=O)[C@H](O)S(=O)(=O)O,resolved
WJB,CC(C)C[C@@H](C(=O)N[C@@H](C[C@@H]1CCNC1=O)[C@H](O)S(=O)(=O)O)NC(=O)OCC(C)(C)S(=O)(=O)c2ccccc2,Components-smiles-stereo-oe.smi,CC(C)C[C@H](NC(=O)OCC(C)(C)S(=O)(=O)c1ccccc1)C(=O)N[C@@H](C[C@@H]1CCNC1=O)[C@H](O)S(=O)(=O)O,resolved
WJD,COCC(=O)Nc1ccccc1,Components-smiles-stereo-oe.smi,COCC(=O)Nc1ccccc1,resolved
WKA,CC(=O)Nc1cccc2c1non2,Components-smiles-stereo-oe.smi,CC(=O)Nc1cccc2nonc12,resolved
WKS,Cc1cc(nc(n1)C)N2CCNCC2,Components-smiles-stereo-oe.smi,Cc1cc(N2CCNCC2)nc(C)n1,resolved
WL7,CN(CCO)S(=O)(=O)c1ccc(cc1)N,Components-smiles-stereo-oe.smi,CN(CCO)S(=O)(=O)c1ccc(N)cc1,resolved
WN1,COc1cccc(c1)C(=O)Nc2ccccc2F,Components-smiles-stereo-oe.smi,COc1cccc(C(=O)Nc2ccccc2F)c1,resolved
WNM,c1ccc(cc1)S(=O)(=O)N2CC[C@@H](C2)N,Components-smiles-stereo-oe.smi,N[C@H]1CCN(S(=O)(=O)c2ccccc2)C1,resolved
WNV,Cc1cccc(c1C)C(=O)N(C)C,Components-smiles-stereo-oe.smi,Cc1cccc(C(=O)N(C)C)c1C,resolved
WOH,CC(C)C[C@@H](C(=O)NN(CCC(=O)N)C(=O)CCl)NC(=O)OCc1ccccc1,Components-smiles-stereo-oe.smi,CC(C)C[C@H](NC(=O)OCc1ccccc1)C(=O)NN(CCC(N)=O)C(=O)CCl,resolved
WOK,CC1([C@@H]2[C@H]1[C@H](N(C2)C(=O)[C@H](C(C)(C)C)NC(=O)C(F)(F)F)C(=O)N[C@@H](C[C@@H]3CCNC3=O)[C@@H](c4nc5cc(ccc5s4)F)O)C,Components-smiles-stereo-oe.smi,CC(C)(C)[C@H](NC(=O)C(F)(F)F)C(=O)N1C[C@H]2[C@@H]([C@H]1C(=O)N[C@@H](C[C@@H]1CCNC1=O)[C@H](O)c1nc3cc(F)ccc3s1)C2(C)C,resolved
WOP,CN(Cc1ccc2c(c1C(=O)O)OCO2)C(=O)N[C@@H](c3ccccc3)C(=O)NCc4ccccc4,Components-smiles-stereo-oe.smi,CN(Cc1ccc2c(c1C(=O)O)OCO2)C(=O)N[C@H](C(=O)NCc1ccccc1)c1ccccc1,resolved
WOY,c1c2c(ncn1)NCC2,Components-smiles-stereo-oe.smi,c1ncc2c(n1)NCC2,resolved
WPS,Cc1c(c([nH]n1)N)C#N,Components-smiles-stereo-oe.smi,Cc1n[nH]c(N)c1C#N,resolved
WPV,c1c(cncc1Br)CN,Components-smiles-stereo-oe.smi,NCc1cncc(Br)c1,resolved
WPY,CC(=O)Nc1nccs1,Components-smiles-stereo-oe.smi,CC(=O)Nc1nccs1,resolved
WQ1,Cc1ccncc1CO,Components-smiles-stereo-oe.smi,Cc1ccncc1CO,resolved
WQ4,Cc1nc(c(o1)N)C#N,Components-smiles-stereo-oe.smi,Cc1nc(C#N)c(N)o1,resolved
WQ7,C1=CC(=O)N(C=C1)CCN,Components-smiles-stereo-oe.smi,NCCn1ccccc1=O,resolved
WQA,c1c2c[nH]nc2ncc1N,Components-smiles-stereo-oe.smi,Nc1cnc2n[nH]cc2c1,resolved
WQG,c1ccc2c(c1)C(=O)NC=N2,Components-smiles-stereo-oe.smi,O=c1[nH]cnc2ccccc12,resolved
WQJ,c1c(cnc2c1COCC2)N,Components-smiles-stereo-oe.smi,Nc1cnc2c(c1)COCC2,resolved
WQM,CNC(=O)C1C=CC(=O)N=C1,Components-smiles-stereo-oe.smi,CNC(=O)C1C=CC(=O)N=C1,resolved
WQO,c1ccc2c(c1)C[C@@H]([C@H]2OC(=O)c3ccc(cc3O)N)C(=O)O,Components-smiles-stereo-oe.smi,Nc1ccc(C(=O)O[C@H]2c3ccccc3C[C@@H]2C(=O)O)c(O)c1,resolved
WQV,CC(=O)NC1=CC(=CNC1=O)Br,Components-smiles-stereo-oe.smi,CC(=O)Nc1cc(Br)c[nH]c1=O,resolved
WQY,c1ccc2c(c1)cc(cn2)CN,Components-smiles-stereo-oe.smi,NCc1cnc2ccccc2c1,resolved
WRD,c1cc2c(c(c1)O)CCC[C@H]2N,Components-smiles-stereo-oe.smi,N[C@@H]1CCCc2c(O)cccc21,resolved
WRJ,c1ccc2c(c1)C=C(CO2)C(=O)N,Components-smiles-stereo-oe.smi,NC(=O)C1=Cc2ccccc2OC1,resolved
WRM,CNC(=O)Cn1cnc2c1cccc2,Components-smiles-stereo-oe.smi,CNC(=O)Cn1cnc2ccccc21,resolved
WRV,Cc1ccc(cc1F)NC(=O)N[C@@H](C)CO,Components-smiles-stereo-oe.smi,Cc1ccc(NC(=O)N[C@@H](C)CO)cc1F,resolved
WRY,Cc1c(cc2ccc(cc2n1)F)C(=O)NC,Components-smiles-stereo-oe.smi,CNC(=O)c1cc2ccc(F)cc2nc1C,resolved
WS4,Cn1cc(cn1)C(=O)Nc2ccc(cc2)O,Components-smiles-stereo-oe.smi,Cn1cc(C(=O)Nc2ccc(O)cc2)cn1,resolved
WSB,C1=CN(C(=O)NC1=O)[C@H]2[C@@H]([C@@H]([C@H](O2)COP(=O)(CP(=O)(O)OP(=O)(O)O)O)O)O,Components-smiles-stereo-oe.smi,O=c1ccn([C@@H]2O[C@H](COP(=O)(O)CP(=O)(O)OP(=O)(O)O)[C@@H](O)[C@H]2O)c(=O)[nH]1,resolved
WSG,CCn1cc(cn1)NC(=O)c2ccc(cc2)F,Components-smiles-stereo-oe.smi,CCn1cc(NC(=O)c2ccc(F)cc2)cn1,resolved
WSJ,CC1=C(C(=O)N(N1C)c2ccccc2)NS(=O)(=O)C,Components-smiles-stereo-oe.smi,Cc1c(NS(C)(=O)=O)c(=O)n(-c2ccccc2)n1C,resolved
WSM,c1ccc2c(c1)N(C(=O)CO2)CCCN,Components-smiles-stereo-oe.smi,NCCCN1C(=O)COc2ccccc21,resolved
WSY,Cc1nc(n(n1)CCC(=O)O)C,Components-smiles-stereo-oe.smi,Cc1nc(C)n(CCC(=O)O)n1,resolved
WTE,CC(C)C[C@@H](C(=O)N[C@@H](C[C@@H]1CCCO1)/C=C\2/CCOC2=O)NC(=O)[C@H](Cc3ccc(cc3)F)NC(=O)OCc4ccccc4,Components-smiles-stereo-oe.smi,CC(C)C[C@H](NC(=O)[C@H](Cc1ccc(F)cc1)NC(=O)OCc1ccccc1)C(=O)N[C@H](/C=C1/CCOC1=O)C[C@@H]1CCCO1,resolved
WTV,CC(C)C[C@@H](C(=O)N[C@H](C[C@@H]1CCOC1=O)C[C@H]2CCCO2)NC(=O)[C@H](Cc3ccc(cc3)F)NC(=O)OCc4ccccc4,Components-smiles-stereo-oe.smi,CC(C)C[C@H](NC(=O)[C@H](Cc1ccc(F)cc1)NC(=O)OCc1ccccc1)C(=O)N[C@@H](C[C@H]1CCCO1)C[C@@H]1CCOC1=O,resolved
WUG,Cc1c([nH]c(n1)C)CN,Components-smiles-stereo-oe.smi,Cc1nc(C)c(CN)[nH]1,resolved
WUJ,c1cc(oc1)CNC(=O)N,Components-smiles-stereo-oe.smi,NC(=O)NCc1ccco1,resolved
WUK,C[C@H](c1cccc2c1cccc2)NC(=O)c3ccccc3CCC(=O)NNC(=O)CCC(=O)OC,Components-smiles-stereo-oe.smi,COC(=O)CCC(=O)NNC(=O)CCc1ccccc1C(=O)N[C@H](C)c1cccc2ccccc12,resolved
WUM,CN(C)Cc1csc(n1)N,Components-smiles-stereo-oe.smi,CN(C)Cc1csc(N)n1,resolved
WUS,Cc1[nH]c2c(n1)C[C@@H](CC2)N,Components-smiles-stereo-oe.smi,Cc1nc2c([nH]1)CC[C@@H](N)C2,resolved
WUV,CC1=CN(C(=O)NC1=O)[C@H]2C[C@@H]([C@H](O2)CS)O,Components-smiles-stereo-oe.smi,Cc1cn([C@H]2C[C@H](O)[C@@H](CS)O2)c(=O)[nH]c1=O,resolved
WUY,c1ccc(cc1)NC(=O)NCCN,Components-smiles-stereo-oe.smi,NCCNC(=O)Nc1ccccc1,resolved
WVG,c1c[nH]c2c1c(ncn2)N3CCC[C@@H](C3)CCC(=O)O,Components-smiles-stereo-oe.smi,O=C(O)CC[C@H]1CCCN(c2ncnc3[nH]ccc23)C1,resolved
WVM,C[C@H](CNc1cc(ncn1)N2C[C@@](C3(C2)CCC3)(C(=O)O)F)O,Components-smiles-stereo-oe.smi,C[C@@H](O)CNc1cc(N2CC3(CCC3)[C@@](F)(C(=O)O)C2)ncn1,resolved
WVU,c1ccc(cc1)COC(=O)N2CCNC(=O)C2,Components-smiles-stereo-oe.smi,O=C1CN(C(=O)OCc2ccccc2)CCN1,resolved
WVY,c1cnn(c1)c2ccc(cc2)CC(=O)OC[C@@H]3CCCNC3=O,Components-smiles-stereo-oe.smi,O=C(Cc1ccc(-n2cccn2)cc1)OC[C@@H]1CCCNC1=O,resolved
WVZ,c1ccc(cc1)[C@H]2c3ccccc3CC(=O)N2,Components-smiles-stereo-oe.smi,O=C1Cc2ccccc2[C@H](c2ccccc2)N1,resolved
WW0,CCC(CC)NC(=O)c1ccnc2c1nc([nH]2)O,Components-smiles-stereo-oe.smi,CCC(CC)NC(=O)c1ccnc2[nH]c(O)nc12,resolved
WW1,C[C@@H](CSc1nnc2n1nc[nH]2)c3ccccc3,Components-smiles-stereo-oe.smi,C[C@@H](CSc1nnc2[nH]cnn12)c1ccccc1,resolved
WW4,c1c[nH]c2c1c(ncn2)N3CC[C@@H](C3)Cc4nccs4,Components-smiles-stereo-oe.smi,c1csc(C[C@H]2CCN(c3ncnc4[nH]ccc34)C2)n1,resolved
WWC,CC1(CC1)C(=O)NNc2c3c(nc[nH]3)ncn2,Components-smiles-stereo-oe.smi,CC1(C(=O)NNc2ncnc3nc[nH]c23)CC1,resolved
WWH,CC[C@@H](CNc1c2c([nH]cn2)ncn1)NC(=O)CCC3CCCCC3,Components-smiles-stereo-oe.smi,CC[C@@H](CNc1ncnc2[nH]cnc12)NC(=O)CCC1CCCCC1,resolved
WWJ,CCc1c[nH]c2c1c(ncn2)N3CCC[C@@H](C3)Cc4nc(no4)C,Components-smiles-stereo-oe.smi,CCc1c[nH]c2ncnc(N3CCC[C@H](Cc4nc(C)no4)C3)c12,resolved
WWN,CC[C@@H](CNc1c2c(nc[nH]2)ncn1)NC(=O)CC3CCCCC3,Components-smiles-stereo-oe.smi,CC[C@@H](CNc1ncnc2nc[nH]c12)NC(=O)CC1CCCCC1,resolved
WWP,c1cc(cc(c1)C(F)(F)F)Cn2cnc(c-3ncnc23)N,Components-smiles-stereo-oe.smi,Nc1ncn(Cc2cccc(C(F)(F)F)c2)c2ncnc1-2,resolved
WWR,c1ccc(cc1)CN2C=CNC2=O,Components-smiles-stereo-oe.smi,O=c1[nH]ccn1Cc1ccccc1,resolved
WWS,c1cc(ncc1Cl)Cn2cnc(c-3ncnc23)N,Components-smiles-stereo-oe.smi,Nc1ncn(Cc2ccc(Cl)cn2)c2ncnc1-2,resolved
WWT,CCCNC(=O)c1ccnc2c1nc([nH]2)O,Components-smiles-stereo-oe.smi,CCCNC(=O)c1ccnc2[nH]c(O)nc12,resolved
WX4,c1c[nH]c2c1c(ncn2)N3CCC[C@H](C3)n4cc(nn4)CO,Components-smiles-stereo-oe.smi,OCc1cn([C@@H]2CCCN(c3ncnc4[nH]ccc34)C2)nn1,resolved
WX6,c1cnc2c(c1C(=O)N3CCCCCC3)nc([nH]2)O,Components-smiles-stereo-oe.smi,O=C(c1ccnc2[nH]c(O)nc12)N1CCCCCC1,resolved
WX7,c1c[nH]c2c1c(ncn2)N3CCC[C@H](C3)C4=NNC(=O)O4,Components-smiles-stereo-oe.smi,O=c1[nH]nc([C@@H]2CCCN(c3ncnc4[nH]ccc34)C2)o1,resolved
WXA,CCc1c[nH]c2c1c(ncn2)N3CCC[C@H](C3)S(=O)(=O)C,Components-smiles-stereo-oe.smi,CCc1c[nH]c2ncnc(N3CCC[C@@H](S(C)(=O)=O)C3)c12,resolved
WXB,c1c(cnc2c1C(=O)NC(=O)N2)C(=O)N3CCCCCC3,Components-smiles-stereo-oe.smi,O=C(c1cnc2[nH]c(=O)[nH]c(=O)c2c1)N1CCCCCC1,resolved
WXD,CCc1c[nH]c2c1c(ncn2)N3CCC[C@@H](C3)S(=O)(=O)C,Components-smiles-stereo-oe.smi,CCc1c[nH]c2ncnc(N3CCC[C@H](S(C)(=O)=O)C3)c12,resolved
WXF,C[C@@H]1CN(CCO1)C(=O)c2ccnc3c2nc([nH]3)O,Components-smiles-stereo-oe.smi,C[C@@H]1CN(C(=O)c2ccnc3[nH]c(O)nc23)CCO1,resolved
WXG,c1[nH]c2c(n1)c(ncn2)SCCN3CCCC3=O,Components-smiles-stereo-oe.smi,O=C1CCCN1CCSc1ncnc2[nH]cnc12,resolved
WXJ,c1cc(ccc1C#N)OCCn2cnc(c-3ncnc23)N,Components-smiles-stereo-oe.smi,N#Cc1ccc(OCCn2cnc(N)c3ncnc2-3)cc1,resolved
WXK,CC1(CC1)NS(=O)(=O)c2cc3c(nc2)NC(=O)NC3=O,Components-smiles-stereo-oe.smi,CC1(NS(=O)(=O)c2cnc3[nH]c(=O)[nH]c(=O)c3c2)CC1,resolved
WXO,c1c(cnc2c1C(=O)NC(=O)N2)S(=O)(=O)N3CCCCCC3,Components-smiles-stereo-oe.smi,O=c1[nH]c(=O)c2cc(S(=O)(=O)N3CCCCCC3)cnc2[nH]1,resolved
WXS,CC1=C(OC(=O)O1)CSc2c3c([nH]cn3)ncn2,Components-smiles-stereo-oe.smi,Cc1oc(=O)oc1CSc1ncnc2[nH]cnc12,resolved
WXT,CC(C)[C@@H](CNC(=O)C1(CCC1)C)Nc2c3c([nH]cn3)ncn2,Components-smiles-stereo-oe.smi,CC(C)[C@@H](CNC(=O)C1(C)CCC1)Nc1ncnc2[nH]cnc12,resolved
WXX,CC[C@H](CNC(=O)CCC1CCCCC1)Nc2c3cn[nH]c3ncn2,Components-smiles-stereo-oe.smi,CC[C@H](CNC(=O)CCC1CCCCC1)Nc1ncnc2[nH]ncc12,resolved
WXY,c1c[nH]c2c1c(ncn2)C(=O)N3CCCC34CCCCC4,Components-smiles-stereo-oe.smi,O=C(c1ncnc2[nH]ccc12)N1CCCC12CCCCC2,resolved
WY6,CC[C@@H](CNc1c2c(nc[nH]2)ncn1)NC(=O)CCc3ccccc3,Components-smiles-stereo-oe.smi,CC[C@@H](CNc1ncnc2nc[nH]c12)NC(=O)CCc1ccccc1,resolved
WY7,c1cc(oc1)c2cc(no2)Cn3cnc(c-4ncnc34)N,Components-smiles-stereo-oe.smi,Nc1ncn(Cc2cc(-c3ccco3)on2)c2ncnc1-2,resolved
WYA,CN(Cc1nnc2n1C=CNC2=O)c3ccc4c(n3)nccn4,Components-smiles-stereo-oe.smi,CN(Cc1nnc2c(=O)[nH]ccn12)c1ccc2nccnc2n1,resolved
WYG,c1c[nH]c2c1c(ncn2)N3CCO[C@@H](C3)CC(=O)O,Components-smiles-stereo-oe.smi,O=C(O)C[C@@H]1CN(c2ncnc3[nH]ccc23)CCO1,resolved
WYJ,C[C@@H]1CN(C[C@H](O1)CO)c2c3c4ccccc4[nH]c3ncn2,Components-smiles-stereo-oe.smi,C[C@@H]1CN(c2ncnc3[nH]c4ccccc4c23)C[C@@H](CO)O1,resolved
WYY,c1c[nH]c2c1c(ncn2)N3CCC[C@H](C3)CCC(=O)O,Components-smiles-stereo-oe.smi,O=C(O)CC[C@@H]1CCCN(c2ncnc3[nH]ccc23)C1,resolved
WZ9,c1ccc(cc1)CN2c3cccc(c3NC2=O)N,Components-smiles-stereo-oe.smi,Nc1cccc2c1[nH]c(=O)n2Cc1ccccc1,resolved
WZK,CN(C)c1ccc(cc1)N(Cc2cc(cs2)Cl)C(=O)Cc3cncc4c3c(ccc4)O,Components-smiles-stereo-oe.smi,CN(C)c1ccc(N(Cc2cc(Cl)cs2)C(=O)Cc2cncc3cccc(O)c23)cc1,resolved
WZL,c1ccc(cc1)CN2c3cccc(c3NC2=O)Br,Components-smiles-stereo-oe.smi,O=c1[nH]c2c(Br)cccc2n1Cc1ccccc1,resolved
WZR,c1ccc(cc1)[C@H]2CC(=O)Nc3c2ccc(c3)O,Components-smiles-stereo-oe.smi,O=C1C[C@H](c2ccccc2)c2ccc(O)cc2N1,resolved
WZX,CCOC(=O)CN1CC(=O)Nc2c1cccc2,Components-smiles-stereo-oe.smi,CCOC(=O)CN1CC(=O)Nc2ccccc21,resolved
X0H,COC(=O)CC1=CC(=O)Nc2c1cccc2,Components-smiles-stereo-oe.smi,COC(=O)Cc1cc(=O)[nH]c2ccccc12,resolved
X0L,Cc1ccc(cc1)CN2c3ccccc3NC(=O)C2=O,Components-smiles-stereo-oe.smi,Cc1ccc(Cn2c(=O)c(=O)[nH]c3ccccc32)cc1,resolved
X0P,CN(Cc1cccc(c1C(=O)O)OC)Cc2cc3ccccc3cc2C(=O)NCc4ccc(cc4)OC,Components-smiles-stereo-oe.smi,COc1ccc(CNC(=O)c2cc3ccccc3cc2CN(C)Cc2cccc(OC)c2C(=O)O)cc1,resolved
X0Y,CN1c2c[nH]cc2C(=O)N(C1=O)C,Components-smiles-stereo-oe.smi,Cn1c(=O)c2c[nH]cc2n(C)c1=O,resolved
X1Z,COC[C@H](C(=O)NC1(CCC1)[C@@H](C(=O)NCc2nccs2)O)NC(=O)[C@@H](C3CCCCC3)NC(=O)C4CCC(CC4)(F)F,Components-smiles-stereo-oe.smi,COC[C@@H](NC(=O)[C@H](NC(=O)C1CCC(F)(F)CC1)C1CCCCC1)C(=O)NC1([C@H](O)C(=O)NCc2nccs2)CCC1,resolved
X2G,c1cc(c(cc1OS(=O)(=O)F)OCCN2C=CC(=O)NC2=O)Oc3cc(cc(c3)F)/C=C/C#N,Components-smiles-stereo-oe.smi,N#C/C=C/c1cc(F)cc(Oc2ccc(OS(=O)(=O)F)cc2OCCn2ccc(=O)[nH]c2=O)c1,resolved
X2J,c1cc(c(cc1OS(=O)(=O)F)OCCN2C=CC(=O)NC2=O)Oc3cc(cc(c3)Cl)/C=C/C#N,Components-smiles-stereo-oe.smi,N#C/C=C/c1cc(Cl)cc(Oc2ccc(OS(=O)(=O)F)cc2OCCn2ccc(=O)[nH]c2=O)c1,resolved
X2S,c1cc(c(cc1OS(=O)(=O)F)OCCN2C=CC(=O)NC2=O)Oc3cc(cc(c3)Cl)C#N,Components-smiles-stereo-oe.smi,N#Cc1cc(Cl)cc(Oc2ccc(OS(=O)(=O)F)cc2OCCn2ccc(=O)[nH]c2=O)c1,resolved
X2V,c1cc2cc(ccc2c(c1)Oc3ccc(cc3OCCN4C=CC(=O)NC4=O)OS(=O)(=O)F)C#N,Components-smiles-stereo-oe.smi,N#Cc1ccc2c(Oc3ccc(OS(=O)(=O)F)cc3OCCn3ccc(=O)[nH]c3=O)cccc2c1,resolved
X4P,c1cnc(cc1C(=O)N)Cl,Components-smiles-stereo-oe.smi,NC(=O)c1ccnc(Cl)c1,resolved
X4V,CN(C)c1ccnc(c1)N,Components-smiles-stereo-oe.smi,CN(C)c1ccnc(N)c1,resolved
X6O,CC1([C@@H]2[C@H]1[C@H](N(C2)C(=O)[C@H](C(C)(C)C)NC(=O)C(F)(F)F)C(=O)N[C@@H](C[C@@H]3CCCNC3=O)[C@H](C(=O)N4CCC4)O)C,Components-smiles-stereo-oe.smi,CC(C)(C)[C@H](NC(=O)C(F)(F)F)C(=O)N1C[C@H]2[C@@H]([C@H]1C(=O)N[C@@H](C[C@@H]1CCCNC1=O)[C@@H](O)C(=O)N1CCC1)C2(C)C,resolved
X6T,CC1(CN(C1)C(=O)[C@@H]([C@H](C[C@@H]2CCCNC2=O)NC(=O)[C@@H]3[C@@H]4[C@@H](C4(C)C)CN3C(=O)[C@H](C(C)(C)C)NC(=O)C(F)(F)F)O)C,Components-smiles-stereo-oe.smi,CC1(C)CN(C(=O)[C@H](O)[C@H](C[C@@H]2CCCNC2=O)NC(=O)[C@@H]2[C@@H]3[C@H](CN2C(=O)[C@@H](NC(=O)C(F)(F)F)C(C)(C)C)C3(C)C)C1,resolved
X70,CC1([C@@H]2[C@H]1[C@H](N(C2)C(=O)[C@H](C(C)(C)C)NC(=O)C(F)(F)F)C(=O)N[C@@H](C[C@@H]3CCCNC3=O)[C@H](C(=O)N4CC(C4)(F)F)O)C,Components-smiles-stereo-oe.smi,CC(C)(C)[C@H](NC(=O)C(F)(F)F)C(=O)N1C[C@H]2[C@@H]([C@H]1C(=O)N[C@@H](C[C@@H]1CCCNC1=O)[C@@H](O)C(=O)N1CC(F)(F)C1)C2(C)C,resolved
X77,CC(C)(C)c1ccc(cc1)N([C@H](c2cccnc2)C(=O)NC3CCCCC3)C(=O)c4c[nH]cn4,Components-smiles-stereo-oe.smi,CC(C)(C)c1ccc(N(C(=O)c2c[nH]cn2)[C@@H](C(=O)NC2CCCCC2)c2cccnc2)cc1,resolved
X7B,[B-]1(c2ccc(cc2C(=O)O1)S(=O)(=O)N(C[C@H]([C@H](Cc3ccccc3)NC(=O)O[C@H]4CO[C@@H]5[C@H]4CCO5)O)CC(C)C)(O)O,Components-smiles-stereo-oe.smi,CC(C)CN(C[C@@H](O)[C@H](Cc1ccccc1)NC(=O)O[C@H]1CO[C@H]2OCC[C@H]21)S(=O)(=O)c1ccc2c(c1)C(=O)O[B-]2(O)O,resolved
X7H,CC(C)CN(C[C@H]([C@H](Cc1ccccc1)NC(=O)O[C@H]2CO[C@@H]3[C@H]2CCO3)O)S(=O)(=O)c4ccc(cc4)NC(=O)CCl,Components-smiles-stereo-oe.smi,CC(C)CN(C[C@@H](O)[C@H](Cc1ccccc1)NC(=O)O[C@H]1CO[C@H]2OCC[C@H]21)S(=O)(=O)c1ccc(NC(=O)CCl)cc1,resolved
X7V,C[C@@H](c1ccccc1)NC(=O)[C@@H](c2cccnc2)N(c3ccc(cc3)c4ccccc4)C(=O)c5ccco5,Components-smiles-stereo-oe.smi,C[C@H](NC(=O)[C@@H](c1cccnc1)N(C(=O)c1ccco1)c1ccc(-c2ccccc2)cc1)c1ccccc1,resolved
X83,C[C@H](CC[C@@H]([C@H](C(=O)NC)O)NC(=O)[C@@H]1[C@H]2CCC[C@H]2CN1C(=O)[C@H](C(C)(C)C)NC(=O)OC)F,Components-smiles-stereo-oe.smi,CNC(=O)[C@H](O)[C@H](CC[C@@H](C)F)NC(=O)[C@@H]1[C@H]2CCC[C@H]2CN1C(=O)[C@@H](NC(=O)OC)C(C)(C)C,resolved
X8F,C[C@@H](CC[C@@H]([C@H](C(=O)NC)O)NC(=O)[C@@H]1[C@H]2CCC[C@H]2CN1C(=O)[C@H](C(C)(C)C)NC(=O)OC)F,Components-smiles-stereo-oe.smi,CNC(=O)[C@H](O)[C@H](CC[C@H](C)F)NC(=O)[C@@H]1[C@H]2CCC[C@H]2CN1C(=O)[C@@H](NC(=O)OC)C(C)(C)C,resolved
X9Z,CC1([C@@H]2[C@H]1[C@H](N(C2)C(=O)[C@H](C(C)(C)C)NC(=O)C(F)(F)F)C(=O)N[C@@H](CN3CCCC3=O)[C@H](C(=O)N4CCC4)O)C,Components-smiles-stereo-oe.smi,CC(C)(C)[C@H](NC(=O)C(F)(F)F)C(=O)N1C[C@H]2[C@@H]([C@H]1C(=O)N[C@@H](CN1CCCC1=O)[C@@H](O)C(=O)N1CCC1)C2(C)C,resolved
XA8,CC1([C@@H]2[C@H]1[C@H](N(C2)C(=O)[C@H](C(C)(C)C)NC(=O)C(F)(F)F)C(=O)N[C@@H](CN3CCCCC3=O)[C@H](C(=O)N4CCC4)O)C,Components-smiles-stereo-oe.smi,CC(C)(C)[C@H](NC(=O)C(F)(F)F)C(=O)N1C[C@H]2[C@@H]([C@H]1C(=O)N[C@@H](CN1CCCCC1=O)[C@@H](O)C(=O)N1CCC1)C2(C)C,resolved
XAN,c1[nH]c2c(n1)C(=O)NC(=O)N2,Components-smiles-stereo-oe.smi,O=c1[nH]c(=O)c2nc[nH]c2[nH]1,resolved
XB1,CN1c2c(nc([nH]2)SCCCNC(=S)NCCN3CCOCC3)C(=O)N(C1=O)C,Components-smiles-stereo-oe.smi,Cn1c(=O)c2nc(SCCCNC(=S)NCCN3CCOCC3)[nH]c2n(C)c1=O,resolved
XB5,CCn1ccc(n1)c2cc(cc(c2)[C@@H](C)NC(=O)c3cc(ccc3C)OCCN(C)C)c4cnn(c4)C,Components-smiles-stereo-oe.smi,CCn1ccc(-c2cc(-c3cnn(C)c3)cc([C@@H](C)NC(=O)c3cc(OCCN(C)C)ccc3C)c2)n1,resolved
XBQ,CN(c1ccc(cc1)OC)C(=O)[C@H](Cc2ccccc2)NC(=O)CN3CCN(CC3=O)S(=O)(=O)c4ccc(cc4)N,Components-smiles-stereo-oe.smi,COc1ccc(N(C)C(=O)[C@H](Cc2ccccc2)NC(=O)CN2CCN(S(=O)(=O)c3ccc(N)cc3)CC2=O)cc1,resolved
XC4,c1ccc2c(c1)nnn2OC(=O)c3ccc4c(c3)cc[nH]4,Components-smiles-stereo-oe.smi,O=C(On1nnc2ccccc21)c1ccc2[nH]ccc2c1,resolved
XCK,[H]/N=C\[C@H](C[C@@H]1CCNC1=O)NC(=O)[C@H](CC(C)C)NC(=O)OCC(C)(C)Sc2ccccc2,Components-smiles-stereo-oe.smi,[H]/N=C\[C@H](C[C@@H]1CCNC1=O)NC(=O)[C@H](CC(C)C)NC(=O)OCC(C)(C)Sc1ccccc1,resolved
XDU,c1cc(c(cc1Cl)Cl)/C=C/c2cc(nc(n2)O)C(F)(F)F,Components-smiles-stereo-oe.smi,Oc1nc(/C=C/c2ccc(Cl)cc2Cl)cc(C(F)(F)F)n1,resolved
XE0,c1cc(c(cc1Cl)Cl)CCc2cc(nc(n2)O)C(F)(F)F,Components-smiles-stereo-oe.smi,Oc1nc(CCc2ccc(Cl)cc2Cl)cc(C(F)(F)F)n1,resolved
XEK,CN1C=C(C(=O)NC1=O)C2=CN(C(=O)C(=C2)c3cc(c(c(c3)Cl)F)OCc4ccccc4Cl)c5cccnc5,Components-smiles-stereo-oe.smi,Cn1cc(-c2cc(-c3cc(Cl)c(F)c(OCc4ccccc4Cl)c3)c(=O)n(-c3cccnc3)c2)c(=O)[nH]c1=O,resolved
XEY,c1ccc(c(c1)C#N)C2=CN(C(=O)C(=C2)c3cc(cc(c3)Cl)Cl)c4cccnc4,Components-smiles-stereo-oe.smi,N#Cc1ccccc1-c1cc(-c2cc(Cl)cc(Cl)c2)c(=O)n(-c2cccnc2)c1,resolved
XF1,CCCOc1cc(cc(c1)Cl)C2=CC(=CN(C2=O)c3cccnc3)c4ccccc4C#N,Components-smiles-stereo-oe.smi,CCCOc1cc(Cl)cc(-c2cc(-c3ccccc3C#N)cn(-c3cccnc3)c2=O)c1,resolved
XF4,c1ccc(cc1)COc2cc(cc(c2)Cl)C3=CC(=CN(C3=O)c4cccnc4)C5=CNC(=O)NC5=O,Components-smiles-stereo-oe.smi,O=c1[nH]cc(-c2cc(-c3cc(Cl)cc(OCc4ccccc4)c3)c(=O)n(-c3cccnc3)c2)c(=O)[nH]1,resolved
XF7,c1ccc(c(c1)COc2cc(cc(c2)Cl)C3=CC(=CN(C3=O)c4cccnc4)C5=CNC(=O)NC5=O)Cl,Components-smiles-stereo-oe.smi,O=c1[nH]cc(-c2cc(-c3cc(Cl)cc(OCc4ccccc4Cl)c3)c(=O)n(-c3cccnc3)c2)c(=O)[nH]1,resolved
XF8,CC(C)C[C@@H](C(=O)N[C@@H](C[C@@H]1CCNC1=O)[C@](C(=O)NC2CC2)(O)S(=O)(=O)O)NC(=O)OCC(C)(C)Sc3ccccc3,Components-smiles-stereo-oe.smi,CC(C)C[C@H](NC(=O)OCC(C)(C)Sc1ccccc1)C(=O)N[C@@H](C[C@@H]1CCNC1=O)[C@@](O)(C(=O)NC1CC1)S(=O)(=O)O,resolved
XFD,c1ccc(c(c1)C#N)C2=CN(C(=O)C(=C2)c3cc(cc(c3)Cl)OCC4CC4)c5cccnc5,Components-smiles-stereo-oe.smi,N#Cc1ccccc1-c1cc(-c2cc(Cl)cc(OCC3CC3)c2)c(=O)n(-c2cccnc2)c1,resolved
XFF,CC(C)C[C@@H](C(=O)N[C@@H](C[C@@H]1CCNC1=O)[C@@H](O)S(=O)(=O)O)NC(=O)OCC(C)(C)Sc2ccccc2,Components-smiles-stereo-oe.smi,CC(C)C[C@H](NC(=O)OCC(C)(C)Sc1ccccc1)C(=O)N[C@@H](C[C@@H]1CCNC1=O)[C@@H](O)S(=O)(=O)O,resolved
XFR,CC(C)C[C@@H](C(=O)N[C@@H](C[C@@H]1CCNC1=O)[C@H](O)S(=O)(=O)O)NC(=O)OCC(C)(C)Sc2ccccc2,Components-smiles-stereo-oe.smi,CC(C)C[C@H](NC(=O)OCC(C)(C)Sc1ccccc1)C(=O)N[C@@H](C[C@@H]1CCNC1=O)[C@H](O)S(=O)(=O)O,resolved
XFS,Cc1ccc2c(c1)c(c(o2)C#Cc3cccc(c3)C(=O)O)CC(=O)O,Components-smiles-stereo-oe.smi,Cc1ccc2oc(C#Cc3cccc(C(=O)O)c3)c(CC(=O)O)c2c1,resolved
XH9,c1ccc(c(c1)CN2CCCN(CC2)C(=O)c3cc(cnc3)Cl)C#N,Components-smiles-stereo-oe.smi,N#Cc1ccccc1CN1CCCN(C(=O)c2cncc(Cl)c2)CC1,resolved
XHW,c1ccc(c(c1)CN2CCCN(CC2)C(=O)c3cc(cnc3)Cl)Cl,Components-smiles-stereo-oe.smi,O=C(c1cncc(Cl)c1)N1CCCN(Cc2ccccc2Cl)CC1,resolved
XHY,Cc1ccc2c(c1)c(c(o2)C#Cc3ccc(cc3)C(=O)O)CC(=O)O,Components-smiles-stereo-oe.smi,Cc1ccc2oc(C#Cc3ccc(C(=O)O)cc3)c(CC(=O)O)c2c1,resolved
XI0,Cc1cc(cnc1)CC(=O)N2CCC[C@H]2c3cccc(c3)Cl,Components-smiles-stereo-oe.smi,Cc1cncc(CC(=O)N2CCC[C@H]2c2cccc(Cl)c2)c1,resolved
XIO,c1ccc2c(c1)c(c([nH]2)Sc3ccc(cc3)[N+](=O)[O-])C[C@@H](C(=O)O)NC(=O)CCC(CCC(=O)N[C@@H](Cc4c5ccccc5[nH]c4Sc6ccc(cc6)[N+](=O)[O-])C(=O)O)(CCC(=O)N[C@@H](Cc7c8ccccc8[nH]c7Sc9ccc(cc9)[N+](=O)[O-])C(=O)O)NC(=O)CN,Components-smiles-stereo-oe.smi,NCC(=O)NC(CCC(=O)N[C@@H](Cc1c(Sc2ccc([N+](=O)[O-])cc2)[nH]c2ccccc12)C(=O)O)(CCC(=O)N[C@@H](Cc1c(Sc2ccc([N+](=O)[O-])cc2)[nH]c2ccccc12)C(=O)O)CCC(=O)N[C@@H](Cc1c(Sc2ccc([N+](=O)[O-])cc2)[nH]c2ccccc12)C(=O)O,resolved
XIU,c1ccc2c(c1)nnn2CC(=O)N(Cc3cccc(c3)Cl)c4ccc(cc4)c5cnc[nH]5,Components-smiles-stereo-oe.smi,O=C(Cn1nnc2ccccc21)N(Cc1cccc(Cl)c1)c1ccc(-c2cnc[nH]2)cc1,resolved
XIY,c1ccc2c(c1)[nH]c(n2)CO,Components-smiles-stereo-oe.smi,OCc1nc2ccccc2[nH]1,resolved
XJ9,Cc1cc(cnc1)CC(=O)N2CCc3cc(c(cc3C2)Cl)Cl,Components-smiles-stereo-oe.smi,Cc1cncc(CC(=O)N2CCc3cc(Cl)c(Cl)cc3C2)c1,resolved
XK2,c1ccc(cc1)C[C@@H]2[C@@H]([C@H]([C@H](N(C(=O)N2Cc3ccc4ccccc4c3)Cc5ccc6ccccc6c5)Cc7ccccc7)O)O,Components-smiles-stereo-oe.smi,O=C1N(Cc2ccc3ccccc3c2)[C@H](Cc2ccccc2)[C@H](O)[C@@H](O)[C@@H](Cc2ccccc2)N1Cc1ccc2ccccc2c1,resolved
XKQ,CC(C)(C)[C@@H](C(=O)N1C[C@@H]2CCC[C@@H]2[C@H]1C(=O)N[C@@H](CCC(C)(F)F)[C@H](C(=O)NC)O)NC(=O)OC,Components-smiles-stereo-oe.smi,CNC(=O)[C@H](O)[C@H](CCC(C)(F)F)NC(=O)[C@@H]1[C@H]2CCC[C@H]2CN1C(=O)[C@@H](NC(=O)OC)C(C)(C)C,resolved
XM2,C[C@H]([C@@H](C(=O)N[C@@H](Cc1ccccc1)C(=O)N[C@@H](C[C@@H]2CCNC2=O)CO)NC(=O)OCc3ccccc3)OC(C)(C)C,Components-smiles-stereo-oe.smi,C[C@@H](OC(C)(C)C)[C@H](NC(=O)OCc1ccccc1)C(=O)N[C@@H](Cc1ccccc1)C(=O)N[C@H](CO)C[C@@H]1CCNC1=O,resolved
XN1,C[C@H](c1ccccc1)[C@H](C[C@@H](C[N@@]2CC[N@](C[C@H]2C(=O)NC(C)(C)C)Cc3cccnc3)O)C(=O)N[C@H]4c5ccccc5C[C@H]4O,Components-smiles-stereo-oe.smi,C[C@H](c1ccccc1)[C@H](C[C@H](O)CN1CCN(Cc2cccnc2)C[C@H]1C(=O)NC(C)(C)C)C(=O)N[C@H]1c2ccccc2C[C@H]1O,resolved
XN2,C[C@H](c1ccccc1)[C@H](C[C@@H](C[N@@]2CC[N@](C[C@H]2C(=O)NC(C)(C)C)Cc3ccc4c(c3)OCO4)O)C(=O)N[C@H]5c6ccccc6C[C@H]5O,Components-smiles-stereo-oe.smi,C[C@H](c1ccccc1)[C@H](C[C@H](O)CN1CCN(Cc2ccc3c(c2)OCO3)C[C@H]1C(=O)NC(C)(C)C)C(=O)N[C@H]1c2ccccc2C[C@H]1O,resolved
XN3,CC(C)(C)NC(=O)[C@@H]1C[N@@](CC[N@]1C[C@H](C[C@@H](Cc2ccccc2)C(=O)N[C@H]3c4ccccc4C[C@H]3O)O)Cc5ccc6c(c5)OCO6,Components-smiles-stereo-oe.smi,CC(C)(C)NC(=O)[C@@H]1CN(Cc2ccc3c(c2)OCO3)CCN1C[C@@H](O)C[C@@H](Cc1ccccc1)C(=O)N[C@H]1c2ccccc2C[C@H]1O,resolved
XNJ,Cc1ccc(cc1Nc2nc(cs2)c3cccnc3)NC(=O)c4ccc(cc4)CN5CCNCC5,Components-smiles-stereo-oe.smi,Cc1ccc(NC(=O)c2ccc(CN3CCNCC3)cc2)cc1Nc1nc(-c2cccnc2)cs1,resolved
XNV,CCOC(=O)CC[C@H](C[C@@H]1CCNC1=O)NC(=O)[C@H](CC#C)N2C=CC=C(C2=O)NC(=O)c3cc(on3)C,Components-smiles-stereo-oe.smi,C#CC[C@@H](C(=O)N[C@H](CCC(=O)OCC)C[C@@H]1CCNC1=O)n1cccc(NC(=O)c2cc(C)on2)c1=O,resolved
XR8,Cc1ccc(cc1C(=O)N[C@H](C)c2cccc(c2)c3ccc(s3)CN4CCCC4)NC5CNC5,Components-smiles-stereo-oe.smi,Cc1ccc(NC2CNC2)cc1C(=O)N[C@H](C)c1cccc(-c2ccc(CN3CCCC3)s2)c1,resolved
XRB,Cc1cc(cc(c1Oc2ccnc(n2)Nc3ccc(c(c3)C#N)N4CCN(CC4)S(=O)(=O)C)C)/C=C/C#N,Components-smiles-stereo-oe.smi,Cc1cc(/C=C/C#N)cc(C)c1Oc1ccnc(Nc2ccc(N3CCN(S(C)(=O)=O)CC3)c(C#N)c2)n1,resolved
XRF,CC1=CN(C(=O)NC1=O)[C@@H]2C[C@H]([C@@H](O2)COP(=O)(O)OP(=O)(O)OP(=O)(O)O)O,Components-smiles-stereo-oe.smi,Cc1cn([C@@H]2C[C@@H](O)[C@H](COP(=O)(O)OP(=O)(O)OP(=O)(O)O)O2)c(=O)[nH]c1=O,resolved
XT7,Cc1ccc(cc1C(=O)N[C@H](C)c2cccc(c2)c3ccc(s3)CN[C@H]4CC[C@H](C4)O)NC5CNC5,Components-smiles-stereo-oe.smi,Cc1ccc(NC2CNC2)cc1C(=O)N[C@H](C)c1cccc(-c2ccc(CN[C@H]3CC[C@@H](O)C3)s2)c1,resolved
XTE,c1nc2c(n1[C@H]\3C[C@@H]([C@](/C3=C\F)(COP(=O)(O)OP(=O)(O)OP(=O)(O)O)C#N)O)N=C(NC2=O)N,Components-smiles-stereo-oe.smi,N#C[C@]1(COP(=O)(O)OP(=O)(O)OP(=O)(O)O)/C(=C\F)[C@@H](n2cnc3c(=O)[nH]c(N)nc32)C[C@@H]1O,resolved
XTJ,c1cc(cc(c1)F)COC(=O)N[C@@H](CC2CC2)C(=O)N[C@@H](C[C@@H]3CCNC3=O)CO,Components-smiles-stereo-oe.smi,O=C(N[C@@H](CC1CC1)C(=O)N[C@H](CO)C[C@@H]1CCNC1=O)OCc1cccc(F)c1,resolved
XTM,CC(C)C[C@@H](C(=O)N[C@@H](C[C@@H]1CCNC1=O)CO)NC(=O)OCc2cccc(c2)F,Components-smiles-stereo-oe.smi,CC(C)C[C@H](NC(=O)OCc1cccc(F)c1)C(=O)N[C@H](CO)C[C@@H]1CCNC1=O,resolved
XTP,c1ccc(cc1)COC(=O)N[C@@H](CC2CC2)C(=O)N[C@@H](C[C@@H]3CCNC3=O)CO,Components-smiles-stereo-oe.smi,O=C(N[C@@H](CC1CC1)C(=O)N[C@H](CO)C[C@@H]1CCNC1=O)OCc1ccccc1,resolved
XU4,C[C@@H](c1ccccc1)OC(=O)N[C@@H](CC(C)C)C(=O)N[C@@H](C[C@@H]2CCNC2=O)CO,Components-smiles-stereo-oe.smi,CC(C)C[C@H](NC(=O)O[C@@H](C)c1ccccc1)C(=O)N[C@H](CO)C[C@@H]1CCNC1=O,resolved
XU9,CCOC(=O)c1cnn2c1c(ccc2)C#CC3CC3,Components-smiles-stereo-oe.smi,CCOC(=O)c1cnn2cccc(C#CC3CC3)c12,resolved
XUM,CCOP(=O)(COc1ccc(cc1)C[C@@H]([C@@H](CN(CC(C)C)S(=O)(=O)c2ccc3c(c2)OCO3)O)NC(=O)O[C@H]4CO[C@@H]5[C@H]4CCO5)OCC,Components-smiles-stereo-oe.smi,CCOP(=O)(COc1ccc(C[C@H](NC(=O)O[C@H]2CO[C@H]3OCC[C@H]32)[C@H](O)CN(CC(C)C)S(=O)(=O)c2ccc3c(c2)OCO3)cc1)OCC,resolved
XUP,CCOP(=O)(COc1ccc(cc1)C[C@@H]([C@@H](CN(CC(C)C)S(=O)(=O)c2ccc3c(c2)scn3)O)NC(=O)O[C@H]4CO[C@@H]5[C@H]4CCO5)OCC,Components-smiles-stereo-oe.smi,CCOP(=O)(COc1ccc(C[C@H](NC(=O)O[C@H]2CO[C@H]3OCC[C@H]32)[C@H](O)CN(CC(C)C)S(=O)(=O)c2ccc3ncsc3c2)cc1)OCC,resolved
XUS,CC[C@H](C)CN(C[C@H]([C@H](Cc1ccc(cc1)OCP(=O)(OCC)OCC)NC(=O)O[C@H]2CO[C@@H]3[C@H]2CCO3)O)S(=O)(=O)c4ccc(cc4)N,Components-smiles-stereo-oe.smi,CCOP(=O)(COc1ccc(C[C@H](NC(=O)O[C@H]2CO[C@H]3OCC[C@H]32)[C@H](O)CN(C[C@@H](C)CC)S(=O)(=O)c2ccc(N)cc2)cc1)OCC,resolved
XUV,CC[C@H](C)CN(C[C@H]([C@H](Cc1ccc(cc1)OCP(=O)(OCC)OCC)NC(=O)O[C@H]2CO[C@@H]3[C@H]2CCO3)O)S(=O)(=O)c4ccc(cc4)OC,Components-smiles-stereo-oe.smi,CCOP(=O)(COc1ccc(C[C@H](NC(=O)O[C@H]2CO[C@H]3OCC[C@H]32)[C@H](O)CN(C[C@@H](C)CC)S(=O)(=O)c2ccc(OC)cc2)cc1)OCC,resolved
XUY,CC(C)CN(C[C@H]([C@H](Cc1ccccc1)NC(=O)O[C@H]2CO[C@@H]3[C@H]2CCO3)O)S(=O)(=O)c4ccc5c(c4)scn5,Components-smiles-stereo-oe.smi,CC(C)CN(C[C@@H](O)[C@H](Cc1ccccc1)NC(=O)O[C@H]1CO[C@H]2OCC[C@H]21)S(=O)(=O)c1ccc2ncsc2c1,resolved
XV4,CC(C)C[C@@H](C(=O)N[C@@H](C[C@@H]1CCNC1=O)CO)NC(=O)c2cc3c([nH]2)cccc3OC,Components-smiles-stereo-oe.smi,COc1cccc2[nH]c(C(=O)N[C@@H](CC(C)C)C(=O)N[C@H](CO)C[C@@H]3CCNC3=O)cc12,resolved
XV6,c1ccc(cc1)C[C@@H]2[C@@H]([C@H]([C@H](N(C(=O)N2Cc3cccc(c3)C(=O)Nc4nccs4)Cc5cccc(c5)C(=O)Nc6nccs6)Cc7ccccc7)O)O,Components-smiles-stereo-oe.smi,O=C(Nc1nccs1)c1cccc(CN2C(=O)N(Cc3cccc(C(=O)Nc4nccs4)c3)[C@H](Cc3ccccc3)[C@H](O)[C@@H](O)[C@H]2Cc2ccccc2)c1,resolved
XVJ,CC[C@H](C)CN(C[C@H]([C@H](Cc1ccc(cc1)OCP(=O)(OCC)OCC)NC(=O)O[C@H]2CO[C@@H]3[C@H]2CCO3)O)S(=O)(=O)c4ccc5c(c4)scn5,Components-smiles-stereo-oe.smi,CCOP(=O)(COc1ccc(C[C@H](NC(=O)O[C@H]2CO[C@H]3OCC[C@H]32)[C@H](O)CN(C[C@@H](C)CC)S(=O)(=O)c2ccc3ncsc3c2)cc1)OCC,resolved
XVM,CC[C@H](C)CN(C[C@H]([C@H](Cc1ccc(cc1)OCP(=O)(OCC)OCC)NC(=O)O[C@H]2CO[C@@H]3[C@H]2CCO3)O)S(=O)(=O)c4ccc5c(c4)OCO5,Components-smiles-stereo-oe.smi,CCOP(=O)(COc1ccc(C[C@H](NC(=O)O[C@H]2CO[C@H]3OCC[C@H]32)[C@H](O)CN(C[C@@H](C)CC)S(=O)(=O)c2ccc3c(c2)OCO3)cc1)OCC,resolved
XVP,CC[C@H](C)CN(C[C@H]([C@H](Cc1ccc(cc1)OCP(=O)(OCC)OCC)NC(=O)O[C@H]2CO[C@@H]3[C@H]2CCO3)O)S(=O)(=O)c4ccc(cc4)CO,Components-smiles-stereo-oe.smi,CCOP(=O)(COc1ccc(C[C@H](NC(=O)O[C@H]2CO[C@H]3OCC[C@H]32)[C@H](O)CN(C[C@@H](C)CC)S(=O)(=O)c2ccc(CO)cc2)cc1)OCC,resolved
XVS,CCC(CC)CN(C[C@H]([C@H](Cc1ccc(cc1)OCP(=O)(OCC)OCC)NC(=O)O[C@H]2CO[C@@H]3[C@H]2CCO3)O)S(=O)(=O)c4ccc(cc4)OC,Components-smiles-stereo-oe.smi,CCOP(=O)(COc1ccc(C[C@H](NC(=O)O[C@H]2CO[C@H]3OCC[C@H]32)[C@H](O)CN(CC(CC)CC)S(=O)(=O)c2ccc(OC)cc2)cc1)OCC,resolved
XVV,CCC(CC)CN(C[C@H]([C@H](Cc1ccc(cc1)OCP(=O)(OCC)OCC)NC(=O)O[C@H]2CO[C@@H]3[C@H]2CCO3)O)S(=O)(=O)c4ccc5c(c4)scn5,Components-smiles-stereo-oe.smi,CCOP(=O)(COc1ccc(C[C@H](NC(=O)O[C@H]2CO[C@H]3OCC[C@H]32)[C@H](O)CN(CC(CC)CC)S(=O)(=O)c2ccc3ncsc3c2)cc1)OCC,resolved
XVY,CCC(CC)CN(C[C@H]([C@H](Cc1ccc(cc1)OCP(=O)(OCC)OCC)NC(=O)O[C@H]2CO[C@@H]3[C@H]2CCO3)O)S(=O)(=O)c4ccc(cc4)CO,Components-smiles-stereo-oe.smi,CCOP(=O)(COc1ccc(C[C@H](NC(=O)O[C@H]2CO[C@H]3OCC[C@H]32)[C@H](O)CN(CC(CC)CC)S(=O)(=O)c2ccc(CO)cc2)cc1)OCC,resolved
XW4,CCC(CC)CN(C[C@H]([C@H](Cc1ccc(cc1)OCP(=O)(OCC)OCC)NC(=O)O[C@H]2CO[C@@H]3[C@H]2CCO3)O)S(=O)(=O)c4ccc5c(c4)OCO5,Components-smiles-stereo-oe.smi,CCOP(=O)(COc1ccc(C[C@H](NC(=O)O[C@H]2CO[C@H]3OCC[C@H]32)[C@H](O)CN(CC(CC)CC)S(=O)(=O)c2ccc3c(c2)OCO3)cc1)OCC,resolved
XWH,c1cnccc1c2cc(n[nH]2)C(F)(F)F,Components-smiles-stereo-oe.smi,FC(F)(F)c1cc(-c2ccncc2)[nH]n1,resolved
XWO,Cc1ccc(cc1C(=O)N[C@H](C)c2cc(cc(c2)c3cnn(c3)C)c4cnn(c4)C)OCCN(C)C,Components-smiles-stereo-oe.smi,Cc1ccc(OCCN(C)C)cc1C(=O)N[C@H](C)c1cc(-c2cnn(C)c2)cc(-c2cnn(C)c2)c1,resolved
XWS,c1ccc(cc1)N2CC[C@H](N[C@H]2O)O,Components-smiles-stereo-oe.smi,O[C@@H]1CCN(c2ccccc2)[C@H](O)N1,resolved
XWZ,c1c(cncc1Br)N,Components-smiles-stereo-oe.smi,Nc1cncc(Br)c1,resolved
XXJ,c1ccc(cc1)S(=O)(=O)CCc2cc3c(nc2)N(C(=O)C(=C3N)C(=O)NCc4ccc(cc4F)F)O,Components-smiles-stereo-oe.smi,Nc1c(C(=O)NCc2ccc(F)cc2F)c(=O)n(O)c2ncc(CCS(=O)(=O)c3ccccc3)cc12,resolved
XXL,CCOC(=O)CN1c2ccccc2OCC1=O,Components-smiles-stereo-oe.smi,CCOC(=O)CN1C(=O)COc2ccccc21,resolved
XXN,c1cc(c2c(c1Cl)[C@@H](C(=O)N2)O)Cl,Components-smiles-stereo-oe.smi,O=C1Nc2c(Cl)ccc(Cl)c2[C@@H]1O,resolved
XXW,Cc1ccc(cc1C(=O)N[C@H](C)c2cc(cc(c2)c3cnn(c3)C(F)F)c4cnn(c4)COC)OCCN(C)C,Components-smiles-stereo-oe.smi,COCn1cc(-c2cc(-c3cnn(C(F)F)c3)cc([C@@H](C)NC(=O)c3cc(OCCN(C)C)ccc3C)c2)cn1,resolved
XY4,CC(C)NC(=O)Nc1ccccc1,Components-smiles-stereo-oe.smi,CC(C)NC(=O)Nc1ccccc1,resolved
XYI,Cc1ccc(cc1C(=O)N[C@H](C)c2cc(cc(c2)c3cnn(c3)C(C)C)c4cnn(c4)C)OCCN(C)C,Components-smiles-stereo-oe.smi,Cc1ccc(OCCN(C)C)cc1C(=O)N[C@H](C)c1cc(-c2cnn(C)c2)cc(-c2cnn(C(C)C)c2)c1,resolved
XYJ,CN1c2c(nc([nH]2)SCCC(=O)NS(=O)(=O)CCN3CCOCC3)C(=O)N(C1=O)C,Components-smiles-stereo-oe.smi,Cn1c(=O)c2nc(SCCC(=O)NS(=O)(=O)CCN3CCOCC3)[nH]c2n(C)c1=O,resolved
XYL,C([C@@H](C([C@@H](CO)O)O)O)O,Components-smiles-stereo-oe.smi,OC[C@@H](O)C(O)[C@@H](O)CO,resolved
XYR,Cc1ccc(cc1C(=O)N[C@H](C)c2cc(cc(c2)c3cnn(c3)C(F)F)c4cnn(c4)C)OCCN(C)C,Components-smiles-stereo-oe.smi,Cc1ccc(OCCN(C)C)cc1C(=O)N[C@H](C)c1cc(-c2cnn(C)c2)cc(-c2cnn(C(F)F)c2)c1,resolved
XZE,c1ccc2c(c1)ccc(n2)C(=O)c3ccccn3,Components-smiles-stereo-oe.smi,O=C(c1ccccn1)c1ccc2ccccc2n1,resolved
XZI,CN(C)C(=O)COc1ccc2ccccc2c1,Components-smiles-stereo-oe.smi,CN(C)C(=O)COc1ccc2ccccc2c1,resolved
XZO,c1c(cc(cc1Cl)Cl)N2C(=O)CCC2=O,Components-smiles-stereo-oe.smi,O=C1CCC(=O)N1c1cc(Cl)cc(Cl)c1,resolved
XZT,c1cc(c(cc1F)F)N2C(=O)CCC2=O,Components-smiles-stereo-oe.smi,O=C1CCC(=O)N1c1ccc(F)cc1F,resolved
XZX,C[C@@H](C(=O)Nc1cc(cc(c1)Cl)Cl)O,Components-smiles-stereo-oe.smi,C[C@H](O)C(=O)Nc1cc(Cl)cc(Cl)c1,resolved
Y05,C[C@@H]1CN(C[C@@H](O1)C)c2ccc3c(c2)N=C(N(C3=O)c4ccc(c5c4n(nc5NS(=O)(=O)C)C)Cl)[C@H](Cc6cc(cc(c6)F)F)NC(=O)Cn7c8c(c(n7)C(F)F)[C@H]9C[C@H]9C8(F)F,Components-smiles-stereo-oe.smi,C[C@@H]1CN(c2ccc3c(=O)n(-c4ccc(Cl)c5c(NS(C)(=O)=O)nn(C)c45)c([C@H](Cc4cc(F)cc(F)c4)NC(=O)Cn4nc(C(F)F)c5c4C(F)(F)[C@@H]4C[C@H]54)nc3c2)C[C@H](C)O1,resolved
Y0C,c1ccc(c(c1)[C@H]2NC(=O)CS2)F,Components-smiles-stereo-oe.smi,O=C1CS[C@@H](c2ccccc2F)N1,resolved
Y0E,C[C@@H](c1ccccc1)NC(=O)[C@@H](c2cccnc2)N(c3ccc(cc3)c4ccccc4)C(=O)C=C,Components-smiles-stereo-oe.smi,C=CC(=O)N(c1ccc(-c2ccccc2)cc1)[C@@H](C(=O)N[C@@H](C)c1ccccc1)c1cccnc1,resolved
Y0H,Cn1c(cc(n1)c2ccc(cc2)Cl)N,Components-smiles-stereo-oe.smi,Cn1nc(-c2ccc(Cl)cc2)cc1N,resolved
Y0I,C[C@@H](c1ccccc1)NC(=O)[C@@H](c2cccnc2)N(c3ccc(cc3)c4ccccc4)C(=O)CC=N,Components-smiles-stereo-oe.smi,C[C@H](NC(=O)[C@@H](c1cccnc1)N(C(=O)CC=N)c1ccc(-c2ccccc2)cc1)c1ccccc1,resolved
Y0L,c1ccc(cc1)C(=O)NCc2ccc3c(c2)CCO3,Components-smiles-stereo-oe.smi,O=C(NCc1ccc2c(c1)CCO2)c1ccccc1,resolved
Y0O,c1c(cncc1C(=O)O)C#CCC2CCCCC2,Components-smiles-stereo-oe.smi,O=C(O)c1cncc(C#CCC2CCCCC2)c1,resolved
Y0S,Cc1ccsc1CNC(=O)c2ccccc2,Components-smiles-stereo-oe.smi,Cc1ccsc1CNC(=O)c1ccccc1,resolved
Y0W,c1cc2c(cc1C(F)(F)F)nc([nH]2)[C@H]3CCNC3,Components-smiles-stereo-oe.smi,FC(F)(F)c1ccc2[nH]c([C@H]3CCNC3)nc2c1,resolved
Y1,[Y+2],Components-smiles-stereo-oe.smi,[Y+2],resolved
Y1C,CC(=O)CCn1nc(c(n1)Br)Br,Components-smiles-stereo-oe.smi,CC(=O)CCn1nc(Br)c(Br)n1,resolved
Y1E,C[C@@H](c1ccccc1)NC(=O)[C@H](c2cccnc2)N(c3ccc(cc3)c4ccccc4)C(=O)C=C,Components-smiles-stereo-oe.smi,C=CC(=O)N(c1ccc(-c2ccccc2)cc1)[C@H](C(=O)N[C@@H](C)c1ccccc1)c1cccnc1,resolved
Y1H,c1c(cc(c2c1COCO2)CO)F,Components-smiles-stereo-oe.smi,OCc1cc(F)cc2c1OCOC2,resolved
Y1L,c1cc2c(cc1Cl)c(cs2)CO,Components-smiles-stereo-oe.smi,OCc1csc2ccc(Cl)cc12,resolved
Y1O,[H]/N=C(/N)\NC[C@@H]1[C@H](c2ccc(cc2N1C(=O)OC)CNC)NC(=O)C(=O)Nc3ccc(c(c3)F)Cl,Components-smiles-stereo-oe.smi,[H]/N=C(/N)NC[C@@H]1[C@@H](NC(=O)C(=O)Nc2ccc(Cl)c(F)c2)c2ccc(CNC)cc2N1C(=O)OC,resolved
Y1R,C[C@@H](c1ccn[nH]1)O,Components-smiles-stereo-oe.smi,C[C@H](O)c1ccn[nH]1,resolved
Y1T,[H]/N=C(/N)\NC[C@@H]1[C@H](c2ccc(cc2N1C(=O)OCc3c(c(c(c(c3F)F)F)F)F)CNC)NC(=O)C(=O)Nc4ccc(c(c4)F)Cl,Components-smiles-stereo-oe.smi,[H]/N=C(/N)NC[C@@H]1[C@@H](NC(=O)C(=O)Nc2ccc(Cl)c(F)c2)c2ccc(CNC)cc2N1C(=O)OCc1c(F)c(F)c(F)c(F)c1F,resolved
Y1X,[H]/N=C(/N)\NC[C@@H]1[C@H](c2ccc(cc2N1C(=O)OCC)CNC)NC(=O)C(=O)Nc3ccc(c(c3)F)Cl,Components-smiles-stereo-oe.smi,[H]/N=C(/N)NC[C@@H]1[C@@H](NC(=O)C(=O)Nc2ccc(Cl)c(F)c2)c2ccc(CNC)cc2N1C(=O)OCC,resolved
Y25,c1c(cncc1Cl)O,Components-smiles-stereo-oe.smi,Oc1cncc(Cl)c1,resolved
Y26,[H]/N=C(/N)\NC[C@@H]1[C@H](c2ccc(cc2N1C(=O)OCCC)CNC)NC(=O)C(=O)Nc3ccc(c(c3)F)Cl,Components-smiles-stereo-oe.smi,[H]/N=C(/N)NC[C@@H]1[C@@H](NC(=O)C(=O)Nc2ccc(Cl)c(F)c2)c2ccc(CNC)cc2N1C(=O)OCCC,resolved
Y2C,c1c(c(c(cn1)Cl)N)Cl,Components-smiles-stereo-oe.smi,Nc1c(Cl)cncc1Cl,resolved
Y2E,[H]/N=C(/N)\NC[C@@H]1[C@H](c2ccc(cc2N1C(=O)OCCC(F)(F)F)CNC)NC(=O)C(=O)Nc3ccc(c(c3)F)Cl,Components-smiles-stereo-oe.smi,[H]/N=C(/N)NC[C@@H]1[C@@H](NC(=O)C(=O)Nc2ccc(Cl)c(F)c2)c2ccc(CNC)cc2N1C(=O)OCCC(F)(F)F,resolved
Y2I,Cc1ccc(cc1C(=O)N[C@H](C)c2cc(cc(c2)c3cnn(c3)C4CC4)c5cnn(c5)C)OCCN(C)C,Components-smiles-stereo-oe.smi,Cc1ccc(OCCN(C)C)cc1C(=O)N[C@H](C)c1cc(-c2cnn(C)c2)cc(-c2cnn(C3CC3)c2)c1,resolved
Y2K,[H]/N=C(/N)\NC[C@@H]1[C@H](c2ccc(cc2N1C(=O)OCC(F)(F)F)CNC)NC(=O)C(=O)Nc3ccc(c(c3)F)Cl,Components-smiles-stereo-oe.smi,[H]/N=C(/N)NC[C@@H]1[C@@H](NC(=O)C(=O)Nc2ccc(Cl)c(F)c2)c2ccc(CNC)cc2N1C(=O)OCC(F)(F)F,resolved
Y2N,Cc1ccc(cc1C(=O)N[C@H](C)c2cc(cc(c2)c3cncs3)c4cnn(c4)C)OCCN(C)C,Components-smiles-stereo-oe.smi,Cc1ccc(OCCN(C)C)cc1C(=O)N[C@H](C)c1cc(-c2cnn(C)c2)cc(-c2cncs2)c1,resolved
Y2O,[H]/N=C(/N)\NC[C@@H]1[C@H](c2ccc(cc2N1C(=O)OCc3ccccc3)CNC)NC(=O)C(=O)Nc4ccc(c(c4)F)Cl,Components-smiles-stereo-oe.smi,[H]/N=C(/N)NC[C@@H]1[C@@H](NC(=O)C(=O)Nc2ccc(Cl)c(F)c2)c2ccc(CNC)cc2N1C(=O)OCc1ccccc1,resolved
Y2R,Cc1ccc(cc1C(=O)N[C@H](C)c2cc(cc(c2)c3ccc(s3)CN)c4cccs4)OCCN(C)C,Components-smiles-stereo-oe.smi,Cc1ccc(OCCN(C)C)cc1C(=O)N[C@H](C)c1cc(-c2cccs2)cc(-c2ccc(CN)s2)c1,resolved
Y3N,CC(=O)Nc1ccc(cc1C(F)(F)F)C#N,Components-smiles-stereo-oe.smi,CC(=O)Nc1ccc(C#N)cc1C(F)(F)F,resolved
Y3R,CCOC(=O)CCC(=O)NNC(=O)CCc1ccccc1C(=O)N[C@H](C)c2cccc(c2)c3ccsc3,Components-smiles-stereo-oe.smi,CCOC(=O)CCC(=O)NNC(=O)CCc1ccccc1C(=O)N[C@H](C)c1cccc(-c2ccsc2)c1,resolved
Y41,Cc1c(cccc1N)C(=O)N[C@H](C)c2cccc3c2cccc3,Components-smiles-stereo-oe.smi,Cc1c(N)cccc1C(=O)N[C@H](C)c1cccc2ccccc12,resolved
Y48,CC(C)C[C@@H](C(=O)N[C@@H](C[C@@H]1CCNC1=O)[C@@H](O)S(=O)(=O)O)NC(=O)OCc2cc(c(cc2F)F)F,Components-smiles-stereo-oe.smi,CC(C)C[C@H](NC(=O)OCc1cc(F)c(F)cc1F)C(=O)N[C@@H](C[C@@H]1CCNC1=O)[C@@H](O)S(=O)(=O)O,resolved
Y4D,CC(C)C[C@@H](C(=O)N[C@@H](C[C@@H]1CCNC1=O)[C@H](O)S(=O)(=O)O)NC(=O)OCC2C[C@@H]3CCC[C@@H](C3)C2,Components-smiles-stereo-oe.smi,CC(C)C[C@H](NC(=O)OCC1C[C@H]2CCC[C@@H](C1)C2)C(=O)N[C@@H](C[C@@H]1CCNC1=O)[C@H](O)S(=O)(=O)O,resolved
Y4J,CC(C)C[C@@H](C(=O)N[C@@H](C[C@@H]1CCNC1=O)[C@H](O)S(=O)(=O)O)NC(=O)OC[C@@H]2C[C@@H]3CC=C[C@@H](C3)C2,Components-smiles-stereo-oe.smi,CC(C)C[C@H](NC(=O)OC[C@H]1C[C@H]2C=CC[C@H](C2)C1)C(=O)N[C@@H](C[C@@H]1CCNC1=O)[C@H](O)S(=O)(=O)O,resolved
Y4P,CC(C)C[C@@H](C(=O)N[C@@H](C[C@@H]1CCNC1=O)C(O)S(=O)(=O)O)NC(=O)OC[C@H]2C[C@H]3CC[C@@H]2C3,Components-smiles-stereo-oe.smi,CC(C)C[C@H](NC(=O)OC[C@H]1C[C@H]2CC[C@@H]1C2)C(=O)N[C@@H](C[C@@H]1CCNC1=O)C(O)S(=O)(=O)O,resolved
Y4V,CC(C)C[C@@H](C(=O)N[C@@H](C[C@@H]1CCNC1=O)[C@H](O)S(=O)(=O)O)NC(=O)OCC23CC4CC(C2)CC(C4)C3,Components-smiles-stereo-oe.smi,CC(C)C[C@H](NC(=O)OCC12CC3CC(CC(C3)C1)C2)C(=O)N[C@@H](C[C@@H]1CCNC1=O)[C@H](O)S(=O)(=O)O,resolved
Y51,CC(C)C[C@@H](C(=O)N[C@@H](C[C@@H]1CCNC1=O)C(O)S(=O)(=O)O)NC(=O)OC[C@H]2C[C@@H]3C[C@H]2C=C3,Components-smiles-stereo-oe.smi,CC(C)C[C@H](NC(=O)OC[C@H]1C[C@H]2C=C[C@@H]1C2)C(=O)N[C@@H](C[C@@H]1CCNC1=O)C(O)S(=O)(=O)O,resolved
Y54,Cc1ccc(cc1C(=O)N[C@H](C)c2cccc(c2)c3ccc(s3)CN[C@@H]4CC[C@@H](C4)O)NC5CNC5,Components-smiles-stereo-oe.smi,Cc1ccc(NC2CNC2)cc1C(=O)N[C@H](C)c1cccc(-c2ccc(CN[C@@H]3CC[C@H](O)C3)s2)c1,resolved
Y55,c1cc(oc1)c2ccc3c(c2)C(=O)N(C(=O)C3)O,Components-smiles-stereo-oe.smi,O=C1Cc2ccc(-c3ccco3)cc2C(=O)N1O,resolved
Y5S,CC(C)C[C@@H](C(=O)N[C@@H](C[C@@H]1CCNC1=O)[C@@H](O)S(=O)(=O)O)NC(=O)OCC2C[C@@H]3CCC[C@@H](C3)C2,Components-smiles-stereo-oe.smi,CC(C)C[C@H](NC(=O)OCC1C[C@H]2CCC[C@@H](C1)C2)C(=O)N[C@@H](C[C@@H]1CCNC1=O)[C@@H](O)S(=O)(=O)O,resolved
Y61,Cc1ccc(cc1C(=O)N[C@H](C)c2cccc(c2)c3ccc(s3)CNC(=O)C)NC4CNC4,Components-smiles-stereo-oe.smi,CC(=O)NCc1ccc(-c2cccc([C@@H](C)NC(=O)c3cc(NC4CNC4)ccc3C)c2)s1,resolved
Y64,CC(C)C[C@@H](C(=O)N[C@@H](C[C@@H]1CCNC1=O)C(O)S(=O)(=O)O)NC(=O)OC[C@@H]2C[C@@H]3CC=C[C@@H](C3)C2,Components-smiles-stereo-oe.smi,CC(C)C[C@H](NC(=O)OC[C@H]1C[C@H]2C=CC[C@H](C2)C1)C(=O)N[C@@H](C[C@@H]1CCNC1=O)C(O)S(=O)(=O)O,resolved
Y6A,c1ccc2c(c1)nnn2CC(=O)N(Cc3ccsc3)c4ccc(cc4)c5c[nH]nc5,Components-smiles-stereo-oe.smi,O=C(Cn1nnc2ccccc21)N(Cc1ccsc1)c1ccc(-c2cn[nH]c2)cc1,resolved
Y6G,c1ccc2c(c1)nnn2CC(=O)N(Cc3ccsc3)c4ccc(cc4)c5c[nH]cn5,Components-smiles-stereo-oe.smi,O=C(Cn1nnc2ccccc21)N(Cc1ccsc1)c1ccc(-c2c[nH]cn2)cc1,resolved
Y6J,c1ccc2c(c1)nnn2CC(=O)N(Cc3ccsc3)c4ccc(cc4)NC(=O)C5CC5,Components-smiles-stereo-oe.smi,O=C(Nc1ccc(N(Cc2ccsc2)C(=O)Cn2nnc3ccccc32)cc1)C1CC1,resolved
Y71,CC(C)C[C@@H](C(=O)N[C@@H](C[C@@H]1CCNC1=O)C(O)S(=O)(=O)O)NC(=O)OC[C@H]2C[C@@H]3C[C@H]2C=C3,Components-smiles-stereo-oe.smi,CC(C)C[C@H](NC(=O)OC[C@H]1C[C@H]2C=C[C@@H]1C2)C(=O)N[C@@H](C[C@@H]1CCNC1=O)C(O)S(=O)(=O)O,resolved
Y7G,CC(C)C[C@@H](C(=O)N[C@@H](C[C@@H]1CCNC1=O)C(O)S(=O)(=O)O)NC(=O)OC[C@H]2C[C@H]3CC[C@@H]2C3,Components-smiles-stereo-oe.smi,CC(C)C[C@H](NC(=O)OC[C@H]1C[C@H]2CC[C@@H]1C2)C(=O)N[C@@H](C[C@@H]1CCNC1=O)C(O)S(=O)(=O)O,resolved
Y7M,CC(C)C[C@@H](C(=O)N[C@@H](C[C@@H]1CCNC1=O)C(O)S(=O)(=O)O)NC(=O)OCC23CC4CC(C2)CC(C4)C3,Components-smiles-stereo-oe.smi,CC(C)C[C@H](NC(=O)OCC12CC3CC(CC(C3)C1)C2)C(=O)N[C@@H](C[C@@H]1CCNC1=O)C(O)S(=O)(=O)O,resolved
Y7N,c1ccc\2c(c1)C[C@@H](/C2=C/c3ccc4c(c3C(=O)O)OCO4)NC(=O)CCCCCN,Components-smiles-stereo-oe.smi,NCCCCCC(=O)N[C@H]1Cc2ccccc2/C1=C\c1ccc2c(c1C(=O)O)OCO2,resolved
Y8O,[H]/N=C\[C@H](C[C@@H]1CCCNC1=O)NC(=O)[C@@H]2[C@@H]3[C@@H](C3(C)C)CN2C(=O)[C@H](C(C)(C)C)NC(=O)C(F)F,Components-smiles-stereo-oe.smi,[H]/N=C\[C@H](C[C@@H]1CCCNC1=O)NC(=O)[C@@H]1[C@@H]2[C@H](CN1C(=O)[C@@H](NC(=O)C(F)F)C(C)(C)C)C2(C)C,resolved
Y8S,CC(C)C[C@@H](C(=O)N[C@@H](C[C@@H]1CCNC1=O)C(O)S(=O)(=O)O)NC(=O)OC[C@H]2C[C@@H]3CC=C[C@@H](C3)C2,Components-smiles-stereo-oe.smi,CC(C)C[C@H](NC(=O)OC[C@@H]1C[C@H]2C=CC[C@H](C2)C1)C(=O)N[C@@H](C[C@@H]1CCNC1=O)C(O)S(=O)(=O)O,resolved
Y8V,CC(C)C[C@@H](C(=O)N[C@@H](C[C@@H]1CCNC1=O)[C@@H](O)S(=O)(=O)O)NC(=O)OC[C@H]2C[C@@H]3CC=C[C@@H](C3)C2,Components-smiles-stereo-oe.smi,CC(C)C[C@H](NC(=O)OC[C@@H]1C[C@H]2C=CC[C@H](C2)C1)C(=O)N[C@@H](C[C@@H]1CCNC1=O)[C@@H](O)S(=O)(=O)O,resolved
Y8Y,CC(C)C[C@@H](C(=O)N[C@@H](C[C@@H]1CCNC1=O)C(O)S(=O)(=O)O)NC(=O)OCC2C[C@@H]3CCC[C@@H](C3)C2,Components-smiles-stereo-oe.smi,CC(C)C[C@H](NC(=O)OCC1C[C@H]2CCC[C@@H](C1)C2)C(=O)N[C@@H](C[C@@H]1CCNC1=O)C(O)S(=O)(=O)O,resolved
Y91,CC(C)C[C@@H](C(=O)N[C@@H](C[C@@H]1CCNC1=O)C(O)S(=O)(=O)O)NC(=O)OCC2C[C@@H]3CCC[C@@H](C3)C2,Components-smiles-stereo-oe.smi,CC(C)C[C@H](NC(=O)OCC1C[C@H]2CCC[C@@H](C1)C2)C(=O)N[C@@H](C[C@@H]1CCNC1=O)C(O)S(=O)(=O)O,resolved
Y94,Cc1ccc(cc1C(=O)N[C@H](C)c2cccc3c2cccc3)NC(=O)NCC=C,Components-smiles-stereo-oe.smi,C=CCNC(=O)Nc1ccc(C)c(C(=O)N[C@H](C)c2cccc3ccccc23)c1,resolved
Y95,Cc1ccc(cc1C(=O)N[C@H](C)c2cccc3c2cccc3)NC(=O)NC(=O)N,Components-smiles-stereo-oe.smi,Cc1ccc(NC(=O)NC(N)=O)cc1C(=O)N[C@H](C)c1cccc2ccccc12,resolved
Y96,Cc1ccc(cc1C(=O)N[C@H](C)c2cccc3c2cccc3)/C=N/O,Components-smiles-stereo-oe.smi,Cc1ccc(/C=N/O)cc1C(=O)N[C@H](C)c1cccc2ccccc12,resolved
Y97,Cc1ccc(cc1C(=O)N[C@H](C)c2cccc(c2)c3ccc(s3)CN[C@@H]4CCOC4)NC5CNC5,Components-smiles-stereo-oe.smi,Cc1ccc(NC2CNC2)cc1C(=O)N[C@H](C)c1cccc(-c2ccc(CN[C@@H]3CCOC3)s2)c1,resolved
Y9N,Cc1ccc(cc1Nc2nccc(n2)c3cccnc3)C(=O)N[C@@H](Cc4cc(cc(c4)F)F)[C@@H](CN(CC(C)C)S(=O)(=O)c5ccc(cc5)OC)O,Components-smiles-stereo-oe.smi,COc1ccc(S(=O)(=O)N(CC(C)C)C[C@@H](O)[C@H](Cc2cc(F)cc(F)c2)NC(=O)c2ccc(C)c(Nc3nccc(-c4cccnc4)n3)c2)cc1,resolved
Y9R,Cc1ccc(cc1Nc2nccc(n2)c3cccnc3)C(=O)N[C@@H](Cc4ccccc4)[C@@H](CN(CC(C)C)S(=O)(=O)c5ccc(cc5)N)O,Components-smiles-stereo-oe.smi,Cc1ccc(C(=O)N[C@@H](Cc2ccccc2)[C@H](O)CN(CC(C)C)S(=O)(=O)c2ccc(N)cc2)cc1Nc1nccc(-c2cccnc2)n1,resolved
YAV,Cc1ccc2c(c1)c(c(o2)C#Cc3cccc(c3)C(=O)NCCOCCOCCNC(=O)c4cccc(c4)C#Cc5c(c6cc(ccc6o5)C)CC(=O)O)CC(=O)O,Components-smiles-stereo-oe.smi,Cc1ccc2oc(C#Cc3cccc(C(=O)NCCOCCOCCNC(=O)c4cccc(C#Cc5oc6ccc(C)cc6c5CC(=O)O)c4)c3)c(CC(=O)O)c2c1,resolved
YB7,Cc1cc([nH]c1C(=O)N[C@@H](CN)c2ncc(s2)CO)c3ccc(cn3)C(F)(F)F,Components-smiles-stereo-oe.smi,Cc1cc(-c2ccc(C(F)(F)F)cn2)[nH]c1C(=O)N[C@@H](CN)c1ncc(CO)s1,resolved
YBA,c1cc(c(cc1c2ccc([nH]2)C(=O)N[C@@H](CN)c3nc(cs3)CO)F)C(F)(F)F,Components-smiles-stereo-oe.smi,NC[C@H](NC(=O)c1ccc(-c2ccc(C(F)(F)F)c(F)c2)[nH]1)c1nc(CO)cs1,resolved
YBD,c1cc(c(cc1c2ccc([nH]2)C(=O)N[C@H](CN)c3ncc(s3)CO)F)Cl,Components-smiles-stereo-oe.smi,NC[C@@H](NC(=O)c1ccc(-c2ccc(Cl)c(F)c2)[nH]1)c1ncc(CO)s1,resolved
YCV,CN(C)C(=O)COc1c(cc(cc1OC)c2cccc3c2cn[nH]3)C=O,Components-smiles-stereo-oe.smi,COc1cc(-c2cccc3[nH]ncc23)cc(C=O)c1OCC(=O)N(C)C,resolved
YD1,c1cc(c(cc1N2CCN(CC2)C(=O)C3=CC(=O)NC(=O)N3)Cl)Cl,Components-smiles-stereo-oe.smi,O=C(c1cc(=O)[nH]c(=O)[nH]1)N1CCN(c2ccc(Cl)c(Cl)c2)CC1,resolved
YDL,CC(C)(C)[C@@H](C(=O)N1C[C@@H](C[C@H]1C(=O)N[C@@H](C[C@@H]2CCNC2=O)C=N)C(F)(F)F)NC(=O)OC,Components-smiles-stereo-oe.smi,COC(=O)N[C@H](C(=O)N1C[C@H](C(F)(F)F)C[C@H]1C(=O)N[C@H](C=N)C[C@@H]1CCNC1=O)C(C)(C)C,resolved
YDP,CC(=CCN([C@H]1CNC[C@@H]1N(CC=C(C)C)S(=O)(=O)c2ccc(cc2)C(=O)N)S(=O)(=O)c3ccc(cc3)C(=O)N)C,Components-smiles-stereo-oe.smi,CC(C)=CCN([C@H]1CNC[C@@H]1N(CC=C(C)C)S(=O)(=O)c1ccc(C(N)=O)cc1)S(=O)(=O)c1ccc(C(N)=O)cc1,resolved
YFK,CC(C)C[C@@H](C(=O)N[C@@H](C[C@@H]1CCNC1=O)C=C)NC(=O)c2cc3c([nH]2)cccc3OC,Components-smiles-stereo-oe.smi,C=C[C@H](C[C@@H]1CCNC1=O)NC(=O)[C@H](CC(C)C)NC(=O)c1cc2c(OC)cccc2[nH]1,resolved
YG4,CN1CN(C2=C1C(=O)NC(=N2)N)[C@H]3[C@@H]([C@@H]([C@H](O3)COP(=O)(O)OP(=O)(O)OP(=O)(O)OC[C@@H]4[C@H]([C@H]([C@@H](O4)N5CNc6c5ncnc6N)OC)OP(=O)(O)OC[C@@H]7[C@H]([C@H]([C@H](O7)N8C=CC(=O)NC8=O)O)O)O)O,Components-smiles-stereo-oe.smi,CO[C@@H]1[C@H](OP(=O)(O)OC[C@H]2O[C@H](n3ccc(=O)[nH]c3=O)[C@H](O)[C@@H]2O)[C@@H](COP(=O)(O)OP(=O)(O)OP(=O)(O)OC[C@H]2O[C@@H](N3CN(C)c4c3nc(N)[nH]c4=O)[C@H](O)[C@@H]2O)O[C@H]1N1CNc2c(N)ncnc21,resolved
YHI,CC1([C@@H]2[C@H]1[C@H](N(C2)C(=O)OCc3ccccc3)C(=O)N[C@@H](C[C@@H]4CCNC4=O)CO)C,Components-smiles-stereo-oe.smi,CC1(C)[C@@H]2[C@@H](C(=O)N[C@H](CO)C[C@@H]3CCNC3=O)N(C(=O)OCc3ccccc3)C[C@@H]21,resolved
YHJ,c1ccc(cc1)COC(=O)N2C[C@@H]3CCCC3[C@H]2C(=O)N[C@@H](C[C@@H]4CCNC4=O)CO,Components-smiles-stereo-oe.smi,O=C1NCC[C@H]1C[C@@H](CO)NC(=O)[C@@H]1C2CCC[C@H]2CN1C(=O)OCc1ccccc1,resolved
YKA,CC(C)C[C@@H](C(=O)N[C@@H](C[C@@H]1CC=NC1=O)C(O)S(=O)(=O)O)NC(=O)OC(C)(C)C2CCC(CC2)(F)F,Components-smiles-stereo-oe.smi,CC(C)C[C@H](NC(=O)OC(C)(C)C1CCC(F)(F)CC1)C(=O)N[C@@H](C[C@@H]1CC=NC1=O)C(O)S(=O)(=O)O,resolved
YKD,CC(C)C[C@@H](C(=O)N[C@@H](C[C@@H]1CC=NC1=O)C(O)S(=O)(=O)O)NC(=O)OC(C)(C)C2CCC(CC2)(F)F,Components-smiles-stereo-oe.smi,CC(C)C[C@H](NC(=O)OC(C)(C)C1CCC(F)(F)CC1)C(=O)N[C@@H](C[C@@H]1CC=NC1=O)C(O)S(=O)(=O)O,resolved
YKM,C[C@@H](C1CCC(CC1)(F)F)OC(=O)N[C@@H](CC(C)C)C(=O)N[C@@H](C[C@@H]2CCNC2=O)C(O)S(=O)(=O)O,Components-smiles-stereo-oe.smi,CC(C)C[C@H](NC(=O)O[C@@H](C)C1CCC(F)(F)CC1)C(=O)N[C@@H](C[C@@H]1CCNC1=O)C(O)S(=O)(=O)O,resolved
YKN,Cc1ccnc(n1)SC(c2nc3ccccc3o2)(F)F,Components-smiles-stereo-oe.smi,Cc1ccnc(SC(F)(F)c2nc3ccccc3o2)n1,resolved
YKP,C[C@@H](C1CCC(CC1)(F)F)OC(=O)N[C@@H](CC(C)C)C(=O)N[C@@H](C[C@@H]2CCNC2=O)C(O)S(=O)(=O)O,Components-smiles-stereo-oe.smi,CC(C)C[C@H](NC(=O)O[C@@H](C)C1CCC(F)(F)CC1)C(=O)N[C@@H](C[C@@H]1CCNC1=O)C(O)S(=O)(=O)O,resolved
YKS,CC(C)C[C@@H](C(=O)N[C@@H](C[C@@H]1CCNC1=O)C(O)S(=O)(=O)O)NC(=O)O[C@@H](Cc2ccccc2)C3CCC(CC3)(F)F,Components-smiles-stereo-oe.smi,CC(C)C[C@H](NC(=O)O[C@@H](Cc1ccccc1)C1CCC(F)(F)CC1)C(=O)N[C@@H](C[C@@H]1CCNC1=O)C(O)S(=O)(=O)O,resolved
YKV,CC(C)C[C@@H](C(=O)N[C@@H](C[C@@H]1CCNC1=O)C(O)S(=O)(=O)O)NC(=O)O[C@@H](Cc2ccccc2)C3CCC(CC3)(F)F,Components-smiles-stereo-oe.smi,CC(C)C[C@H](NC(=O)O[C@@H](Cc1ccccc1)C1CCC(F)(F)CC1)C(=O)N[C@@H](C[C@@H]1CCNC1=O)C(O)S(=O)(=O)O,resolved
YKY,CC(C)C[C@@H](C(=O)N[C@@H](C[C@@H]1CC=NC1=O)C(O)S(=O)(=O)O)NC(=O)OCc2ccccc2F,Components-smiles-stereo-oe.smi,CC(C)C[C@H](NC(=O)OCc1ccccc1F)C(=O)N[C@@H](C[C@@H]1CC=NC1=O)C(O)S(=O)(=O)O,resolved
YL7,CC(C)C[C@@H](C(=O)N[C@@H](C[C@@H]1CC=NC1=O)C(O)S(=O)(=O)O)NC(=O)OCc2ccccc2F,Components-smiles-stereo-oe.smi,CC(C)C[C@H](NC(=O)OCc1ccccc1F)C(=O)N[C@@H](C[C@@H]1CC=NC1=O)C(O)S(=O)(=O)O,resolved
YLD,CC(C)C[C@@H](C(=O)N[C@@H](C[C@@H]1CCNC1=O)C(O)S(=O)(=O)O)NC(=O)OCc2cccc(c2)F,Components-smiles-stereo-oe.smi,CC(C)C[C@H](NC(=O)OCc1cccc(F)c1)C(=O)N[C@@H](C[C@@H]1CCNC1=O)C(O)S(=O)(=O)O,resolved
YLJ,CC(C)C[C@@H](C(=O)N[C@@H](C[C@@H]1CCNC1=O)C(O)S(=O)(=O)O)NC(=O)OCc2cccc(c2)F,Components-smiles-stereo-oe.smi,CC(C)C[C@H](NC(=O)OCc1cccc(F)c1)C(=O)N[C@@H](C[C@@H]1CCNC1=O)C(O)S(=O)(=O)O,resolved
YLM,CC(C)C[C@@H](C(=O)N[C@@H](C[C@@H]1CCNC1=O)C(O)S(=O)(=O)O)NC(=O)OCc2ccc(cc2)F,Components-smiles-stereo-oe.smi,CC(C)C[C@H](NC(=O)OCc1ccc(F)cc1)C(=O)N[C@@H](C[C@@H]1CCNC1=O)C(O)S(=O)(=O)O,resolved
YLS,CC(C)C[C@@H](C(=O)N[C@@H](C[C@@H]1CCNC1=O)[C@@H](O)S(=O)(=O)O)NC(=O)OCc2ccc(cc2)F,Components-smiles-stereo-oe.smi,CC(C)C[C@H](NC(=O)OCc1ccc(F)cc1)C(=O)N[C@@H](C[C@@H]1CCNC1=O)[C@@H](O)S(=O)(=O)O,resolved
YLV,CC(C)C[C@@H](C(=O)N[C@@H](C[C@@H]1C=CNC1=O)C(O)S(=O)(=O)O)NC(=O)OCc2c(c(c(c(c2F)F)F)F)F,Components-smiles-stereo-oe.smi,CC(C)C[C@H](NC(=O)OCc1c(F)c(F)c(F)c(F)c1F)C(=O)N[C@@H](C[C@@H]1C=CNC1=O)C(O)S(=O)(=O)O,resolved
YM1,CC(C)C[C@@H](C(=O)N[C@@H](C[C@@H]1C=CNC1=O)C(O)S(=O)(=O)O)NC(=O)OCc2c(c(c(c(c2F)F)F)F)F,Components-smiles-stereo-oe.smi,CC(C)C[C@H](NC(=O)OCc1c(F)c(F)c(F)c(F)c1F)C(=O)N[C@@H](C[C@@H]1C=CNC1=O)C(O)S(=O)(=O)O,resolved
YMD,CC(C)C[C@@H](C(=O)N[C@@H](C[C@@H]1CCNC1=O)C(O)S(=O)(=O)O)NC(=O)OC2CCC(CC2)(C)C,Components-smiles-stereo-oe.smi,CC(C)C[C@H](NC(=O)OC1CCC(C)(C)CC1)C(=O)N[C@@H](C[C@@H]1CCNC1=O)C(O)S(=O)(=O)O,resolved
YMG,CC(C)C[C@@H](C(=O)N[C@@H](C[C@@H]1CCNC1=O)C(O)S(=O)(=O)O)NC(=O)OC2CCC(CC2)(C)C,Components-smiles-stereo-oe.smi,CC(C)C[C@H](NC(=O)OC1CCC(C)(C)CC1)C(=O)N[C@@H](C[C@@H]1CCNC1=O)C(O)S(=O)(=O)O,resolved
YMJ,CCCC1CCC(CC1)OC(=O)N[C@@H](CC(C)C)C(=O)N[C@@H](C[C@@H]2CCNC2=O)C(O)S(=O)(=O)O,Components-smiles-stereo-oe.smi,CCCC1CCC(OC(=O)N[C@@H](CC(C)C)C(=O)N[C@@H](C[C@@H]2CCNC2=O)C(O)S(=O)(=O)O)CC1,resolved
YMM,CCCC1CCC(CC1)OC(=O)N[C@@H](CC(C)C)C(=O)N[C@@H](C[C@@H]2CCNC2=O)C(O)S(=O)(=O)O,Components-smiles-stereo-oe.smi,CCCC1CCC(OC(=O)N[C@@H](CC(C)C)C(=O)N[C@@H](C[C@@H]2CCNC2=O)C(O)S(=O)(=O)O)CC1,resolved
YMS,CC(C)C[C@@H](C(=O)N[C@@H](C[C@@H]1CCNC1=O)C(O)S(=O)(=O)O)NC(=O)OC2CCC(CC2)c3ccccc3,Components-smiles-stereo-oe.smi,CC(C)C[C@H](NC(=O)OC1CCC(c2ccccc2)CC1)C(=O)N[C@@H](C[C@@H]1CCNC1=O)C(O)S(=O)(=O)O,resolved
YMV,CC(C)C[C@@H](C(=O)N[C@@H](C[C@@H]1CCNC1=O)C(O)S(=O)(=O)O)NC(=O)OC2CCC(CC2)c3ccccc3,Components-smiles-stereo-oe.smi,CC(C)C[C@H](NC(=O)OC1CCC(c2ccccc2)CC1)C(=O)N[C@@H](C[C@@H]1CCNC1=O)C(O)S(=O)(=O)O,resolved
YMY,CCCC1CCC(CC1)COC(=O)N[C@@H](CC(C)C)C(=O)N[C@@H](C[C@@H]2CCNC2=O)C(O)S(=O)(=O)O,Components-smiles-stereo-oe.smi,CCCC1CCC(COC(=O)N[C@@H](CC(C)C)C(=O)N[C@@H](C[C@@H]2CCNC2=O)C(O)S(=O)(=O)O)CC1,resolved
YN1,CCCC1CCC(CC1)COC(=O)N[C@@H](CC(C)C)C(=O)N[C@@H](C[C@@H]2CCNC2=O)C(O)S(=O)(=O)O,Components-smiles-stereo-oe.smi,CCCC1CCC(COC(=O)N[C@@H](CC(C)C)C(=O)N[C@@H](C[C@@H]2CCNC2=O)C(O)S(=O)(=O)O)CC1,resolved
YOO,CN1CCC(CC1)c2cc(cc(c2)OC)C(=O)Nc3ccc(cc3)S(=O)(=O)N4CCCC4,Components-smiles-stereo-oe.smi,COc1cc(C(=O)Nc2ccc(S(=O)(=O)N3CCCC3)cc2)cc(C2CCN(C)CC2)c1,resolved
YOP,C1=CNC(=O)C(=C1)C[C@@H](CO)N,Components-smiles-stereo-oe.smi,N[C@H](CO)Cc1ccc[nH]c1=O,resolved
YQN,CC(C)(C)c1ccc(cc1)N([C@@H](c2cccnc2)C(=O)NC3CCCCC3)C(=O)C4C=NC(=O)NC4=O,Components-smiles-stereo-oe.smi,CC(C)(C)c1ccc(N(C(=O)C2C=NC(=O)NC2=O)[C@H](C(=O)NC2CCCCC2)c2cccnc2)cc1,resolved
YRL,c1cc(ccc1CCO)O,Components-smiles-stereo-oe.smi,OCCc1ccc(O)cc1,resolved
YSG,CCCOc1cc(cc(c1)Cl)C2=CC(=CN(C2=O)c3cccnc3)C4=CNC(=O)NC4=O,Components-smiles-stereo-oe.smi,CCCOc1cc(Cl)cc(-c2cc(-c3c[nH]c(=O)[nH]c3=O)cn(-c3cccnc3)c2=O)c1,resolved
YSJ,c1ccc(c(c1)COc2cc(cc(c2F)Cl)C3=CC(=CN(C3=O)c4cccnc4)C5=CNC(=O)NC5=O)Cl,Components-smiles-stereo-oe.smi,O=c1[nH]cc(-c2cc(-c3cc(Cl)c(F)c(OCc4ccccc4Cl)c3)c(=O)n(-c3cccnc3)c2)c(=O)[nH]1,resolved
YSM,c1cc(cc(c1)F)COc2cc(cc(c2)Cl)C3=CC(=CN(C3=O)c4cccnc4)C5=CNC(=O)NC5=O,Components-smiles-stereo-oe.smi,O=c1[nH]cc(-c2cc(-c3cc(Cl)cc(OCc4cccc(F)c4)c3)c(=O)n(-c3cccnc3)c2)c(=O)[nH]1,resolved
YSP,Cc1ccccc1COc2cc(cc(c2)Cl)C3=CC(=CN(C3=O)c4cccnc4)C5=CNC(=O)NC5=O,Components-smiles-stereo-oe.smi,Cc1ccccc1COc1cc(Cl)cc(-c2cc(-c3c[nH]c(=O)[nH]c3=O)cn(-c3cccnc3)c2=O)c1,resolved
YT3,[Y+3],Components-smiles-stereo-oe.smi,[Y+3],resolved
YTG,CN(c1ccc(cc1)Cl)C(=O)[C@H](Cc2ccccc2)NC(=O)Cc3c[nH]c4c3cc(cc4)O,Components-smiles-stereo-oe.smi,CN(C(=O)[C@H](Cc1ccccc1)NC(=O)Cc1c[nH]c2ccc(O)cc12)c1ccc(Cl)cc1,resolved
YTJ,COCCOc1cc(cc(c1)Cl)C2=CC(=CN(C2=O)c3cccnc3)c4ccccc4C#N,Components-smiles-stereo-oe.smi,COCCOc1cc(Cl)cc(-c2cc(-c3ccccc3C#N)cn(-c3cccnc3)c2=O)c1,resolved
YTM,c1ccc(cc1)CCOc2cc(cc(c2)Cl)C3=CC(=CN(C3=O)c4cccnc4)C5=CNC(=O)NC5=O,Components-smiles-stereo-oe.smi,O=c1[nH]cc(-c2cc(-c3cc(Cl)cc(OCCc4ccccc4)c3)c(=O)n(-c3cccnc3)c2)c(=O)[nH]1,resolved
YTS,c1cc(cnc1)N2C=C(C=C(C2=O)c3cc(cc(c3)Cl)OCCN4CCNC(=O)C4)C5=CNC(=O)NC5=O,Components-smiles-stereo-oe.smi,O=C1CN(CCOc2cc(Cl)cc(-c3cc(-c4c[nH]c(=O)[nH]c4=O)cn(-c4cccnc4)c3=O)c2)CCN1,resolved
YTV,CC(C)(CCOc1cc(cc(c1)Cl)C2=CC(=CN(C2=O)c3cccnc3)C4=CNC(=O)NC4=O)O,Components-smiles-stereo-oe.smi,CC(C)(O)CCOc1cc(Cl)cc(-c2cc(-c3c[nH]c(=O)[nH]c3=O)cn(-c3cccnc3)c2=O)c1,resolved
YTX,COc1cc(ccc1O)CC(=O)O,Components-smiles-stereo-oe.smi,COc1cc(CC(=O)O)ccc1O,resolved
YTY,CCC(CC)CN(C[C@H]([C@H](Cc1ccc(cc1)OCP(=O)(OCC)OCC)NC(=O)O[C@H]2CO[C@@H]3[C@H]2CCO3)O)S(=O)(=O)c4ccc(cc4)[C@H](C)O,Components-smiles-stereo-oe.smi,CCOP(=O)(COc1ccc(C[C@H](NC(=O)O[C@H]2CO[C@H]3OCC[C@H]32)[C@H](O)CN(CC(CC)CC)S(=O)(=O)c2ccc([C@H](C)O)cc2)cc1)OCC,resolved
YU4,c1cc(cnc1)N2C=C(C=C(C2=O)c3cc(cc(c3)Cl)OCCC(F)(F)F)C4=CNC(=O)NC4=O,Components-smiles-stereo-oe.smi,O=c1[nH]cc(-c2cc(-c3cc(Cl)cc(OCCC(F)(F)F)c3)c(=O)n(-c3cccnc3)c2)c(=O)[nH]1,resolved
YUA,CCC(CC)CN(C[C@H]([C@H](Cc1ccccc1)NC(=O)O[C@H]2CO[C@@H]3[C@H]2CCO3)O)S(=O)(=O)c4ccc5c(c4)CC[C@@H]5O,Components-smiles-stereo-oe.smi,CCC(CC)CN(C[C@@H](O)[C@H](Cc1ccccc1)NC(=O)O[C@H]1CO[C@H]2OCC[C@H]21)S(=O)(=O)c1ccc2c(c1)CC[C@@H]2O,resolved
YUD,CC[C@H](C)CN(C[C@H]([C@H](Cc1ccccc1)NC(=O)O[C@H]2CO[C@@H]3[C@H]2CCO3)O)S(=O)(=O)c4ccc5c(c4)CC[C@@H]5O,Components-smiles-stereo-oe.smi,CC[C@H](C)CN(C[C@@H](O)[C@H](Cc1ccccc1)NC(=O)O[C@H]1CO[C@H]2OCC[C@H]21)S(=O)(=O)c1ccc2c(c1)CC[C@@H]2O,resolved
YUJ,CC(C)CN(C[C@H]([C@H](Cc1ccccc1)NC(=O)O[C@H]2CO[C@@H]3[C@H]2CCO3)O)S(=O)(=O)c4ccc5c(c4)CC[C@@H]5O,Components-smiles-stereo-oe.smi,CC(C)CN(C[C@@H](O)[C@H](Cc1ccccc1)NC(=O)O[C@H]1CO[C@H]2OCC[C@H]21)S(=O)(=O)c1ccc2c(c1)CC[C@@H]2O,resolved
YUM,Cc1nc(cs1)COc2ccc(cc2)C[C@@H]([C@@H](CN(CC(C)C)S(=O)(=O)c3ccc(cc3)[C@H](C)O)O)NC(=O)O[C@H]4CO[C@@H]5[C@H]4CCO5,Components-smiles-stereo-oe.smi,Cc1nc(COc2ccc(C[C@H](NC(=O)O[C@H]3CO[C@H]4OCC[C@H]43)[C@H](O)CN(CC(C)C)S(=O)(=O)c3ccc([C@H](C)O)cc3)cc2)cs1,resolved
YUP,C[C@@H](c1ccc(cc1)S(=O)(=O)N(C[C@H]([C@H](Cc2cc(cc(c2)F)F)NC(=O)O[C@H]3CO[C@@H]4[C@H]3CCO4)O)CC(C)C)O,Components-smiles-stereo-oe.smi,CC(C)CN(C[C@@H](O)[C@H](Cc1cc(F)cc(F)c1)NC(=O)O[C@H]1CO[C@H]2OCC[C@H]21)S(=O)(=O)c1ccc([C@H](C)O)cc1,resolved
YV7,CCOC(=O)CC[C@H](C[C@@H]1CCNC1=O)NC(=O)[C@H](Cc2ccc(cc2)F)NC(=O)[C@@H](Cc3ccccc3)N,Components-smiles-stereo-oe.smi,CCOC(=O)CC[C@H](C[C@@H]1CCNC1=O)NC(=O)[C@H](Cc1ccc(F)cc1)NC(=O)[C@H](N)Cc1ccccc1,resolved
YVA,CCOC(=O)CC[C@H](C[C@@H]1CCNC1=O)NC(=O)[C@H](CC2CC2)NC(=O)/C=C/c3ccc(cc3)C#C,Components-smiles-stereo-oe.smi,C#Cc1ccc(/C=C/C(=O)N[C@@H](CC2CC2)C(=O)N[C@H](CCC(=O)OCC)C[C@@H]2CCNC2=O)cc1,resolved
YVD,CCOC(=O)CC[C@H](C[C@@H]1CCNC1=O)NC(=O)[C@H](Cc2ccc(cc2)F)NC(=O)[C@@H](Cc3ccc(cc3)F)N,Components-smiles-stereo-oe.smi,CCOC(=O)CC[C@H](C[C@@H]1CCNC1=O)NC(=O)[C@H](Cc1ccc(F)cc1)NC(=O)[C@H](N)Cc1ccc(F)cc1,resolved
YVG,CCOC(=O)CC[C@H](C[C@@H]1CCNC1=O)NC(=O)[C@H](Cc2ccccc2)NC(=O)[C@@H](Cc3ccccc3)N,Components-smiles-stereo-oe.smi,CCOC(=O)CC[C@H](C[C@@H]1CCNC1=O)NC(=O)[C@H](Cc1ccccc1)NC(=O)[C@H](N)Cc1ccccc1,resolved
YVJ,CCOC(=O)CC[C@H](C[C@@H]1CCNC1=O)NC(=O)[C@H](Cc2ccccc2)NC(=O)[C@@H](Cc3ccc(cc3)F)N,Components-smiles-stereo-oe.smi,CCOC(=O)CC[C@H](C[C@@H]1CCNC1=O)NC(=O)[C@H](Cc1ccccc1)NC(=O)[C@H](N)Cc1ccc(F)cc1,resolved
YVM,CCOC(=O)CC[C@H](C[C@@H]1CCNC1=O)NC(=O)[C@H](Cc2ccccc2)NC(=O)[C@@H](Cc3ccc(cc3)F)NC(=O)CCOCC#C,Components-smiles-stereo-oe.smi,C#CCOCCC(=O)N[C@H](Cc1ccc(F)cc1)C(=O)N[C@@H](Cc1ccccc1)C(=O)N[C@H](CCC(=O)OCC)C[C@@H]1CCNC1=O,resolved
YVP,[H]/N=C(/N)\NCCC[C@@H](C(=O)C)NC(=O)[C@H](Cc1ccccc1)NC(=O)[C@@H](Cc2ccccc2)NC(=O)CCOCC#C,Components-smiles-stereo-oe.smi,[H]/N=C(/N)NCCC[C@H](NC(=O)[C@H](Cc1ccccc1)NC(=O)[C@@H](Cc1ccccc1)NC(=O)CCOCC#C)C(C)=O,resolved
YVV,CCOC(=O)CC[C@H](C[C@@H]1CCNC1=O)NC(=O)[C@H](Cc2ccccc2)NC(=O)[C@@H](Cc3ccccc3)NC(=O)CCOCC#C,Components-smiles-stereo-oe.smi,C#CCOCCC(=O)N[C@H](Cc1ccccc1)C(=O)N[C@@H](Cc1ccccc1)C(=O)N[C@H](CCC(=O)OCC)C[C@@H]1CCNC1=O,resolved
YVY,CC(=O)[C@H](CCCNC(=O)N)NC(=O)[C@H](Cc1ccccc1)NC(=O)[C@@H](Cc2ccccc2)NC(=O)CCOCC#C,Components-smiles-stereo-oe.smi,C#CCOCCC(=O)N[C@H](Cc1ccccc1)C(=O)N[C@@H](Cc1ccccc1)C(=O)N[C@@H](CCCNC(N)=O)C(C)=O,resolved
YVZ,CC[C@H](C[C@@H]1CCNC1=O)NC(=O)[C@@H]2[C@@H]3[C@@H](C3(C)C)CN2C(=O)[C@H](C(C)(C)C)NC(=O)C(F)(F)F,Components-smiles-stereo-oe.smi,CC[C@H](C[C@@H]1CCNC1=O)NC(=O)[C@@H]1[C@@H]2[C@H](CN1C(=O)[C@@H](NC(=O)C(F)(F)F)C(C)(C)C)C2(C)C,resolved
YWJ,CC(C)C[C@@H](C(=O)N[C@@H](C[C@@H]1CCCNC1=O)C(=O)C)NC(=O)c2cc3c([nH]2)cccc3OC,Components-smiles-stereo-oe.smi,COc1cccc2[nH]c(C(=O)N[C@@H](CC(C)C)C(=O)N[C@@H](C[C@@H]3CCCNC3=O)C(C)=O)cc12,resolved
YWM,CCOP(=O)(COc1ccc(cc1)C[C@@H]([C@@H](CN(CC(C)C)S(=O)(=O)c2ccc(cc2)[C@H](C)O)O)NC(=O)O[C@H]3CO[C@@H]4[C@H]3CCO4)OCC,Components-smiles-stereo-oe.smi,CCOP(=O)(COc1ccc(C[C@H](NC(=O)O[C@H]2CO[C@H]3OCC[C@H]32)[C@H](O)CN(CC(C)C)S(=O)(=O)c2ccc([C@H](C)O)cc2)cc1)OCC,resolved
YWP,CCOP(=O)(COc1ccc(cc1)C[C@@H]([C@@H](CN(CC(C)C)S(=O)(=O)c2ccc(cc2)[C@@H](C)O)O)NC(=O)O[C@H]3CO[C@@H]4[C@H]3CCO4)OCC,Components-smiles-stereo-oe.smi,CCOP(=O)(COc1ccc(C[C@H](NC(=O)O[C@H]2CO[C@H]3OCC[C@H]32)[C@H](O)CN(CC(C)C)S(=O)(=O)c2ccc([C@@H](C)O)cc2)cc1)OCC,resolved
YWS,CC[C@H](C)CN(C[C@H]([C@H](Cc1ccc(cc1)OCP(=O)(OCC)OCC)NC(=O)O[C@H]2CO[C@@H]3[C@H]2CCO3)O)S(=O)(=O)c4ccc(cc4)[C@H](C)O,Components-smiles-stereo-oe.smi,CCOP(=O)(COc1ccc(C[C@H](NC(=O)O[C@H]2CO[C@H]3OCC[C@H]32)[C@H](O)CN(C[C@@H](C)CC)S(=O)(=O)c2ccc([C@H](C)O)cc2)cc1)OCC,resolved
YYG,Cc1c(n2c(n1)N(c3c(ncn3[C@H]4[C@@H]([C@@H]([C@H](O4)COP(=O)(O)O)O)O)C2=O)C)CC[C@@H](C(=O)OC)NC(=O)OC,Components-smiles-stereo-oe.smi,COC(=O)N[C@@H](CCc1c(C)nc2n(C)c3c(ncn3[C@@H]3O[C@H](COP(=O)(O)O)[C@@H](O)[C@H]3O)c(=O)n12)C(=O)OC,resolved
YZI,CN1CCN(CC1)C(=O)N2C[C@@H](C[C@@H](C2)C(=O)Nc3ccc(c(c3)F)Cl)CN,Components-smiles-stereo-oe.smi,CN1CCN(C(=O)N2C[C@H](CN)C[C@H](C(=O)Nc3ccc(Cl)c(F)c3)C2)CC1,resolved
Z1I,C[C@@H]1CN(C[C@@H](N1C)C)C(=O)N2C[C@@H](C[C@@H](C2)C(=O)Nc3ccc(c(c3)F)Cl)CN,Components-smiles-stereo-oe.smi,C[C@@H]1CN(C(=O)N2C[C@H](CN)C[C@H](C(=O)Nc3ccc(Cl)c(F)c3)C2)C[C@H](C)N1C,resolved
Z1Z,c1cc(c(cc1NC(=O)[C@H]2C[C@H](CN(C2)C(=O)N3CCN(CC3)C(=O)CN)CO)F)Cl,Components-smiles-stereo-oe.smi,NCC(=O)N1CCN(C(=O)N2C[C@H](CO)C[C@H](C(=O)Nc3ccc(Cl)c(F)c3)C2)CC1,resolved
Z26,COc1ccc(cc1CC(=O)Nc2cncc3c2cccc3)Cl,Components-smiles-stereo-oe.smi,COc1ccc(Cl)cc1CC(=O)Nc1cncc2ccccc12,resolved
Z2O,c1cc(c(cc1NC(=O)[C@H]2C[C@H](CN(C2)C(=O)N3CCN(CC3)CC(=O)O)CO)F)Cl,Components-smiles-stereo-oe.smi,O=C(O)CN1CCN(C(=O)N2C[C@H](CO)C[C@H](C(=O)Nc3ccc(Cl)c(F)c3)C2)CC1,resolved
Z3F,CN1CCN(CC1)C(=O)N2CCC[C@@H](C2)C(=O)Nc3ccc(c(c3)F)Cl,Components-smiles-stereo-oe.smi,CN1CCN(C(=O)N2CCC[C@H](C(=O)Nc3ccc(Cl)c(F)c3)C2)CC1,resolved
Z6F,CN1CCN(CC1)C(=O)N2C[C@@H](C[C@@H](C2)C(=O)Nc3ccc(c(c3)F)Cl)CO,Components-smiles-stereo-oe.smi,CN1CCN(C(=O)N2C[C@H](CO)C[C@H](C(=O)Nc3ccc(Cl)c(F)c3)C2)CC1,resolved
Z7N,C[C@@H]1CN(C[C@@H](N1C)C)C(=O)N2C[C@@H](C[C@@H](C2)C(=O)Nc3ccc(c(c3)F)Cl)CO,Components-smiles-stereo-oe.smi,C[C@@H]1CN(C(=O)N2C[C@H](CO)C[C@H](C(=O)Nc3ccc(Cl)c(F)c3)C2)C[C@H](C)N1C,resolved
ZGI,CC1([C@@H]2[C@H]1[C@H](N(C2)C(=O)[C@H](C(C)(C)C)NC(=O)NC(C)(C)C)C(=O)N[C@@H](C[C@@H]3CCNC3=O)C(=O)c4nc5ccccc5s4)C,Components-smiles-stereo-oe.smi,CC(C)(C)NC(=O)N[C@H](C(=O)N1C[C@H]2[C@@H]([C@H]1C(=O)N[C@@H](C[C@@H]1CCNC1=O)C(=O)c1nc3ccccc3s1)C2(C)C)C(C)(C)C,resolved
ZGO,CC1([C@@H]2[C@H]1[C@H](N(C2)C(=O)[C@H](C(C)(C)C)NC(=O)NC3(CCCCC3)CS(=O)(=O)C(C)(C)C)C(=O)N[C@@H](C[C@@H]4CCNC4=O)C#N)C,Components-smiles-stereo-oe.smi,CC(C)(C)[C@H](NC(=O)NC1(CS(=O)(=O)C(C)(C)C)CCCCC1)C(=O)N1C[C@H]2[C@@H]([C@H]1C(=O)N[C@H](C#N)C[C@@H]1CCNC1=O)C2(C)C,resolved
ZGW,CC1([C@@H]2[C@H]1[C@H](N(C2)C(=O)[C@H](C(C)(C)C)NC(=O)C(F)(F)F)C(=O)N[C@@H](C[C@@H]3CCNC3=O)C#N)C,Components-smiles-stereo-oe.smi,CC(C)(C)[C@H](NC(=O)C(F)(F)F)C(=O)N1C[C@H]2[C@@H]([C@H]1C(=O)N[C@H](C#N)C[C@@H]1CCNC1=O)C2(C)C,resolved
ZH0,CC(C)C[C@@H](C(=O)N[C@@H](C[C@@H]1CCNC1=O)C=O)NC(=O)OCc2ccccc2,Components-smiles-stereo-oe.smi,CC(C)C[C@H](NC(=O)OCc1ccccc1)C(=O)N[C@H](C=O)C[C@@H]1CCNC1=O,resolved
ZHA,CC(=O)Nc1ccc2c(c1)CCCC2=O,Components-smiles-stereo-oe.smi,CC(=O)Nc1ccc2c(c1)CCCC2=O,resolved
ZJ1,CCS(=O)(=O)N(c1ccc(cc1)C(C)(C)C)[C@H](c2cccnc2)C(=O)NC3CCCCC3,Components-smiles-stereo-oe.smi,CCS(=O)(=O)N(c1ccc(C(C)(C)C)cc1)[C@@H](C(=O)NC1CCCCC1)c1cccnc1,resolved
ZJ3,c1cc2c(cc1O[C@@H]3[C@@H]([C@@H]([C@H](O3)COP(=O)(O)OP(=O)(O)OC[C@@H]4[C@H]([C@H]([C@@H](O4)n5cnc6c5ncnc6N)O)O)O)O)OC(=O)C=C2C(F)(F)F,Components-smiles-stereo-oe.smi,Nc1ncnc2c1ncn2[C@@H]1O[C@H](COP(=O)(O)OP(=O)(O)OC[C@H]2O[C@H](Oc3ccc4c(C(F)(F)F)cc(=O)oc4c3)[C@H](O)[C@@H]2O)[C@@H](O)[C@H]1O,resolved
ZL7,CC[C@@H]([C@H](C(=O)NC1CC1)O)NC(=O)[C@H](CS(=O)(=O)CC2CC2)N[C@@H](c3ccc(cc3)F)C(F)(F)F,Components-smiles-stereo-oe.smi,CC[C@H](NC(=O)[C@H](CS(=O)(=O)CC1CC1)N[C@@H](c1ccc(F)cc1)C(F)(F)F)[C@@H](O)C(=O)NC1CC1,resolved
ZLP,CC(C)CN(C[C@H]([C@H](Cc1ccccc1)NC(=O)O[C@H]2CO[C@@H]3[C@H]2[C@H](CO3)OCCOC)O)S(=O)(=O)c4ccc5c(c4)O/C(=N\C)/N5,Components-smiles-stereo-oe.smi,C/N=c1/[nH]c2ccc(S(=O)(=O)N(CC(C)C)C[C@@H](O)[C@H](Cc3ccccc3)NC(=O)O[C@H]3CO[C@H]4OC[C@H](OCCOC)[C@H]43)cc2o1,resolved
ZNF,C[C@@H]1CN(C[C@@H](N1C)C)C(=O)N2CCC[C@@H](C2)C(=O)Nc3ccc(c(c3)F)Cl,Components-smiles-stereo-oe.smi,C[C@@H]1CN(C(=O)N2CCC[C@H](C(=O)Nc3ccc(Cl)c(F)c3)C2)C[C@H](C)N1C,resolved
ZP4,CC1=CN(C(=O)NC1=O)[C@H]2C[C@@H]([C@H](O2)CO[P@@](=O)(O)O[P@@](=O)(O)O[P@@](=O)(O)O[P@](=O)(O)OC[C@@H]3[C@H]([C@H]([C@@H](O3)n4cnc5c4ncnc5N)O)O)N=[N+]=[N-],Components-smiles-stereo-oe.smi,Cc1cn([C@H]2C[C@H](N=[N+]=[N-])[C@@H](CO[P@@](=O)(O)O[P@@](=O)(O)O[P@@](=O)(O)O[P@](=O)(O)OC[C@H]3O[C@@H](n4cnc5c(N)ncnc54)[C@H](O)[C@@H]3O)O2)c(=O)[nH]c1=O,resolved
ZQA,CCc1csc(n1)c2cnc[nH]2,Components-smiles-stereo-oe.smi,CCc1csc(-c2cnc[nH]2)n1,resolved
ZQB,[H]/N=C\[C@H](C[C@@H]1CCCNC1=O)NC(=O)[C@H](CC2CC2)NC(=O)c3cc4cccc(c4[nH]3)Cl,Components-smiles-stereo-oe.smi,[H]/N=C\[C@H](C[C@@H]1CCCNC1=O)NC(=O)[C@H](CC1CC1)NC(=O)c1cc2cccc(Cl)c2[nH]1,resolved
ZQD,Cc1cc(no1)[C@@H]2CCCN2S(=O)(=O)C,Components-smiles-stereo-oe.smi,Cc1cc([C@@H]2CCCN2S(C)(=O)=O)no1,resolved
ZQG,c1cnc([nH]1)CCCN,Components-smiles-stereo-oe.smi,NCCCc1ncc[nH]1,resolved
ZQJ,CN1C(=O)C=C2CNCCC2=N1,Components-smiles-stereo-oe.smi,Cn1nc2c(cc1=O)CNCC2,resolved
ZQM,CC(C)Sc1ccccc1NC(=O)N,Components-smiles-stereo-oe.smi,CC(C)Sc1ccccc1NC(N)=O,resolved
ZSV,COc1ccc(cc1)CNC(=O)c2ccccc2C[NH+](CC=C)Cc3ccc4c(c3C(=O)O)OC[C@@H](O4)CCC(=O)O,Components-smiles-stereo-oe.smi,C=CC[NH+](Cc1ccccc1C(=O)NCc1ccc(OC)cc1)Cc1ccc2c(c1C(=O)O)OC[C@H](CCC(=O)O)O2,resolved
ZSW,CC[C@@H](C)NC(=O)c1ccccc1C[NH+](CC=C)Cc2ccc3c(c2C(=O)O)OC[C@@H](O3)CCC(=O)O,Components-smiles-stereo-oe.smi,C=CC[NH+](Cc1ccccc1C(=O)N[C@H](C)CC)Cc1ccc2c(c1C(=O)O)OC[C@H](CCC(=O)O)O2,resolved
ZU0,C[C@H]([C@@H](C(=O)O)N)OC(C)(C)C,Components-smiles-stereo-oe.smi,C[C@@H](OC(C)(C)C)[C@H](N)C(=O)O,resolved
ZV7,C(CN(C(=O)CCl)N)C=O,Components-smiles-stereo-oe.smi,NN(CCC=O)C(=O)CCl,resolved
ZW2,c1ccc(cc1)Cc2cc3c(s2)NC(=O)N(C3=O)O,Components-smiles-stereo-oe.smi,O=c1[nH]c2sc(Cc3ccccc3)cc2c(=O)n1O,resolved
ZYJ,COc1ccc(cc1OC)/C=N/O[C@@H]2C[C@H](NC2)C(=O)O,Components-smiles-stereo-oe.smi,COc1ccc(/C=N/O[C@H]2CN[C@H](C(=O)O)C2)cc1OC,resolved
ZYK,COc1ccc(cc1OC)C(=O)NO[C@@H]2C[C@H](NC2)C(=O)O,Components-smiles-stereo-oe.smi,COc1ccc(C(=O)NO[C@H]2CN[C@H](C(=O)O)C2)cc1OC,resolved
ZZA,c1ccc(cc1)n2cc(cn2)C(=O)O,Components-smiles-stereo-oe.smi,O=C(O)c1cnn(-c2ccccc2)c1,resolved
ZZE,CCc1c(c(n(n1)CCO)CC)Oc2cc(cc(c2)C#N)C#N,Components-smiles-stereo-oe.smi,CCc1nn(CCO)c(CC)c1Oc1cc(C#N)cc(C#N)c1,resolved
