virus_name,pdb_id,ligand,ligand_id,chain,Inhibitor_Type
Human immunodeficiency virus 1,1A8G,2Z4,100,A,noncovalent
Human immunodeficiency virus 1,1A8K,0Q4,100,A,noncovalent
Human immunodeficiency virus 1,1A8K,0Q4,100,E,noncovalent
Human immunodeficiency virus 1,1A94,0Q4,100,A,noncovalent
Human immunodeficiency virus 1,1A94,0Q4,100,E,noncovalent
Human immunodeficiency virus 1,1A9M,U0E,100,B,noncovalent
Human immunodeficiency virus 1,1AAQ,PSI,100,B,noncovalent
Human immunodeficiency virus 1,1AID,THK,201,B,noncovalent
Human immunodeficiency virus 1,1AJV,NMB,501,A,noncovalent
Human immunodeficiency virus 1,1AJX,AH1,500,A,noncovalent
Human immunodeficiency virus 1,1AXA,U0E,100,A,noncovalent
Human immunodeficiency virus 1,1AXA,U0E,101,A,noncovalent
Human immunodeficiency virus 1,1B6J,RTY,2,C,covalent
Human immunodeficiency virus 1,1B6K,PI5,201,A,noncovalent
Human immunodeficiency virus 1,1B6L,PI4,201,A,noncovalent
Human immunodeficiency virus 1,1B6M,PI6,201,B,noncovalent
Human immunodeficiency virus 1,1B6P,PI7,201,A,noncovalent
Human immunodeficiency virus 1,1BDL,IM1,400,A,noncovalent
Human immunodeficiency virus 1,1BDL,IM1,600,B,noncovalent
Human immunodeficiency virus 1,1BDQ,IM1,400,B,noncovalent
Human immunodeficiency virus 1,1BDR,IM1,400,B,noncovalent
Human immunodeficiency virus 1,1BQM,HBY,557,A,noncovalent
Human immunodeficiency virus 1,1BQN,HBY,559,A,noncovalent
Human immunodeficiency virus 1,1BV7,XV6,638,A,noncovalent
Human immunodeficiency virus 1,1BV9,XV6,638,A,noncovalent
Human immunodeficiency virus 1,1BVE,DMP,100,B,noncovalent
Human immunodeficiency virus 1,1BVG,DMP,100,B,noncovalent
Human immunodeficiency virus 1,1BWA,XV6,638,B,noncovalent
Human immunodeficiency virus 1,1BWB,146,641,B,noncovalent
Human immunodeficiency virus 1,1C0T,BM1,999,A,noncovalent
Human immunodeficiency virus 1,1C0U,BM5,999,A,noncovalent
Human immunodeficiency virus 1,1C1B,GCA,999,A,noncovalent
Human immunodeficiency virus 1,1C1C,612,999,A,noncovalent
Human immunodeficiency virus 1,1C6X,3IN,622,B,noncovalent
Human immunodeficiency virus 1,1C6Y,MK1,524,B,noncovalent
Human immunodeficiency virus 1,1C6Z,ROC,505,B,noncovalent
Human immunodeficiency virus 1,1C70,L75,423,B,noncovalent
Human immunodeficiency virus 1,1CPI,RTY,2,C,covalent
Human immunodeficiency virus 1,1D4K,PI8,201,A,noncovalent
Human immunodeficiency virus 1,1D4L,PI9,201,A,noncovalent
Human immunodeficiency virus 1,1D4S,TPV,201,A,noncovalent
Human immunodeficiency virus 1,1D4Y,TPV,501,A,noncovalent
Human immunodeficiency virus 1,1DAZ,0Q4,601,D,noncovalent
Human immunodeficiency virus 1,1DIF,A85,101,B,noncovalent
Human immunodeficiency virus 1,1DMP,DMQ,450,B,noncovalent
Human immunodeficiency virus 1,1DTQ,FPT,999,A,noncovalent
Human immunodeficiency virus 1,1DTT,FTC,999,A,noncovalent
Human immunodeficiency virus 1,1DW6,0Q4,401,D,noncovalent
Human immunodeficiency virus 1,1EBK,0Q4,201,D,noncovalent
Human immunodeficiency virus 1,1EBK,0Q4,501,E,noncovalent
Human immunodeficiency virus 1,1EBW,BEI,501,A,noncovalent
Human immunodeficiency virus 1,1EBY,BEB,501,B,noncovalent
Human immunodeficiency virus 1,1EBZ,BEC,501,B,noncovalent
Human immunodeficiency virus 1,1EC0,BED,501,A,noncovalent
Human immunodeficiency virus 1,1EC1,BEE,501,A,noncovalent
Human immunodeficiency virus 1,1EC2,BEJ,501,B,noncovalent
Human immunodeficiency virus 1,1EC3,MS3,501,A,noncovalent
Human immunodeficiency virus 1,1EET,BFU,2000,A,noncovalent
Human immunodeficiency virus 1,1EFN,PBM,710,B,noncovalent
Human immunodeficiency virus 1,1EFN,PBM,720,D,noncovalent
Human immunodeficiency virus 1,1EP4,S11,999,A,noncovalent
Human immunodeficiency virus 1,1EX4,CPS,301,B,noncovalent
Human immunodeficiency virus 1,1EX4,CPS,302,A,noncovalent
Human immunodeficiency virus 1,1EX4,CPS,303,B,noncovalent
Human immunodeficiency virus 1,1EX4,CPS,304,A,noncovalent
Human immunodeficiency virus 1,1F6U,CG1,201,B,covalent
Human immunodeficiency virus 1,1FB7,ROC,100,A,noncovalent
Human immunodeficiency virus 1,1FEJ,2NC,400,D,noncovalent
Human immunodeficiency virus 1,1FF0,2NC,300,C,noncovalent
Human immunodeficiency virus 1,1FFF,0Q4,401,D,noncovalent
Human immunodeficiency virus 1,1FFI,2NC,300,D,noncovalent
Human immunodeficiency virus 1,1FG6,2NC,300,D,noncovalent
Human immunodeficiency virus 1,1FG8,0Q4,401,C,noncovalent
Human immunodeficiency virus 1,1FGC,2NC,300,C,noncovalent
Human immunodeficiency virus 1,1FK9,EFZ,999,A,noncovalent
Human immunodeficiency virus 1,1FKO,EFZ,999,A,noncovalent
Human immunodeficiency virus 1,1FKP,NVP,999,A,noncovalent
Human immunodeficiency virus 1,1FQX,0ZT,201,A,noncovalent
Human immunodeficiency virus 1,1G2K,NM1,501,B,noncovalent
Human immunodeficiency virus 1,1G35,AHF,501,B,noncovalent
Human immunodeficiency virus 1,1GNM,U0E,100,A,noncovalent
Human immunodeficiency virus 1,1GNM,U0E,101,A,noncovalent
Human immunodeficiency virus 1,1GNN,U0E,100,A,noncovalent
Human immunodeficiency virus 1,1GNN,U0E,101,A,noncovalent
Human immunodeficiency virus 1,1GNO,U0E,100,B,noncovalent
Human immunodeficiency virus 1,1GNO,U0E,101,B,noncovalent
Human immunodeficiency virus 1,1GZL,N2P,1640,C,covalent
Human immunodeficiency virus 1,1GZL,N2P,1640,D,covalent
Human immunodeficiency virus 1,1HBV,GAN,600,A,noncovalent
Human immunodeficiency virus 1,1HEF,PJJ,205,I,noncovalent
Human immunodeficiency virus 1,1HEG,PSI,201,E,noncovalent
Human immunodeficiency virus 1,1HIH,C20,101,B,noncovalent
Human immunodeficiency virus 1,1HIV,1ZK,100,A,noncovalent
Human immunodeficiency virus 1,1HNI,AAA,559,A,noncovalent
Human immunodeficiency virus 1,1HNV,TBO,559,A,noncovalent
Human immunodeficiency virus 1,1HOS,PHP,400,A,noncovalent
Human immunodeficiency virus 1,1HPO,UNI,100,B,noncovalent
Human immunodeficiency virus 1,1HPS,RUN,400,B,noncovalent
Human immunodeficiency virus 1,1HPS,RUN,600,B,noncovalent
Human immunodeficiency virus 1,1HPV,478,200,B,noncovalent
Human immunodeficiency virus 1,1HPX,KNI,900,B,noncovalent
Human immunodeficiency virus 1,1HPZ,AAP,561,A,noncovalent
Human immunodeficiency virus 1,1HQU,HBY,561,A,noncovalent
Human immunodeficiency virus 1,1HSG,MK1,902,B,noncovalent
Human immunodeficiency virus 1,1HTE,G23,200,A,noncovalent
Human immunodeficiency virus 1,1HTF,G26,100,A,noncovalent
Human immunodeficiency virus 1,1HTF,G26,100,B,noncovalent
Human immunodeficiency virus 1,1HTG,G37,300,A,noncovalent
Human immunodeficiency virus 1,1HTG,G37,600,A,noncovalent
Human immunodeficiency virus 1,1HVC,A79,800,A,noncovalent
Human immunodeficiency virus 1,1HVH,Q82,265,B,covalent
Human immunodeficiency virus 1,1HVI,A77,800,A,noncovalent
Human immunodeficiency virus 1,1HVJ,A78,800,A,noncovalent
Human immunodeficiency virus 1,1HVK,A79,800,A,noncovalent
Human immunodeficiency virus 1,1HVL,A76,800,B,noncovalent
Human immunodeficiency virus 1,1HVR,XK2,263,A,noncovalent
Human immunodeficiency virus 1,1HVS,A77,800,A,noncovalent
Human immunodeficiency virus 1,1HWR,216,216,B,noncovalent
Human immunodeficiency virus 1,1HXB,ROC,100,A,noncovalent
Human immunodeficiency virus 1,1HXW,RIT,301,B,noncovalent
Human immunodeficiency virus 1,1HYV,TTA,304,A,noncovalent
Human immunodeficiency virus 1,1HYZ,TTO,304,A,noncovalent
Human immunodeficiency virus 1,1IIQ,0ZR,201,A,noncovalent
Human immunodeficiency virus 1,1IKV,EFZ,2000,A,noncovalent
Human immunodeficiency virus 1,1IKW,EFZ,2000,A,noncovalent
Human immunodeficiency virus 1,1IKX,PNU,2000,A,noncovalent
Human immunodeficiency virus 1,1IKY,MSD,2000,A,noncovalent
Human immunodeficiency virus 1,1IZH,Q50,1001,B,noncovalent
Human immunodeficiency virus 1,1IZI,Q50,1001,B,noncovalent
Human immunodeficiency virus 1,1J8N,B3S,6,A,covalent
Human immunodeficiency virus 1,1J8Z,BCX,5,A,covalent
Human immunodeficiency virus 1,1J9V,DAB,5,A,covalent
Human immunodeficiency virus 1,1JAA,SET,5,A,covalent
Human immunodeficiency virus 1,1JAR,DAB,11,A,covalent
Human immunodeficiency virus 1,1JC8,SET,11,A,covalent
Human immunodeficiency virus 1,1JCP,SET,11,A,covalent
Human immunodeficiency virus 1,1JKH,EFZ,999,A,noncovalent
Human immunodeficiency virus 1,1JLA,TNK,999,A,noncovalent
Human immunodeficiency virus 1,1JLB,NVP,999,A,noncovalent
Human immunodeficiency virus 1,1JLC,FTC,999,A,noncovalent
Human immunodeficiency virus 1,1JLF,NVP,999,A,noncovalent
Human immunodeficiency virus 1,1JLG,UC1,999,A,noncovalent
Human immunodeficiency virus 1,1JLQ,SBN,999,A,noncovalent
Human immunodeficiency virus 1,1JM4,ALY,50,A,noncovalent
Human immunodeficiency virus 1,1K1T,0Q4,201,B,noncovalent
Human immunodeficiency virus 1,1K1U,0Q4,301,B,noncovalent
Human immunodeficiency virus 1,1K2B,0Q4,401,A,noncovalent
Human immunodeficiency virus 1,1K2C,0Q4,401,B,noncovalent
Human immunodeficiency virus 1,1K5M,SPH,1971,A,noncovalent
Human immunodeficiency virus 1,1K6C,MK1,902,B,noncovalent
Human immunodeficiency virus 1,1K6P,XN3,807,B,noncovalent
Human immunodeficiency virus 1,1K6T,XN1,509,B,noncovalent
Human immunodeficiency virus 1,1K6V,XN2,252,B,noncovalent
Human immunodeficiency virus 1,1KLM,SPP,999,A,noncovalent
Human immunodeficiency virus 1,1LVJ,PMZ,47,A,noncovalent
Human immunodeficiency virus 1,1LW0,NVP,999,A,noncovalent
Human immunodeficiency virus 1,1LW2,U05,999,A,noncovalent
Human immunodeficiency virus 1,1LWC,NVP,999,A,noncovalent
Human immunodeficiency virus 1,1LWE,NVP,999,A,noncovalent
Human immunodeficiency virus 1,1LWF,NVP,999,A,noncovalent
Human immunodeficiency virus 1,1LZQ,0ZQ,201,A,noncovalent
Human immunodeficiency virus 1,1M0B,0ZQ,201,B,noncovalent
Human immunodeficiency virus 1,1MER,DMQ,450,A,noncovalent
Human immunodeficiency virus 1,1MES,DMP,323,B,noncovalent
Human immunodeficiency virus 1,1MET,DMP,323,A,noncovalent
Human immunodeficiency virus 1,1MEU,DMP,323,A,noncovalent
Human immunodeficiency virus 1,1MRW,K57,1001,A,noncovalent
Human immunodeficiency virus 1,1MRX,K57,1001,B,noncovalent
Human immunodeficiency virus 1,1MSM,JE2,1001,B,noncovalent
Human immunodeficiency virus 1,1MSN,JE2,1001,B,noncovalent
Human immunodeficiency virus 1,1MTB,ROC,100,A,noncovalent
Human immunodeficiency virus 1,1MTR,PI6,101,B,noncovalent
Human immunodeficiency virus 1,1MUI,AB1,100,B,noncovalent
Human immunodeficiency virus 1,1N49,RIT,301,B,noncovalent
Human immunodeficiency virus 1,1N49,RIT,401,D,noncovalent
Human immunodeficiency virus 1,1NH0,KI2,1,I,covalent
Human immunodeficiency virus 1,1NH0,KI2,1,J,covalent
Human immunodeficiency virus 1,1NPA,3NH,100,A,noncovalent
Human immunodeficiency virus 1,1NPV,L27,479,A,noncovalent
Human immunodeficiency virus 1,1NPW,LGZ,479,A,noncovalent
Human immunodeficiency virus 1,1ODW,0E8,201,A,noncovalent
Human immunodeficiency virus 1,1ODX,0E8,201,A,noncovalent
Human immunodeficiency virus 1,1ODY,LP1,201,A,noncovalent
Human immunodeficiency virus 1,1OHR,1UN,201,A,noncovalent
Human immunodeficiency virus 1,1PRO,A88,301,A,noncovalent
Human immunodeficiency virus 1,1QBR,XV6,638,A,noncovalent
Human immunodeficiency virus 1,1QBS,DMP,323,A,noncovalent
Human immunodeficiency virus 1,1QBT,146,300,B,noncovalent
Human immunodeficiency virus 1,1QBU,846,300,B,noncovalent
Human immunodeficiency virus 1,1QD3,CYY,47,A,covalent
Human immunodeficiency virus 1,1QS4,100,1004,A,noncovalent
Human immunodeficiency virus 1,1REV,TB9,999,A,noncovalent
Human immunodeficiency virus 1,1RL8,RIT,9001,A,noncovalent
Human immunodeficiency virus 1,1RPV,SIN,1,A,covalent
Human immunodeficiency virus 1,1RQ9,DMQ,111,B,noncovalent
Human immunodeficiency virus 1,1RT1,MKC,999,A,noncovalent
Human immunodeficiency virus 1,1RT2,TNK,999,A,noncovalent
Human immunodeficiency virus 1,1RT3,U05,999,A,noncovalent
Human immunodeficiency virus 1,1RT4,UC1,999,A,noncovalent
Human immunodeficiency virus 1,1RT5,UC2,999,A,noncovalent
Human immunodeficiency virus 1,1RT6,UC3,999,A,noncovalent
Human immunodeficiency virus 1,1RT7,UC4,999,A,noncovalent
Human immunodeficiency virus 1,1RTD,TTP,700,A,covalent
Human immunodeficiency virus 1,1RTD,TTP,705,C,covalent
Human immunodeficiency virus 1,1RTH,U05,999,A,noncovalent
Human immunodeficiency virus 1,1RTI,HEF,999,A,noncovalent
Human immunodeficiency virus 1,1RV7,AB1,1001,B,noncovalent
Human immunodeficiency virus 1,1S1T,UC1,999,A,noncovalent
Human immunodeficiency virus 1,1S1U,NVP,999,A,noncovalent
Human immunodeficiency virus 1,1S1V,TNK,999,A,noncovalent
Human immunodeficiency virus 1,1S1W,UC1,999,A,noncovalent
Human immunodeficiency virus 1,1S1X,NVP,999,A,noncovalent
Human immunodeficiency virus 1,1S6P,IET,701,A,noncovalent
Human immunodeficiency virus 1,1S6Q,TPB,701,A,noncovalent
Human immunodeficiency virus 1,1S9E,ADB,701,A,noncovalent
Human immunodeficiency virus 1,1S9G,ABZ,701,A,noncovalent
Human immunodeficiency virus 1,1SBG,IM1,400,A,noncovalent
Human immunodeficiency virus 1,1SDT,MK1,902,B,noncovalent
Human immunodeficiency virus 1,1SDU,MK1,902,B,noncovalent
Human immunodeficiency virus 1,1SDV,MK1,902,B,noncovalent
Human immunodeficiency virus 1,1SGU,MK1,2632,B,noncovalent
Human immunodeficiency virus 1,1SH9,RIT,301,B,noncovalent
Human immunodeficiency virus 1,1SUQ,185,600,A,noncovalent
Human immunodeficiency virus 1,1SV5,65B,600,A,noncovalent
Human immunodeficiency virus 1,1T03,TFO,822,P,noncovalent
Human immunodeficiency virus 1,1T05,TNV,823,A,covalent
Human immunodeficiency virus 1,1T3R,017,1200,A,noncovalent
Human immunodeficiency virus 1,1T7I,017,200,A,noncovalent
Human immunodeficiency virus 1,1T7J,478,200,A,noncovalent
Human immunodeficiency virus 1,1T7K,BH0,1000,B,noncovalent
Human immunodeficiency virus 1,1TCX,IM1,400,A,noncovalent
Human immunodeficiency virus 1,1TKT,H12,999,A,noncovalent
Human immunodeficiency virus 1,1TKX,GWB,999,A,noncovalent
Human immunodeficiency virus 1,1TKZ,H16,999,A,noncovalent
Human immunodeficiency virus 1,1TL1,H18,999,A,noncovalent
Human immunodeficiency virus 1,1TL3,H20,999,A,noncovalent
Human immunodeficiency virus 1,1TV6,CP9,561,A,noncovalent
Human immunodeficiency virus 1,1TVR,TB9,600,A,noncovalent
Human immunodeficiency virus 1,1U8G,KI2,1,I,covalent
Human immunodeficiency virus 1,1UPJ,U01,201,A,noncovalent
Human immunodeficiency virus 1,1UTS,P13,1046,B,noncovalent
Human immunodeficiency virus 1,1UUD,P14,1046,B,noncovalent
Human immunodeficiency virus 1,1UUI,P12,1046,B,noncovalent
Human immunodeficiency virus 1,1UWB,TBO,559,A,noncovalent
Human immunodeficiency virus 1,1VIJ,BAY,201,A,noncovalent
Human immunodeficiency virus 1,1VIK,BAY,201,B,noncovalent
Human immunodeficiency virus 1,1VRT,NVP,999,A,noncovalent
Human immunodeficiency virus 1,1VRU,AAP,999,A,noncovalent
Human immunodeficiency virus 1,1WBK,568,1100,B,noncovalent
Human immunodeficiency virus 1,1WBM,BLL,1100,B,noncovalent
Human immunodeficiency virus 1,1XL2,189,1001,A,noncovalent
Human immunodeficiency virus 1,1XL5,190,1001,B,noncovalent
Human immunodeficiency virus 1,1YT9,OIS,1000,A,noncovalent
Human immunodeficiency virus 1,1Z1H,HBB,201,A,noncovalent
Human immunodeficiency virus 1,1Z1R,HBH,201,A,noncovalent
Human immunodeficiency virus 1,1Z8C,0ZS,201,A,noncovalent
Human immunodeficiency virus 1,1ZBG,0ZS,201,B,noncovalent
Human immunodeficiency virus 1,1ZJ7,0ZT,201,A,noncovalent
Human immunodeficiency virus 1,1ZLF,0ZR,201,B,noncovalent
Human immunodeficiency virus 1,1ZP8,AB2,200,A,noncovalent
Human immunodeficiency virus 1,1ZPA,A83,200,A,noncovalent
Human immunodeficiency virus 1,1ZPK,0ZS,201,A,noncovalent
Human immunodeficiency virus 1,1ZSF,0ZS,201,B,noncovalent
Human immunodeficiency virus 1,1ZSR,0ZT,201,A,noncovalent
Human immunodeficiency virus 1,1ZTZ,CB5,1001,P,noncovalent
Human immunodeficiency virus 1,1ZTZ,CB5,1002,B,noncovalent
Human immunodeficiency virus 1,2A1E,IPF,400,B,noncovalent
Human immunodeficiency virus 1,2A4F,AAU,1000,B,noncovalent
Human immunodeficiency virus 1,2AID,THK,201,A,noncovalent
Human immunodeficiency virus 1,2AID,THK,202,B,noncovalent
Human immunodeficiency virus 1,2AOC,2NC,400,B,noncovalent
Human immunodeficiency virus 1,2AOD,2NC,400,B,noncovalent
Human immunodeficiency virus 1,2AOE,0Q4,301,B,noncovalent
Human immunodeficiency virus 1,2AOF,FRD,305,C,covalent
Human immunodeficiency virus 1,2AOG,2NC,400,A,noncovalent
Human immunodeficiency virus 1,2AOH,FRD,305,C,covalent
Human immunodeficiency virus 1,2AOI,FRD,305,C,covalent
Human immunodeficiency virus 1,2AOJ,FRD,305,C,covalent
Human immunodeficiency virus 1,2AQU,DR7,300,B,noncovalent
Human immunodeficiency virus 1,2AVM,2NC,300,B,noncovalent
Human immunodeficiency virus 1,2AVO,MK1,902,B,noncovalent
Human immunodeficiency virus 1,2AVQ,2NC,300,B,noncovalent
Human immunodeficiency virus 1,2AVS,MK1,902,B,noncovalent
Human immunodeficiency virus 1,2AVV,MK1,901,A,noncovalent
Human immunodeficiency virus 1,2AVV,MK1,902,E,noncovalent
Human immunodeficiency virus 1,2AZ8,3TL,200,A,noncovalent
Human immunodeficiency virus 1,2AZ9,3TL,200,A,noncovalent
Human immunodeficiency virus 1,2AZB,3TL,200,A,noncovalent
Human immunodeficiency virus 1,2AZC,3TL,200,A,noncovalent
Human immunodeficiency virus 1,2AZC,3TL,200,B,noncovalent
Human immunodeficiency virus 1,2B4C,XYL,217,H,noncovalent
Human immunodeficiency virus 1,2B4C,XYL,218,H,noncovalent
Human immunodeficiency virus 1,2B4C,XYL,219,H,noncovalent
Human immunodeficiency virus 1,2B5J,3AC,562,A,noncovalent
Human immunodeficiency virus 1,2B60,RIT,100,B,noncovalent
Human immunodeficiency virus 1,2B6A,T50,561,A,noncovalent
Human immunodeficiency virus 1,2B7Z,MK1,200,B,noncovalent
Human immunodeficiency virus 1,2BAN,357,562,A,noncovalent
Human immunodeficiency virus 1,2BB9,AKC,401,A,noncovalent
Human immunodeficiency virus 1,2BBB,HH1,301,A,noncovalent
Human immunodeficiency virus 1,2BE2,R22,4002,A,noncovalent
Human immunodeficiency virus 1,2BGN,FUL,2,N,covalent
Human immunodeficiency virus 1,2BGN,FUL,2,a,covalent
Human immunodeficiency virus 1,2BGN,FUL,3,I,covalent
Human immunodeficiency virus 1,2BGN,FUL,3,R,covalent
Human immunodeficiency virus 1,2BPV,1IN,902,B,noncovalent
Human immunodeficiency virus 1,2BPW,1IN,902,B,noncovalent
Human immunodeficiency virus 1,2BPX,MK1,902,B,noncovalent
Human immunodeficiency virus 1,2BPY,3IN,902,B,noncovalent
Human immunodeficiency virus 1,2BPZ,3IN,902,B,noncovalent
Human immunodeficiency virus 1,2BQV,A1A,1100,A,noncovalent
Human immunodeficiency virus 1,2CEJ,1AH,1200,B,noncovalent
Human immunodeficiency virus 1,2CEM,2AH,1200,B,noncovalent
Human immunodeficiency virus 1,2CEN,4AH,1200,B,noncovalent
Human immunodeficiency virus 1,2F3K,RO1,506,A,noncovalent
Human immunodeficiency virus 1,2F80,017,301,B,noncovalent
Human immunodeficiency virus 1,2F81,017,302,A,noncovalent
Human immunodeficiency virus 1,2F8G,017,401,B,noncovalent
Human immunodeficiency virus 1,2FDD,385,501,B,noncovalent
Human immunodeficiency virus 1,2FDE,385,101,A,noncovalent
Human immunodeficiency virus 1,2FLE,AI,845,B,noncovalent
Human immunodeficiency virus 1,2FX9,ORQ,677,P,covalent
Human immunodeficiency virus 1,2FX9,ORQ,677,Q,covalent
Human immunodeficiency virus 1,2FXD,DR7,102,A,noncovalent
Human immunodeficiency virus 1,2FXE,DR7,102,A,noncovalent
Human immunodeficiency virus 1,2H3Q,PBU,300,A,noncovalent
Human immunodeficiency virus 1,2H3V,PIO,300,A,noncovalent
Human immunodeficiency virus 1,2H3Z,PBU,300,A,noncovalent
Human immunodeficiency virus 1,2HB3,GRL,201,B,noncovalent
Human immunodeficiency virus 1,2HB4,PGR,906,A,noncovalent
Human immunodeficiency virus 1,2HB4,PGR,907,A,noncovalent
Human immunodeficiency virus 1,2HB4,PGR,908,A,noncovalent
Human immunodeficiency virus 1,2HC0,AB2,3500,A,covalent
Human immunodeficiency virus 1,2HND,NVP,999,A,noncovalent
Human immunodeficiency virus 1,2HNY,NVP,999,A,noncovalent
Human immunodeficiency virus 1,2HNZ,PC0,999,A,noncovalent
Human immunodeficiency virus 1,2HS1,017,201,A,noncovalent
Human immunodeficiency virus 1,2HS1,017,203,B,covalent
Human immunodeficiency virus 1,2HS2,017,201,A,noncovalent
Human immunodeficiency virus 1,2HS2,017,203,B,covalent
Human immunodeficiency virus 1,2I0A,MUI,200,A,noncovalent
Human immunodeficiency virus 1,2I0D,MUT,200,A,noncovalent
Human immunodeficiency virus 1,2I4D,QFI,300,B,noncovalent
Human immunodeficiency virus 1,2I4U,DJR,300,A,noncovalent
Human immunodeficiency virus 1,2I4V,DJR,300,B,noncovalent
Human immunodeficiency virus 1,2I4W,KGQ,300,B,noncovalent
Human immunodeficiency virus 1,2I4X,KGQ,300,B,noncovalent
Human immunodeficiency virus 1,2I5J,K05,4001,A,noncovalent
Human immunodeficiency virus 1,2IC3,HBY,562,A,noncovalent
Human immunodeficiency virus 1,2IDW,017,401,B,noncovalent
Human immunodeficiency virus 1,2IEN,017,402,B,noncovalent
Human immunodeficiency virus 1,2IEO,017,402,A,noncovalent
Human immunodeficiency virus 1,2J9J,JG3,4,C,noncovalent
Human immunodeficiency virus 1,2J9K,2NC,0,A,noncovalent
Human immunodeficiency virus 1,2JE4,JG3,4,C,noncovalent
Human immunodeficiency virus 1,2JLE,I15,1546,A,noncovalent
Human immunodeficiency virus 1,2JPR,JPR,146,A,noncovalent
Human immunodeficiency virus 1,2LYA,PC8,300,A,noncovalent
Human immunodeficiency virus 1,2LYB,8SP,300,A,noncovalent
Human immunodeficiency virus 1,2M3Z,1HF,103,A,noncovalent
Human immunodeficiency virus 1,2M3Z,1HF,104,A,noncovalent
Human immunodeficiency virus 1,2NMY,ROC,401,A,noncovalent
Human immunodeficiency virus 1,2NMZ,ROC,401,B,noncovalent
Human immunodeficiency virus 1,2NNK,ROC,401,A,noncovalent
Human immunodeficiency virus 1,2NNP,ROC,401,A,noncovalent
Human immunodeficiency virus 1,2O40,2NC,0,A,noncovalent
Human immunodeficiency virus 1,2O4K,DR7,301,A,noncovalent
Human immunodeficiency virus 1,2O4L,TPV,403,A,covalent
Human immunodeficiency virus 1,2O4N,TPV,300,A,noncovalent
Human immunodeficiency virus 1,2O4P,TPV,300,A,noncovalent
Human immunodeficiency virus 1,2O4S,AB1,400,A,covalent
Human immunodeficiency virus 1,2OPP,HBQ,999,A,noncovalent
Human immunodeficiency virus 1,2OPQ,HBQ,999,A,noncovalent
Human immunodeficiency virus 1,2OPR,HBQ,999,A,noncovalent
Human immunodeficiency virus 1,2OPS,HBQ,999,A,noncovalent
Human immunodeficiency virus 1,2P3A,3TL,201,A,noncovalent
Human immunodeficiency virus 1,2P3B,3TL,101,A,noncovalent
Human immunodeficiency virus 1,2P3C,3TL,201,A,noncovalent
Human immunodeficiency virus 1,2P3D,3TL,201,A,noncovalent
Human immunodeficiency virus 1,2PC0,PGR,907,A,noncovalent
Human immunodeficiency virus 1,2PK5,075,900,A,noncovalent
Human immunodeficiency virus 1,2PK6,O33,301,B,noncovalent
Human immunodeficiency virus 1,2PQZ,G0G,2501,A,noncovalent
Human immunodeficiency virus 1,2PSU,MUU,200,A,noncovalent
Human immunodeficiency virus 1,2PSV,MUV,200,A,noncovalent
Human immunodeficiency virus 1,2PWC,G3G,501,A,noncovalent
Human immunodeficiency virus 1,2PWR,G4G,501,B,noncovalent
Human immunodeficiency virus 1,2PYM,1UN,1001,A,noncovalent
Human immunodeficiency virus 1,2PYN,1UN,1001,A,noncovalent
Human immunodeficiency virus 1,2Q3K,MUW,200,A,noncovalent
Human immunodeficiency virus 1,2Q54,MU1,200,B,noncovalent
Human immunodeficiency virus 1,2Q55,MU0,200,B,noncovalent
Human immunodeficiency virus 1,2Q5K,AB1,201,A,noncovalent
Human immunodeficiency virus 1,2Q63,1UN,1001,A,noncovalent
Human immunodeficiency virus 1,2Q64,1UN,1001,B,noncovalent
Human immunodeficiency virus 1,2QAK,1UN,1001,A,noncovalent
Human immunodeficiency virus 1,2QCI,065,404,B,noncovalent
Human immunodeficiency virus 1,2QD6,065,404,B,noncovalent
Human immunodeficiency virus 1,2QD7,065,404,B,noncovalent
Human immunodeficiency virus 1,2QD8,065,404,B,noncovalent
Human immunodeficiency virus 1,2QHC,AB1,9001,B,noncovalent
Human immunodeficiency virus 1,2QHY,MZ1,200,A,noncovalent
Human immunodeficiency virus 1,2QHZ,MZ2,200,A,noncovalent
Human immunodeficiency virus 1,2QI0,MZ3,200,B,noncovalent
Human immunodeficiency virus 1,2QI1,MZ4,200,A,noncovalent
Human immunodeficiency virus 1,2QI3,MZ5,200,B,noncovalent
Human immunodeficiency virus 1,2QI4,MZ6,200,A,noncovalent
Human immunodeficiency virus 1,2QI5,MZ7,200,B,noncovalent
Human immunodeficiency virus 1,2QI6,MZ8,200,A,noncovalent
Human immunodeficiency virus 1,2QI7,MZ9,200,B,noncovalent
Human immunodeficiency virus 1,2QMP,A00,100,A,noncovalent
Human immunodeficiency virus 1,2QMP,A00,100,B,noncovalent
Human immunodeficiency virus 1,2QNN,QN1,2501,B,noncovalent
Human immunodeficiency virus 1,2QNP,QN2,2501,A,noncovalent
Human immunodeficiency virus 1,2QNQ,QN3,2501,A,noncovalent
Human immunodeficiency virus 1,2R38,G4G,2501,B,noncovalent
Human immunodeficiency virus 1,2R3T,G4G,2501,B,noncovalent
Human immunodeficiency virus 1,2R3W,G3G,2501,A,noncovalent
Human immunodeficiency virus 1,2R43,G3G,2501,B,noncovalent
Human immunodeficiency virus 1,2R5P,MK1,902,B,noncovalent
Human immunodeficiency virus 1,2R5P,MK1,902,D,noncovalent
Human immunodeficiency virus 1,2R5Q,1UN,900,B,noncovalent
Human immunodeficiency virus 1,2R5Q,1UN,900,D,noncovalent
Human immunodeficiency virus 1,2RF2,MRX,561,A,noncovalent
Human immunodeficiency virus 1,2RKF,AB1,501,A,noncovalent
Human immunodeficiency virus 1,2RKG,AB1,501,B,noncovalent
Human immunodeficiency virus 1,2RKI,TT1,568,A,noncovalent
Human immunodeficiency virus 1,2UPJ,U02,100,A,noncovalent
Human immunodeficiency virus 1,2UXZ,HI1,1100,A,noncovalent
Human immunodeficiency virus 1,2UY0,HV1,1200,B,noncovalent
Human immunodeficiency virus 1,2VG5,NNC,1551,A,noncovalent
Human immunodeficiency virus 1,2VG6,NNB,1551,A,noncovalent
Human immunodeficiency virus 1,2VG7,NNI,1551,A,noncovalent
Human immunodeficiency virus 1,2WHH,PPN,2201,A,noncovalent
Human immunodeficiency virus 1,2WHH,PPN,2301,A,noncovalent
Human immunodeficiency virus 1,2WKZ,5AH,1200,B,noncovalent
Human immunodeficiency virus 1,2WL0,5AH,1100,A,noncovalent
Human immunodeficiency virus 1,2WOM,ZZE,1558,A,noncovalent
Human immunodeficiency virus 1,2WON,ZZE,1558,A,noncovalent
Human immunodeficiency virus 1,2X2D,ALY,125,B,noncovalent
Human immunodeficiency virus 1,2X2D,ALY,125,C,noncovalent
Human immunodeficiency virus 1,2XDE,1B0,1147,B,noncovalent
Human immunodeficiency virus 1,2XDE,1B0,1148,A,noncovalent
Human immunodeficiency virus 1,2XYE,CXG,1200,B,noncovalent
Human immunodeficiency virus 1,2XYF,G40,1200,B,noncovalent
Human immunodeficiency virus 1,2YKM,YKN,1559,A,noncovalent
Human immunodeficiency virus 1,2YKN,YKN,1559,A,noncovalent
Human immunodeficiency virus 1,2YNF,WHU,1563,A,noncovalent
Human immunodeficiency virus 1,2YNG,WHU,1563,A,noncovalent
Human immunodeficiency virus 1,2YNH,EUR,1560,A,noncovalent
Human immunodeficiency virus 1,2YNI,CXD,1561,A,noncovalent
Human immunodeficiency virus 1,2Z4O,065,404,B,noncovalent
Human immunodeficiency virus 1,2Z54,AB1,200,A,noncovalent
Human immunodeficiency virus 1,2ZD1,T27,557,A,noncovalent
Human immunodeficiency virus 1,2ZE2,T27,556,A,noncovalent
Human immunodeficiency virus 1,2ZGA,YDP,2501,A,noncovalent
Human immunodeficiency virus 1,2ZYE,KNI,900,B,noncovalent
Human immunodeficiency virus 1,3A2O,KNJ,999,B,noncovalent
Human immunodeficiency virus 1,3AID,ARQ,401,A,noncovalent
Human immunodeficiency virus 1,3AO1,BZX,1,B,noncovalent
Human immunodeficiency virus 1,3AO1,BZX,213,A,noncovalent
Human immunodeficiency virus 1,3AO1,BZX,214,A,noncovalent
Human immunodeficiency virus 1,3AO2,AVX,1,A,noncovalent
Human immunodeficiency virus 1,3AO2,AVX,1,B,noncovalent
Human immunodeficiency virus 1,3AO3,BMC,1,A,noncovalent
Human immunodeficiency virus 1,3AO3,BMC,1,B,noncovalent
Human immunodeficiency virus 1,3AO4,833,1,A,noncovalent
Human immunodeficiency virus 1,3AO4,833,1,B,noncovalent
Human immunodeficiency virus 1,3AO5,BBY,1,B,noncovalent
Human immunodeficiency virus 1,3AO5,BBY,213,A,noncovalent
Human immunodeficiency virus 1,3B7V,LNT,203,C,covalent
Human immunodeficiency virus 1,3B80,LNT,203,C,covalent
Human immunodeficiency virus 1,3BC4,LLG,2501,A,noncovalent
Human immunodeficiency virus 1,3BC4,LLG,2502,A,noncovalent
Human immunodeficiency virus 1,3BGB,LJG,2501,B,noncovalent
Human immunodeficiency virus 1,3BGC,LJH,2501,A,noncovalent
Human immunodeficiency virus 1,3BGR,T27,556,A,noncovalent
Human immunodeficiency virus 1,3BHE,BZN,2501,B,noncovalent
Human immunodeficiency virus 1,3BVA,2NC,200,B,noncovalent
Human immunodeficiency virus 1,3BVB,017,401,B,noncovalent
Human immunodeficiency virus 1,3BXR,DRR,201,B,noncovalent
Human immunodeficiency virus 1,3BXS,DRS,201,A,noncovalent
Human immunodeficiency virus 1,3BXS,DRS,203,B,noncovalent
Human immunodeficiency virus 1,3C6T,M14,561,A,noncovalent
Human immunodeficiency virus 1,3C6U,M22,561,A,noncovalent
Human immunodeficiency virus 1,3CKT,YDP,2501,A,noncovalent
Human immunodeficiency virus 1,3CYW,017,201,A,noncovalent
Human immunodeficiency virus 1,3CYX,ROC,201,A,noncovalent
Human immunodeficiency virus 1,3D1X,ROC,201,A,noncovalent
Human immunodeficiency virus 1,3D1Y,ROC,201,A,noncovalent
Human immunodeficiency virus 1,3D1Z,017,201,B,noncovalent
Human immunodeficiency virus 1,3D20,017,201,A,noncovalent
Human immunodeficiency virus 1,3DCK,KVI,101,B,noncovalent
Human immunodeficiency virus 1,3DCR,KVS,101,B,noncovalent
Human immunodeficiency virus 1,3DI6,PDZ,562,A,noncovalent
Human immunodeficiency virus 1,3DJK,G55,401,B,noncovalent
Human immunodeficiency virus 1,3DK1,G05,401,B,noncovalent
Human immunodeficiency virus 1,3DLE,GFA,999,A,noncovalent
Human immunodeficiency virus 1,3DLG,GWE,999,A,noncovalent
Human immunodeficiency virus 1,3DM2,GWE,999,A,noncovalent
Human immunodeficiency virus 1,3DMJ,GWE,999,A,noncovalent
Human immunodeficiency virus 1,3DOK,GWJ,999,A,noncovalent
Human immunodeficiency virus 1,3DOL,GWI,999,A,noncovalent
Human immunodeficiency virus 1,3DRP,R8E,601,A,noncovalent
Human immunodeficiency virus 1,3DRR,R8E,601,A,noncovalent
Human immunodeficiency virus 1,3DRS,R8D,601,A,noncovalent
Human immunodeficiency virus 1,3DYA,PZL,562,A,noncovalent
Human immunodeficiency virus 1,3E01,PZ2,562,A,noncovalent
Human immunodeficiency virus 1,3EKP,478,200,B,noncovalent
Human immunodeficiency virus 1,3EKP,478,200,C,noncovalent
Human immunodeficiency virus 1,3EKQ,ROC,100,A,noncovalent
Human immunodeficiency virus 1,3EKT,017,200,B,noncovalent
Human immunodeficiency virus 1,3EKT,017,200,D,noncovalent
Human immunodeficiency virus 1,3EKV,478,200,A,noncovalent
Human immunodeficiency virus 1,3EKW,DR7,100,B,noncovalent
Human immunodeficiency virus 1,3EKX,1UN,201,B,noncovalent
Human immunodeficiency virus 1,3EKY,DR7,100,A,noncovalent
Human immunodeficiency virus 1,3EL0,1UN,201,A,noncovalent
Human immunodeficiency virus 1,3EL1,DR7,100,A,noncovalent
Human immunodeficiency virus 1,3EL4,ROC,100,A,noncovalent
Human immunodeficiency virus 1,3EL5,1UN,201,B,noncovalent
Human immunodeficiency virus 1,3EL9,DR7,100,A,noncovalent
Human immunodeficiency virus 1,3EM3,478,200,B,noncovalent
Human immunodeficiency virus 1,3EM4,DR7,100,A,noncovalent
Human immunodeficiency virus 1,3EM4,DR7,100,V,noncovalent
Human immunodeficiency virus 1,3EM6,017,200,A,noncovalent
Human immunodeficiency virus 1,3FFI,3OB,561,A,noncovalent
Human immunodeficiency virus 1,3FSM,2NC,204,A,noncovalent
Human immunodeficiency virus 1,3FX5,KNI,900,B,noncovalent
Human immunodeficiency virus 1,3GGA,GGW,100,H,noncovalent
Human immunodeficiency virus 1,3GGU,017,201,B,noncovalent
Human immunodeficiency virus 1,3GGV,GGV,100,B,noncovalent
Human immunodeficiency virus 1,3GGX,GGX,1001,H,noncovalent
Human immunodeficiency virus 1,3GGX,GGX,1002,B,noncovalent
Human immunodeficiency virus 1,3GGX,GGX,1003,E,noncovalent
Human immunodeficiency virus 1,3GGX,GGX,1004,C,noncovalent
Human immunodeficiency virus 1,3GI4,K60,200,A,noncovalent
Human immunodeficiency virus 1,3GI5,K62,200,A,noncovalent
Human immunodeficiency virus 1,3GI6,D78,200,A,noncovalent
Human immunodeficiency virus 1,3GWO,JEF,55,A,noncovalent
Human immunodeficiency virus 1,3GWO,JEF,56,A,noncovalent
Human immunodeficiency virus 1,3H5B,031,404,B,noncovalent
Human immunodeficiency virus 1,3HAU,2NC,0,A,noncovalent
Human immunodeficiency virus 1,3HAW,2NC,0,B,noncovalent
Human immunodeficiency virus 1,3HBO,2NC,0,A,noncovalent
Human immunodeficiency virus 1,3HDK,2NC,0,B,noncovalent
Human immunodeficiency virus 1,3HLO,2NC,204,A,noncovalent
Human immunodeficiency virus 1,3HVT,NVP,557,A,noncovalent
Human immunodeficiency virus 1,3HYF,ON1,701,A,covalent
Human immunodeficiency virus 1,3HZC,2NC,301,A,noncovalent
Human immunodeficiency virus 1,3I0R,RT3,601,A,noncovalent
Human immunodeficiency virus 1,3I0S,RT7,601,A,noncovalent
Human immunodeficiency virus 1,3I2L,2NC,100,B,noncovalent
Human immunodeficiency virus 1,3I6O,GR6,301,B,covalent
Human immunodeficiency virus 1,3I7E,DJR,100,A,noncovalent
Human immunodeficiency virus 1,3I8W,CB5,100,A,noncovalent
Human immunodeficiency virus 1,3IA9,2NC,100,A,noncovalent
Human immunodeficiency virus 1,3IAW,2NC,204,A,noncovalent
Human immunodeficiency virus 1,3IG1,JTH,1001,A,covalent
Human immunodeficiency virus 1,3IRX,UDR,556,A,noncovalent
Human immunodeficiency virus 1,3IS9,AC7,556,A,noncovalent
Human immunodeficiency virus 1,3ISN,EDM,561,C,noncovalent
Human immunodeficiency virus 1,3ITH,EDM,561,A,noncovalent
Human immunodeficiency virus 1,3ITH,EDM,561,C,noncovalent
Human immunodeficiency virus 1,3JSM,TNV,823,A,noncovalent
Human immunodeficiency virus 1,3JVW,DMP,323,A,noncovalent
Human immunodeficiency virus 1,3JVY,017,401,B,covalent
Human immunodeficiency virus 1,3JW2,017,401,A,noncovalent
Human immunodeficiency virus 1,3K2P,JTH,1001,A,covalent
Human immunodeficiency virus 1,3K2P,JTH,1001,B,covalent
Human immunodeficiency virus 1,3K4V,ROC,201,B,noncovalent
Human immunodeficiency virus 1,3K4V,ROC,201,D,noncovalent
Human immunodeficiency virus 1,3KA2,2NC,204,A,covalent
Human immunodeficiency virus 1,3KDB,006,100,B,noncovalent
Human immunodeficiency virus 1,3KDC,JZP,100,A,noncovalent
Human immunodeficiency virus 1,3KDD,JZQ,100,A,noncovalent
Human immunodeficiency virus 1,3KF0,3TL,200,A,noncovalent
Human immunodeficiency virus 1,3KFN,3TL,200,A,noncovalent
Human immunodeficiency virus 1,3KFP,3TL,200,A,noncovalent
Human immunodeficiency virus 1,3KFR,1F1,201,B,noncovalent
Human immunodeficiency virus 1,3KFR,3TL,200,A,noncovalent
Human immunodeficiency virus 1,3KFS,3TL,200,A,noncovalent
Human immunodeficiency virus 1,3KK1,914,825,A,noncovalent
Human immunodeficiency virus 1,3KK3,URT,822,P,covalent
Human immunodeficiency virus 1,3KLE,ZP4,823,A,covalent
Human immunodeficiency virus 1,3KLE,ZP4,823,E,covalent
Human immunodeficiency virus 1,3KLE,ZP4,823,I,covalent
Human immunodeficiency virus 1,3KLE,ZP4,823,M,covalent
Human immunodeficiency virus 1,3KLF,ZP4,823,A,noncovalent
Human immunodeficiency virus 1,3KLF,ZP4,823,E,noncovalent
Human immunodeficiency virus 1,3KLF,ZP4,823,I,covalent
Human immunodeficiency virus 1,3KLF,ZP4,823,M,covalent
Human immunodeficiency virus 1,3LAK,KR1,701,A,noncovalent
Human immunodeficiency virus 1,3LAL,KRV,561,A,noncovalent
Human immunodeficiency virus 1,3LAM,KRP,561,A,noncovalent
Human immunodeficiency virus 1,3LAN,KBT,561,A,noncovalent
Human immunodeficiency virus 1,3LP0,LP7,601,A,covalent
Human immunodeficiency virus 1,3LP0,NVP,701,A,noncovalent
Human immunodeficiency virus 1,3LP1,LP8,601,A,covalent
Human immunodeficiency virus 1,3LP1,NVP,701,A,noncovalent
Human immunodeficiency virus 1,3LP2,LP9,601,A,noncovalent
Human immunodeficiency virus 1,3LP3,LP9,1,B,covalent
Human immunodeficiency virus 1,3LP3,LP9,3,A,covalent
Human immunodeficiency virus 1,3LPH,MLI,75,B,noncovalent
Human immunodeficiency virus 1,3LPH,MLI,76,A,noncovalent
Human immunodeficiency virus 1,3LPT,723,1,A,noncovalent
Human immunodeficiency virus 1,3LPU,976,1,A,noncovalent
Human immunodeficiency virus 1,3LZS,017,200,A,noncovalent
Human immunodeficiency virus 1,3LZU,017,200,A,noncovalent
Human immunodeficiency virus 1,3LZV,017,200,A,noncovalent
Human immunodeficiency virus 1,3M8P,65B,562,A,noncovalent
Human immunodeficiency virus 1,3M8Q,DJZ,562,A,noncovalent
Human immunodeficiency virus 1,3M9F,595,100,A,noncovalent
Human immunodeficiency virus 1,3M9F,595,100,B,noncovalent
Human immunodeficiency virus 1,3MEC,65B,561,A,noncovalent
Human immunodeficiency virus 1,3MED,65B,561,A,noncovalent
Human immunodeficiency virus 1,3MEE,T27,561,A,noncovalent
Human immunodeficiency virus 1,3MEG,T27,561,A,noncovalent
Human immunodeficiency virus 1,3MWS,017,201,B,noncovalent
Human immunodeficiency virus 1,3MXD,K53,200,A,noncovalent
Human immunodeficiency virus 1,3MXE,K54,200,A,noncovalent
Human immunodeficiency virus 1,3N3I,ROC,201,A,noncovalent
Human immunodeficiency virus 1,3NBP,JGZ,562,A,noncovalent
Human immunodeficiency virus 1,3NDT,ROC,100,D,noncovalent
Human immunodeficiency virus 1,3NDT,ROC,101,A,noncovalent
Human immunodeficiency virus 1,3NDU,ROC,100,D,noncovalent
Human immunodeficiency virus 1,3NDU,ROC,101,A,noncovalent
Human immunodeficiency virus 1,3NDW,RIT,100,A,noncovalent
Human immunodeficiency virus 1,3NDX,RIT,100,A,noncovalent
Human immunodeficiency virus 1,3NF6,IMV,215,A,noncovalent
Human immunodeficiency virus 1,3NF6,IMV,216,B,noncovalent
Human immunodeficiency virus 1,3NF6,IMV,230,A,noncovalent
Human immunodeficiency virus 1,3NF6,IMV,231,B,noncovalent
Human immunodeficiency virus 1,3NF7,CIW,215,B,noncovalent
Human immunodeficiency virus 1,3NF7,CIW,221,A,noncovalent
Human immunodeficiency virus 1,3NF8,CDQ,225,A,noncovalent
Human immunodeficiency virus 1,3NF8,CDQ,235,B,noncovalent
Human immunodeficiency virus 1,3NF8,CDQ,247,A,noncovalent
Human immunodeficiency virus 1,3NF8,CDQ,257,B,noncovalent
Human immunodeficiency virus 1,3NF8,CDQ,267,A,noncovalent
Human immunodeficiency virus 1,3NF8,CDQ,277,A,noncovalent
Human immunodeficiency virus 1,3NF9,CD9,213,B,noncovalent
Human immunodeficiency virus 1,3NF9,CD9,220,A,noncovalent
Human immunodeficiency virus 1,3NFA,CBJ,213,A,noncovalent
Human immunodeficiency virus 1,3NFA,CBJ,222,B,noncovalent
Human immunodeficiency virus 1,3NFA,CBJ,235,A,noncovalent
Human immunodeficiency virus 1,3NFA,CBJ,245,B,noncovalent
Human immunodeficiency virus 1,3NLS,016,100,B,noncovalent
Human immunodeficiency virus 1,3NTE,I3M,227,B,noncovalent
Human immunodeficiency virus 1,3NTE,I3M,234,A,noncovalent
Human immunodeficiency virus 1,3NU3,478,401,B,noncovalent
Human immunodeficiency virus 1,3NU4,478,401,B,noncovalent
Human immunodeficiency virus 1,3NU5,478,401,B,covalent
Human immunodeficiency virus 1,3NU6,478,401,B,noncovalent
Human immunodeficiency virus 1,3NU9,478,401,A,noncovalent
Human immunodeficiency virus 1,3NUJ,478,401,B,noncovalent
Human immunodeficiency virus 1,3NUO,478,478,B,noncovalent
Human immunodeficiency virus 1,3NWQ,2NC,100,A,covalent
Human immunodeficiency virus 1,3NWX,KVS,100,B,covalent
Human immunodeficiency virus 1,3NXE,2NC,204,A,covalent
Human immunodeficiency virus 1,3NXN,KVS,204,A,covalent
Human immunodeficiency virus 1,3NYG,2NC,100,A,noncovalent
Human immunodeficiency virus 1,3O99,K13,200,A,noncovalent
Human immunodeficiency virus 1,3O9A,K14,200,A,noncovalent
Human immunodeficiency virus 1,3O9B,K2A,200,A,noncovalent
Human immunodeficiency virus 1,3O9C,K20,200,A,noncovalent
Human immunodeficiency virus 1,3O9D,K19,200,A,noncovalent
Human immunodeficiency virus 1,3O9E,A60,200,A,noncovalent
Human immunodeficiency virus 1,3O9F,K2D,200,A,noncovalent
Human immunodeficiency virus 1,3O9G,F53,200,A,noncovalent
Human immunodeficiency virus 1,3O9H,K2E,200,B,noncovalent
Human immunodeficiency virus 1,3O9I,A61,200,A,noncovalent
Human immunodeficiency virus 1,3OK9,G52,401,A,covalent
Human immunodeficiency virus 1,3OVN,MPV,213,A,noncovalent
Human immunodeficiency virus 1,3OVN,MPV,213,B,noncovalent
Human immunodeficiency virus 1,3OXC,ROC,401,A,noncovalent
Human immunodeficiency virus 1,3OXV,478,200,A,noncovalent
Human immunodeficiency virus 1,3OXV,478,200,B,noncovalent
Human immunodeficiency virus 1,3OXV,478,200,C,noncovalent
Human immunodeficiency virus 1,3OXW,017,200,B,noncovalent
Human immunodeficiency virus 1,3OXW,017,200,D,noncovalent
Human immunodeficiency virus 1,3OXX,DR7,100,A,noncovalent
Human immunodeficiency virus 1,3OXX,DR7,100,C,noncovalent
Human immunodeficiency virus 1,3OY4,017,200,B,noncovalent
Human immunodeficiency virus 1,3P9G,ZYK,3,B,noncovalent
Human immunodeficiency virus 1,3P9H,ZYJ,3,B,noncovalent
Human immunodeficiency virus 1,3PSU,LJG,100,A,noncovalent
Human immunodeficiency virus 1,3PWM,017,402,B,noncovalent
Human immunodeficiency virus 1,3PWR,ROC,401,A,noncovalent
Human immunodeficiency virus 1,3QAA,G04,401,A,covalent
Human immunodeficiency virus 1,3QBF,JHG,100,A,noncovalent
Human immunodeficiency virus 1,3QIH,NI7,100,B,noncovalent
Human immunodeficiency virus 1,3QIN,P1Y,700,A,covalent
Human immunodeficiency virus 1,3QIO,QID,700,A,covalent
Human immunodeficiency virus 1,3QIP,NVP,561,A,noncovalent
Human immunodeficiency virus 1,3QIP,P4Y,900,A,covalent
Human immunodeficiency virus 1,3QLH,T27,555,A,noncovalent
Human immunodeficiency virus 1,3QN8,NI7,100,B,noncovalent
Human immunodeficiency virus 1,3QO9,QO9,556,A,noncovalent
Human immunodeficiency virus 1,3QP0,NI8,102,B,noncovalent
Human immunodeficiency virus 1,3QPJ,N4I,100,B,noncovalent
Human immunodeficiency virus 1,3QRM,NK7,100,A,noncovalent
Human immunodeficiency virus 1,3QRO,NK9,100,A,noncovalent
Human immunodeficiency virus 1,3QRS,NK8,100,B,noncovalent
Human immunodeficiency virus 1,3R0W,RSY,301,A,noncovalent
Human immunodeficiency virus 1,3R0Y,RSZ,301,A,noncovalent
Human immunodeficiency virus 1,3R4B,74T,200,A,covalent
Human immunodeficiency virus 1,3S43,478,401,A,noncovalent
Human immunodeficiency virus 1,3S53,017,201,A,noncovalent
Human immunodeficiency virus 1,3S53,017,203,B,covalent
Human immunodeficiency virus 1,3S54,017,201,B,noncovalent
Human immunodeficiency virus 1,3S56,ROC,101,B,noncovalent
Human immunodeficiency virus 1,3S56,ROC,201,A,noncovalent
Human immunodeficiency virus 1,3S85,LK0,101,C,noncovalent
Human immunodeficiency virus 1,3S85,LK0,101,H,noncovalent
Human immunodeficiency virus 1,3S85,LK0,101,I,noncovalent
Human immunodeficiency virus 1,3S85,LK0,101,K,noncovalent
Human immunodeficiency virus 1,3S85,LK0,1000,B,noncovalent
Human immunodeficiency virus 1,3S85,LK0,1001,E,noncovalent
Human immunodeficiency virus 1,3SA3,23X,101,B,noncovalent
Human immunodeficiency virus 1,3SA4,F72,200,B,noncovalent
Human immunodeficiency virus 1,3SA5,A69,200,B,noncovalent
Human immunodeficiency virus 1,3SA6,F71,200,B,noncovalent
Human immunodeficiency virus 1,3SA7,55A,102,A,noncovalent
Human immunodeficiency virus 1,3SA8,K83,200,A,noncovalent
Human immunodeficiency virus 1,3SA9,A68,200,A,noncovalent
Human immunodeficiency virus 1,3SAA,77F,200,B,noncovalent
Human immunodeficiency virus 1,3SAB,F78,200,B,noncovalent
Human immunodeficiency virus 1,3SAC,AF8,200,B,noncovalent
Human immunodeficiency virus 1,3SO9,017,100,A,noncovalent
Human immunodeficiency virus 1,3SPK,TPV,100,A,noncovalent
Human immunodeficiency virus 1,3SPK,TPV,100,B,noncovalent
Human immunodeficiency virus 1,3ST5,G89,201,B,covalent
Human immunodeficiency virus 1,3T11,3T1,101,A,noncovalent
Human immunodeficiency virus 1,3T11,3T1,101,B,noncovalent
Human immunodeficiency virus 1,3T19,5MA,561,A,noncovalent
Human immunodeficiency virus 1,3T1A,5MA,561,A,noncovalent
Human immunodeficiency virus 1,3T3C,017,201,A,noncovalent
Human immunodeficiency virus 1,3TAM,M06,561,A,noncovalent
Human immunodeficiency virus 1,3TGS,03G,502,B,noncovalent
Human immunodeficiency virus 1,3TGS,03G,507,A,noncovalent
Human immunodeficiency virus 1,3TH9,9Y9,100,A,noncovalent
Human immunodeficiency virus 1,3TH9,9Y9,100,B,noncovalent
Human immunodeficiency virus 1,3TKG,ROC,801,B,noncovalent
Human immunodeficiency virus 1,3TKG,ROC,901,C,noncovalent
Human immunodeficiency virus 1,3TKW,017,401,B,noncovalent
Human immunodeficiency virus 1,3TL9,ROC,401,A,noncovalent
Human immunodeficiency virus 1,3TLH,3TL,201,A,noncovalent
Human immunodeficiency virus 1,3TOF,076,100,A,noncovalent
Human immunodeficiency virus 1,3TOG,079,101,A,noncovalent
Human immunodeficiency virus 1,3TOG,079,101,D,noncovalent
Human immunodeficiency virus 1,3TOH,079,100,A,noncovalent
Human immunodeficiency virus 1,3TTP,017,201,A,noncovalent
Human immunodeficiency virus 1,3U7S,017,201,A,noncovalent
Human immunodeficiency virus 1,3U7S,017,202,A,noncovalent
Human immunodeficiency virus 1,3U91,JEF,34,A,noncovalent
Human immunodeficiency virus 1,3UCB,017,201,A,noncovalent
Human immunodeficiency virus 1,3UCB,017,202,B,noncovalent
Human immunodeficiency virus 1,3UF3,Y1,201,A,covalent
Human immunodeficiency virus 1,3UF3,Y1,202,B,noncovalent
Human immunodeficiency virus 1,3UHL,2NC,101,C,noncovalent
Human immunodeficiency virus 1,3V81,NVP,901,A,noncovalent
Human immunodeficiency virus 1,3V81,NVP,901,C,noncovalent
Human immunodeficiency virus 1,3VF5,031,201,B,noncovalent
Human immunodeficiency virus 1,3VF7,031,201,A,noncovalent
Human immunodeficiency virus 1,3VFA,031,201,A,covalent
Human immunodeficiency virus 1,3VFB,031,201,A,noncovalent
Human immunodeficiency virus 1,3VQ4,0NX,303,B,noncovalent
Human immunodeficiency virus 1,3VQ4,0NX,304,A,noncovalent
Human immunodeficiency virus 1,3VQ4,0NX,305,A,noncovalent
Human immunodeficiency virus 1,3VQ5,MMJ,307,B,noncovalent
Human immunodeficiency virus 1,3VQ5,MMJ,1007,A,noncovalent
Human immunodeficiency virus 1,3VQ6,BCK,303,A,noncovalent
Human immunodeficiency virus 1,3VQ8,BCU,306,B,noncovalent
Human immunodeficiency virus 1,3VQ8,BCU,1006,A,noncovalent
Human immunodeficiency virus 1,3VQ9,FBB,301,A,noncovalent
Human immunodeficiency virus 1,3VQA,MWP,303,B,noncovalent
Human immunodeficiency virus 1,3VQB,FBG,304,A,noncovalent
Human immunodeficiency virus 1,3VQC,MPK,304,A,noncovalent
Human immunodeficiency virus 1,3VQD,MOK,304,A,noncovalent
Human immunodeficiency virus 1,3VQE,FMQ,306,B,noncovalent
Human immunodeficiency virus 1,3VQE,FMQ,1006,A,noncovalent
Human immunodeficiency virus 1,3VQP,DBJ,306,A,noncovalent
Human immunodeficiency virus 1,3ZPS,EQM,1202,B,noncovalent
Human immunodeficiency virus 1,3ZPT,M8Y,1202,B,noncovalent
Human immunodeficiency virus 1,3ZPU,M8B,1202,B,noncovalent
Human immunodeficiency virus 1,4B3O,EFZ,1557,A,noncovalent
Human immunodeficiency virus 1,4B3Q,NVP,999,A,noncovalent
Human immunodeficiency virus 1,4CE9,O3N,1214,A,noncovalent
Human immunodeficiency virus 1,4CE9,O3N,1214,B,noncovalent
Human immunodeficiency virus 1,4CEA,ZSW,1216,B,noncovalent
Human immunodeficiency virus 1,4CEA,ZSW,1217,A,noncovalent
Human immunodeficiency virus 1,4CEB,ZSV,1215,B,noncovalent
Human immunodeficiency virus 1,4CEB,ZSV,1216,B,noncovalent
Human immunodeficiency virus 1,4CEC,2SS,1216,A,noncovalent
Human immunodeficiency virus 1,4CEC,2SS,1216,B,noncovalent
Human immunodeficiency virus 1,4CED,9NS,1215,B,noncovalent
Human immunodeficiency virus 1,4CED,9NS,1216,B,noncovalent
Human immunodeficiency virus 1,4CEE,B0T,1215,A,noncovalent
Human immunodeficiency virus 1,4CEE,B0T,1217,B,noncovalent
Human immunodeficiency virus 1,4CEF,D0T,1215,A,noncovalent
Human immunodeficiency virus 1,4CEF,D0T,1215,B,noncovalent
Human immunodeficiency virus 1,4CEO,G0T,1214,B,noncovalent
Human immunodeficiency virus 1,4CEO,G0T,1215,A,noncovalent
Human immunodeficiency virus 1,4CEQ,QCH,1215,A,noncovalent
Human immunodeficiency virus 1,4CEQ,QCH,1215,B,noncovalent
Human immunodeficiency virus 1,4CER,VL4,1215,A,noncovalent
Human immunodeficiency virus 1,4CER,VL4,1215,B,noncovalent
Human immunodeficiency virus 1,4CES,NFW,1214,B,noncovalent
Human immunodeficiency virus 1,4CES,NFW,1215,A,noncovalent
Human immunodeficiency virus 1,4CEZ,O3N,1215,A,noncovalent
Human immunodeficiency virus 1,4CEZ,O3N,1215,B,noncovalent
Human immunodeficiency virus 1,4CF0,O5U,1213,A,noncovalent
Human immunodeficiency virus 1,4CF0,O5U,1215,B,noncovalent
Human immunodeficiency virus 1,4CF1,IY7,1215,A,noncovalent
Human immunodeficiency virus 1,4CF1,IY7,1217,B,noncovalent
Human immunodeficiency virus 1,4CF2,3GM,1213,A,noncovalent
Human immunodeficiency virus 1,4CF2,3GM,1213,B,noncovalent
Human immunodeficiency virus 1,4CF8,V7H,1217,A,noncovalent
Human immunodeficiency virus 1,4CF8,V7H,1218,B,noncovalent
Human immunodeficiency virus 1,4CF9,5EY,1214,A,covalent
Human immunodeficiency virus 1,4CF9,5EY,1214,B,covalent
Human immunodeficiency virus 1,4CF9,EE2,1215,A,covalent
Human immunodeficiency virus 1,4CF9,EE2,1215,B,covalent
Human immunodeficiency virus 1,4CFA,WOP,1214,A,noncovalent
Human immunodeficiency virus 1,4CFA,WOP,1214,B,noncovalent
Human immunodeficiency virus 1,4CFB,OM3,1214,B,noncovalent
Human immunodeficiency virus 1,4CFB,OM3,1217,A,noncovalent
Human immunodeficiency virus 1,4CFC,7NV,1216,A,noncovalent
Human immunodeficiency virus 1,4CFC,7NV,1216,B,noncovalent
Human immunodeficiency virus 1,4CFD,S8Y,1215,B,noncovalent
Human immunodeficiency virus 1,4CFD,S8Y,1217,A,noncovalent
Human immunodeficiency virus 1,4CGD,8P3,1214,B,noncovalent
Human immunodeficiency virus 1,4CGD,8P3,1216,A,noncovalent
Human immunodeficiency virus 1,4CGF,UJ6,1216,A,noncovalent
Human immunodeficiency virus 1,4CGF,UJ6,1219,B,noncovalent
Human immunodeficiency virus 1,4CGG,K5Q,1217,B,noncovalent
Human immunodeficiency virus 1,4CGG,K5Q,1218,B,noncovalent
Human immunodeficiency virus 1,4CGH,LOZ,1213,B,noncovalent
Human immunodeficiency virus 1,4CGH,LOZ,1216,A,noncovalent
Human immunodeficiency virus 1,4CGI,NZL,1214,B,noncovalent
Human immunodeficiency virus 1,4CGI,NZL,1215,A,noncovalent
Human immunodeficiency virus 1,4CGJ,NZL,1214,B,noncovalent
Human immunodeficiency virus 1,4CGJ,NZL,1216,A,noncovalent
Human immunodeficiency virus 1,4CHN,ONZ,1215,B,noncovalent
Human immunodeficiency virus 1,4CHN,ONZ,1217,A,noncovalent
Human immunodeficiency virus 1,4CHO,U2Z,1218,B,noncovalent
Human immunodeficiency virus 1,4CHO,U2Z,1220,A,noncovalent
Human immunodeficiency virus 1,4CHP,IMV,1216,A,noncovalent
Human immunodeficiency virus 1,4CHP,IMV,1216,B,noncovalent
Human immunodeficiency virus 1,4CHP,IMV,1217,A,noncovalent
Human immunodeficiency virus 1,4CHP,IMV,1217,B,noncovalent
Human immunodeficiency virus 1,4CHQ,CWU,1216,B,noncovalent
Human immunodeficiency virus 1,4CHQ,CWU,1217,A,noncovalent
Human immunodeficiency virus 1,4CHY,C5Q,1214,B,noncovalent
Human immunodeficiency virus 1,4CHY,C5Q,1215,B,noncovalent
Human immunodeficiency virus 1,4CHY,C5Q,1217,A,noncovalent
Human immunodeficiency virus 1,4CHY,C5Q,1218,A,noncovalent
Human immunodeficiency virus 1,4CHZ,H75,310,A,noncovalent
Human immunodeficiency virus 1,4CIE,Y7N,1215,A,noncovalent
Human immunodeficiency virus 1,4CIE,Y7N,1217,B,noncovalent
Human immunodeficiency virus 1,4CIF,JDX,1216,A,noncovalent
Human immunodeficiency virus 1,4CIF,JDX,1217,B,noncovalent
Human immunodeficiency virus 1,4CIG,X0P,1217,A,noncovalent
Human immunodeficiency virus 1,4CIG,X0P,1217,B,noncovalent
Human immunodeficiency virus 1,4CJ3,E4F,1214,A,noncovalent
Human immunodeficiency virus 1,4CJ3,E4F,1216,B,noncovalent
Human immunodeficiency virus 1,4CJ4,S3G,1215,B,noncovalent
Human immunodeficiency virus 1,4CJ4,S3G,1217,A,noncovalent
Human immunodeficiency virus 1,4CJ5,4VW,1214,B,noncovalent
Human immunodeficiency virus 1,4CJ5,4VW,1216,A,noncovalent
Human immunodeficiency virus 1,4CJE,Q31,1213,A,noncovalent
Human immunodeficiency virus 1,4CJE,Q31,1216,B,noncovalent
Human immunodeficiency virus 1,4CJF,RVN,1217,A,noncovalent
Human immunodeficiency virus 1,4CJF,RVN,1217,B,noncovalent
Human immunodeficiency virus 1,4CJK,H39,1215,A,noncovalent
Human immunodeficiency virus 1,4CJK,H39,1217,B,noncovalent
Human immunodeficiency virus 1,4CJL,9PA,1216,A,noncovalent
Human immunodeficiency virus 1,4CJP,4D2,1214,B,noncovalent
Human immunodeficiency virus 1,4CJP,4D2,1215,A,noncovalent
Human immunodeficiency virus 1,4CJQ,VXO,1214,A,noncovalent
Human immunodeficiency virus 1,4CJQ,VXO,1216,B,noncovalent
Human immunodeficiency virus 1,4CJR,FYM,1215,A,noncovalent
Human immunodeficiency virus 1,4CJR,FYM,1216,B,noncovalent
Human immunodeficiency virus 1,4CJS,L0Y,1217,A,noncovalent
Human immunodeficiency virus 1,4CJS,L0Y,1217,B,noncovalent
Human immunodeficiency virus 1,4CJT,HLR,1215,A,noncovalent
Human immunodeficiency virus 1,4CJT,HLR,1215,B,noncovalent
Human immunodeficiency virus 1,4CJU,JNS,1214,B,noncovalent
Human immunodeficiency virus 1,4CJU,JNS,1217,A,noncovalent
Human immunodeficiency virus 1,4CJV,IV2,1212,A,noncovalent
Human immunodeficiency virus 1,4CJV,IV2,1215,B,noncovalent
Human immunodeficiency virus 1,4CJW,CBJ,1215,A,noncovalent
Human immunodeficiency virus 1,4CJW,CBJ,1216,A,noncovalent
Human immunodeficiency virus 1,4CJW,CBJ,1217,B,noncovalent
Human immunodeficiency virus 1,4CJW,CBJ,1218,B,noncovalent
Human immunodeficiency virus 1,4CK1,OM1,1216,A,noncovalent
Human immunodeficiency virus 1,4CK1,OM1,1218,B,noncovalent
Human immunodeficiency virus 1,4CK2,NVU,1215,A,noncovalent
Human immunodeficiency virus 1,4CK2,NVU,1216,A,noncovalent
Human immunodeficiency virus 1,4CK2,NVU,1216,B,noncovalent
Human immunodeficiency virus 1,4CK2,NVU,1217,B,noncovalent
Human immunodeficiency virus 1,4CK3,K1T,1213,A,noncovalent
Human immunodeficiency virus 1,4CK3,K1T,1216,B,noncovalent
Human immunodeficiency virus 1,4DFG,0JV,201,B,covalent
Human immunodeficiency virus 1,4DJO,MK5,101,A,noncovalent
Human immunodeficiency virus 1,4DJP,M73,200,A,noncovalent
Human immunodeficiency virus 1,4DJQ,M86,200,A,noncovalent
Human immunodeficiency virus 1,4DJR,0KJ,101,A,noncovalent
Human immunodeficiency virus 1,4DKO,0LM,513,A,noncovalent
Human immunodeficiency virus 1,4DKO,0LM,513,C,noncovalent
Human immunodeficiency virus 1,4DKP,0LL,513,A,noncovalent
Human immunodeficiency virus 1,4DKP,0LL,513,C,noncovalent
Human immunodeficiency virus 1,4DKQ,0LK,613,A,noncovalent
Human immunodeficiency virus 1,4DKR,0LJ,513,A,noncovalent
Human immunodeficiency virus 1,4DKR,0LJ,513,C,noncovalent
Human immunodeficiency virus 1,4DKU,0KU,511,B,noncovalent
Human immunodeficiency virus 1,4DKU,0KU,512,A,noncovalent
Human immunodeficiency virus 1,4DKV,0KW,511,B,noncovalent
Human immunodeficiency virus 1,4DKV,0KW,513,A,noncovalent
Human immunodeficiency virus 1,4DMN,0L9,305,A,noncovalent
Human immunodeficiency virus 1,4DQB,017,101,B,noncovalent
Human immunodeficiency virus 1,4DQC,017,101,A,noncovalent
Human immunodeficiency virus 1,4DQE,017,101,B,noncovalent
Human immunodeficiency virus 1,4DQF,017,101,B,noncovalent
Human immunodeficiency virus 1,4DQG,HGU,101,A,noncovalent
Human immunodeficiency virus 1,4DQH,017,101,B,noncovalent
Human immunodeficiency virus 1,4DVR,0LY,508,G,noncovalent
Human immunodeficiency virus 1,4DVS,0LY,512,A,noncovalent
Human immunodeficiency virus 1,4DVS,0LY,512,B,noncovalent
Human immunodeficiency virus 1,4DVT,0LZ,512,A,noncovalent
Human immunodeficiency virus 1,4DVT,0LZ,512,B,noncovalent
Human immunodeficiency virus 1,4DVV,0M1,513,A,noncovalent
Human immunodeficiency virus 1,4DVV,0M1,513,B,noncovalent
Human immunodeficiency virus 1,4DVW,0M4,512,A,noncovalent
Human immunodeficiency virus 1,4DVW,0M4,512,B,noncovalent
Human immunodeficiency virus 1,4DVX,0M5,512,A,noncovalent
Human immunodeficiency virus 1,4DVX,0M5,512,B,noncovalent
Human immunodeficiency virus 1,4E1M,TQ2,301,A,noncovalent
Human immunodeficiency virus 1,4E1N,TQX,301,A,noncovalent
Human immunodeficiency virus 1,4E91,0OE,201,A,noncovalent
Human immunodeficiency virus 1,4E91,0OE,201,B,noncovalent
Human immunodeficiency virus 1,4E91,0OF,202,A,noncovalent
Human immunodeficiency virus 1,4E92,0OE,201,A,noncovalent
Human immunodeficiency virus 1,4E92,0OE,201,B,noncovalent
Human immunodeficiency virus 1,4E92,0OG,202,A,noncovalent
Human immunodeficiency virus 1,4E92,0OG,202,B,noncovalent
Human immunodeficiency virus 1,4EJ8,1F1,106,A,noncovalent
Human immunodeficiency virus 1,4EJD,1F1,102,A,noncovalent
Human immunodeficiency virus 1,4EJK,IOP,101,A,noncovalent
Human immunodeficiency virus 1,4EJL,IOP,106,A,noncovalent
Human immunodeficiency virus 1,4EYR,RIT,301,B,noncovalent
Human immunodeficiency virus 1,4FE6,0TQ,200,A,noncovalent
Human immunodeficiency virus 1,4FL8,IL0,263,C,covalent
Human immunodeficiency virus 1,4FL8,IL0,363,D,covalent
Human immunodeficiency virus 1,4FLG,ILE,101,B,covalent
Human immunodeficiency virus 1,4G1Q,T27,601,A,noncovalent
Human immunodeficiency virus 1,4GB2,0LQ,101,B,noncovalent
Human immunodeficiency virus 1,4GVM,LF2,303,A,noncovalent
Human immunodeficiency virus 1,4GW6,LF2,303,A,noncovalent
Human immunodeficiency virus 1,4GYE,PUK,3,C,noncovalent
Human immunodeficiency virus 1,4GZF,DC0,3,C,noncovalent
Human immunodeficiency virus 1,4H4M,494,601,A,noncovalent
Human immunodeficiency virus 1,4H4O,506,601,A,noncovalent
Human immunodeficiency virus 1,4HDB,G52,401,A,covalent
Human immunodeficiency virus 1,4HDF,G52,401,A,noncovalent
Human immunodeficiency virus 1,4HDP,G52,401,B,noncovalent
Human immunodeficiency virus 1,4HE9,G52,401,A,noncovalent
Human immunodeficiency virus 1,4HEG,G52,401,A,noncovalent
Human immunodeficiency virus 1,4HLA,017,200,A,noncovalent
Human immunodeficiency virus 1,4HVP,2NC,0,B,noncovalent
Human immunodeficiency virus 1,4I2P,G73,601,A,noncovalent
Human immunodeficiency virus 1,4I2Q,1BT,601,A,noncovalent
Human immunodeficiency virus 1,4I53,1C1,501,A,noncovalent
Human immunodeficiency virus 1,4I53,1C1,501,B,noncovalent
Human immunodeficiency virus 1,4I54,1C1,501,A,noncovalent
Human immunodeficiency virus 1,4I54,1C1,501,B,noncovalent
Human immunodeficiency virus 1,4I7F,NVE,601,A,noncovalent
Human immunodeficiency virus 1,4I8W,G07,300,B,noncovalent
Human immunodeficiency virus 1,4I8Z,G08,101,A,noncovalent
Human immunodeficiency virus 1,4ICL,14N,607,A,noncovalent
Human immunodeficiency virus 1,4ICL,T27,601,A,noncovalent
Human immunodeficiency virus 1,4ID1,LF0,301,A,noncovalent
Human immunodeficiency virus 1,4ID5,1FF,609,A,noncovalent
Human immunodeficiency virus 1,4ID5,T27,601,A,noncovalent
Human immunodeficiency virus 1,4IDK,1FE,602,A,noncovalent
Human immunodeficiency virus 1,4IDK,T27,601,A,noncovalent
Human immunodeficiency virus 1,4IFV,FMQ,501,B,noncovalent
Human immunodeficiency virus 1,4IFV,FMQ,602,A,noncovalent
Human immunodeficiency virus 1,4IFV,T27,601,A,noncovalent
Human immunodeficiency virus 1,4IFY,1FD,611,A,noncovalent
Human immunodeficiency virus 1,4IFY,T27,601,A,noncovalent
Human immunodeficiency virus 1,4IG0,1FG,601,A,noncovalent
Human immunodeficiency virus 1,4IG0,1FG,602,A,noncovalent
Human immunodeficiency virus 1,4IG3,J94,609,A,noncovalent
Human immunodeficiency virus 1,4IG3,T27,601,A,noncovalent
Human immunodeficiency virus 1,4INB,1F6,201,A,noncovalent
Human immunodeficiency virus 1,4J54,G52,101,B,noncovalent
Human immunodeficiency virus 1,4J54,G52,201,A,noncovalent
Human immunodeficiency virus 1,4J55,031,201,A,noncovalent
Human immunodeficiency virus 1,4J55,031,202,A,noncovalent
Human immunodeficiency virus 1,4J5J,478,401,B,noncovalent
Human immunodeficiency virus 1,4J5J,478,402,B,covalent
Human immunodeficiency virus 1,4J93,0OE,201,A,noncovalent
Human immunodeficiency virus 1,4J93,1JR,202,A,noncovalent
Human immunodeficiency virus 1,4JEC,478,401,B,noncovalent
Human immunodeficiency virus 1,4JLH,0L9,301,A,noncovalent
Human immunodeficiency virus 1,4JMU,1ML,202,A,noncovalent
Human immunodeficiency virus 1,4K0A,1OP,23,R,noncovalent
Human immunodeficiency virus 1,4K4P,3TL,101,B,noncovalent
Human immunodeficiency virus 1,4K4Q,06B,102,B,noncovalent
Human immunodeficiency virus 1,4K4Q,06B,103,B,noncovalent
Human immunodeficiency virus 1,4K4Q,06B,104,B,noncovalent
Human immunodeficiency virus 1,4K4Q,3TL,108,A,noncovalent
Human immunodeficiency virus 1,4K4R,27B,102,A,noncovalent
Human immunodeficiency virus 1,4K4R,27B,102,B,noncovalent
Human immunodeficiency virus 1,4K4R,3TL,106,A,noncovalent
Human immunodeficiency virus 1,4KB9,G79,201,A,noncovalent
Human immunodeficiency virus 1,4KFB,1QP,601,A,noncovalent
Human immunodeficiency virus 1,4KFB,T27,607,A,noncovalent
Human immunodeficiency virus 1,4KKO,1RE,601,A,noncovalent
Human immunodeficiency virus 1,4KO0,JLJ,601,A,noncovalent
Human immunodeficiency virus 1,4KV8,1WT,602,A,noncovalent
Human immunodeficiency virus 1,4L1A,AB1,101,A,noncovalent
Human immunodeficiency virus 1,4LH5,LF0,301,A,noncovalent
Human immunodeficiency virus 1,4LL3,017,201,A,noncovalent
Human immunodeficiency virus 1,4LL3,017,202,A,noncovalent
Human immunodeficiency virus 1,4LSL,1YQ,601,A,noncovalent
Human immunodeficiency virus 1,4LSN,1YR,601,A,noncovalent
Human immunodeficiency virus 1,4M8X,KGQ,101,B,noncovalent
Human immunodeficiency virus 1,4M8X,KGQ,102,B,noncovalent
Human immunodeficiency virus 1,4M8Y,KGQ,201,A,noncovalent
Human immunodeficiency virus 1,4M8Y,KGQ,202,A,noncovalent
Human immunodeficiency virus 1,4MC1,526,102,A,noncovalent
Human immunodeficiency virus 1,4MC1,526,102,B,noncovalent
Human immunodeficiency virus 1,4MC2,525,101,A,noncovalent
Human immunodeficiency virus 1,4MC2,525,101,B,noncovalent
Human immunodeficiency virus 1,4MC6,23K,101,A,noncovalent
Human immunodeficiency virus 1,4MC9,23L,101,A,noncovalent
Human immunodeficiency virus 1,4MC9,23L,101,B,noncovalent
Human immunodeficiency virus 1,4MFB,29T,601,A,noncovalent
Human immunodeficiency virus 1,4NCG,2KW,601,A,noncovalent
Human immunodeficiency virus 1,4NJS,G08,500,B,noncovalent
Human immunodeficiency virus 1,4NJS,G08,500,D,noncovalent
Human immunodeficiency virus 1,4NJT,017,101,B,noncovalent
Human immunodeficiency virus 1,4NJT,017,101,D,noncovalent
Human immunodeficiency virus 1,4NJU,TPV,500,A,noncovalent
Human immunodeficiency virus 1,4NJU,TPV,500,C,noncovalent
Human immunodeficiency virus 1,4NJV,RIT,500,A,noncovalent
Human immunodeficiency virus 1,4NJV,RIT,500,D,noncovalent
Human immunodeficiency virus 1,4NPT,017,401,A,noncovalent
Human immunodeficiency virus 1,4NX4,JPR,204,C,covalent
Human immunodeficiency virus 1,4NYF,4BI,301,A,noncovalent
Human immunodeficiency virus 1,4O0J,LF8,301,A,noncovalent
Human immunodeficiency virus 1,4O44,2RS,601,A,noncovalent
Human immunodeficiency virus 1,4O4G,2RT,601,A,noncovalent
Human immunodeficiency virus 1,4O55,LF9,301,A,noncovalent
Human immunodeficiency virus 1,4O5B,LF9,301,A,noncovalent
Human immunodeficiency virus 1,4OJR,2SQ,301,A,noncovalent
Human immunodeficiency virus 1,4OR5,YT3,101,E,noncovalent
Human immunodeficiency virus 1,4OR5,YT3,101,J,covalent
Human immunodeficiency virus 1,4OR5,YT3,102,E,covalent
Human immunodeficiency virus 1,4OR5,YT3,301,B,covalent
Human immunodeficiency virus 1,4OR5,YT3,301,G,covalent
Human immunodeficiency virus 1,4OR5,YT3,302,B,covalent
Human immunodeficiency virus 1,4OR5,YT3,302,G,covalent
Human immunodeficiency virus 1,4OR5,YT3,303,B,covalent
Human immunodeficiency virus 1,4OR5,YT3,303,G,covalent
Human immunodeficiency virus 1,4OR5,YT3,401,A,covalent
Human immunodeficiency virus 1,4OR5,YT3,401,F,covalent
Human immunodeficiency virus 1,4OR5,YT3,402,A,covalent
Human immunodeficiency virus 1,4OR5,YT3,402,F,covalent
Human immunodeficiency virus 1,4OR5,YT3,403,A,noncovalent
Human immunodeficiency virus 1,4OR5,YT3,403,F,covalent
Human immunodeficiency virus 1,4OR5,YT3,404,F,covalent
Human immunodeficiency virus 1,4OVL,1TD,308,A,noncovalent
Human immunodeficiency virus 1,4OVL,1TD,308,B,noncovalent
Human immunodeficiency virus 1,4PHV,VAC,100,B,noncovalent
Human immunodeficiency virus 1,4PHV,VAC,101,B,noncovalent
Human immunodeficiency virus 1,4PUO,NVP,901,A,noncovalent
Human immunodeficiency virus 1,4PUO,NVP,901,C,noncovalent
Human immunodeficiency virus 1,4PWD,NVP,901,A,noncovalent
Human immunodeficiency virus 1,4PWD,NVP,901,C,noncovalent
Human immunodeficiency virus 1,4Q0B,NVP,901,A,noncovalent
Human immunodeficiency virus 1,4Q0B,NVP,901,C,noncovalent
Human immunodeficiency virus 1,4Q1W,017,104,A,noncovalent
Human immunodeficiency virus 1,4Q1X,017,101,A,noncovalent
Human immunodeficiency virus 1,4Q1Y,017,106,A,noncovalent
Human immunodeficiency virus 1,4Q5M,ROC,1101,A,noncovalent
Human immunodeficiency virus 1,4QAG,F95,603,A,covalent
Human immunodeficiency virus 1,4QAG,F95,603,B,covalent
Human immunodeficiency virus 1,4QGI,ROC,101,A,noncovalent
Human immunodeficiency virus 1,4QNB,1B0,301,A,noncovalent
Human immunodeficiency virus 1,4R5P,3JY,602,A,covalent
Human immunodeficiency virus 1,4R5P,3JY,602,C,covalent
Human immunodeficiency virus 1,4RVI,G52,500,A,noncovalent
Human immunodeficiency virus 1,4RVI,G52,500,C,noncovalent
Human immunodeficiency virus 1,4RVJ,478,101,B,noncovalent
Human immunodeficiency virus 1,4RVJ,478,101,D,noncovalent
Human immunodeficiency virus 1,4RVX,79G,500,A,noncovalent
Human immunodeficiency virus 1,4RVX,79G,500,D,noncovalent
Human immunodeficiency virus 1,4RW4,494,601,A,noncovalent
Human immunodeficiency virus 1,4RW6,494,601,A,noncovalent
Human immunodeficiency virus 1,4RW7,3X6,601,A,noncovalent
Human immunodeficiency virus 1,4RW8,3X6,601,A,noncovalent
Human immunodeficiency virus 1,4RW9,3X6,601,A,noncovalent
Human immunodeficiency virus 1,4RZ8,3ZM,510,A,noncovalent
Human immunodeficiency virus 1,4RZ8,3ZM,510,B,noncovalent
Human immunodeficiency virus 1,4RZ8,3ZM,512,C,noncovalent
Human immunodeficiency virus 1,4RZ8,3ZM,512,D,noncovalent
Human immunodeficiency virus 1,4TSX,LF0,301,A,noncovalent
Human immunodeficiency virus 1,4TVG,K97,101,A,noncovalent
Human immunodeficiency virus 1,4TVH,3TL,200,A,noncovalent
Human immunodeficiency virus 1,4TVH,K97,102,B,noncovalent
Human immunodeficiency virus 1,4U0E,1B0,302,A,noncovalent
Human immunodeficiency virus 1,4U0F,3A8,302,A,noncovalent
Human immunodeficiency virus 1,4U7Q,3EM,101,B,noncovalent
Human immunodeficiency virus 1,4U7V,3EN,101,B,noncovalent
Human immunodeficiency virus 1,4U8W,G10,201,A,noncovalent
Human immunodeficiency virus 1,4WE1,3LQ,601,A,noncovalent
Human immunodeficiency virus 1,4XAW,UNL,301,H,noncovalent
Human immunodeficiency virus 1,4XAW,UNL,301,L,noncovalent
Human immunodeficiency virus 1,4XBE,UNL,301,H,noncovalent
Human immunodeficiency virus 1,4XBE,UNL,301,L,noncovalent
Human immunodeficiency virus 1,4XC1,G3P,301,H,noncovalent
Human immunodeficiency virus 1,4XC1,G3P,302,H,noncovalent
Human immunodeficiency virus 1,4XC3,UNL,302,H,noncovalent
Human immunodeficiency virus 1,4XCF,43Y,301,H,noncovalent
Human immunodeficiency virus 1,4XCF,43Y,301,L,noncovalent
Human immunodeficiency virus 1,4XCF,43Y,302,H,noncovalent
Human immunodeficiency virus 1,4XCF,43Y,302,L,noncovalent
Human immunodeficiency virus 1,4XFZ,1B0,309,A,noncovalent
Human immunodeficiency virus 1,4XRQ,1B0,301,A,noncovalent
Human immunodeficiency virus 1,4Y1C,45F,5,C,covalent
Human immunodeficiency virus 1,4Y1D,45W,6,D,covalent
Human immunodeficiency virus 1,4YE3,G04,201,B,covalent
Human immunodeficiency virus 1,4YE3,Y1,101,A,covalent
Human immunodeficiency virus 1,4YE3,Y1,102,A,covalent
Human immunodeficiency virus 1,4YE3,Y1,202,B,covalent
Human immunodeficiency virus 1,4YE3,Y1,203,B,covalent
Human immunodeficiency virus 1,4YHQ,G10,201,A,noncovalent
Human immunodeficiency virus 1,4YHQ,Y1,101,B,covalent
Human immunodeficiency virus 1,4YHQ,Y1,102,B,covalent
Human immunodeficiency virus 1,4YHQ,Y1,202,A,covalent
Human immunodeficiency virus 1,4YHQ,Y1,203,A,covalent
Human immunodeficiency virus 1,4YOA,017,100,A,noncovalent
Human immunodeficiency virus 1,4ZIP,G64,201,B,noncovalent
Human immunodeficiency virus 1,4ZLS,G61,201,B,noncovalent
Human immunodeficiency virus 1,5AGZ,QHA,1101,A,covalent
Human immunodeficiency virus 1,5AH6,C7U,1101,A,covalent
Human immunodeficiency virus 1,5AH7,C7J,1101,A,noncovalent
Human immunodeficiency virus 1,5AH8,C7W,1101,A,covalent
Human immunodeficiency virus 1,5AH9,C7L,1101,A,noncovalent
Human immunodeficiency virus 1,5AHA,ZLP,1101,A,covalent
Human immunodeficiency virus 1,5AHB,J5L,1101,A,covalent
Human immunodeficiency virus 1,5AHC,VXL,1101,A,noncovalent
Human immunodeficiency virus 1,5BRY,4UY,201,B,covalent
Human immunodeficiency virus 1,5BS4,4UX,201,A,noncovalent
Human immunodeficiency virus 1,5C24,4XO,601,A,noncovalent
Human immunodeficiency virus 1,5C25,639,601,A,noncovalent
Human immunodeficiency virus 1,5C42,29T,601,A,noncovalent
Human immunodeficiency virus 1,5CMZ,P4G,203,A,noncovalent
Human immunodeficiency virus 1,5COK,52U,400,A,noncovalent
Human immunodeficiency virus 1,5CON,52W,101,B,noncovalent
Human immunodeficiency virus 1,5COO,52Z,101,B,noncovalent
Human immunodeficiency virus 1,5COP,53F,500,B,noncovalent
Human immunodeficiency virus 1,5CYM,T27,601,A,noncovalent
Human immunodeficiency virus 1,5CYQ,T27,601,A,noncovalent
Human immunodeficiency virus 1,5DGU,5B7,201,A,noncovalent
Human immunodeficiency virus 1,5DGW,5B5,201,A,covalent
Human immunodeficiency virus 1,5E5J,017,201,A,noncovalent
Human immunodeficiency virus 1,5E5K,017,201,B,noncovalent
Human immunodeficiency virus 1,5F4L,5VE,501,A,noncovalent
Human immunodeficiency virus 1,5F4L,5VE,501,B,noncovalent
Human immunodeficiency virus 1,5F4P,5VG,501,A,noncovalent
Human immunodeficiency virus 1,5F4P,5VG,507,D,noncovalent
Human immunodeficiency virus 1,5F4R,5VF,508,A,noncovalent
Human immunodeficiency virus 1,5F4R,5VF,508,C,noncovalent
Human immunodeficiency virus 1,5F4U,5VH,507,A,noncovalent
Human immunodeficiency virus 1,5F4U,5VH,508,B,noncovalent
Human immunodeficiency virus 1,5F9O,15P,515,G,noncovalent
Human immunodeficiency virus 1,5FA2,SCN,613,A,noncovalent
Human immunodeficiency virus 1,5FDL,5DV,601,A,noncovalent
Human immunodeficiency virus 1,5HBM,F95,602,A,covalent
Human immunodeficiency virus 1,5HBM,NVP,601,A,noncovalent
Human immunodeficiency virus 1,5HGL,1B0,301,A,noncovalent
Human immunodeficiency virus 1,5HGL,1B0,301,B,noncovalent
Human immunodeficiency virus 1,5HGL,1B0,301,C,noncovalent
Human immunodeficiency virus 1,5HGL,1B0,301,D,noncovalent
Human immunodeficiency virus 1,5HGL,1B0,301,E,noncovalent
Human immunodeficiency virus 1,5HGL,1B0,301,F,noncovalent
Human immunodeficiency virus 1,5HGP,BHC,301,A,noncovalent
Human immunodeficiency virus 1,5HLF,64A,602,A,covalent
Human immunodeficiency virus 1,5HOT,2SQ,301,A,noncovalent
Human immunodeficiency virus 1,5HOT,2SQ,301,B,noncovalent
Human immunodeficiency virus 1,5HP1,PPF,601,C,covalent
Human immunodeficiency virus 1,5HP1,PPF,602,A,noncovalent
Human immunodeficiency virus 1,5HRN,65P,306,A,noncovalent
Human immunodeficiency virus 1,5HRO,3JY,603,A,covalent
Human immunodeficiency virus 1,5HRO,3JY,605,C,covalent
Human immunodeficiency virus 1,5HRP,65P,310,A,noncovalent
Human immunodeficiency virus 1,5HRR,65P,307,A,noncovalent
Human immunodeficiency virus 1,5HRS,65P,306,A,noncovalent
Human immunodeficiency virus 1,5IVQ,6EH,101,A,noncovalent
Human immunodeficiency virus 1,5IVR,6EG,101,B,noncovalent
Human immunodeficiency virus 1,5IVS,6EF,101,B,noncovalent
Human immunodeficiency virus 1,5IVT,6EE,101,B,covalent
Human immunodeficiency virus 1,5IVT,6EE,102,A,covalent
Human immunodeficiency virus 1,5J1E,6FT,603,C,noncovalent
Human immunodeficiency virus 1,5J2M,6FN,604,A,noncovalent
Human immunodeficiency virus 1,5J2N,6FM,822,P,covalent
Human immunodeficiency virus 1,5J2P,6FM,602,A,noncovalent
Human immunodeficiency virus 1,5J2P,6FM,901,P,covalent
Human immunodeficiency virus 1,5J2Q,6FM,801,T,noncovalent
Human immunodeficiency virus 1,5J2Q,6FM,901,P,covalent
Human immunodeficiency virus 1,5JFP,6KK,201,B,noncovalent
Human immunodeficiency virus 1,5JFU,6KQ,201,B,noncovalent
Human immunodeficiency virus 1,5JG1,6KR,201,B,noncovalent
Human immunodeficiency virus 1,5K14,IB1,601,A,noncovalent
Human immunodeficiency virus 1,5KAO,G43,500,A,noncovalent
Human immunodeficiency virus 1,5KGW,7SK,304,A,noncovalent
Human immunodeficiency virus 1,5KGX,7SK,301,A,noncovalent
Human immunodeficiency virus 1,5KQX,ROC,101,A,noncovalent
Human immunodeficiency virus 1,5KQY,017,101,B,noncovalent
Human immunodeficiency virus 1,5KQZ,0Q4,101,B,noncovalent
Human immunodeficiency virus 1,5KR0,478,101,A,noncovalent
Human immunodeficiency virus 1,5KR1,017,101,B,noncovalent
Human immunodeficiency virus 1,5KR2,ROC,101,A,noncovalent
Human immunodeficiency virus 1,5KR2,ROC,101,C,noncovalent
Human immunodeficiency virus 1,5KRS,6XI,302,A,noncovalent
Human immunodeficiency virus 1,5KRS,6XI,303,A,noncovalent
Human immunodeficiency virus 1,5KRT,6W6,301,A,noncovalent
Human immunodeficiency virus 1,5KRT,6W6,302,A,noncovalent
Human immunodeficiency virus 1,5KWW,6YA,613,F,noncovalent
Human immunodeficiency virus 1,5OI2,9VN,305,A,noncovalent
Human immunodeficiency virus 1,5OI5,9VK,501,A,noncovalent
Human immunodeficiency virus 1,5OI8,9VN,302,A,noncovalent
Human immunodeficiency virus 1,5OIA,9VK,303,A,noncovalent
Human immunodeficiency virus 1,5T2Z,017,201,B,noncovalent
Human immunodeficiency virus 1,5T8H,478,401,B,noncovalent
Human immunodeficiency virus 1,5TER,7AY,601,A,noncovalent
Human immunodeficiency virus 1,5TSV,FLU,301,B,noncovalent
Human immunodeficiency virus 1,5TSX,FLU,301,B,noncovalent
Human immunodeficiency virus 1,5TSX,FLU,301,G,noncovalent
Human immunodeficiency virus 1,5TSX,FLU,301,H,noncovalent
Human immunodeficiency virus 1,5TSX,FLU,601,A,noncovalent
Human immunodeficiency virus 1,5TUQ,J63,601,A,noncovalent
Human immunodeficiency virus 1,5TW3,7N1,601,A,noncovalent
Human immunodeficiency virus 1,5TXM,DDS,601,C,covalent
Human immunodeficiency virus 1,5TXM,DDS,603,A,covalent
Human immunodeficiency virus 1,5TXP,DDS,601,C,noncovalent
Human immunodeficiency virus 1,5TXP,DDS,603,A,covalent
Human immunodeficiency virus 1,5TYR,7O7,400,A,noncovalent
Human immunodeficiency virus 1,5TYS,7OA,400,A,noncovalent
Human immunodeficiency virus 1,5U6E,82M,508,B,noncovalent
Human immunodeficiency virus 1,5U6E,82M,512,A,noncovalent
Human immunodeficiency virus 1,5U7M,83G,657,G,noncovalent
Human immunodeficiency virus 1,5U7O,83J,659,G,noncovalent
Human immunodeficiency virus 1,5UFZ,8BG,101,B,noncovalent
Human immunodeficiency virus 1,5ULT,8FM,201,B,noncovalent
Human immunodeficiency virus 1,5UOV,8FP,201,A,noncovalent
Human immunodeficiency virus 1,5UPZ,8HD,201,A,noncovalent
Human immunodeficiency virus 1,5UV5,Y55,603,A,covalent
Human immunodeficiency virus 1,5UV5,Y55,603,C,covalent
Human immunodeficiency virus 1,5V4Y,8FM,500,A,noncovalent
Human immunodeficiency virus 1,5V61,FRZ,801,I,covalent
Human immunodeficiency virus 1,5VCK,3TL,100,A,noncovalent
Human immunodeficiency virus 1,5VCK,7GC,101,A,noncovalent
Human immunodeficiency virus 1,5VCK,7GC,101,B,noncovalent
Human immunodeficiency virus 1,5VEA,3TL,101,A,noncovalent
Human immunodeficiency virus 1,5VEA,9AY,102,A,noncovalent
Human immunodeficiency virus 1,5VJ3,HV9,1101,A,noncovalent
Human immunodeficiency virus 1,5VQQ,9JP,601,A,noncovalent
Human immunodeficiency virus 1,5VQR,9KG,601,A,noncovalent
Human immunodeficiency virus 1,5VQS,9KD,601,A,noncovalent
Human immunodeficiency virus 1,5VQT,9K7,601,A,noncovalent
Human immunodeficiency virus 1,5VQU,9JP,601,A,noncovalent
Human immunodeficiency virus 1,5VQV,9J1,601,A,covalent
Human immunodeficiency virus 1,5VQW,9KD,601,A,noncovalent
Human immunodeficiency virus 1,5VQX,9HY,601,A,covalent
Human immunodeficiency virus 1,5VQY,9J1,601,A,covalent
Human immunodeficiency virus 1,5VQZ,9HY,601,A,covalent
Human immunodeficiency virus 1,5VZ6,9TV,601,A,noncovalent
Human immunodeficiency virus 1,5W5W,3TL,101,A,noncovalent
Human immunodeficiency virus 1,5W5W,HV9,102,A,noncovalent
Human immunodeficiency virus 1,5WB9,MPO,510,G,noncovalent
Human immunodeficiency virus 1,5WLO,GR7,201,B,covalent
Human immunodeficiency virus 1,5XN1,ET9,601,A,covalent
Human immunodeficiency virus 1,5XN1,ET9,601,C,covalent
Human immunodeficiency virus 1,5XN2,DGT,602,A,covalent
Human immunodeficiency virus 1,5XN2,DGT,602,C,noncovalent
Human immunodeficiency virus 1,5YOJ,8Z0,301,A,covalent
Human immunodeficiency virus 1,5YOK,8Z0,101,A,noncovalent
Human immunodeficiency virus 1,6AMO,D4T,603,A,noncovalent
Human immunodeficiency virus 1,6AMO,D4T,603,C,noncovalent
Human immunodeficiency virus 1,6AN2,D4T,603,A,covalent
Human immunodeficiency virus 1,6AN2,D4T,603,C,noncovalent
Human immunodeficiency virus 1,6AN8,D4T,603,A,noncovalent
Human immunodeficiency virus 1,6AN8,D4T,603,C,noncovalent
Human immunodeficiency virus 1,6ANQ,D4T,603,A,noncovalent
Human immunodeficiency virus 1,6ANQ,D4T,603,C,noncovalent
Human immunodeficiency virus 1,6AOC,ZW2,603,A,covalent
Human immunodeficiency virus 1,6AOC,ZW2,603,C,covalent
Human immunodeficiency virus 1,6ASW,D4T,603,A,covalent
Human immunodeficiency virus 1,6ASW,D4T,603,C,noncovalent
Human immunodeficiency virus 1,6AVM,D4T,603,A,noncovalent
Human immunodeficiency virus 1,6AVM,D4T,603,C,noncovalent
Human immunodeficiency virus 1,6AVT,D4T,603,A,covalent
Human immunodeficiency virus 1,6AVT,D4T,603,C,noncovalent
Human immunodeficiency virus 1,6AXV,1B0,315,A,noncovalent
Human immunodeficiency virus 1,6B36,CKD,101,B,noncovalent
Human immunodeficiency virus 1,6B38,CKM,101,B,noncovalent
Human immunodeficiency virus 1,6B38,CKM,102,B,noncovalent
Human immunodeficiency virus 1,6B3C,CKS,101,B,noncovalent
Human immunodeficiency virus 1,6B3F,CKV,101,B,noncovalent
Human immunodeficiency virus 1,6B3G,CKY,101,B,noncovalent
Human immunodeficiency virus 1,6B3G,CKY,102,B,noncovalent
Human immunodeficiency virus 1,6B3H,CN4,101,A,noncovalent
Human immunodeficiency virus 1,6B3H,CN4,101,B,noncovalent
Human immunodeficiency virus 1,6B4N,G53,201,A,noncovalent
Human immunodeficiency virus 1,6BHR,IHP,401,G,noncovalent
Human immunodeficiency virus 1,6BHS,IHP,301,A,noncovalent
Human immunodeficiency virus 1,6BHT,IHP,301,C,noncovalent
Human immunodeficiency virus 1,6BHT,IHP,301,D,noncovalent
Human immunodeficiency virus 1,6BHT,IHP,301,K,noncovalent
Human immunodeficiency virus 1,6BHT,IHP,302,K,noncovalent
Human immunodeficiency virus 1,6BSG,EFZ,601,A,noncovalent
Human immunodeficiency virus 1,6BSH,EFZ,601,A,noncovalent
Human immunodeficiency virus 1,6BSI,EFZ,601,A,noncovalent
Human immunodeficiency virus 1,6BSJ,EFZ,601,A,noncovalent
Human immunodeficiency virus 1,6BXP,KYN,10,C,noncovalent
Human immunodeficiency virus 1,6BZ2,7OA,201,B,noncovalent
Human immunodeficiency virus 1,6C0J,K5A,601,A,noncovalent
Human immunodeficiency virus 1,6C0K,K5A,601,A,noncovalent
Human immunodeficiency virus 1,6C0L,K5A,601,A,noncovalent
Human immunodeficiency virus 1,6C0N,K5C,601,A,noncovalent
Human immunodeficiency virus 1,6C0O,K5C,601,A,noncovalent
Human immunodeficiency virus 1,6C0P,K5C,601,A,noncovalent
Human immunodeficiency virus 1,6C0R,K5C,601,A,noncovalent
Human immunodeficiency virus 1,6C8X,BVR,101,A,covalent
Human immunodeficiency virus 1,6C8Y,BVR,102,A,noncovalent
Human immunodeficiency virus 1,6CDJ,GR8,201,A,noncovalent
Human immunodeficiency virus 1,6CDL,GR5,201,B,noncovalent
Human immunodeficiency virus 1,6CGF,K5A,601,A,noncovalent
Human immunodeficiency virus 1,6CM9,GTP,1001,C,covalent
Human immunodeficiency virus 1,6CM9,GTP,1001,H,covalent
Human immunodeficiency virus 1,6CRI,GTP,1001,C,covalent
Human immunodeficiency virus 1,6CRI,GTP,1001,H,covalent
Human immunodeficiency virus 1,6CRI,GTP,1001,K,covalent
Human immunodeficiency virus 1,6CRI,GTP,1001,L,covalent
Human immunodeficiency virus 1,6CRI,GTP,1001,U,covalent
Human immunodeficiency virus 1,6CRI,GTP,1001,V,covalent
Human immunodeficiency virus 1,6D0D,FQ4,400,B,noncovalent
Human immunodeficiency virus 1,6D0E,FQ1,500,B,noncovalent
Human immunodeficiency virus 1,6D83,GTP,1001,C,covalent
Human immunodeficiency virus 1,6D83,GTP,1001,H,covalent
Human immunodeficiency virus 1,6D84,GTP,1001,C,covalent
Human immunodeficiency virus 1,6D84,GTP,1001,H,covalent
Human immunodeficiency virus 1,6D84,GTP,1001,I,covalent
Human immunodeficiency virus 1,6D84,GTP,1001,N,covalent
Human immunodeficiency virus 1,6DB6,FCA,5,A,covalent
Human immunodeficiency virus 1,6DFF,GTP,1001,C,covalent
Human immunodeficiency virus 1,6DFF,GTP,1001,H,covalent
Human immunodeficiency virus 1,6DGX,017,101,A,noncovalent
Human immunodeficiency virus 1,6DGY,K13,103,A,noncovalent
Human immunodeficiency virus 1,6DGZ,A60,102,A,noncovalent
Human immunodeficiency virus 1,6DH0,017,101,A,noncovalent
Human immunodeficiency virus 1,6DH1,K13,102,A,noncovalent
Human immunodeficiency virus 1,6DH2,A60,102,A,noncovalent
Human immunodeficiency virus 1,6DH3,017,101,A,noncovalent
Human immunodeficiency virus 1,6DH4,K13,104,A,noncovalent
Human immunodeficiency virus 1,6DH5,A60,104,A,noncovalent
Human immunodeficiency virus 1,6DH6,017,104,A,noncovalent
Human immunodeficiency virus 1,6DH7,K13,103,A,noncovalent
Human immunodeficiency virus 1,6DH8,A60,105,A,noncovalent
Human immunodeficiency virus 1,6DIF,TPV,201,B,covalent
Human immunodeficiency virus 1,6DIL,TPV,201,B,covalent
Human immunodeficiency virus 1,6DJ1,AB1,201,B,covalent
Human immunodeficiency virus 1,6DJ2,AB1,201,B,noncovalent
Human immunodeficiency virus 1,6DJ5,G52,201,B,noncovalent
Human immunodeficiency virus 1,6DJ7,G10,201,B,noncovalent
Human immunodeficiency virus 1,6DTW,H9Y,601,A,noncovalent
Human immunodeficiency virus 1,6DTX,H9Y,601,A,noncovalent
Human immunodeficiency virus 1,6DUF,K5C,601,A,noncovalent
Human immunodeficiency virus 1,6DUG,K5C,601,A,noncovalent
Human immunodeficiency virus 1,6DUH,K5C,601,A,noncovalent
Human immunodeficiency virus 1,6DV0,GA8,201,B,noncovalent
Human immunodeficiency virus 1,6DV4,GA5,201,B,noncovalent
Human immunodeficiency virus 1,6E7J,HWY,201,A,noncovalent
Human immunodeficiency virus 1,6E9A,J0S,201,B,covalent
Human immunodeficiency virus 1,6EB1,J3M,301,A,noncovalent
Human immunodeficiency virus 1,6EB2,J3P,301,A,noncovalent
Human immunodeficiency virus 1,6ECL,T90,602,A,noncovalent
Human immunodeficiency virus 1,6ELI,BA5,702,A,covalent
Human immunodeficiency virus 1,6ELI,T27,701,A,noncovalent
Human immunodeficiency virus 1,6ES8,IHP,501,A,covalent
Human immunodeficiency virus 1,6G9I,CXX,707,B,noncovalent
Human immunodeficiency virus 1,6H09,IHP,501,A,noncovalent
Human immunodeficiency virus 1,6HIP,TRP,501,B,noncovalent
Human immunodeficiency virus 1,6IK9,DGT,601,A,noncovalent
Human immunodeficiency virus 1,6IK9,DGT,701,F,noncovalent
Human immunodeficiency virus 1,6IKA,ET9,601,A,covalent
Human immunodeficiency virus 1,6IKA,ET9,601,C,covalent
Human immunodeficiency virus 1,6IXD,B0F,101,B,noncovalent
Human immunodeficiency virus 1,6KDJ,1RZ,601,A,covalent
Human immunodeficiency virus 1,6KDJ,1RZ,601,C,covalent
Human immunodeficiency virus 1,6KDK,DCP,601,A,covalent
Human immunodeficiency virus 1,6KDK,DCP,601,C,noncovalent
Human immunodeficiency virus 1,6KDM,ET9,602,C,noncovalent
Human immunodeficiency virus 1,6KDM,ET9,603,A,covalent
Human immunodeficiency virus 1,6KDN,DGT,602,A,covalent
Human immunodeficiency virus 1,6KDN,DGT,602,C,covalent
Human immunodeficiency virus 1,6KDO,1RZ,601,C,noncovalent
Human immunodeficiency virus 1,6KDO,1RZ,601,E,noncovalent
Human immunodeficiency virus 1,6KMP,KVS,201,B,noncovalent
Human immunodeficiency virus 1,6LMI,EJ9,304,A,noncovalent
Human immunodeficiency virus 1,6LMQ,940,304,A,noncovalent
Human immunodeficiency virus 1,6MCF,RY,71,A,covalent
Human immunodeficiency virus 1,6MCF,RY,75,A,covalent
Human immunodeficiency virus 1,6MCR,JDY,104,A,noncovalent
Human immunodeficiency virus 1,6MCS,JDV,101,A,noncovalent
Human immunodeficiency virus 1,6MEO,A2G,401,B,covalent
Human immunodeficiency virus 1,6MET,A2G,401,B,covalent
Human immunodeficiency virus 1,6MK9,7O7,400,A,covalent
Human immunodeficiency virus 1,6MKL,7OA,400,A,noncovalent
Human immunodeficiency virus 1,6MTJ,83G,637,G,noncovalent
Human immunodeficiency virus 1,6MTN,JYJ,638,G,noncovalent
Human immunodeficiency virus 1,6MU6,JYV,638,G,noncovalent
Human immunodeficiency virus 1,6MU7,JYY,637,G,noncovalent
Human immunodeficiency virus 1,6MU8,JYS,637,G,noncovalent
Human immunodeficiency virus 1,6MUG,JYS,633,G,noncovalent
Human immunodeficiency virus 1,6NCJ,KJJ,305,A,noncovalent
Human immunodeficiency virus 1,6NUJ,L3D,300,A,noncovalent
Human immunodeficiency virus 1,6O3J,44E,301,A,noncovalent
Human immunodeficiency virus 1,6O3J,44E,301,H,noncovalent
Human immunodeficiency virus 1,6O48,0Q4,201,B,noncovalent
Human immunodeficiency virus 1,6O57,2NC,201,B,noncovalent
Human immunodeficiency virus 1,6O5A,2NC,201,A,noncovalent
Human immunodeficiency virus 1,6O5X,0Q4,101,B,noncovalent
Human immunodeficiency virus 1,6O5X,0Q4,101,D,noncovalent
Human immunodeficiency virus 1,6O9E,IY1,101,F,noncovalent
Human immunodeficiency virus 1,6O9E,IY1,102,E,noncovalent
Human immunodeficiency virus 1,6OE3,M9A,601,A,noncovalent
Human immunodeficiency virus 1,6OGL,JDV,103,A,noncovalent
Human immunodeficiency virus 1,6OGP,MJD,102,A,noncovalent
Human immunodeficiency virus 1,6OGQ,JDV,103,A,noncovalent
Human immunodeficiency virus 1,6OGR,7OA,101,A,noncovalent
Human immunodeficiency virus 1,6OGS,JDY,103,A,noncovalent
Human immunodeficiency virus 1,6OGT,JDY,102,A,noncovalent
Human immunodeficiency virus 1,6ONE,MVY,512,A,noncovalent
Human immunodeficiency virus 1,6ONF,MW4,511,A,noncovalent
Human immunodeficiency virus 1,6ONH,MWD,511,A,noncovalent
Human immunodeficiency virus 1,6ONV,MWA,511,A,noncovalent
Human immunodeficiency virus 1,6OOO,MXJ,511,A,noncovalent
Human immunodeficiency virus 1,6OOS,017,101,A,noncovalent
Human immunodeficiency virus 1,6OOS,017,101,C,noncovalent
Human immunodeficiency virus 1,6OOT,017,101,B,noncovalent
Human immunodeficiency virus 1,6OOU,017,101,A,noncovalent
Human immunodeficiency virus 1,6OPN,N07,700,B,noncovalent
Human immunodeficiency virus 1,6OPN,N07,700,E,noncovalent
Human immunodeficiency virus 1,6OPN,N07,700,H,noncovalent
Human immunodeficiency virus 1,6OPO,LMT,701,B,noncovalent
Human immunodeficiency virus 1,6OPO,LMT,701,F,noncovalent
Human immunodeficiency virus 1,6OPO,LMT,701,M,noncovalent
Human immunodeficiency virus 1,6OPP,LMT,701,B,noncovalent
Human immunodeficiency virus 1,6OPP,LMT,705,E,noncovalent
Human immunodeficiency virus 1,6OPP,LMT,706,B,noncovalent
Human immunodeficiency virus 1,6OPS,017,101,A,noncovalent
Human immunodeficiency virus 1,6OPT,017,101,A,noncovalent
Human immunodeficiency virus 1,6OPU,017,101,B,noncovalent
Human immunodeficiency virus 1,6OPV,017,101,B,noncovalent
Human immunodeficiency virus 1,6OPW,017,101,A,noncovalent
Human immunodeficiency virus 1,6OPX,017,101,B,noncovalent
Human immunodeficiency virus 1,6OPY,017,101,A,noncovalent
Human immunodeficiency virus 1,6OPZ,017,101,A,noncovalent
Human immunodeficiency virus 1,6OR7,1RY,601,A,noncovalent
Human immunodeficiency virus 1,6OTG,4UY,201,B,noncovalent
Human immunodeficiency virus 1,6OTZ,N8G,604,A,covalent
Human immunodeficiency virus 1,6OUN,1RZ,604,A,noncovalent
Human immunodeficiency virus 1,6OXO,NJM,101,A,noncovalent
Human immunodeficiency virus 1,6OXP,K2A,103,A,noncovalent
Human immunodeficiency virus 1,6OXQ,F53,101,A,noncovalent
Human immunodeficiency virus 1,6OXR,NJA,101,A,noncovalent
Human immunodeficiency virus 1,6OXS,NJ4,101,A,noncovalent
Human immunodeficiency virus 1,6OXT,NEJ,101,A,noncovalent
Human immunodeficiency virus 1,6OXU,NE7,101,A,noncovalent
Human immunodeficiency virus 1,6OXV,NF4,101,A,noncovalent
Human immunodeficiency virus 1,6OXW,NFJ,101,A,noncovalent
Human immunodeficiency virus 1,6OXX,NF7,101,A,noncovalent
Human immunodeficiency virus 1,6OXY,NG4,103,A,noncovalent
Human immunodeficiency virus 1,6OXZ,NJG,102,A,noncovalent
Human immunodeficiency virus 1,6OY0,NJ7,103,A,noncovalent
Human immunodeficiency virus 1,6OY1,NJ1,103,A,noncovalent
Human immunodeficiency virus 1,6OY2,NJJ,101,A,noncovalent
Human immunodeficiency virus 1,6OYD,NKA,101,A,noncovalent
Human immunodeficiency virus 1,6OYR,NJY,101,A,noncovalent
Human immunodeficiency virus 1,6P1I,DCP,602,A,covalent
Human immunodeficiency virus 1,6P1X,NQ4,603,A,covalent
Human immunodeficiency virus 1,6P2G,DCT,601,A,noncovalent
Human immunodeficiency virus 1,6P9A,017,101,A,noncovalent
Human immunodeficiency virus 1,6P9B,478,101,A,noncovalent
Human immunodeficiency virus 1,6P9N,O51,511,A,noncovalent
Human immunodeficiency virus 1,6PJB,AB1,105,A,noncovalent
Human immunodeficiency virus 1,6PJC,OR1,101,A,noncovalent
Human immunodeficiency virus 1,6PJC,OR1,101,C,noncovalent
Human immunodeficiency virus 1,6PJD,OQY,101,A,noncovalent
Human immunodeficiency virus 1,6PJE,OPJ,101,A,noncovalent
Human immunodeficiency virus 1,6PJF,OP7,101,A,noncovalent
Human immunodeficiency virus 1,6PJG,ORV,101,A,noncovalent
Human immunodeficiency virus 1,6PJH,OQG,101,A,noncovalent
Human immunodeficiency virus 1,6PJI,OO4,101,A,noncovalent
Human immunodeficiency virus 1,6PJK,OQD,101,A,noncovalent
Human immunodeficiency virus 1,6PJL,OQA,101,A,noncovalent
Human immunodeficiency virus 1,6PJM,OQV,101,B,noncovalent
Human immunodeficiency virus 1,6PJN,OQP,101,B,noncovalent
Human immunodeficiency virus 1,6PJO,OQ7,101,A,noncovalent
Human immunodeficiency virus 1,6PRF,7OA,101,B,noncovalent
Human immunodeficiency virus 1,6PRF,Y1,101,A,covalent
Human immunodeficiency virus 1,6PRF,Y1,102,A,covalent
Human immunodeficiency virus 1,6PRF,Y1,102,B,covalent
Human immunodeficiency virus 1,6PRF,Y1,103,A,covalent
Human immunodeficiency virus 1,6PRF,Y1,103,B,covalent
Human immunodeficiency virus 1,6PRF,Y1,104,A,noncovalent
Human immunodeficiency virus 1,6PRF,Y1,104,B,covalent
Human immunodeficiency virus 1,6PRF,Y1,105,B,covalent
Human immunodeficiency virus 1,6PRF,Y1,106,B,noncovalent
Human immunodeficiency virus 1,6PTP,KVS,301,B,noncovalent
Human immunodeficiency virus 1,6PU8,P3V,201,B,noncovalent
Human immunodeficiency virus 1,6PUW,KLQ,304,A,covalent
Human immunodeficiency virus 1,6PUY,OZ1,304,A,covalent
Human immunodeficiency virus 1,6PUZ,XXJ,304,A,covalent
Human immunodeficiency virus 1,6R8C,5MY,301,A,noncovalent
Human immunodeficiency virus 1,6SND,PSF,301,H,noncovalent
Human immunodeficiency virus 1,6U7O,Q1D,201,B,noncovalent
Human immunodeficiency virus 1,6U7P,B4R,201,A,noncovalent
Human immunodeficiency virus 1,6U8Q,DLU,303,A,covalent
Human immunodeficiency virus 1,6U8Q,DLU,303,C,covalent
Human immunodeficiency virus 1,6UIR,1RY,601,A,noncovalent
Human immunodeficiency virus 1,6UIS,DCP,601,A,noncovalent
Human immunodeficiency virus 1,6UIT,DCP,601,A,noncovalent
Human immunodeficiency virus 1,6UJX,1RY,604,A,covalent
Human immunodeficiency virus 1,6UJY,1RZ,601,A,noncovalent
Human immunodeficiency virus 1,6UJZ,N8G,604,A,covalent
Human immunodeficiency virus 1,6UL5,QAG,601,A,noncovalent
Human immunodeficiency virus 1,6UM8,QCG,303,B,noncovalent
Human immunodeficiency virus 1,6UM8,QCG,305,A,noncovalent
Human immunodeficiency virus 1,6USW,O51,511,A,noncovalent
Human immunodeficiency virus 1,6UT1,5VG,511,A,noncovalent
Human immunodeficiency virus 1,6UWB,QJY,400,A,noncovalent
Human immunodeficiency virus 1,6UWC,QK1,400,B,noncovalent
Human immunodeficiency virus 1,6V2F,QNG,300,A,noncovalent
Human immunodeficiency virus 1,6V2F,QNG,300,B,noncovalent
Human immunodeficiency virus 1,6V2F,QNG,300,C,noncovalent
Human immunodeficiency virus 1,6V2F,QNG,300,D,noncovalent
Human immunodeficiency virus 1,6V2F,QNG,300,E,noncovalent
Human immunodeficiency virus 1,6V2F,QNG,300,F,noncovalent
Human immunodeficiency virus 1,6V3K,QUW,304,A,covalent
Human immunodeficiency virus 1,6V4T,QOJ,801,A,noncovalent
Human immunodeficiency virus 1,6V4T,QOJ,801,B,noncovalent
Human immunodeficiency virus 1,6V4T,QOJ,801,C,noncovalent
Human immunodeficiency virus 1,6VCE,G6R,201,B,noncovalent
Human immunodeficiency virus 1,6VDK,DLU,303,A,covalent
Human immunodeficiency virus 1,6VDK,DLU,303,C,covalent
Human immunodeficiency virus 1,6VKA,QZV,303,A,noncovalent
Human immunodeficiency virus 1,6VKC,R0J,610,F,noncovalent
Human immunodeficiency virus 1,6VKD,R0P,601,F,noncovalent
Human immunodeficiency virus 1,6VKE,R0S,602,F,noncovalent
Human immunodeficiency virus 1,6VKV,QNG,301,A,noncovalent
Human immunodeficiency virus 1,6VKV,QNG,301,B,noncovalent
Human immunodeficiency virus 1,6VKV,QNG,301,C,noncovalent
Human immunodeficiency virus 1,6VLH,R2A,308,B,noncovalent
Human immunodeficiency virus 1,6VLM,R2D,301,A,noncovalent
Human immunodeficiency virus 1,6VLM,R2D,301,B,noncovalent
Human immunodeficiency virus 1,6VLM,R2D,302,B,noncovalent
Human immunodeficiency virus 1,6VOD,T1R,201,B,noncovalent
Human immunodeficiency virus 1,6VOE,T2R,201,B,noncovalent
Human immunodeficiency virus 1,6VPX,44E,301,L,noncovalent
Human immunodeficiency virus 1,6VPX,44E,301,N,noncovalent
Human immunodeficiency virus 1,6VPX,44E,301,O,noncovalent
Human immunodeficiency virus 1,6VQS,R7J,308,A,noncovalent
Human immunodeficiency virus 1,6VQY,ARG,301,A,noncovalent
Human immunodeficiency virus 1,6VQY,ARG,301,C,noncovalent
Human immunodeficiency virus 1,6VQY,ARG,302,C,noncovalent
Human immunodeficiency virus 1,6VQZ,ARG,301,A,noncovalent
Human immunodeficiency virus 1,6VQZ,ARG,301,C,noncovalent
Human immunodeficiency virus 1,6VX2,RQG,308,A,noncovalent
Human immunodeficiency virus 1,6W0U,S0Y,301,A,noncovalent
Human immunodeficiency virus 1,6W42,SJY,307,A,noncovalent
Human immunodeficiency virus 1,6W6T,TK7,103,A,noncovalent
Human immunodeficiency virus 1,6WC8,TQM,301,A,noncovalent
Human immunodeficiency virus 1,6WE7,TXM,308,A,noncovalent
Human immunodeficiency virus 1,6WPF,D4M,901,P,covalent
Human immunodeficiency virus 1,6WPF,D4T,603,A,noncovalent
Human immunodeficiency virus 1,6WPH,DGP,902,T,noncovalent
Human immunodeficiency virus 1,6WPJ,D4T,601,A,noncovalent
Human immunodeficiency virus 1,6X47,7AX,601,A,noncovalent
Human immunodeficiency virus 1,6X49,7AX,601,A,noncovalent
Human immunodeficiency virus 1,6X4A,7AY,601,A,noncovalent
Human immunodeficiency virus 1,6X4B,UMY,601,A,noncovalent
Human immunodeficiency virus 1,6X4C,UNS,601,A,noncovalent
Human immunodeficiency virus 1,6X4D,UO4,601,A,noncovalent
Human immunodeficiency virus 1,6X4E,UMV,601,A,noncovalent
Human immunodeficiency virus 1,6X4F,UMV,601,A,noncovalent
Human immunodeficiency virus 1,6X5B,UOV,702,B,noncovalent
Human immunodeficiency virus 1,6X5B,UOV,702,E,noncovalent
Human immunodeficiency virus 1,6X5B,UOV,702,K,noncovalent
Human immunodeficiency virus 1,6X5C,UOV,800,B,noncovalent
Human immunodeficiency virus 1,6X5C,UOV,800,F,noncovalent
Human immunodeficiency virus 1,6X5C,UOV,800,G,noncovalent
Human immunodeficiency virus 1,7AHX,REK,603,A,covalent
Human immunodeficiency virus 1,7AHX,REK,603,C,covalent
Human immunodeficiency virus 1,7AID,REK,601,C,noncovalent
Human immunodeficiency virus 1,7AIF,RE5,603,A,covalent
Human immunodeficiency virus 1,7AIF,RE5,603,C,covalent
Human immunodeficiency virus 1,7AIG,RE5,601,C,noncovalent
Human immunodeficiency virus 1,7AII,RFE,603,A,covalent
Human immunodeficiency virus 1,7AII,RFE,603,C,noncovalent
Human immunodeficiency virus 1,7AIJ,RFE,601,C,noncovalent
Human immunodeficiency virus 1,7D83,GZ9,304,A,noncovalent
Human immunodeficiency virus 1,7DBM,DGT,601,A,covalent
Human immunodeficiency virus 1,7DBM,DGT,601,C,noncovalent
Human immunodeficiency virus 1,7DBN,DCP,601,A,covalent
Human immunodeficiency virus 1,7DBN,DCP,601,C,covalent
Human immunodeficiency virus 1,7DOZ,1UN,1101,A,noncovalent
Human immunodeficiency virus 1,7DOZ,1UN,1102,A,noncovalent
Human immunodeficiency virus 1,7DT9,ROC,1101,A,noncovalent
Human immunodeficiency virus 1,7E1I,IHP,201,A,noncovalent
Human immunodeficiency virus 1,7E1I,IHP,201,B,noncovalent
Human immunodeficiency virus 1,7E1I,IHP,201,C,noncovalent
Human immunodeficiency virus 1,7E1I,IHP,201,D,noncovalent
Human immunodeficiency virus 1,7E1I,IHP,201,E,noncovalent
Human immunodeficiency virus 1,7E1I,IHP,201,F,noncovalent
Human immunodeficiency virus 1,7E1I,IHP,201,G,covalent
Human immunodeficiency virus 1,7E1I,IHP,201,I,noncovalent
Human immunodeficiency virus 1,7E1I,IHP,201,J,noncovalent
Human immunodeficiency virus 1,7E1I,IHP,201,K,noncovalent
Human immunodeficiency virus 1,7E1I,IHP,201,L,noncovalent
Human immunodeficiency virus 1,7E1I,IHP,202,E,noncovalent
Human immunodeficiency virus 1,7E1J,IHP,201,A,noncovalent
Human immunodeficiency virus 1,7E1J,IHP,201,B,noncovalent
Human immunodeficiency virus 1,7E1J,IHP,201,C,noncovalent
Human immunodeficiency virus 1,7E1J,IHP,201,D,noncovalent
Human immunodeficiency virus 1,7E1J,IHP,201,E,noncovalent
Human immunodeficiency virus 1,7E1J,IHP,201,F,noncovalent
Human immunodeficiency virus 1,7E1K,IHP,201,A,noncovalent
Human immunodeficiency virus 1,7E1K,IHP,201,B,noncovalent
Human immunodeficiency virus 1,7HVP,JG3,4,C,noncovalent
Human immunodeficiency virus 1,7KE0,WBV,301,A,noncovalent
Human immunodeficiency virus 1,7KJW,EFZ,602,A,noncovalent
Human immunodeficiency virus 1,7KJX,NVP,602,A,noncovalent
Human immunodeficiency virus 1,7KRC,X2J,601,A,covalent
Human immunodeficiency virus 1,7KRD,X2S,601,A,covalent
Human immunodeficiency virus 1,7KRE,X2V,701,A,noncovalent
Human immunodeficiency virus 1,7KRF,X2G,601,A,covalent
Human immunodeficiency virus 1,7KWU,K7F,608,A,noncovalent
Human immunodeficiency virus 1,7L1P,R2A,301,A,noncovalent
Human immunodeficiency virus 1,7L23,XFS,308,A,noncovalent
Human immunodeficiency virus 1,7LDY,DJR,104,A,noncovalent
Human immunodeficiency virus 1,7LDZ,065,101,A,noncovalent
Human immunodeficiency virus 1,7LE0,XUY,104,A,noncovalent
Human immunodeficiency virus 1,7LE1,K14,103,A,noncovalent
Human immunodeficiency virus 1,7LE2,K20,101,A,noncovalent
Human immunodeficiency virus 1,7LE3,K19,101,A,noncovalent
Human immunodeficiency virus 1,7LE4,K2D,106,A,noncovalent
Human immunodeficiency virus 1,7LE5,K2E,105,A,noncovalent
Human immunodeficiency virus 1,7LE6,A61,101,A,noncovalent
Human immunodeficiency virus 1,7LE7,KGQ,104,A,noncovalent
Human immunodeficiency virus 1,7LE8,XUM,101,A,noncovalent
Human immunodeficiency virus 1,7LE9,XUP,102,A,noncovalent
Human immunodeficiency virus 1,7LEA,XUS,104,A,noncovalent
Human immunodeficiency virus 1,7LEB,XUV,103,A,noncovalent
Human immunodeficiency virus 1,7LEC,XVP,101,B,noncovalent
Human immunodeficiency virus 1,7LED,XVM,103,A,noncovalent
Human immunodeficiency virus 1,7LEE,XVJ,101,A,noncovalent
Human immunodeficiency virus 1,7LEF,XVS,106,A,noncovalent
Human immunodeficiency virus 1,7LEG,XVY,105,A,noncovalent
Human immunodeficiency virus 1,7LEH,XW4,101,A,noncovalent
Human immunodeficiency virus 1,7LEI,XVV,101,A,noncovalent
Human immunodeficiency virus 1,7LO6,5VG,609,A,noncovalent
Human immunodeficiency virus 1,7LO6,5VG,609,C,covalent
Human immunodeficiency virus 1,7LO6,5VG,609,E,covalent
Human immunodeficiency virus 1,7LPW,YBA,605,A,noncovalent
Human immunodeficiency virus 1,7LPX,YB7,603,A,noncovalent
Human immunodeficiency virus 1,7LQP,YAV,309,B,noncovalent
Human immunodeficiency virus 1,7LQU,YBD,601,A,noncovalent
Human immunodeficiency virus 1,7LRI,TTP,601,A,covalent
Human immunodeficiency virus 1,7LRI,TTP,602,C,noncovalent
Human immunodeficiency virus 1,7LRM,DCP,603,A,covalent
Human immunodeficiency virus 1,7LRM,DCP,604,C,noncovalent
Human immunodeficiency virus 1,7LRX,1S0,602,A,covalent
Human immunodeficiency virus 1,7LRX,1S0,602,C,noncovalent
Human immunodeficiency virus 1,7LRY,1RY,604,C,covalent
Human immunodeficiency virus 1,7LRY,1RY,606,A,noncovalent
Human immunodeficiency virus 1,7LSK,XRF,603,C,covalent
Human immunodeficiency virus 1,7LSK,XRF,605,A,covalent
Human immunodeficiency virus 1,7M9F,YTG,300,A,noncovalent
Human immunodeficiency virus 1,7M9G,NF7,101,A,noncovalent
Human immunodeficiency virus 1,7M9H,NJG,101,A,noncovalent
Human immunodeficiency virus 1,7M9I,NJ1,101,A,noncovalent
Human immunodeficiency virus 1,7M9J,YWM,104,A,noncovalent
Human immunodeficiency virus 1,7M9K,YWP,105,A,noncovalent
Human immunodeficiency virus 1,7M9L,YTY,101,A,noncovalent
Human immunodeficiency virus 1,7M9M,YWS,101,B,noncovalent
Human immunodeficiency virus 1,7M9N,YWM,101,A,noncovalent
Human immunodeficiency virus 1,7M9O,YWP,104,A,noncovalent
Human immunodeficiency virus 1,7M9P,YWS,106,A,noncovalent
Human immunodeficiency virus 1,7M9Q,YUM,101,A,noncovalent
Human immunodeficiency virus 1,7M9R,YUP,101,A,noncovalent
Human immunodeficiency virus 1,7M9S,YUJ,101,A,noncovalent
Human immunodeficiency virus 1,7M9T,YUD,101,A,noncovalent
Human immunodeficiency virus 1,7M9U,YUA,101,A,noncovalent
Human immunodeficiency virus 1,7M9V,YUJ,101,A,noncovalent
Human immunodeficiency virus 1,7M9W,YUD,101,A,noncovalent
Human immunodeficiency virus 1,7M9X,YUA,101,A,noncovalent
Human immunodeficiency virus 1,7M9Z,DJR,106,A,noncovalent
Human immunodeficiency virus 1,7MA0,NJM,105,A,noncovalent
Human immunodeficiency virus 1,7MA1,065,107,A,noncovalent
Human immunodeficiency virus 1,7MA2,XUY,101,A,noncovalent
Human immunodeficiency virus 1,7MA3,K14,103,A,noncovalent
Human immunodeficiency virus 1,7MA4,K2A,102,A,noncovalent
Human immunodeficiency virus 1,7MA5,K20,104,A,noncovalent
Human immunodeficiency virus 1,7MA6,K19,104,A,noncovalent
Human immunodeficiency virus 1,7MA7,K2D,103,A,noncovalent
Human immunodeficiency virus 1,7MA8,F53,103,A,noncovalent
Human immunodeficiency virus 1,7MA9,K2E,104,A,noncovalent
Human immunodeficiency virus 1,7MAA,A61,103,A,noncovalent
Human immunodeficiency virus 1,7MAB,KGQ,105,A,noncovalent
Human immunodeficiency virus 1,7MAC,XUM,101,A,noncovalent
Human immunodeficiency virus 1,7MAD,XUP,101,A,noncovalent
Human immunodeficiency virus 1,7MAE,XUS,101,A,noncovalent
Human immunodeficiency virus 1,7MAF,XUV,102,A,noncovalent
Human immunodeficiency virus 1,7MAG,XVP,104,A,noncovalent
Human immunodeficiency virus 1,7MAH,XVM,103,A,noncovalent
Human immunodeficiency virus 1,7MAI,XVJ,101,A,noncovalent
Human immunodeficiency virus 1,7MAJ,TK7,103,A,noncovalent
Human immunodeficiency virus 1,7MAK,XVS,106,A,noncovalent
Human immunodeficiency virus 1,7MAL,XVY,101,A,noncovalent
Human immunodeficiency virus 1,7MAN,XW4,103,A,noncovalent
Human immunodeficiency virus 1,7MAO,XVV,101,A,noncovalent
Human immunodeficiency virus 1,7MAP,017,101,A,noncovalent
Human immunodeficiency virus 1,7MAQ,017,101,B,noncovalent
Human immunodeficiency virus 1,7MAR,017,101,A,noncovalent
Human immunodeficiency virus 1,7MAR,017,101,C,noncovalent
Human immunodeficiency virus 1,7MAS,017,101,A,noncovalent
Human immunodeficiency virus 1,7MAS,017,101,C,noncovalent
Human immunodeficiency virus 1,7MKC,1B0,300,A,noncovalent
Human immunodeficiency virus 1,7MYP,G04,401,B,noncovalent
Human immunodeficiency virus 1,7MYY,7OA,101,A,noncovalent
Human immunodeficiency virus 1,7N6U,83G,902,B,noncovalent
Human immunodeficiency virus 1,7N6U,83G,902,C,noncovalent
Human immunodeficiency virus 1,7N6U,83G,905,A,noncovalent
Human immunodeficiency virus 1,7N6V,478,201,A,noncovalent
Human immunodeficiency virus 1,7N6W,83G,903,B,noncovalent
Human immunodeficiency virus 1,7N6W,83G,903,C,noncovalent
Human immunodeficiency virus 1,7N6W,83G,904,A,noncovalent
Human immunodeficiency virus 1,7N6X,478,201,B,noncovalent
Human immunodeficiency virus 1,7OT6,1I4,601,A,covalent
Human immunodeficiency virus 1,7OTA,1I1,601,A,covalent
Human immunodeficiency virus 1,7OTK,1IA,601,A,covalent
Human immunodeficiency virus 1,7OTN,1IH,601,A,covalent
Human immunodeficiency virus 1,7OTN,1IH,601,C,covalent
Human immunodeficiency virus 1,7OTX,1IK,602,A,covalent
Human immunodeficiency virus 1,7OTZ,1IO,602,A,covalent
Human immunodeficiency virus 1,7OUT,1KK,602,A,noncovalent
Human immunodeficiency virus 1,7OVR,PIO,202,A,noncovalent
Human immunodeficiency virus 1,7OVR,PIO,202,D,noncovalent
Human immunodeficiency virus 1,7OVR,PIO,202,F,noncovalent
Human immunodeficiency virus 1,7OVR,PIO,202,H,noncovalent
Human immunodeficiency virus 1,7OVR,PIO,202,I,noncovalent
Human immunodeficiency virus 1,7OVR,PIO,202,J,noncovalent
Human immunodeficiency virus 1,7OVR,PIO,202,O,noncovalent
Human immunodeficiency virus 1,7OVR,PIO,202,P,noncovalent
Human immunodeficiency virus 1,7OVR,PIO,202,Q,noncovalent
Human immunodeficiency virus 1,7OVR,PIO,202,R,noncovalent
Human immunodeficiency virus 1,7OVR,PIO,202,S,noncovalent
Human immunodeficiency virus 1,7OVR,PIO,202,U,noncovalent
Human immunodeficiency virus 1,7OVR,PIO,202,W,noncovalent
Human immunodeficiency virus 1,7OVR,PIO,202,Y,noncovalent
Human immunodeficiency virus 1,7OVR,PIO,202,b,noncovalent
Human immunodeficiency virus 1,7OVR,PIO,202,c,noncovalent
Human immunodeficiency virus 1,7OVR,PIO,202,e,noncovalent
Human immunodeficiency virus 1,7OVR,PIO,202,l,noncovalent
Human immunodeficiency virus 1,7OXQ,2NU,601,C,noncovalent
Human immunodeficiency virus 1,7OZ5,3IR,901,F,noncovalent
Human immunodeficiency virus 1,7OZW,3IR,601,A,noncovalent
Human immunodeficiency virus 1,7P15,4OI,101,F,noncovalent
Human immunodeficiency virus 1,7R7P,2I4,301,I,noncovalent
Human immunodeficiency virus 1,7R7P,IHP,301,G,noncovalent
Human immunodeficiency virus 1,7R7Q,IHP,301,G,noncovalent
Human immunodeficiency virus 1,7RHN,QNG,301,C,noncovalent
Human immunodeficiency virus 1,7RJ2,QNG,301,C,noncovalent
Human immunodeficiency virus 1,7RJ4,QNG,301,A,noncovalent
Human immunodeficiency virus 1,7RJ4,QNG,301,B,noncovalent
Human immunodeficiency virus 1,7RJ4,QNG,301,C,noncovalent
Human immunodeficiency virus 1,7RMJ,61F,301,A,noncovalent
Human immunodeficiency virus 1,7RMJ,61F,301,B,noncovalent
Human immunodeficiency virus 1,7RMJ,61F,301,C,noncovalent
Human immunodeficiency virus 1,7RQ0,6I2,305,B,noncovalent
Human immunodeficiency virus 1,7SIA,9I4,301,A,noncovalent
Human immunodeficiency virus 1,7SIF,BTB,101,C,noncovalent
Human immunodeficiency virus 1,7SLR,9QI,4000,A,noncovalent
Human immunodeficiency virus 1,7SLS,9PJ,601,A,noncovalent
Human immunodeficiency virus 1,7SNL,9VI,301,A,noncovalent
Human immunodeficiency virus 1,7SNN,9WW,304,A,noncovalent
Human immunodeficiency virus 1,7SNP,9UV,601,A,noncovalent
Human immunodeficiency virus 1,7SNQ,IHP,301,B,noncovalent
Human immunodeficiency virus 1,7SNQ,IHP,301,E,noncovalent
Human immunodeficiency virus 1,7SNQ,IHP,301,G,noncovalent
Human immunodeficiency virus 1,7SNQ,IHP,301,K,noncovalent
Human immunodeficiency virus 1,7SNZ,9WI,601,A,noncovalent
Human immunodeficiency virus 1,7SO1,9W3,601,A,noncovalent
Human immunodeficiency virus 1,7SO2,9W3,601,A,noncovalent
Human immunodeficiency virus 1,7SO3,9W3,601,A,noncovalent
Human immunodeficiency virus 1,7SO4,M9A,601,A,noncovalent
Human immunodeficiency virus 1,7SO6,M9A,601,A,noncovalent
Human immunodeficiency virus 1,7T9H,GE7,302,A,noncovalent
Human immunodeficiency virus 1,7T9H,GE7,302,B,noncovalent
Human immunodeficiency virus 1,7T9O,GEI,304,A,noncovalent
Human immunodeficiency virus 1,7TAZ,VM5,601,A,noncovalent
Human immunodeficiency virus 1,7TJO,I6Q,501,A,noncovalent
Human immunodeficiency virus 1,7TJO,I6Q,501,B,noncovalent
Human immunodeficiency virus 1,7TJO,I6Q,501,C,noncovalent
Human immunodeficiency virus 1,7TJO,I6Q,501,D,noncovalent
Human immunodeficiency virus 1,7TJP,I6M,509,B,noncovalent
Human immunodeficiency virus 1,7TJP,I6M,509,C,noncovalent
Human immunodeficiency virus 1,7TJP,I6M,509,D,noncovalent
Human immunodeficiency virus 1,7TJP,I6M,510,A,noncovalent
Human immunodeficiency virus 1,7TO5,G8R,201,B,noncovalent
Human immunodeficiency virus 1,7TO6,G77,201,B,noncovalent
Human immunodeficiency virus 1,7U2U,KZD,301,A,noncovalent
Human immunodeficiency virus 1,7U5Z,LE8,601,A,noncovalent
Human immunodeficiency virus 1,7UE1,7OA,301,B,noncovalent
Human immunodeficiency virus 1,7UOQ,O20,301,A,noncovalent
Human immunodeficiency virus 1,7UPJ,INU,100,A,noncovalent
Human immunodeficiency virus 1,7URN,IHP,401,A,noncovalent
Human immunodeficiency virus 1,7URN,IHP,402,A,noncovalent
Human immunodeficiency virus 1,7URT,IHP,401,A,noncovalent
Human immunodeficiency virus 1,7URT,IHP,402,A,noncovalent
Human immunodeficiency virus 1,7WBS,8LT,101,B,noncovalent
Human immunodeficiency virus 1,7WCE,8Z3,303,A,noncovalent
Human immunodeficiency virus 1,7XIS,E58,203,A,covalent
Human immunodeficiency virus 1,7XIT,E6I,205,A,covalent
Human immunodeficiency virus 1,7XIU,E81,203,A,covalent
Human immunodeficiency virus 1,7XJ4,E9B,205,A,covalent
Human immunodeficiency virus 1,7XJ5,ECW,201,A,covalent
Human immunodeficiency virus 1,7XJ7,EGI,205,A,covalent
Human immunodeficiency virus 1,7Z24,NVP,901,A,noncovalent
Human immunodeficiency virus 1,7Z29,NVP,901,A,noncovalent
Human immunodeficiency virus 1,7Z2D,T27,601,A,noncovalent
Human immunodeficiency virus 1,7Z2E,T27,601,A,noncovalent
Human immunodeficiency virus 1,7Z2G,2KW,601,A,noncovalent
Human immunodeficiency virus 1,7Z2H,2KW,601,A,noncovalent
Human immunodeficiency virus 1,7ZUD,IHP,501,A,covalent
Human immunodeficiency virus 1,7ZUD,IHP,502,A,covalent
Human immunodeficiency virus 1,8A1P,LF0,304,D,noncovalent
Human immunodeficiency virus 1,8A1P,LF0,604,B,noncovalent
Human immunodeficiency virus 1,8A1Q,WBV,308,B,noncovalent
Human immunodeficiency virus 1,8A1Q,WBV,1301,D,noncovalent
Human immunodeficiency virus 1,8BUV,723,303,D,noncovalent
Human immunodeficiency virus 1,8BUV,723,306,B,noncovalent
Human immunodeficiency virus 1,8BV2,RWR,301,A,noncovalent
Human immunodeficiency virus 1,8CBR,RWR,501,A,noncovalent
Human immunodeficiency virus 1,8CBR,RWR,501,B,noncovalent
Human immunodeficiency virus 1,8CBS,U5L,301,D,noncovalent
Human immunodeficiency virus 1,8CBS,U5L,605,B,noncovalent
Human immunodeficiency virus 1,8CBT,W2Q,801,B,noncovalent
Human immunodeficiency virus 1,8CBT,W2Q,801,D,noncovalent
Human immunodeficiency virus 1,8CBU,U60,505,B,noncovalent
Human immunodeficiency virus 1,8CBU,U60,601,D,noncovalent
Human immunodeficiency virus 1,8CBV,U5S,501,D,noncovalent
Human immunodeficiency virus 1,8CBV,U5S,506,B,noncovalent
Human immunodeficiency virus 1,8CCW,ALY,50,B,noncovalent
Human immunodeficiency virus 1,8CT7,L3D,301,A,noncovalent
Human immunodeficiency virus 1,8CTA,L3D,301,A,noncovalent
Human immunodeficiency virus 1,8CTA,L3D,301,B,noncovalent
Human immunodeficiency virus 1,8CTA,L3D,301,E,noncovalent
Human immunodeficiency virus 1,8CTA,L3D,301,I,noncovalent
Human immunodeficiency virus 1,8CTA,L3D,301,J,noncovalent
Human immunodeficiency virus 1,8CTA,L3D,301,M,noncovalent
Human immunodeficiency virus 1,8CTA,L3D,301,N,noncovalent
Human immunodeficiency virus 1,8CTA,L3D,502,F,noncovalent
Human immunodeficiency virus 1,8CZZ,83J,601,A,noncovalent
Human immunodeficiency virus 1,8CZZ,83J,607,E,noncovalent
Human immunodeficiency virus 1,8CZZ,83J,607,I,noncovalent
Human immunodeficiency virus 1,8D3S,QD6,301,A,noncovalent
Human immunodeficiency virus 1,8D9R,GTP,1001,3,covalent
Human immunodeficiency virus 1,8D9R,GTP,1001,4,covalent
Human immunodeficiency virus 1,8D9R,GTP,1001,5,covalent
Human immunodeficiency virus 1,8D9R,GTP,1001,6,covalent
Human immunodeficiency virus 1,8D9R,GTP,1001,7,covalent
Human immunodeficiency virus 1,8D9R,GTP,1001,C,covalent
Human immunodeficiency virus 1,8D9R,GTP,1001,H,covalent
Human immunodeficiency virus 1,8D9R,GTP,1001,J,covalent
Human immunodeficiency virus 1,8D9R,GTP,1001,K,covalent
Human immunodeficiency virus 1,8D9R,GTP,1001,O,covalent
Human immunodeficiency virus 1,8D9R,GTP,1001,P,covalent
Human immunodeficiency virus 1,8D9R,GTP,1001,Q,covalent
Human immunodeficiency virus 1,8D9R,GTP,1001,X,covalent
Human immunodeficiency virus 1,8D9R,GTP,1001,Z,covalent
Human immunodeficiency virus 1,8D9R,GTP,1001,a,covalent
Human immunodeficiency virus 1,8D9R,GTP,1001,b,covalent
Human immunodeficiency virus 1,8D9R,GTP,1001,d,covalent
Human immunodeficiency virus 1,8D9S,GTP,1001,3,covalent
Human immunodeficiency virus 1,8D9S,GTP,1001,4,covalent
Human immunodeficiency virus 1,8D9S,GTP,1001,5,covalent
Human immunodeficiency virus 1,8D9S,GTP,1001,6,covalent
Human immunodeficiency virus 1,8D9S,GTP,1001,7,covalent
Human immunodeficiency virus 1,8D9S,GTP,1001,C,covalent
Human immunodeficiency virus 1,8D9S,GTP,1001,H,covalent
Human immunodeficiency virus 1,8D9S,GTP,1001,J,covalent
Human immunodeficiency virus 1,8D9S,GTP,1001,K,covalent
Human immunodeficiency virus 1,8D9S,GTP,1001,O,covalent
Human immunodeficiency virus 1,8D9S,GTP,1001,P,covalent
Human immunodeficiency virus 1,8D9S,GTP,1001,Q,covalent
Human immunodeficiency virus 1,8D9S,GTP,1001,X,covalent
Human immunodeficiency virus 1,8D9S,GTP,1001,Z,covalent
Human immunodeficiency virus 1,8D9S,GTP,1001,a,covalent
Human immunodeficiency virus 1,8D9S,GTP,1001,b,covalent
Human immunodeficiency virus 1,8D9S,GTP,1001,d,covalent
Human immunodeficiency virus 1,8DCH,G52,201,A,noncovalent
Human immunodeficiency virus 1,8DCQ,R5K,511,A,noncovalent
Human immunodeficiency virus 1,8DX2,T27,601,A,noncovalent
Human immunodeficiency virus 1,8DX2,V06,505,B,noncovalent
Human immunodeficiency virus 1,8DX2,V06,506,B,noncovalent
Human immunodeficiency virus 1,8DX2,V06,608,A,noncovalent
Human immunodeficiency virus 1,8DX2,V06,609,A,noncovalent
Human immunodeficiency virus 1,8DX3,4JH,701,A,noncovalent
Human immunodeficiency virus 1,8DX3,T27,702,A,noncovalent
Human immunodeficiency virus 1,8DX8,T27,602,A,noncovalent
Human immunodeficiency virus 1,8DX8,W15,601,A,noncovalent
Human immunodeficiency virus 1,8DXB,FIC,901,A,noncovalent
Human immunodeficiency virus 1,8DXB,FIC,902,A,noncovalent
Human immunodeficiency virus 1,8DXB,T27,903,A,noncovalent
Human immunodeficiency virus 1,8DXE,0IF,601,A,noncovalent
Human immunodeficiency virus 1,8DXE,T27,602,A,noncovalent
Human immunodeficiency virus 1,8DXG,T27,602,A,noncovalent
Human immunodeficiency virus 1,8DXG,U4D,601,A,noncovalent
Human immunodeficiency virus 1,8DXH,JBQ,601,A,noncovalent
Human immunodeficiency virus 1,8DXH,T27,602,A,noncovalent
Human immunodeficiency virus 1,8DXI,FMQ,505,B,noncovalent
Human immunodeficiency virus 1,8DXI,FMQ,609,A,noncovalent
Human immunodeficiency virus 1,8DXI,T27,601,A,noncovalent
Human immunodeficiency virus 1,8DXJ,T27,601,A,noncovalent
Human immunodeficiency virus 1,8DXJ,U43,608,A,noncovalent
Human immunodeficiency virus 1,8DXK,T27,601,A,noncovalent
Human immunodeficiency virus 1,8DXL,T27,601,A,noncovalent
Human immunodeficiency virus 1,8DXM,BML,601,A,noncovalent
Human immunodeficiency virus 1,8DXM,T27,602,A,noncovalent
Human immunodeficiency virus 1,8EEP,IHP,401,A,noncovalent
Human immunodeficiency virus 1,8EEP,IHP,402,A,noncovalent
Human immunodeficiency virus 1,8EET,IHP,401,A,noncovalent
Human immunodeficiency virus 1,8EET,IHP,402,A,noncovalent
Human immunodeficiency virus 1,8ESX,X7B,203,B,noncovalent
Human immunodeficiency virus 1,8ESY,X7B,201,B,covalent
Human immunodeficiency virus 1,8F0F,X7H,201,B,covalent
Human immunodeficiency virus 1,8F22,XBQ,300,A,noncovalent
Human immunodeficiency virus 1,8F22,XBQ,300,B,noncovalent
Human immunodeficiency virus 1,8F22,XBQ,300,C,noncovalent
Human immunodeficiency virus 1,8F22,XBQ,300,D,noncovalent
Human immunodeficiency virus 1,8F22,XBQ,300,E,noncovalent
Human immunodeficiency virus 1,8F22,XBQ,300,F,noncovalent
Human immunodeficiency virus 1,8FAD,83G,601,A,noncovalent
Human immunodeficiency virus 1,8FAD,83G,601,C,noncovalent
Human immunodeficiency virus 1,8FAD,83G,601,E,noncovalent
Human immunodeficiency virus 1,8FE8,XRB,601,A,noncovalent
Human immunodeficiency virus 1,8FFX,XU9,602,A,noncovalent
Human immunodeficiency virus 1,8FIU,Y05,303,B,noncovalent
Human immunodeficiency virus 1,8FIU,Y05,303,C,noncovalent
Human immunodeficiency virus 1,8FIU,Y05,304,A,noncovalent
Human immunodeficiency virus 1,8FLY,5VG,507,A,noncovalent
Human immunodeficiency virus 1,8FLY,5VG,507,B,noncovalent
Human immunodeficiency virus 1,8FLY,5VG,507,C,noncovalent
Human immunodeficiency virus 1,8FLY,5VG,507,D,noncovalent
Human immunodeficiency virus 1,8FLZ,7IT,507,A,noncovalent
Human immunodeficiency virus 1,8FLZ,7IT,507,B,noncovalent
Human immunodeficiency virus 1,8FLZ,7IT,507,C,noncovalent
Human immunodeficiency virus 1,8FLZ,7IT,507,D,noncovalent
Human immunodeficiency virus 1,8FM0,Y1O,507,A,noncovalent
Human immunodeficiency virus 1,8FM0,Y1O,507,B,noncovalent
Human immunodeficiency virus 1,8FM0,Y1O,507,C,noncovalent
Human immunodeficiency virus 1,8FM0,Y1O,507,D,noncovalent
Human immunodeficiency virus 1,8FM2,Y1X,507,A,noncovalent
Human immunodeficiency virus 1,8FM2,Y1X,507,B,noncovalent
Human immunodeficiency virus 1,8FM2,Y1X,507,C,noncovalent
Human immunodeficiency virus 1,8FM2,Y1X,507,D,noncovalent
Human immunodeficiency virus 1,8FM3,Y26,507,A,noncovalent
Human immunodeficiency virus 1,8FM3,Y26,507,B,noncovalent
Human immunodeficiency virus 1,8FM3,Y26,507,C,noncovalent
Human immunodeficiency virus 1,8FM3,Y26,507,D,noncovalent
Human immunodeficiency virus 1,8FM4,Y2K,507,A,noncovalent
Human immunodeficiency virus 1,8FM4,Y2K,507,B,noncovalent
Human immunodeficiency virus 1,8FM4,Y2K,507,C,noncovalent
Human immunodeficiency virus 1,8FM4,Y2K,507,D,noncovalent
Human immunodeficiency virus 1,8FM5,Y2E,507,A,noncovalent
Human immunodeficiency virus 1,8FM5,Y2E,507,B,noncovalent
Human immunodeficiency virus 1,8FM5,Y2E,507,C,noncovalent
Human immunodeficiency virus 1,8FM5,Y2E,507,D,noncovalent
Human immunodeficiency virus 1,8FM7,Y2O,507,A,noncovalent
Human immunodeficiency virus 1,8FM7,Y2O,507,B,noncovalent
Human immunodeficiency virus 1,8FM7,Y2O,507,C,noncovalent
Human immunodeficiency virus 1,8FM7,Y2O,507,D,noncovalent
Human immunodeficiency virus 1,8FM8,Y1T,507,A,noncovalent
Human immunodeficiency virus 1,8FM8,Y1T,507,B,noncovalent
Human immunodeficiency virus 1,8FM8,Y1T,507,C,noncovalent
Human immunodeficiency virus 1,8FM8,Y1T,507,D,noncovalent
Human immunodeficiency virus 1,8FN7,DLU,304,A,covalent
Human immunodeficiency virus 1,8FN7,DLU,304,G,covalent
Human immunodeficiency virus 1,8FND,DLU,304,A,covalent
Human immunodeficiency virus 1,8FND,DLU,304,G,covalent
Human immunodeficiency virus 1,8FNG,DLU,304,A,covalent
Human immunodeficiency virus 1,8FNG,DLU,304,G,covalent
Human immunodeficiency virus 1,8FNH,DLU,304,A,covalent
Human immunodeficiency virus 1,8FNH,DLU,304,G,covalent
Human immunodeficiency virus 1,8FNJ,DLU,304,A,noncovalent
Human immunodeficiency virus 1,8FNJ,DLU,304,G,noncovalent
Human immunodeficiency virus 1,8FNL,DLU,101,F,covalent
Human immunodeficiency virus 1,8FNL,DLU,101,L,covalent
Human immunodeficiency virus 1,8FNM,DLU,304,A,covalent
Human immunodeficiency virus 1,8FNM,DLU,304,G,covalent
Human immunodeficiency virus 1,8FNN,DLU,101,F,covalent
Human immunodeficiency virus 1,8FNN,DLU,304,G,covalent
Human immunodeficiency virus 1,8FNO,DLU,101,F,covalent
Human immunodeficiency virus 1,8FNO,DLU,101,L,covalent
Human immunodeficiency virus 1,8FNP,DLU,101,F,covalent
Human immunodeficiency virus 1,8FNP,DLU,101,L,covalent
Human immunodeficiency virus 1,8FNQ,OZ1,301,A,covalent
Human immunodeficiency virus 1,8FNQ,OZ1,301,G,covalent
Human immunodeficiency virus 1,8FUI,Y9R,201,A,noncovalent
Human immunodeficiency virus 1,8FUJ,Y9N,201,B,noncovalent
Human immunodeficiency virus 1,8FYM,1HC,301,B,noncovalent
Human immunodeficiency virus 1,8FYM,1HC,302,I,noncovalent
Human immunodeficiency virus 1,8FYM,1HC,701,J,noncovalent
Human immunodeficiency virus 1,8G8D,F,304,L,noncovalent
Human immunodeficiency virus 1,8GCZ,YZI,513,A,noncovalent
Human immunodeficiency virus 1,8GD0,Z3F,513,A,noncovalent
Human immunodeficiency virus 1,8GD1,Z1I,511,A,noncovalent
Human immunodeficiency virus 1,8GD3,Z1Z,512,A,noncovalent
Human immunodeficiency virus 1,8GD5,Z2O,512,A,noncovalent
Human immunodeficiency virus 1,8GDJ,Z6F,513,A,noncovalent
Human immunodeficiency virus 1,8GDK,Z7N,514,A,noncovalent
Human immunodeficiency virus 1,8GDV,IHP,301,A,noncovalent
Human immunodeficiency virus 1,8GDV,IHP,302,A,noncovalent
Human immunodeficiency virus 1,8GJT,ZNF,511,A,noncovalent
Human immunodeficiency virus 1,8HVP,LOV,5,I,noncovalent
Human immunodeficiency virus 1,8JYH,V96,203,A,covalent
Human immunodeficiency virus 1,8JYI,V9O,203,A,covalent
Human immunodeficiency virus 1,8JYJ,VA9,203,A,covalent
Human immunodeficiency virus 1,8QUB,WVZ,301,A,noncovalent
Human immunodeficiency virus 1,8QUH,AJ2,301,A,noncovalent
Human immunodeficiency virus 1,8QUI,XXL,301,A,noncovalent
Human immunodeficiency virus 1,8QUJ,WWR,405,A,noncovalent
Human immunodeficiency virus 1,8QUK,WVU,303,A,noncovalent
Human immunodeficiency virus 1,8QUL,3IP,301,A,noncovalent
Human immunodeficiency virus 1,8QUW,WZR,301,A,noncovalent
Human immunodeficiency virus 1,8QUX,S0I,302,A,noncovalent
Human immunodeficiency virus 1,8QUY,X0L,301,A,noncovalent
Human immunodeficiency virus 1,8QV1,X0H,301,A,noncovalent
Human immunodeficiency virus 1,8QV4,WZX,303,A,noncovalent
Human immunodeficiency virus 1,8QV9,WZL,301,A,noncovalent
Human immunodeficiency virus 1,8QVA,WZ9,303,A,noncovalent
Human immunodeficiency virus 1,8S9Q,WBV,301,A,noncovalent
Human immunodeficiency virus 1,8STP,29T,601,A,noncovalent
Human immunodeficiency virus 1,8STQ,3LQ,601,A,noncovalent
Human immunodeficiency virus 1,8STR,7N1,601,A,noncovalent
Human immunodeficiency virus 1,8STS,7N1,601,A,noncovalent
Human immunodeficiency virus 1,8STS,7N1,601,C,noncovalent
Human immunodeficiency virus 1,8STT,29T,602,A,noncovalent
Human immunodeficiency virus 1,8STT,29T,602,C,noncovalent
Human immunodeficiency virus 1,8STU,H9Y,602,A,noncovalent
Human immunodeficiency virus 1,8STV,3LQ,603,C,noncovalent
Human immunodeficiency virus 1,8STV,3LQ,604,A,noncovalent
Human immunodeficiency virus 1,8T52,QD6,301,A,noncovalent
Human immunodeficiency virus 1,8T5A,WBV,301,A,noncovalent
Human immunodeficiency virus 1,8T5B,QD6,301,A,noncovalent
Human immunodeficiency virus 1,8T5B,QD6,301,B,noncovalent
Human immunodeficiency virus 1,8TOV,J6U,301,A,noncovalent
Human immunodeficiency virus 1,8TOV,J6U,301,B,noncovalent
Human immunodeficiency virus 1,8TOV,J6U,301,C,noncovalent
Human immunodeficiency virus 1,8TOV,J6U,301,D,noncovalent
Human immunodeficiency virus 1,8TOV,J6U,301,E,noncovalent
Human immunodeficiency virus 1,8TOV,J6U,301,F,noncovalent
Human immunodeficiency virus 1,8TOV,J6U,301,G,noncovalent
Human immunodeficiency virus 1,8TOV,J6U,301,H,noncovalent
Human immunodeficiency virus 1,8TOV,J6U,301,I,noncovalent
Human immunodeficiency virus 1,8TOV,J6U,301,J,noncovalent
Human immunodeficiency virus 1,8TOV,J6U,301,K,noncovalent
Human immunodeficiency virus 1,8TOV,J6U,301,L,noncovalent
Human immunodeficiency virus 1,8TQP,K3L,301,A,noncovalent
Human immunodeficiency virus 1,8TQP,K3L,301,B,noncovalent
Human immunodeficiency virus 1,8TQP,K3L,301,C,noncovalent
Human immunodeficiency virus 1,8TQP,K3L,301,D,noncovalent
Human immunodeficiency virus 1,8TQP,K3L,301,E,noncovalent
Human immunodeficiency virus 1,8TQP,K3L,301,F,noncovalent
Human immunodeficiency virus 1,8TQP,K3L,301,G,noncovalent
Human immunodeficiency virus 1,8TQP,K3L,301,H,noncovalent
Human immunodeficiency virus 1,8TQP,K3L,301,I,noncovalent
Human immunodeficiency virus 1,8TQP,K3L,301,J,noncovalent
Human immunodeficiency virus 1,8TQP,K3L,301,K,noncovalent
Human immunodeficiency virus 1,8TQP,K3L,301,L,noncovalent
Human immunodeficiency virus 1,8TTW,83J,605,A,noncovalent
Human immunodeficiency virus 1,8TTW,83J,605,E,noncovalent
Human immunodeficiency virus 1,8TTW,83J,605,I,noncovalent
Human immunodeficiency virus 1,8U69,VQ0,601,A,noncovalent
Human immunodeficiency virus 1,8U6A,VQK,601,A,noncovalent
Human immunodeficiency virus 1,8U6B,VTN,601,A,noncovalent
Human immunodeficiency virus 1,8U6C,VWU,601,A,noncovalent
Human immunodeficiency virus 1,8U6D,VTS,601,A,noncovalent
Human immunodeficiency virus 1,8U6E,VTV,601,A,noncovalent
Human immunodeficiency virus 1,8U6F,VU8,601,A,noncovalent
Human immunodeficiency virus 1,8U6G,VVE,601,A,covalent
Human immunodeficiency virus 1,8U6H,VVE,601,A,covalent
Human immunodeficiency virus 1,8U6H,VVE,601,C,noncovalent
Human immunodeficiency virus 1,8U6I,VVN,601,A,noncovalent
Human immunodeficiency virus 1,8U6J,VR9,601,A,noncovalent
Human immunodeficiency virus 1,8U6K,VRF,601,A,noncovalent
Human immunodeficiency virus 1,8U6L,VRQ,601,A,noncovalent
Human immunodeficiency virus 1,8U6M,VW2,601,A,noncovalent
Human immunodeficiency virus 1,8U6N,VWK,601,A,noncovalent
Human immunodeficiency virus 1,8U6O,VWB,601,A,noncovalent
Human immunodeficiency virus 1,8U6P,VOI,601,A,noncovalent
Human immunodeficiency virus 1,8U6Q,VOU,601,A,noncovalent
Human immunodeficiency virus 1,8U6R,VP2,601,A,noncovalent
Human immunodeficiency virus 1,8U6S,VPB,601,A,noncovalent
Human immunodeficiency virus 1,8U6T,VO8,601,A,covalent
Human immunodeficiency virus 1,8W09,DLU,304,A,covalent
Human immunodeficiency virus 1,8W09,DLU,304,I,covalent
Human immunodeficiency virus 1,8W2R,DLU,304,A,covalent
Human immunodeficiency virus 1,8W2R,DLU,304,I,covalent
Human immunodeficiency virus 1,8W34,DLU,302,A,covalent
Human immunodeficiency virus 1,8W34,DLU,302,I,covalent
Human immunodeficiency virus 1,8X1Z,XTE,602,C,covalent
Human immunodeficiency virus 1,8X1Z,XTE,603,A,covalent
Human immunodeficiency virus 1,8X20,XTE,601,A,noncovalent
Human immunodeficiency virus 1,8X20,XTE,601,C,noncovalent
Human immunodeficiency virus 1,8X21,ET9,601,A,covalent
Human immunodeficiency virus 1,8X21,ET9,601,C,covalent
Human immunodeficiency virus 1,8X22,DGT,601,A,covalent
Human immunodeficiency virus 1,8X22,DGT,601,C,covalent
Human immunodeficiency virus 1,9C9M,DLU,101,F,covalent
Human immunodeficiency virus 1,9C9M,DLU,101,O,covalent
Human immunodeficiency virus 1,9CTX,017,101,A,noncovalent
Human immunodeficiency virus 1,9HVP,0E9,100,A,noncovalent
Human papillomavirus,5W1O,IDS,2,F,covalent
Human papillomavirus,5W1O,IDS,2,G,covalent
Human papillomavirus,5W1O,IDS,2,H,covalent
Human papillomavirus,5W1O,IDS,2,I,covalent
Human papillomavirus,5W1O,IDS,2,J,covalent
Human papillomavirus,5W1O,IDS,2,K,covalent
Human papillomavirus,5W1O,IDS,2,L,covalent
Human papillomavirus,5W1O,IDS,2,M,covalent
Human papillomavirus,5W1O,IDS,2,N,covalent
Human papillomavirus,5W1O,IDS,2,O,covalent
Human papillomavirus,5W1O,IDS,2,P,covalent
Human papillomavirus,5W1O,IDS,4,G,covalent
Human papillomavirus,5W1O,IDS,6,G,covalent
Human papillomavirus,5W1O,JHM,1,F,covalent
Human papillomavirus,5W1O,JHM,1,G,covalent
Human papillomavirus,5W1O,JHM,1,H,covalent
Human papillomavirus,5W1O,JHM,1,I,covalent
Human papillomavirus,5W1O,JHM,1,J,covalent
Human papillomavirus,5W1O,JHM,1,K,covalent
Human papillomavirus,5W1O,JHM,1,L,covalent
Human papillomavirus,5W1O,JHM,1,M,covalent
Human papillomavirus,5W1O,JHM,1,N,covalent
Human papillomavirus,5W1O,JHM,1,O,covalent
Human papillomavirus,5W1O,JHM,1,P,covalent
Human papillomavirus,5W1O,JHM,3,G,covalent
Human papillomavirus,5W1O,JHM,5,G,covalent
Human papillomavirus 18,5W1X,IDS,2,Q,covalent
Human papillomavirus 18,5W1X,IDS,2,S,covalent
Human papillomavirus 18,5W1X,IDS,2,T,covalent
Human papillomavirus 18,5W1X,IDS,2,U,covalent
Human papillomavirus 18,5W1X,IDS,2,V,covalent
Human papillomavirus 18,5W1X,IDS,2,W,covalent
Human papillomavirus 18,5W1X,IDS,2,X,covalent
Human papillomavirus 18,5W1X,IDS,2,Y,covalent
Human papillomavirus 18,5W1X,IDS,2,Z,covalent
Human papillomavirus 18,5W1X,IDS,2,a,covalent
Human papillomavirus 18,5W1X,IDS,2,b,covalent
Human papillomavirus 18,5W1X,IDS,2,c,covalent
Human papillomavirus 18,5W1X,IDS,2,d,covalent
Human papillomavirus 18,5W1X,IDS,2,e,covalent
Human papillomavirus 18,5W1X,IDS,2,f,covalent
Human papillomavirus 18,5W1X,IDS,2,g,covalent
Human papillomavirus 18,5W1X,IDS,2,h,covalent
Human papillomavirus 18,5W1X,IDS,2,i,covalent
Human papillomavirus 18,5W1X,IDS,2,j,covalent
Human papillomavirus 18,5W1X,IDS,2,k,covalent
Human papillomavirus 18,5W1X,IDS,2,l,covalent
Human papillomavirus 18,5W1X,IDS,2,m,covalent
Human papillomavirus 18,5W1X,IDS,2,n,covalent
Human papillomavirus 18,5W1X,IDS,2,o,covalent
Human papillomavirus 18,5W1X,IDS,2,p,covalent
Human papillomavirus 18,5W1X,IDS,2,r,covalent
Human papillomavirus 18,5W1X,IDS,2,s,noncovalent
Human papillomavirus 18,5W1X,IDS,4,Q,covalent
Human papillomavirus 18,5W1X,IDS,4,R,covalent
Human papillomavirus 18,5W1X,IDS,4,V,covalent
Human papillomavirus 18,5W1X,IDS,4,X,covalent
Human papillomavirus 18,5W1X,IDS,4,b,covalent
Human papillomavirus 18,5W1X,IDS,4,c,covalent
Human papillomavirus 18,5W1X,IDS,4,e,covalent
Human papillomavirus 18,5W1X,IDS,4,f,covalent
Human papillomavirus 18,5W1X,IDS,4,g,covalent
Human papillomavirus 18,5W1X,IDS,4,h,covalent
Human papillomavirus 18,5W1X,IDS,4,p,covalent
Human papillomavirus 18,5W1X,IDS,6,e,covalent
Human papillomavirus 18,5W1X,IDS,6,f,covalent
Human papillomavirus 18,5W1X,IDS,8,f,covalent
Human papillomavirus 18,5W1X,IDS,10,f,covalent
Human papillomavirus 18,5W1X,JHM,1,P,covalent
Human papillomavirus 18,5W1X,JHM,1,R,covalent
Human papillomavirus 18,5W1X,JHM,1,S,covalent
Human papillomavirus 18,5W1X,JHM,1,T,covalent
Human papillomavirus 18,5W1X,JHM,1,U,covalent
Human papillomavirus 18,5W1X,JHM,1,V,covalent
Human papillomavirus 18,5W1X,JHM,1,W,covalent
Human papillomavirus 18,5W1X,JHM,1,X,covalent
Human papillomavirus 18,5W1X,JHM,1,Y,covalent
Human papillomavirus 18,5W1X,JHM,1,Z,covalent
Human papillomavirus 18,5W1X,JHM,1,a,covalent
Human papillomavirus 18,5W1X,JHM,1,b,covalent
Human papillomavirus 18,5W1X,JHM,1,c,covalent
Human papillomavirus 18,5W1X,JHM,1,d,covalent
Human papillomavirus 18,5W1X,JHM,1,e,covalent
Human papillomavirus 18,5W1X,JHM,1,f,covalent
Human papillomavirus 18,5W1X,JHM,1,g,covalent
Human papillomavirus 18,5W1X,JHM,1,h,covalent
Human papillomavirus 18,5W1X,JHM,1,i,covalent
Human papillomavirus 18,5W1X,JHM,1,j,covalent
Human papillomavirus 18,5W1X,JHM,1,k,covalent
Human papillomavirus 18,5W1X,JHM,1,l,covalent
Human papillomavirus 18,5W1X,JHM,1,m,covalent
Human papillomavirus 18,5W1X,JHM,1,n,covalent
Human papillomavirus 18,5W1X,JHM,1,o,covalent
Human papillomavirus 18,5W1X,JHM,1,p,covalent
Human papillomavirus 18,5W1X,JHM,1,q,covalent
Human papillomavirus 18,5W1X,JHM,3,Q,covalent
Human papillomavirus 18,5W1X,JHM,3,R,covalent
Human papillomavirus 18,5W1X,JHM,3,V,covalent
Human papillomavirus 18,5W1X,JHM,3,X,covalent
Human papillomavirus 18,5W1X,JHM,3,b,covalent
Human papillomavirus 18,5W1X,JHM,3,c,covalent
Human papillomavirus 18,5W1X,JHM,3,e,covalent
Human papillomavirus 18,5W1X,JHM,3,f,covalent
Human papillomavirus 18,5W1X,JHM,3,g,covalent
Human papillomavirus 18,5W1X,JHM,3,h,covalent
Human papillomavirus 18,5W1X,JHM,3,p,covalent
Human papillomavirus 18,5W1X,JHM,5,e,covalent
Human papillomavirus 18,5W1X,JHM,5,f,covalent
Human papillomavirus 18,5W1X,JHM,7,f,covalent
Human papillomavirus 18,5W1X,JHM,9,f,covalent
Human papillomavirus 18,6ZFG,FSC,301,B,noncovalent
Human papillomavirus 18,6ZFG,FSC,302,A,noncovalent
Human papillomavirus 6,1R6N,434,1111,A,noncovalent
Human papillomavirus 6,1R6N,434,1112,A,noncovalent
Human papillomavirus 6,1R6N,ALQ,1113,A,noncovalent
Human papillomavirus type 16,8B87,SDY,901,A,noncovalent
Severe acute respiratory syndrome coronavirus 2,5R7Y,JFM,1001,A,noncovalent
Severe acute respiratory syndrome coronavirus 2,5R7Z,HWH,404,A,noncovalent
Severe acute respiratory syndrome coronavirus 2,5R80,RZG,404,A,noncovalent
Severe acute respiratory syndrome coronavirus 2,5R81,RZJ,1001,A,noncovalent
Severe acute respiratory syndrome coronavirus 2,5R82,RZS,1001,A,noncovalent
Severe acute respiratory syndrome coronavirus 2,5R83,K0G,404,A,noncovalent
Severe acute respiratory syndrome coronavirus 2,5R84,GWS,1001,A,noncovalent
Severe acute respiratory syndrome coronavirus 2,5RE4,SZY,404,A,noncovalent
Severe acute respiratory syndrome coronavirus 2,5RE5,T0J,404,A,noncovalent
Severe acute respiratory syndrome coronavirus 2,5RE6,O0S,404,A,noncovalent
Severe acute respiratory syndrome coronavirus 2,5RE7,T0S,404,A,noncovalent
Severe acute respiratory syndrome coronavirus 2,5RE8,T0V,404,A,noncovalent
Severe acute respiratory syndrome coronavirus 2,5RE9,LPZ,404,A,noncovalent
Severe acute respiratory syndrome coronavirus 2,5REA,JGP,404,A,noncovalent
Severe acute respiratory syndrome coronavirus 2,5REB,T0Y,404,A,noncovalent
Severe acute respiratory syndrome coronavirus 2,5REC,T1J,404,A,noncovalent
Severe acute respiratory syndrome coronavirus 2,5RED,JJG,404,A,noncovalent
Severe acute respiratory syndrome coronavirus 2,5REE,T1M,404,A,noncovalent
Severe acute respiratory syndrome coronavirus 2,5REF,6SU,404,A,noncovalent
Severe acute respiratory syndrome coronavirus 2,5REG,LWA,404,A,noncovalent
Severe acute respiratory syndrome coronavirus 2,5REH,AWP,404,A,noncovalent
Severe acute respiratory syndrome coronavirus 2,5REI,T1S,404,A,noncovalent
Severe acute respiratory syndrome coronavirus 2,5REJ,T1V,404,A,covalent
Severe acute respiratory syndrome coronavirus 2,5REK,T1Y,404,A,covalent
Severe acute respiratory syndrome coronavirus 2,5REL,T2G,404,A,covalent
Severe acute respiratory syndrome coronavirus 2,5REM,T2J,404,A,covalent
Severe acute respiratory syndrome coronavirus 2,5REN,T2V,404,A,covalent
Severe acute respiratory syndrome coronavirus 2,5REO,T2Y,404,A,covalent
Severe acute respiratory syndrome coronavirus 2,5REP,T3G,404,A,covalent
Severe acute respiratory syndrome coronavirus 2,5RER,T3J,404,A,covalent
Severe acute respiratory syndrome coronavirus 2,5RES,T3V,404,A,covalent
Severe acute respiratory syndrome coronavirus 2,5RET,T47,404,A,covalent
Severe acute respiratory syndrome coronavirus 2,5REU,T4D,404,A,covalent
Severe acute respiratory syndrome coronavirus 2,5REV,T4J,404,A,covalent
Severe acute respiratory syndrome coronavirus 2,5REW,T4M,404,A,covalent
Severe acute respiratory syndrome coronavirus 2,5REX,T4V,404,A,covalent
Severe acute respiratory syndrome coronavirus 2,5REY,T4Y,404,A,covalent
Severe acute respiratory syndrome coronavirus 2,5REZ,T54,404,A,noncovalent
Severe acute respiratory syndrome coronavirus 2,5RF0,T5D,404,A,noncovalent
Severe acute respiratory syndrome coronavirus 2,5RF1,T5G,404,A,noncovalent
Severe acute respiratory syndrome coronavirus 2,5RF2,HVB,404,A,noncovalent
Severe acute respiratory syndrome coronavirus 2,5RF3,T5V,404,A,noncovalent
Severe acute respiratory syndrome coronavirus 2,5RF4,T5Y,404,A,noncovalent
Severe acute respiratory syndrome coronavirus 2,5RF5,HV2,404,A,noncovalent
Severe acute respiratory syndrome coronavirus 2,5RF6,NTG,404,A,noncovalent
Severe acute respiratory syndrome coronavirus 2,5RF7,T67,404,A,noncovalent
Severe acute respiratory syndrome coronavirus 2,5RF8,SFY,404,A,noncovalent
Severe acute respiratory syndrome coronavirus 2,5RF9,S7D,404,A,noncovalent
Severe acute respiratory syndrome coronavirus 2,5RFA,JGY,403,A,noncovalent
Severe acute respiratory syndrome coronavirus 2,5RFB,K3S,404,A,noncovalent
Severe acute respiratory syndrome coronavirus 2,5RFC,K1Y,404,A,noncovalent
Severe acute respiratory syndrome coronavirus 2,5RFD,T6J,404,A,noncovalent
Severe acute respiratory syndrome coronavirus 2,5RFE,JGG,404,A,noncovalent
Severe acute respiratory syndrome coronavirus 2,5RFF,T6M,404,A,covalent
Severe acute respiratory syndrome coronavirus 2,5RFG,T6V,404,A,covalent
Severe acute respiratory syndrome coronavirus 2,5RFH,T6Y,404,A,covalent
Severe acute respiratory syndrome coronavirus 2,5RFI,T71,404,A,covalent
Severe acute respiratory syndrome coronavirus 2,5RFJ,T7A,404,A,covalent
Severe acute respiratory syndrome coronavirus 2,5RFK,T7D,404,A,covalent
Severe acute respiratory syndrome coronavirus 2,5RFL,T7G,404,A,covalent
Severe acute respiratory syndrome coronavirus 2,5RFM,T7J,404,A,covalent
Severe acute respiratory syndrome coronavirus 2,5RFN,T7P,404,A,covalent
Severe acute respiratory syndrome coronavirus 2,5RFO,T7S,404,A,covalent
Severe acute respiratory syndrome coronavirus 2,5RFP,T7V,404,A,covalent
Severe acute respiratory syndrome coronavirus 2,5RFQ,T7Y,404,A,covalent
Severe acute respiratory syndrome coronavirus 2,5RFR,T81,404,A,covalent
Severe acute respiratory syndrome coronavirus 2,5RFS,T84,405,A,covalent
Severe acute respiratory syndrome coronavirus 2,5RFT,T8A,404,A,covalent
Severe acute respiratory syndrome coronavirus 2,5RFU,T8D,405,A,covalent
Severe acute respiratory syndrome coronavirus 2,5RFV,T8J,404,A,covalent
Severe acute respiratory syndrome coronavirus 2,5RFW,T8M,405,A,covalent
Severe acute respiratory syndrome coronavirus 2,5RFX,T8P,404,A,covalent
Severe acute respiratory syndrome coronavirus 2,5RFY,T8S,404,A,covalent
Severe acute respiratory syndrome coronavirus 2,5RFZ,T8V,404,A,covalent
Severe acute respiratory syndrome coronavirus 2,5RG0,T8Y,405,A,covalent
Severe acute respiratory syndrome coronavirus 2,5RG1,T9J,404,A,noncovalent
Severe acute respiratory syndrome coronavirus 2,5RG2,T9M,404,A,covalent
Severe acute respiratory syndrome coronavirus 2,5RG3,T9P,405,A,covalent
Severe acute respiratory syndrome coronavirus 2,5RGG,NZD,404,A,noncovalent
Severe acute respiratory syndrome coronavirus 2,5RGH,U0M,404,A,noncovalent
Severe acute respiratory syndrome coronavirus 2,5RGI,U0P,404,A,noncovalent
Severe acute respiratory syndrome coronavirus 2,5RGJ,U0S,404,A,noncovalent
Severe acute respiratory syndrome coronavirus 2,5RGK,U0V,404,A,noncovalent
Severe acute respiratory syndrome coronavirus 2,5RGL,U0Y,404,A,covalent
Severe acute respiratory syndrome coronavirus 2,5RGM,U1D,404,A,covalent
Severe acute respiratory syndrome coronavirus 2,5RGN,U1A,404,A,covalent
Severe acute respiratory syndrome coronavirus 2,5RGO,U1G,404,A,covalent
Severe acute respiratory syndrome coronavirus 2,5RGP,U1M,404,A,covalent
Severe acute respiratory syndrome coronavirus 2,5RGQ,U1V,403,A,noncovalent
Severe acute respiratory syndrome coronavirus 2,5RGR,K1G,403,A,noncovalent
Severe acute respiratory syndrome coronavirus 2,5RGR,K1G,404,A,noncovalent
Severe acute respiratory syndrome coronavirus 2,5RGS,S7V,404,A,noncovalent
Severe acute respiratory syndrome coronavirus 2,5RGT,UHS,405,A,covalent
Severe acute respiratory syndrome coronavirus 2,5RGU,UGD,1001,A,noncovalent
Severe acute respiratory syndrome coronavirus 2,5RGV,UGG,1001,A,noncovalent
Severe acute respiratory syndrome coronavirus 2,5RGW,UGM,1001,A,noncovalent
Severe acute respiratory syndrome coronavirus 2,5RGX,UGP,1001,A,noncovalent
Severe acute respiratory syndrome coronavirus 2,5RGY,UGS,1001,A,noncovalent
Severe acute respiratory syndrome coronavirus 2,5RGZ,UH1,1001,A,noncovalent
Severe acute respiratory syndrome coronavirus 2,5RH0,UH4,1001,A,noncovalent
Severe acute respiratory syndrome coronavirus 2,5RH1,UGV,1001,A,noncovalent
Severe acute respiratory syndrome coronavirus 2,5RH2,UH7,1001,A,noncovalent
Severe acute respiratory syndrome coronavirus 2,5RH3,UHA,1001,A,noncovalent
Severe acute respiratory syndrome coronavirus 2,5RH4,UHG,1001,A,noncovalent
Severe acute respiratory syndrome coronavirus 2,5RH5,UHV,1001,A,covalent
Severe acute respiratory syndrome coronavirus 2,5RH6,UHY,405,A,covalent
Severe acute respiratory syndrome coronavirus 2,5RH7,UJ1,405,A,covalent
Severe acute respiratory syndrome coronavirus 2,5RH8,UHM,405,A,noncovalent
Severe acute respiratory syndrome coronavirus 2,5RH9,UJ4,405,A,covalent
Severe acute respiratory syndrome coronavirus 2,5RHA,T8M,1001,A,covalent
Severe acute respiratory syndrome coronavirus 2,5RHB,USD,406,A,covalent
Severe acute respiratory syndrome coronavirus 2,5RHC,USA,1001,A,covalent
Severe acute respiratory syndrome coronavirus 2,5RHD,US7,408,A,noncovalent
Severe acute respiratory syndrome coronavirus 2,5RHE,UPD,1001,A,covalent
Severe acute respiratory syndrome coronavirus 2,5RHF,UPJ,405,A,covalent
Severe acute respiratory syndrome coronavirus 2,5RL0,VEG,1001,A,covalent
Severe acute respiratory syndrome coronavirus 2,5RL1,VEJ,1001,A,covalent
Severe acute respiratory syndrome coronavirus 2,5RL2,VEM,1001,A,covalent
Severe acute respiratory syndrome coronavirus 2,5RL3,VEP,405,A,covalent
Severe acute respiratory syndrome coronavirus 2,5RL4,VEV,405,A,covalent
Severe acute respiratory syndrome coronavirus 2,5RL5,VEY,405,A,covalent
Severe acute respiratory syndrome coronavirus 2,5RL6,LJA,701,B,noncovalent
Severe acute respiratory syndrome coronavirus 2,5RL7,VVD,701,A,noncovalent
Severe acute respiratory syndrome coronavirus 2,5RL7,VVD,701,B,noncovalent
Severe acute respiratory syndrome coronavirus 2,5RL8,VVG,701,B,noncovalent
Severe acute respiratory syndrome coronavirus 2,5RL8,VVG,702,B,noncovalent
Severe acute respiratory syndrome coronavirus 2,5RL9,UR7,701,B,noncovalent
Severe acute respiratory syndrome coronavirus 2,5RLB,VVJ,701,A,noncovalent
Severe acute respiratory syndrome coronavirus 2,5RLC,VVM,701,B,noncovalent
Severe acute respiratory syndrome coronavirus 2,5RLD,VVY,701,B,noncovalent
Severe acute respiratory syndrome coronavirus 2,5RLE,VVP,701,B,noncovalent
Severe acute respiratory syndrome coronavirus 2,5RLF,NY7,701,A,noncovalent
Severe acute respiratory syndrome coronavirus 2,5RLG,VW1,701,B,noncovalent
Severe acute respiratory syndrome coronavirus 2,5RLH,K2P,701,B,noncovalent
Severe acute respiratory syndrome coronavirus 2,5RLI,JFM,701,A,noncovalent
Severe acute respiratory syndrome coronavirus 2,5RLI,JFM,701,B,noncovalent
Severe acute respiratory syndrome coronavirus 2,5RLI,JFM,702,B,noncovalent
Severe acute respiratory syndrome coronavirus 2,5RLJ,VW4,701,B,noncovalent
Severe acute respiratory syndrome coronavirus 2,5RLK,NYV,701,B,noncovalent
Severe acute respiratory syndrome coronavirus 2,5RLL,H04,701,B,noncovalent
Severe acute respiratory syndrome coronavirus 2,5RLM,VW7,701,B,noncovalent
Severe acute respiratory syndrome coronavirus 2,5RLN,NZG,701,A,noncovalent
Severe acute respiratory syndrome coronavirus 2,5RLO,UQS,701,B,noncovalent
Severe acute respiratory syndrome coronavirus 2,5RLP,VWA,701,B,noncovalent
Severe acute respiratory syndrome coronavirus 2,5RLQ,UVA,701,A,noncovalent
Severe acute respiratory syndrome coronavirus 2,5RLR,VWD,701,B,noncovalent
Severe acute respiratory syndrome coronavirus 2,5RLS,VWG,701,A,noncovalent
Severe acute respiratory syndrome coronavirus 2,5RLT,UVJ,701,B,noncovalent
Severe acute respiratory syndrome coronavirus 2,5RLU,JG4,701,A,noncovalent
Severe acute respiratory syndrome coronavirus 2,5RLU,JG4,701,B,noncovalent
Severe acute respiratory syndrome coronavirus 2,5RLV,VWJ,701,A,noncovalent
Severe acute respiratory syndrome coronavirus 2,5RLV,VWJ,701,B,noncovalent
Severe acute respiratory syndrome coronavirus 2,5RLV,VWJ,702,A,noncovalent
Severe acute respiratory syndrome coronavirus 2,5RLW,S9S,701,A,noncovalent
Severe acute respiratory syndrome coronavirus 2,5RLW,S9S,701,B,noncovalent
Severe acute respiratory syndrome coronavirus 2,5RLY,K34,701,A,noncovalent
Severe acute respiratory syndrome coronavirus 2,5RLY,K34,701,B,noncovalent
Severe acute respiratory syndrome coronavirus 2,5RLY,K34,702,B,noncovalent
Severe acute respiratory syndrome coronavirus 2,5RLZ,VWM,701,B,noncovalent
Severe acute respiratory syndrome coronavirus 2,5RM0,S7G,701,B,noncovalent
Severe acute respiratory syndrome coronavirus 2,5RM1,RY4,701,B,noncovalent
Severe acute respiratory syndrome coronavirus 2,5RM2,UXG,701,B,noncovalent
Severe acute respiratory syndrome coronavirus 2,5RM2,UXG,702,B,noncovalent
Severe acute respiratory syndrome coronavirus 2,5RM3,S7J,701,B,noncovalent
Severe acute respiratory syndrome coronavirus 2,5RM4,PK4,701,A,noncovalent
Severe acute respiratory syndrome coronavirus 2,5RM5,NUA,701,B,noncovalent
Severe acute respiratory syndrome coronavirus 2,5RM6,HR5,701,B,noncovalent
Severe acute respiratory syndrome coronavirus 2,5RM7,N0E,701,B,noncovalent
Severe acute respiratory syndrome coronavirus 2,5RM8,GQJ,701,A,noncovalent
Severe acute respiratory syndrome coronavirus 2,5RM9,EJQ,701,B,noncovalent
Severe acute respiratory syndrome coronavirus 2,5RMA,JHJ,701,B,noncovalent
Severe acute respiratory syndrome coronavirus 2,5RMB,VWV,701,A,noncovalent
Severe acute respiratory syndrome coronavirus 2,5RMC,6SU,701,B,noncovalent
Severe acute respiratory syndrome coronavirus 2,5RMD,VWY,701,A,noncovalent
Severe acute respiratory syndrome coronavirus 2,5RMD,VWY,701,B,noncovalent
Severe acute respiratory syndrome coronavirus 2,5RME,RYM,701,B,noncovalent
Severe acute respiratory syndrome coronavirus 2,5RMF,NX7,701,A,noncovalent
Severe acute respiratory syndrome coronavirus 2,5RMG,MUK,701,B,noncovalent
Severe acute respiratory syndrome coronavirus 2,5RMH,VX4,701,A,noncovalent
Severe acute respiratory syndrome coronavirus 2,5RMI,STV,701,A,noncovalent
Severe acute respiratory syndrome coronavirus 2,5RMJ,JOV,701,B,noncovalent
Severe acute respiratory syndrome coronavirus 2,5RMK,O2A,701,B,noncovalent
Severe acute respiratory syndrome coronavirus 2,5RML,VXD,701,A,noncovalent
Severe acute respiratory syndrome coronavirus 2,5RMM,VXG,701,B,noncovalent
Severe acute respiratory syndrome coronavirus 2,5RS7,W4Y,201,A,noncovalent
Severe acute respiratory syndrome coronavirus 2,5RS8,H35,201,A,noncovalent
Severe acute respiratory syndrome coronavirus 2,5RS9,W4V,201,A,noncovalent
Severe acute respiratory syndrome coronavirus 2,5RSB,W4S,201,A,noncovalent
Severe acute respiratory syndrome coronavirus 2,5RSC,W5S,201,A,noncovalent
Severe acute respiratory syndrome coronavirus 2,5RSD,1LQ,201,A,noncovalent
Severe acute respiratory syndrome coronavirus 2,5RSE,W5P,201,A,noncovalent
Severe acute respiratory syndrome coronavirus 2,5RSF,W5M,201,A,noncovalent
Severe acute respiratory syndrome coronavirus 2,5RSG,W5J,201,A,noncovalent
Severe acute respiratory syndrome coronavirus 2,5RSH,W5G,201,A,noncovalent
Severe acute respiratory syndrome coronavirus 2,5RSI,W5D,201,A,noncovalent
Severe acute respiratory syndrome coronavirus 2,5RSJ,W5A,201,A,noncovalent
Severe acute respiratory syndrome coronavirus 2,5RSK,W57,201,A,noncovalent
Severe acute respiratory syndrome coronavirus 2,5RSL,W51,201,A,noncovalent
Severe acute respiratory syndrome coronavirus 2,5RSM,4SO,201,A,noncovalent
Severe acute respiratory syndrome coronavirus 2,5RSN,51X,201,A,noncovalent
Severe acute respiratory syndrome coronavirus 2,5RSO,TYZ,201,A,noncovalent
Severe acute respiratory syndrome coronavirus 2,5RSP,LSA,201,A,noncovalent
Severe acute respiratory syndrome coronavirus 2,5RSQ,MOK,201,A,noncovalent
Severe acute respiratory syndrome coronavirus 2,5RSR,XIY,201,A,noncovalent
Severe acute respiratory syndrome coronavirus 2,5RSS,NC3,201,A,noncovalent
Severe acute respiratory syndrome coronavirus 2,5RST,5HN,201,A,noncovalent
Severe acute respiratory syndrome coronavirus 2,5RSU,OHB,201,A,noncovalent
Severe acute respiratory syndrome coronavirus 2,5RSV,4MB,201,A,noncovalent
Severe acute respiratory syndrome coronavirus 2,5RSW,6FZ,201,A,noncovalent
Severe acute respiratory syndrome coronavirus 2,5RSX,YTX,201,A,noncovalent
Severe acute respiratory syndrome coronavirus 2,5RSY,3R6,201,A,noncovalent
Severe acute respiratory syndrome coronavirus 2,5RSZ,ZZA,201,A,noncovalent
Severe acute respiratory syndrome coronavirus 2,5RT0,4BL,201,A,noncovalent
Severe acute respiratory syndrome coronavirus 2,5RT1,3A9,201,A,noncovalent
Severe acute respiratory syndrome coronavirus 2,5RT2,5OF,201,A,noncovalent
Severe acute respiratory syndrome coronavirus 2,5RT4,4BX,201,A,noncovalent
Severe acute respiratory syndrome coronavirus 2,5RT5,07L,201,A,noncovalent
Severe acute respiratory syndrome coronavirus 2,5RT6,05R,201,A,noncovalent
Severe acute respiratory syndrome coronavirus 2,5RT7,GVH,201,A,noncovalent
Severe acute respiratory syndrome coronavirus 2,5RT8,HLR,201,A,noncovalent
Severe acute respiratory syndrome coronavirus 2,5RT9,54G,201,A,noncovalent
Severe acute respiratory syndrome coronavirus 2,5RTA,Q6T,201,A,noncovalent
Severe acute respiratory syndrome coronavirus 2,5RTB,3XH,201,A,noncovalent
Severe acute respiratory syndrome coronavirus 2,5RTC,EVE,201,A,noncovalent
Severe acute respiratory syndrome coronavirus 2,5RTD,MHW,201,A,noncovalent
Severe acute respiratory syndrome coronavirus 2,5RTE,4FL,201,A,noncovalent
Severe acute respiratory syndrome coronavirus 2,5RTF,ISN,201,B,noncovalent
Severe acute respiratory syndrome coronavirus 2,5RTG,3HP,201,A,noncovalent
Severe acute respiratory syndrome coronavirus 2,5RTH,3BZ,201,A,noncovalent
Severe acute respiratory syndrome coronavirus 2,5RTI,6U6,201,A,noncovalent
Severe acute respiratory syndrome coronavirus 2,5RTJ,PHB,201,A,noncovalent
Severe acute respiratory syndrome coronavirus 2,5RTK,BZX,201,A,noncovalent
Severe acute respiratory syndrome coronavirus 2,5RTL,4J8,201,A,noncovalent
Severe acute respiratory syndrome coronavirus 2,5RTM,PZA,201,A,noncovalent
Severe acute respiratory syndrome coronavirus 2,5RTN,AQO,201,A,noncovalent
Severe acute respiratory syndrome coronavirus 2,5RTO,4PN,201,B,noncovalent
Severe acute respiratory syndrome coronavirus 2,5RTP,AOT,201,A,noncovalent
Severe acute respiratory syndrome coronavirus 2,5RTQ,4JO,201,A,noncovalent
Severe acute respiratory syndrome coronavirus 2,5RTR,SHA,201,A,noncovalent
Severe acute respiratory syndrome coronavirus 2,5RTS,0LO,201,A,noncovalent
Severe acute respiratory syndrome coronavirus 2,5RTT,NMI,201,A,noncovalent
Severe acute respiratory syndrome coronavirus 2,5RTU,1FF,201,A,noncovalent
Severe acute respiratory syndrome coronavirus 2,5RTV,PF0,201,A,noncovalent
Severe acute respiratory syndrome coronavirus 2,5RTW,OHP,201,A,noncovalent
Severe acute respiratory syndrome coronavirus 2,5RTX,6OT,201,A,noncovalent
Severe acute respiratory syndrome coronavirus 2,5RTY,HBD,201,A,noncovalent
Severe acute respiratory syndrome coronavirus 2,5RTZ,FHB,201,A,noncovalent
Severe acute respiratory syndrome coronavirus 2,5RU0,2CL,201,A,noncovalent
Severe acute respiratory syndrome coronavirus 2,5RU0,2CL,201,B,noncovalent
Severe acute respiratory syndrome coronavirus 2,5RU1,DFA,201,A,noncovalent
Severe acute respiratory syndrome coronavirus 2,5RU2,06Y,201,A,noncovalent
Severe acute respiratory syndrome coronavirus 2,5RU3,8H8,201,B,noncovalent
Severe acute respiratory syndrome coronavirus 2,5RU4,6V9,201,A,noncovalent
Severe acute respiratory syndrome coronavirus 2,5RU5,BXW,201,A,noncovalent
Severe acute respiratory syndrome coronavirus 2,5RU6,2UP,201,B,noncovalent
Severe acute respiratory syndrome coronavirus 2,5RU7,PYD,201,A,noncovalent
Severe acute respiratory syndrome coronavirus 2,5RU8,1SQ,201,A,noncovalent
Severe acute respiratory syndrome coronavirus 2,5RU9,4SV,201,A,noncovalent
Severe acute respiratory syndrome coronavirus 2,5RUA,3EU,201,A,noncovalent
Severe acute respiratory syndrome coronavirus 2,5RUC,NCA,201,A,noncovalent
Severe acute respiratory syndrome coronavirus 2,5RUD,2D0,201,A,noncovalent
Severe acute respiratory syndrome coronavirus 2,5RUE,BHA,201,A,noncovalent
Severe acute respiratory syndrome coronavirus 2,5RUF,54T,201,A,noncovalent
Severe acute respiratory syndrome coronavirus 2,5RUG,NOA,201,A,noncovalent
Severe acute respiratory syndrome coronavirus 2,5RUH,KNL,201,A,noncovalent
Severe acute respiratory syndrome coronavirus 2,5RUI,4YS,201,A,noncovalent
Severe acute respiratory syndrome coronavirus 2,5RUJ,2SX,201,A,noncovalent
Severe acute respiratory syndrome coronavirus 2,5RUK,NVU,201,A,noncovalent
Severe acute respiratory syndrome coronavirus 2,5RUL,5ZE,201,A,noncovalent
Severe acute respiratory syndrome coronavirus 2,5RUM,52F,201,A,noncovalent
Severe acute respiratory syndrome coronavirus 2,5RUN,EXB,201,A,noncovalent
Severe acute respiratory syndrome coronavirus 2,5RUO,W6A,201,A,noncovalent
Severe acute respiratory syndrome coronavirus 2,5RUP,04R,201,A,noncovalent
Severe acute respiratory syndrome coronavirus 2,5RUQ,W6D,201,A,noncovalent
Severe acute respiratory syndrome coronavirus 2,5RUR,FBB,201,A,noncovalent
Severe acute respiratory syndrome coronavirus 2,5RUS,HSM,201,A,noncovalent
Severe acute respiratory syndrome coronavirus 2,5RUT,APG,201,A,noncovalent
Severe acute respiratory syndrome coronavirus 2,5RUU,W6G,201,A,noncovalent
Severe acute respiratory syndrome coronavirus 2,5RUV,W6J,201,B,noncovalent
Severe acute respiratory syndrome coronavirus 2,5RUW,W6M,201,A,noncovalent
Severe acute respiratory syndrome coronavirus 2,5RUX,W6P,201,A,noncovalent
Severe acute respiratory syndrome coronavirus 2,5RUY,XAN,201,A,noncovalent
Severe acute respiratory syndrome coronavirus 2,5RUZ,W6S,201,A,noncovalent
Severe acute respiratory syndrome coronavirus 2,5RV0,W6V,201,A,noncovalent
Severe acute respiratory syndrome coronavirus 2,5RV1,TFA,201,A,noncovalent
Severe acute respiratory syndrome coronavirus 2,5RV2,W7S,201,A,noncovalent
Severe acute respiratory syndrome coronavirus 2,5RV3,MYI,201,A,noncovalent
Severe acute respiratory syndrome coronavirus 2,5RV4,4FS,201,A,noncovalent
Severe acute respiratory syndrome coronavirus 2,5RV5,JG8,201,A,noncovalent
Severe acute respiratory syndrome coronavirus 2,5RV6,0HN,201,A,noncovalent
Severe acute respiratory syndrome coronavirus 2,5RV7,JNZ,201,A,noncovalent
Severe acute respiratory syndrome coronavirus 2,5RV8,8EJ,201,A,noncovalent
Severe acute respiratory syndrome coronavirus 2,5RV9,EKZ,201,A,covalent
Severe acute respiratory syndrome coronavirus 2,5RV9,EKZ,201,B,covalent
Severe acute respiratory syndrome coronavirus 2,5RVA,HQD,201,A,noncovalent
Severe acute respiratory syndrome coronavirus 2,5RVB,7PD,201,A,noncovalent
Severe acute respiratory syndrome coronavirus 2,5RVC,W7V,201,A,noncovalent
Severe acute respiratory syndrome coronavirus 2,5RVD,W7Y,201,A,noncovalent
Severe acute respiratory syndrome coronavirus 2,5RVE,W8A,201,A,noncovalent
Severe acute respiratory syndrome coronavirus 2,5RVF,W8D,201,A,noncovalent
Severe acute respiratory syndrome coronavirus 2,5RVG,W8J,201,A,noncovalent
Severe acute respiratory syndrome coronavirus 2,5RVG,W8J,202,A,noncovalent
Severe acute respiratory syndrome coronavirus 2,5RVH,Q3C,201,A,noncovalent
Severe acute respiratory syndrome coronavirus 2,5RVI,CLW,201,A,noncovalent
Severe acute respiratory syndrome coronavirus 2,5RVI,CLW,201,B,noncovalent
Severe acute respiratory syndrome coronavirus 2,5RVJ,4JQ,201,A,noncovalent
Severe acute respiratory syndrome coronavirus 2,5RVK,2AK,201,A,noncovalent
Severe acute respiratory syndrome coronavirus 2,5RVL,BVF,201,A,noncovalent
Severe acute respiratory syndrome coronavirus 2,5RVM,HBD,201,A,noncovalent
Severe acute respiratory syndrome coronavirus 2,5RVN,ANN,201,A,noncovalent
Severe acute respiratory syndrome coronavirus 2,5RVO,AQO,201,A,noncovalent
Severe acute respiratory syndrome coronavirus 2,5RVP,1SQ,201,A,noncovalent
Severe acute respiratory syndrome coronavirus 2,5RVQ,4BY,201,A,noncovalent
Severe acute respiratory syndrome coronavirus 2,5RVR,LZ1,201,A,noncovalent
Severe acute respiratory syndrome coronavirus 2,5RVS,0LO,201,A,noncovalent
Severe acute respiratory syndrome coronavirus 2,5RVT,4BL,201,A,noncovalent
Severe acute respiratory syndrome coronavirus 2,5RVU,6P3,201,A,noncovalent
Severe acute respiratory syndrome coronavirus 2,5RVV,WB1,201,A,noncovalent
Severe acute respiratory syndrome coronavirus 2,5S18,WOY,201,A,noncovalent
Severe acute respiratory syndrome coronavirus 2,5S1A,WPS,201,A,noncovalent
Severe acute respiratory syndrome coronavirus 2,5S1A,WPS,201,B,noncovalent
Severe acute respiratory syndrome coronavirus 2,5S1C,WPV,201,A,noncovalent
Severe acute respiratory syndrome coronavirus 2,5S1E,WPY,201,A,noncovalent
Severe acute respiratory syndrome coronavirus 2,5S1G,WQ1,201,A,noncovalent
Severe acute respiratory syndrome coronavirus 2,5S1I,WQ4,201,A,noncovalent
Severe acute respiratory syndrome coronavirus 2,5S1K,WQ7,201,A,noncovalent
Severe acute respiratory syndrome coronavirus 2,5S1M,DE5,201,A,noncovalent
Severe acute respiratory syndrome coronavirus 2,5S1O,WQA,201,A,noncovalent
Severe acute respiratory syndrome coronavirus 2,5S1Q,WQG,201,A,noncovalent
Severe acute respiratory syndrome coronavirus 2,5S1S,WQJ,201,A,noncovalent
Severe acute respiratory syndrome coronavirus 2,5S1U,WQM,201,A,noncovalent
Severe acute respiratory syndrome coronavirus 2,5S1W,WQV,201,A,noncovalent
Severe acute respiratory syndrome coronavirus 2,5S1Y,WQY,201,A,noncovalent
Severe acute respiratory syndrome coronavirus 2,5S20,WRD,201,A,noncovalent
Severe acute respiratory syndrome coronavirus 2,5S22,WRJ,201,A,noncovalent
Severe acute respiratory syndrome coronavirus 2,5S24,WRM,201,A,noncovalent
Severe acute respiratory syndrome coronavirus 2,5S26,L46,201,A,noncovalent
Severe acute respiratory syndrome coronavirus 2,5S27,WSM,201,B,noncovalent
Severe acute respiratory syndrome coronavirus 2,5S28,WRV,201,A,noncovalent
Severe acute respiratory syndrome coronavirus 2,5S29,WRY,201,A,noncovalent
Severe acute respiratory syndrome coronavirus 2,5S2A,WS4,201,A,noncovalent
Severe acute respiratory syndrome coronavirus 2,5S2B,WSG,201,A,noncovalent
Severe acute respiratory syndrome coronavirus 2,5S2C,WSJ,201,A,noncovalent
Severe acute respiratory syndrome coronavirus 2,5S2D,U0P,601,B,noncovalent
Severe acute respiratory syndrome coronavirus 2,5S2E,VZM,401,A,noncovalent
Severe acute respiratory syndrome coronavirus 2,5S2F,K0G,501,A,noncovalent
Severe acute respiratory syndrome coronavirus 2,5S2F,K0G,502,A,noncovalent
Severe acute respiratory syndrome coronavirus 2,5S2G,JHJ,501,A,noncovalent
Severe acute respiratory syndrome coronavirus 2,5S2H,VWV,601,B,noncovalent
Severe acute respiratory syndrome coronavirus 2,5S2I,LUY,601,B,noncovalent
Severe acute respiratory syndrome coronavirus 2,5S2J,JGG,601,B,noncovalent
Severe acute respiratory syndrome coronavirus 2,5S2K,VZP,501,A,noncovalent
Severe acute respiratory syndrome coronavirus 2,5S2L,VZS,501,A,noncovalent
Severe acute respiratory syndrome coronavirus 2,5S2L,VZS,601,B,noncovalent
Severe acute respiratory syndrome coronavirus 2,5S2M,VZY,501,A,noncovalent
Severe acute respiratory syndrome coronavirus 2,5S2N,GWY,501,A,noncovalent
Severe acute respiratory syndrome coronavirus 2,5S2O,NXS,401,A,noncovalent
Severe acute respiratory syndrome coronavirus 2,5S2P,W04,401,A,noncovalent
Severe acute respiratory syndrome coronavirus 2,5S2Q,W0A,501,A,noncovalent
Severe acute respiratory syndrome coronavirus 2,5S2R,K41,601,A,noncovalent
Severe acute respiratory syndrome coronavirus 2,5S2S,GWV,501,A,noncovalent
Severe acute respiratory syndrome coronavirus 2,5S2T,W0D,401,A,noncovalent
Severe acute respiratory syndrome coronavirus 2,5S2U,VXD,601,B,noncovalent
Severe acute respiratory syndrome coronavirus 2,5S2V,W0G,601,B,noncovalent
Severe acute respiratory syndrome coronavirus 2,5S2W,GWP,401,A,noncovalent
Severe acute respiratory syndrome coronavirus 2,5S2X,W0J,601,B,noncovalent
Severe acute respiratory syndrome coronavirus 2,5S2Y,W0M,601,B,noncovalent
Severe acute respiratory syndrome coronavirus 2,5S2Z,T6J,401,A,noncovalent
Severe acute respiratory syndrome coronavirus 2,5S30,W0P,501,A,noncovalent
Severe acute respiratory syndrome coronavirus 2,5S31,W0S,601,B,noncovalent
Severe acute respiratory syndrome coronavirus 2,5S32,W0V,401,A,noncovalent
Severe acute respiratory syndrome coronavirus 2,5S33,K2G,501,A,noncovalent
Severe acute respiratory syndrome coronavirus 2,5S34,GOV,501,A,noncovalent
Severe acute respiratory syndrome coronavirus 2,5S35,B1A,501,A,noncovalent
Severe acute respiratory syndrome coronavirus 2,5S36,7ZC,501,A,noncovalent
Severe acute respiratory syndrome coronavirus 2,5S36,7ZC,601,B,noncovalent
Severe acute respiratory syndrome coronavirus 2,5S37,NZ1,401,A,noncovalent
Severe acute respiratory syndrome coronavirus 2,5S38,S7J,401,A,noncovalent
Severe acute respiratory syndrome coronavirus 2,5S39,W0Y,401,A,noncovalent
Severe acute respiratory syndrome coronavirus 2,5S3A,W17,401,A,noncovalent
Severe acute respiratory syndrome coronavirus 2,5S3B,W1A,501,A,noncovalent
Severe acute respiratory syndrome coronavirus 2,5S3C,W1D,501,A,noncovalent
Severe acute respiratory syndrome coronavirus 2,5S3D,JFP,401,A,noncovalent
Severe acute respiratory syndrome coronavirus 2,5S3E,WSY,501,A,noncovalent
Severe acute respiratory syndrome coronavirus 2,5S3F,W1J,501,A,noncovalent
Severe acute respiratory syndrome coronavirus 2,5S3G,JHS,601,A,noncovalent
Severe acute respiratory syndrome coronavirus 2,5S3H,W1M,501,A,noncovalent
Severe acute respiratory syndrome coronavirus 2,5S3I,W1P,601,B,noncovalent
Severe acute respiratory syndrome coronavirus 2,5S3J,W1S,401,A,noncovalent
Severe acute respiratory syndrome coronavirus 2,5S3K,RZS,501,A,noncovalent
Severe acute respiratory syndrome coronavirus 2,5S3L,JH4,401,A,noncovalent
Severe acute respiratory syndrome coronavirus 2,5S3M,S2S,401,A,noncovalent
Severe acute respiratory syndrome coronavirus 2,5S3N,W1V,401,A,noncovalent
Severe acute respiratory syndrome coronavirus 2,5S3O,W1Y,401,A,noncovalent
Severe acute respiratory syndrome coronavirus 2,5S3P,W21,501,A,noncovalent
Severe acute respiratory syndrome coronavirus 2,5S3Q,W2A,501,A,noncovalent
Severe acute respiratory syndrome coronavirus 2,5S3Q,W2A,601,B,noncovalent
Severe acute respiratory syndrome coronavirus 2,5S3Q,W2A,602,B,noncovalent
Severe acute respiratory syndrome coronavirus 2,5S3R,W24,201,B,noncovalent
Severe acute respiratory syndrome coronavirus 2,5S3S,W27,401,A,noncovalent
Severe acute respiratory syndrome coronavirus 2,5S3T,W2G,401,A,noncovalent
Severe acute respiratory syndrome coronavirus 2,5S3T,W2G,601,B,noncovalent
Severe acute respiratory syndrome coronavirus 2,5S3U,W2J,501,A,noncovalent
Severe acute respiratory syndrome coronavirus 2,5S3V,W2M,601,B,noncovalent
Severe acute respiratory syndrome coronavirus 2,5S3W,W2S,601,B,noncovalent
Severe acute respiratory syndrome coronavirus 2,5S3X,W2V,401,A,noncovalent
Severe acute respiratory syndrome coronavirus 2,5S3Y,W2Y,601,B,noncovalent
Severe acute respiratory syndrome coronavirus 2,5S3Z,W34,501,A,noncovalent
Severe acute respiratory syndrome coronavirus 2,5S40,HHQ,401,A,noncovalent
Severe acute respiratory syndrome coronavirus 2,5S41,HGQ,401,A,noncovalent
Severe acute respiratory syndrome coronavirus 2,5S42,HH8,401,A,noncovalent
Severe acute respiratory syndrome coronavirus 2,5S43,UUJ,601,B,noncovalent
Severe acute respiratory syndrome coronavirus 2,5S44,W3A,501,A,noncovalent
Severe acute respiratory syndrome coronavirus 2,5S45,W3D,501,A,noncovalent
Severe acute respiratory syndrome coronavirus 2,5S46,HYN,401,A,noncovalent
Severe acute respiratory syndrome coronavirus 2,5S47,BAQ,401,A,noncovalent
Severe acute respiratory syndrome coronavirus 2,5S47,BAQ,402,A,noncovalent
Severe acute respiratory syndrome coronavirus 2,5S48,HRZ,401,A,noncovalent
Severe acute respiratory syndrome coronavirus 2,5S48,HRZ,601,B,noncovalent
Severe acute respiratory syndrome coronavirus 2,5S49,3TR,201,B,noncovalent
Severe acute respiratory syndrome coronavirus 2,5S49,3TR,401,A,noncovalent
Severe acute respiratory syndrome coronavirus 2,5S49,3TR,402,A,noncovalent
Severe acute respiratory syndrome coronavirus 2,5S4A,4AP,201,A,noncovalent
Severe acute respiratory syndrome coronavirus 2,5S4A,4AP,601,B,noncovalent
Severe acute respiratory syndrome coronavirus 2,5S4A,4AP,602,B,noncovalent
Severe acute respiratory syndrome coronavirus 2,5S4A,4AP,603,B,noncovalent
Severe acute respiratory syndrome coronavirus 2,5S4B,W3G,401,A,noncovalent
Severe acute respiratory syndrome coronavirus 2,5S4C,W3J,501,A,noncovalent
Severe acute respiratory syndrome coronavirus 2,5S4C,W3J,502,A,noncovalent
Severe acute respiratory syndrome coronavirus 2,5S4C,W3J,503,A,noncovalent
Severe acute respiratory syndrome coronavirus 2,5S4C,W3J,601,B,noncovalent
Severe acute respiratory syndrome coronavirus 2,5S4C,W3J,602,B,noncovalent
Severe acute respiratory syndrome coronavirus 2,5S4D,2OP,501,A,covalent
Severe acute respiratory syndrome coronavirus 2,5S4E,W3M,201,B,noncovalent
Severe acute respiratory syndrome coronavirus 2,5S4E,W3M,902,A,noncovalent
Severe acute respiratory syndrome coronavirus 2,5S4E,W3M,903,A,noncovalent
Severe acute respiratory syndrome coronavirus 2,5S4F,W3P,401,A,noncovalent
Severe acute respiratory syndrome coronavirus 2,5S4G,W3S,401,A,noncovalent
Severe acute respiratory syndrome coronavirus 2,5S4H,W3V,501,A,noncovalent
Severe acute respiratory syndrome coronavirus 2,5S4I,W3Y,501,A,noncovalent
Severe acute respiratory syndrome coronavirus 2,5S4J,W41,401,A,noncovalent
Severe acute respiratory syndrome coronavirus 2,5S4K,W44,601,B,noncovalent
Severe acute respiratory syndrome coronavirus 2,5S6X,WUG,402,A,noncovalent
Severe acute respiratory syndrome coronavirus 2,5S6X,WUG,402,B,noncovalent
Severe acute respiratory syndrome coronavirus 2,5S6Y,WUJ,402,A,noncovalent
Severe acute respiratory syndrome coronavirus 2,5S6Y,WUJ,402,B,noncovalent
Severe acute respiratory syndrome coronavirus 2,5S6Z,WUM,402,A,noncovalent
Severe acute respiratory syndrome coronavirus 2,5S6Z,WUM,402,B,noncovalent
Severe acute respiratory syndrome coronavirus 2,5S70,WUS,402,B,noncovalent
Severe acute respiratory syndrome coronavirus 2,5S71,WUV,402,A,noncovalent
Severe acute respiratory syndrome coronavirus 2,5S71,WUV,402,B,noncovalent
Severe acute respiratory syndrome coronavirus 2,5S72,WUY,402,A,noncovalent
Severe acute respiratory syndrome coronavirus 2,5SA4,K3A,401,B,noncovalent
Severe acute respiratory syndrome coronavirus 2,5SA5,ZQA,402,B,noncovalent
Severe acute respiratory syndrome coronavirus 2,5SA6,O3G,401,A,noncovalent
Severe acute respiratory syndrome coronavirus 2,5SA6,O3G,401,B,noncovalent
Severe acute respiratory syndrome coronavirus 2,5SA7,WL7,401,A,noncovalent
Severe acute respiratory syndrome coronavirus 2,5SA8,JOV,401,A,noncovalent
Severe acute respiratory syndrome coronavirus 2,5SA8,JOV,401,B,noncovalent
Severe acute respiratory syndrome coronavirus 2,5SA9,GWG,401,B,noncovalent
Severe acute respiratory syndrome coronavirus 2,5SAA,ZQD,402,A,noncovalent
Severe acute respiratory syndrome coronavirus 2,5SAA,ZQD,402,B,noncovalent
Severe acute respiratory syndrome coronavirus 2,5SAB,WJD,402,B,noncovalent
Severe acute respiratory syndrome coronavirus 2,5SAC,VWG,402,B,noncovalent
Severe acute respiratory syndrome coronavirus 2,5SAD,EJW,401,B,noncovalent
Severe acute respiratory syndrome coronavirus 2,5SAE,W3G,402,A,noncovalent
Severe acute respiratory syndrome coronavirus 2,5SAE,W3G,402,B,noncovalent
Severe acute respiratory syndrome coronavirus 2,5SAF,WOY,401,B,noncovalent
Severe acute respiratory syndrome coronavirus 2,5SAF,WOY,402,A,noncovalent
Severe acute respiratory syndrome coronavirus 2,5SAG,ZQG,401,B,noncovalent
Severe acute respiratory syndrome coronavirus 2,5SAH,ZQJ,401,B,noncovalent
Severe acute respiratory syndrome coronavirus 2,5SAH,ZQJ,501,A,noncovalent
Severe acute respiratory syndrome coronavirus 2,5SAI,ZQM,401,B,noncovalent
Severe acute respiratory syndrome coronavirus 2,5SKW,LF6,601,D,noncovalent
Severe acute respiratory syndrome coronavirus 2,5SKX,T6J,601,D,noncovalent
Severe acute respiratory syndrome coronavirus 2,5SKY,O2M,606,D,noncovalent
Severe acute respiratory syndrome coronavirus 2,5SKZ,NVD,606,D,noncovalent
Severe acute respiratory syndrome coronavirus 2,5SL0,B0V,606,D,noncovalent
Severe acute respiratory syndrome coronavirus 2,5SL0,B0V,607,D,noncovalent
Severe acute respiratory syndrome coronavirus 2,5SL1,O2A,606,D,noncovalent
Severe acute respiratory syndrome coronavirus 2,5SL2,LFO,606,D,noncovalent
Severe acute respiratory syndrome coronavirus 2,5SL3,LGR,606,D,noncovalent
Severe acute respiratory syndrome coronavirus 2,5SL4,LHR,606,D,noncovalent
Severe acute respiratory syndrome coronavirus 2,5SL4,LHR,607,D,noncovalent
Severe acute respiratory syndrome coronavirus 2,5SL5,WNV,606,D,noncovalent
Severe acute respiratory syndrome coronavirus 2,5SL6,60P,606,D,noncovalent
Severe acute respiratory syndrome coronavirus 2,5SL6,60P,607,D,noncovalent
Severe acute respiratory syndrome coronavirus 2,5SL7,W0G,606,D,noncovalent
Severe acute respiratory syndrome coronavirus 2,5SL8,JGD,606,D,noncovalent
Severe acute respiratory syndrome coronavirus 2,5SL9,O0S,606,D,noncovalent
Severe acute respiratory syndrome coronavirus 2,5SLA,LJR,606,D,noncovalent
Severe acute respiratory syndrome coronavirus 2,5SLA,LJR,607,D,noncovalent
Severe acute respiratory syndrome coronavirus 2,5SLB,LJK,606,D,noncovalent
Severe acute respiratory syndrome coronavirus 2,5SLC,U1V,606,D,noncovalent
Severe acute respiratory syndrome coronavirus 2,5SLD,LJ6,606,D,noncovalent
Severe acute respiratory syndrome coronavirus 2,5SLE,JGA,606,D,noncovalent
Severe acute respiratory syndrome coronavirus 2,5SLE,JGA,607,D,noncovalent
Severe acute respiratory syndrome coronavirus 2,5SLF,LJA,606,D,noncovalent
Severe acute respiratory syndrome coronavirus 2,5SLF,LJA,607,D,noncovalent
Severe acute respiratory syndrome coronavirus 2,5SLG,NZJ,606,D,noncovalent
Severe acute respiratory syndrome coronavirus 2,5SLH,LLU,606,D,noncovalent
Severe acute respiratory syndrome coronavirus 2,5SLI,LL0,606,D,noncovalent
Severe acute respiratory syndrome coronavirus 2,5SLI,LL0,607,D,noncovalent
Severe acute respiratory syndrome coronavirus 2,5SLI,LL0,608,D,noncovalent
Severe acute respiratory syndrome coronavirus 2,5SLJ,LKU,606,D,noncovalent
Severe acute respiratory syndrome coronavirus 2,5SLK,LKL,606,D,noncovalent
Severe acute respiratory syndrome coronavirus 2,5SLL,LK6,606,D,noncovalent
Severe acute respiratory syndrome coronavirus 2,5SLM,WN1,606,D,noncovalent
Severe acute respiratory syndrome coronavirus 2,5SLN,LUY,606,D,noncovalent
Severe acute respiratory syndrome coronavirus 2,5SLO,JJM,606,D,noncovalent
Severe acute respiratory syndrome coronavirus 2,5SLP,UWY,606,D,noncovalent
Severe acute respiratory syndrome coronavirus 2,5SLQ,ELQ,606,D,noncovalent
Severe acute respiratory syndrome coronavirus 2,5SLR,LO6,606,D,noncovalent
Severe acute respiratory syndrome coronavirus 2,5SLS,SZE,606,D,noncovalent
Severe acute respiratory syndrome coronavirus 2,5SLT,LNS,606,D,noncovalent
Severe acute respiratory syndrome coronavirus 2,5SLU,UX1,606,D,noncovalent
Severe acute respiratory syndrome coronavirus 2,5SLU,UX1,607,D,noncovalent
Severe acute respiratory syndrome coronavirus 2,5SLV,EJQ,606,D,noncovalent
Severe acute respiratory syndrome coronavirus 2,5SLW,U0V,606,D,noncovalent
Severe acute respiratory syndrome coronavirus 2,5SLW,U0V,607,D,noncovalent
Severe acute respiratory syndrome coronavirus 2,5SLX,LMW,606,D,noncovalent
Severe acute respiratory syndrome coronavirus 2,5SLX,LMW,607,D,noncovalent
Severe acute respiratory syndrome coronavirus 2,5SLY,LM6,606,D,noncovalent
Severe acute respiratory syndrome coronavirus 2,5SLZ,LQP,606,D,noncovalent
Severe acute respiratory syndrome coronavirus 2,5SM0,LQI,606,D,noncovalent
Severe acute respiratory syndrome coronavirus 2,5SM1,WH1,606,D,noncovalent
Severe acute respiratory syndrome coronavirus 2,5SM2,LQ3,606,D,noncovalent
Severe acute respiratory syndrome coronavirus 2,5SM2,LQ3,607,D,noncovalent
Severe acute respiratory syndrome coronavirus 2,5SM3,GT4,606,D,noncovalent
Severe acute respiratory syndrome coronavirus 2,5SM4,AWD,606,D,noncovalent
Severe acute respiratory syndrome coronavirus 2,5SM5,S5J,606,D,noncovalent
Severe acute respiratory syndrome coronavirus 2,5SM6,K1A,606,D,noncovalent
Severe acute respiratory syndrome coronavirus 2,5SM7,LPU,606,D,noncovalent
Severe acute respiratory syndrome coronavirus 2,5SM8,WKA,606,D,noncovalent
Severe acute respiratory syndrome coronavirus 2,5SM9,VZS,606,D,noncovalent
Severe acute respiratory syndrome coronavirus 2,5SMA,NZD,606,D,noncovalent
Severe acute respiratory syndrome coronavirus 2,5SMB,LRR,606,D,noncovalent
Severe acute respiratory syndrome coronavirus 2,5SMC,LRF,606,D,noncovalent
Severe acute respiratory syndrome coronavirus 2,5SMC,LRF,607,D,noncovalent
Severe acute respiratory syndrome coronavirus 2,5SMD,WKS,606,D,noncovalent
Severe acute respiratory syndrome coronavirus 2,5SME,I8D,606,D,noncovalent
Severe acute respiratory syndrome coronavirus 2,5SMF,K1S,606,D,noncovalent
Severe acute respiratory syndrome coronavirus 2,5SMF,K1S,607,D,noncovalent
Severe acute respiratory syndrome coronavirus 2,5SMG,LR9,606,D,noncovalent
Severe acute respiratory syndrome coronavirus 2,5SMH,7ZC,606,D,noncovalent
Severe acute respiratory syndrome coronavirus 2,5SMI,LQV,606,D,noncovalent
Severe acute respiratory syndrome coronavirus 2,5SML,O3R,404,A,noncovalent
Severe acute respiratory syndrome coronavirus 2,5SMM,O46,404,A,noncovalent
Severe acute respiratory syndrome coronavirus 2,5SMN,O4F,404,A,noncovalent
Severe acute respiratory syndrome coronavirus 2,5SOI,WVG,201,A,covalent
Severe acute respiratory syndrome coronavirus 2,5SOI,WYY,202,A,covalent
Severe acute respiratory syndrome coronavirus 2,5SOJ,RWQ,201,A,noncovalent
Severe acute respiratory syndrome coronavirus 2,5SOK,RVO,201,A,noncovalent
Severe acute respiratory syndrome coronavirus 2,5SOL,WVM,201,A,noncovalent
Severe acute respiratory syndrome coronavirus 2,5SOM,WVY,201,A,noncovalent
Severe acute respiratory syndrome coronavirus 2,5SON,WW1,201,A,noncovalent
Severe acute respiratory syndrome coronavirus 2,5SOO,WW4,201,A,noncovalent
Severe acute respiratory syndrome coronavirus 2,5SOP,RYI,201,A,noncovalent
Severe acute respiratory syndrome coronavirus 2,5SOQ,WWJ,201,A,covalent
Severe acute respiratory syndrome coronavirus 2,5SOR,WWP,201,A,noncovalent
Severe acute respiratory syndrome coronavirus 2,5SOS,WWS,201,A,noncovalent
Severe acute respiratory syndrome coronavirus 2,5SOT,S1O,202,A,covalent
Severe acute respiratory syndrome coronavirus 2,5SOT,WX4,201,A,covalent
Severe acute respiratory syndrome coronavirus 2,5SOU,RZ9,202,A,covalent
Severe acute respiratory syndrome coronavirus 2,5SOU,WX7,201,A,covalent
Severe acute respiratory syndrome coronavirus 2,5SOV,WXA,202,A,covalent
Severe acute respiratory syndrome coronavirus 2,5SOV,WXD,201,A,covalent
Severe acute respiratory syndrome coronavirus 2,5SOW,WXG,201,A,noncovalent
Severe acute respiratory syndrome coronavirus 2,5SOX,WXJ,201,A,covalent
Severe acute respiratory syndrome coronavirus 2,5SOY,WXS,201,A,noncovalent
Severe acute respiratory syndrome coronavirus 2,5SOZ,WXY,201,A,noncovalent
Severe acute respiratory syndrome coronavirus 2,5SP0,WY7,201,A,noncovalent
Severe acute respiratory syndrome coronavirus 2,5SP1,WYA,201,A,noncovalent
Severe acute respiratory syndrome coronavirus 2,5SP2,S3E,202,A,covalent
Severe acute respiratory syndrome coronavirus 2,5SP2,WYG,201,A,covalent
Severe acute respiratory syndrome coronavirus 2,5SP3,WYJ,201,A,noncovalent
Severe acute respiratory syndrome coronavirus 2,5SP4,RWL,201,A,noncovalent
Severe acute respiratory syndrome coronavirus 2,5SP6,RXX,201,A,noncovalent
Severe acute respiratory syndrome coronavirus 2,5SP6,RXX,202,A,noncovalent
Severe acute respiratory syndrome coronavirus 2,5SP7,RVS,201,A,noncovalent
Severe acute respiratory syndrome coronavirus 2,5SP7,RVS,202,A,noncovalent
Severe acute respiratory syndrome coronavirus 2,5SP8,RXI,201,A,noncovalent
Severe acute respiratory syndrome coronavirus 2,5SP9,RWC,201,B,noncovalent
Severe acute respiratory syndrome coronavirus 2,5SPA,RY6,201,A,covalent
Severe acute respiratory syndrome coronavirus 2,5SPA,RY6,202,A,covalent
Severe acute respiratory syndrome coronavirus 2,5SPA,RYC,203,A,covalent
Severe acute respiratory syndrome coronavirus 2,5SPB,S09,201,A,covalent
Severe acute respiratory syndrome coronavirus 2,5SPB,S0T,202,A,covalent
Severe acute respiratory syndrome coronavirus 2,5SPC,QLF,201,A,covalent
Severe acute respiratory syndrome coronavirus 2,5SPC,QLU,202,A,covalent
Severe acute respiratory syndrome coronavirus 2,5SPD,QRU,203,A,covalent
Severe acute respiratory syndrome coronavirus 2,5SPD,QYJ,201,A,covalent
Severe acute respiratory syndrome coronavirus 2,5SPD,QYJ,202,A,covalent
Severe acute respiratory syndrome coronavirus 2,5SPE,S1F,201,A,noncovalent
Severe acute respiratory syndrome coronavirus 2,5SPF,RYQ,201,A,noncovalent
Severe acute respiratory syndrome coronavirus 2,5SPG,RZI,201,A,noncovalent
Severe acute respiratory syndrome coronavirus 2,5SPG,RZI,202,A,noncovalent
Severe acute respiratory syndrome coronavirus 2,5SPH,RZR,201,A,noncovalent
Severe acute respiratory syndrome coronavirus 2,5SPI,S1X,201,A,covalent
Severe acute respiratory syndrome coronavirus 2,5SPI,S2R,202,A,covalent
Severe acute respiratory syndrome coronavirus 2,5SPJ,S3R,201,A,noncovalent
Severe acute respiratory syndrome coronavirus 2,5SPK,S4F,201,A,noncovalent
Severe acute respiratory syndrome coronavirus 2,5SPL,RW5,201,A,noncovalent
Severe acute respiratory syndrome coronavirus 2,5SPM,S4O,201,A,noncovalent
Severe acute respiratory syndrome coronavirus 2,5SPN,S50,201,A,noncovalent
Severe acute respiratory syndrome coronavirus 2,5SPO,S5F,201,B,noncovalent
Severe acute respiratory syndrome coronavirus 2,5SPP,S5U,201,A,noncovalent
Severe acute respiratory syndrome coronavirus 2,5SPP,S5U,202,A,noncovalent
Severe acute respiratory syndrome coronavirus 2,5SPQ,S63,201,A,noncovalent
Severe acute respiratory syndrome coronavirus 2,5SPR,S6C,201,A,noncovalent
Severe acute respiratory syndrome coronavirus 2,5SPS,S6N,201,A,noncovalent
Severe acute respiratory syndrome coronavirus 2,5SPT,S6U,303,A,noncovalent
Severe acute respiratory syndrome coronavirus 2,5SPU,S7F,201,A,noncovalent
Severe acute respiratory syndrome coronavirus 2,5SPV,S7O,201,A,noncovalent
Severe acute respiratory syndrome coronavirus 2,5SPW,S5O,201,A,noncovalent
Severe acute respiratory syndrome coronavirus 2,5SPX,QIW,201,A,covalent
Severe acute respiratory syndrome coronavirus 2,5SPX,QIW,202,A,covalent
Severe acute respiratory syndrome coronavirus 2,5SPY,QJ0,201,A,noncovalent
Severe acute respiratory syndrome coronavirus 2,5SPZ,QJC,201,A,noncovalent
Severe acute respiratory syndrome coronavirus 2,5SQ0,QJG,201,A,noncovalent
Severe acute respiratory syndrome coronavirus 2,5SQ1,QJO,201,A,noncovalent
Severe acute respiratory syndrome coronavirus 2,5SQ2,QJU,201,A,covalent
Severe acute respiratory syndrome coronavirus 2,5SQ3,QK6,201,A,noncovalent
Severe acute respiratory syndrome coronavirus 2,5SQ4,QKC,201,A,noncovalent
Severe acute respiratory syndrome coronavirus 2,5SQ4,QKC,202,A,noncovalent
Severe acute respiratory syndrome coronavirus 2,5SQ5,QKL,201,A,covalent
Severe acute respiratory syndrome coronavirus 2,5SQ5,QKX,202,A,covalent
Severe acute respiratory syndrome coronavirus 2,5SQ6,QL6,201,A,noncovalent
Severe acute respiratory syndrome coronavirus 2,5SQ7,QM6,201,A,noncovalent
Severe acute respiratory syndrome coronavirus 2,5SQ8,QMF,201,A,covalent
Severe acute respiratory syndrome coronavirus 2,5SQ9,QMO,201,A,covalent
Severe acute respiratory syndrome coronavirus 2,5SQ9,QN0,202,A,covalent
Severe acute respiratory syndrome coronavirus 2,5SQA,QNF,201,A,covalent
Severe acute respiratory syndrome coronavirus 2,5SQA,QNV,202,A,covalent
Severe acute respiratory syndrome coronavirus 2,5SQA,QNV,203,A,covalent
Severe acute respiratory syndrome coronavirus 2,5SQB,QO3,201,A,covalent
Severe acute respiratory syndrome coronavirus 2,5SQB,QOF,202,A,covalent
Severe acute respiratory syndrome coronavirus 2,5SQC,QOR,201,A,covalent
Severe acute respiratory syndrome coronavirus 2,5SQC,QP9,202,A,covalent
Severe acute respiratory syndrome coronavirus 2,5SQD,QPL,201,A,covalent
Severe acute respiratory syndrome coronavirus 2,5SQD,QPX,202,A,covalent
Severe acute respiratory syndrome coronavirus 2,5SQD,QPX,203,A,covalent
Severe acute respiratory syndrome coronavirus 2,5SQE,QR0,201,A,noncovalent
Severe acute respiratory syndrome coronavirus 2,5SQF,QQ9,201,A,noncovalent
Severe acute respiratory syndrome coronavirus 2,5SQG,QQI,201,A,covalent
Severe acute respiratory syndrome coronavirus 2,5SQG,QQR,202,A,covalent
Severe acute respiratory syndrome coronavirus 2,5SQH,QR6,201,A,noncovalent
Severe acute respiratory syndrome coronavirus 2,5SQI,QRC,201,A,covalent
Severe acute respiratory syndrome coronavirus 2,5SQI,QRC,202,A,covalent
Severe acute respiratory syndrome coronavirus 2,5SQI,QRI,203,A,covalent
Severe acute respiratory syndrome coronavirus 2,5SQJ,QRU,302,A,noncovalent
Severe acute respiratory syndrome coronavirus 2,5SQK,QS6,201,A,noncovalent
Severe acute respiratory syndrome coronavirus 2,5SQL,QSL,201,A,covalent
Severe acute respiratory syndrome coronavirus 2,5SQL,QSL,201,B,covalent
Severe acute respiratory syndrome coronavirus 2,5SQM,QT0,201,A,noncovalent
Severe acute respiratory syndrome coronavirus 2,5SQN,QT6,201,A,covalent
Severe acute respiratory syndrome coronavirus 2,5SQO,QTF,201,A,noncovalent
Severe acute respiratory syndrome coronavirus 2,5SQP,QTO,201,A,noncovalent
Severe acute respiratory syndrome coronavirus 2,5SQQ,QU3,201,A,noncovalent
Severe acute respiratory syndrome coronavirus 2,5SQR,QUC,201,A,noncovalent
Severe acute respiratory syndrome coronavirus 2,5SQS,QVC,201,A,noncovalent
Severe acute respiratory syndrome coronavirus 2,5SQT,QUR,201,A,noncovalent
Severe acute respiratory syndrome coronavirus 2,5SQT,QV1,201,B,noncovalent
Severe acute respiratory syndrome coronavirus 2,5SQU,QVL,402,A,noncovalent
Severe acute respiratory syndrome coronavirus 2,5SQU,QVL,403,A,noncovalent
Severe acute respiratory syndrome coronavirus 2,5SQV,QVX,201,A,noncovalent
Severe acute respiratory syndrome coronavirus 2,5SQW,QW3,201,A,covalent
Severe acute respiratory syndrome coronavirus 2,5SQW,QWC,202,A,covalent
Severe acute respiratory syndrome coronavirus 2,5SQX,QWX,201,A,covalent
Severe acute respiratory syndrome coronavirus 2,5SQX,QX5,202,A,covalent
Severe acute respiratory syndrome coronavirus 2,5SQY,QWO,201,A,noncovalent
Severe acute respiratory syndrome coronavirus 2,5SQZ,QXC,201,A,noncovalent
Severe acute respiratory syndrome coronavirus 2,5SQZ,QXC,202,A,noncovalent
Severe acute respiratory syndrome coronavirus 2,5SR0,QXS,201,A,covalent
Severe acute respiratory syndrome coronavirus 2,5SR0,QY0,202,A,covalent
Severe acute respiratory syndrome coronavirus 2,5SR1,QXL,201,A,noncovalent
Severe acute respiratory syndrome coronavirus 2,5SR1,QXL,201,B,covalent
Severe acute respiratory syndrome coronavirus 2,5SR1,QXL,202,B,covalent
Severe acute respiratory syndrome coronavirus 2,5SR2,QYC,201,A,noncovalent
Severe acute respiratory syndrome coronavirus 2,5SR3,QYJ,201,A,noncovalent
Severe acute respiratory syndrome coronavirus 2,5SR3,QYJ,202,A,noncovalent
Severe acute respiratory syndrome coronavirus 2,5SR4,QYO,201,A,covalent
Severe acute respiratory syndrome coronavirus 2,5SR4,QYU,202,A,covalent
Severe acute respiratory syndrome coronavirus 2,5SR5,QZ6,201,A,noncovalent
Severe acute respiratory syndrome coronavirus 2,5SR6,QZF,201,A,noncovalent
Severe acute respiratory syndrome coronavirus 2,5SR6,QZF,202,A,noncovalent
Severe acute respiratory syndrome coronavirus 2,5SR7,QZO,201,A,covalent
Severe acute respiratory syndrome coronavirus 2,5SR7,QZX,202,A,covalent
Severe acute respiratory syndrome coronavirus 2,5SR8,R0A,201,A,noncovalent
Severe acute respiratory syndrome coronavirus 2,5SR9,R0H,201,A,noncovalent
Severe acute respiratory syndrome coronavirus 2,5SRA,R0L,201,A,noncovalent
Severe acute respiratory syndrome coronavirus 2,5SRA,R0L,202,A,noncovalent
Severe acute respiratory syndrome coronavirus 2,5SRB,R0R,201,A,covalent
Severe acute respiratory syndrome coronavirus 2,5SRB,R0W,202,A,covalent
Severe acute respiratory syndrome coronavirus 2,5SRC,QIO,201,A,covalent
Severe acute respiratory syndrome coronavirus 2,5SRC,QIR,202,A,covalent
Severe acute respiratory syndrome coronavirus 2,5SRD,R8K,201,A,noncovalent
Severe acute respiratory syndrome coronavirus 2,5SRE,R8R,201,A,covalent
Severe acute respiratory syndrome coronavirus 2,5SRE,R8R,202,A,covalent
Severe acute respiratory syndrome coronavirus 2,5SRF,R8Z,201,A,noncovalent
Severe acute respiratory syndrome coronavirus 2,5SRG,R98,201,A,noncovalent
Severe acute respiratory syndrome coronavirus 2,5SRG,R98,202,A,noncovalent
Severe acute respiratory syndrome coronavirus 2,5SRH,R9F,303,A,noncovalent
Severe acute respiratory syndrome coronavirus 2,5SRH,TFA,301,A,noncovalent
Severe acute respiratory syndrome coronavirus 2,5SRI,R9F,201,A,noncovalent
Severe acute respiratory syndrome coronavirus 2,5SRJ,R9L,201,A,noncovalent
Severe acute respiratory syndrome coronavirus 2,5SRK,R9U,201,A,noncovalent
Severe acute respiratory syndrome coronavirus 2,5SRL,RA3,201,A,noncovalent
Severe acute respiratory syndrome coronavirus 2,5SRM,RBB,201,A,noncovalent
Severe acute respiratory syndrome coronavirus 2,5SRM,RBB,202,A,noncovalent
Severe acute respiratory syndrome coronavirus 2,5SRN,RBO,201,A,covalent
Severe acute respiratory syndrome coronavirus 2,5SRN,RC3,202,A,covalent
Severe acute respiratory syndrome coronavirus 2,5SRO,RCR,201,A,covalent
Severe acute respiratory syndrome coronavirus 2,5SRO,RD6,202,A,covalent
Severe acute respiratory syndrome coronavirus 2,5SRP,RDN,201,A,covalent
Severe acute respiratory syndrome coronavirus 2,5SRP,TFA,202,A,covalent
Severe acute respiratory syndrome coronavirus 2,5SRQ,RDU,201,A,noncovalent
Severe acute respiratory syndrome coronavirus 2,5SRR,RF0,201,A,noncovalent
Severe acute respiratory syndrome coronavirus 2,5SRS,RFI,201,A,covalent
Severe acute respiratory syndrome coronavirus 2,5SRS,RFU,202,A,covalent
Severe acute respiratory syndrome coronavirus 2,5SRT,RG5,201,A,noncovalent
Severe acute respiratory syndrome coronavirus 2,5SRU,RGF,201,A,noncovalent
Severe acute respiratory syndrome coronavirus 2,5SRV,RI3,201,A,noncovalent
Severe acute respiratory syndrome coronavirus 2,5SRW,RI7,201,A,noncovalent
Severe acute respiratory syndrome coronavirus 2,5SRX,RIK,201,A,covalent
Severe acute respiratory syndrome coronavirus 2,5SRY,RIW,201,A,noncovalent
Severe acute respiratory syndrome coronavirus 2,5SRZ,RIZ,201,A,covalent
Severe acute respiratory syndrome coronavirus 2,5SRZ,RJ9,202,A,covalent
Severe acute respiratory syndrome coronavirus 2,5SS0,RJL,201,A,covalent
Severe acute respiratory syndrome coronavirus 2,5SS1,RJS,201,A,noncovalent
Severe acute respiratory syndrome coronavirus 2,5SS2,RK0,201,A,noncovalent
Severe acute respiratory syndrome coronavirus 2,5SS3,RK9,201,A,noncovalent
Severe acute respiratory syndrome coronavirus 2,5SS4,RKI,201,A,noncovalent
Severe acute respiratory syndrome coronavirus 2,5SS5,RKU,201,A,noncovalent
Severe acute respiratory syndrome coronavirus 2,5SS6,RL5,201,A,noncovalent
Severe acute respiratory syndrome coronavirus 2,5SS7,RL9,201,B,noncovalent
Severe acute respiratory syndrome coronavirus 2,5SS8,RLN,201,A,noncovalent
Severe acute respiratory syndrome coronavirus 2,5SS9,RLU,201,A,noncovalent
Severe acute respiratory syndrome coronavirus 2,5SSA,RM6,201,A,noncovalent
Severe acute respiratory syndrome coronavirus 2,5SSB,RMU,201,A,noncovalent
Severe acute respiratory syndrome coronavirus 2,5SSC,RNC,201,A,noncovalent
Severe acute respiratory syndrome coronavirus 2,5SSD,RNL,201,A,noncovalent
Severe acute respiratory syndrome coronavirus 2,5SSE,ROO,201,A,noncovalent
Severe acute respiratory syndrome coronavirus 2,5SSF,RP0,201,A,noncovalent
Severe acute respiratory syndrome coronavirus 2,5SSG,RPU,201,A,noncovalent
Severe acute respiratory syndrome coronavirus 2,5SSH,RQ8,201,A,noncovalent
Severe acute respiratory syndrome coronavirus 2,5SSI,RQC,201,A,noncovalent
Severe acute respiratory syndrome coronavirus 2,5SSJ,RQI,201,A,noncovalent
Severe acute respiratory syndrome coronavirus 2,5SSK,RQR,201,A,noncovalent
Severe acute respiratory syndrome coronavirus 2,5SSL,RR3,201,A,noncovalent
Severe acute respiratory syndrome coronavirus 2,5SSL,RR3,202,A,noncovalent
Severe acute respiratory syndrome coronavirus 2,5SSM,RRF,201,A,covalent
Severe acute respiratory syndrome coronavirus 2,5SSM,RS0,202,A,covalent
Severe acute respiratory syndrome coronavirus 2,5SSN,RS9,201,A,noncovalent
Severe acute respiratory syndrome coronavirus 2,5SSO,RSR,201,A,covalent
Severe acute respiratory syndrome coronavirus 2,5SSO,RT5,202,A,covalent
Severe acute respiratory syndrome coronavirus 2,5SSP,RTI,201,A,covalent
Severe acute respiratory syndrome coronavirus 2,5SSP,RTU,202,A,covalent
Severe acute respiratory syndrome coronavirus 2,5SSQ,RV3,201,A,noncovalent
Severe acute respiratory syndrome coronavirus 2,5SSR,RVF,201,A,noncovalent
Severe acute respiratory syndrome coronavirus 2,6LU7,010,6,C,covalent
Severe acute respiratory syndrome coronavirus 2,6LU7,02J,1,C,noncovalent
Severe acute respiratory syndrome coronavirus 2,6LU7,PJE,5,C,covalent
Severe acute respiratory syndrome coronavirus 2,6LZE,FHR,405,A,covalent
Severe acute respiratory syndrome coronavirus 2,6M0K,FJC,405,A,covalent
Severe acute respiratory syndrome coronavirus 2,6M2N,3WL,401,A,noncovalent
Severe acute respiratory syndrome coronavirus 2,6M2N,3WL,401,B,noncovalent
Severe acute respiratory syndrome coronavirus 2,6M2N,3WL,401,C,noncovalent
Severe acute respiratory syndrome coronavirus 2,6M2N,3WL,401,D,noncovalent
Severe acute respiratory syndrome coronavirus 2,6W02,APR,201,A,noncovalent
Severe acute respiratory syndrome coronavirus 2,6W02,APR,201,B,noncovalent
Severe acute respiratory syndrome coronavirus 2,6W4H,SAM,7102,A,noncovalent
Severe acute respiratory syndrome coronavirus 2,6W61,SAM,7104,A,noncovalent
Severe acute respiratory syndrome coronavirus 2,6W63,X77,401,A,noncovalent
Severe acute respiratory syndrome coronavirus 2,6W75,SAM,7102,A,noncovalent
Severe acute respiratory syndrome coronavirus 2,6W75,SAM,7105,C,noncovalent
Severe acute respiratory syndrome coronavirus 2,6W79,X77,402,A,noncovalent
Severe acute respiratory syndrome coronavirus 2,6WJT,SAH,7102,A,noncovalent
Severe acute respiratory syndrome coronavirus 2,6WJT,SAH,7102,C,noncovalent
Severe acute respiratory syndrome coronavirus 2,6WKQ,SFG,7103,A,noncovalent
Severe acute respiratory syndrome coronavirus 2,6WKQ,SFG,7103,C,noncovalent
Severe acute respiratory syndrome coronavirus 2,6WLC,U5P,401,A,noncovalent
Severe acute respiratory syndrome coronavirus 2,6WLC,U5P,401,B,noncovalent
Severe acute respiratory syndrome coronavirus 2,6WNP,U5G,401,A,covalent
Severe acute respiratory syndrome coronavirus 2,6WOJ,APR,201,A,noncovalent
Severe acute respiratory syndrome coronavirus 2,6WOJ,APR,201,B,noncovalent
Severe acute respiratory syndrome coronavirus 2,6WOJ,APR,201,C,noncovalent
Severe acute respiratory syndrome coronavirus 2,6WOJ,APR,201,D,noncovalent
Severe acute respiratory syndrome coronavirus 2,6WQ3,GTA,7102,A,noncovalent
Severe acute respiratory syndrome coronavirus 2,6WQ3,SAH,7101,A,noncovalent
Severe acute respiratory syndrome coronavirus 2,6WRZ,GTA,7102,A,noncovalent
Severe acute respiratory syndrome coronavirus 2,6WRZ,MGP,7103,A,noncovalent
Severe acute respiratory syndrome coronavirus 2,6WRZ,SAH,7101,A,noncovalent
Severe acute respiratory syndrome coronavirus 2,6WTJ,K36,401,A,covalent
Severe acute respiratory syndrome coronavirus 2,6WTK,UED,401,A,covalent
Severe acute respiratory syndrome coronavirus 2,6WTT,B1S,401,C,covalent
Severe acute respiratory syndrome coronavirus 2,6WTT,K36,401,A,covalent
Severe acute respiratory syndrome coronavirus 2,6WTT,K36,401,B,covalent
Severe acute respiratory syndrome coronavirus 2,6WVN,GTA,7113,A,noncovalent
Severe acute respiratory syndrome coronavirus 2,6WVN,MGP,7114,A,noncovalent
Severe acute respiratory syndrome coronavirus 2,6WVN,SAM,7112,A,noncovalent
Severe acute respiratory syndrome coronavirus 2,6WXC,CMU,401,A,noncovalent
Severe acute respiratory syndrome coronavirus 2,6WXC,CMU,401,B,noncovalent
Severe acute respiratory syndrome coronavirus 2,6X4I,U3P,401,A,noncovalent
Severe acute respiratory syndrome coronavirus 2,6X4I,U3P,401,B,noncovalent
Severe acute respiratory syndrome coronavirus 2,6XA4,UXS,4,B,covalent
Severe acute respiratory syndrome coronavirus 2,6XA9,AYE,157,B,covalent
Severe acute respiratory syndrome coronavirus 2,6XA9,AYE,157,D,covalent
Severe acute respiratory syndrome coronavirus 2,6XA9,AYE,157,F,covalent
Severe acute respiratory syndrome coronavirus 2,6XAA,AYE,76,B,covalent
Severe acute respiratory syndrome coronavirus 2,6XBH,ELL,3,C,covalent
Severe acute respiratory syndrome coronavirus 2,6XCH,AR7,4,C,covalent
Severe acute respiratory syndrome coronavirus 2,6XEZ,1N7,707,E,noncovalent
Severe acute respiratory syndrome coronavirus 2,6XEZ,1N7,1005,A,noncovalent
Severe acute respiratory syndrome coronavirus 2,6XEZ,1N7,1006,A,noncovalent
Severe acute respiratory syndrome coronavirus 2,6XEZ,AF3,705,E,covalent
Severe acute respiratory syndrome coronavirus 2,6XEZ,AF3,1004,F,covalent
Severe acute respiratory syndrome coronavirus 2,6XFN,APY,4,B,covalent
Severe acute respiratory syndrome coronavirus 2,6XFN,V1V,3,B,covalent
Severe acute respiratory syndrome coronavirus 2,6XHM,V2M,9001,A,covalent
Severe acute respiratory syndrome coronavirus 2,6XHM,V2M,9001,B,covalent
Severe acute respiratory syndrome coronavirus 2,6XKF,CSX,145,A,noncovalent
Severe acute respiratory syndrome coronavirus 2,6XKF,CSX,145,B,noncovalent
Severe acute respiratory syndrome coronavirus 2,6XKM,SAM,7102,A,noncovalent
Severe acute respiratory syndrome coronavirus 2,6XMK,QYS,401,A,covalent
Severe acute respiratory syndrome coronavirus 2,6XMK,QYS,401,B,covalent
Severe acute respiratory syndrome coronavirus 2,6XQS,SV6,401,A,covalent
Severe acute respiratory syndrome coronavirus 2,6XQT,NNA,401,A,covalent
Severe acute respiratory syndrome coronavirus 2,6XQT,NNA,401,B,covalent
Severe acute respiratory syndrome coronavirus 2,6XQU,U5G,401,A,covalent
Severe acute respiratory syndrome coronavirus 2,6XR3,V7G,401,A,covalent
Severe acute respiratory syndrome coronavirus 2,6Y2F,O6K,502,A,covalent
Severe acute respiratory syndrome coronavirus 2,6Y2G,O6K,621,B,covalent
Severe acute respiratory syndrome coronavirus 2,6Y2G,O6K,694,A,covalent
Severe acute respiratory syndrome coronavirus 2,6YLA,MLI,301,B,noncovalent
Severe acute respiratory syndrome coronavirus 2,6YLA,MLI,301,H,noncovalent
Severe acute respiratory syndrome coronavirus 2,6YLA,MLI,302,B,noncovalent
Severe acute respiratory syndrome coronavirus 2,6YLA,MLI,303,B,noncovalent
Severe acute respiratory syndrome coronavirus 2,6YLA,MLI,304,B,noncovalent
Severe acute respiratory syndrome coronavirus 2,6YLA,MLI,304,C,noncovalent
Severe acute respiratory syndrome coronavirus 2,6YLA,MLI,304,H,noncovalent
Severe acute respiratory syndrome coronavirus 2,6YLA,MLI,305,C,noncovalent
Severe acute respiratory syndrome coronavirus 2,6YLA,MLI,305,H,noncovalent
Severe acute respiratory syndrome coronavirus 2,6YLA,MLI,306,C,noncovalent
Severe acute respiratory syndrome coronavirus 2,6YLA,MLI,903,E,noncovalent
Severe acute respiratory syndrome coronavirus 2,6YLA,MLI,908,E,noncovalent
Severe acute respiratory syndrome coronavirus 2,6YLA,PG0,902,A,noncovalent
Severe acute respiratory syndrome coronavirus 2,6YNQ,P6N,401,A,covalent
Severe acute respiratory syndrome coronavirus 2,6YVF,A82,401,A,noncovalent
Severe acute respiratory syndrome coronavirus 2,6YWL,APR,201,A,noncovalent
Severe acute respiratory syndrome coronavirus 2,6YWL,APR,201,B,noncovalent
Severe acute respiratory syndrome coronavirus 2,6YWL,APR,201,C,noncovalent
Severe acute respiratory syndrome coronavirus 2,6YWL,APR,201,D,noncovalent
Severe acute respiratory syndrome coronavirus 2,6YWL,APR,201,E,noncovalent
Severe acute respiratory syndrome coronavirus 2,6YZ1,SFG,301,A,noncovalent
Severe acute respiratory syndrome coronavirus 2,6Z4U,15P,100,B,noncovalent
Severe acute respiratory syndrome coronavirus 2,6Z5T,APR,401,A,noncovalent
Severe acute respiratory syndrome coronavirus 2,6Z5T,APR,401,B,noncovalent
Severe acute respiratory syndrome coronavirus 2,6Z6I,A1R,401,A,noncovalent
Severe acute respiratory syndrome coronavirus 2,6Z6I,A1R,401,B,noncovalent
Severe acute respiratory syndrome coronavirus 2,6Z6I,A1R,401,C,noncovalent
Severe acute respiratory syndrome coronavirus 2,6Z6I,A1R,401,D,noncovalent
Severe acute respiratory syndrome coronavirus 2,6Z6I,A1R,406,A,noncovalent
Severe acute respiratory syndrome coronavirus 2,6Z6I,A1R,407,C,noncovalent
Severe acute respiratory syndrome coronavirus 2,6Z6I,MPO,403,B,noncovalent
Severe acute respiratory syndrome coronavirus 2,6Z72,A3R,401,A,noncovalent
Severe acute respiratory syndrome coronavirus 2,6Z72,A3R,401,B,noncovalent
Severe acute respiratory syndrome coronavirus 2,6Z72,A3R,401,C,noncovalent
Severe acute respiratory syndrome coronavirus 2,6Z72,A3R,401,D,noncovalent
Severe acute respiratory syndrome coronavirus 2,6Z72,MLT,402,D,noncovalent
Severe acute respiratory syndrome coronavirus 2,6ZB4,EIC,1311,B,noncovalent
Severe acute respiratory syndrome coronavirus 2,6ZB4,EIC,1407,C,noncovalent
Severe acute respiratory syndrome coronavirus 2,6ZB4,EIC,2110,A,noncovalent
Severe acute respiratory syndrome coronavirus 2,6ZB5,EIC,1309,B,noncovalent
Severe acute respiratory syndrome coronavirus 2,6ZB5,EIC,1310,B,noncovalent
Severe acute respiratory syndrome coronavirus 2,6ZB5,EIC,1407,C,noncovalent
Severe acute respiratory syndrome coronavirus 2,6ZOZ,BLA,1314,A,noncovalent
Severe acute respiratory syndrome coronavirus 2,6ZOZ,BLA,1314,B,noncovalent
Severe acute respiratory syndrome coronavirus 2,6ZOZ,BLA,1314,C,noncovalent
Severe acute respiratory syndrome coronavirus 2,6ZP2,BLA,2101,A,noncovalent
Severe acute respiratory syndrome coronavirus 2,6ZP2,BLA,2101,B,noncovalent
Severe acute respiratory syndrome coronavirus 2,6ZP2,BLA,2101,C,noncovalent
Severe acute respiratory syndrome coronavirus 2,6ZP2,EIC,2112,A,noncovalent
Severe acute respiratory syndrome coronavirus 2,6ZP2,EIC,2112,B,noncovalent
Severe acute respiratory syndrome coronavirus 2,6ZP2,EIC,2116,A,noncovalent
Severe acute respiratory syndrome coronavirus 2,6ZRT,SV6,602,A,covalent
Severe acute respiratory syndrome coronavirus 2,6ZRU,U5G,503,A,covalent
Severe acute respiratory syndrome coronavirus 2,7A1U,FUA,401,A,noncovalent
Severe acute respiratory syndrome coronavirus 2,7AAP,GE6,1601,T,covalent
Severe acute respiratory syndrome coronavirus 2,7AAP,POP,1005,A,covalent
Severe acute respiratory syndrome coronavirus 2,7ABU,R6Q,401,A,noncovalent
Severe acute respiratory syndrome coronavirus 2,7ADW,R7Q,504,A,covalent
Severe acute respiratory syndrome coronavirus 2,7AEG,CF0,5,B,covalent
Severe acute respiratory syndrome coronavirus 2,7AEG,PHQ,1,B,covalent
Severe acute respiratory syndrome coronavirus 2,7AEH,R8H,405,A,covalent
Severe acute respiratory syndrome coronavirus 2,7AF0,R9W,504,A,noncovalent
Severe acute respiratory syndrome coronavirus 2,7AGA,LZE,401,A,noncovalent
Severe acute respiratory syndrome coronavirus 2,7AHA,SIN,409,A,covalent
Severe acute respiratory syndrome coronavirus 2,7AKU,EJM,3,C,covalent
Severe acute respiratory syndrome coronavirus 2,7AMJ,RMZ,409,A,noncovalent
Severe acute respiratory syndrome coronavirus 2,7ANS,RNW,405,A,noncovalent
Severe acute respiratory syndrome coronavirus 2,7AOL,RQH,403,A,noncovalent
Severe acute respiratory syndrome coronavirus 2,7AP6,RQN,401,A,covalent
Severe acute respiratory syndrome coronavirus 2,7AQE,RV5,404,A,noncovalent
Severe acute respiratory syndrome coronavirus 2,7AQI,QEL,401,A,noncovalent
Severe acute respiratory syndrome coronavirus 2,7AQJ,RV8,402,A,covalent
Severe acute respiratory syndrome coronavirus 2,7AQJ,S7H,401,A,covalent
Severe acute respiratory syndrome coronavirus 2,7ARF,RVW,401,A,covalent
Severe acute respiratory syndrome coronavirus 2,7AU4,RY5,403,A,noncovalent
Severe acute respiratory syndrome coronavirus 2,7AVD,S1W,401,B,noncovalent
Severe acute respiratory syndrome coronavirus 2,7AWR,S7W,401,A,covalent
Severe acute respiratory syndrome coronavirus 2,7AWS,S8E,401,A,covalent
Severe acute respiratory syndrome coronavirus 2,7AWU,S8B,501,A,noncovalent
Severe acute respiratory syndrome coronavirus 2,7AWW,CLU,401,A,noncovalent
Severe acute respiratory syndrome coronavirus 2,7AX6,S8H,401,A,covalent
Severe acute respiratory syndrome coronavirus 2,7AXM,93J,502,A,noncovalent
Severe acute respiratory syndrome coronavirus 2,7AXO,QCP,506,A,noncovalent
Severe acute respiratory syndrome coronavirus 2,7AY7,S8T,401,A,noncovalent
Severe acute respiratory syndrome coronavirus 2,7AY7,S8T,402,A,noncovalent
Severe acute respiratory syndrome coronavirus 2,7B2J,SQ2,401,A,noncovalent
Severe acute respiratory syndrome coronavirus 2,7B2U,SQ5,401,A,noncovalent
Severe acute respiratory syndrome coronavirus 2,7B2U,SQ5,401,B,noncovalent
Severe acute respiratory syndrome coronavirus 2,7B3B,F86,13,P,covalent
Severe acute respiratory syndrome coronavirus 2,7B3C,F86,12,P,covalent
Severe acute respiratory syndrome coronavirus 2,7B3E,MYC,407,A,covalent
Severe acute respiratory syndrome coronavirus 2,7B3E,MYC,606,B,covalent
Severe acute respiratory syndrome coronavirus 2,7B5Z,SYH,405,A,noncovalent
Severe acute respiratory syndrome coronavirus 2,7B62,BLA,1301,A,noncovalent
Severe acute respiratory syndrome coronavirus 2,7B77,T0W,405,A,noncovalent
Severe acute respiratory syndrome coronavirus 2,7B83,PK8,401,A,covalent
Severe acute respiratory syndrome coronavirus 2,7BAK,SE,401,A,covalent
Severe acute respiratory syndrome coronavirus 2,7BAL,SE,401,A,covalent
Severe acute respiratory syndrome coronavirus 2,7BE7,ALD,401,A,covalent
Severe acute respiratory syndrome coronavirus 2,7BE7,ALD,702,B,covalent
Severe acute respiratory syndrome coronavirus 2,7BEM,PRO,802,E,noncovalent
Severe acute respiratory syndrome coronavirus 2,7BEM,PRO,803,E,noncovalent
Severe acute respiratory syndrome coronavirus 2,7BEM,PRO,804,E,noncovalent
Severe acute respiratory syndrome coronavirus 2,7BEM,PRO,805,E,noncovalent
Severe acute respiratory syndrome coronavirus 2,7BEN,PG6,301,L,noncovalent
Severe acute respiratory syndrome coronavirus 2,7BEN,PG6,402,F,noncovalent
Severe acute respiratory syndrome coronavirus 2,7BF4,5GP,201,A,noncovalent
Severe acute respiratory syndrome coronavirus 2,7BF5,A2R,201,B,noncovalent
Severe acute respiratory syndrome coronavirus 2,7BF5,A2R,202,A,covalent
Severe acute respiratory syndrome coronavirus 2,7BF5,A2R,202,C,noncovalent
Severe acute respiratory syndrome coronavirus 2,7BF5,A2R,202,E,noncovalent
Severe acute respiratory syndrome coronavirus 2,7BF6,U08,201,A,noncovalent
Severe acute respiratory syndrome coronavirus 2,7BF6,U08,201,B,noncovalent
Severe acute respiratory syndrome coronavirus 2,7BF6,U08,201,C,noncovalent
Severe acute respiratory syndrome coronavirus 2,7BFB,9JT,401,A,covalent
Severe acute respiratory syndrome coronavirus 2,7BFB,9JT,402,A,covalent
Severe acute respiratory syndrome coronavirus 2,7BFB,9JT,403,A,covalent
Severe acute respiratory syndrome coronavirus 2,7BFB,9JT,1002,B,covalent
Severe acute respiratory syndrome coronavirus 2,7BFB,9JT,1005,B,noncovalent
Severe acute respiratory syndrome coronavirus 2,7BGP,ALD,401,B,covalent
Severe acute respiratory syndrome coronavirus 2,7BGP,ALD,402,A,covalent
Severe acute respiratory syndrome coronavirus 2,7BQ7,SAM,301,A,noncovalent
Severe acute respiratory syndrome coronavirus 2,7BQY,010,6,C,covalent
Severe acute respiratory syndrome coronavirus 2,7BQY,02J,1,C,noncovalent
Severe acute respiratory syndrome coronavirus 2,7BQY,PJE,5,C,covalent
Severe acute respiratory syndrome coronavirus 2,7BRP,U5G,401,A,covalent
Severe acute respiratory syndrome coronavirus 2,7BRP,U5G,401,B,covalent
Severe acute respiratory syndrome coronavirus 2,7BUY,JRY,401,A,covalent
Severe acute respiratory syndrome coronavirus 2,7BV2,F86,101,P,covalent
Severe acute respiratory syndrome coronavirus 2,7BV2,POP,1003,A,noncovalent
Severe acute respiratory syndrome coronavirus 2,7C2I,SAM,301,A,noncovalent
Severe acute respiratory syndrome coronavirus 2,7C2J,SAM,301,A,noncovalent
Severe acute respiratory syndrome coronavirus 2,7C2K,F86,4,G,covalent
Severe acute respiratory syndrome coronavirus 2,7C33,APR,201,A,noncovalent
Severe acute respiratory syndrome coronavirus 2,7C33,APR,201,B,noncovalent
Severe acute respiratory syndrome coronavirus 2,7C33,APR,201,C,noncovalent
Severe acute respiratory syndrome coronavirus 2,7C33,APR,201,D,noncovalent
Severe acute respiratory syndrome coronavirus 2,7C6S,U5G,401,A,covalent
Severe acute respiratory syndrome coronavirus 2,7C6U,K36,401,A,covalent
Severe acute respiratory syndrome coronavirus 2,7C7P,SV6,401,A,covalent
Severe acute respiratory syndrome coronavirus 2,7C7P,SV6,401,B,covalent
Severe acute respiratory syndrome coronavirus 2,7C8B,CF0,5,D,covalent
Severe acute respiratory syndrome coronavirus 2,7C8B,FL6,4,D,covalent
Severe acute respiratory syndrome coronavirus 2,7C8B,PHQ,1,D,covalent
Severe acute respiratory syndrome coronavirus 2,7C8R,TG3,401,A,covalent
Severe acute respiratory syndrome coronavirus 2,7C8T,NOL,401,A,covalent
Severe acute respiratory syndrome coronavirus 2,7C8U,K36,401,A,covalent
Severe acute respiratory syndrome coronavirus 2,7CA8,FNO,301,A,noncovalent
Severe acute respiratory syndrome coronavirus 2,7CB7,B1S,401,B,covalent
Severe acute respiratory syndrome coronavirus 2,7CB7,B1S,403,A,covalent
Severe acute respiratory syndrome coronavirus 2,7CB7,K36,402,A,covalent
Severe acute respiratory syndrome coronavirus 2,7CB7,K36,402,B,covalent
Severe acute respiratory syndrome coronavirus 2,7CBT,K36,401,A,covalent
Severe acute respiratory syndrome coronavirus 2,7CBT,K36,401,B,covalent
Severe acute respiratory syndrome coronavirus 2,7CJM,TTT,401,B,noncovalent
Severe acute respiratory syndrome coronavirus 2,7CMD,TTT,502,B,noncovalent
Severe acute respiratory syndrome coronavirus 2,7CMD,TTT,601,A,noncovalent
Severe acute respiratory syndrome coronavirus 2,7CMD,TTT,601,C,noncovalent
Severe acute respiratory syndrome coronavirus 2,7CMD,TTT,601,D,noncovalent
Severe acute respiratory syndrome coronavirus 2,7COM,U5G,401,A,covalent
Severe acute respiratory syndrome coronavirus 2,7COM,U5G,401,B,covalent
Severe acute respiratory syndrome coronavirus 2,7CTT,GE6,1004,A,noncovalent
Severe acute respiratory syndrome coronavirus 2,7CUT,CF0,5,B,covalent
Severe acute respiratory syndrome coronavirus 2,7CUT,FL6,4,B,covalent
Severe acute respiratory syndrome coronavirus 2,7CUT,PHQ,1,B,covalent
Severe acute respiratory syndrome coronavirus 2,7CUU,ALD,502,A,covalent
Severe acute respiratory syndrome coronavirus 2,7CUU,ALD,505,B,covalent
Severe acute respiratory syndrome coronavirus 2,7CX9,GKF,401,A,covalent
Severe acute respiratory syndrome coronavirus 2,7CYQ,GDP,1003,A,covalent
Severe acute respiratory syndrome coronavirus 2,7CZ4,APR,201,A,noncovalent
Severe acute respiratory syndrome coronavirus 2,7CZ4,APR,201,B,noncovalent
Severe acute respiratory syndrome coronavirus 2,7D1M,K36,401,A,covalent
Severe acute respiratory syndrome coronavirus 2,7D1M,K36,401,B,covalent
Severe acute respiratory syndrome coronavirus 2,7D1O,NNA,401,A,covalent
Severe acute respiratory syndrome coronavirus 2,7D30,BU2,1309,A,noncovalent
Severe acute respiratory syndrome coronavirus 2,7D30,BU2,1310,A,noncovalent
Severe acute respiratory syndrome coronavirus 2,7D30,BU2,1311,A,noncovalent
Severe acute respiratory syndrome coronavirus 2,7D30,BU2,2110,B,noncovalent
Severe acute respiratory syndrome coronavirus 2,7D30,BU2,2111,B,noncovalent
Severe acute respiratory syndrome coronavirus 2,7D3I,GQU,401,A,covalent
Severe acute respiratory syndrome coronavirus 2,7D4F,H3U,1003,A,noncovalent
Severe acute respiratory syndrome coronavirus 2,7D4F,H3U,1004,A,noncovalent
Severe acute respiratory syndrome coronavirus 2,7D7K,CFF,402,A,noncovalent
Severe acute respiratory syndrome coronavirus 2,7D7K,CFF,402,B,noncovalent
Severe acute respiratory syndrome coronavirus 2,7D7L,CFF,402,A,noncovalent
Severe acute respiratory syndrome coronavirus 2,7D7L,CFF,402,B,noncovalent
Severe acute respiratory syndrome coronavirus 2,7D7L,GXU,403,A,noncovalent
Severe acute respiratory syndrome coronavirus 2,7D7L,GXU,403,B,noncovalent
Severe acute respiratory syndrome coronavirus 2,7D7L,GXU,404,A,noncovalent
Severe acute respiratory syndrome coronavirus 2,7D7L,GXU,404,B,noncovalent
Severe acute respiratory syndrome coronavirus 2,7D7L,GXU,405,B,noncovalent
Severe acute respiratory syndrome coronavirus 2,7DAT,AU,801,A,covalent
Severe acute respiratory syndrome coronavirus 2,7DAT,AU,802,A,covalent
Severe acute respiratory syndrome coronavirus 2,7DAU,AU,801,A,covalent
Severe acute respiratory syndrome coronavirus 2,7DAU,AU,802,A,covalent
Severe acute respiratory syndrome coronavirus 2,7DDC,H3F,401,A,noncovalent
Severe acute respiratory syndrome coronavirus 2,7DFG,1RP,1201,P,covalent
Severe acute respiratory syndrome coronavirus 2,7DFG,POP,1003,A,noncovalent
Severe acute respiratory syndrome coronavirus 2,7DFG,POP,1006,A,covalent
Severe acute respiratory syndrome coronavirus 2,7DFH,POP,1006,A,covalent
Severe acute respiratory syndrome coronavirus 2,7DFH,POP,1007,A,noncovalent
Severe acute respiratory syndrome coronavirus 2,7DFH,RVP,1201,P,covalent
Severe acute respiratory syndrome coronavirus 2,7DGB,EOF,401,A,covalent
Severe acute respiratory syndrome coronavirus 2,7DGF,H60,401,A,covalent
Severe acute respiratory syndrome coronavirus 2,7DGG,H63,600,A,covalent
Severe acute respiratory syndrome coronavirus 2,7DGG,H63,601,B,covalent
Severe acute respiratory syndrome coronavirus 2,7DGH,H6F,401,A,covalent
Severe acute respiratory syndrome coronavirus 2,7DGI,H6L,401,A,covalent
Severe acute respiratory syndrome coronavirus 2,7DGI,H6L,401,B,covalent
Severe acute respiratory syndrome coronavirus 2,7DHJ,H6R,401,A,covalent
Severe acute respiratory syndrome coronavirus 2,7DK1,BTB,406,B,noncovalent
Severe acute respiratory syndrome coronavirus 2,7DOI,HCU,1201,P,covalent
Severe acute respiratory syndrome coronavirus 2,7DOI,POP,1003,A,noncovalent
Severe acute respiratory syndrome coronavirus 2,7DOI,POP,1008,A,covalent
Severe acute respiratory syndrome coronavirus 2,7DOK,HCU,1201,P,covalent
Severe acute respiratory syndrome coronavirus 2,7DOK,POP,1003,A,noncovalent
Severe acute respiratory syndrome coronavirus 2,7DOK,POP,1007,A,covalent
Severe acute respiratory syndrome coronavirus 2,7DPP,MYC,401,A,covalent
Severe acute respiratory syndrome coronavirus 2,7DPU,HER,401,A,covalent
Severe acute respiratory syndrome coronavirus 2,7DPU,HER,401,B,covalent
Severe acute respiratory syndrome coronavirus 2,7DPV,HF0,401,A,covalent
Severe acute respiratory syndrome coronavirus 2,7DPV,HF0,401,B,covalent
Severe acute respiratory syndrome coronavirus 2,7DPV,HF0,401,C,covalent
Severe acute respiratory syndrome coronavirus 2,7DPV,HF0,401,D,covalent
Severe acute respiratory syndrome coronavirus 2,7DWY,EIC,1420,A,noncovalent
Severe acute respiratory syndrome coronavirus 2,7DWY,EIC,1420,C,noncovalent
Severe acute respiratory syndrome coronavirus 2,7DWY,EIC,1422,B,noncovalent
Severe acute respiratory syndrome coronavirus 2,7E18,HUR,401,A,covalent
Severe acute respiratory syndrome coronavirus 2,7E19,HUO,401,A,covalent
Severe acute respiratory syndrome coronavirus 2,7E35,GYX,402,A,noncovalent
Severe acute respiratory syndrome coronavirus 2,7E35,GYX,402,B,noncovalent
Severe acute respiratory syndrome coronavirus 2,7E6K,HYR,401,A,covalent
Severe acute respiratory syndrome coronavirus 2,7E6K,HYR,402,A,covalent
Severe acute respiratory syndrome coronavirus 2,7E6K,HYR,403,A,covalent
Severe acute respiratory syndrome coronavirus 2,7E7B,ELA,1606,A,noncovalent
Severe acute respiratory syndrome coronavirus 2,7E7B,ELA,1606,B,noncovalent
Severe acute respiratory syndrome coronavirus 2,7E7B,ELA,1607,A,noncovalent
Severe acute respiratory syndrome coronavirus 2,7E7B,VCG,1607,B,noncovalent
Severe acute respiratory syndrome coronavirus 2,7E7B,VCG,1608,A,noncovalent
Severe acute respiratory syndrome coronavirus 2,7E7B,VCG,1609,A,noncovalent
Severe acute respiratory syndrome coronavirus 2,7E7D,ELA,1601,B,noncovalent
Severe acute respiratory syndrome coronavirus 2,7E7D,ELA,1606,A,noncovalent
Severe acute respiratory syndrome coronavirus 2,7E7D,ELA,1607,A,noncovalent
Severe acute respiratory syndrome coronavirus 2,7ED5,AT9,101,I,covalent
Severe acute respiratory syndrome coronavirus 2,7ED5,AT9,1004,A,covalent
Severe acute respiratory syndrome coronavirus 2,7ED5,AT9,1005,A,noncovalent
Severe acute respiratory syndrome coronavirus 2,7EIN,OAR,4,C,covalent
Severe acute respiratory syndrome coronavirus 2,7EIN,OAR,4,D,covalent
Severe acute respiratory syndrome coronavirus 2,7EN8,J7R,401,A,noncovalent
Severe acute respiratory syndrome coronavirus 2,7EN8,J7R,401,B,noncovalent
Severe acute respiratory syndrome coronavirus 2,7EN9,J7O,401,A,noncovalent
Severe acute respiratory syndrome coronavirus 2,7FAY,2XI,401,A,covalent
Severe acute respiratory syndrome coronavirus 2,7FAZ,2RI,401,A,covalent
Severe acute respiratory syndrome coronavirus 2,7FAZ,2RI,401,B,covalent
Severe acute respiratory syndrome coronavirus 2,7FR0,WW0,201,A,noncovalent
Severe acute respiratory syndrome coronavirus 2,7FR0,WW0,202,A,noncovalent
Severe acute respiratory syndrome coronavirus 2,7FR1,WWC,201,A,noncovalent
Severe acute respiratory syndrome coronavirus 2,7FR1,WWC,202,A,noncovalent
Severe acute respiratory syndrome coronavirus 2,7FR2,WWH,201,A,noncovalent
Severe acute respiratory syndrome coronavirus 2,7FR3,WWH,201,A,noncovalent
Severe acute respiratory syndrome coronavirus 2,7FR4,WWN,302,A,noncovalent
Severe acute respiratory syndrome coronavirus 2,7FR5,WWT,201,A,noncovalent
Severe acute respiratory syndrome coronavirus 2,7FR6,WX6,201,B,noncovalent
Severe acute respiratory syndrome coronavirus 2,7FR7,WXB,201,A,noncovalent
Severe acute respiratory syndrome coronavirus 2,7FR8,WXF,201,B,noncovalent
Severe acute respiratory syndrome coronavirus 2,7FR9,WXK,201,A,noncovalent
Severe acute respiratory syndrome coronavirus 2,7FRA,WXO,201,A,noncovalent
Severe acute respiratory syndrome coronavirus 2,7FRB,WXT,201,A,noncovalent
Severe acute respiratory syndrome coronavirus 2,7FRC,WXX,201,A,noncovalent
Severe acute respiratory syndrome coronavirus 2,7FRD,WY6,201,A,noncovalent
Severe acute respiratory syndrome coronavirus 2,7GAV,KFU,405,B,noncovalent
Severe acute respiratory syndrome coronavirus 2,7GAV,KFU,407,A,noncovalent
Severe acute respiratory syndrome coronavirus 2,7GAW,KG9,402,B,noncovalent
Severe acute respiratory syndrome coronavirus 2,7GAW,KG9,406,A,noncovalent
Severe acute respiratory syndrome coronavirus 2,7GAX,KJI,1001,A,noncovalent
Severe acute respiratory syndrome coronavirus 2,7GAY,KJO,1001,A,noncovalent
Severe acute respiratory syndrome coronavirus 2,7GAZ,KL6,1001,A,noncovalent
Severe acute respiratory syndrome coronavirus 2,7GB0,KLR,1001,A,noncovalent
Severe acute respiratory syndrome coronavirus 2,7GB1,KMF,405,A,covalent
Severe acute respiratory syndrome coronavirus 2,7GB2,KMX,406,A,covalent
Severe acute respiratory syndrome coronavirus 2,7GB3,KNU,406,A,covalent
Severe acute respiratory syndrome coronavirus 2,7GB4,KO9,405,A,noncovalent
Severe acute respiratory syndrome coronavirus 2,7GB5,KOI,1001,A,noncovalent
Severe acute respiratory syndrome coronavirus 2,7GB6,KP0,405,A,noncovalent
Severe acute respiratory syndrome coronavirus 2,7GB7,KQ3,1001,A,noncovalent
Severe acute respiratory syndrome coronavirus 2,7GB8,KQL,405,A,noncovalent
Severe acute respiratory syndrome coronavirus 2,7GB9,KQX,405,A,noncovalent
Severe acute respiratory syndrome coronavirus 2,7GBA,KS0,404,A,covalent
Severe acute respiratory syndrome coronavirus 2,7GBB,KSI,1001,A,covalent
Severe acute respiratory syndrome coronavirus 2,7GBC,KSX,404,A,noncovalent
Severe acute respiratory syndrome coronavirus 2,7GBD,KT9,404,A,noncovalent
Severe acute respiratory syndrome coronavirus 2,7GBE,KU6,1001,A,noncovalent
Severe acute respiratory syndrome coronavirus 2,7GBF,KUU,405,A,noncovalent
Severe acute respiratory syndrome coronavirus 2,7GBG,KVF,404,A,noncovalent
Severe acute respiratory syndrome coronavirus 2,7GBH,KVO,404,A,noncovalent
Severe acute respiratory syndrome coronavirus 2,7GBI,KVX,403,A,noncovalent
Severe acute respiratory syndrome coronavirus 2,7GBJ,KW9,404,A,noncovalent
Severe acute respiratory syndrome coronavirus 2,7GBK,KXF,1001,A,noncovalent
Severe acute respiratory syndrome coronavirus 2,7GBL,KWR,405,A,noncovalent
Severe acute respiratory syndrome coronavirus 2,7GBM,KX9,404,A,noncovalent
Severe acute respiratory syndrome coronavirus 2,7GBN,KXR,404,A,noncovalent
Severe acute respiratory syndrome coronavirus 2,7GBO,KY0,404,A,noncovalent
Severe acute respiratory syndrome coronavirus 2,7GBP,KYC,405,A,noncovalent
Severe acute respiratory syndrome coronavirus 2,7GBQ,KYU,404,A,noncovalent
Severe acute respiratory syndrome coronavirus 2,7GBR,KZC,405,A,noncovalent
Severe acute respiratory syndrome coronavirus 2,7GBS,KZX,404,A,noncovalent
Severe acute respiratory syndrome coronavirus 2,7GBT,L1F,1001,A,noncovalent
Severe acute respiratory syndrome coronavirus 2,7GBU,L2I,1001,A,noncovalent
Severe acute respiratory syndrome coronavirus 2,7GBV,L3I,404,A,noncovalent
Severe acute respiratory syndrome coronavirus 2,7GBW,L6R,405,A,noncovalent
Severe acute respiratory syndrome coronavirus 2,7GBX,L6D,405,A,noncovalent
Severe acute respiratory syndrome coronavirus 2,7GBY,L5I,404,A,noncovalent
Severe acute respiratory syndrome coronavirus 2,7GBZ,L4U,405,A,noncovalent
Severe acute respiratory syndrome coronavirus 2,7GC0,L4N,404,A,noncovalent
Severe acute respiratory syndrome coronavirus 2,7GC1,L7F,404,A,noncovalent
Severe acute respiratory syndrome coronavirus 2,7GC2,L7Q,404,A,noncovalent
Severe acute respiratory syndrome coronavirus 2,7GC3,L7V,405,A,noncovalent
Severe acute respiratory syndrome coronavirus 2,7GC4,L83,405,A,noncovalent
Severe acute respiratory syndrome coronavirus 2,7GC5,L8F,404,A,covalent
Severe acute respiratory syndrome coronavirus 2,7GC6,L8O,405,A,covalent
Severe acute respiratory syndrome coronavirus 2,7GC7,L93,405,A,noncovalent
Severe acute respiratory syndrome coronavirus 2,7GC8,L9F,404,A,noncovalent
Severe acute respiratory syndrome coronavirus 2,7GC9,L9O,405,A,noncovalent
Severe acute respiratory syndrome coronavirus 2,7GCA,LB0,405,A,noncovalent
Severe acute respiratory syndrome coronavirus 2,7GCB,LBC,404,A,noncovalent
Severe acute respiratory syndrome coronavirus 2,7GCC,LBO,405,A,noncovalent
Severe acute respiratory syndrome coronavirus 2,7GCD,LCU,405,A,noncovalent
Severe acute respiratory syndrome coronavirus 2,7GCE,LDX,404,A,noncovalent
Severe acute respiratory syndrome coronavirus 2,7GCF,LKX,404,A,noncovalent
Severe acute respiratory syndrome coronavirus 2,7GCG,LKI,405,A,noncovalent
Severe acute respiratory syndrome coronavirus 2,7GCI,LJO,405,A,noncovalent
Severe acute respiratory syndrome coronavirus 2,7GCJ,LJ0,404,A,noncovalent
Severe acute respiratory syndrome coronavirus 2,7GCK,LF3,404,A,noncovalent
Severe acute respiratory syndrome coronavirus 2,7GCL,LR0,405,A,noncovalent
Severe acute respiratory syndrome coronavirus 2,7GCM,LQU,403,A,covalent
Severe acute respiratory syndrome coronavirus 2,7GCN,LQ0,405,A,noncovalent
Severe acute respiratory syndrome coronavirus 2,7GCO,LO0,404,A,noncovalent
Severe acute respiratory syndrome coronavirus 2,7GCP,LM0,405,A,covalent
Severe acute respiratory syndrome coronavirus 2,7GCQ,LRC,405,A,noncovalent
Severe acute respiratory syndrome coronavirus 2,7GCR,LRN,405,A,covalent
Severe acute respiratory syndrome coronavirus 2,7GCS,LS0,404,A,noncovalent
Severe acute respiratory syndrome coronavirus 2,7GCT,LSF,404,A,noncovalent
Severe acute respiratory syndrome coronavirus 2,7GCU,LT9,404,A,noncovalent
Severe acute respiratory syndrome coronavirus 2,7GCV,LUC,404,A,noncovalent
Severe acute respiratory syndrome coronavirus 2,7GCW,LV9,404,A,noncovalent
Severe acute respiratory syndrome coronavirus 2,7GCX,LVM,404,A,noncovalent
Severe acute respiratory syndrome coronavirus 2,7GCY,LW6,405,A,covalent
Severe acute respiratory syndrome coronavirus 2,7GCZ,LWO,404,A,noncovalent
Severe acute respiratory syndrome coronavirus 2,7GD0,M4L,405,A,noncovalent
Severe acute respiratory syndrome coronavirus 2,7GD1,M2X,404,A,noncovalent
Severe acute respiratory syndrome coronavirus 2,7GD2,M26,404,A,noncovalent
Severe acute respiratory syndrome coronavirus 2,7GD3,Y6J,404,A,noncovalent
Severe acute respiratory syndrome coronavirus 2,7GD4,R30,405,A,noncovalent
Severe acute respiratory syndrome coronavirus 2,7GD5,M0X,405,A,noncovalent
Severe acute respiratory syndrome coronavirus 2,7GD6,M0G,404,A,noncovalent
Severe acute respiratory syndrome coronavirus 2,7GD7,LZX,404,A,noncovalent
Severe acute respiratory syndrome coronavirus 2,7GD8,KU6,405,A,noncovalent
Severe acute respiratory syndrome coronavirus 2,7GD9,LXF,405,A,covalent
Severe acute respiratory syndrome coronavirus 2,7GDA,MF0,403,A,noncovalent
Severe acute respiratory syndrome coronavirus 2,7GDB,M9U,404,A,noncovalent
Severe acute respiratory syndrome coronavirus 2,7GDC,M93,403,A,noncovalent
Severe acute respiratory syndrome coronavirus 2,7GDD,860,403,A,noncovalent
Severe acute respiratory syndrome coronavirus 2,7GDE,M7X,404,A,noncovalent
Severe acute respiratory syndrome coronavirus 2,7GDF,M6U,404,A,noncovalent
Severe acute respiratory syndrome coronavirus 2,7GDG,M6I,405,A,noncovalent
Severe acute respiratory syndrome coronavirus 2,7GDH,M5X,405,A,covalent
Severe acute respiratory syndrome coronavirus 2,7GDI,M5I,404,A,noncovalent
Severe acute respiratory syndrome coronavirus 2,7GDJ,M50,404,A,noncovalent
Severe acute respiratory syndrome coronavirus 2,7GDK,MJR,404,A,noncovalent
Severe acute respiratory syndrome coronavirus 2,7GDL,MKI,404,A,noncovalent
Severe acute respiratory syndrome coronavirus 2,7GDM,MQ3,404,A,noncovalent
Severe acute respiratory syndrome coronavirus 2,7GDN,MU3,405,A,noncovalent
Severe acute respiratory syndrome coronavirus 2,7GDO,MVR,405,A,noncovalent
Severe acute respiratory syndrome coronavirus 2,7GDP,MVX,405,A,noncovalent
Severe acute respiratory syndrome coronavirus 2,7GDQ,MWN,406,A,covalent
Severe acute respiratory syndrome coronavirus 2,7GDR,MX9,406,A,covalent
Severe acute respiratory syndrome coronavirus 2,7GDS,MZF,405,A,covalent
Severe acute respiratory syndrome coronavirus 2,7GDT,N00,406,A,noncovalent
Severe acute respiratory syndrome coronavirus 2,7GDU,N0F,405,A,noncovalent
Severe acute respiratory syndrome coronavirus 2,7GDV,N0O,405,A,noncovalent
Severe acute respiratory syndrome coronavirus 2,7GDW,N0X,405,A,noncovalent
Severe acute respiratory syndrome coronavirus 2,7GDX,N1U,405,A,covalent
Severe acute respiratory syndrome coronavirus 2,7GDY,N2X,405,A,covalent
Severe acute respiratory syndrome coronavirus 2,7GDZ,N3I,404,A,noncovalent
Severe acute respiratory syndrome coronavirus 2,7GE0,N3R,404,A,noncovalent
Severe acute respiratory syndrome coronavirus 2,7GE1,N43,404,A,noncovalent
Severe acute respiratory syndrome coronavirus 2,7GE2,N4L,404,A,noncovalent
Severe acute respiratory syndrome coronavirus 2,7GE3,N5L,403,A,noncovalent
Severe acute respiratory syndrome coronavirus 2,7GE4,N6X,405,A,noncovalent
Severe acute respiratory syndrome coronavirus 2,7GE5,N7L,404,A,noncovalent
Severe acute respiratory syndrome coronavirus 2,7GE6,N8X,405,A,noncovalent
Severe acute respiratory syndrome coronavirus 2,7GE7,N9I,404,A,noncovalent
Severe acute respiratory syndrome coronavirus 2,7GE8,NB0,404,A,noncovalent
Severe acute respiratory syndrome coronavirus 2,7GE9,NB6,404,A,noncovalent
Severe acute respiratory syndrome coronavirus 2,7GEA,N6F,404,A,noncovalent
Severe acute respiratory syndrome coronavirus 2,7GEB,NDI,404,A,noncovalent
Severe acute respiratory syndrome coronavirus 2,7GEC,NEL,404,A,noncovalent
Severe acute respiratory syndrome coronavirus 2,7GED,NGX,404,A,noncovalent
Severe acute respiratory syndrome coronavirus 2,7GEE,NIJ,404,A,noncovalent
Severe acute respiratory syndrome coronavirus 2,7GEF,NJE,403,A,noncovalent
Severe acute respiratory syndrome coronavirus 2,7GEG,NJU,404,A,noncovalent
Severe acute respiratory syndrome coronavirus 2,7GEH,NKU,404,A,noncovalent
Severe acute respiratory syndrome coronavirus 2,7GEI,NM0,404,A,noncovalent
Severe acute respiratory syndrome coronavirus 2,7GEJ,NO0,404,A,noncovalent
Severe acute respiratory syndrome coronavirus 2,7GEK,NOI,404,A,noncovalent
Severe acute respiratory syndrome coronavirus 2,7GEL,NQ3,404,A,noncovalent
Severe acute respiratory syndrome coronavirus 2,7GEM,NQO,404,A,noncovalent
Severe acute respiratory syndrome coronavirus 2,7GEN,NRC,404,A,noncovalent
Severe acute respiratory syndrome coronavirus 2,7GEO,NRX,404,A,noncovalent
Severe acute respiratory syndrome coronavirus 2,7GEQ,NSR,404,A,noncovalent
Severe acute respiratory syndrome coronavirus 2,7GER,NU0,404,A,noncovalent
Severe acute respiratory syndrome coronavirus 2,7GES,NUR,404,A,noncovalent
Severe acute respiratory syndrome coronavirus 2,7GET,NV9,404,A,noncovalent
Severe acute respiratory syndrome coronavirus 2,7GEU,NVO,404,A,noncovalent
Severe acute respiratory syndrome coronavirus 2,7GEV,NW0,404,A,noncovalent
Severe acute respiratory syndrome coronavirus 2,7GEW,NWI,404,A,noncovalent
Severe acute respiratory syndrome coronavirus 2,7GEX,NX9,404,A,noncovalent
Severe acute respiratory syndrome coronavirus 2,7GEY,NYR,404,A,noncovalent
Severe acute respiratory syndrome coronavirus 2,7GEZ,NZK,404,A,noncovalent
Severe acute respiratory syndrome coronavirus 2,7GF0,O0C,404,A,noncovalent
Severe acute respiratory syndrome coronavirus 2,7GF1,O0R,404,A,noncovalent
Severe acute respiratory syndrome coronavirus 2,7GF2,O0X,404,A,noncovalent
Severe acute respiratory syndrome coronavirus 2,7GF3,O1I,404,A,noncovalent
Severe acute respiratory syndrome coronavirus 2,7GF4,O1X,404,A,noncovalent
Severe acute respiratory syndrome coronavirus 2,7GF5,O2R,404,A,noncovalent
Severe acute respiratory syndrome coronavirus 2,7GF6,O3I,404,A,noncovalent
Severe acute respiratory syndrome coronavirus 2,7GF7,O3U,404,A,covalent
Severe acute respiratory syndrome coronavirus 2,7GF8,O4L,404,A,covalent
Severe acute respiratory syndrome coronavirus 2,7GF9,O5C,404,A,covalent
Severe acute respiratory syndrome coronavirus 2,7GFA,Z26,404,A,noncovalent
Severe acute respiratory syndrome coronavirus 2,7GFB,NSR,404,A,noncovalent
Severe acute respiratory syndrome coronavirus 2,7GFC,O87,404,A,noncovalent
Severe acute respiratory syndrome coronavirus 2,7GFD,O8L,404,A,noncovalent
Severe acute respiratory syndrome coronavirus 2,7GFE,O9O,404,A,noncovalent
Severe acute respiratory syndrome coronavirus 2,7GFF,O9X,404,A,noncovalent
Severe acute respiratory syndrome coronavirus 2,7GFG,OAO,404,A,noncovalent
Severe acute respiratory syndrome coronavirus 2,7GFH,OBO,404,A,noncovalent
Severe acute respiratory syndrome coronavirus 2,7GFI,OCI,404,A,noncovalent
Severe acute respiratory syndrome coronavirus 2,7GFJ,OD7,404,A,noncovalent
Severe acute respiratory syndrome coronavirus 2,7GFK,ODX,404,A,noncovalent
Severe acute respiratory syndrome coronavirus 2,7GFL,OE6,404,A,noncovalent
Severe acute respiratory syndrome coronavirus 2,7GFM,OEO,404,A,noncovalent
Severe acute respiratory syndrome coronavirus 2,7GFN,OFX,404,A,noncovalent
Severe acute respiratory syndrome coronavirus 2,7GFO,OGF,404,A,noncovalent
Severe acute respiratory syndrome coronavirus 2,7GFP,OHC,404,A,noncovalent
Severe acute respiratory syndrome coronavirus 2,7GFQ,OI4,404,A,noncovalent
Severe acute respiratory syndrome coronavirus 2,7GFR,OIE,404,A,noncovalent
Severe acute respiratory syndrome coronavirus 2,7GFS,OIK,404,A,noncovalent
Severe acute respiratory syndrome coronavirus 2,7GFT,OIX,404,A,noncovalent
Severe acute respiratory syndrome coronavirus 2,7GFU,OJ9,404,A,noncovalent
Severe acute respiratory syndrome coronavirus 2,7GFV,OJO,404,A,covalent
Severe acute respiratory syndrome coronavirus 2,7GFW,OK9,404,A,covalent
Severe acute respiratory syndrome coronavirus 2,7GFX,OKW,404,A,noncovalent
Severe acute respiratory syndrome coronavirus 2,7GFY,OLX,404,A,covalent
Severe acute respiratory syndrome coronavirus 2,7GFZ,ONU,404,A,noncovalent
Severe acute respiratory syndrome coronavirus 2,7GFZ,ONU,405,A,noncovalent
Severe acute respiratory syndrome coronavirus 2,7GG0,OGV,404,A,noncovalent
Severe acute respiratory syndrome coronavirus 2,7GG1,OGO,404,A,noncovalent
Severe acute respiratory syndrome coronavirus 2,7GG2,OO6,404,A,noncovalent
Severe acute respiratory syndrome coronavirus 2,7GG3,OOL,404,A,covalent
Severe acute respiratory syndrome coronavirus 2,7GG4,OPU,404,A,noncovalent
Severe acute respiratory syndrome coronavirus 2,7GG5,OQF,404,A,noncovalent
Severe acute respiratory syndrome coronavirus 2,7GG6,OQL,404,A,noncovalent
Severe acute respiratory syndrome coronavirus 2,7GG7,OQX,404,A,noncovalent
Severe acute respiratory syndrome coronavirus 2,7GG8,ORR,404,A,noncovalent
Severe acute respiratory syndrome coronavirus 2,7GG9,SQ2,404,A,noncovalent
Severe acute respiratory syndrome coronavirus 2,7GGA,OSI,404,A,noncovalent
Severe acute respiratory syndrome coronavirus 2,7GGB,OT6,404,A,noncovalent
Severe acute respiratory syndrome coronavirus 2,7GGC,OTV,404,A,noncovalent
Severe acute respiratory syndrome coronavirus 2,7GGD,OUF,404,A,noncovalent
Severe acute respiratory syndrome coronavirus 2,7GGE,OV4,404,A,noncovalent
Severe acute respiratory syndrome coronavirus 2,7GGF,OVF,404,A,noncovalent
Severe acute respiratory syndrome coronavirus 2,7GGG,OVX,404,A,noncovalent
Severe acute respiratory syndrome coronavirus 2,7GGH,OWC,404,A,noncovalent
Severe acute respiratory syndrome coronavirus 2,7GGI,OWX,404,A,noncovalent
Severe acute respiratory syndrome coronavirus 2,7GGJ,OYF,404,A,noncovalent
Severe acute respiratory syndrome coronavirus 2,7GGK,OYX,404,A,noncovalent
Severe acute respiratory syndrome coronavirus 2,7GGL,OZC,404,A,noncovalent
Severe acute respiratory syndrome coronavirus 2,7GGM,OZX,404,A,noncovalent
Severe acute respiratory syndrome coronavirus 2,7GGN,P0X,404,A,noncovalent
Severe acute respiratory syndrome coronavirus 2,7GGO,P3L,404,A,noncovalent
Severe acute respiratory syndrome coronavirus 2,7GGP,P4R,404,A,noncovalent
Severe acute respiratory syndrome coronavirus 2,7GGQ,OQL,404,A,noncovalent
Severe acute respiratory syndrome coronavirus 2,7GGR,P6O,404,A,noncovalent
Severe acute respiratory syndrome coronavirus 2,7GGS,P7R,404,A,noncovalent
Severe acute respiratory syndrome coronavirus 2,7GGT,P9O,404,A,noncovalent
Severe acute respiratory syndrome coronavirus 2,7GGU,PJ6,404,A,noncovalent
Severe acute respiratory syndrome coronavirus 2,7GGV,PJX,404,A,noncovalent
Severe acute respiratory syndrome coronavirus 2,7GGW,PKW,404,A,noncovalent
Severe acute respiratory syndrome coronavirus 2,7GGX,PQ6,404,A,noncovalent
Severe acute respiratory syndrome coronavirus 2,7GGY,PUU,404,A,noncovalent
Severe acute respiratory syndrome coronavirus 2,7GGZ,PVR,404,A,noncovalent
Severe acute respiratory syndrome coronavirus 2,7GH0,PWR,404,A,noncovalent
Severe acute respiratory syndrome coronavirus 2,7GH1,PZ6,404,A,noncovalent
Severe acute respiratory syndrome coronavirus 2,7GH2,Q0I,404,A,covalent
Severe acute respiratory syndrome coronavirus 2,7GH3,Q1C,404,A,noncovalent
Severe acute respiratory syndrome coronavirus 2,7GH4,Q1U,404,A,noncovalent
Severe acute respiratory syndrome coronavirus 2,7GH5,Q2G,1001,A,noncovalent
Severe acute respiratory syndrome coronavirus 2,7GH6,Q2U,1001,A,noncovalent
Severe acute respiratory syndrome coronavirus 2,7GH7,Q36,1001,A,noncovalent
Severe acute respiratory syndrome coronavirus 2,7GH8,Q3U,1001,A,noncovalent
Severe acute respiratory syndrome coronavirus 2,7GH9,Q45,1001,A,noncovalent
Severe acute respiratory syndrome coronavirus 2,7GHA,Q4F,1001,A,covalent
Severe acute respiratory syndrome coronavirus 2,7GHB,Q4R,1001,A,noncovalent
Severe acute respiratory syndrome coronavirus 2,7GHC,Q5C,1001,A,noncovalent
Severe acute respiratory syndrome coronavirus 2,7GHD,Q5K,1001,A,noncovalent
Severe acute respiratory syndrome coronavirus 2,7GHE,Q5R,1001,A,noncovalent
Severe acute respiratory syndrome coronavirus 2,7GHF,Q60,1001,A,noncovalent
Severe acute respiratory syndrome coronavirus 2,7GHG,Q69,1001,A,covalent
Severe acute respiratory syndrome coronavirus 2,7GHH,Q6U,1001,A,covalent
Severe acute respiratory syndrome coronavirus 2,7GHI,Q7C,405,A,covalent
Severe acute respiratory syndrome coronavirus 2,7GHJ,Q7R,405,A,covalent
Severe acute respiratory syndrome coronavirus 2,7GHK,Q8I,1001,A,noncovalent
Severe acute respiratory syndrome coronavirus 2,7GHL,Q8O,1001,A,noncovalent
Severe acute respiratory syndrome coronavirus 2,7GHM,Q99,403,A,noncovalent
Severe acute respiratory syndrome coronavirus 2,7GHM,Q99,403,B,noncovalent
Severe acute respiratory syndrome coronavirus 2,7GHN,QBR,403,A,noncovalent
Severe acute respiratory syndrome coronavirus 2,7GHN,QBR,403,B,noncovalent
Severe acute respiratory syndrome coronavirus 2,7GHO,QC3,403,B,noncovalent
Severe acute respiratory syndrome coronavirus 2,7GHO,QC3,404,A,noncovalent
Severe acute respiratory syndrome coronavirus 2,7GHP,OYF,403,B,noncovalent
Severe acute respiratory syndrome coronavirus 2,7GHP,OYF,404,A,noncovalent
Severe acute respiratory syndrome coronavirus 2,7GHQ,OYX,403,A,noncovalent
Severe acute respiratory syndrome coronavirus 2,7GHQ,OYX,404,B,noncovalent
Severe acute respiratory syndrome coronavirus 2,7GHR,OZC,403,A,noncovalent
Severe acute respiratory syndrome coronavirus 2,7GHR,OZC,403,B,noncovalent
Severe acute respiratory syndrome coronavirus 2,7GHS,OVX,404,A,noncovalent
Severe acute respiratory syndrome coronavirus 2,7GHS,OVX,404,B,noncovalent
Severe acute respiratory syndrome coronavirus 2,7GHT,OWC,403,B,noncovalent
Severe acute respiratory syndrome coronavirus 2,7GHT,OWC,404,A,noncovalent
Severe acute respiratory syndrome coronavirus 2,7GHU,P4R,403,B,noncovalent
Severe acute respiratory syndrome coronavirus 2,7GHU,P4R,404,A,noncovalent
Severe acute respiratory syndrome coronavirus 2,7GHV,OZX,403,B,noncovalent
Severe acute respiratory syndrome coronavirus 2,7GHV,OZX,404,A,noncovalent
Severe acute respiratory syndrome coronavirus 2,7GHW,P3L,404,A,noncovalent
Severe acute respiratory syndrome coronavirus 2,7GHW,P3L,404,B,noncovalent
Severe acute respiratory syndrome coronavirus 2,7GHX,P7R,404,A,noncovalent
Severe acute respiratory syndrome coronavirus 2,7GHX,P7R,404,B,noncovalent
Severe acute respiratory syndrome coronavirus 2,7GHY,P9O,403,B,noncovalent
Severe acute respiratory syndrome coronavirus 2,7GHY,P9O,404,A,noncovalent
Severe acute respiratory syndrome coronavirus 2,7GHZ,PJX,403,A,noncovalent
Severe acute respiratory syndrome coronavirus 2,7GHZ,PJX,403,B,noncovalent
Severe acute respiratory syndrome coronavirus 2,7GI0,OQL,403,A,noncovalent
Severe acute respiratory syndrome coronavirus 2,7GI0,OQL,404,B,noncovalent
Severe acute respiratory syndrome coronavirus 2,7GI1,PJ6,404,A,noncovalent
Severe acute respiratory syndrome coronavirus 2,7GI1,PJ6,405,B,noncovalent
Severe acute respiratory syndrome coronavirus 2,7GI2,PQ6,403,B,noncovalent
Severe acute respiratory syndrome coronavirus 2,7GI2,PQ6,404,A,noncovalent
Severe acute respiratory syndrome coronavirus 2,7GI3,Q0I,404,A,covalent
Severe acute respiratory syndrome coronavirus 2,7GI3,Q0I,404,B,covalent
Severe acute respiratory syndrome coronavirus 2,7GI4,QCC,402,A,noncovalent
Severe acute respiratory syndrome coronavirus 2,7GI4,QCC,404,B,noncovalent
Severe acute respiratory syndrome coronavirus 2,7GI5,QCO,403,A,noncovalent
Severe acute respiratory syndrome coronavirus 2,7GI6,QD4,402,A,noncovalent
Severe acute respiratory syndrome coronavirus 2,7GI6,QD4,404,B,noncovalent
Severe acute respiratory syndrome coronavirus 2,7GI7,QD9,403,A,noncovalent
Severe acute respiratory syndrome coronavirus 2,7GI7,QD9,404,B,noncovalent
Severe acute respiratory syndrome coronavirus 2,7GI8,QDF,403,B,noncovalent
Severe acute respiratory syndrome coronavirus 2,7GI8,QDF,404,A,noncovalent
Severe acute respiratory syndrome coronavirus 2,7GI9,QDU,403,B,noncovalent
Severe acute respiratory syndrome coronavirus 2,7GI9,QDU,404,A,noncovalent
Severe acute respiratory syndrome coronavirus 2,7GIA,QE3,403,B,noncovalent
Severe acute respiratory syndrome coronavirus 2,7GIA,QE3,404,A,noncovalent
Severe acute respiratory syndrome coronavirus 2,7GIB,QER,404,A,noncovalent
Severe acute respiratory syndrome coronavirus 2,7GIB,QER,404,B,noncovalent
Severe acute respiratory syndrome coronavirus 2,7GIC,QEX,403,B,noncovalent
Severe acute respiratory syndrome coronavirus 2,7GIC,QEX,404,A,noncovalent
Severe acute respiratory syndrome coronavirus 2,7GID,QF5,403,B,noncovalent
Severe acute respiratory syndrome coronavirus 2,7GID,QF5,404,A,noncovalent
Severe acute respiratory syndrome coronavirus 2,7GIE,QF9,403,A,noncovalent
Severe acute respiratory syndrome coronavirus 2,7GIF,QFL,403,B,noncovalent
Severe acute respiratory syndrome coronavirus 2,7GIF,QFL,404,A,noncovalent
Severe acute respiratory syndrome coronavirus 2,7GIG,QFU,404,A,noncovalent
Severe acute respiratory syndrome coronavirus 2,7GIH,QG3,403,B,noncovalent
Severe acute respiratory syndrome coronavirus 2,7GIH,QG3,404,A,noncovalent
Severe acute respiratory syndrome coronavirus 2,7GII,QGC,403,B,noncovalent
Severe acute respiratory syndrome coronavirus 2,7GII,QGC,404,A,noncovalent
Severe acute respiratory syndrome coronavirus 2,7GIJ,QGO,404,A,noncovalent
Severe acute respiratory syndrome coronavirus 2,7GIJ,QGO,405,A,noncovalent
Severe acute respiratory syndrome coronavirus 2,7GIK,QGX,403,B,noncovalent
Severe acute respiratory syndrome coronavirus 2,7GIK,QGX,404,A,noncovalent
Severe acute respiratory syndrome coronavirus 2,7GIL,QH6,403,B,noncovalent
Severe acute respiratory syndrome coronavirus 2,7GIL,QH6,404,A,noncovalent
Severe acute respiratory syndrome coronavirus 2,7GIM,QHI,404,A,noncovalent
Severe acute respiratory syndrome coronavirus 2,7GIM,QHI,404,B,noncovalent
Severe acute respiratory syndrome coronavirus 2,7GIN,QHU,404,A,noncovalent
Severe acute respiratory syndrome coronavirus 2,7GIO,QI4,403,B,noncovalent
Severe acute respiratory syndrome coronavirus 2,7GIO,QI4,404,A,noncovalent
Severe acute respiratory syndrome coronavirus 2,7GIP,QI7,404,A,noncovalent
Severe acute respiratory syndrome coronavirus 2,7GIP,QI7,404,B,noncovalent
Severe acute respiratory syndrome coronavirus 2,7GIQ,QIM,403,B,noncovalent
Severe acute respiratory syndrome coronavirus 2,7GIQ,QIM,404,A,noncovalent
Severe acute respiratory syndrome coronavirus 2,7GIR,QIB,404,A,noncovalent
Severe acute respiratory syndrome coronavirus 2,7GIR,QIB,404,B,noncovalent
Severe acute respiratory syndrome coronavirus 2,7GIS,QIQ,403,B,noncovalent
Severe acute respiratory syndrome coronavirus 2,7GIS,QIQ,404,A,noncovalent
Severe acute respiratory syndrome coronavirus 2,7GIT,QIT,404,A,noncovalent
Severe acute respiratory syndrome coronavirus 2,7GIT,QIT,404,B,noncovalent
Severe acute respiratory syndrome coronavirus 2,7GIU,QIZ,404,A,noncovalent
Severe acute respiratory syndrome coronavirus 2,7GIU,QIZ,404,B,noncovalent
Severe acute respiratory syndrome coronavirus 2,7GIV,QJ6,403,B,noncovalent
Severe acute respiratory syndrome coronavirus 2,7GIV,QJ6,404,A,noncovalent
Severe acute respiratory syndrome coronavirus 2,7GIW,QJF,404,A,noncovalent
Severe acute respiratory syndrome coronavirus 2,7GIX,P4R,403,B,noncovalent
Severe acute respiratory syndrome coronavirus 2,7GIX,P4R,404,A,noncovalent
Severe acute respiratory syndrome coronavirus 2,7GIY,OI4,403,B,noncovalent
Severe acute respiratory syndrome coronavirus 2,7GIY,OI4,404,A,noncovalent
Severe acute respiratory syndrome coronavirus 2,7GIZ,PUU,403,B,noncovalent
Severe acute respiratory syndrome coronavirus 2,7GIZ,PUU,404,A,noncovalent
Severe acute respiratory syndrome coronavirus 2,7GJ0,QJL,403,B,noncovalent
Severe acute respiratory syndrome coronavirus 2,7GJ0,QJL,404,A,noncovalent
Severe acute respiratory syndrome coronavirus 2,7GJ1,QJR,403,B,noncovalent
Severe acute respiratory syndrome coronavirus 2,7GJ1,QJR,404,A,noncovalent
Severe acute respiratory syndrome coronavirus 2,7GJ2,QK3,403,B,noncovalent
Severe acute respiratory syndrome coronavirus 2,7GJ2,QK3,404,A,noncovalent
Severe acute respiratory syndrome coronavirus 2,7GJ3,PJ6,403,B,noncovalent
Severe acute respiratory syndrome coronavirus 2,7GJ3,PJ6,404,A,noncovalent
Severe acute respiratory syndrome coronavirus 2,7GJ4,QKB,404,A,noncovalent
Severe acute respiratory syndrome coronavirus 2,7GJ5,PJX,404,A,noncovalent
Severe acute respiratory syndrome coronavirus 2,7GJ6,QKI,404,A,noncovalent
Severe acute respiratory syndrome coronavirus 2,7GJ6,QKI,404,B,noncovalent
Severe acute respiratory syndrome coronavirus 2,7GJ7,Q0I,403,A,covalent
Severe acute respiratory syndrome coronavirus 2,7GJ7,Q0I,404,B,covalent
Severe acute respiratory syndrome coronavirus 2,7GJ8,QKR,403,B,noncovalent
Severe acute respiratory syndrome coronavirus 2,7GJ8,QKR,404,A,noncovalent
Severe acute respiratory syndrome coronavirus 2,7GJ9,QL3,403,A,noncovalent
Severe acute respiratory syndrome coronavirus 2,7GJ9,QL3,406,B,noncovalent
Severe acute respiratory syndrome coronavirus 2,7GJA,QLC,403,B,noncovalent
Severe acute respiratory syndrome coronavirus 2,7GJA,QLC,404,A,noncovalent
Severe acute respiratory syndrome coronavirus 2,7GJB,QLO,404,A,noncovalent
Severe acute respiratory syndrome coronavirus 2,7GJB,QLO,404,B,noncovalent
Severe acute respiratory syndrome coronavirus 2,7GJC,QM3,403,A,noncovalent
Severe acute respiratory syndrome coronavirus 2,7GJC,QM3,403,B,noncovalent
Severe acute respiratory syndrome coronavirus 2,7GJD,QM9,403,B,noncovalent
Severe acute respiratory syndrome coronavirus 2,7GJD,QM9,404,A,noncovalent
Severe acute respiratory syndrome coronavirus 2,7GJE,QML,404,A,covalent
Severe acute respiratory syndrome coronavirus 2,7GJE,QML,404,B,covalent
Severe acute respiratory syndrome coronavirus 2,7GJF,QMX,403,B,noncovalent
Severe acute respiratory syndrome coronavirus 2,7GJF,QMX,404,A,noncovalent
Severe acute respiratory syndrome coronavirus 2,7GJG,QN9,404,A,noncovalent
Severe acute respiratory syndrome coronavirus 2,7GJH,QNU,403,B,noncovalent
Severe acute respiratory syndrome coronavirus 2,7GJH,QNU,404,A,noncovalent
Severe acute respiratory syndrome coronavirus 2,7GJI,QO0,402,A,noncovalent
Severe acute respiratory syndrome coronavirus 2,7GJI,QO0,404,B,noncovalent
Severe acute respiratory syndrome coronavirus 2,7GJJ,QOO,403,A,noncovalent
Severe acute respiratory syndrome coronavirus 2,7GJK,QOU,404,A,noncovalent
Severe acute respiratory syndrome coronavirus 2,7GJL,QOC,403,A,noncovalent
Severe acute respiratory syndrome coronavirus 2,7GJM,QP0,404,A,noncovalent
Severe acute respiratory syndrome coronavirus 2,7GJN,QP6,404,A,noncovalent
Severe acute respiratory syndrome coronavirus 2,7GJN,QP6,404,B,noncovalent
Severe acute respiratory syndrome coronavirus 2,7GJO,QIZ,404,A,noncovalent
Severe acute respiratory syndrome coronavirus 2,7GJP,QPQ,404,A,noncovalent
Severe acute respiratory syndrome coronavirus 2,7GJQ,QQ6,404,A,noncovalent
Severe acute respiratory syndrome coronavirus 2,7GJR,QQF,403,A,noncovalent
Severe acute respiratory syndrome coronavirus 2,7GJS,QQO,404,A,noncovalent
Severe acute respiratory syndrome coronavirus 2,7GJT,QQU,403,A,noncovalent
Severe acute respiratory syndrome coronavirus 2,7GJU,QR5,404,A,noncovalent
Severe acute respiratory syndrome coronavirus 2,7GJV,QP6,403,B,noncovalent
Severe acute respiratory syndrome coronavirus 2,7GJV,QP6,404,A,noncovalent
Severe acute respiratory syndrome coronavirus 2,7GJW,QR9,408,A,noncovalent
Severe acute respiratory syndrome coronavirus 2,7GJX,QNU,408,A,noncovalent
Severe acute respiratory syndrome coronavirus 2,7GJY,QRS,406,A,noncovalent
Severe acute respiratory syndrome coronavirus 2,7GJZ,QRF,403,B,noncovalent
Severe acute respiratory syndrome coronavirus 2,7GJZ,QRF,407,A,noncovalent
Severe acute respiratory syndrome coronavirus 2,7GK0,QS3,408,A,noncovalent
Severe acute respiratory syndrome coronavirus 2,7GK1,QSF,407,A,noncovalent
Severe acute respiratory syndrome coronavirus 2,7GK2,QSX,408,A,noncovalent
Severe acute respiratory syndrome coronavirus 2,7GK3,QT3,408,A,noncovalent
Severe acute respiratory syndrome coronavirus 2,7GK4,QTC,408,A,noncovalent
Severe acute respiratory syndrome coronavirus 2,7GK5,QC3,403,B,noncovalent
Severe acute respiratory syndrome coronavirus 2,7GK5,QC3,408,A,noncovalent
Severe acute respiratory syndrome coronavirus 2,7GK6,QTL,408,A,noncovalent
Severe acute respiratory syndrome coronavirus 2,7GK7,QU9,406,A,noncovalent
Severe acute respiratory syndrome coronavirus 2,7GK8,QUQ,404,B,noncovalent
Severe acute respiratory syndrome coronavirus 2,7GK8,QUQ,406,A,noncovalent
Severe acute respiratory syndrome coronavirus 2,7GK9,QV0,403,B,noncovalent
Severe acute respiratory syndrome coronavirus 2,7GK9,QV0,408,A,noncovalent
Severe acute respiratory syndrome coronavirus 2,7GKA,QV9,403,B,noncovalent
Severe acute respiratory syndrome coronavirus 2,7GKA,QV9,408,A,noncovalent
Severe acute respiratory syndrome coronavirus 2,7GKB,QVG,403,B,noncovalent
Severe acute respiratory syndrome coronavirus 2,7GKB,QVG,408,A,noncovalent
Severe acute respiratory syndrome coronavirus 2,7GKC,QVJ,403,B,noncovalent
Severe acute respiratory syndrome coronavirus 2,7GKC,QVJ,408,A,noncovalent
Severe acute respiratory syndrome coronavirus 2,7GKD,QVU,407,A,noncovalent
Severe acute respiratory syndrome coronavirus 2,7GKE,QW1,403,B,noncovalent
Severe acute respiratory syndrome coronavirus 2,7GKE,QW1,408,A,noncovalent
Severe acute respiratory syndrome coronavirus 2,7GKF,QWL,408,A,noncovalent
Severe acute respiratory syndrome coronavirus 2,7GKG,QWU,408,A,noncovalent
Severe acute respiratory syndrome coronavirus 2,7GKH,QX3,408,A,noncovalent
Severe acute respiratory syndrome coronavirus 2,7GKI,QX9,407,A,noncovalent
Severe acute respiratory syndrome coronavirus 2,7GKJ,QXI,403,B,noncovalent
Severe acute respiratory syndrome coronavirus 2,7GKJ,QXI,408,A,noncovalent
Severe acute respiratory syndrome coronavirus 2,7GKK,QXR,403,B,noncovalent
Severe acute respiratory syndrome coronavirus 2,7GKK,QXR,408,A,noncovalent
Severe acute respiratory syndrome coronavirus 2,7GKL,QXX,408,A,noncovalent
Severe acute respiratory syndrome coronavirus 2,7GKM,QY6,405,B,noncovalent
Severe acute respiratory syndrome coronavirus 2,7GKM,QY6,407,A,noncovalent
Severe acute respiratory syndrome coronavirus 2,7GKN,QYI,404,B,noncovalent
Severe acute respiratory syndrome coronavirus 2,7GKN,QYI,407,A,noncovalent
Severe acute respiratory syndrome coronavirus 2,7GKO,QYN,403,B,noncovalent
Severe acute respiratory syndrome coronavirus 2,7GKO,QYN,407,A,noncovalent
Severe acute respiratory syndrome coronavirus 2,7GKP,QYR,407,A,noncovalent
Severe acute respiratory syndrome coronavirus 2,7GKQ,QZ0,403,B,noncovalent
Severe acute respiratory syndrome coronavirus 2,7GKQ,QZ0,408,A,noncovalent
Severe acute respiratory syndrome coronavirus 2,7GKR,QZC,403,B,noncovalent
Severe acute respiratory syndrome coronavirus 2,7GKR,QZC,408,A,noncovalent
Severe acute respiratory syndrome coronavirus 2,7GKS,QZL,403,B,noncovalent
Severe acute respiratory syndrome coronavirus 2,7GKS,QZL,406,A,noncovalent
Severe acute respiratory syndrome coronavirus 2,7GKT,QZU,408,A,noncovalent
Severe acute respiratory syndrome coronavirus 2,7GKU,R08,403,B,noncovalent
Severe acute respiratory syndrome coronavirus 2,7GKU,R08,407,A,noncovalent
Severe acute respiratory syndrome coronavirus 2,7GKV,R0F,404,B,noncovalent
Severe acute respiratory syndrome coronavirus 2,7GKV,R0F,406,A,noncovalent
Severe acute respiratory syndrome coronavirus 2,7GKW,R0Q,408,A,noncovalent
Severe acute respiratory syndrome coronavirus 2,7GKX,R1I,407,A,noncovalent
Severe acute respiratory syndrome coronavirus 2,7GKY,R1U,403,B,noncovalent
Severe acute respiratory syndrome coronavirus 2,7GKY,R1U,408,A,noncovalent
Severe acute respiratory syndrome coronavirus 2,7GKZ,R2L,408,A,noncovalent
Severe acute respiratory syndrome coronavirus 2,7GL0,R2X,407,A,noncovalent
Severe acute respiratory syndrome coronavirus 2,7GL1,R3I,404,B,noncovalent
Severe acute respiratory syndrome coronavirus 2,7GL1,R3I,407,A,noncovalent
Severe acute respiratory syndrome coronavirus 2,7GL2,R43,403,B,noncovalent
Severe acute respiratory syndrome coronavirus 2,7GL2,R43,406,A,noncovalent
Severe acute respiratory syndrome coronavirus 2,7GL3,R4X,403,B,noncovalent
Severe acute respiratory syndrome coronavirus 2,7GL3,R4X,406,A,noncovalent
Severe acute respiratory syndrome coronavirus 2,7GL4,R5H,403,B,noncovalent
Severe acute respiratory syndrome coronavirus 2,7GL4,R5H,406,A,noncovalent
Severe acute respiratory syndrome coronavirus 2,7GL5,R5O,403,B,noncovalent
Severe acute respiratory syndrome coronavirus 2,7GL5,R5O,407,A,noncovalent
Severe acute respiratory syndrome coronavirus 2,7GL6,R66,403,B,noncovalent
Severe acute respiratory syndrome coronavirus 2,7GL6,R66,408,A,noncovalent
Severe acute respiratory syndrome coronavirus 2,7GL7,R6L,403,B,noncovalent
Severe acute respiratory syndrome coronavirus 2,7GL7,R6L,408,A,noncovalent
Severe acute respiratory syndrome coronavirus 2,7GL8,KG9,403,B,noncovalent
Severe acute respiratory syndrome coronavirus 2,7GL8,KG9,407,A,noncovalent
Severe acute respiratory syndrome coronavirus 2,7GL9,QM3,403,B,noncovalent
Severe acute respiratory syndrome coronavirus 2,7GL9,QM3,408,A,noncovalent
Severe acute respiratory syndrome coronavirus 2,7GLA,R7F,403,B,noncovalent
Severe acute respiratory syndrome coronavirus 2,7GLA,R7F,407,A,noncovalent
Severe acute respiratory syndrome coronavirus 2,7GLB,R76,403,B,noncovalent
Severe acute respiratory syndrome coronavirus 2,7GLB,R76,407,A,noncovalent
Severe acute respiratory syndrome coronavirus 2,7GLC,R87,407,A,noncovalent
Severe acute respiratory syndrome coronavirus 2,7GLD,R8I,406,A,noncovalent
Severe acute respiratory syndrome coronavirus 2,7GLE,R8O,406,A,noncovalent
Severe acute respiratory syndrome coronavirus 2,7GLF,R8X,404,B,noncovalent
Severe acute respiratory syndrome coronavirus 2,7GLF,R8X,407,A,noncovalent
Severe acute respiratory syndrome coronavirus 2,7GLG,R95,404,B,noncovalent
Severe acute respiratory syndrome coronavirus 2,7GLG,R95,406,A,noncovalent
Severe acute respiratory syndrome coronavirus 2,7GLH,R9E,407,A,noncovalent
Severe acute respiratory syndrome coronavirus 2,7GLI,R9I,403,B,noncovalent
Severe acute respiratory syndrome coronavirus 2,7GLI,R9I,406,A,noncovalent
Severe acute respiratory syndrome coronavirus 2,7GLJ,R9R,405,B,noncovalent
Severe acute respiratory syndrome coronavirus 2,7GLJ,R9R,407,A,noncovalent
Severe acute respiratory syndrome coronavirus 2,7GLK,R9Z,403,B,noncovalent
Severe acute respiratory syndrome coronavirus 2,7GLK,R9Z,406,A,noncovalent
Severe acute respiratory syndrome coronavirus 2,7GLL,RAQ,404,B,noncovalent
Severe acute respiratory syndrome coronavirus 2,7GLL,RAQ,406,A,noncovalent
Severe acute respiratory syndrome coronavirus 2,7GLM,RBM,404,B,noncovalent
Severe acute respiratory syndrome coronavirus 2,7GLM,RBM,407,A,noncovalent
Severe acute respiratory syndrome coronavirus 2,7GLN,RBX,404,B,noncovalent
Severe acute respiratory syndrome coronavirus 2,7GLN,RBX,407,A,noncovalent
Severe acute respiratory syndrome coronavirus 2,7GLO,L6D,405,B,noncovalent
Severe acute respiratory syndrome coronavirus 2,7GLO,L6D,408,A,noncovalent
Severe acute respiratory syndrome coronavirus 2,7GLP,860,408,A,noncovalent
Severe acute respiratory syndrome coronavirus 2,7GLQ,NM0,405,B,noncovalent
Severe acute respiratory syndrome coronavirus 2,7GLQ,NM0,408,A,noncovalent
Severe acute respiratory syndrome coronavirus 2,7GLR,O0X,408,A,noncovalent
Severe acute respiratory syndrome coronavirus 2,7GLS,OE6,407,A,noncovalent
Severe acute respiratory syndrome coronavirus 2,7GLT,RC9,405,B,noncovalent
Severe acute respiratory syndrome coronavirus 2,7GLT,RC9,407,A,noncovalent
Severe acute respiratory syndrome coronavirus 2,7GLU,RD5,404,B,noncovalent
Severe acute respiratory syndrome coronavirus 2,7GLU,RD5,408,A,noncovalent
Severe acute respiratory syndrome coronavirus 2,7GLV,R76,405,B,noncovalent
Severe acute respiratory syndrome coronavirus 2,7GLV,R76,408,A,noncovalent
Severe acute respiratory syndrome coronavirus 2,7GLW,RDK,404,B,noncovalent
Severe acute respiratory syndrome coronavirus 2,7GLW,RDK,409,A,noncovalent
Severe acute respiratory syndrome coronavirus 2,7GLX,RDQ,405,B,noncovalent
Severe acute respiratory syndrome coronavirus 2,7GLX,RDQ,408,A,noncovalent
Severe acute respiratory syndrome coronavirus 2,7GLY,RDX,405,B,noncovalent
Severe acute respiratory syndrome coronavirus 2,7GLY,RDX,407,A,noncovalent
Severe acute respiratory syndrome coronavirus 2,7GLZ,REU,405,B,noncovalent
Severe acute respiratory syndrome coronavirus 2,7GLZ,REU,408,A,noncovalent
Severe acute respiratory syndrome coronavirus 2,7GM0,RFF,405,B,noncovalent
Severe acute respiratory syndrome coronavirus 2,7GM0,RFF,407,A,noncovalent
Severe acute respiratory syndrome coronavirus 2,7GM1,RFR,407,A,noncovalent
Severe acute respiratory syndrome coronavirus 2,7GM2,RG3,405,B,noncovalent
Severe acute respiratory syndrome coronavirus 2,7GM2,RG3,407,A,noncovalent
Severe acute respiratory syndrome coronavirus 2,7GM3,RG9,405,B,noncovalent
Severe acute respiratory syndrome coronavirus 2,7GM3,RG9,407,A,noncovalent
Severe acute respiratory syndrome coronavirus 2,7GM4,RGQ,405,B,noncovalent
Severe acute respiratory syndrome coronavirus 2,7GM4,RGQ,407,A,noncovalent
Severe acute respiratory syndrome coronavirus 2,7GM5,RGX,404,B,noncovalent
Severe acute respiratory syndrome coronavirus 2,7GM5,RGX,407,A,noncovalent
Severe acute respiratory syndrome coronavirus 2,7GM6,RHI,406,A,noncovalent
Severe acute respiratory syndrome coronavirus 2,7GM6,RHI,406,B,noncovalent
Severe acute respiratory syndrome coronavirus 2,7GM7,RI1,405,B,noncovalent
Severe acute respiratory syndrome coronavirus 2,7GM7,RI1,407,A,noncovalent
Severe acute respiratory syndrome coronavirus 2,7GM8,RI6,407,A,noncovalent
Severe acute respiratory syndrome coronavirus 2,7GM9,RIJ,403,B,noncovalent
Severe acute respiratory syndrome coronavirus 2,7GM9,RIJ,407,A,noncovalent
Severe acute respiratory syndrome coronavirus 2,7GMA,R2X,408,A,noncovalent
Severe acute respiratory syndrome coronavirus 2,7GMB,RIU,405,B,noncovalent
Severe acute respiratory syndrome coronavirus 2,7GMB,RIU,407,A,noncovalent
Severe acute respiratory syndrome coronavirus 2,7GMC,RIY,405,B,noncovalent
Severe acute respiratory syndrome coronavirus 2,7GMC,RIY,406,A,noncovalent
Severe acute respiratory syndrome coronavirus 2,7GMD,R2X,408,A,noncovalent
Severe acute respiratory syndrome coronavirus 2,7GME,RJ3,406,B,noncovalent
Severe acute respiratory syndrome coronavirus 2,7GME,RJ3,407,A,noncovalent
Severe acute respiratory syndrome coronavirus 2,7GMF,RJF,405,B,noncovalent
Severe acute respiratory syndrome coronavirus 2,7GMF,RJF,408,A,noncovalent
Severe acute respiratory syndrome coronavirus 2,7GMG,RJO,404,B,noncovalent
Severe acute respiratory syndrome coronavirus 2,7GMG,RJO,407,A,noncovalent
Severe acute respiratory syndrome coronavirus 2,7GMH,RJX,404,B,noncovalent
Severe acute respiratory syndrome coronavirus 2,7GMH,RJX,408,A,noncovalent
Severe acute respiratory syndrome coronavirus 2,7GMI,RK6,406,B,noncovalent
Severe acute respiratory syndrome coronavirus 2,7GMI,RK6,407,A,noncovalent
Severe acute respiratory syndrome coronavirus 2,7GMJ,RKC,404,B,noncovalent
Severe acute respiratory syndrome coronavirus 2,7GMJ,RKC,409,A,noncovalent
Severe acute respiratory syndrome coronavirus 2,7GMK,RKR,404,B,noncovalent
Severe acute respiratory syndrome coronavirus 2,7GMK,RKR,408,A,noncovalent
Severe acute respiratory syndrome coronavirus 2,7GML,RL0,405,B,noncovalent
Severe acute respiratory syndrome coronavirus 2,7GML,RL0,408,A,noncovalent
Severe acute respiratory syndrome coronavirus 2,7GMM,RL8,405,B,noncovalent
Severe acute respiratory syndrome coronavirus 2,7GMM,RL8,408,A,noncovalent
Severe acute respiratory syndrome coronavirus 2,7GMN,RLH,408,A,noncovalent
Severe acute respiratory syndrome coronavirus 2,7GMO,RLR,408,A,noncovalent
Severe acute respiratory syndrome coronavirus 2,7GMP,RM3,407,A,noncovalent
Severe acute respiratory syndrome coronavirus 2,7GMQ,RMI,405,B,noncovalent
Severe acute respiratory syndrome coronavirus 2,7GMQ,RMI,407,A,noncovalent
Severe acute respiratory syndrome coronavirus 2,7GMR,RN0,406,B,noncovalent
Severe acute respiratory syndrome coronavirus 2,7GMR,RN0,407,A,noncovalent
Severe acute respiratory syndrome coronavirus 2,7GMS,RNI,407,A,noncovalent
Severe acute respiratory syndrome coronavirus 2,7GMT,ROZ,408,A,noncovalent
Severe acute respiratory syndrome coronavirus 2,7GMU,RPK,407,A,noncovalent
Severe acute respiratory syndrome coronavirus 2,7GMV,RPZ,405,B,noncovalent
Severe acute respiratory syndrome coronavirus 2,7GMV,RPZ,407,A,noncovalent
Severe acute respiratory syndrome coronavirus 2,7GMW,RQ6,408,A,noncovalent
Severe acute respiratory syndrome coronavirus 2,7GMX,RQO,407,A,noncovalent
Severe acute respiratory syndrome coronavirus 2,7GMY,RQF,407,A,noncovalent
Severe acute respiratory syndrome coronavirus 2,7GMZ,RR0,404,B,noncovalent
Severe acute respiratory syndrome coronavirus 2,7GMZ,RR0,407,A,noncovalent
Severe acute respiratory syndrome coronavirus 2,7GN0,RRD,407,A,noncovalent
Severe acute respiratory syndrome coronavirus 2,7GN1,RRU,407,A,noncovalent
Severe acute respiratory syndrome coronavirus 2,7GN2,RS6,405,B,noncovalent
Severe acute respiratory syndrome coronavirus 2,7GN2,RS6,408,A,noncovalent
Severe acute respiratory syndrome coronavirus 2,7GN3,RSL,407,A,noncovalent
Severe acute respiratory syndrome coronavirus 2,7GN4,RT4,405,B,noncovalent
Severe acute respiratory syndrome coronavirus 2,7GN4,RT4,408,A,noncovalent
Severe acute respiratory syndrome coronavirus 2,7GN5,RT9,405,B,noncovalent
Severe acute respiratory syndrome coronavirus 2,7GN5,RT9,407,A,noncovalent
Severe acute respiratory syndrome coronavirus 2,7GN6,RTS,406,A,noncovalent
Severe acute respiratory syndrome coronavirus 2,7GN7,RV0,407,A,noncovalent
Severe acute respiratory syndrome coronavirus 2,7GN8,RPZ,404,B,noncovalent
Severe acute respiratory syndrome coronavirus 2,7GN8,RPZ,407,A,noncovalent
Severe acute respiratory syndrome coronavirus 2,7GN9,RVL,404,B,noncovalent
Severe acute respiratory syndrome coronavirus 2,7GN9,RVL,406,A,noncovalent
Severe acute respiratory syndrome coronavirus 2,7GNA,RVR,406,A,noncovalent
Severe acute respiratory syndrome coronavirus 2,7GNB,RW0,402,B,noncovalent
Severe acute respiratory syndrome coronavirus 2,7GNB,RW0,406,A,noncovalent
Severe acute respiratory syndrome coronavirus 2,7GNC,RW9,404,B,noncovalent
Severe acute respiratory syndrome coronavirus 2,7GNC,RW9,408,A,noncovalent
Severe acute respiratory syndrome coronavirus 2,7GND,RVR,404,B,noncovalent
Severe acute respiratory syndrome coronavirus 2,7GND,RVR,408,A,noncovalent
Severe acute respiratory syndrome coronavirus 2,7GNE,RWO,405,B,noncovalent
Severe acute respiratory syndrome coronavirus 2,7GNE,RWO,407,A,noncovalent
Severe acute respiratory syndrome coronavirus 2,7GNF,RWT,405,B,noncovalent
Severe acute respiratory syndrome coronavirus 2,7GNF,RWT,408,A,noncovalent
Severe acute respiratory syndrome coronavirus 2,7GNG,RXU,404,B,noncovalent
Severe acute respiratory syndrome coronavirus 2,7GNG,RXU,408,A,noncovalent
Severe acute respiratory syndrome coronavirus 2,7GNH,RYB,404,B,noncovalent
Severe acute respiratory syndrome coronavirus 2,7GNH,RYB,406,A,noncovalent
Severe acute respiratory syndrome coronavirus 2,7GNI,RZF,404,B,noncovalent
Severe acute respiratory syndrome coronavirus 2,7GNI,RZF,408,A,noncovalent
Severe acute respiratory syndrome coronavirus 2,7GNJ,RZU,404,B,noncovalent
Severe acute respiratory syndrome coronavirus 2,7GNJ,RZU,407,A,noncovalent
Severe acute respiratory syndrome coronavirus 2,7GNK,S0X,404,B,noncovalent
Severe acute respiratory syndrome coronavirus 2,7GNK,S0X,407,A,noncovalent
Severe acute respiratory syndrome coronavirus 2,7GNL,S1U,404,B,noncovalent
Severe acute respiratory syndrome coronavirus 2,7GNL,S1U,407,A,noncovalent
Severe acute respiratory syndrome coronavirus 2,7GNM,S1L,407,B,noncovalent
Severe acute respiratory syndrome coronavirus 2,7GNM,S1L,408,A,noncovalent
Severe acute respiratory syndrome coronavirus 2,7GNN,S39,404,B,noncovalent
Severe acute respiratory syndrome coronavirus 2,7GNN,S39,407,A,noncovalent
Severe acute respiratory syndrome coronavirus 2,7GNO,S3X,405,B,noncovalent
Severe acute respiratory syndrome coronavirus 2,7GNO,S3X,406,A,noncovalent
Severe acute respiratory syndrome coronavirus 2,7GNP,S4X,405,B,noncovalent
Severe acute respiratory syndrome coronavirus 2,7GNP,S4X,406,A,noncovalent
Severe acute respiratory syndrome coronavirus 2,7GNQ,S5L,404,B,noncovalent
Severe acute respiratory syndrome coronavirus 2,7GNQ,S5L,405,A,noncovalent
Severe acute respiratory syndrome coronavirus 2,7GNR,RZU,404,B,noncovalent
Severe acute respiratory syndrome coronavirus 2,7GNR,RZU,408,A,noncovalent
Severe acute respiratory syndrome coronavirus 2,7GNS,S6K,404,B,noncovalent
Severe acute respiratory syndrome coronavirus 2,7GNS,S6K,406,A,noncovalent
Severe acute respiratory syndrome coronavirus 2,7GNT,S7C,404,B,noncovalent
Severe acute respiratory syndrome coronavirus 2,7GNT,S7C,408,A,noncovalent
Severe acute respiratory syndrome coronavirus 2,7GNU,S7U,404,B,noncovalent
Severe acute respiratory syndrome coronavirus 2,7GNU,S7U,407,A,noncovalent
Severe acute respiratory syndrome coronavirus 2,7GRE,XWH,501,A,noncovalent
Severe acute respiratory syndrome coronavirus 2,7GRF,XWZ,401,B,noncovalent
Severe acute respiratory syndrome coronavirus 2,7GRF,XWZ,501,A,noncovalent
Severe acute respiratory syndrome coronavirus 2,7GRG,Y2C,602,B,noncovalent
Severe acute respiratory syndrome coronavirus 2,7GRG,Y2C,1501,A,noncovalent
Severe acute respiratory syndrome coronavirus 2,7GRH,Y25,509,A,noncovalent
Severe acute respiratory syndrome coronavirus 2,7GRH,Y25,512,B,noncovalent
Severe acute respiratory syndrome coronavirus 2,7GRI,Y1R,503,A,noncovalent
Severe acute respiratory syndrome coronavirus 2,7GRI,Y1R,603,B,noncovalent
Severe acute respiratory syndrome coronavirus 2,7GRJ,Y1L,403,A,noncovalent
Severe acute respiratory syndrome coronavirus 2,7GRJ,Y1L,405,B,noncovalent
Severe acute respiratory syndrome coronavirus 2,7GRK,Y1H,402,A,noncovalent
Severe acute respiratory syndrome coronavirus 2,7GRL,Y1C,401,A,noncovalent
Severe acute respiratory syndrome coronavirus 2,7GRM,ZHA,402,B,noncovalent
Severe acute respiratory syndrome coronavirus 2,7GRN,Y0W,502,B,noncovalent
Severe acute respiratory syndrome coronavirus 2,7GRO,Y3N,401,A,noncovalent
Severe acute respiratory syndrome coronavirus 2,7GRP,VXQ,401,A,noncovalent
Severe acute respiratory syndrome coronavirus 2,7GRQ,Y0S,402,A,noncovalent
Severe acute respiratory syndrome coronavirus 2,7GRR,Y0O,502,A,noncovalent
Severe acute respiratory syndrome coronavirus 2,7GRS,NT9,402,B,noncovalent
Severe acute respiratory syndrome coronavirus 2,7GRS,NT9,403,B,noncovalent
Severe acute respiratory syndrome coronavirus 2,7GRT,Y0L,601,A,noncovalent
Severe acute respiratory syndrome coronavirus 2,7GRU,Y0H,402,B,noncovalent
Severe acute respiratory syndrome coronavirus 2,7GRV,Y0C,401,A,noncovalent
Severe acute respiratory syndrome coronavirus 2,7GRV,Y0C,401,B,noncovalent
Severe acute respiratory syndrome coronavirus 2,7GRW,XZX,502,A,noncovalent
Severe acute respiratory syndrome coronavirus 2,7GRW,XZX,603,B,noncovalent
Severe acute respiratory syndrome coronavirus 2,7GRX,XZT,403,B,noncovalent
Severe acute respiratory syndrome coronavirus 2,7GRY,XZO,405,B,noncovalent
Severe acute respiratory syndrome coronavirus 2,7GRZ,XZI,1502,B,noncovalent
Severe acute respiratory syndrome coronavirus 2,7GS0,XZE,402,A,noncovalent
Severe acute respiratory syndrome coronavirus 2,7GS1,GT7,1503,A,noncovalent
Severe acute respiratory syndrome coronavirus 2,7GS2,5F8,1501,A,noncovalent
Severe acute respiratory syndrome coronavirus 2,7GS3,JAH,402,A,noncovalent
Severe acute respiratory syndrome coronavirus 2,7GS4,XZ6,702,A,covalent
Severe acute respiratory syndrome coronavirus 2,7GS5,0TI,401,A,covalent
Severe acute respiratory syndrome coronavirus 2,7GS5,0TI,401,B,covalent
Severe acute respiratory syndrome coronavirus 2,7GS5,0TI,402,B,covalent
Severe acute respiratory syndrome coronavirus 2,7GS6,XXN,404,B,covalent
Severe acute respiratory syndrome coronavirus 2,7GS6,XXN,405,B,covalent
Severe acute respiratory syndrome coronavirus 2,7GS6,XXN,602,A,covalent
Severe acute respiratory syndrome coronavirus 2,7GZ7,QL6,201,A,noncovalent
Severe acute respiratory syndrome coronavirus 2,7JHE,MGP,7104,A,noncovalent
Severe acute respiratory syndrome coronavirus 2,7JHE,SAH,7102,A,noncovalent
Severe acute respiratory syndrome coronavirus 2,7JHE,V9G,7103,A,noncovalent
Severe acute respiratory syndrome coronavirus 2,7JIB,GTA,7105,A,covalent
Severe acute respiratory syndrome coronavirus 2,7JIB,MGP,7107,A,noncovalent
Severe acute respiratory syndrome coronavirus 2,7JIB,SAH,7104,A,covalent
Severe acute respiratory syndrome coronavirus 2,7JIB,SAM,7103,A,covalent
Severe acute respiratory syndrome coronavirus 2,7JIB,V9G,7106,A,covalent
Severe acute respiratory syndrome coronavirus 2,7JIR,TTT,501,A,noncovalent
Severe acute respiratory syndrome coronavirus 2,7JIT,Y95,501,A,noncovalent
Severe acute respiratory syndrome coronavirus 2,7JIV,VBY,501,A,noncovalent
Severe acute respiratory syndrome coronavirus 2,7JIW,VBY,501,A,noncovalent
Severe acute respiratory syndrome coronavirus 2,7JJI,EIC,1303,A,noncovalent
Severe acute respiratory syndrome coronavirus 2,7JJI,EIC,1501,B,noncovalent
Severe acute respiratory syndrome coronavirus 2,7JJI,EIC,1501,C,noncovalent
Severe acute respiratory syndrome coronavirus 2,7JJI,VCG,1302,A,noncovalent
Severe acute respiratory syndrome coronavirus 2,7JJI,VCG,1503,B,noncovalent
Severe acute respiratory syndrome coronavirus 2,7JJI,VCG,1503,C,noncovalent
Severe acute respiratory syndrome coronavirus 2,7JKV,V7G,401,A,covalent
Severe acute respiratory syndrome coronavirus 2,7JKV,V7G,401,B,covalent
Severe acute respiratory syndrome coronavirus 2,7JME,CMP,401,A,noncovalent
Severe acute respiratory syndrome coronavirus 2,7JN2,Y41,501,A,noncovalent
Severe acute respiratory syndrome coronavirus 2,7JP0,VJA,401,A,covalent
Severe acute respiratory syndrome coronavirus 2,7JPE,GTA,301,A,noncovalent
Severe acute respiratory syndrome coronavirus 2,7JPE,SAM,302,A,noncovalent
Severe acute respiratory syndrome coronavirus 2,7JPZ,GHX,401,A,covalent
Severe acute respiratory syndrome coronavirus 2,7JQ0,VHV,401,A,covalent
Severe acute respiratory syndrome coronavirus 2,7JQ1,VHJ,401,A,covalent
Severe acute respiratory syndrome coronavirus 2,7JQ2,VHM,401,A,covalent
Severe acute respiratory syndrome coronavirus 2,7JQ3,VHP,401,A,covalent
Severe acute respiratory syndrome coronavirus 2,7JQ4,XM2,401,A,covalent
Severe acute respiratory syndrome coronavirus 2,7JQ5,NOL,401,A,covalent
Severe acute respiratory syndrome coronavirus 2,7JR4,MLZ,61,A,covalent
Severe acute respiratory syndrome coronavirus 2,7JRN,TTT,401,A,noncovalent
Severe acute respiratory syndrome coronavirus 2,7JRN,TTT,401,J,noncovalent
Severe acute respiratory syndrome coronavirus 2,7JSU,UED,401,A,covalent
Severe acute respiratory syndrome coronavirus 2,7JT0,LW1,401,A,covalent
Severe acute respiratory syndrome coronavirus 2,7JT7,TG3,401,A,covalent
Severe acute respiratory syndrome coronavirus 2,7JU7,G65,401,A,noncovalent
Severe acute respiratory syndrome coronavirus 2,7JW8,BTB,402,A,noncovalent
Severe acute respiratory syndrome coronavirus 2,7JW8,BTB,402,D,noncovalent
Severe acute respiratory syndrome coronavirus 2,7JW8,TG3,401,A,covalent
Severe acute respiratory syndrome coronavirus 2,7JW8,TG3,401,B,covalent
Severe acute respiratory syndrome coronavirus 2,7JW8,TG3,401,C,covalent
Severe acute respiratory syndrome coronavirus 2,7JW8,TG3,401,D,covalent
Severe acute respiratory syndrome coronavirus 2,7JYC,NNA,401,A,covalent
Severe acute respiratory syndrome coronavirus 2,7JYY,SAM,7101,A,noncovalent
Severe acute respiratory syndrome coronavirus 2,7JYY,SAM,7101,C,noncovalent
Severe acute respiratory syndrome coronavirus 2,7JZ0,A2M,1,E,covalent
Severe acute respiratory syndrome coronavirus 2,7JZ0,A2M,1,F,covalent
Severe acute respiratory syndrome coronavirus 2,7JZ0,SAH,7101,A,noncovalent
Severe acute respiratory syndrome coronavirus 2,7JZ0,SAH,7101,C,noncovalent
Severe acute respiratory syndrome coronavirus 2,7K0E,K36,401,A,covalent
Severe acute respiratory syndrome coronavirus 2,7K0E,K36,402,B,covalent
Severe acute respiratory syndrome coronavirus 2,7K0F,VR4,401,A,covalent
Severe acute respiratory syndrome coronavirus 2,7K0F,VR4,401,B,covalent
Severe acute respiratory syndrome coronavirus 2,7K0R,U5P,401,A,noncovalent
Severe acute respiratory syndrome coronavirus 2,7K0R,U5P,401,B,noncovalent
Severe acute respiratory syndrome coronavirus 2,7K0R,U5P,401,C,noncovalent
Severe acute respiratory syndrome coronavirus 2,7K0R,U5P,401,D,noncovalent
Severe acute respiratory syndrome coronavirus 2,7K0R,U5P,401,E,noncovalent
Severe acute respiratory syndrome coronavirus 2,7K0R,U5P,401,F,noncovalent
Severe acute respiratory syndrome coronavirus 2,7K1L,UVC,401,A,noncovalent
Severe acute respiratory syndrome coronavirus 2,7K1L,UVC,401,B,noncovalent
Severe acute respiratory syndrome coronavirus 2,7K1O,VQV,401,A,noncovalent
Severe acute respiratory syndrome coronavirus 2,7K1O,VQV,401,B,noncovalent
Severe acute respiratory syndrome coronavirus 2,7K1O,VQV,401,C,noncovalent
Severe acute respiratory syndrome coronavirus 2,7K40,U5G,401,A,covalent
Severe acute respiratory syndrome coronavirus 2,7K6D,SV6,402,A,covalent
Severe acute respiratory syndrome coronavirus 2,7K6E,SV6,402,A,covalent
Severe acute respiratory syndrome coronavirus 2,7KG3,MLI,201,A,noncovalent
Severe acute respiratory syndrome coronavirus 2,7KG3,MLI,202,A,noncovalent
Severe acute respiratory syndrome coronavirus 2,7KGO,3NI,101,B,noncovalent
Severe acute respiratory syndrome coronavirus 2,7KGO,3NI,301,A,noncovalent
Severe acute respiratory syndrome coronavirus 2,7KGO,3NI,302,A,noncovalent
Severe acute respiratory syndrome coronavirus 2,7KJR,PEE,301,A,noncovalent
Severe acute respiratory syndrome coronavirus 2,7KJR,PEE,301,B,noncovalent
Severe acute respiratory syndrome coronavirus 2,7KMH,PRO,603,C,noncovalent
Severe acute respiratory syndrome coronavirus 2,7KOA,GTA,301,A,noncovalent
Severe acute respiratory syndrome coronavirus 2,7KOA,GTA,303,A,noncovalent
Severe acute respiratory syndrome coronavirus 2,7KOA,SAM,302,A,noncovalent
Severe acute respiratory syndrome coronavirus 2,7KOJ,Y94,501,A,noncovalent
Severe acute respiratory syndrome coronavirus 2,7KOK,Y96,501,A,noncovalent
Severe acute respiratory syndrome coronavirus 2,7KOL,Y96,501,A,noncovalent
Severe acute respiratory syndrome coronavirus 2,7KQP,AR6,201,A,noncovalent
Severe acute respiratory syndrome coronavirus 2,7KQW,MLY,11,A,noncovalent
Severe acute respiratory syndrome coronavirus 2,7KQW,MLY,28,A,noncovalent
Severe acute respiratory syndrome coronavirus 2,7KQW,MLY,158,A,noncovalent
Severe acute respiratory syndrome coronavirus 2,7KQW,MLY,163,A,noncovalent
Severe acute respiratory syndrome coronavirus 2,7KQW,SNM,-2,A,noncovalent
Severe acute respiratory syndrome coronavirus 2,7KRI,MLI,202,C,noncovalent
Severe acute respiratory syndrome coronavirus 2,7KRI,X0Y,202,A,noncovalent
Severe acute respiratory syndrome coronavirus 2,7KRI,X0Y,202,B,noncovalent
Severe acute respiratory syndrome coronavirus 2,7KRI,X0Y,203,A,noncovalent
Severe acute respiratory syndrome coronavirus 2,7KRI,X0Y,203,B,noncovalent
Severe acute respiratory syndrome coronavirus 2,7KRI,X0Y,203,C,noncovalent
Severe acute respiratory syndrome coronavirus 2,7KRI,X0Y,204,C,noncovalent
Severe acute respiratory syndrome coronavirus 2,7KRN,1N7,707,E,noncovalent
Severe acute respiratory syndrome coronavirus 2,7KRN,1N7,1005,A,noncovalent
Severe acute respiratory syndrome coronavirus 2,7KRN,1N7,1006,A,noncovalent
Severe acute respiratory syndrome coronavirus 2,7KRN,AF3,706,E,noncovalent
Severe acute respiratory syndrome coronavirus 2,7KRO,1N7,707,E,noncovalent
Severe acute respiratory syndrome coronavirus 2,7KRO,1N7,1005,A,noncovalent
Severe acute respiratory syndrome coronavirus 2,7KRO,1N7,1006,A,noncovalent
Severe acute respiratory syndrome coronavirus 2,7KRO,AF3,706,E,noncovalent
Severe acute respiratory syndrome coronavirus 2,7KRO,AF3,1005,F,noncovalent
Severe acute respiratory syndrome coronavirus 2,7KRP,1N7,201,D,noncovalent
Severe acute respiratory syndrome coronavirus 2,7KRP,1N7,1005,A,noncovalent
Severe acute respiratory syndrome coronavirus 2,7KRP,1N7,1006,A,noncovalent
Severe acute respiratory syndrome coronavirus 2,7KRX,Y41,501,A,noncovalent
Severe acute respiratory syndrome coronavirus 2,7KVL,SER,702,B,noncovalent
Severe acute respiratory syndrome coronavirus 2,7KVL,X4P,503,A,noncovalent
Severe acute respiratory syndrome coronavirus 2,7KVR,X4V,703,B,noncovalent
Severe acute respiratory syndrome coronavirus 2,7KX5,X7V,401,A,noncovalent
Severe acute respiratory syndrome coronavirus 2,7KXB,XB1,201,A,noncovalent
Severe acute respiratory syndrome coronavirus 2,7KYU,XC4,501,A,covalent
Severe acute respiratory syndrome coronavirus 2,7L0D,0EN,401,A,noncovalent
Severe acute respiratory syndrome coronavirus 2,7L0N,PG5,702,H,noncovalent
Severe acute respiratory syndrome coronavirus 2,7L10,XEY,400,A,noncovalent
Severe acute respiratory syndrome coronavirus 2,7L11,XF1,400,A,noncovalent
Severe acute respiratory syndrome coronavirus 2,7L11,XF1,400,B,noncovalent
Severe acute respiratory syndrome coronavirus 2,7L12,XF4,401,A,noncovalent
Severe acute respiratory syndrome coronavirus 2,7L13,XF7,401,A,noncovalent
Severe acute respiratory syndrome coronavirus 2,7L14,XFD,400,A,noncovalent
Severe acute respiratory syndrome coronavirus 2,7L14,XFD,400,B,noncovalent
Severe acute respiratory syndrome coronavirus 2,7L1F,F86,14,P,covalent
Severe acute respiratory syndrome coronavirus 2,7L1F,F86,15,P,noncovalent
Severe acute respiratory syndrome coronavirus 2,7L1F,F86,16,P,noncovalent
Severe acute respiratory syndrome coronavirus 2,7L1F,F86,17,P,noncovalent
Severe acute respiratory syndrome coronavirus 2,7L5D,XNJ,401,A,noncovalent
Severe acute respiratory syndrome coronavirus 2,7L6R,A2M,1,C,covalent
Severe acute respiratory syndrome coronavirus 2,7L6R,SAH,7105,A,noncovalent
Severe acute respiratory syndrome coronavirus 2,7L6T,A2M,1,C,covalent
Severe acute respiratory syndrome coronavirus 2,7L6T,SAH,7104,A,noncovalent
Severe acute respiratory syndrome coronavirus 2,7L8I,AG7,401,A,covalent
Severe acute respiratory syndrome coronavirus 2,7L8I,AG7,401,B,covalent
Severe acute respiratory syndrome coronavirus 2,7L8J,AG7,401,A,covalent
Severe acute respiratory syndrome coronavirus 2,7LB7,SV6,401,A,covalent
Severe acute respiratory syndrome coronavirus 2,7LBN,2DO,4,D,covalent
Severe acute respiratory syndrome coronavirus 2,7LBR,XT7,404,A,noncovalent
Severe acute respiratory syndrome coronavirus 2,7LBR,XT7,404,B,noncovalent
Severe acute respiratory syndrome coronavirus 2,7LBS,BO3,404,A,noncovalent
Severe acute respiratory syndrome coronavirus 2,7LBS,BO3,405,A,noncovalent
Severe acute respiratory syndrome coronavirus 2,7LBS,BO3,406,B,noncovalent
Severe acute respiratory syndrome coronavirus 2,7LBS,BO3,407,A,noncovalent
Severe acute respiratory syndrome coronavirus 2,7LBS,XR8,401,A,noncovalent
Severe acute respiratory syndrome coronavirus 2,7LBS,XR8,401,B,noncovalent
Severe acute respiratory syndrome coronavirus 2,7LCO,XTJ,401,A,noncovalent
Severe acute respiratory syndrome coronavirus 2,7LCR,XTM,401,A,noncovalent
Severe acute respiratory syndrome coronavirus 2,7LCR,XTM,401,B,covalent
Severe acute respiratory syndrome coronavirus 2,7LCS,XTP,401,A,noncovalent
Severe acute respiratory syndrome coronavirus 2,7LCT,XU4,401,A,noncovalent
Severe acute respiratory syndrome coronavirus 2,7LDJ,FUL,4,I,covalent
Severe acute respiratory syndrome coronavirus 2,7LDJ,FUL,4,K,covalent
Severe acute respiratory syndrome coronavirus 2,7LDJ,FUL,6,J,covalent
Severe acute respiratory syndrome coronavirus 2,7LDL,XV4,401,A,covalent
Severe acute respiratory syndrome coronavirus 2,7LDL,XV4,401,B,covalent
Severe acute respiratory syndrome coronavirus 2,7LDX,R9V,402,B,noncovalent
Severe acute respiratory syndrome coronavirus 2,7LDX,R9V,509,A,noncovalent
Severe acute respiratory syndrome coronavirus 2,7LFE,XWS,406,A,noncovalent
Severe acute respiratory syndrome coronavirus 2,7LFP,XY4,406,A,noncovalent
Severe acute respiratory syndrome coronavirus 2,7LG7,XYJ,201,A,noncovalent
Severe acute respiratory syndrome coronavirus 2,7LKR,Y4D,401,A,covalent
Severe acute respiratory syndrome coronavirus 2,7LKR,Y5S,402,A,covalent
Severe acute respiratory syndrome coronavirus 2,7LKR,Y8Y,401,B,covalent
Severe acute respiratory syndrome coronavirus 2,7LKR,Y91,402,B,covalent
Severe acute respiratory syndrome coronavirus 2,7LKS,Y4P,402,A,covalent
Severe acute respiratory syndrome coronavirus 2,7LKS,Y4P,402,B,covalent
Severe acute respiratory syndrome coronavirus 2,7LKS,Y7G,401,A,covalent
Severe acute respiratory syndrome coronavirus 2,7LKS,Y7G,401,B,covalent
Severe acute respiratory syndrome coronavirus 2,7LKT,Y4V,402,A,covalent
Severe acute respiratory syndrome coronavirus 2,7LKT,Y4V,403,B,covalent
Severe acute respiratory syndrome coronavirus 2,7LKT,Y7M,401,A,covalent
Severe acute respiratory syndrome coronavirus 2,7LKT,Y7M,402,B,covalent
Severe acute respiratory syndrome coronavirus 2,7LKU,Y4D,401,A,covalent
Severe acute respiratory syndrome coronavirus 2,7LKU,Y5S,402,A,covalent
Severe acute respiratory syndrome coronavirus 2,7LKU,Y8Y,401,B,covalent
Severe acute respiratory syndrome coronavirus 2,7LKU,Y91,402,B,covalent
Severe acute respiratory syndrome coronavirus 2,7LKV,Y4J,401,A,covalent
Severe acute respiratory syndrome coronavirus 2,7LKV,Y4J,402,B,covalent
Severe acute respiratory syndrome coronavirus 2,7LKV,Y64,402,A,covalent
Severe acute respiratory syndrome coronavirus 2,7LKV,Y64,403,B,covalent
Severe acute respiratory syndrome coronavirus 2,7LKW,Y8S,401,A,covalent
Severe acute respiratory syndrome coronavirus 2,7LKW,Y8S,402,B,covalent
Severe acute respiratory syndrome coronavirus 2,7LKW,Y8V,402,A,covalent
Severe acute respiratory syndrome coronavirus 2,7LKW,Y8V,403,B,covalent
Severe acute respiratory syndrome coronavirus 2,7LKX,Y51,401,A,covalent
Severe acute respiratory syndrome coronavirus 2,7LKX,Y51,401,B,covalent
Severe acute respiratory syndrome coronavirus 2,7LKX,Y71,402,A,covalent
Severe acute respiratory syndrome coronavirus 2,7LKX,Y71,402,B,covalent
Severe acute respiratory syndrome coronavirus 2,7LLF,BO3,403,A,noncovalent
Severe acute respiratory syndrome coronavirus 2,7LLF,BO3,404,A,noncovalent
Severe acute respiratory syndrome coronavirus 2,7LLF,Y54,404,B,noncovalent
Severe acute respiratory syndrome coronavirus 2,7LLF,Y54,407,A,noncovalent
Severe acute respiratory syndrome coronavirus 2,7LLZ,Y61,401,A,noncovalent
Severe acute respiratory syndrome coronavirus 2,7LLZ,Y61,401,B,noncovalent
Severe acute respiratory syndrome coronavirus 2,7LMD,Y6A,401,A,noncovalent
Severe acute respiratory syndrome coronavirus 2,7LME,Y6J,401,A,noncovalent
Severe acute respiratory syndrome coronavirus 2,7LME,Y6J,401,B,noncovalent
Severe acute respiratory syndrome coronavirus 2,7LMF,Y6G,401,A,noncovalent
Severe acute respiratory syndrome coronavirus 2,7LMF,Y6G,401,B,noncovalent
Severe acute respiratory syndrome coronavirus 2,7LOS,Y97,403,A,noncovalent
Severe acute respiratory syndrome coronavirus 2,7LOS,Y97,404,B,noncovalent
Severe acute respiratory syndrome coronavirus 2,7LTJ,YD1,401,A,noncovalent
Severe acute respiratory syndrome coronavirus 2,7LTN,YCV,401,A,covalent
Severe acute respiratory syndrome coronavirus 2,7LTU,TFA,301,A,noncovalent
Severe acute respiratory syndrome coronavirus 2,7LTU,TFA,301,B,noncovalent
Severe acute respiratory syndrome coronavirus 2,7LTU,TFA,302,A,noncovalent
Severe acute respiratory syndrome coronavirus 2,7LW3,SAH,703,A,noncovalent
Severe acute respiratory syndrome coronavirus 2,7LW3,YG4,704,A,noncovalent
Severe acute respiratory syndrome coronavirus 2,7LW4,SAH,312,A,noncovalent
Severe acute respiratory syndrome coronavirus 2,7LY3,XYL,405,B,noncovalent
Severe acute respiratory syndrome coronavirus 2,7LY3,XYL,1704,A,noncovalent
Severe acute respiratory syndrome coronavirus 2,7LYH,YHJ,401,A,covalent
Severe acute respiratory syndrome coronavirus 2,7LYI,YHI,503,A,covalent
Severe acute respiratory syndrome coronavirus 2,7LYJ,IRI,101,A,noncovalent
Severe acute respiratory syndrome coronavirus 2,7LYJ,IRI,102,A,noncovalent
Severe acute respiratory syndrome coronavirus 2,7LZT,YMY,402,A,covalent
Severe acute respiratory syndrome coronavirus 2,7LZT,YN1,403,A,covalent
Severe acute respiratory syndrome coronavirus 2,7LZU,YKM,401,A,covalent
Severe acute respiratory syndrome coronavirus 2,7LZU,YKM,402,B,covalent
Severe acute respiratory syndrome coronavirus 2,7LZU,YKP,401,B,covalent
Severe acute respiratory syndrome coronavirus 2,7LZU,YKP,402,A,covalent
Severe acute respiratory syndrome coronavirus 2,7LZV,YLM,401,A,covalent
Severe acute respiratory syndrome coronavirus 2,7LZV,YLM,401,B,covalent
Severe acute respiratory syndrome coronavirus 2,7LZV,YLS,402,A,covalent
Severe acute respiratory syndrome coronavirus 2,7LZV,YLS,402,B,covalent
Severe acute respiratory syndrome coronavirus 2,7LZW,YLM,401,A,covalent
Severe acute respiratory syndrome coronavirus 2,7LZW,YLM,401,B,covalent
Severe acute respiratory syndrome coronavirus 2,7LZW,YLS,402,A,covalent
Severe acute respiratory syndrome coronavirus 2,7LZW,YLS,402,B,covalent
Severe acute respiratory syndrome coronavirus 2,7LZX,YMD,402,A,covalent
Severe acute respiratory syndrome coronavirus 2,7LZX,YMD,402,B,covalent
Severe acute respiratory syndrome coronavirus 2,7LZX,YMG,401,A,covalent
Severe acute respiratory syndrome coronavirus 2,7LZX,YMG,401,B,covalent
Severe acute respiratory syndrome coronavirus 2,7LZY,YMJ,401,A,covalent
Severe acute respiratory syndrome coronavirus 2,7LZY,YMM,402,A,covalent
Severe acute respiratory syndrome coronavirus 2,7LZZ,YMS,401,A,covalent
Severe acute respiratory syndrome coronavirus 2,7LZZ,YMV,402,A,covalent
Severe acute respiratory syndrome coronavirus 2,7M00,YKA,401,A,covalent
Severe acute respiratory syndrome coronavirus 2,7M00,YKA,401,B,covalent
Severe acute respiratory syndrome coronavirus 2,7M00,YKD,402,A,covalent
Severe acute respiratory syndrome coronavirus 2,7M00,YKD,402,B,covalent
Severe acute respiratory syndrome coronavirus 2,7M01,YKS,401,B,covalent
Severe acute respiratory syndrome coronavirus 2,7M01,YKS,402,A,covalent
Severe acute respiratory syndrome coronavirus 2,7M01,YKV,401,A,covalent
Severe acute respiratory syndrome coronavirus 2,7M01,YKV,402,B,covalent
Severe acute respiratory syndrome coronavirus 2,7M02,YKY,402,A,covalent
Severe acute respiratory syndrome coronavirus 2,7M02,YKY,402,B,covalent
Severe acute respiratory syndrome coronavirus 2,7M02,YL7,401,A,covalent
Severe acute respiratory syndrome coronavirus 2,7M02,YL7,401,B,covalent
Severe acute respiratory syndrome coronavirus 2,7M03,YLD,401,A,covalent
Severe acute respiratory syndrome coronavirus 2,7M03,YLD,402,B,covalent
Severe acute respiratory syndrome coronavirus 2,7M03,YLJ,401,B,covalent
Severe acute respiratory syndrome coronavirus 2,7M03,YLJ,402,A,covalent
Severe acute respiratory syndrome coronavirus 2,7M04,YLV,401,A,covalent
Severe acute respiratory syndrome coronavirus 2,7M04,YLV,401,B,covalent
Severe acute respiratory syndrome coronavirus 2,7M04,YM1,402,A,covalent
Severe acute respiratory syndrome coronavirus 2,7M04,YM1,402,B,covalent
Severe acute respiratory syndrome coronavirus 2,7M1Y,9JT,403,B,noncovalent
Severe acute respiratory syndrome coronavirus 2,7M1Y,9JT,501,A,noncovalent
Severe acute respiratory syndrome coronavirus 2,7M2P,ALC,3,B,covalent
Severe acute respiratory syndrome coronavirus 2,7M2P,YOP,4,B,covalent
Severe acute respiratory syndrome coronavirus 2,7M8M,YSG,401,A,noncovalent
Severe acute respiratory syndrome coronavirus 2,7M8N,YSP,401,A,noncovalent
Severe acute respiratory syndrome coronavirus 2,7M8N,YSP,401,B,noncovalent
Severe acute respiratory syndrome coronavirus 2,7M8O,YSM,401,A,noncovalent
Severe acute respiratory syndrome coronavirus 2,7M8P,YSJ,401,A,noncovalent
Severe acute respiratory syndrome coronavirus 2,7M8X,YTJ,401,A,noncovalent
Severe acute respiratory syndrome coronavirus 2,7M8Y,YTM,401,A,noncovalent
Severe acute respiratory syndrome coronavirus 2,7M8Z,YTV,401,A,noncovalent
Severe acute respiratory syndrome coronavirus 2,7M90,YTS,401,A,noncovalent
Severe acute respiratory syndrome coronavirus 2,7M91,YU4,401,A,noncovalent
Severe acute respiratory syndrome coronavirus 2,7MAT,H37,401,A,covalent
Severe acute respiratory syndrome coronavirus 2,7MAT,H37,402,B,covalent
Severe acute respiratory syndrome coronavirus 2,7MAU,DIO,501,B,noncovalent
Severe acute respiratory syndrome coronavirus 2,7MAU,YVP,403,A,covalent
Severe acute respiratory syndrome coronavirus 2,7MAU,YVP,503,B,covalent
Severe acute respiratory syndrome coronavirus 2,7MAV,YVY,401,A,covalent
Severe acute respiratory syndrome coronavirus 2,7MAV,YVY,401,B,covalent
Severe acute respiratory syndrome coronavirus 2,7MAW,YVA,401,A,covalent
Severe acute respiratory syndrome coronavirus 2,7MAW,YVA,401,B,noncovalent
Severe acute respiratory syndrome coronavirus 2,7MAX,YV7,401,A,covalent
Severe acute respiratory syndrome coronavirus 2,7MAX,YV7,401,B,covalent
Severe acute respiratory syndrome coronavirus 2,7MAZ,YVD,401,A,noncovalent
Severe acute respiratory syndrome coronavirus 2,7MAZ,YVD,401,B,covalent
Severe acute respiratory syndrome coronavirus 2,7MB0,YVG,401,A,covalent
Severe acute respiratory syndrome coronavirus 2,7MB0,YVG,401,B,covalent
Severe acute respiratory syndrome coronavirus 2,7MB1,YVJ,401,A,covalent
Severe acute respiratory syndrome coronavirus 2,7MB1,YVJ,401,B,covalent
Severe acute respiratory syndrome coronavirus 2,7MB2,YVM,401,A,covalent
Severe acute respiratory syndrome coronavirus 2,7MB2,YVM,401,B,covalent
Severe acute respiratory syndrome coronavirus 2,7MB3,YVV,401,A,covalent
Severe acute respiratory syndrome coronavirus 2,7MB3,YVV,401,B,covalent
Severe acute respiratory syndrome coronavirus 2,7MB3,YVV,401,C,covalent
Severe acute respiratory syndrome coronavirus 2,7MB3,YVV,401,D,covalent
Severe acute respiratory syndrome coronavirus 2,7MB3,YVV,401,E,covalent
Severe acute respiratory syndrome coronavirus 2,7MB3,YVV,401,F,covalent
Severe acute respiratory syndrome coronavirus 2,7MBI,FN7,402,B,noncovalent
Severe acute respiratory syndrome coronavirus 2,7MBI,YWJ,401,A,noncovalent
Severe acute respiratory syndrome coronavirus 2,7MBI,YWJ,401,B,noncovalent
Severe acute respiratory syndrome coronavirus 2,7MBI,YWJ,401,C,noncovalent
Severe acute respiratory syndrome coronavirus 2,7MBI,YWJ,401,D,noncovalent
Severe acute respiratory syndrome coronavirus 2,7MC5,TLA,314,A,noncovalent
Severe acute respiratory syndrome coronavirus 2,7MC5,TLA,315,A,noncovalent
Severe acute respiratory syndrome coronavirus 2,7MKY,NCO,101,A,noncovalent
Severe acute respiratory syndrome coronavirus 2,7MLF,C7A,401,A,covalent
Severe acute respiratory syndrome coronavirus 2,7MLG,ZJ1,401,A,covalent
Severe acute respiratory syndrome coronavirus 2,7MNG,ZL7,401,A,noncovalent
Severe acute respiratory syndrome coronavirus 2,7MPB,ASC,401,A,noncovalent
Severe acute respiratory syndrome coronavirus 2,7MPB,ASC,401,B,noncovalent
Severe acute respiratory syndrome coronavirus 2,7MPB,ETF,402,A,noncovalent
Severe acute respiratory syndrome coronavirus 2,7MPB,ETF,402,B,noncovalent
Severe acute respiratory syndrome coronavirus 2,7MRR,AR7,4,B,covalent
Severe acute respiratory syndrome coronavirus 2,7MSQ,SCN,301,L,noncovalent
Severe acute respiratory syndrome coronavirus 2,7MSQ,SCN,302,L,noncovalent
Severe acute respiratory syndrome coronavirus 2,7MSQ,SCN,303,E,noncovalent
Severe acute respiratory syndrome coronavirus 2,7MSQ,SCN,303,L,noncovalent
Severe acute respiratory syndrome coronavirus 2,7MSQ,SCN,602,B,noncovalent
Severe acute respiratory syndrome coronavirus 2,7N0D,1N7,605,D,noncovalent
Severe acute respiratory syndrome coronavirus 2,7N0D,1N7,701,H,noncovalent
Severe acute respiratory syndrome coronavirus 2,7N33,UFT,401,G,covalent
Severe acute respiratory syndrome coronavirus 2,7N33,UFT,401,H,covalent
Severe acute respiratory syndrome coronavirus 2,7N33,UFT,401,I,covalent
Severe acute respiratory syndrome coronavirus 2,7N33,UFT,401,J,covalent
Severe acute respiratory syndrome coronavirus 2,7N33,UFT,401,K,covalent
Severe acute respiratory syndrome coronavirus 2,7N33,UFT,401,L,covalent
Severe acute respiratory syndrome coronavirus 2,7N3K,ODN,201,A,covalent
Severe acute respiratory syndrome coronavirus 2,7N3K,ODN,201,B,covalent
Severe acute respiratory syndrome coronavirus 2,7N3K,ODN,201,C,noncovalent
Severe acute respiratory syndrome coronavirus 2,7N3K,ODN,201,D,covalent
Severe acute respiratory syndrome coronavirus 2,7N3K,ODN,201,E,covalent
Severe acute respiratory syndrome coronavirus 2,7N3K,ODN,201,F,covalent
Severe acute respiratory syndrome coronavirus 2,7N3K,ODN,201,G,covalent
Severe acute respiratory syndrome coronavirus 2,7N3K,ODN,201,H,covalent
Severe acute respiratory syndrome coronavirus 2,7N44,06I,401,A,noncovalent
Severe acute respiratory syndrome coronavirus 2,7N7R,S6V,401,B,noncovalent
Severe acute respiratory syndrome coronavirus 2,7N7U,0MI,401,A,noncovalent
Severe acute respiratory syndrome coronavirus 2,7N7U,0MI,401,B,noncovalent
Severe acute respiratory syndrome coronavirus 2,7N7W,0OI,401,B,noncovalent
Severe acute respiratory syndrome coronavirus 2,7N7Y,RZG,401,A,noncovalent
Severe acute respiratory syndrome coronavirus 2,7N7Y,RZG,401,B,noncovalent
Severe acute respiratory syndrome coronavirus 2,7N83,WNM,402,A,noncovalent
Severe acute respiratory syndrome coronavirus 2,7N83,WNM,402,B,noncovalent
Severe acute respiratory syndrome coronavirus 2,7N83,WNM,403,A,noncovalent
Severe acute respiratory syndrome coronavirus 2,7N83,WNM,403,B,noncovalent
Severe acute respiratory syndrome coronavirus 2,7N83,WNM,404,A,noncovalent
Severe acute respiratory syndrome coronavirus 2,7N83,WNM,404,B,noncovalent
Severe acute respiratory syndrome coronavirus 2,7N83,WNM,405,A,noncovalent
Severe acute respiratory syndrome coronavirus 2,7N8C,YD1,401,A,noncovalent
Severe acute respiratory syndrome coronavirus 2,7NBY,U88,401,A,covalent
Severe acute respiratory syndrome coronavirus 2,7NBY,U88,401,B,covalent
Severe acute respiratory syndrome coronavirus 2,7NBY,U88,402,A,covalent
Severe acute respiratory syndrome coronavirus 2,7NBY,U88,402,B,covalent
Severe acute respiratory syndrome coronavirus 2,7NBY,U88,403,A,covalent
Severe acute respiratory syndrome coronavirus 2,7NBY,U88,403,B,covalent
Severe acute respiratory syndrome coronavirus 2,7NBY,U88,406,A,covalent
Severe acute respiratory syndrome coronavirus 2,7NBY,U88,406,B,covalent
Severe acute respiratory syndrome coronavirus 2,7NEV,AR7,4,B,covalent
Severe acute respiratory syndrome coronavirus 2,7NF5,ALD,401,A,covalent
Severe acute respiratory syndrome coronavirus 2,7NG3,ALD,401,B,covalent
Severe acute respiratory syndrome coronavirus 2,7NG3,ALD,402,A,covalent
Severe acute respiratory syndrome coronavirus 2,7NG6,ALD,401,B,covalent
Severe acute respiratory syndrome coronavirus 2,7NG6,ALD,701,A,covalent
Severe acute respiratory syndrome coronavirus 2,7NNG,UJK,701,A,noncovalent
Severe acute respiratory syndrome coronavirus 2,7NNG,UJK,701,B,noncovalent
Severe acute respiratory syndrome coronavirus 2,7NT1,UQW,504,B,covalent
Severe acute respiratory syndrome coronavirus 2,7NT2,URK,604,B,covalent
Severe acute respiratory syndrome coronavirus 2,7NT3,UQZ,703,B,noncovalent
Severe acute respiratory syndrome coronavirus 2,7NT4,PRL,401,A,noncovalent
Severe acute respiratory syndrome coronavirus 2,7NT4,PRL,401,B,noncovalent
Severe acute respiratory syndrome coronavirus 2,7NT4,PRL,402,A,noncovalent
Severe acute respiratory syndrome coronavirus 2,7NT4,PRL,402,B,noncovalent
Severe acute respiratory syndrome coronavirus 2,7NT4,PRL,403,A,noncovalent
Severe acute respiratory syndrome coronavirus 2,7NT4,PRL,403,B,noncovalent
Severe acute respiratory syndrome coronavirus 2,7NT9,BLA,1301,A,noncovalent
Severe acute respiratory syndrome coronavirus 2,7NT9,BLA,1301,B,noncovalent
Severe acute respiratory syndrome coronavirus 2,7NT9,BLA,1301,C,noncovalent
Severe acute respiratory syndrome coronavirus 2,7NTA,BLA,1301,A,noncovalent
Severe acute respiratory syndrome coronavirus 2,7NTA,BLA,1301,B,noncovalent
Severe acute respiratory syndrome coronavirus 2,7NTA,BLA,1301,C,noncovalent
Severe acute respiratory syndrome coronavirus 2,7NTC,BLA,1301,A,noncovalent
Severe acute respiratory syndrome coronavirus 2,7NTC,BLA,1301,B,noncovalent
Severe acute respiratory syndrome coronavirus 2,7NTQ,35J,401,A,noncovalent
Severe acute respiratory syndrome coronavirus 2,7NTV,US8,506,B,noncovalent
Severe acute respiratory syndrome coronavirus 2,7NUK,USH,704,B,noncovalent
Severe acute respiratory syndrome coronavirus 2,7NW2,USZ,401,A,covalent
Severe acute respiratory syndrome coronavirus 2,7O35,GTP,401,C,noncovalent
Severe acute respiratory syndrome coronavirus 2,7O36,GTP,401,A,noncovalent
Severe acute respiratory syndrome coronavirus 2,7O36,GTP,401,D,noncovalent
Severe acute respiratory syndrome coronavirus 2,7O46,V18,401,A,noncovalent
Severe acute respiratory syndrome coronavirus 2,7OD3,EIC,1301,A,noncovalent
Severe acute respiratory syndrome coronavirus 2,7OD3,EIC,1301,C,noncovalent
Severe acute respiratory syndrome coronavirus 2,7OD3,EIC,1302,B,noncovalent
Severe acute respiratory syndrome coronavirus 2,7ODL,EIC,1301,A,noncovalent
Severe acute respiratory syndrome coronavirus 2,7ODL,EIC,1301,B,noncovalent
Severe acute respiratory syndrome coronavirus 2,7ODL,EIC,1301,C,noncovalent
Severe acute respiratory syndrome coronavirus 2,7OFS,YRL,404,A,noncovalent
Severe acute respiratory syndrome coronavirus 2,7OFT,HBA,410,A,noncovalent
Severe acute respiratory syndrome coronavirus 2,7OLZ,DMX,201,C,noncovalent
Severe acute respiratory syndrome coronavirus 2,7ORB,BTB,404,E,noncovalent
Severe acute respiratory syndrome coronavirus 2,7ORR,PIM,205,A,noncovalent
Severe acute respiratory syndrome coronavirus 2,7ORR,PIM,206,A,noncovalent
Severe acute respiratory syndrome coronavirus 2,7ORU,2AQ,204,A,noncovalent
Severe acute respiratory syndrome coronavirus 2,7ORV,X4V,205,A,noncovalent
Severe acute respiratory syndrome coronavirus 2,7ORW,7WA,203,A,noncovalent
Severe acute respiratory syndrome coronavirus 2,7OZU,7OK,9,T,covalent
Severe acute respiratory syndrome coronavirus 2,7OZV,16B,9,T,covalent
Severe acute respiratory syndrome coronavirus 2,7P2G,4N0,401,A,noncovalent
Severe acute respiratory syndrome coronavirus 2,7P51,5P9,403,A,noncovalent
Severe acute respiratory syndrome coronavirus 2,7PFM,7IL,401,A,noncovalent
Severe acute respiratory syndrome coronavirus 2,7PFM,7IL,401,B,noncovalent
Severe acute respiratory syndrome coronavirus 2,7PHZ,X77,401,A,noncovalent
Severe acute respiratory syndrome coronavirus 2,7PHZ,X77,401,B,noncovalent
Severe acute respiratory syndrome coronavirus 2,7PS6,PG0,301,H,noncovalent
Severe acute respiratory syndrome coronavirus 2,7Q5E,90I,401,A,covalent
Severe acute respiratory syndrome coronavirus 2,7Q5E,90I,401,B,covalent
Severe acute respiratory syndrome coronavirus 2,7Q5F,90X,401,A,noncovalent
Severe acute respiratory syndrome coronavirus 2,7Q5F,90X,401,B,noncovalent
Severe acute respiratory syndrome coronavirus 2,7QBB,V1B,402,A,noncovalent
Severe acute respiratory syndrome coronavirus 2,7QCG,DZI,401,A,noncovalent
Severe acute respiratory syndrome coronavirus 2,7QCH,A5I,401,A,noncovalent
Severe acute respiratory syndrome coronavirus 2,7QCI,A6Q,401,A,noncovalent
Severe acute respiratory syndrome coronavirus 2,7QCJ,A4O,405,A,noncovalent
Severe acute respiratory syndrome coronavirus 2,7QCK,A7L,401,A,noncovalent
Severe acute respiratory syndrome coronavirus 2,7QCM,A3X,401,A,noncovalent
Severe acute respiratory syndrome coronavirus 2,7QDG,NDG,1,Q,covalent
Severe acute respiratory syndrome coronavirus 2,7QG7,U08,201,A,noncovalent
Severe acute respiratory syndrome coronavirus 2,7QG7,U08,201,B,noncovalent
Severe acute respiratory syndrome coronavirus 2,7QIF,GTG,601,D,noncovalent
Severe acute respiratory syndrome coronavirus 2,7QIK,SEP,197,E,noncovalent
Severe acute respiratory syndrome coronavirus 2,7QIK,SEP,197,F,noncovalent
Severe acute respiratory syndrome coronavirus 2,7QKA,UED,404,A,noncovalent
Severe acute respiratory syndrome coronavirus 2,7QT5,GWS,401,A,noncovalent
Severe acute respiratory syndrome coronavirus 2,7QT6,RZJ,401,A,noncovalent
Severe acute respiratory syndrome coronavirus 2,7QT7,UHV,401,A,noncovalent
Severe acute respiratory syndrome coronavirus 2,7QT8,R8H,401,A,noncovalent
Severe acute respiratory syndrome coronavirus 2,7QT8,R8H,401,B,noncovalent
Severe acute respiratory syndrome coronavirus 2,7QUR,EIC,1301,C,noncovalent
Severe acute respiratory syndrome coronavirus 2,7QUR,EIC,1315,A,noncovalent
Severe acute respiratory syndrome coronavirus 2,7QUR,EIC,1315,B,noncovalent
Severe acute respiratory syndrome coronavirus 2,7QUR,GE9,1313,A,noncovalent
Severe acute respiratory syndrome coronavirus 2,7QUR,GE9,1313,B,noncovalent
Severe acute respiratory syndrome coronavirus 2,7QUR,GE9,1314,C,noncovalent
Severe acute respiratory syndrome coronavirus 2,7QUS,EIC,1301,C,noncovalent
Severe acute respiratory syndrome coronavirus 2,7QUS,EIC,1313,A,noncovalent
Severe acute respiratory syndrome coronavirus 2,7QUS,EIC,1313,B,noncovalent
Severe acute respiratory syndrome coronavirus 2,7R1T,6NR,301,A,noncovalent
Severe acute respiratory syndrome coronavirus 2,7R1U,4IK,301,A,noncovalent
Severe acute respiratory syndrome coronavirus 2,7R1U,GTA,302,A,noncovalent
Severe acute respiratory syndrome coronavirus 2,7R2V,SAH,601,A,noncovalent
Severe acute respiratory syndrome coronavirus 2,7R2V,SAH,802,B,noncovalent
Severe acute respiratory syndrome coronavirus 2,7R6W,POL,603,R,noncovalent
Severe acute respiratory syndrome coronavirus 2,7R6W,POL,604,R,noncovalent
Severe acute respiratory syndrome coronavirus 2,7R7H,4IT,401,A,covalent
Severe acute respiratory syndrome coronavirus 2,7R7H,4IT,401,B,covalent
Severe acute respiratory syndrome coronavirus 2,7RBZ,4IJ,401,A,covalent
Severe acute respiratory syndrome coronavirus 2,7RC0,4I9,401,A,covalent
Severe acute respiratory syndrome coronavirus 2,7RDX,1N7,707,E,noncovalent
Severe acute respiratory syndrome coronavirus 2,7RDX,1N7,1005,A,noncovalent
Severe acute respiratory syndrome coronavirus 2,7RDX,1N7,1006,A,noncovalent
Severe acute respiratory syndrome coronavirus 2,7RDX,AF3,706,E,covalent
Severe acute respiratory syndrome coronavirus 2,7RDX,AF3,1005,F,noncovalent
Severe acute respiratory syndrome coronavirus 2,7RDY,1N7,1005,A,noncovalent
Severe acute respiratory syndrome coronavirus 2,7RDY,1N7,1006,A,noncovalent
Severe acute respiratory syndrome coronavirus 2,7RDY,1N7,1007,A,noncovalent
Severe acute respiratory syndrome coronavirus 2,7RDY,AF3,1005,E,noncovalent
Severe acute respiratory syndrome coronavirus 2,7RDY,AF3,1005,F,noncovalent
Severe acute respiratory syndrome coronavirus 2,7RE0,AF3,1005,E,noncovalent
Severe acute respiratory syndrome coronavirus 2,7RE0,AF3,1005,F,noncovalent
Severe acute respiratory syndrome coronavirus 2,7RE1,1N7,707,E,noncovalent
Severe acute respiratory syndrome coronavirus 2,7RE1,1N7,1005,A,noncovalent
Severe acute respiratory syndrome coronavirus 2,7RE1,1N7,1006,A,noncovalent
Severe acute respiratory syndrome coronavirus 2,7RE1,AF3,706,E,noncovalent
Severe acute respiratory syndrome coronavirus 2,7RE1,AF3,1005,F,noncovalent
Severe acute respiratory syndrome coronavirus 2,7RE2,1N7,707,E,noncovalent
Severe acute respiratory syndrome coronavirus 2,7RE2,1N7,1005,A,noncovalent
Severe acute respiratory syndrome coronavirus 2,7RE2,1N7,1006,A,noncovalent
Severe acute respiratory syndrome coronavirus 2,7RE2,AF3,706,E,noncovalent
Severe acute respiratory syndrome coronavirus 2,7RE3,1N7,707,E,noncovalent
Severe acute respiratory syndrome coronavirus 2,7RE3,1N7,707,K,noncovalent
Severe acute respiratory syndrome coronavirus 2,7RE3,AF3,706,E,noncovalent
Severe acute respiratory syndrome coronavirus 2,7RE3,AF3,706,K,noncovalent
Severe acute respiratory syndrome coronavirus 2,7RE3,AF3,1005,F,noncovalent
Severe acute respiratory syndrome coronavirus 2,7RE3,AF3,1005,L,noncovalent
Severe acute respiratory syndrome coronavirus 2,7RFR,4W8,9001,A,covalent
Severe acute respiratory syndrome coronavirus 2,7RFR,4W8,9001,B,covalent
Severe acute respiratory syndrome coronavirus 2,7RFS,4WI,401,A,covalent
Severe acute respiratory syndrome coronavirus 2,7RFU,4YG,401,A,covalent
Severe acute respiratory syndrome coronavirus 2,7RFW,4WI,401,A,covalent
Severe acute respiratory syndrome coronavirus 2,7RLS,5YN,401,A,noncovalent
Severe acute respiratory syndrome coronavirus 2,7RM2,5YJ,401,A,noncovalent
Severe acute respiratory syndrome coronavirus 2,7RMB,5Z7,401,A,noncovalent
Severe acute respiratory syndrome coronavirus 2,7RME,5Z3,401,A,noncovalent
Severe acute respiratory syndrome coronavirus 2,7RMT,5ZN,401,A,noncovalent
Severe acute respiratory syndrome coronavirus 2,7RMZ,5ZJ,401,A,noncovalent
Severe acute respiratory syndrome coronavirus 2,7RN0,5ZB,503,A,covalent
Severe acute respiratory syndrome coronavirus 2,7RN1,5ZF,503,A,covalent
Severe acute respiratory syndrome coronavirus 2,7RN4,H69,401,A,noncovalent
Severe acute respiratory syndrome coronavirus 2,7RNH,5ZW,401,A,noncovalent
Severe acute respiratory syndrome coronavirus 2,7RNK,5ZT,401,A,noncovalent
Severe acute respiratory syndrome coronavirus 2,7RNW,9OW,14,W,covalent
Severe acute respiratory syndrome coronavirus 2,7RNW,9OW,14,X,covalent
Severe acute respiratory syndrome coronavirus 2,7RNW,9OW,14,Y,covalent
Severe acute respiratory syndrome coronavirus 2,7RNW,9OW,14,Z,covalent
Severe acute respiratory syndrome coronavirus 2,7RVM,7V2,401,A,covalent
Severe acute respiratory syndrome coronavirus 2,7RVN,7VB,401,A,covalent
Severe acute respiratory syndrome coronavirus 2,7RVO,7VI,401,A,covalent
Severe acute respiratory syndrome coronavirus 2,7RVO,7VI,401,B,covalent
Severe acute respiratory syndrome coronavirus 2,7RVP,7VQ,401,A,covalent
Severe acute respiratory syndrome coronavirus 2,7RVP,7VQ,401,B,covalent
Severe acute respiratory syndrome coronavirus 2,7RVQ,7VW,401,A,covalent
Severe acute respiratory syndrome coronavirus 2,7RVR,7W5,401,A,covalent
Severe acute respiratory syndrome coronavirus 2,7RVS,81L,401,A,covalent
Severe acute respiratory syndrome coronavirus 2,7RVT,7XK,401,A,covalent
Severe acute respiratory syndrome coronavirus 2,7RVT,7XK,401,B,covalent
Severe acute respiratory syndrome coronavirus 2,7RVU,7XT,401,A,covalent
Severe acute respiratory syndrome coronavirus 2,7RVV,7Y2,401,A,covalent
Severe acute respiratory syndrome coronavirus 2,7RVW,7YB,401,A,covalent
Severe acute respiratory syndrome coronavirus 2,7RVX,7YI,401,A,covalent
Severe acute respiratory syndrome coronavirus 2,7RVX,7YI,401,B,covalent
Severe acute respiratory syndrome coronavirus 2,7RVY,7YQ,401,A,covalent
Severe acute respiratory syndrome coronavirus 2,7RVZ,7YW,401,A,covalent
Severe acute respiratory syndrome coronavirus 2,7RW0,7YZ,401,A,covalent
Severe acute respiratory syndrome coronavirus 2,7RW1,800,401,A,covalent
Severe acute respiratory syndrome coronavirus 2,7RW1,800,401,B,covalent
Severe acute respiratory syndrome coronavirus 2,7RZC,JWX,501,A,noncovalent
Severe acute respiratory syndrome coronavirus 2,7RZC,JWX,501,B,noncovalent
Severe acute respiratory syndrome coronavirus 2,7RZC,JWX,501,C,noncovalent
Severe acute respiratory syndrome coronavirus 2,7S3K,Z26,401,A,noncovalent
Severe acute respiratory syndrome coronavirus 2,7S3S,860,401,A,noncovalent
Severe acute respiratory syndrome coronavirus 2,7S4B,87H,401,A,noncovalent
Severe acute respiratory syndrome coronavirus 2,7S6W,8G9,401,A,covalent
Severe acute respiratory syndrome coronavirus 2,7S6W,8G9,401,B,covalent
Severe acute respiratory syndrome coronavirus 2,7S6X,I70,401,A,covalent
Severe acute respiratory syndrome coronavirus 2,7S6Y,8GW,401,A,covalent
Severe acute respiratory syndrome coronavirus 2,7S6Z,I71,401,A,covalent
Severe acute respiratory syndrome coronavirus 2,7S70,8H3,401,A,covalent
Severe acute respiratory syndrome coronavirus 2,7S71,8H9,401,A,covalent
Severe acute respiratory syndrome coronavirus 2,7S72,8I0,401,A,covalent
Severe acute respiratory syndrome coronavirus 2,7S73,I69,401,A,covalent
Severe acute respiratory syndrome coronavirus 2,7S74,I68,401,A,covalent
Severe acute respiratory syndrome coronavirus 2,7S74,I68,401,B,covalent
Severe acute respiratory syndrome coronavirus 2,7S75,8I7,401,A,covalent
Severe acute respiratory syndrome coronavirus 2,7SD9,8T6,401,A,covalent
Severe acute respiratory syndrome coronavirus 2,7SDA,8UI,401,A,covalent
Severe acute respiratory syndrome coronavirus 2,7SDC,I80,401,A,covalent
Severe acute respiratory syndrome coronavirus 2,7SDR,JW9,501,A,noncovalent
Severe acute respiratory syndrome coronavirus 2,7SDR,JW9,501,B,noncovalent
Severe acute respiratory syndrome coronavirus 2,7SDR,JW9,501,C,noncovalent
Severe acute respiratory syndrome coronavirus 2,7SET,I70,401,A,covalent
Severe acute respiratory syndrome coronavirus 2,7SF1,8ZI,401,A,covalent
Severe acute respiratory syndrome coronavirus 2,7SF3,90H,401,A,covalent
Severe acute respiratory syndrome coronavirus 2,7SFB,90U,401,A,covalent
Severe acute respiratory syndrome coronavirus 2,7SFH,91I,401,A,covalent
Severe acute respiratory syndrome coronavirus 2,7SFI,91Z,401,A,covalent
Severe acute respiratory syndrome coronavirus 2,7SGH,99W,401,A,covalent
Severe acute respiratory syndrome coronavirus 2,7SGH,99W,401,B,covalent
Severe acute respiratory syndrome coronavirus 2,7SGH,99W,401,C,covalent
Severe acute respiratory syndrome coronavirus 2,7SGH,99W,401,D,covalent
Severe acute respiratory syndrome coronavirus 2,7SGU,9EI,501,A,noncovalent
Severe acute respiratory syndrome coronavirus 2,7SGV,L30,501,A,noncovalent
Severe acute respiratory syndrome coronavirus 2,7SGW,L30,501,A,noncovalent
Severe acute respiratory syndrome coronavirus 2,7SH7,9GI,401,A,covalent
Severe acute respiratory syndrome coronavirus 2,7SH8,GJ3,401,A,covalent
Severe acute respiratory syndrome coronavirus 2,7SH9,9HA,401,A,covalent
Severe acute respiratory syndrome coronavirus 2,7SHB,I64,401,A,covalent
Severe acute respiratory syndrome coronavirus 2,7SI9,4WI,401,A,covalent
Severe acute respiratory syndrome coronavirus 2,7SQE,JWX,501,A,noncovalent
Severe acute respiratory syndrome coronavirus 2,7SQE,JWX,501,B,noncovalent
Severe acute respiratory syndrome coronavirus 2,7SQE,JWX,501,C,noncovalent
Severe acute respiratory syndrome coronavirus 2,7T42,FIK,403,B,covalent
Severe acute respiratory syndrome coronavirus 2,7T42,FIK,501,A,covalent
Severe acute respiratory syndrome coronavirus 2,7T42,FIW,404,B,covalent
Severe acute respiratory syndrome coronavirus 2,7T42,FIW,502,A,covalent
Severe acute respiratory syndrome coronavirus 2,7T43,FN2,402,B,covalent
Severe acute respiratory syndrome coronavirus 2,7T43,FN2,501,A,covalent
Severe acute respiratory syndrome coronavirus 2,7T43,FP8,403,B,covalent
Severe acute respiratory syndrome coronavirus 2,7T43,FP8,502,A,covalent
Severe acute respiratory syndrome coronavirus 2,7T44,ESS,401,B,covalent
Severe acute respiratory syndrome coronavirus 2,7T44,ESS,501,A,covalent
Severe acute respiratory syndrome coronavirus 2,7T44,ET6,402,B,covalent
Severe acute respiratory syndrome coronavirus 2,7T44,ET6,502,A,covalent
Severe acute respiratory syndrome coronavirus 2,7T45,EW9,401,A,covalent
Severe acute respiratory syndrome coronavirus 2,7T45,EW9,401,B,covalent
Severe acute respiratory syndrome coronavirus 2,7T46,F5L,402,A,covalent
Severe acute respiratory syndrome coronavirus 2,7T46,F5L,402,B,covalent
Severe acute respiratory syndrome coronavirus 2,7T46,F8C,401,A,covalent
Severe acute respiratory syndrome coronavirus 2,7T46,F8C,401,B,covalent
Severe acute respiratory syndrome coronavirus 2,7T48,FEY,403,A,covalent
Severe acute respiratory syndrome coronavirus 2,7T48,FHS,402,A,covalent
Severe acute respiratory syndrome coronavirus 2,7T49,FV5,401,A,covalent
Severe acute respiratory syndrome coronavirus 2,7T49,FV5,401,B,covalent
Severe acute respiratory syndrome coronavirus 2,7T49,FVE,402,A,covalent
Severe acute respiratory syndrome coronavirus 2,7T49,FVE,402,B,covalent
Severe acute respiratory syndrome coronavirus 2,7T4A,EO6,403,B,covalent
Severe acute respiratory syndrome coronavirus 2,7T4A,EO6,502,A,covalent
Severe acute respiratory syndrome coronavirus 2,7T4A,EQS,402,B,covalent
Severe acute respiratory syndrome coronavirus 2,7T4A,EQS,501,A,covalent
Severe acute respiratory syndrome coronavirus 2,7T4B,FWI,401,A,covalent
Severe acute respiratory syndrome coronavirus 2,7T4B,FWI,402,B,covalent
Severe acute respiratory syndrome coronavirus 2,7T4B,FZI,402,A,covalent
Severe acute respiratory syndrome coronavirus 2,7T4B,FZI,403,B,covalent
Severe acute respiratory syndrome coronavirus 2,7TCQ,I2J,1158,C,covalent
Severe acute respiratory syndrome coronavirus 2,7TCQ,I2J,1158,D,covalent
Severe acute respiratory syndrome coronavirus 2,7TDU,I1W,401,A,covalent
Severe acute respiratory syndrome coronavirus 2,7TE0,4WI,401,A,covalent
Severe acute respiratory syndrome coronavirus 2,7TEH,I1Z,401,A,covalent
Severe acute respiratory syndrome coronavirus 2,7TEK,I2D,401,A,noncovalent
Severe acute respiratory syndrome coronavirus 2,7TEL,I2N,401,A,noncovalent
Severe acute respiratory syndrome coronavirus 2,7TFR,NB2,401,A,covalent
Severe acute respiratory syndrome coronavirus 2,7TGR,B1S,402,A,covalent
Severe acute respiratory syndrome coronavirus 2,7TGR,K36,401,A,covalent
Severe acute respiratory syndrome coronavirus 2,7THM,POP,1004,A,covalent
Severe acute respiratory syndrome coronavirus 2,7TIA,SCN,402,A,noncovalent
Severe acute respiratory syndrome coronavirus 2,7TIA,XTP,401,A,covalent
Severe acute respiratory syndrome coronavirus 2,7TIU,V46,401,A,covalent
Severe acute respiratory syndrome coronavirus 2,7TIV,W48,401,A,covalent
Severe acute respiratory syndrome coronavirus 2,7TIW,I54,401,A,covalent
Severe acute respiratory syndrome coronavirus 2,7TIX,Q56,401,A,covalent
Severe acute respiratory syndrome coronavirus 2,7TIY,Y48,401,A,covalent
Severe acute respiratory syndrome coronavirus 2,7TIZ,N63,401,A,covalent
Severe acute respiratory syndrome coronavirus 2,7TIZ,SCN,404,A,noncovalent
Severe acute respiratory syndrome coronavirus 2,7TJ0,S4L,401,A,covalent
Severe acute respiratory syndrome coronavirus 2,7TLL,4WI,401,A,covalent
Severe acute respiratory syndrome coronavirus 2,7TLL,4WI,401,B,covalent
Severe acute respiratory syndrome coronavirus 2,7TOB,K36,401,A,covalent
Severe acute respiratory syndrome coronavirus 2,7TQ2,ISG,401,A,covalent
Severe acute respiratory syndrome coronavirus 2,7TQ2,ISG,401,B,covalent
Severe acute respiratory syndrome coronavirus 2,7TQ3,IS5,401,A,noncovalent
Severe acute respiratory syndrome coronavirus 2,7TQ3,IS5,401,B,noncovalent
Severe acute respiratory syndrome coronavirus 2,7TQ4,IRZ,401,A,covalent
Severe acute respiratory syndrome coronavirus 2,7TQ5,IRW,401,A,covalent
Severe acute respiratory syndrome coronavirus 2,7TQ5,IRW,402,B,covalent
Severe acute respiratory syndrome coronavirus 2,7TQ5,ITX,402,A,covalent
Severe acute respiratory syndrome coronavirus 2,7TQ5,ITX,403,B,covalent
Severe acute respiratory syndrome coronavirus 2,7TQ6,IT3,401,A,covalent
Severe acute respiratory syndrome coronavirus 2,7TQ6,IT3,402,B,covalent
Severe acute respiratory syndrome coronavirus 2,7TQ6,ITG,401,B,covalent
Severe acute respiratory syndrome coronavirus 2,7TQ6,ITG,402,A,covalent
Severe acute respiratory syndrome coronavirus 2,7TUQ,ALY,63,C,noncovalent
Severe acute respiratory syndrome coronavirus 2,7TUU,U88,401,A,covalent
Severe acute respiratory syndrome coronavirus 2,7TUU,U88,402,A,covalent
Severe acute respiratory syndrome coronavirus 2,7TUU,U88,403,A,covalent
Severe acute respiratory syndrome coronavirus 2,7TV0,ALY,5,E,noncovalent
Severe acute respiratory syndrome coronavirus 2,7TV0,ALY,5,G,noncovalent
Severe acute respiratory syndrome coronavirus 2,7TV0,ALY,15,E,noncovalent
Severe acute respiratory syndrome coronavirus 2,7TV0,ALY,15,G,noncovalent
Severe acute respiratory syndrome coronavirus 2,7TVX,G65,401,A,noncovalent
Severe acute respiratory syndrome coronavirus 2,7TW7,SAM,602,A,noncovalent
Severe acute respiratory syndrome coronavirus 2,7TW8,SAH,601,A,noncovalent
Severe acute respiratory syndrome coronavirus 2,7TW9,EOH,604,A,noncovalent
Severe acute respiratory syndrome coronavirus 2,7TW9,MOH,605,A,noncovalent
Severe acute respiratory syndrome coronavirus 2,7TW9,MOH,606,A,noncovalent
Severe acute respiratory syndrome coronavirus 2,7TW9,MOH,607,A,noncovalent
Severe acute respiratory syndrome coronavirus 2,7TW9,MOH,608,A,noncovalent
Severe acute respiratory syndrome coronavirus 2,7TW9,MOH,609,A,noncovalent
Severe acute respiratory syndrome coronavirus 2,7TW9,SFG,601,A,noncovalent
Severe acute respiratory syndrome coronavirus 2,7TWT,AR6,201,A,noncovalent
Severe acute respiratory syndrome coronavirus 2,7TWV,AR6,201,A,noncovalent
Severe acute respiratory syndrome coronavirus 2,7TWW,AR6,201,A,noncovalent
Severe acute respiratory syndrome coronavirus 2,7TWX,AR6,201,A,noncovalent
Severe acute respiratory syndrome coronavirus 2,7TWY,AR6,201,A,noncovalent
Severe acute respiratory syndrome coronavirus 2,7TX0,AR6,201,A,noncovalent
Severe acute respiratory syndrome coronavirus 2,7TX1,AR6,201,A,noncovalent
Severe acute respiratory syndrome coronavirus 2,7TX5,APR,201,A,noncovalent
Severe acute respiratory syndrome coronavirus 2,7TZJ,S88,401,A,noncovalent
Severe acute respiratory syndrome coronavirus 2,7TZJ,S88,401,B,noncovalent
Severe acute respiratory syndrome coronavirus 2,7U28,4WI,401,A,covalent
Severe acute respiratory syndrome coronavirus 2,7U28,4WI,401,B,covalent
Severe acute respiratory syndrome coronavirus 2,7U29,4WI,401,A,covalent
Severe acute respiratory syndrome coronavirus 2,7U29,4WI,401,B,covalent
Severe acute respiratory syndrome coronavirus 2,7U92,M0C,401,A,covalent
Severe acute respiratory syndrome coronavirus 2,7UJG,K36,401,A,covalent
Severe acute respiratory syndrome coronavirus 2,7UJG,K36,401,B,covalent
Severe acute respiratory syndrome coronavirus 2,7UJU,4WI,401,A,covalent
Severe acute respiratory syndrome coronavirus 2,7UJU,4WI,401,B,covalent
Severe acute respiratory syndrome coronavirus 2,7UKK,K36,401,A,covalent
Severe acute respiratory syndrome coronavirus 2,7UO4,NWX,1001,A,covalent
Severe acute respiratory syndrome coronavirus 2,7UO9,3DA,35,P,covalent
Severe acute respiratory syndrome coronavirus 2,7UO9,UTP,1004,A,covalent
Severe acute respiratory syndrome coronavirus 2,7UOB,GTP,1006,A,covalent
Severe acute respiratory syndrome coronavirus 2,7UOB,GTP,1007,A,covalent
Severe acute respiratory syndrome coronavirus 2,7UOB,L2B,101,P,covalent
Severe acute respiratory syndrome coronavirus 2,7UOE,CTP,1005,A,covalent
Severe acute respiratory syndrome coronavirus 2,7UOE,L2B,101,P,covalent
Severe acute respiratory syndrome coronavirus 2,7UR9,O5F,401,A,noncovalent
Severe acute respiratory syndrome coronavirus 2,7UR9,O5F,401,B,noncovalent
Severe acute respiratory syndrome coronavirus 2,7URB,O5O,401,B,noncovalent
Severe acute respiratory syndrome coronavirus 2,7US4,O69,401,A,noncovalent
Severe acute respiratory syndrome coronavirus 2,7UUA,NOL,401,A,covalent
Severe acute respiratory syndrome coronavirus 2,7UUB,7VB,401,A,covalent
Severe acute respiratory syndrome coronavirus 2,7UUC,81L,401,A,covalent
Severe acute respiratory syndrome coronavirus 2,7UUD,I71,401,A,covalent
Severe acute respiratory syndrome coronavirus 2,7UUE,I65,401,A,covalent
Severe acute respiratory syndrome coronavirus 2,7UUG,M0C,401,A,covalent
Severe acute respiratory syndrome coronavirus 2,7UUP,4WI,401,A,covalent
Severe acute respiratory syndrome coronavirus 2,7V1T,5IL,401,A,noncovalent
Severe acute respiratory syndrome coronavirus 2,7VH8,4WI,401,A,covalent
Severe acute respiratory syndrome coronavirus 2,7VIC,ODN,401,A,covalent
Severe acute respiratory syndrome coronavirus 2,7VLP,4WI,401,A,covalent
Severe acute respiratory syndrome coronavirus 2,7VLP,4WI,401,B,covalent
Severe acute respiratory syndrome coronavirus 2,7VLQ,4WI,401,A,covalent
Severe acute respiratory syndrome coronavirus 2,7VLQ,4WI,401,B,covalent
Severe acute respiratory syndrome coronavirus 2,7VTH,7XB,401,B,noncovalent
Severe acute respiratory syndrome coronavirus 2,7VTH,7XB,501,A,noncovalent
Severe acute respiratory syndrome coronavirus 2,7VU6,7YY,501,A,noncovalent
Severe acute respiratory syndrome coronavirus 2,7VU6,7YY,501,B,noncovalent
Severe acute respiratory syndrome coronavirus 2,7VVP,80I,301,B,covalent
Severe acute respiratory syndrome coronavirus 2,7VVT,80X,401,A,covalent
Severe acute respiratory syndrome coronavirus 2,7VVT,80X,401,B,covalent
Severe acute respiratory syndrome coronavirus 2,7W9G,SE,401,A,covalent
Severe acute respiratory syndrome coronavirus 2,7WBQ,FUL,2,F,covalent
Severe acute respiratory syndrome coronavirus 2,7WGV,BLR,1313,A,noncovalent
Severe acute respiratory syndrome coronavirus 2,7WGV,BLR,1313,B,noncovalent
Severe acute respiratory syndrome coronavirus 2,7WGV,BLR,1313,C,noncovalent
Severe acute respiratory syndrome coronavirus 2,7WGV,EIC,1309,A,noncovalent
Severe acute respiratory syndrome coronavirus 2,7WGV,EIC,1309,B,noncovalent
Severe acute respiratory syndrome coronavirus 2,7WGV,EIC,1309,C,noncovalent
Severe acute respiratory syndrome coronavirus 2,7WGX,BLR,1610,A,covalent
Severe acute respiratory syndrome coronavirus 2,7WGX,BLR,1610,B,covalent
Severe acute respiratory syndrome coronavirus 2,7WGX,BLR,1610,C,covalent
Severe acute respiratory syndrome coronavirus 2,7WO1,3XI,401,A,covalent
Severe acute respiratory syndrome coronavirus 2,7WO2,40I,401,A,covalent
Severe acute respiratory syndrome coronavirus 2,7WO3,59S,401,A,noncovalent
Severe acute respiratory syndrome coronavirus 2,7WOF,5IZ,401,A,covalent
Severe acute respiratory syndrome coronavirus 2,7WOH,5IW,401,A,covalent
Severe acute respiratory syndrome coronavirus 2,7WOH,5IW,401,B,covalent
Severe acute respiratory syndrome coronavirus 2,7WQ8,CF0,6,B,covalent
Severe acute respiratory syndrome coronavirus 2,7WQ8,FL6,2,B,covalent
Severe acute respiratory syndrome coronavirus 2,7WQ8,FL6,5,B,covalent
Severe acute respiratory syndrome coronavirus 2,7WQ8,GME,3,B,covalent
Severe acute respiratory syndrome coronavirus 2,7WQ9,CF0,6,B,covalent
Severe acute respiratory syndrome coronavirus 2,7WQ9,FL6,5,B,covalent
Severe acute respiratory syndrome coronavirus 2,7WQ9,GME,3,B,covalent
Severe acute respiratory syndrome coronavirus 2,7WQA,CF0,5,B,covalent
Severe acute respiratory syndrome coronavirus 2,7WQA,FL6,4,B,covalent
Severe acute respiratory syndrome coronavirus 2,7WQA,PHQ,1,B,covalent
Severe acute respiratory syndrome coronavirus 2,7WQB,ALD,401,A,covalent
Severe acute respiratory syndrome coronavirus 2,7WQK,ALD,401,A,covalent
Severe acute respiratory syndrome coronavirus 2,7WYM,G7L,401,A,covalent
Severe acute respiratory syndrome coronavirus 2,7WYP,G7O,401,A,covalent
Severe acute respiratory syndrome coronavirus 2,7WYP,G7O,401,B,covalent
Severe acute respiratory syndrome coronavirus 2,7X6K,9FF,701,A,covalent
Severe acute respiratory syndrome coronavirus 2,7XAR,BOV,403,B,covalent
Severe acute respiratory syndrome coronavirus 2,7XAR,BOV,406,A,covalent
Severe acute respiratory syndrome coronavirus 2,7XB4,4WI,401,A,covalent
Severe acute respiratory syndrome coronavirus 2,7XB4,4WI,401,B,covalent
Severe acute respiratory syndrome coronavirus 2,7XC4,BJ6,701,A,noncovalent
Severe acute respiratory syndrome coronavirus 2,7XC4,BJ6,701,B,noncovalent
Severe acute respiratory syndrome coronavirus 2,7XMN,NNH,202,B,noncovalent
Severe acute respiratory syndrome coronavirus 2,7XRS,HUR,401,A,covalent
Severe acute respiratory syndrome coronavirus 2,7XRS,HUR,401,B,covalent
Severe acute respiratory syndrome coronavirus 2,7XTZ,BLA,1214,A,noncovalent
Severe acute respiratory syndrome coronavirus 2,7XTZ,BLA,1615,B,noncovalent
Severe acute respiratory syndrome coronavirus 2,7XTZ,BLA,1615,C,noncovalent
Severe acute respiratory syndrome coronavirus 2,7XTZ,EIC,1215,A,noncovalent
Severe acute respiratory syndrome coronavirus 2,7XTZ,EIC,1601,B,noncovalent
Severe acute respiratory syndrome coronavirus 2,7XTZ,EIC,1601,C,noncovalent
Severe acute respiratory syndrome coronavirus 2,7XU0,BLA,1214,C,noncovalent
Severe acute respiratory syndrome coronavirus 2,7XU0,BLA,1215,B,noncovalent
Severe acute respiratory syndrome coronavirus 2,7XU0,BLA,1314,A,noncovalent
Severe acute respiratory syndrome coronavirus 2,7XU0,EIC,1211,B,noncovalent
Severe acute respiratory syndrome coronavirus 2,7XU0,EIC,1313,A,noncovalent
Severe acute respiratory syndrome coronavirus 2,7XU0,EIC,1315,A,noncovalent
Severe acute respiratory syndrome coronavirus 2,7XU1,BLA,1313,B,noncovalent
Severe acute respiratory syndrome coronavirus 2,7XU1,BLA,1313,C,noncovalent
Severe acute respiratory syndrome coronavirus 2,7XU1,BLA,1816,A,noncovalent
Severe acute respiratory syndrome coronavirus 2,7XU1,EIC,1314,C,noncovalent
Severe acute respiratory syndrome coronavirus 2,7XU1,EIC,1801,A,noncovalent
Severe acute respiratory syndrome coronavirus 2,7XU1,EIC,1812,A,noncovalent
Severe acute respiratory syndrome coronavirus 2,7XU2,BLA,1313,A,noncovalent
Severe acute respiratory syndrome coronavirus 2,7XU2,BLA,1313,C,noncovalent
Severe acute respiratory syndrome coronavirus 2,7XU2,BLA,1814,B,noncovalent
Severe acute respiratory syndrome coronavirus 2,7XU2,EIC,1314,A,noncovalent
Severe acute respiratory syndrome coronavirus 2,7XU2,EIC,1314,C,noncovalent
Severe acute respiratory syndrome coronavirus 2,7XU2,EIC,1801,B,noncovalent
Severe acute respiratory syndrome coronavirus 2,7XU3,BLA,1401,A,covalent
Severe acute respiratory syndrome coronavirus 2,7XU3,BLA,1401,B,covalent
Severe acute respiratory syndrome coronavirus 2,7XU3,BLA,1401,C,covalent
Severe acute respiratory syndrome coronavirus 2,7XU4,BLA,1314,A,noncovalent
Severe acute respiratory syndrome coronavirus 2,7XU4,BLA,1314,C,noncovalent
Severe acute respiratory syndrome coronavirus 2,7XU4,BLA,1815,B,noncovalent
Severe acute respiratory syndrome coronavirus 2,7XU4,EIC,1315,A,noncovalent
Severe acute respiratory syndrome coronavirus 2,7XU4,EIC,1315,C,noncovalent
Severe acute respiratory syndrome coronavirus 2,7XU4,EIC,1801,B,noncovalent
Severe acute respiratory syndrome coronavirus 2,7XU5,BLA,1401,A,covalent
Severe acute respiratory syndrome coronavirus 2,7XU5,BLA,1401,B,covalent
Severe acute respiratory syndrome coronavirus 2,7XU5,BLA,1401,C,covalent
Severe acute respiratory syndrome coronavirus 2,7XU6,BLA,1314,A,noncovalent
Severe acute respiratory syndrome coronavirus 2,7XU6,BLA,1314,B,noncovalent
Severe acute respiratory syndrome coronavirus 2,7XU6,BLA,1314,C,noncovalent
Severe acute respiratory syndrome coronavirus 2,7XXK,5GP,402,A,noncovalent
Severe acute respiratory syndrome coronavirus 2,7XXK,5GP,402,C,noncovalent
Severe acute respiratory syndrome coronavirus 2,7XXK,5GP,403,A,noncovalent
Severe acute respiratory syndrome coronavirus 2,7XXK,GMP,401,F,noncovalent
Severe acute respiratory syndrome coronavirus 2,7XXK,GUN,401,C,noncovalent
Severe acute respiratory syndrome coronavirus 2,7XXK,SCN,401,A,noncovalent
Severe acute respiratory syndrome coronavirus 2,7Y42,REA,1310,A,noncovalent
Severe acute respiratory syndrome coronavirus 2,7Y42,REA,1310,B,noncovalent
Severe acute respiratory syndrome coronavirus 2,7Y42,REA,1310,D,noncovalent
Severe acute respiratory syndrome coronavirus 2,7Y75,3PH,1003,B,noncovalent
Severe acute respiratory syndrome coronavirus 2,7Y75,3PH,1003,D,noncovalent
Severe acute respiratory syndrome coronavirus 2,7Y75,3PH,1004,B,noncovalent
Severe acute respiratory syndrome coronavirus 2,7Y75,3PH,1004,D,noncovalent
Severe acute respiratory syndrome coronavirus 2,7Y75,3PH,1005,B,noncovalent
Severe acute respiratory syndrome coronavirus 2,7Y75,3PH,1005,D,noncovalent
Severe acute respiratory syndrome coronavirus 2,7Y76,3PH,1003,B,noncovalent
Severe acute respiratory syndrome coronavirus 2,7Y76,3PH,1003,D,noncovalent
Severe acute respiratory syndrome coronavirus 2,7Y76,3PH,1004,B,noncovalent
Severe acute respiratory syndrome coronavirus 2,7Y76,3PH,1004,D,noncovalent
Severe acute respiratory syndrome coronavirus 2,7Y76,3PH,1005,B,noncovalent
Severe acute respiratory syndrome coronavirus 2,7Y76,3PH,1005,D,noncovalent
Severe acute respiratory syndrome coronavirus 2,7YE7,DD9,101,D,noncovalent
Severe acute respiratory syndrome coronavirus 2,7YE7,OCT,101,A,noncovalent
Severe acute respiratory syndrome coronavirus 2,7YE8,OCT,101,A,noncovalent
Severe acute respiratory syndrome coronavirus 2,7YE8,OCT,101,C,noncovalent
Severe acute respiratory syndrome coronavirus 2,7Z2K,MLI,401,B,noncovalent
Severe acute respiratory syndrome coronavirus 2,7Z3U,EJM,3,F,noncovalent
Severe acute respiratory syndrome coronavirus 2,7Z3U,EJM,3,G,covalent
Severe acute respiratory syndrome coronavirus 2,7Z3Z,STE,1313,A,noncovalent
Severe acute respiratory syndrome coronavirus 2,7Z3Z,STE,1313,B,noncovalent
Severe acute respiratory syndrome coronavirus 2,7Z3Z,STE,1313,C,noncovalent
Severe acute respiratory syndrome coronavirus 2,7Z4S,II7,4,C,noncovalent
Severe acute respiratory syndrome coronavirus 2,7Z4S,II7,4,D,noncovalent
Severe acute respiratory syndrome coronavirus 2,7Z59,IFO,401,A,covalent
Severe acute respiratory syndrome coronavirus 2,7Z8O,0JY,278,B,noncovalent
Severe acute respiratory syndrome coronavirus 2,7Z8O,4J5,273,B,covalent
Severe acute respiratory syndrome coronavirus 2,7Z8O,CY3,279,B,covalent
Severe acute respiratory syndrome coronavirus 2,7Z8O,KZ0,303,B,covalent
Severe acute respiratory syndrome coronavirus 2,7ZBU,3Q9,1309,A,noncovalent
Severe acute respiratory syndrome coronavirus 2,7ZIT,BEZ,301,B,noncovalent
Severe acute respiratory syndrome coronavirus 2,7ZIT,SEP,197,C,noncovalent
Severe acute respiratory syndrome coronavirus 2,7ZIT,SEP,197,D,noncovalent
Severe acute respiratory syndrome coronavirus 2,7ZQV,XNV,401,A,covalent
Severe acute respiratory syndrome coronavirus 2,7ZQV,XNV,401,B,covalent
Severe acute respiratory syndrome coronavirus 2,7ZV5,HSV,4,B,covalent
Severe acute respiratory syndrome coronavirus 2,7ZV7,BOC,1,B,covalent
Severe acute respiratory syndrome coronavirus 2,7ZV7,HSV,4,B,covalent
Severe acute respiratory syndrome coronavirus 2,7ZV8,HSV,4,C,covalent
Severe acute respiratory syndrome coronavirus 2,7ZV8,HSV,4,D,covalent
Severe acute respiratory syndrome coronavirus 2,7ZV8,OCA,101,C,covalent
Severe acute respiratory syndrome coronavirus 2,7ZV8,OCA,101,D,covalent
Severe acute respiratory syndrome coronavirus 2,8A23,KW6,301,A,noncovalent
Severe acute respiratory syndrome coronavirus 2,8A4Q,V9R,401,A,covalent
Severe acute respiratory syndrome coronavirus 2,8A4T,O6K,401,A,covalent
Severe acute respiratory syndrome coronavirus 2,8A4T,O6K,401,B,covalent
Severe acute respiratory syndrome coronavirus 2,8A4Y,QO6,201,A,noncovalent
Severe acute respiratory syndrome coronavirus 2,8AAA,29N,101,B,covalent
Severe acute respiratory syndrome coronavirus 2,8ACD,LQ6,401,A,noncovalent
Severe acute respiratory syndrome coronavirus 2,8ACL,LQL,401,A,noncovalent
Severe acute respiratory syndrome coronavirus 2,8AEB,35J,402,A,noncovalent
Severe acute respiratory syndrome coronavirus 2,8AYS,92G,201,B,noncovalent
Severe acute respiratory syndrome coronavirus 2,8AZ8,OEI,201,B,noncovalent
Severe acute respiratory syndrome coronavirus 2,8AZC,MPO,202,A,noncovalent
Severe acute respiratory syndrome coronavirus 2,8AZD,APR,201,A,noncovalent
Severe acute respiratory syndrome coronavirus 2,8AZD,APR,201,B,noncovalent
Severe acute respiratory syndrome coronavirus 2,8AZI,OHR,201,A,noncovalent
Severe acute respiratory syndrome coronavirus 2,8AZI,OHR,201,B,noncovalent
Severe acute respiratory syndrome coronavirus 2,8AZL,OI3,201,A,noncovalent
Severe acute respiratory syndrome coronavirus 2,8AZL,OI3,201,B,noncovalent
Severe acute respiratory syndrome coronavirus 2,8AZM,OI6,201,A,noncovalent
Severe acute respiratory syndrome coronavirus 2,8AZM,OI6,201,B,noncovalent
Severe acute respiratory syndrome coronavirus 2,8AZN,RVK,201,A,noncovalent
Severe acute respiratory syndrome coronavirus 2,8AZO,OIG,201,A,noncovalent
Severe acute respiratory syndrome coronavirus 2,8AZO,OIG,201,B,noncovalent
Severe acute respiratory syndrome coronavirus 2,8AZP,OH9,201,A,noncovalent
Severe acute respiratory syndrome coronavirus 2,8AZP,OH9,201,B,noncovalent
Severe acute respiratory syndrome coronavirus 2,8B0S,AU,401,A,covalent
Severe acute respiratory syndrome coronavirus 2,8B0T,AU,401,A,covalent
Severe acute respiratory syndrome coronavirus 2,8B0T,AU,402,A,covalent
Severe acute respiratory syndrome coronavirus 2,8B2T,OW1,401,A,covalent
Severe acute respiratory syndrome coronavirus 2,8BGA,QQL,401,A,covalent
Severe acute respiratory syndrome coronavirus 2,8BGA,QQL,401,B,covalent
Severe acute respiratory syndrome coronavirus 2,8BGD,QH0,401,A,covalent
Severe acute respiratory syndrome coronavirus 2,8BSD,TBN,7220,A,noncovalent
Severe acute respiratory syndrome coronavirus 2,8BWU,6NR,601,A,noncovalent
Severe acute respiratory syndrome coronavirus 2,8C19,T6B,202,A,noncovalent
Severe acute respiratory syndrome coronavirus 2,8C1A,T6O,201,A,noncovalent
Severe acute respiratory syndrome coronavirus 2,8C3V,PG0,203,J,noncovalent
Severe acute respiratory syndrome coronavirus 2,8C3V,PG0,603,R,noncovalent
Severe acute respiratory syndrome coronavirus 2,8C5M,MTA,7216,A,noncovalent
Severe acute respiratory syndrome coronavirus 2,8CMB,DHL,101,C,covalent
Severe acute respiratory syndrome coronavirus 2,8CMF,SIN,202,B,noncovalent
Severe acute respiratory syndrome coronavirus 2,8CMF,SIN,203,E,noncovalent
Severe acute respiratory syndrome coronavirus 2,8CMH,DHL,101,C,covalent
Severe acute respiratory syndrome coronavirus 2,8CRF,NT9,201,A,noncovalent
Severe acute respiratory syndrome coronavirus 2,8CRK,OG3,201,B,noncovalent
Severe acute respiratory syndrome coronavirus 2,8CRM,OF6,201,A,noncovalent
Severe acute respiratory syndrome coronavirus 2,8CYB,AH2,1312,A,noncovalent
Severe acute respiratory syndrome coronavirus 2,8CYU,P5X,401,A,noncovalent
Severe acute respiratory syndrome coronavirus 2,8CYU,P5X,401,B,noncovalent
Severe acute respiratory syndrome coronavirus 2,8CYU,P5X,401,C,noncovalent
Severe acute respiratory syndrome coronavirus 2,8CYU,P5X,401,D,noncovalent
Severe acute respiratory syndrome coronavirus 2,8CYZ,P6I,401,A,noncovalent
Severe acute respiratory syndrome coronavirus 2,8CYZ,P6I,401,B,noncovalent
Severe acute respiratory syndrome coronavirus 2,8CYZ,P6I,401,C,noncovalent
Severe acute respiratory syndrome coronavirus 2,8CYZ,P6I,401,D,noncovalent
Severe acute respiratory syndrome coronavirus 2,8CZ4,P6R,401,A,noncovalent
Severe acute respiratory syndrome coronavirus 2,8CZ4,P6R,401,B,noncovalent
Severe acute respiratory syndrome coronavirus 2,8CZ4,P6R,401,C,noncovalent
Severe acute respiratory syndrome coronavirus 2,8CZ4,P6R,401,D,noncovalent
Severe acute respiratory syndrome coronavirus 2,8CZ7,P7L,401,A,noncovalent
Severe acute respiratory syndrome coronavirus 2,8CZ7,P7L,401,B,noncovalent
Severe acute respiratory syndrome coronavirus 2,8CZ7,P7L,401,C,noncovalent
Severe acute respiratory syndrome coronavirus 2,8CZ7,P7L,401,D,noncovalent
Severe acute respiratory syndrome coronavirus 2,8CZW,P8L,402,A,covalent
Severe acute respiratory syndrome coronavirus 2,8CZW,P8L,402,B,covalent
Severe acute respiratory syndrome coronavirus 2,8CZW,P8U,401,A,covalent
Severe acute respiratory syndrome coronavirus 2,8CZW,P8U,401,B,covalent
Severe acute respiratory syndrome coronavirus 2,8CZX,P8C,402,A,covalent
Severe acute respiratory syndrome coronavirus 2,8CZX,P8C,402,B,covalent
Severe acute respiratory syndrome coronavirus 2,8CZX,PJR,401,A,covalent
Severe acute respiratory syndrome coronavirus 2,8CZX,PJR,401,B,covalent
Severe acute respiratory syndrome coronavirus 2,8D4K,K36,401,A,covalent
Severe acute respiratory syndrome coronavirus 2,8D4M,K36,401,A,covalent
Severe acute respiratory syndrome coronavirus 2,8D4P,QAO,401,A,covalent
Severe acute respiratory syndrome coronavirus 2,8DCZ,4WI,401,A,covalent
Severe acute respiratory syndrome coronavirus 2,8DCZ,4WI,401,B,covalent
Severe acute respiratory syndrome coronavirus 2,8DD1,K36,401,A,covalent
Severe acute respiratory syndrome coronavirus 2,8DD6,K36,502,A,noncovalent
Severe acute respiratory syndrome coronavirus 2,8DD9,B1S,401,A,covalent
Severe acute respiratory syndrome coronavirus 2,8DDM,K36,401,A,covalent
Severe acute respiratory syndrome coronavirus 2,8DGB,B1S,401,A,covalent
Severe acute respiratory syndrome coronavirus 2,8DGB,B1S,401,B,covalent
Severe acute respiratory syndrome coronavirus 2,8DIB,TKX,401,A,covalent
Severe acute respiratory syndrome coronavirus 2,8DIB,TKX,401,B,covalent
Severe acute respiratory syndrome coronavirus 2,8DIC,TNI,401,A,covalent
Severe acute respiratory syndrome coronavirus 2,8DIC,TNI,401,B,covalent
Severe acute respiratory syndrome coronavirus 2,8DID,U0R,401,A,covalent
Severe acute respiratory syndrome coronavirus 2,8DID,U0R,401,B,covalent
Severe acute respiratory syndrome coronavirus 2,8DIE,U1J,401,A,covalent
Severe acute respiratory syndrome coronavirus 2,8DIE,U1J,401,B,covalent
Severe acute respiratory syndrome coronavirus 2,8DIF,U1R,401,A,covalent
Severe acute respiratory syndrome coronavirus 2,8DIF,U1R,401,B,covalent
Severe acute respiratory syndrome coronavirus 2,8DIG,U26,401,A,noncovalent
Severe acute respiratory syndrome coronavirus 2,8DIH,U2B,401,A,noncovalent
Severe acute respiratory syndrome coronavirus 2,8DII,U2I,401,A,noncovalent
Severe acute respiratory syndrome coronavirus 2,8DL9,T4V,401,A,covalent
Severe acute respiratory syndrome coronavirus 2,8DLB,SRU,401,A,covalent
Severe acute respiratory syndrome coronavirus 2,8DMD,SVL,401,A,covalent
Severe acute respiratory syndrome coronavirus 2,8DOX,T2L,401,A,covalent
Severe acute respiratory syndrome coronavirus 2,8DOY,PG0,404,A,noncovalent
Severe acute respiratory syndrome coronavirus 2,8DOY,T1X,402,B,covalent
Severe acute respiratory syndrome coronavirus 2,8DOY,T1X,405,A,covalent
Severe acute respiratory syndrome coronavirus 2,8DPR,T43,401,A,covalent
Severe acute respiratory syndrome coronavirus 2,8DSU,V2M,502,A,covalent
Severe acute respiratory syndrome coronavirus 2,8DSU,V2M,504,B,covalent
Severe acute respiratory syndrome coronavirus 2,8DT9,V2M,502,A,covalent
Severe acute respiratory syndrome coronavirus 2,8DT9,V2M,502,B,covalent
Severe acute respiratory syndrome coronavirus 2,8DZ0,7YY,402,B,noncovalent
Severe acute respiratory syndrome coronavirus 2,8DZ0,7YY,403,A,noncovalent
Severe acute respiratory syndrome coronavirus 2,8DZ1,7YY,402,B,noncovalent
Severe acute respiratory syndrome coronavirus 2,8DZ1,7YY,403,A,noncovalent
Severe acute respiratory syndrome coronavirus 2,8DZ2,4WI,401,A,covalent
Severe acute respiratory syndrome coronavirus 2,8DZ2,4WI,401,B,covalent
Severe acute respiratory syndrome coronavirus 2,8DZ6,4WI,401,A,covalent
Severe acute respiratory syndrome coronavirus 2,8DZ6,4WI,401,B,covalent
Severe acute respiratory syndrome coronavirus 2,8DZ9,4WI,401,A,noncovalent
Severe acute respiratory syndrome coronavirus 2,8DZ9,4WI,401,B,covalent
Severe acute respiratory syndrome coronavirus 2,8DZ9,4WI,401,C,noncovalent
Severe acute respiratory syndrome coronavirus 2,8DZ9,4WI,401,D,covalent
Severe acute respiratory syndrome coronavirus 2,8DZA,4WI,401,B,covalent
Severe acute respiratory syndrome coronavirus 2,8DZA,4WI,402,A,covalent
Severe acute respiratory syndrome coronavirus 2,8DZB,U6Y,502,A,covalent
Severe acute respiratory syndrome coronavirus 2,8DZC,U76,401,A,covalent
Severe acute respiratory syndrome coronavirus 2,8E1Y,4WI,401,A,covalent
Severe acute respiratory syndrome coronavirus 2,8E1Y,4WI,402,B,covalent
Severe acute respiratory syndrome coronavirus 2,8E25,4WI,401,A,covalent
Severe acute respiratory syndrome coronavirus 2,8E25,4WI,401,B,covalent
Severe acute respiratory syndrome coronavirus 2,8E26,4WI,401,A,covalent
Severe acute respiratory syndrome coronavirus 2,8E26,4WI,401,B,covalent
Severe acute respiratory syndrome coronavirus 2,8E4R,K36,401,A,covalent
Severe acute respiratory syndrome coronavirus 2,8E4R,K36,401,B,covalent
Severe acute respiratory syndrome coronavirus 2,8E4W,V2M,401,A,covalent
Severe acute respiratory syndrome coronavirus 2,8E4W,V2M,401,B,covalent
Severe acute respiratory syndrome coronavirus 2,8E5C,4WI,502,A,noncovalent
Severe acute respiratory syndrome coronavirus 2,8E5X,UO9,401,A,covalent
Severe acute respiratory syndrome coronavirus 2,8E5X,UO9,401,B,covalent
Severe acute respiratory syndrome coronavirus 2,8E5X,URR,402,A,covalent
Severe acute respiratory syndrome coronavirus 2,8E5X,URR,402,B,covalent
Severe acute respiratory syndrome coronavirus 2,8E5Z,UQO,402,A,covalent
Severe acute respiratory syndrome coronavirus 2,8E5Z,UQO,402,B,covalent
Severe acute respiratory syndrome coronavirus 2,8E5Z,WJB,401,A,covalent
Severe acute respiratory syndrome coronavirus 2,8E5Z,WJB,401,B,covalent
Severe acute respiratory syndrome coronavirus 2,8E61,VLU,401,B,covalent
Severe acute respiratory syndrome coronavirus 2,8E61,VLU,402,A,covalent
Severe acute respiratory syndrome coronavirus 2,8E61,VM0,402,B,covalent
Severe acute respiratory syndrome coronavirus 2,8E61,VM0,403,A,covalent
Severe acute respiratory syndrome coronavirus 2,8E63,UUR,402,A,covalent
Severe acute respiratory syndrome coronavirus 2,8E63,UUR,402,B,covalent
Severe acute respiratory syndrome coronavirus 2,8E63,UV2,401,A,covalent
Severe acute respiratory syndrome coronavirus 2,8E63,UV2,401,B,covalent
Severe acute respiratory syndrome coronavirus 2,8E64,WEL,401,A,covalent
Severe acute respiratory syndrome coronavirus 2,8E64,WEL,402,B,covalent
Severe acute respiratory syndrome coronavirus 2,8E64,WEQ,401,B,covalent
Severe acute respiratory syndrome coronavirus 2,8E65,WF5,401,A,covalent
Severe acute respiratory syndrome coronavirus 2,8E68,WGO,401,A,covalent
Severe acute respiratory syndrome coronavirus 2,8E68,WGO,401,B,covalent
Severe acute respiratory syndrome coronavirus 2,8E68,WGU,402,A,covalent
Severe acute respiratory syndrome coronavirus 2,8E68,WGU,402,B,covalent
Severe acute respiratory syndrome coronavirus 2,8E69,WIO,401,A,covalent
Severe acute respiratory syndrome coronavirus 2,8E69,WIO,401,B,covalent
Severe acute respiratory syndrome coronavirus 2,8E6A,WIX,401,B,covalent
Severe acute respiratory syndrome coronavirus 2,8E6A,WIX,402,A,covalent
Severe acute respiratory syndrome coronavirus 2,8E6A,WJ0,402,B,covalent
Severe acute respiratory syndrome coronavirus 2,8E6A,WJ0,403,A,covalent
Severe acute respiratory syndrome coronavirus 2,8EOY,WOH,401,A,covalent
Severe acute respiratory syndrome coronavirus 2,8EOY,WOH,401,B,covalent
Severe acute respiratory syndrome coronavirus 2,8EQJ,PEE,401,A,noncovalent
Severe acute respiratory syndrome coronavirus 2,8EQJ,PEE,401,B,noncovalent
Severe acute respiratory syndrome coronavirus 2,8EQJ,PEE,402,A,noncovalent
Severe acute respiratory syndrome coronavirus 2,8EQJ,PEE,402,B,noncovalent
Severe acute respiratory syndrome coronavirus 2,8EQT,PEE,401,A,noncovalent
Severe acute respiratory syndrome coronavirus 2,8EQT,PEE,401,B,noncovalent
Severe acute respiratory syndrome coronavirus 2,8EQT,PEE,402,A,noncovalent
Severe acute respiratory syndrome coronavirus 2,8EQT,PEE,402,B,noncovalent
Severe acute respiratory syndrome coronavirus 2,8EQU,PEE,401,A,noncovalent
Severe acute respiratory syndrome coronavirus 2,8EQU,PEE,401,B,noncovalent
Severe acute respiratory syndrome coronavirus 2,8ERS,WQO,201,A,noncovalent
Severe acute respiratory syndrome coronavirus 2,8EUA,WUK,401,A,covalent
Severe acute respiratory syndrome coronavirus 2,8EYJ,4WI,401,A,covalent
Severe acute respiratory syndrome coronavirus 2,8EYJ,4WI,401,B,covalent
Severe acute respiratory syndrome coronavirus 2,8EZV,X6O,401,A,covalent
Severe acute respiratory syndrome coronavirus 2,8EZZ,X70,401,A,covalent
Severe acute respiratory syndrome coronavirus 2,8F02,X6T,401,A,covalent
Severe acute respiratory syndrome coronavirus 2,8F2C,X9Z,401,A,covalent
Severe acute respiratory syndrome coronavirus 2,8F2D,XA8,401,A,covalent
Severe acute respiratory syndrome coronavirus 2,8F44,XFF,401,A,covalent
Severe acute respiratory syndrome coronavirus 2,8F44,XFF,401,B,covalent
Severe acute respiratory syndrome coronavirus 2,8F44,XFR,402,A,covalent
Severe acute respiratory syndrome coronavirus 2,8F44,XFR,402,B,covalent
Severe acute respiratory syndrome coronavirus 2,8F45,XF8,401,A,covalent
Severe acute respiratory syndrome coronavirus 2,8F45,XF8,401,B,covalent
Severe acute respiratory syndrome coronavirus 2,8F46,XCK,401,A,covalent
Severe acute respiratory syndrome coronavirus 2,8F46,XCK,401,B,covalent
Severe acute respiratory syndrome coronavirus 2,8F4S,XDU,7102,A,noncovalent
Severe acute respiratory syndrome coronavirus 2,8F4Y,XDU,7102,A,covalent
Severe acute respiratory syndrome coronavirus 2,8F4Y,XE0,4404,B,covalent
Severe acute respiratory syndrome coronavirus 2,8F4Y,XE0,4405,B,covalent
Severe acute respiratory syndrome coronavirus 2,8F4Y,XE0,7103,A,covalent
Severe acute respiratory syndrome coronavirus 2,8FHY,MLI,602,D,noncovalent
Severe acute respiratory syndrome coronavirus 2,8FIG,UED,401,A,covalent
Severe acute respiratory syndrome coronavirus 2,8FIV,Y0I,401,A,covalent
Severe acute respiratory syndrome coronavirus 2,8FIW,Y0E,401,A,covalent
Severe acute respiratory syndrome coronavirus 2,8FIW,Y0E,401,B,covalent
Severe acute respiratory syndrome coronavirus 2,8FIW,Y1E,402,B,covalent
Severe acute respiratory syndrome coronavirus 2,8FRJ,AW2,602,A,noncovalent
Severe acute respiratory syndrome coronavirus 2,8FRK,EOH,602,A,noncovalent
Severe acute respiratory syndrome coronavirus 2,8FRK,MJ7,603,A,noncovalent
Severe acute respiratory syndrome coronavirus 2,8FTC,Y8O,401,A,covalent
Severe acute respiratory syndrome coronavirus 2,8FTL,5ZF,401,A,covalent
Severe acute respiratory syndrome coronavirus 2,8FTL,5ZF,401,B,covalent
Severe acute respiratory syndrome coronavirus 2,8FY6,YVZ,401,A,covalent
Severe acute respiratory syndrome coronavirus 2,8FY7,YFK,401,A,covalent
Severe acute respiratory syndrome coronavirus 2,8FY7,YFK,401,B,covalent
Severe acute respiratory syndrome coronavirus 2,8G62,YOO,401,C,noncovalent
Severe acute respiratory syndrome coronavirus 2,8G62,YOO,403,C,noncovalent
Severe acute respiratory syndrome coronavirus 2,8G62,YOO,502,A,noncovalent
Severe acute respiratory syndrome coronavirus 2,8G62,YOO,502,B,noncovalent
Severe acute respiratory syndrome coronavirus 2,8G62,YOO,503,A,noncovalent
Severe acute respiratory syndrome coronavirus 2,8G62,YOO,510,A,noncovalent
Severe acute respiratory syndrome coronavirus 2,8GB5,BCN,301,C,noncovalent
Severe acute respiratory syndrome coronavirus 2,8GB5,BCN,301,H,noncovalent
Severe acute respiratory syndrome coronavirus 2,8GB5,BCN,303,E,covalent
Severe acute respiratory syndrome coronavirus 2,8GFN,ZGI,401,A,noncovalent
Severe acute respiratory syndrome coronavirus 2,8GFN,ZGI,401,B,noncovalent
Severe acute respiratory syndrome coronavirus 2,8GFO,ZH0,401,A,noncovalent
Severe acute respiratory syndrome coronavirus 2,8GFR,ZGO,401,A,noncovalent
Severe acute respiratory syndrome coronavirus 2,8GFU,ZGW,401,A,noncovalent
Severe acute respiratory syndrome coronavirus 2,8GIA,ZJ3,201,A,noncovalent
Severe acute respiratory syndrome coronavirus 2,8GIA,ZJ3,201,C,noncovalent
Severe acute respiratory syndrome coronavirus 2,8GQT,QUE,401,D,noncovalent
Severe acute respiratory syndrome coronavirus 2,8GTV,KAE,401,A,noncovalent
Severe acute respiratory syndrome coronavirus 2,8GTV,KAE,401,B,noncovalent
Severe acute respiratory syndrome coronavirus 2,8GTW,K9U,401,A,noncovalent
Severe acute respiratory syndrome coronavirus 2,8GTW,K9U,401,B,noncovalent
Severe acute respiratory syndrome coronavirus 2,8GVD,0A9,4,B,noncovalent
Severe acute respiratory syndrome coronavirus 2,8GVY,0A9,4,B,noncovalent
Severe acute respiratory syndrome coronavirus 2,8GW1,U5P,201,G,covalent
Severe acute respiratory syndrome coronavirus 2,8GWE,GNP,1003,A,covalent
Severe acute respiratory syndrome coronavirus 2,8GWF,GTP,1003,A,noncovalent
Severe acute respiratory syndrome coronavirus 2,8GWG,GTP,1003,A,noncovalent
Severe acute respiratory syndrome coronavirus 2,8GWI,GTP,1003,A,noncovalent
Severe acute respiratory syndrome coronavirus 2,8GWK,F86,201,G,covalent
Severe acute respiratory syndrome coronavirus 2,8GWK,GNP,1003,A,covalent
Severe acute respiratory syndrome coronavirus 2,8GWM,6GS,201,G,covalent
Severe acute respiratory syndrome coronavirus 2,8GWM,GNP,1003,A,noncovalent
Severe acute respiratory syndrome coronavirus 2,8GWN,GNP,1003,A,noncovalent
Severe acute respiratory syndrome coronavirus 2,8GWO,GNP,1003,A,noncovalent
Severe acute respiratory syndrome coronavirus 2,8GWO,U5P,201,G,covalent
Severe acute respiratory syndrome coronavirus 2,8GXG,06Q,401,A,covalent
Severe acute respiratory syndrome coronavirus 2,8GXH,0AX,401,A,covalent
Severe acute respiratory syndrome coronavirus 2,8GXI,0BO,401,A,covalent
Severe acute respiratory syndrome coronavirus 2,8GY6,GO3,1001,A,noncovalent
Severe acute respiratory syndrome coronavirus 2,8GY6,GO3,1002,A,noncovalent
Severe acute respiratory syndrome coronavirus 2,8GZB,KM6,402,A,covalent
Severe acute respiratory syndrome coronavirus 2,8H3E,Q83,1301,A,noncovalent
Severe acute respiratory syndrome coronavirus 2,8H3E,Q83,1301,B,noncovalent
Severe acute respiratory syndrome coronavirus 2,8H3E,Q83,1301,C,noncovalent
Severe acute respiratory syndrome coronavirus 2,8H3G,7YY,401,A,noncovalent
Severe acute respiratory syndrome coronavirus 2,8H3G,7YY,402,B,noncovalent
Severe acute respiratory syndrome coronavirus 2,8H3K,7YY,401,A,noncovalent
Severe acute respiratory syndrome coronavirus 2,8H3K,7YY,401,B,noncovalent
Severe acute respiratory syndrome coronavirus 2,8H3K,VIB,402,A,noncovalent
Severe acute respiratory syndrome coronavirus 2,8H3L,7YY,401,A,noncovalent
Severe acute respiratory syndrome coronavirus 2,8H3L,7YY,401,B,noncovalent
Severe acute respiratory syndrome coronavirus 2,8H3L,7YY,401,C,noncovalent
Severe acute respiratory syndrome coronavirus 2,8H3L,7YY,401,D,noncovalent
Severe acute respiratory syndrome coronavirus 2,8H4Y,4WI,401,A,covalent
Severe acute respiratory syndrome coronavirus 2,8H51,4WI,401,A,covalent
Severe acute respiratory syndrome coronavirus 2,8H57,4WI,401,A,covalent
Severe acute respiratory syndrome coronavirus 2,8H5F,4WI,401,A,covalent
Severe acute respiratory syndrome coronavirus 2,8H5P,4WI,401,A,covalent
Severe acute respiratory syndrome coronavirus 2,8H6I,ODN,401,A,covalent
Severe acute respiratory syndrome coronavirus 2,8H6N,4WI,401,A,covalent
Severe acute respiratory syndrome coronavirus 2,8H6N,LQZ,402,A,noncovalent
Severe acute respiratory syndrome coronavirus 2,8H7W,4WI,401,A,covalent
Severe acute respiratory syndrome coronavirus 2,8H82,4WI,401,A,covalent
Severe acute respiratory syndrome coronavirus 2,8HBK,7YY,401,A,noncovalent
Severe acute respiratory syndrome coronavirus 2,8HBL,LI,1602,A,noncovalent
Severe acute respiratory syndrome coronavirus 2,8HEF,7YY,401,A,noncovalent
Severe acute respiratory syndrome coronavirus 2,8HEF,7YY,401,B,noncovalent
Severe acute respiratory syndrome coronavirus 2,8HHT,LV0,401,A,covalent
Severe acute respiratory syndrome coronavirus 2,8HHU,LVX,401,A,covalent
Severe acute respiratory syndrome coronavirus 2,8HI9,LKR,401,A,covalent
Severe acute respiratory syndrome coronavirus 2,8HI9,LKR,401,B,covalent
Severe acute respiratory syndrome coronavirus 2,8HLC,EIC,1311,A,noncovalent
Severe acute respiratory syndrome coronavirus 2,8HLC,EIC,1315,B,noncovalent
Severe acute respiratory syndrome coronavirus 2,8HLC,EIC,1315,C,noncovalent
Severe acute respiratory syndrome coronavirus 2,8HOM,7YY,401,A,noncovalent
Severe acute respiratory syndrome coronavirus 2,8HOZ,4WI,401,A,covalent
Severe acute respiratory syndrome coronavirus 2,8HQF,HUR,401,A,covalent
Severe acute respiratory syndrome coronavirus 2,8HQF,HUR,401,B,covalent
Severe acute respiratory syndrome coronavirus 2,8HQG,HUR,401,A,covalent
Severe acute respiratory syndrome coronavirus 2,8HQG,HUR,401,B,covalent
Severe acute respiratory syndrome coronavirus 2,8HQH,HUR,401,A,covalent
Severe acute respiratory syndrome coronavirus 2,8HQH,HUR,401,B,covalent
Severe acute respiratory syndrome coronavirus 2,8HQI,HUR,401,A,covalent
Severe acute respiratory syndrome coronavirus 2,8HQI,HUR,401,B,covalent
Severe acute respiratory syndrome coronavirus 2,8HQJ,HUR,401,A,covalent
Severe acute respiratory syndrome coronavirus 2,8HQJ,HUR,401,B,covalent
Severe acute respiratory syndrome coronavirus 2,8HTV,UZF,401,A,covalent
Severe acute respiratory syndrome coronavirus 2,8HUR,7YY,401,A,noncovalent
Severe acute respiratory syndrome coronavirus 2,8HUR,7YY,401,B,covalent
Severe acute respiratory syndrome coronavirus 2,8HUV,7YY,401,A,noncovalent
Severe acute respiratory syndrome coronavirus 2,8HUV,7YY,401,B,noncovalent
Severe acute respiratory syndrome coronavirus 2,8HUW,7YY,401,A,noncovalent
Severe acute respiratory syndrome coronavirus 2,8HUW,7YY,401,B,noncovalent
Severe acute respiratory syndrome coronavirus 2,8HUX,7YY,401,A,noncovalent
Severe acute respiratory syndrome coronavirus 2,8HUX,7YY,401,B,noncovalent
Severe acute respiratory syndrome coronavirus 2,8HVK,4WI,401,A,covalent
Severe acute respiratory syndrome coronavirus 2,8HVK,4WI,401,B,covalent
Severe acute respiratory syndrome coronavirus 2,8HVL,4WI,401,A,covalent
Severe acute respiratory syndrome coronavirus 2,8HVL,4WI,401,B,covalent
Severe acute respiratory syndrome coronavirus 2,8HVM,4WI,401,A,covalent
Severe acute respiratory syndrome coronavirus 2,8HVM,4WI,401,B,covalent
Severe acute respiratory syndrome coronavirus 2,8HVN,4WI,401,A,covalent
Severe acute respiratory syndrome coronavirus 2,8HVN,4WI,401,B,covalent
Severe acute respiratory syndrome coronavirus 2,8HVO,4WI,401,A,covalent
Severe acute respiratory syndrome coronavirus 2,8HVO,4WI,401,B,covalent
Severe acute respiratory syndrome coronavirus 2,8HVU,80I,401,A,covalent
Severe acute respiratory syndrome coronavirus 2,8HVU,80I,401,B,covalent
Severe acute respiratory syndrome coronavirus 2,8HVV,80I,401,A,covalent
Severe acute respiratory syndrome coronavirus 2,8HVV,80I,401,B,covalent
Severe acute respiratory syndrome coronavirus 2,8HVW,80I,401,A,covalent
Severe acute respiratory syndrome coronavirus 2,8HVW,80I,401,B,covalent
Severe acute respiratory syndrome coronavirus 2,8HVX,80I,401,A,covalent
Severe acute respiratory syndrome coronavirus 2,8HVX,80I,401,B,covalent
Severe acute respiratory syndrome coronavirus 2,8HVY,80I,401,A,covalent
Severe acute respiratory syndrome coronavirus 2,8HVY,80I,401,B,covalent
Severe acute respiratory syndrome coronavirus 2,8HVZ,80I,401,A,covalent
Severe acute respiratory syndrome coronavirus 2,8HVZ,80I,401,B,covalent
Severe acute respiratory syndrome coronavirus 2,8HZR,4WI,301,A,covalent
Severe acute respiratory syndrome coronavirus 2,8HZR,4WI,301,B,covalent
Severe acute respiratory syndrome coronavirus 2,8I30,OF9,401,A,covalent
Severe acute respiratory syndrome coronavirus 2,8I4S,OU3,401,A,noncovalent
Severe acute respiratory syndrome coronavirus 2,8IFP,OZ6,401,A,covalent
Severe acute respiratory syndrome coronavirus 2,8IFQ,I1Z,401,A,covalent
Severe acute respiratory syndrome coronavirus 2,8IFR,P0O,401,A,covalent
Severe acute respiratory syndrome coronavirus 2,8IFS,OZL,401,A,covalent
Severe acute respiratory syndrome coronavirus 2,8IFS,OZL,401,B,covalent
Severe acute respiratory syndrome coronavirus 2,8IFT,OZB,401,A,covalent
Severe acute respiratory syndrome coronavirus 2,8IG4,UED,401,A,covalent
Severe acute respiratory syndrome coronavirus 2,8IG4,UED,401,B,covalent
Severe acute respiratory syndrome coronavirus 2,8IG7,UED,401,A,covalent
Severe acute respiratory syndrome coronavirus 2,8IG7,UED,401,B,covalent
Severe acute respiratory syndrome coronavirus 2,8IG8,UED,401,A,covalent
Severe acute respiratory syndrome coronavirus 2,8IG8,UED,401,B,covalent
Severe acute respiratory syndrome coronavirus 2,8IG9,UED,401,A,covalent
Severe acute respiratory syndrome coronavirus 2,8IG9,UED,401,B,covalent
Severe acute respiratory syndrome coronavirus 2,8IGA,UED,401,A,covalent
Severe acute respiratory syndrome coronavirus 2,8IGA,UED,401,B,covalent
Severe acute respiratory syndrome coronavirus 2,8IGB,UED,401,A,covalent
Severe acute respiratory syndrome coronavirus 2,8IGB,UED,401,B,covalent
Severe acute respiratory syndrome coronavirus 2,8IGN,7ON,401,A,covalent
Severe acute respiratory syndrome coronavirus 2,8IGN,7ON,401,B,covalent
Severe acute respiratory syndrome coronavirus 2,8IGX,PQL,401,A,covalent
Severe acute respiratory syndrome coronavirus 2,8IGY,4WI,401,A,covalent
Severe acute respiratory syndrome coronavirus 2,8IHO,PQX,101,D,covalent
Severe acute respiratory syndrome coronavirus 2,8IHO,PQX,101,E,covalent
Severe acute respiratory syndrome coronavirus 2,8INU,4WI,401,A,covalent
Severe acute respiratory syndrome coronavirus 2,8INW,4WI,401,A,covalent
Severe acute respiratory syndrome coronavirus 2,8INX,7YY,401,A,noncovalent
Severe acute respiratory syndrome coronavirus 2,8INY,7YY,401,A,noncovalent
Severe acute respiratory syndrome coronavirus 2,8IV3,DJU,201,A,noncovalent
Severe acute respiratory syndrome coronavirus 2,8J1Q,85Y,4,D,covalent
Severe acute respiratory syndrome coronavirus 2,8J1Q,85Y,8,D,covalent
Severe acute respiratory syndrome coronavirus 2,8J1Q,85Y,17,D,covalent
Severe acute respiratory syndrome coronavirus 2,8J1Q,85Y,20,D,covalent
Severe acute respiratory syndrome coronavirus 2,8J1Q,85Y,22,D,covalent
Severe acute respiratory syndrome coronavirus 2,8J1Q,85Y,24,D,covalent
Severe acute respiratory syndrome coronavirus 2,8J1Q,85Y,27,E,covalent
Severe acute respiratory syndrome coronavirus 2,8J1Q,85Y,30,D,covalent
Severe acute respiratory syndrome coronavirus 2,8J1Q,85Y,33,E,covalent
Severe acute respiratory syndrome coronavirus 2,8J1Q,85Y,34,D,covalent
Severe acute respiratory syndrome coronavirus 2,8J1Q,85Y,34,E,covalent
Severe acute respiratory syndrome coronavirus 2,8J1Q,85Y,35,D,covalent
Severe acute respiratory syndrome coronavirus 2,8J1Q,85Y,38,E,covalent
Severe acute respiratory syndrome coronavirus 2,8J1Q,85Y,39,E,covalent
Severe acute respiratory syndrome coronavirus 2,8J1Q,85Y,41,D,covalent
Severe acute respiratory syndrome coronavirus 2,8J1Q,85Y,43,D,covalent
Severe acute respiratory syndrome coronavirus 2,8J1Q,85Y,44,E,covalent
Severe acute respiratory syndrome coronavirus 2,8J1Q,85Y,48,E,covalent
Severe acute respiratory syndrome coronavirus 2,8J1Q,85Y,51,E,covalent
Severe acute respiratory syndrome coronavirus 2,8J1Q,85Y,53,E,covalent
Severe acute respiratory syndrome coronavirus 2,8J1Q,85Y,55,E,covalent
Severe acute respiratory syndrome coronavirus 2,8J1Q,85Y,59,E,covalent
Severe acute respiratory syndrome coronavirus 2,8J26,85Y,17,D,covalent
Severe acute respiratory syndrome coronavirus 2,8J26,85Y,20,D,covalent
Severe acute respiratory syndrome coronavirus 2,8J26,85Y,22,D,covalent
Severe acute respiratory syndrome coronavirus 2,8J26,85Y,24,D,covalent
Severe acute respiratory syndrome coronavirus 2,8J26,85Y,30,D,covalent
Severe acute respiratory syndrome coronavirus 2,8J26,85Y,33,E,covalent
Severe acute respiratory syndrome coronavirus 2,8J26,85Y,34,D,covalent
Severe acute respiratory syndrome coronavirus 2,8J26,85Y,34,E,covalent
Severe acute respiratory syndrome coronavirus 2,8J26,85Y,35,D,covalent
Severe acute respiratory syndrome coronavirus 2,8J26,85Y,38,E,covalent
Severe acute respiratory syndrome coronavirus 2,8J26,85Y,39,E,covalent
Severe acute respiratory syndrome coronavirus 2,8J26,85Y,41,D,covalent
Severe acute respiratory syndrome coronavirus 2,8J26,85Y,43,D,covalent
Severe acute respiratory syndrome coronavirus 2,8J26,85Y,44,E,covalent
Severe acute respiratory syndrome coronavirus 2,8J26,85Y,48,E,covalent
Severe acute respiratory syndrome coronavirus 2,8J26,85Y,51,E,covalent
Severe acute respiratory syndrome coronavirus 2,8J26,85Y,53,E,covalent
Severe acute respiratory syndrome coronavirus 2,8J26,85Y,55,E,covalent
Severe acute respiratory syndrome coronavirus 2,8J26,85Y,59,E,covalent
Severe acute respiratory syndrome coronavirus 2,8J32,V2M,401,A,covalent
Severe acute respiratory syndrome coronavirus 2,8J32,V2M,401,B,covalent
Severe acute respiratory syndrome coronavirus 2,8J35,V2M,401,A,covalent
Severe acute respiratory syndrome coronavirus 2,8J35,V2M,401,B,covalent
Severe acute respiratory syndrome coronavirus 2,8J36,V2M,401,A,covalent
Severe acute respiratory syndrome coronavirus 2,8J36,V2M,401,B,covalent
Severe acute respiratory syndrome coronavirus 2,8J37,V2M,401,A,covalent
Severe acute respiratory syndrome coronavirus 2,8J37,V2M,401,B,covalent
Severe acute respiratory syndrome coronavirus 2,8J38,V2M,401,A,covalent
Severe acute respiratory syndrome coronavirus 2,8J38,V2M,401,B,covalent
Severe acute respiratory syndrome coronavirus 2,8J39,V2M,401,A,covalent
Severe acute respiratory syndrome coronavirus 2,8J39,V2M,401,B,covalent
Severe acute respiratory syndrome coronavirus 2,8J3A,V2M,401,A,covalent
Severe acute respiratory syndrome coronavirus 2,8J3A,V2M,401,B,covalent
Severe acute respiratory syndrome coronavirus 2,8J3B,V2M,401,B,covalent
Severe acute respiratory syndrome coronavirus 2,8J3B,V2M,501,A,covalent
Severe acute respiratory syndrome coronavirus 2,8J6X,U2H,201,D,noncovalent
Severe acute respiratory syndrome coronavirus 2,8JCJ,H2S,402,A,covalent
Severe acute respiratory syndrome coronavirus 2,8JCJ,PBP,401,A,covalent
Severe acute respiratory syndrome coronavirus 2,8JCK,A8J,401,A,covalent
Severe acute respiratory syndrome coronavirus 2,8JCK,H2S,403,A,covalent
Severe acute respiratory syndrome coronavirus 2,8JCL,AIE,401,A,covalent
Severe acute respiratory syndrome coronavirus 2,8JCL,H2S,402,A,covalent
Severe acute respiratory syndrome coronavirus 2,8JCM,AJF,401,A,covalent
Severe acute respiratory syndrome coronavirus 2,8JCM,H2S,405,A,covalent
Severe acute respiratory syndrome coronavirus 2,8JCN,AO0,401,A,covalent
Severe acute respiratory syndrome coronavirus 2,8JCO,B7Y,401,A,covalent
Severe acute respiratory syndrome coronavirus 2,8JOP,UWO,401,A,covalent
Severe acute respiratory syndrome coronavirus 2,8JPQ,ALA,402,A,covalent
Severe acute respiratory syndrome coronavirus 2,8JPQ,ILE,403,A,covalent
Severe acute respiratory syndrome coronavirus 2,8JPQ,V3E,404,A,covalent
Severe acute respiratory syndrome coronavirus 2,8JUX,V00,401,A,noncovalent
Severe acute respiratory syndrome coronavirus 2,8JUX,V00,401,B,noncovalent
Severe acute respiratory syndrome coronavirus 2,8K6D,J7R,401,A,noncovalent
Severe acute respiratory syndrome coronavirus 2,8OKB,VQR,401,A,covalent
Severe acute respiratory syndrome coronavirus 2,8OKC,VQN,401,A,covalent
Severe acute respiratory syndrome coronavirus 2,8OKK,83F,401,A,covalent
Severe acute respiratory syndrome coronavirus 2,8OKK,83F,401,B,covalent
Severe acute respiratory syndrome coronavirus 2,8OKL,83N,401,A,covalent
Severe acute respiratory syndrome coronavirus 2,8OKL,83N,401,B,covalent
Severe acute respiratory syndrome coronavirus 2,8OKM,84C,401,A,covalent
Severe acute respiratory syndrome coronavirus 2,8OKM,84C,401,B,covalent
Severe acute respiratory syndrome coronavirus 2,8OKN,83W,401,A,covalent
Severe acute respiratory syndrome coronavirus 2,8OKN,83W,401,B,covalent
Severe acute respiratory syndrome coronavirus 2,8OSX,SAM,7215,A,covalent
Severe acute respiratory syndrome coronavirus 2,8OT0,MTA,7417,A,noncovalent
Severe acute respiratory syndrome coronavirus 2,8OTR,SAM,7213,A,covalent
Severe acute respiratory syndrome coronavirus 2,8OTR,W08,7228,A,covalent
Severe acute respiratory syndrome coronavirus 2,8OV1,SAM,7229,A,covalent
Severe acute respiratory syndrome coronavirus 2,8OV2,SGV,7222,A,noncovalent
Severe acute respiratory syndrome coronavirus 2,8OV3,5ID,7218,A,noncovalent
Severe acute respiratory syndrome coronavirus 2,8OV4,TO1,7220,A,noncovalent
Severe acute respiratory syndrome coronavirus 2,8P54,ALD,401,A,covalent
Severe acute respiratory syndrome coronavirus 2,8P55,ALD,402,A,covalent
Severe acute respiratory syndrome coronavirus 2,8P56,X77,406,A,noncovalent
Severe acute respiratory syndrome coronavirus 2,8P57,X77,402,A,noncovalent
Severe acute respiratory syndrome coronavirus 2,8P58,X77,406,A,noncovalent
Severe acute respiratory syndrome coronavirus 2,8P58,X77,408,B,noncovalent
Severe acute respiratory syndrome coronavirus 2,8P5A,X77,406,B,noncovalent
Severe acute respiratory syndrome coronavirus 2,8P5A,X77,410,A,noncovalent
Severe acute respiratory syndrome coronavirus 2,8P5C,9M5,401,A,noncovalent
Severe acute respiratory syndrome coronavirus 2,8P5C,9M5,401,B,noncovalent
Severe acute respiratory syndrome coronavirus 2,8P86,ALD,401,A,covalent
Severe acute respiratory syndrome coronavirus 2,8P87,X77,404,A,noncovalent
Severe acute respiratory syndrome coronavirus 2,8P9Y,XIO,1307,C,covalent
Severe acute respiratory syndrome coronavirus 2,8PH4,MLI,401,A,noncovalent
Severe acute respiratory syndrome coronavirus 2,8PH4,YQN,401,B,noncovalent
Severe acute respiratory syndrome coronavirus 2,8PH4,YQN,402,A,noncovalent
Severe acute respiratory syndrome coronavirus 2,8PH4,YQN,402,B,noncovalent
Severe acute respiratory syndrome coronavirus 2,8PH4,YQN,403,A,noncovalent
Severe acute respiratory syndrome coronavirus 2,8Q7S,P4G,601,A,noncovalent
Severe acute respiratory syndrome coronavirus 2,8QH0,PRO,601,A,noncovalent
Severe acute respiratory syndrome coronavirus 2,8R0V,O6K,401,A,covalent
Severe acute respiratory syndrome coronavirus 2,8R0V,O6K,401,B,covalent
Severe acute respiratory syndrome coronavirus 2,8R0V,O6K,401,C,covalent
Severe acute respiratory syndrome coronavirus 2,8R0V,O6K,401,D,covalent
Severe acute respiratory syndrome coronavirus 2,8R11,XI0,401,A,noncovalent
Severe acute respiratory syndrome coronavirus 2,8R11,XI0,701,B,noncovalent
Severe acute respiratory syndrome coronavirus 2,8R12,XH9,401,A,noncovalent
Severe acute respiratory syndrome coronavirus 2,8R12,XH9,401,B,noncovalent
Severe acute respiratory syndrome coronavirus 2,8R14,XHW,401,A,noncovalent
Severe acute respiratory syndrome coronavirus 2,8R14,XHW,701,B,noncovalent
Severe acute respiratory syndrome coronavirus 2,8R16,XJ9,401,A,noncovalent
Severe acute respiratory syndrome coronavirus 2,8R16,XJ9,401,B,noncovalent
Severe acute respiratory syndrome coronavirus 2,8RF4,EQT,201,A,noncovalent
Severe acute respiratory syndrome coronavirus 2,8RF5,FBB,201,A,noncovalent
Severe acute respiratory syndrome coronavirus 2,8RFF,ABV,201,A,noncovalent
Severe acute respiratory syndrome coronavirus 2,8RV5,MTA,302,A,noncovalent
Severe acute respiratory syndrome coronavirus 2,8S8W,GTA,101,C,covalent
Severe acute respiratory syndrome coronavirus 2,8S8W,SAM,7202,A,covalent
Severe acute respiratory syndrome coronavirus 2,8S8W,SGV,7203,A,covalent
Severe acute respiratory syndrome coronavirus 2,8S8X,GTA,1,C,covalent
Severe acute respiratory syndrome coronavirus 2,8S8X,TO1,7202,A,noncovalent
Severe acute respiratory syndrome coronavirus 2,8S9Z,ZU0,2,B,covalent
Severe acute respiratory syndrome coronavirus 2,8S9Z,ZV7,4,B,covalent
Severe acute respiratory syndrome coronavirus 2,8SH8,AR6,201,A,noncovalent
Severe acute respiratory syndrome coronavirus 2,8SK4,I3R,401,A,covalent
Severe acute respiratory syndrome coronavirus 2,8SKH,A1W,401,A,covalent
Severe acute respiratory syndrome coronavirus 2,8SQ9,WSB,1005,A,covalent
Severe acute respiratory syndrome coronavirus 2,8SQ9,WSB,1008,A,noncovalent
Severe acute respiratory syndrome coronavirus 2,8SQJ,VSN,1001,A,noncovalent
Severe acute respiratory syndrome coronavirus 2,8SQK,VSN,1001,A,noncovalent
Severe acute respiratory syndrome coronavirus 2,8SQK,VSN,1002,A,covalent
Severe acute respiratory syndrome coronavirus 2,8STY,WGE,401,A,covalent
Severe acute respiratory syndrome coronavirus 2,8STZ,WGI,401,A,covalent
Severe acute respiratory syndrome coronavirus 2,8SXR,WZK,401,A,noncovalent
Severe acute respiratory syndrome coronavirus 2,8SXR,WZK,401,B,noncovalent
Severe acute respiratory syndrome coronavirus 2,8T7Y,CSI,2,C,covalent
Severe acute respiratory syndrome coronavirus 2,8T7Y,CSI,2,E,covalent
Severe acute respiratory syndrome coronavirus 2,8T7Y,PHL,4,C,covalent
Severe acute respiratory syndrome coronavirus 2,8T7Y,PHL,4,E,covalent
Severe acute respiratory syndrome coronavirus 2,8TBE,ZQB,401,A,covalent
Severe acute respiratory syndrome coronavirus 2,8TBE,ZQB,401,B,covalent
Severe acute respiratory syndrome coronavirus 2,8TPB,JVX,500,A,covalent
Severe acute respiratory syndrome coronavirus 2,8TPB,JVX,500,B,covalent
Severe acute respiratory syndrome coronavirus 2,8TPC,JJC,500,A,covalent
Severe acute respiratory syndrome coronavirus 2,8TPD,JJO,500,A,covalent
Severe acute respiratory syndrome coronavirus 2,8TPG,JKL,500,A,covalent
Severe acute respiratory syndrome coronavirus 2,8TPH,JKL,500,A,covalent
Severe acute respiratory syndrome coronavirus 2,8TPI,JWO,500,A,covalent
Severe acute respiratory syndrome coronavirus 2,8TQH,JX6,401,A,covalent
Severe acute respiratory syndrome coronavirus 2,8TQJ,YHI,401,A,covalent
Severe acute respiratory syndrome coronavirus 2,8TQL,JY0,401,A,covalent
Severe acute respiratory syndrome coronavirus 2,8TQT,K2X,401,A,covalent
Severe acute respiratory syndrome coronavirus 2,8TQU,ELL,3,B,covalent
Severe acute respiratory syndrome coronavirus 2,8TV6,V83,201,B,noncovalent
Severe acute respiratory syndrome coronavirus 2,8TV7,VI1,202,A,noncovalent
Severe acute respiratory syndrome coronavirus 2,8TY3,SJF,401,A,covalent
Severe acute respiratory syndrome coronavirus 2,8TY4,SO0,401,A,covalent
Severe acute respiratory syndrome coronavirus 2,8TY5,SQ3,401,A,covalent
Severe acute respiratory syndrome coronavirus 2,8TYJ,SAH,1502,A,noncovalent
Severe acute respiratory syndrome coronavirus 2,8UAB,W28,401,A,covalent
Severe acute respiratory syndrome coronavirus 2,8UH5,WOK,401,A,covalent
Severe acute respiratory syndrome coronavirus 2,8UH9,WOK,401,A,covalent
Severe acute respiratory syndrome coronavirus 2,8UHO,WTE,401,A,covalent
Severe acute respiratory syndrome coronavirus 2,8UHO,WTE,401,B,noncovalent
Severe acute respiratory syndrome coronavirus 2,8UIA,WTV,401,A,covalent
Severe acute respiratory syndrome coronavirus 2,8UIA,WTV,401,B,covalent
Severe acute respiratory syndrome coronavirus 2,8UOB,XB5,401,A,noncovalent
Severe acute respiratory syndrome coronavirus 2,8UPS,I70,401,A,covalent
Severe acute respiratory syndrome coronavirus 2,8UPV,X83,401,A,covalent
Severe acute respiratory syndrome coronavirus 2,8UPW,X8F,401,A,covalent
Severe acute respiratory syndrome coronavirus 2,8UR9,XEK,401,A,noncovalent
Severe acute respiratory syndrome coronavirus 2,8UTE,XKQ,501,A,covalent
Severe acute respiratory syndrome coronavirus 2,8UUF,XWO,401,A,noncovalent
Severe acute respiratory syndrome coronavirus 2,8UUG,XXW,401,A,noncovalent
Severe acute respiratory syndrome coronavirus 2,8UUH,XYI,401,A,noncovalent
Severe acute respiratory syndrome coronavirus 2,8UUU,XYR,401,A,noncovalent
Severe acute respiratory syndrome coronavirus 2,8UUV,Y2I,401,A,noncovalent
Severe acute respiratory syndrome coronavirus 2,8UUW,Y2N,401,A,noncovalent
Severe acute respiratory syndrome coronavirus 2,8UUY,Y2R,401,A,noncovalent
Severe acute respiratory syndrome coronavirus 2,8UVM,Y3R,401,A,covalent
Severe acute respiratory syndrome coronavirus 2,8UVM,Y3R,401,B,covalent
Severe acute respiratory syndrome coronavirus 2,8UVM,Y3R,401,C,covalent
Severe acute respiratory syndrome coronavirus 2,8UVM,Y3R,401,D,covalent
Severe acute respiratory syndrome coronavirus 2,8V4U,YDL,401,A,covalent
Severe acute respiratory syndrome coronavirus 2,8V4U,YDL,401,B,covalent
Severe acute respiratory syndrome coronavirus 2,8V8E,7YY,301,A,noncovalent
Severe acute respiratory syndrome coronavirus 2,8V8E,7YY,301,B,noncovalent
Severe acute respiratory syndrome coronavirus 2,8V8G,7YY,201,A,noncovalent
Severe acute respiratory syndrome coronavirus 2,8V8G,7YY,201,B,covalent
Severe acute respiratory syndrome coronavirus 2,8WTI,X1Z,401,A,covalent
Severe acute respiratory syndrome coronavirus 2,8WTI,X1Z,401,B,covalent
Severe acute respiratory syndrome coronavirus 2,8WZP,XIU,401,B,noncovalent
Severe acute respiratory syndrome coronavirus 2,8WZQ,XIU,401,A,noncovalent
Severe acute respiratory syndrome coronavirus 2,8WZQ,XIU,401,B,noncovalent
Severe acute respiratory syndrome coronavirus 2,8XUR,IDU,1313,C,noncovalent
Severe acute respiratory syndrome coronavirus 2,8XUS,IDU,1317,B,noncovalent
Severe acute respiratory syndrome coronavirus 2,8XUT,IDU,1317,A,noncovalent
Severe acute respiratory syndrome coronavirus 2,8XUU,IDU,1306,A,noncovalent
Severe acute respiratory syndrome coronavirus 2,8YRH,ROA,401,A,noncovalent
Severe acute respiratory syndrome coronavirus 2,8YSA,BOC,1,B,covalent
Severe acute respiratory syndrome coronavirus 2,8YSA,ELL,4,B,covalent
Severe acute respiratory syndrome coronavirus 2,8YSA,TBG,2,B,covalent
Severe acute respiratory syndrome coronavirus 2,9ARQ,T2L,401,A,covalent
Severe acute respiratory syndrome coronavirus 2,9ARS,T2L,401,A,covalent
Severe acute respiratory syndrome coronavirus 2,9ARS,T2L,401,B,covalent
Severe acute respiratory syndrome coronavirus 2,9ART,V7G,401,A,covalent
Severe acute respiratory syndrome coronavirus 2,9ART,V7G,401,D,covalent
Severe acute respiratory syndrome coronavirus 2,9AUJ,4WI,401,A,noncovalent
Severe acute respiratory syndrome coronavirus 2,9AUK,4WI,401,A,covalent
Severe acute respiratory syndrome coronavirus 2,9AUK,4WI,401,B,covalent
Severe acute respiratory syndrome coronavirus 2,9AUL,4WI,401,A,covalent
Severe acute respiratory syndrome coronavirus 2,9AUM,4WI,401,A,covalent
Severe acute respiratory syndrome coronavirus 2,9AVQ,4WI,401,A,covalent
Severe acute respiratory syndrome coronavirus 2,9BPF,YDL,401,A,covalent
Severe acute respiratory syndrome coronavirus 2,9BPF,YDL,401,B,covalent
Severe acute respiratory syndrome coronavirus 2,9EMJ,GTA,7102,A,noncovalent
Severe acute respiratory syndrome coronavirus 2,9EMJ,MGP,7103,A,noncovalent
Severe acute respiratory syndrome coronavirus 2,9EMJ,TO1,7101,A,noncovalent
Severe acute respiratory syndrome coronavirus 2,9EML,EDT,7213,A,noncovalent
Severe acute respiratory syndrome coronavirus 2,9EML,GTA,7201,A,covalent
Severe acute respiratory syndrome coronavirus 2,9EML,SAM,7203,A,covalent
Severe acute respiratory syndrome coronavirus 2,9EML,V9G,7216,A,covalent
Severe acute respiratory syndrome coronavirus 2,9EMV,GTA,7202,A,covalent
Severe acute respiratory syndrome coronavirus 2,9EMV,SAH,7204,A,covalent
Severe acute respiratory syndrome coronavirus 2,9EMV,SGV,7201,A,covalent
Severe acute respiratory syndrome coronavirus 2,9EMV,V9G,7211,A,covalent
Severe acute respiratory syndrome coronavirus 2,9EUN,MGP,7203,A,noncovalent
Severe acute respiratory syndrome coronavirus 2,9EUN,SAM,7202,A,noncovalent
