virus_name,pdb_id,ligand,chain,ligand_id
Human immunodeficiency virus 1,1A8G,2Z4,A,100
Human immunodeficiency virus 1,1A8K,0Q4,A,100
Human immunodeficiency virus 1,1A8K,0Q4,E,100
Human immunodeficiency virus 1,1A94,0Q4,A,100
Human immunodeficiency virus 1,1A94,0Q4,E,100
Human immunodeficiency virus 1,1A9M,U0E,B,100
Human immunodeficiency virus 1,1AAQ,PSI,B,100
Human immunodeficiency virus 1,1AID,THK,B,201
Human immunodeficiency virus 1,1AJV,NMB,A,501
Human immunodeficiency virus 1,1AJX,AH1,A,500
Human immunodeficiency virus 1,1AXA,U0E,A,100
Human immunodeficiency virus 1,1AXA,U0E,A,101
Human immunodeficiency virus 1,1B6J,RTY,C,2
Human immunodeficiency virus 1,1B6K,PI5,A,201
Human immunodeficiency virus 1,1B6L,PI4,A,201
Human immunodeficiency virus 1,1B6M,PI6,B,201
Human immunodeficiency virus 1,1B6P,PI7,A,201
Human immunodeficiency virus 1,1BDL,IM1,A,400
Human immunodeficiency virus 1,1BDL,IM1,B,600
Human immunodeficiency virus 1,1BDQ,IM1,B,400
Human immunodeficiency virus 1,1BDR,IM1,B,400
Human immunodeficiency virus 1,1BQM,HBY,A,557
Human immunodeficiency virus 1,1BQN,HBY,A,559
Human immunodeficiency virus 1,1BV7,XV6,A,638
Human immunodeficiency virus 1,1BV9,XV6,A,638
Human immunodeficiency virus 1,1BVE,DMP,B,100
Human immunodeficiency virus 1,1BVG,DMP,B,100
Human immunodeficiency virus 1,1BWA,XV6,B,638
Human immunodeficiency virus 1,1BWB,146,B,641
Human immunodeficiency virus 1,1C0T,BM1,A,999
Human immunodeficiency virus 1,1C0U,BM5,A,999
Human immunodeficiency virus 1,1C1B,GCA,A,999
Human immunodeficiency virus 1,1C1C,612,A,999
Human immunodeficiency virus 1,1C6X,3IN,B,622
Human immunodeficiency virus 1,1C6Y,MK1,B,524
Human immunodeficiency virus 1,1C6Z,ROC,B,505
Human immunodeficiency virus 1,1C70,L75,B,423
Human immunodeficiency virus 1,1CPI,RTY,C,2
Human immunodeficiency virus 1,1D4K,PI8,A,201
Human immunodeficiency virus 1,1D4L,PI9,A,201
Human immunodeficiency virus 1,1D4S,TPV,A,201
Human immunodeficiency virus 1,1D4Y,TPV,A,501
Human immunodeficiency virus 1,1DAZ,0Q4,D,601
Human immunodeficiency virus 1,1DIF,A85,B,101
Human immunodeficiency virus 1,1DMP,DMQ,B,450
Human immunodeficiency virus 1,1DTQ,FPT,A,999
Human immunodeficiency virus 1,1DTT,FTC,A,999
Human immunodeficiency virus 1,1DW6,0Q4,D,401
Human immunodeficiency virus 1,1EBK,0Q4,D,201
Human immunodeficiency virus 1,1EBK,0Q4,E,501
Human immunodeficiency virus 1,1EBW,BEI,A,501
Human immunodeficiency virus 1,1EBY,BEB,B,501
Human immunodeficiency virus 1,1EBZ,BEC,B,501
Human immunodeficiency virus 1,1EC0,BED,A,501
Human immunodeficiency virus 1,1EC1,BEE,A,501
Human immunodeficiency virus 1,1EC2,BEJ,B,501
Human immunodeficiency virus 1,1EC3,MS3,A,501
Human immunodeficiency virus 1,1EET,BFU,A,2000
Human immunodeficiency virus 1,1EFN,PBM,D,720
Human immunodeficiency virus 1,1EFN,PBM,B,710
Human immunodeficiency virus 1,1EP4,S11,A,999
Human immunodeficiency virus 1,1EX4,CPS,B,303
Human immunodeficiency virus 1,1EX4,CPS,A,304
Human immunodeficiency virus 1,1EX4,CPS,B,301
Human immunodeficiency virus 1,1EX4,CPS,A,302
Human immunodeficiency virus 1,1F6U,CG1,B,201
Human immunodeficiency virus 1,1FB7,ROC,A,100
Human immunodeficiency virus 1,1FEJ,2NC,D,400
Human immunodeficiency virus 1,1FF0,2NC,C,300
Human immunodeficiency virus 1,1FFF,0Q4,D,401
Human immunodeficiency virus 1,1FFI,2NC,D,300
Human immunodeficiency virus 1,1FG6,2NC,D,300
Human immunodeficiency virus 1,1FG8,0Q4,C,401
Human immunodeficiency virus 1,1FGC,2NC,C,300
Human immunodeficiency virus 1,1FK9,EFZ,A,999
Human immunodeficiency virus 1,1FKO,EFZ,A,999
Human immunodeficiency virus 1,1FKP,NVP,A,999
Human immunodeficiency virus 1,1FQX,0ZT,A,201
Human immunodeficiency virus 1,1G2K,NM1,B,501
Human immunodeficiency virus 1,1G35,AHF,B,501
Human immunodeficiency virus 1,1GNM,U0E,A,100
Human immunodeficiency virus 1,1GNM,U0E,A,101
Human immunodeficiency virus 1,1GNN,U0E,A,100
Human immunodeficiency virus 1,1GNN,U0E,A,101
Human immunodeficiency virus 1,1GNO,U0E,B,101
Human immunodeficiency virus 1,1GNO,U0E,B,100
Human immunodeficiency virus 1,1GZL,N2P,C,1640
Human immunodeficiency virus 1,1GZL,N2P,D,1640
Human immunodeficiency virus 1,1HBV,GAN,A,600
Human immunodeficiency virus 1,1HEF,PJJ,I,205
Human immunodeficiency virus 1,1HEG,PSI,E,201
Human immunodeficiency virus 1,1HIH,C20,B,101
Human immunodeficiency virus 1,1HIV,1ZK,A,100
Human immunodeficiency virus 1,1HNI,AAA,A,559
Human immunodeficiency virus 1,1HNV,TBO,A,559
Human immunodeficiency virus 1,1HOS,PHP,A,400
Human immunodeficiency virus 1,1HPO,UNI,B,100
Human immunodeficiency virus 1,1HPS,RUN,B,600
Human immunodeficiency virus 1,1HPS,RUN,B,400
Human immunodeficiency virus 1,1HPV,478,B,200
Human immunodeficiency virus 1,1HPX,KNI,B,900
Human immunodeficiency virus 1,1HPZ,AAP,A,561
Human immunodeficiency virus 1,1HQU,HBY,A,561
Human immunodeficiency virus 1,1HSG,MK1,B,902
Human immunodeficiency virus 1,1HTE,G23,A,200
Human immunodeficiency virus 1,1HTF,G26,A,100
Human immunodeficiency virus 1,1HTF,G26,B,100
Human immunodeficiency virus 1,1HTG,G37,A,300
Human immunodeficiency virus 1,1HTG,G37,A,600
Human immunodeficiency virus 1,1HVC,A79,A,800
Human immunodeficiency virus 1,1HVH,Q82,B,265
Human immunodeficiency virus 1,1HVI,A77,A,800
Human immunodeficiency virus 1,1HVJ,A78,A,800
Human immunodeficiency virus 1,1HVK,A79,A,800
Human immunodeficiency virus 1,1HVL,A76,B,800
Human immunodeficiency virus 1,1HVR,XK2,A,263
Human immunodeficiency virus 1,1HVS,A77,A,800
Human immunodeficiency virus 1,1HWR,216,B,216
Human immunodeficiency virus 1,1HXB,ROC,A,100
Human immunodeficiency virus 1,1HXW,RIT,B,301
Human immunodeficiency virus 1,1HYV,TTA,A,304
Human immunodeficiency virus 1,1HYZ,TTO,A,304
Human immunodeficiency virus 1,1IIQ,0ZR,A,201
Human immunodeficiency virus 1,1IKV,EFZ,A,2000
Human immunodeficiency virus 1,1IKW,EFZ,A,2000
Human immunodeficiency virus 1,1IKX,PNU,A,2000
Human immunodeficiency virus 1,1IKY,MSD,A,2000
Human immunodeficiency virus 1,1IZH,Q50,B,1001
Human immunodeficiency virus 1,1IZI,Q50,B,1001
Human immunodeficiency virus 1,1J8N,B3S,A,6
Human immunodeficiency virus 1,1J8Z,BCX,A,5
Human immunodeficiency virus 1,1J9V,DAB,A,5
Human immunodeficiency virus 1,1JAA,SET,A,5
Human immunodeficiency virus 1,1JAR,DAB,A,11
Human immunodeficiency virus 1,1JC8,SET,A,11
Human immunodeficiency virus 1,1JCP,SET,A,11
Human immunodeficiency virus 1,1JKH,EFZ,A,999
Human immunodeficiency virus 1,1JLA,TNK,A,999
Human immunodeficiency virus 1,1JLB,NVP,A,999
Human immunodeficiency virus 1,1JLC,FTC,A,999
Human immunodeficiency virus 1,1JLF,NVP,A,999
Human immunodeficiency virus 1,1JLG,UC1,A,999
Human immunodeficiency virus 1,1JLQ,SBN,A,999
Human immunodeficiency virus 1,1JM4,ALY,A,50
Human immunodeficiency virus 1,1K1T,0Q4,B,201
Human immunodeficiency virus 1,1K1U,0Q4,B,301
Human immunodeficiency virus 1,1K2B,0Q4,A,401
Human immunodeficiency virus 1,1K2C,0Q4,B,401
Human immunodeficiency virus 1,1K5M,SPH,A,1971
Human immunodeficiency virus 1,1K6C,MK1,B,902
Human immunodeficiency virus 1,1K6P,XN3,B,807
Human immunodeficiency virus 1,1K6T,XN1,B,509
Human immunodeficiency virus 1,1K6V,XN2,B,252
Human immunodeficiency virus 1,1KLM,SPP,A,999
Human immunodeficiency virus 1,1LVJ,PMZ,A,47
Human immunodeficiency virus 1,1LW0,NVP,A,999
Human immunodeficiency virus 1,1LW2,U05,A,999
Human immunodeficiency virus 1,1LWC,NVP,A,999
Human immunodeficiency virus 1,1LWE,NVP,A,999
Human immunodeficiency virus 1,1LWF,NVP,A,999
Human immunodeficiency virus 1,1LZQ,0ZQ,A,201
Human immunodeficiency virus 1,1M0B,0ZQ,B,201
Human immunodeficiency virus 1,1MER,DMQ,A,450
Human immunodeficiency virus 1,1MES,DMP,B,323
Human immunodeficiency virus 1,1MET,DMP,A,323
Human immunodeficiency virus 1,1MEU,DMP,A,323
Human immunodeficiency virus 1,1MRW,K57,A,1001
Human immunodeficiency virus 1,1MRX,K57,B,1001
Human immunodeficiency virus 1,1MSM,JE2,B,1001
Human immunodeficiency virus 1,1MSN,JE2,B,1001
Human immunodeficiency virus 1,1MTB,ROC,A,100
Human immunodeficiency virus 1,1MTR,PI6,B,101
Human immunodeficiency virus 1,1MUI,AB1,B,100
Human immunodeficiency virus 1,1N49,RIT,B,301
Human immunodeficiency virus 1,1N49,RIT,D,401
Human immunodeficiency virus 1,1NH0,KI2,J,1
Human immunodeficiency virus 1,1NH0,KI2,I,1
Human immunodeficiency virus 1,1NPA,3NH,A,100
Human immunodeficiency virus 1,1NPV,L27,A,479
Human immunodeficiency virus 1,1NPW,LGZ,A,479
Human immunodeficiency virus 1,1ODW,0E8,A,201
Human immunodeficiency virus 1,1ODX,0E8,A,201
Human immunodeficiency virus 1,1ODY,LP1,A,201
Human immunodeficiency virus 1,1OHR,1UN,A,201
Human immunodeficiency virus 1,1PRO,A88,A,301
Human immunodeficiency virus 1,1QBR,XV6,A,638
Human immunodeficiency virus 1,1QBS,DMP,A,323
Human immunodeficiency virus 1,1QBT,146,B,300
Human immunodeficiency virus 1,1QBU,846,B,300
Human immunodeficiency virus 1,1QD3,CYY,A,47
Human immunodeficiency virus 1,1QS4,100,A,1004
Human immunodeficiency virus 1,1REV,TB9,A,999
Human immunodeficiency virus 1,1RL8,RIT,A,9001
Human immunodeficiency virus 1,1RPV,SIN,A,1
Human immunodeficiency virus 1,1RQ9,DMQ,B,111
Human immunodeficiency virus 1,1RT1,MKC,A,999
Human immunodeficiency virus 1,1RT2,TNK,A,999
Human immunodeficiency virus 1,1RT3,U05,A,999
Human immunodeficiency virus 1,1RT4,UC1,A,999
Human immunodeficiency virus 1,1RT5,UC2,A,999
Human immunodeficiency virus 1,1RT6,UC3,A,999
Human immunodeficiency virus 1,1RT7,UC4,A,999
Human immunodeficiency virus 1,1RTD,TTP,C,705
Human immunodeficiency virus 1,1RTD,TTP,A,700
Human immunodeficiency virus 1,1RTH,U05,A,999
Human immunodeficiency virus 1,1RTI,HEF,A,999
Human immunodeficiency virus 1,1RV7,AB1,B,1001
Human immunodeficiency virus 1,1S1T,UC1,A,999
Human immunodeficiency virus 1,1S1U,NVP,A,999
Human immunodeficiency virus 1,1S1V,TNK,A,999
Human immunodeficiency virus 1,1S1W,UC1,A,999
Human immunodeficiency virus 1,1S1X,NVP,A,999
Human immunodeficiency virus 1,1S6P,IET,A,701
Human immunodeficiency virus 1,1S6Q,TPB,A,701
Human immunodeficiency virus 1,1S9E,ADB,A,701
Human immunodeficiency virus 1,1S9G,ABZ,A,701
Human immunodeficiency virus 1,1SBG,IM1,A,400
Human immunodeficiency virus 1,1SDT,MK1,B,902
Human immunodeficiency virus 1,1SDU,MK1,B,902
Human immunodeficiency virus 1,1SDV,MK1,B,902
Human immunodeficiency virus 1,1SGU,MK1,B,2632
Human immunodeficiency virus 1,1SH9,RIT,B,301
Human immunodeficiency virus 1,1SUQ,185,A,600
Human immunodeficiency virus 1,1SV5,65B,A,600
Human immunodeficiency virus 1,1T03,TFO,P,822
Human immunodeficiency virus 1,1T05,TNV,A,823
Human immunodeficiency virus 1,1T3R,017,A,1200
Human immunodeficiency virus 1,1T7I,017,A,200
Human immunodeficiency virus 1,1T7J,478,A,200
Human immunodeficiency virus 1,1T7K,BH0,B,1000
Human immunodeficiency virus 1,1TCX,IM1,A,400
Human immunodeficiency virus 1,1TKT,H12,A,999
Human immunodeficiency virus 1,1TKX,GWB,A,999
Human immunodeficiency virus 1,1TKZ,H16,A,999
Human immunodeficiency virus 1,1TL1,H18,A,999
Human immunodeficiency virus 1,1TL3,H20,A,999
Human immunodeficiency virus 1,1TV6,CP9,A,561
Human immunodeficiency virus 1,1TVR,TB9,A,600
Human immunodeficiency virus 1,1U8G,KI2,I,1
Human immunodeficiency virus 1,1UPJ,U01,A,201
Human immunodeficiency virus 1,1UTS,P13,B,1046
Human immunodeficiency virus 1,1UUD,P14,B,1046
Human immunodeficiency virus 1,1UUI,P12,B,1046
Human immunodeficiency virus 1,1UWB,TBO,A,559
Human immunodeficiency virus 1,1VIJ,BAY,A,201
Human immunodeficiency virus 1,1VIK,BAY,B,201
Human immunodeficiency virus 1,1VRT,NVP,A,999
Human immunodeficiency virus 1,1VRU,AAP,A,999
Human immunodeficiency virus 1,1WBK,568,B,1100
Human immunodeficiency virus 1,1WBM,BLL,B,1100
Human immunodeficiency virus 1,1XL2,189,A,1001
Human immunodeficiency virus 1,1XL5,190,B,1001
Human immunodeficiency virus 1,1YT9,OIS,A,1000
Human immunodeficiency virus 1,1Z1H,HBB,A,201
Human immunodeficiency virus 1,1Z1R,HBH,A,201
Human immunodeficiency virus 1,1Z8C,0ZS,A,201
Human immunodeficiency virus 1,1ZBG,0ZS,B,201
Human immunodeficiency virus 1,1ZJ7,0ZT,A,201
Human immunodeficiency virus 1,1ZLF,0ZR,B,201
Human immunodeficiency virus 1,1ZP8,AB2,A,200
Human immunodeficiency virus 1,1ZPA,A83,A,200
Human immunodeficiency virus 1,1ZPK,0ZS,A,201
Human immunodeficiency virus 1,1ZSF,0ZS,B,201
Human immunodeficiency virus 1,1ZSR,0ZT,A,201
Human immunodeficiency virus 1,1ZTZ,CB5,B,1002
Human immunodeficiency virus 1,1ZTZ,CB5,P,1001
Human immunodeficiency virus 1,2A1E,IPF,B,400
Human immunodeficiency virus 1,2A4F,AAU,B,1000
Human immunodeficiency virus 1,2AID,THK,A,201
Human immunodeficiency virus 1,2AID,THK,B,202
Human immunodeficiency virus 1,2AOC,2NC,B,400
Human immunodeficiency virus 1,2AOD,2NC,B,400
Human immunodeficiency virus 1,2AOE,0Q4,B,301
Human immunodeficiency virus 1,2AOF,FRD,C,305
Human immunodeficiency virus 1,2AOG,2NC,A,400
Human immunodeficiency virus 1,2AOH,FRD,C,305
Human immunodeficiency virus 1,2AOI,FRD,C,305
Human immunodeficiency virus 1,2AOJ,FRD,C,305
Human immunodeficiency virus 1,2AQU,DR7,B,300
Human immunodeficiency virus 1,2AVM,2NC,B,300
Human immunodeficiency virus 1,2AVO,MK1,B,902
Human immunodeficiency virus 1,2AVQ,2NC,B,300
Human immunodeficiency virus 1,2AVS,MK1,B,902
Human immunodeficiency virus 1,2AVV,MK1,A,901
Human immunodeficiency virus 1,2AVV,MK1,E,902
Human immunodeficiency virus 1,2AZ8,3TL,A,200
Human immunodeficiency virus 1,2AZ9,3TL,A,200
Human immunodeficiency virus 1,2AZB,3TL,A,200
Human immunodeficiency virus 1,2AZC,3TL,B,200
Human immunodeficiency virus 1,2AZC,3TL,A,200
Human immunodeficiency virus 1,2B4C,XYL,H,219
Human immunodeficiency virus 1,2B4C,XYL,H,218
Human immunodeficiency virus 1,2B4C,XYL,H,217
Human immunodeficiency virus 1,2B5J,3AC,A,562
Human immunodeficiency virus 1,2B60,RIT,B,100
Human immunodeficiency virus 1,2B6A,T50,A,561
Human immunodeficiency virus 1,2B7Z,MK1,B,200
Human immunodeficiency virus 1,2BAN,357,A,562
Human immunodeficiency virus 1,2BB9,AKC,A,401
Human immunodeficiency virus 1,2BBB,HH1,A,301
Human immunodeficiency virus 1,2BE2,R22,A,4002
Human immunodeficiency virus 1,2BGN,FUL,a,2
Human immunodeficiency virus 1,2BGN,FUL,N,2
Human immunodeficiency virus 1,2BGN,FUL,I,3
Human immunodeficiency virus 1,2BGN,FUL,R,3
Human immunodeficiency virus 1,2BPV,1IN,B,902
Human immunodeficiency virus 1,2BPW,1IN,B,902
Human immunodeficiency virus 1,2BPX,MK1,B,902
Human immunodeficiency virus 1,2BPY,3IN,B,902
Human immunodeficiency virus 1,2BPZ,3IN,B,902
Human immunodeficiency virus 1,2BQV,A1A,A,1100
Human immunodeficiency virus 1,2CEJ,1AH,B,1200
Human immunodeficiency virus 1,2CEM,2AH,B,1200
Human immunodeficiency virus 1,2CEN,4AH,B,1200
Human immunodeficiency virus 1,2F3K,RO1,A,506
Human immunodeficiency virus 1,2F80,017,B,301
Human immunodeficiency virus 1,2F81,017,A,302
Human immunodeficiency virus 1,2F8G,017,B,401
Human immunodeficiency virus 1,2FDD,385,B,501
Human immunodeficiency virus 1,2FDE,385,A,101
Human immunodeficiency virus 1,2FLE,AI,B,845
Human immunodeficiency virus 1,2FX9,ORQ,P,677
Human immunodeficiency virus 1,2FX9,ORQ,Q,677
Human immunodeficiency virus 1,2FXD,DR7,A,102
Human immunodeficiency virus 1,2FXE,DR7,A,102
Human immunodeficiency virus 1,2H3Q,PBU,A,300
Human immunodeficiency virus 1,2H3V,PIO,A,300
Human immunodeficiency virus 1,2H3Z,PBU,A,300
Human immunodeficiency virus 1,2HB3,GRL,B,201
Human immunodeficiency virus 1,2HB4,PGR,A,908
Human immunodeficiency virus 1,2HB4,PGR,A,906
Human immunodeficiency virus 1,2HB4,PGR,A,907
Human immunodeficiency virus 1,2HC0,AB2,A,3500
Human immunodeficiency virus 1,2HND,NVP,A,999
Human immunodeficiency virus 1,2HNY,NVP,A,999
Human immunodeficiency virus 1,2HNZ,PC0,A,999
Human immunodeficiency virus 1,2HS1,017,B,203
Human immunodeficiency virus 1,2HS1,017,A,201
Human immunodeficiency virus 1,2HS2,017,B,203
Human immunodeficiency virus 1,2HS2,017,A,201
Human immunodeficiency virus 1,2I0A,MUI,A,200
Human immunodeficiency virus 1,2I0D,MUT,A,200
Human immunodeficiency virus 1,2I4D,QFI,B,300
Human immunodeficiency virus 1,2I4U,DJR,A,300
Human immunodeficiency virus 1,2I4V,DJR,B,300
Human immunodeficiency virus 1,2I4W,KGQ,B,300
Human immunodeficiency virus 1,2I4X,KGQ,B,300
Human immunodeficiency virus 1,2I5J,K05,A,4001
Human immunodeficiency virus 1,2IC3,HBY,A,562
Human immunodeficiency virus 1,2IDW,017,B,401
Human immunodeficiency virus 1,2IEN,017,B,402
Human immunodeficiency virus 1,2IEO,017,A,402
Human immunodeficiency virus 1,2J9J,JG3,C,4
Human immunodeficiency virus 1,2J9K,2NC,A,0
Human immunodeficiency virus 1,2JE4,JG3,C,4
Human immunodeficiency virus 1,2JLE,I15,A,1546
Human immunodeficiency virus 1,2JPR,JPR,A,146
Human immunodeficiency virus 1,2LYA,PC8,A,300
Human immunodeficiency virus 1,2LYB,8SP,A,300
Human immunodeficiency virus 1,2M3Z,1HF,A,104
Human immunodeficiency virus 1,2M3Z,1HF,A,103
Human immunodeficiency virus 1,2NMY,ROC,A,401
Human immunodeficiency virus 1,2NMZ,ROC,B,401
Human immunodeficiency virus 1,2NNK,ROC,A,401
Human immunodeficiency virus 1,2NNP,ROC,A,401
Human immunodeficiency virus 1,2O40,2NC,A,0
Human immunodeficiency virus 1,2O4K,DR7,A,301
Human immunodeficiency virus 1,2O4L,TPV,A,403
Human immunodeficiency virus 1,2O4N,TPV,A,300
Human immunodeficiency virus 1,2O4P,TPV,A,300
Human immunodeficiency virus 1,2O4S,AB1,A,400
Human immunodeficiency virus 1,2OPP,HBQ,A,999
Human immunodeficiency virus 1,2OPQ,HBQ,A,999
Human immunodeficiency virus 1,2OPR,HBQ,A,999
Human immunodeficiency virus 1,2OPS,HBQ,A,999
Human immunodeficiency virus 1,2P3A,3TL,A,201
Human immunodeficiency virus 1,2P3B,3TL,A,101
Human immunodeficiency virus 1,2P3C,3TL,A,201
Human immunodeficiency virus 1,2P3D,3TL,A,201
Human immunodeficiency virus 1,2PC0,PGR,A,907
Human immunodeficiency virus 1,2PK5,075,A,900
Human immunodeficiency virus 1,2PK6,O33,B,301
Human immunodeficiency virus 1,2PQZ,G0G,A,2501
Human immunodeficiency virus 1,2PSU,MUU,A,200
Human immunodeficiency virus 1,2PSV,MUV,A,200
Human immunodeficiency virus 1,2PWC,G3G,A,501
Human immunodeficiency virus 1,2PWR,G4G,B,501
Human immunodeficiency virus 1,2PYM,1UN,A,1001
Human immunodeficiency virus 1,2PYN,1UN,A,1001
Human immunodeficiency virus 1,2Q3K,MUW,A,200
Human immunodeficiency virus 1,2Q54,MU1,B,200
Human immunodeficiency virus 1,2Q55,MU0,B,200
Human immunodeficiency virus 1,2Q5K,AB1,A,201
Human immunodeficiency virus 1,2Q63,1UN,A,1001
Human immunodeficiency virus 1,2Q64,1UN,B,1001
Human immunodeficiency virus 1,2QAK,1UN,A,1001
Human immunodeficiency virus 1,2QCI,065,B,404
Human immunodeficiency virus 1,2QD6,065,B,404
Human immunodeficiency virus 1,2QD7,065,B,404
Human immunodeficiency virus 1,2QD8,065,B,404
Human immunodeficiency virus 1,2QHC,AB1,B,9001
Human immunodeficiency virus 1,2QHY,MZ1,A,200
Human immunodeficiency virus 1,2QHZ,MZ2,A,200
Human immunodeficiency virus 1,2QI0,MZ3,B,200
Human immunodeficiency virus 1,2QI1,MZ4,A,200
Human immunodeficiency virus 1,2QI3,MZ5,B,200
Human immunodeficiency virus 1,2QI4,MZ6,A,200
Human immunodeficiency virus 1,2QI5,MZ7,B,200
Human immunodeficiency virus 1,2QI6,MZ8,A,200
Human immunodeficiency virus 1,2QI7,MZ9,B,200
Human immunodeficiency virus 1,2QMP,A00,A,100
Human immunodeficiency virus 1,2QMP,A00,B,100
Human immunodeficiency virus 1,2QNN,QN1,B,2501
Human immunodeficiency virus 1,2QNP,QN2,A,2501
Human immunodeficiency virus 1,2QNQ,QN3,A,2501
Human immunodeficiency virus 1,2R38,G4G,B,2501
Human immunodeficiency virus 1,2R3T,G4G,B,2501
Human immunodeficiency virus 1,2R3W,G3G,A,2501
Human immunodeficiency virus 1,2R43,G3G,B,2501
Human immunodeficiency virus 1,2R5P,MK1,B,902
Human immunodeficiency virus 1,2R5P,MK1,D,902
Human immunodeficiency virus 1,2R5Q,1UN,B,900
Human immunodeficiency virus 1,2R5Q,1UN,D,900
Human immunodeficiency virus 1,2RF2,MRX,A,561
Human immunodeficiency virus 1,2RKF,AB1,A,501
Human immunodeficiency virus 1,2RKG,AB1,B,501
Human immunodeficiency virus 1,2RKI,TT1,A,568
Human immunodeficiency virus 1,2UPJ,U02,A,100
Human immunodeficiency virus 1,2UXZ,HI1,A,1100
Human immunodeficiency virus 1,2UY0,HV1,B,1200
Human immunodeficiency virus 1,2VG5,NNC,A,1551
Human immunodeficiency virus 1,2VG6,NNB,A,1551
Human immunodeficiency virus 1,2VG7,NNI,A,1551
Human immunodeficiency virus 1,2WHH,PPN,A,2301
Human immunodeficiency virus 1,2WHH,PPN,A,2201
Human immunodeficiency virus 1,2WKZ,5AH,B,1200
Human immunodeficiency virus 1,2WL0,5AH,A,1100
Human immunodeficiency virus 1,2WOM,ZZE,A,1558
Human immunodeficiency virus 1,2WON,ZZE,A,1558
Human immunodeficiency virus 1,2X2D,ALY,C,125
Human immunodeficiency virus 1,2X2D,ALY,B,125
Human immunodeficiency virus 1,2XDE,1B0,B,1147
Human immunodeficiency virus 1,2XDE,1B0,A,1148
Human immunodeficiency virus 1,2XYE,CXG,B,1200
Human immunodeficiency virus 1,2XYF,G40,B,1200
Human immunodeficiency virus 1,2YKM,YKN,A,1559
Human immunodeficiency virus 1,2YKN,YKN,A,1559
Human immunodeficiency virus 1,2YNF,WHU,A,1563
Human immunodeficiency virus 1,2YNG,WHU,A,1563
Human immunodeficiency virus 1,2YNH,EUR,A,1560
Human immunodeficiency virus 1,2YNI,CXD,A,1561
Human immunodeficiency virus 1,2Z4O,065,B,404
Human immunodeficiency virus 1,2Z54,AB1,A,200
Human immunodeficiency virus 1,2ZD1,T27,A,557
Human immunodeficiency virus 1,2ZE2,T27,A,556
Human immunodeficiency virus 1,2ZGA,YDP,A,2501
Human immunodeficiency virus 1,2ZYE,KNI,B,900
Human immunodeficiency virus 1,3A2O,KNJ,B,999
Human immunodeficiency virus 1,3AID,ARQ,A,401
Human immunodeficiency virus 1,3AO1,BZX,A,214
Human immunodeficiency virus 1,3AO1,BZX,B,1
Human immunodeficiency virus 1,3AO1,BZX,A,213
Human immunodeficiency virus 1,3AO2,AVX,A,1
Human immunodeficiency virus 1,3AO2,AVX,B,1
Human immunodeficiency virus 1,3AO3,BMC,B,1
Human immunodeficiency virus 1,3AO3,BMC,A,1
Human immunodeficiency virus 1,3AO4,833,A,1
Human immunodeficiency virus 1,3AO4,833,B,1
Human immunodeficiency virus 1,3AO5,BBY,B,1
Human immunodeficiency virus 1,3AO5,BBY,A,213
Human immunodeficiency virus 1,3B7V,LNT,C,203
Human immunodeficiency virus 1,3B80,LNT,C,203
Human immunodeficiency virus 1,3BC4,LLG,A,2501
Human immunodeficiency virus 1,3BC4,LLG,A,2502
Human immunodeficiency virus 1,3BGB,LJG,B,2501
Human immunodeficiency virus 1,3BGC,LJH,A,2501
Human immunodeficiency virus 1,3BGR,T27,A,556
Human immunodeficiency virus 1,3BHE,BZN,B,2501
Human immunodeficiency virus 1,3BVA,2NC,B,200
Human immunodeficiency virus 1,3BVB,017,B,401
Human immunodeficiency virus 1,3BXR,DRR,B,201
Human immunodeficiency virus 1,3BXS,DRS,B,203
Human immunodeficiency virus 1,3BXS,DRS,A,201
Human immunodeficiency virus 1,3C6T,M14,A,561
Human immunodeficiency virus 1,3C6U,M22,A,561
Human immunodeficiency virus 1,3CKT,YDP,A,2501
Human immunodeficiency virus 1,3CYW,017,A,201
Human immunodeficiency virus 1,3CYX,ROC,A,201
Human immunodeficiency virus 1,3D1X,ROC,A,201
Human immunodeficiency virus 1,3D1Y,ROC,A,201
Human immunodeficiency virus 1,3D1Z,017,B,201
Human immunodeficiency virus 1,3D20,017,A,201
Human immunodeficiency virus 1,3DCK,KVI,B,101
Human immunodeficiency virus 1,3DCR,KVS,B,101
Human immunodeficiency virus 1,3DI6,PDZ,A,562
Human immunodeficiency virus 1,3DJK,G55,B,401
Human immunodeficiency virus 1,3DK1,G05,B,401
Human immunodeficiency virus 1,3DLE,GFA,A,999
Human immunodeficiency virus 1,3DLG,GWE,A,999
Human immunodeficiency virus 1,3DM2,GWE,A,999
Human immunodeficiency virus 1,3DMJ,GWE,A,999
Human immunodeficiency virus 1,3DOK,GWJ,A,999
Human immunodeficiency virus 1,3DOL,GWI,A,999
Human immunodeficiency virus 1,3DRP,R8E,A,601
Human immunodeficiency virus 1,3DRR,R8E,A,601
Human immunodeficiency virus 1,3DRS,R8D,A,601
Human immunodeficiency virus 1,3DYA,PZL,A,562
Human immunodeficiency virus 1,3E01,PZ2,A,562
Human immunodeficiency virus 1,3EKP,478,B,200
Human immunodeficiency virus 1,3EKP,478,C,200
Human immunodeficiency virus 1,3EKQ,ROC,A,100
Human immunodeficiency virus 1,3EKT,017,B,200
Human immunodeficiency virus 1,3EKT,017,D,200
Human immunodeficiency virus 1,3EKV,478,A,200
Human immunodeficiency virus 1,3EKW,DR7,B,100
Human immunodeficiency virus 1,3EKX,1UN,B,201
Human immunodeficiency virus 1,3EKY,DR7,A,100
Human immunodeficiency virus 1,3EL0,1UN,A,201
Human immunodeficiency virus 1,3EL1,DR7,A,100
Human immunodeficiency virus 1,3EL4,ROC,A,100
Human immunodeficiency virus 1,3EL5,1UN,B,201
Human immunodeficiency virus 1,3EL9,DR7,A,100
Human immunodeficiency virus 1,3EM3,478,B,200
Human immunodeficiency virus 1,3EM4,DR7,A,100
Human immunodeficiency virus 1,3EM4,DR7,V,100
Human immunodeficiency virus 1,3EM6,017,A,200
Human immunodeficiency virus 1,3FFI,3OB,A,561
Human immunodeficiency virus 1,3FSM,2NC,A,204
Human immunodeficiency virus 1,3FX5,KNI,B,900
Human immunodeficiency virus 1,3GGA,GGW,H,100
Human immunodeficiency virus 1,3GGU,017,B,201
Human immunodeficiency virus 1,3GGV,GGV,B,100
Human immunodeficiency virus 1,3GGX,GGX,H,1001
Human immunodeficiency virus 1,3GGX,GGX,C,1004
Human immunodeficiency virus 1,3GGX,GGX,B,1002
Human immunodeficiency virus 1,3GGX,GGX,E,1003
Human immunodeficiency virus 1,3GI4,K60,A,200
Human immunodeficiency virus 1,3GI5,K62,A,200
Human immunodeficiency virus 1,3GI6,D78,A,200
Human immunodeficiency virus 1,3GWO,JEF,A,55
Human immunodeficiency virus 1,3GWO,JEF,A,56
Human immunodeficiency virus 1,3H5B,031,B,404
Human immunodeficiency virus 1,3HAU,2NC,A,0
Human immunodeficiency virus 1,3HAW,2NC,B,0
Human immunodeficiency virus 1,3HBO,2NC,A,0
Human immunodeficiency virus 1,3HDK,2NC,B,0
Human immunodeficiency virus 1,3HLO,2NC,A,204
Human immunodeficiency virus 1,3HVT,NVP,A,557
Human immunodeficiency virus 1,3HYF,ON1,A,701
Human immunodeficiency virus 1,3HZC,2NC,A,301
Human immunodeficiency virus 1,3I0R,RT3,A,601
Human immunodeficiency virus 1,3I0S,RT7,A,601
Human immunodeficiency virus 1,3I2L,2NC,B,100
Human immunodeficiency virus 1,3I6O,GR6,B,301
Human immunodeficiency virus 1,3I7E,DJR,A,100
Human immunodeficiency virus 1,3I8W,CB5,A,100
Human immunodeficiency virus 1,3IA9,2NC,A,100
Human immunodeficiency virus 1,3IAW,2NC,A,204
Human immunodeficiency virus 1,3IG1,JTH,A,1001
Human immunodeficiency virus 1,3IRX,UDR,A,556
Human immunodeficiency virus 1,3IS9,AC7,A,556
Human immunodeficiency virus 1,3ISN,EDM,C,561
Human immunodeficiency virus 1,3ITH,EDM,C,561
Human immunodeficiency virus 1,3ITH,EDM,A,561
Human immunodeficiency virus 1,3JSM,TNV,A,823
Human immunodeficiency virus 1,3JVW,DMP,A,323
Human immunodeficiency virus 1,3JVY,017,B,401
Human immunodeficiency virus 1,3JW2,017,A,401
Human immunodeficiency virus 1,3K2P,JTH,A,1001
Human immunodeficiency virus 1,3K2P,JTH,B,1001
Human immunodeficiency virus 1,3K4V,ROC,B,201
Human immunodeficiency virus 1,3K4V,ROC,D,201
Human immunodeficiency virus 1,3KA2,2NC,A,204
Human immunodeficiency virus 1,3KDB,006,B,100
Human immunodeficiency virus 1,3KDC,JZP,A,100
Human immunodeficiency virus 1,3KDD,JZQ,A,100
Human immunodeficiency virus 1,3KF0,3TL,A,200
Human immunodeficiency virus 1,3KFN,3TL,A,200
Human immunodeficiency virus 1,3KFP,3TL,A,200
Human immunodeficiency virus 1,3KFR,1F1,B,201
Human immunodeficiency virus 1,3KFR,3TL,A,200
Human immunodeficiency virus 1,3KFS,3TL,A,200
Human immunodeficiency virus 1,3KK1,914,A,825
Human immunodeficiency virus 1,3KK3,URT,P,822
Human immunodeficiency virus 1,3KLE,ZP4,E,823
Human immunodeficiency virus 1,3KLE,ZP4,I,823
Human immunodeficiency virus 1,3KLE,ZP4,M,823
Human immunodeficiency virus 1,3KLE,ZP4,A,823
Human immunodeficiency virus 1,3KLF,ZP4,M,823
Human immunodeficiency virus 1,3KLF,ZP4,I,823
Human immunodeficiency virus 1,3KLF,ZP4,E,823
Human immunodeficiency virus 1,3KLF,ZP4,A,823
Human immunodeficiency virus 1,3LAK,KR1,A,701
Human immunodeficiency virus 1,3LAL,KRV,A,561
Human immunodeficiency virus 1,3LAM,KRP,A,561
Human immunodeficiency virus 1,3LAN,KBT,A,561
Human immunodeficiency virus 1,3LP0,NVP,A,701
Human immunodeficiency virus 1,3LP0,LP7,A,601
Human immunodeficiency virus 1,3LP1,LP8,A,601
Human immunodeficiency virus 1,3LP1,NVP,A,701
Human immunodeficiency virus 1,3LP2,LP9,A,601
Human immunodeficiency virus 1,3LP3,LP9,B,1
Human immunodeficiency virus 1,3LP3,LP9,A,3
Human immunodeficiency virus 1,3LPH,MLI,A,76
Human immunodeficiency virus 1,3LPH,MLI,B,75
Human immunodeficiency virus 1,3LPT,723,A,1
Human immunodeficiency virus 1,3LPU,976,A,1
Human immunodeficiency virus 1,3LZS,017,A,200
Human immunodeficiency virus 1,3LZU,017,A,200
Human immunodeficiency virus 1,3LZV,017,A,200
Human immunodeficiency virus 1,3M8P,65B,A,562
Human immunodeficiency virus 1,3M8Q,DJZ,A,562
Human immunodeficiency virus 1,3M9F,595,B,100
Human immunodeficiency virus 1,3M9F,595,A,100
Human immunodeficiency virus 1,3MEC,65B,A,561
Human immunodeficiency virus 1,3MED,65B,A,561
Human immunodeficiency virus 1,3MEE,T27,A,561
Human immunodeficiency virus 1,3MEG,T27,A,561
Human immunodeficiency virus 1,3MWS,017,B,201
Human immunodeficiency virus 1,3MXD,K53,A,200
Human immunodeficiency virus 1,3MXE,K54,A,200
Human immunodeficiency virus 1,3N3I,ROC,A,201
Human immunodeficiency virus 1,3NBP,JGZ,A,562
Human immunodeficiency virus 1,3NDT,ROC,A,101
Human immunodeficiency virus 1,3NDT,ROC,D,100
Human immunodeficiency virus 1,3NDU,ROC,A,101
Human immunodeficiency virus 1,3NDU,ROC,D,100
Human immunodeficiency virus 1,3NDW,RIT,A,100
Human immunodeficiency virus 1,3NDX,RIT,A,100
Human immunodeficiency virus 1,3NF6,IMV,A,215
Human immunodeficiency virus 1,3NF6,IMV,A,230
Human immunodeficiency virus 1,3NF6,IMV,B,216
Human immunodeficiency virus 1,3NF6,IMV,B,231
Human immunodeficiency virus 1,3NF7,CIW,A,221
Human immunodeficiency virus 1,3NF7,CIW,B,215
Human immunodeficiency virus 1,3NF8,CDQ,A,277
Human immunodeficiency virus 1,3NF8,CDQ,B,257
Human immunodeficiency virus 1,3NF8,CDQ,A,225
Human immunodeficiency virus 1,3NF8,CDQ,A,247
Human immunodeficiency virus 1,3NF8,CDQ,A,267
Human immunodeficiency virus 1,3NF8,CDQ,B,235
Human immunodeficiency virus 1,3NF9,CD9,A,220
Human immunodeficiency virus 1,3NF9,CD9,B,213
Human immunodeficiency virus 1,3NFA,CBJ,B,245
Human immunodeficiency virus 1,3NFA,CBJ,A,213
Human immunodeficiency virus 1,3NFA,CBJ,A,235
Human immunodeficiency virus 1,3NFA,CBJ,B,222
Human immunodeficiency virus 1,3NLS,016,B,100
Human immunodeficiency virus 1,3NTE,I3M,B,227
Human immunodeficiency virus 1,3NTE,I3M,A,234
Human immunodeficiency virus 1,3NU3,478,B,401
Human immunodeficiency virus 1,3NU4,478,B,401
Human immunodeficiency virus 1,3NU5,478,B,401
Human immunodeficiency virus 1,3NU6,478,B,401
Human immunodeficiency virus 1,3NU9,478,A,401
Human immunodeficiency virus 1,3NUJ,478,B,401
Human immunodeficiency virus 1,3NUO,478,B,478
Human immunodeficiency virus 1,3NWQ,2NC,A,100
Human immunodeficiency virus 1,3NWX,KVS,B,100
Human immunodeficiency virus 1,3NXE,2NC,A,204
Human immunodeficiency virus 1,3NXN,KVS,A,204
Human immunodeficiency virus 1,3NYG,2NC,A,100
Human immunodeficiency virus 1,3O99,K13,A,200
Human immunodeficiency virus 1,3O9A,K14,A,200
Human immunodeficiency virus 1,3O9B,K2A,A,200
Human immunodeficiency virus 1,3O9C,K20,A,200
Human immunodeficiency virus 1,3O9D,K19,A,200
Human immunodeficiency virus 1,3O9E,A60,A,200
Human immunodeficiency virus 1,3O9F,K2D,A,200
Human immunodeficiency virus 1,3O9G,F53,A,200
Human immunodeficiency virus 1,3O9H,K2E,B,200
Human immunodeficiency virus 1,3O9I,A61,A,200
Human immunodeficiency virus 1,3OK9,G52,A,401
Human immunodeficiency virus 1,3OVN,MPV,A,213
Human immunodeficiency virus 1,3OVN,MPV,B,213
Human immunodeficiency virus 1,3OXC,ROC,A,401
Human immunodeficiency virus 1,3OXV,478,B,200
Human immunodeficiency virus 1,3OXV,478,C,200
Human immunodeficiency virus 1,3OXV,478,A,200
Human immunodeficiency virus 1,3OXW,017,B,200
Human immunodeficiency virus 1,3OXW,017,D,200
Human immunodeficiency virus 1,3OXX,DR7,A,100
Human immunodeficiency virus 1,3OXX,DR7,C,100
Human immunodeficiency virus 1,3OY4,017,B,200
Human immunodeficiency virus 1,3P9G,ZYK,B,3
Human immunodeficiency virus 1,3P9H,ZYJ,B,3
Human immunodeficiency virus 1,3PSU,LJG,A,100
Human immunodeficiency virus 1,3PWM,017,B,402
Human immunodeficiency virus 1,3PWR,ROC,A,401
Human immunodeficiency virus 1,3QAA,G04,A,401
Human immunodeficiency virus 1,3QBF,JHG,A,100
Human immunodeficiency virus 1,3QIH,NI7,B,100
Human immunodeficiency virus 1,3QIN,P1Y,A,700
Human immunodeficiency virus 1,3QIO,QID,A,700
Human immunodeficiency virus 1,3QIP,NVP,A,561
Human immunodeficiency virus 1,3QIP,P4Y,A,900
Human immunodeficiency virus 1,3QLH,T27,A,555
Human immunodeficiency virus 1,3QN8,NI7,B,100
Human immunodeficiency virus 1,3QO9,QO9,A,556
Human immunodeficiency virus 1,3QP0,NI8,B,102
Human immunodeficiency virus 1,3QPJ,N4I,B,100
Human immunodeficiency virus 1,3QRM,NK7,A,100
Human immunodeficiency virus 1,3QRO,NK9,A,100
Human immunodeficiency virus 1,3QRS,NK8,B,100
Human immunodeficiency virus 1,3R0W,RSY,A,301
Human immunodeficiency virus 1,3R0Y,RSZ,A,301
Human immunodeficiency virus 1,3R4B,74T,A,200
Human immunodeficiency virus 1,3S43,478,A,401
Human immunodeficiency virus 1,3S53,017,B,203
Human immunodeficiency virus 1,3S53,017,A,201
Human immunodeficiency virus 1,3S54,017,B,201
Human immunodeficiency virus 1,3S56,ROC,B,101
Human immunodeficiency virus 1,3S56,ROC,A,201
Human immunodeficiency virus 1,3S85,LK0,I,101
Human immunodeficiency virus 1,3S85,LK0,E,1001
Human immunodeficiency virus 1,3S85,LK0,H,101
Human immunodeficiency virus 1,3S85,LK0,K,101
Human immunodeficiency virus 1,3S85,LK0,B,1000
Human immunodeficiency virus 1,3S85,LK0,C,101
Human immunodeficiency virus 1,3SA3,23X,B,101
Human immunodeficiency virus 1,3SA4,F72,B,200
Human immunodeficiency virus 1,3SA5,A69,B,200
Human immunodeficiency virus 1,3SA6,F71,B,200
Human immunodeficiency virus 1,3SA7,55A,A,102
Human immunodeficiency virus 1,3SA8,K83,A,200
Human immunodeficiency virus 1,3SA9,A68,A,200
Human immunodeficiency virus 1,3SAA,77F,B,200
Human immunodeficiency virus 1,3SAB,F78,B,200
Human immunodeficiency virus 1,3SAC,AF8,B,200
Human immunodeficiency virus 1,3SO9,017,A,100
Human immunodeficiency virus 1,3SPK,TPV,A,100
Human immunodeficiency virus 1,3SPK,TPV,B,100
Human immunodeficiency virus 1,3ST5,G89,B,201
Human immunodeficiency virus 1,3T11,3T1,B,101
Human immunodeficiency virus 1,3T11,3T1,A,101
Human immunodeficiency virus 1,3T19,5MA,A,561
Human immunodeficiency virus 1,3T1A,5MA,A,561
Human immunodeficiency virus 1,3T3C,017,A,201
Human immunodeficiency virus 1,3TAM,M06,A,561
Human immunodeficiency virus 1,3TGS,03G,A,507
Human immunodeficiency virus 1,3TGS,03G,B,502
Human immunodeficiency virus 1,3TH9,9Y9,B,100
Human immunodeficiency virus 1,3TH9,9Y9,A,100
Human immunodeficiency virus 1,3TKG,ROC,C,901
Human immunodeficiency virus 1,3TKG,ROC,B,801
Human immunodeficiency virus 1,3TKW,017,B,401
Human immunodeficiency virus 1,3TL9,ROC,A,401
Human immunodeficiency virus 1,3TLH,3TL,A,201
Human immunodeficiency virus 1,3TOF,076,A,100
Human immunodeficiency virus 1,3TOG,079,A,101
Human immunodeficiency virus 1,3TOG,079,D,101
Human immunodeficiency virus 1,3TOH,079,A,100
Human immunodeficiency virus 1,3TTP,017,A,201
Human immunodeficiency virus 1,3U7S,017,A,202
Human immunodeficiency virus 1,3U7S,017,A,201
Human immunodeficiency virus 1,3U91,JEF,A,34
Human immunodeficiency virus 1,3UCB,017,A,201
Human immunodeficiency virus 1,3UCB,017,B,202
Human immunodeficiency virus 1,3UF3,Y1,A,201
Human immunodeficiency virus 1,3UF3,Y1,B,202
Human immunodeficiency virus 1,3UHL,2NC,C,101
Human immunodeficiency virus 1,3V81,NVP,C,901
Human immunodeficiency virus 1,3V81,NVP,A,901
Human immunodeficiency virus 1,3VF5,031,B,201
Human immunodeficiency virus 1,3VF7,031,A,201
Human immunodeficiency virus 1,3VFA,031,A,201
Human immunodeficiency virus 1,3VFB,031,A,201
Human immunodeficiency virus 1,3VQ4,0NX,A,305
Human immunodeficiency virus 1,3VQ4,0NX,B,303
Human immunodeficiency virus 1,3VQ4,0NX,A,304
Human immunodeficiency virus 1,3VQ5,MMJ,A,1007
Human immunodeficiency virus 1,3VQ5,MMJ,B,307
Human immunodeficiency virus 1,3VQ6,BCK,A,303
Human immunodeficiency virus 1,3VQ8,BCU,B,306
Human immunodeficiency virus 1,3VQ8,BCU,A,1006
Human immunodeficiency virus 1,3VQ9,FBB,A,301
Human immunodeficiency virus 1,3VQA,MWP,B,303
Human immunodeficiency virus 1,3VQB,FBG,A,304
Human immunodeficiency virus 1,3VQC,MPK,A,304
Human immunodeficiency virus 1,3VQD,MOK,A,304
Human immunodeficiency virus 1,3VQE,FMQ,B,306
Human immunodeficiency virus 1,3VQE,FMQ,A,1006
Human immunodeficiency virus 1,3VQP,DBJ,A,306
Human immunodeficiency virus 1,3ZPS,EQM,B,1202
Human immunodeficiency virus 1,3ZPT,M8Y,B,1202
Human immunodeficiency virus 1,3ZPU,M8B,B,1202
Human immunodeficiency virus 1,4B3O,EFZ,A,1557
Human immunodeficiency virus 1,4B3Q,NVP,A,999
Human immunodeficiency virus 1,4CE9,O3N,A,1214
Human immunodeficiency virus 1,4CE9,O3N,B,1214
Human immunodeficiency virus 1,4CEA,ZSW,B,1216
Human immunodeficiency virus 1,4CEA,ZSW,A,1217
Human immunodeficiency virus 1,4CEB,ZSV,B,1215
Human immunodeficiency virus 1,4CEB,ZSV,B,1216
Human immunodeficiency virus 1,4CEC,2SS,A,1216
Human immunodeficiency virus 1,4CEC,2SS,B,1216
Human immunodeficiency virus 1,4CED,9NS,B,1215
Human immunodeficiency virus 1,4CED,9NS,B,1216
Human immunodeficiency virus 1,4CEE,B0T,A,1215
Human immunodeficiency virus 1,4CEE,B0T,B,1217
Human immunodeficiency virus 1,4CEF,D0T,A,1215
Human immunodeficiency virus 1,4CEF,D0T,B,1215
Human immunodeficiency virus 1,4CEO,G0T,A,1215
Human immunodeficiency virus 1,4CEO,G0T,B,1214
Human immunodeficiency virus 1,4CEQ,QCH,A,1215
Human immunodeficiency virus 1,4CEQ,QCH,B,1215
Human immunodeficiency virus 1,4CER,VL4,A,1215
Human immunodeficiency virus 1,4CER,VL4,B,1215
Human immunodeficiency virus 1,4CES,NFW,A,1215
Human immunodeficiency virus 1,4CES,NFW,B,1214
Human immunodeficiency virus 1,4CEZ,O3N,A,1215
Human immunodeficiency virus 1,4CEZ,O3N,B,1215
Human immunodeficiency virus 1,4CF0,O5U,A,1213
Human immunodeficiency virus 1,4CF0,O5U,B,1215
Human immunodeficiency virus 1,4CF1,IY7,A,1215
Human immunodeficiency virus 1,4CF1,IY7,B,1217
Human immunodeficiency virus 1,4CF2,3GM,A,1213
Human immunodeficiency virus 1,4CF2,3GM,B,1213
Human immunodeficiency virus 1,4CF8,V7H,B,1218
Human immunodeficiency virus 1,4CF8,V7H,A,1217
Human immunodeficiency virus 1,4CF9,EE2,A,1215
Human immunodeficiency virus 1,4CF9,5EY,A,1214
Human immunodeficiency virus 1,4CF9,EE2,B,1215
Human immunodeficiency virus 1,4CF9,5EY,B,1214
Human immunodeficiency virus 1,4CFA,WOP,B,1214
Human immunodeficiency virus 1,4CFA,WOP,A,1214
Human immunodeficiency virus 1,4CFB,OM3,A,1217
Human immunodeficiency virus 1,4CFB,OM3,B,1214
Human immunodeficiency virus 1,4CFC,7NV,A,1216
Human immunodeficiency virus 1,4CFC,7NV,B,1216
Human immunodeficiency virus 1,4CFD,S8Y,B,1215
Human immunodeficiency virus 1,4CFD,S8Y,A,1217
Human immunodeficiency virus 1,4CGD,8P3,B,1214
Human immunodeficiency virus 1,4CGD,8P3,A,1216
Human immunodeficiency virus 1,4CGF,UJ6,A,1216
Human immunodeficiency virus 1,4CGF,UJ6,B,1219
Human immunodeficiency virus 1,4CGG,K5Q,B,1217
Human immunodeficiency virus 1,4CGG,K5Q,B,1218
Human immunodeficiency virus 1,4CGH,LOZ,B,1213
Human immunodeficiency virus 1,4CGH,LOZ,A,1216
Human immunodeficiency virus 1,4CGI,NZL,B,1214
Human immunodeficiency virus 1,4CGI,NZL,A,1215
Human immunodeficiency virus 1,4CGJ,NZL,B,1214
Human immunodeficiency virus 1,4CGJ,NZL,A,1216
Human immunodeficiency virus 1,4CHN,ONZ,A,1217
Human immunodeficiency virus 1,4CHN,ONZ,B,1215
Human immunodeficiency virus 1,4CHO,U2Z,B,1218
Human immunodeficiency virus 1,4CHO,U2Z,A,1220
Human immunodeficiency virus 1,4CHP,IMV,B,1216
Human immunodeficiency virus 1,4CHP,IMV,A,1217
Human immunodeficiency virus 1,4CHP,IMV,B,1217
Human immunodeficiency virus 1,4CHP,IMV,A,1216
Human immunodeficiency virus 1,4CHQ,CWU,B,1216
Human immunodeficiency virus 1,4CHQ,CWU,A,1217
Human immunodeficiency virus 1,4CHY,C5Q,A,1217
Human immunodeficiency virus 1,4CHY,C5Q,B,1214
Human immunodeficiency virus 1,4CHY,C5Q,A,1218
Human immunodeficiency virus 1,4CHY,C5Q,B,1215
Human immunodeficiency virus 1,4CHZ,H75,A,310
Human immunodeficiency virus 1,4CIE,Y7N,A,1215
Human immunodeficiency virus 1,4CIE,Y7N,B,1217
Human immunodeficiency virus 1,4CIF,JDX,A,1216
Human immunodeficiency virus 1,4CIF,JDX,B,1217
Human immunodeficiency virus 1,4CIG,X0P,A,1217
Human immunodeficiency virus 1,4CIG,X0P,B,1217
Human immunodeficiency virus 1,4CJ3,E4F,A,1214
Human immunodeficiency virus 1,4CJ3,E4F,B,1216
Human immunodeficiency virus 1,4CJ4,S3G,B,1215
Human immunodeficiency virus 1,4CJ4,S3G,A,1217
Human immunodeficiency virus 1,4CJ5,4VW,B,1214
Human immunodeficiency virus 1,4CJ5,4VW,A,1216
Human immunodeficiency virus 1,4CJE,Q31,B,1216
Human immunodeficiency virus 1,4CJE,Q31,A,1213
Human immunodeficiency virus 1,4CJF,RVN,A,1217
Human immunodeficiency virus 1,4CJF,RVN,B,1217
Human immunodeficiency virus 1,4CJK,H39,B,1217
Human immunodeficiency virus 1,4CJK,H39,A,1215
Human immunodeficiency virus 1,4CJL,9PA,A,1216
Human immunodeficiency virus 1,4CJP,4D2,A,1215
Human immunodeficiency virus 1,4CJP,4D2,B,1214
Human immunodeficiency virus 1,4CJQ,VXO,A,1214
Human immunodeficiency virus 1,4CJQ,VXO,B,1216
Human immunodeficiency virus 1,4CJR,FYM,A,1215
Human immunodeficiency virus 1,4CJR,FYM,B,1216
Human immunodeficiency virus 1,4CJS,L0Y,B,1217
Human immunodeficiency virus 1,4CJS,L0Y,A,1217
Human immunodeficiency virus 1,4CJT,HLR,B,1215
Human immunodeficiency virus 1,4CJT,HLR,A,1215
Human immunodeficiency virus 1,4CJU,JNS,A,1217
Human immunodeficiency virus 1,4CJU,JNS,B,1214
Human immunodeficiency virus 1,4CJV,IV2,A,1212
Human immunodeficiency virus 1,4CJV,IV2,B,1215
Human immunodeficiency virus 1,4CJW,CBJ,B,1217
Human immunodeficiency virus 1,4CJW,CBJ,A,1216
Human immunodeficiency virus 1,4CJW,CBJ,B,1218
Human immunodeficiency virus 1,4CJW,CBJ,A,1215
Human immunodeficiency virus 1,4CK1,OM1,B,1218
Human immunodeficiency virus 1,4CK1,OM1,A,1216
Human immunodeficiency virus 1,4CK2,NVU,B,1216
Human immunodeficiency virus 1,4CK2,NVU,A,1215
Human immunodeficiency virus 1,4CK2,NVU,B,1217
Human immunodeficiency virus 1,4CK2,NVU,A,1216
Human immunodeficiency virus 1,4CK3,K1T,A,1213
Human immunodeficiency virus 1,4CK3,K1T,B,1216
Human immunodeficiency virus 1,4DFG,0JV,B,201
Human immunodeficiency virus 1,4DJO,MK5,A,101
Human immunodeficiency virus 1,4DJP,M73,A,200
Human immunodeficiency virus 1,4DJQ,M86,A,200
Human immunodeficiency virus 1,4DJR,0KJ,A,101
Human immunodeficiency virus 1,4DKO,0LM,C,513
Human immunodeficiency virus 1,4DKO,0LM,A,513
Human immunodeficiency virus 1,4DKP,0LL,A,513
Human immunodeficiency virus 1,4DKP,0LL,C,513
Human immunodeficiency virus 1,4DKQ,0LK,A,613
Human immunodeficiency virus 1,4DKR,0LJ,C,513
Human immunodeficiency virus 1,4DKR,0LJ,A,513
Human immunodeficiency virus 1,4DKU,0KU,A,512
Human immunodeficiency virus 1,4DKU,0KU,B,511
Human immunodeficiency virus 1,4DKV,0KW,A,513
Human immunodeficiency virus 1,4DKV,0KW,B,511
Human immunodeficiency virus 1,4DMN,0L9,A,305
Human immunodeficiency virus 1,4DQB,017,B,101
Human immunodeficiency virus 1,4DQC,017,A,101
Human immunodeficiency virus 1,4DQE,017,B,101
Human immunodeficiency virus 1,4DQF,017,B,101
Human immunodeficiency virus 1,4DQG,HGU,A,101
Human immunodeficiency virus 1,4DQH,017,B,101
Human immunodeficiency virus 1,4DVR,0LY,G,508
Human immunodeficiency virus 1,4DVS,0LY,B,512
Human immunodeficiency virus 1,4DVS,0LY,A,512
Human immunodeficiency virus 1,4DVT,0LZ,A,512
Human immunodeficiency virus 1,4DVT,0LZ,B,512
Human immunodeficiency virus 1,4DVV,0M1,A,513
Human immunodeficiency virus 1,4DVV,0M1,B,513
Human immunodeficiency virus 1,4DVW,0M4,A,512
Human immunodeficiency virus 1,4DVW,0M4,B,512
Human immunodeficiency virus 1,4DVX,0M5,A,512
Human immunodeficiency virus 1,4DVX,0M5,B,512
Human immunodeficiency virus 1,4E1M,TQ2,A,301
Human immunodeficiency virus 1,4E1N,TQX,A,301
Human immunodeficiency virus 1,4E91,0OE,A,201
Human immunodeficiency virus 1,4E91,0OF,A,202
Human immunodeficiency virus 1,4E91,0OE,B,201
Human immunodeficiency virus 1,4E92,0OG,A,202
Human immunodeficiency virus 1,4E92,0OG,B,202
Human immunodeficiency virus 1,4E92,0OE,A,201
Human immunodeficiency virus 1,4E92,0OE,B,201
Human immunodeficiency virus 1,4EJ8,1F1,A,106
Human immunodeficiency virus 1,4EJD,1F1,A,102
Human immunodeficiency virus 1,4EJK,IOP,A,101
Human immunodeficiency virus 1,4EJL,IOP,A,106
Human immunodeficiency virus 1,4EYR,RIT,B,301
Human immunodeficiency virus 1,4FE6,0TQ,A,200
Human immunodeficiency virus 1,4FL8,IL0,D,363
Human immunodeficiency virus 1,4FL8,IL0,C,263
Human immunodeficiency virus 1,4FLG,ILE,B,101
Human immunodeficiency virus 1,4G1Q,T27,A,601
Human immunodeficiency virus 1,4GB2,0LQ,B,101
Human immunodeficiency virus 1,4GVM,LF2,A,303
Human immunodeficiency virus 1,4GW6,LF2,A,303
Human immunodeficiency virus 1,4GYE,PUK,C,3
Human immunodeficiency virus 1,4GZF,DC0,C,3
Human immunodeficiency virus 1,4H4M,494,A,601
Human immunodeficiency virus 1,4H4O,506,A,601
Human immunodeficiency virus 1,4HDB,G52,A,401
Human immunodeficiency virus 1,4HDF,G52,A,401
Human immunodeficiency virus 1,4HDP,G52,B,401
Human immunodeficiency virus 1,4HE9,G52,A,401
Human immunodeficiency virus 1,4HEG,G52,A,401
Human immunodeficiency virus 1,4HLA,017,A,200
Human immunodeficiency virus 1,4HVP,2NC,B,0
Human immunodeficiency virus 1,4I2P,G73,A,601
Human immunodeficiency virus 1,4I2Q,1BT,A,601
Human immunodeficiency virus 1,4I53,1C1,B,501
Human immunodeficiency virus 1,4I53,1C1,A,501
Human immunodeficiency virus 1,4I54,1C1,A,501
Human immunodeficiency virus 1,4I54,1C1,B,501
Human immunodeficiency virus 1,4I7F,NVE,A,601
Human immunodeficiency virus 1,4I8W,G07,B,300
Human immunodeficiency virus 1,4I8Z,G08,A,101
Human immunodeficiency virus 1,4ICL,14N,A,607
Human immunodeficiency virus 1,4ICL,T27,A,601
Human immunodeficiency virus 1,4ID1,LF0,A,301
Human immunodeficiency virus 1,4ID5,1FF,A,609
Human immunodeficiency virus 1,4ID5,T27,A,601
Human immunodeficiency virus 1,4IDK,T27,A,601
Human immunodeficiency virus 1,4IDK,1FE,A,602
Human immunodeficiency virus 1,4IFV,FMQ,A,602
Human immunodeficiency virus 1,4IFV,FMQ,B,501
Human immunodeficiency virus 1,4IFV,T27,A,601
Human immunodeficiency virus 1,4IFY,1FD,A,611
Human immunodeficiency virus 1,4IFY,T27,A,601
Human immunodeficiency virus 1,4IG0,1FG,A,602
Human immunodeficiency virus 1,4IG0,1FG,A,601
Human immunodeficiency virus 1,4IG3,J94,A,609
Human immunodeficiency virus 1,4IG3,T27,A,601
Human immunodeficiency virus 1,4INB,1F6,A,201
Human immunodeficiency virus 1,4J54,G52,A,201
Human immunodeficiency virus 1,4J54,G52,B,101
Human immunodeficiency virus 1,4J55,031,A,202
Human immunodeficiency virus 1,4J55,031,A,201
Human immunodeficiency virus 1,4J5J,478,B,402
Human immunodeficiency virus 1,4J5J,478,B,401
Human immunodeficiency virus 1,4J93,0OE,A,201
Human immunodeficiency virus 1,4J93,1JR,A,202
Human immunodeficiency virus 1,4JEC,478,B,401
Human immunodeficiency virus 1,4JLH,0L9,A,301
Human immunodeficiency virus 1,4JMU,1ML,A,202
Human immunodeficiency virus 1,4K0A,1OP,R,23
Human immunodeficiency virus 1,4K4P,3TL,B,101
Human immunodeficiency virus 1,4K4Q,06B,B,103
Human immunodeficiency virus 1,4K4Q,3TL,A,108
Human immunodeficiency virus 1,4K4Q,06B,B,104
Human immunodeficiency virus 1,4K4Q,06B,B,102
Human immunodeficiency virus 1,4K4R,27B,B,102
Human immunodeficiency virus 1,4K4R,3TL,A,106
Human immunodeficiency virus 1,4K4R,27B,A,102
Human immunodeficiency virus 1,4KB9,G79,A,201
Human immunodeficiency virus 1,4KFB,T27,A,607
Human immunodeficiency virus 1,4KFB,1QP,A,601
Human immunodeficiency virus 1,4KKO,1RE,A,601
Human immunodeficiency virus 1,4KO0,JLJ,A,601
Human immunodeficiency virus 1,4KV8,1WT,A,602
Human immunodeficiency virus 1,4L1A,AB1,A,101
Human immunodeficiency virus 1,4LH5,LF0,A,301
Human immunodeficiency virus 1,4LL3,017,A,201
Human immunodeficiency virus 1,4LL3,017,A,202
Human immunodeficiency virus 1,4LSL,1YQ,A,601
Human immunodeficiency virus 1,4LSN,1YR,A,601
Human immunodeficiency virus 1,4M8X,KGQ,B,101
Human immunodeficiency virus 1,4M8X,KGQ,B,102
Human immunodeficiency virus 1,4M8Y,KGQ,A,202
Human immunodeficiency virus 1,4M8Y,KGQ,A,201
Human immunodeficiency virus 1,4MC1,526,A,102
Human immunodeficiency virus 1,4MC1,526,B,102
Human immunodeficiency virus 1,4MC2,525,A,101
Human immunodeficiency virus 1,4MC2,525,B,101
Human immunodeficiency virus 1,4MC6,23K,A,101
Human immunodeficiency virus 1,4MC9,23L,A,101
Human immunodeficiency virus 1,4MC9,23L,B,101
Human immunodeficiency virus 1,4MFB,29T,A,601
Human immunodeficiency virus 1,4NCG,2KW,A,601
Human immunodeficiency virus 1,4NJS,G08,D,500
Human immunodeficiency virus 1,4NJS,G08,B,500
Human immunodeficiency virus 1,4NJT,017,B,101
Human immunodeficiency virus 1,4NJT,017,D,101
Human immunodeficiency virus 1,4NJU,TPV,C,500
Human immunodeficiency virus 1,4NJU,TPV,A,500
Human immunodeficiency virus 1,4NJV,RIT,D,500
Human immunodeficiency virus 1,4NJV,RIT,A,500
Human immunodeficiency virus 1,4NPT,017,A,401
Human immunodeficiency virus 1,4NX4,JPR,C,204
Human immunodeficiency virus 1,4NYF,4BI,A,301
Human immunodeficiency virus 1,4O0J,LF8,A,301
Human immunodeficiency virus 1,4O44,2RS,A,601
Human immunodeficiency virus 1,4O4G,2RT,A,601
Human immunodeficiency virus 1,4O55,LF9,A,301
Human immunodeficiency virus 1,4O5B,LF9,A,301
Human immunodeficiency virus 1,4OJR,2SQ,A,301
Human immunodeficiency virus 1,4OR5,YT3,E,102
Human immunodeficiency virus 1,4OR5,YT3,B,303
Human immunodeficiency virus 1,4OR5,YT3,G,303
Human immunodeficiency virus 1,4OR5,YT3,J,101
Human immunodeficiency virus 1,4OR5,YT3,E,101
Human immunodeficiency virus 1,4OR5,YT3,F,402
Human immunodeficiency virus 1,4OR5,YT3,F,404
Human immunodeficiency virus 1,4OR5,YT3,A,401
Human immunodeficiency virus 1,4OR5,YT3,B,301
Human immunodeficiency virus 1,4OR5,YT3,A,403
Human immunodeficiency virus 1,4OR5,YT3,G,301
Human immunodeficiency virus 1,4OR5,YT3,F,401
Human immunodeficiency virus 1,4OR5,YT3,G,302
Human immunodeficiency virus 1,4OR5,YT3,B,302
Human immunodeficiency virus 1,4OR5,YT3,F,403
Human immunodeficiency virus 1,4OR5,YT3,A,402
Human immunodeficiency virus 1,4OVL,1TD,B,308
Human immunodeficiency virus 1,4OVL,1TD,A,308
Human immunodeficiency virus 1,4PHV,VAC,B,100
Human immunodeficiency virus 1,4PHV,VAC,B,101
Human immunodeficiency virus 1,4PUO,NVP,C,901
Human immunodeficiency virus 1,4PUO,NVP,A,901
Human immunodeficiency virus 1,4PWD,NVP,A,901
Human immunodeficiency virus 1,4PWD,NVP,C,901
Human immunodeficiency virus 1,4Q0B,NVP,C,901
Human immunodeficiency virus 1,4Q0B,NVP,A,901
Human immunodeficiency virus 1,4Q1W,017,A,104
Human immunodeficiency virus 1,4Q1X,017,A,101
Human immunodeficiency virus 1,4Q1Y,017,A,106
Human immunodeficiency virus 1,4Q5M,ROC,A,1101
Human immunodeficiency virus 1,4QAG,F95,B,603
Human immunodeficiency virus 1,4QAG,F95,A,603
Human immunodeficiency virus 1,4QGI,ROC,A,101
Human immunodeficiency virus 1,4QNB,1B0,A,301
Human immunodeficiency virus 1,4R5P,3JY,C,602
Human immunodeficiency virus 1,4R5P,3JY,A,602
Human immunodeficiency virus 1,4RVI,G52,C,500
Human immunodeficiency virus 1,4RVI,G52,A,500
Human immunodeficiency virus 1,4RVJ,478,B,101
Human immunodeficiency virus 1,4RVJ,478,D,101
Human immunodeficiency virus 1,4RVX,79G,D,500
Human immunodeficiency virus 1,4RVX,79G,A,500
Human immunodeficiency virus 1,4RW4,494,A,601
Human immunodeficiency virus 1,4RW6,494,A,601
Human immunodeficiency virus 1,4RW7,3X6,A,601
Human immunodeficiency virus 1,4RW8,3X6,A,601
Human immunodeficiency virus 1,4RW9,3X6,A,601
Human immunodeficiency virus 1,4RZ8,3ZM,D,512
Human immunodeficiency virus 1,4RZ8,3ZM,A,510
Human immunodeficiency virus 1,4RZ8,3ZM,C,512
Human immunodeficiency virus 1,4RZ8,3ZM,B,510
Human immunodeficiency virus 1,4TSX,LF0,A,301
Human immunodeficiency virus 1,4TVG,K97,A,101
Human immunodeficiency virus 1,4TVH,3TL,A,200
Human immunodeficiency virus 1,4TVH,K97,B,102
Human immunodeficiency virus 1,4U0E,1B0,A,302
Human immunodeficiency virus 1,4U0F,3A8,A,302
Human immunodeficiency virus 1,4U7Q,3EM,B,101
Human immunodeficiency virus 1,4U7V,3EN,B,101
Human immunodeficiency virus 1,4U8W,G10,A,201
Human immunodeficiency virus 1,4WE1,3LQ,A,601
Human immunodeficiency virus 1,4XAW,UNL,L,301
Human immunodeficiency virus 1,4XAW,UNL,H,301
Human immunodeficiency virus 1,4XBE,UNL,L,301
Human immunodeficiency virus 1,4XBE,UNL,H,301
Human immunodeficiency virus 1,4XC1,G3P,H,301
Human immunodeficiency virus 1,4XC1,G3P,H,302
Human immunodeficiency virus 1,4XC3,UNL,H,302
Human immunodeficiency virus 1,4XCF,43Y,L,302
Human immunodeficiency virus 1,4XCF,43Y,H,301
Human immunodeficiency virus 1,4XCF,43Y,L,301
Human immunodeficiency virus 1,4XCF,43Y,H,302
Human immunodeficiency virus 1,4XFZ,1B0,A,309
Human immunodeficiency virus 1,4XRQ,1B0,A,301
Human immunodeficiency virus 1,4Y1C,45F,C,5
Human immunodeficiency virus 1,4Y1D,45W,D,6
Human immunodeficiency virus 1,4YE3,Y1,B,202
Human immunodeficiency virus 1,4YE3,G04,B,201
Human immunodeficiency virus 1,4YE3,Y1,A,101
Human immunodeficiency virus 1,4YE3,Y1,A,102
Human immunodeficiency virus 1,4YE3,Y1,B,203
Human immunodeficiency virus 1,4YHQ,Y1,B,102
Human immunodeficiency virus 1,4YHQ,Y1,A,202
Human immunodeficiency virus 1,4YHQ,G10,A,201
Human immunodeficiency virus 1,4YHQ,Y1,B,101
Human immunodeficiency virus 1,4YHQ,Y1,A,203
Human immunodeficiency virus 1,4YOA,017,A,100
Human immunodeficiency virus 1,4ZIP,G64,B,201
Human immunodeficiency virus 1,4ZLS,G61,B,201
Human immunodeficiency virus 1,5AGZ,QHA,A,1101
Human immunodeficiency virus 1,5AH6,C7U,A,1101
Human immunodeficiency virus 1,5AH7,C7J,A,1101
Human immunodeficiency virus 1,5AH8,C7W,A,1101
Human immunodeficiency virus 1,5AH9,C7L,A,1101
Human immunodeficiency virus 1,5AHA,ZLP,A,1101
Human immunodeficiency virus 1,5AHB,J5L,A,1101
Human immunodeficiency virus 1,5AHC,VXL,A,1101
Human immunodeficiency virus 1,5BRY,4UY,B,201
Human immunodeficiency virus 1,5BS4,4UX,A,201
Human immunodeficiency virus 1,5C24,4XO,A,601
Human immunodeficiency virus 1,5C25,639,A,601
Human immunodeficiency virus 1,5C42,29T,A,601
Human immunodeficiency virus 1,5CMZ,P4G,A,203
Human immunodeficiency virus 1,5COK,52U,A,400
Human immunodeficiency virus 1,5CON,52W,B,101
Human immunodeficiency virus 1,5COO,52Z,B,101
Human immunodeficiency virus 1,5COP,53F,B,500
Human immunodeficiency virus 1,5CYM,T27,A,601
Human immunodeficiency virus 1,5CYQ,T27,A,601
Human immunodeficiency virus 1,5DGU,5B7,A,201
Human immunodeficiency virus 1,5DGW,5B5,A,201
Human immunodeficiency virus 1,5E5J,017,A,201
Human immunodeficiency virus 1,5E5K,017,B,201
Human immunodeficiency virus 1,5F4L,5VE,A,501
Human immunodeficiency virus 1,5F4L,5VE,B,501
Human immunodeficiency virus 1,5F4P,5VG,D,507
Human immunodeficiency virus 1,5F4P,5VG,A,501
Human immunodeficiency virus 1,5F4R,5VF,C,508
Human immunodeficiency virus 1,5F4R,5VF,A,508
Human immunodeficiency virus 1,5F4U,5VH,B,508
Human immunodeficiency virus 1,5F4U,5VH,A,507
Human immunodeficiency virus 1,5F9O,15P,G,515
Human immunodeficiency virus 1,5FA2,SCN,A,613
Human immunodeficiency virus 1,5FDL,5DV,A,601
Human immunodeficiency virus 1,5HBM,NVP,A,601
Human immunodeficiency virus 1,5HBM,F95,A,602
Human immunodeficiency virus 1,5HGL,1B0,C,301
Human immunodeficiency virus 1,5HGL,1B0,B,301
Human immunodeficiency virus 1,5HGL,1B0,D,301
Human immunodeficiency virus 1,5HGL,1B0,F,301
Human immunodeficiency virus 1,5HGL,1B0,E,301
Human immunodeficiency virus 1,5HGL,1B0,A,301
Human immunodeficiency virus 1,5HGP,BHC,A,301
Human immunodeficiency virus 1,5HLF,64A,A,602
Human immunodeficiency virus 1,5HOT,2SQ,B,301
Human immunodeficiency virus 1,5HOT,2SQ,A,301
Human immunodeficiency virus 1,5HP1,PPF,C,601
Human immunodeficiency virus 1,5HP1,PPF,A,602
Human immunodeficiency virus 1,5HRN,65P,A,306
Human immunodeficiency virus 1,5HRO,3JY,C,605
Human immunodeficiency virus 1,5HRO,3JY,A,603
Human immunodeficiency virus 1,5HRP,65P,A,310
Human immunodeficiency virus 1,5HRR,65P,A,307
Human immunodeficiency virus 1,5HRS,65P,A,306
Human immunodeficiency virus 1,5IVQ,6EH,A,101
Human immunodeficiency virus 1,5IVR,6EG,B,101
Human immunodeficiency virus 1,5IVS,6EF,B,101
Human immunodeficiency virus 1,5IVT,6EE,B,101
Human immunodeficiency virus 1,5IVT,6EE,A,102
Human immunodeficiency virus 1,5J1E,6FT,C,603
Human immunodeficiency virus 1,5J2M,6FN,A,604
Human immunodeficiency virus 1,5J2N,6FM,P,822
Human immunodeficiency virus 1,5J2P,6FM,P,901
Human immunodeficiency virus 1,5J2P,6FM,A,602
Human immunodeficiency virus 1,5J2Q,6FM,P,901
Human immunodeficiency virus 1,5J2Q,6FM,T,801
Human immunodeficiency virus 1,5JFP,6KK,B,201
Human immunodeficiency virus 1,5JFU,6KQ,B,201
Human immunodeficiency virus 1,5JG1,6KR,B,201
Human immunodeficiency virus 1,5K14,IB1,A,601
Human immunodeficiency virus 1,5KAO,G43,A,500
Human immunodeficiency virus 1,5KGW,7SK,A,304
Human immunodeficiency virus 1,5KGX,7SK,A,301
Human immunodeficiency virus 1,5KQX,ROC,A,101
Human immunodeficiency virus 1,5KQY,017,B,101
Human immunodeficiency virus 1,5KQZ,0Q4,B,101
Human immunodeficiency virus 1,5KR0,478,A,101
Human immunodeficiency virus 1,5KR1,017,B,101
Human immunodeficiency virus 1,5KR2,ROC,A,101
Human immunodeficiency virus 1,5KR2,ROC,C,101
Human immunodeficiency virus 1,5KRS,6XI,A,303
Human immunodeficiency virus 1,5KRS,6XI,A,302
Human immunodeficiency virus 1,5KRT,6W6,A,301
Human immunodeficiency virus 1,5KRT,6W6,A,302
Human immunodeficiency virus 1,5KWW,6YA,F,613
Human immunodeficiency virus 1,5OI2,9VN,A,305
Human immunodeficiency virus 1,5OI5,9VK,A,501
Human immunodeficiency virus 1,5OI8,9VN,A,302
Human immunodeficiency virus 1,5OIA,9VK,A,303
Human immunodeficiency virus 1,5T2Z,017,B,201
Human immunodeficiency virus 1,5T8H,478,B,401
Human immunodeficiency virus 1,5TER,7AY,A,601
Human immunodeficiency virus 1,5TSV,FLU,B,301
Human immunodeficiency virus 1,5TSX,FLU,H,301
Human immunodeficiency virus 1,5TSX,FLU,G,301
Human immunodeficiency virus 1,5TSX,FLU,B,301
Human immunodeficiency virus 1,5TSX,FLU,A,601
Human immunodeficiency virus 1,5TUQ,J63,A,601
Human immunodeficiency virus 1,5TW3,7N1,A,601
Human immunodeficiency virus 1,5TXM,DDS,C,601
Human immunodeficiency virus 1,5TXM,DDS,A,603
Human immunodeficiency virus 1,5TXP,DDS,C,601
Human immunodeficiency virus 1,5TXP,DDS,A,603
Human immunodeficiency virus 1,5TYR,7O7,A,400
Human immunodeficiency virus 1,5TYS,7OA,A,400
Human immunodeficiency virus 1,5U6E,82M,B,508
Human immunodeficiency virus 1,5U6E,82M,A,512
Human immunodeficiency virus 1,5U7M,83G,G,657
Human immunodeficiency virus 1,5U7O,83J,G,659
Human immunodeficiency virus 1,5UFZ,8BG,B,101
Human immunodeficiency virus 1,5ULT,8FM,B,201
Human immunodeficiency virus 1,5UOV,8FP,A,201
Human immunodeficiency virus 1,5UPZ,8HD,A,201
Human immunodeficiency virus 1,5UV5,Y55,A,603
Human immunodeficiency virus 1,5UV5,Y55,C,603
Human immunodeficiency virus 1,5V4Y,8FM,A,500
Human immunodeficiency virus 1,5V61,FRZ,I,801
Human immunodeficiency virus 1,5VCK,7GC,B,101
Human immunodeficiency virus 1,5VCK,3TL,A,100
Human immunodeficiency virus 1,5VCK,7GC,A,101
Human immunodeficiency virus 1,5VEA,3TL,A,101
Human immunodeficiency virus 1,5VEA,9AY,A,102
Human immunodeficiency virus 1,5VJ3,HV9,A,1101
Human immunodeficiency virus 1,5VQQ,9JP,A,601
Human immunodeficiency virus 1,5VQR,9KG,A,601
Human immunodeficiency virus 1,5VQS,9KD,A,601
Human immunodeficiency virus 1,5VQT,9K7,A,601
Human immunodeficiency virus 1,5VQU,9JP,A,601
Human immunodeficiency virus 1,5VQV,9J1,A,601
Human immunodeficiency virus 1,5VQW,9KD,A,601
Human immunodeficiency virus 1,5VQX,9HY,A,601
Human immunodeficiency virus 1,5VQY,9J1,A,601
Human immunodeficiency virus 1,5VQZ,9HY,A,601
Human immunodeficiency virus 1,5VZ6,9TV,A,601
Human immunodeficiency virus 1,5W5W,HV9,A,102
Human immunodeficiency virus 1,5W5W,3TL,A,101
Human immunodeficiency virus 1,5WB9,MPO,G,510
Human immunodeficiency virus 1,5WLO,GR7,B,201
Human immunodeficiency virus 1,5XN1,ET9,C,601
Human immunodeficiency virus 1,5XN1,ET9,A,601
Human immunodeficiency virus 1,5XN2,DGT,A,602
Human immunodeficiency virus 1,5XN2,DGT,C,602
Human immunodeficiency virus 1,5YOJ,8Z0,A,301
Human immunodeficiency virus 1,5YOK,8Z0,A,101
Human immunodeficiency virus 1,6AMO,D4T,A,603
Human immunodeficiency virus 1,6AMO,D4T,C,603
Human immunodeficiency virus 1,6AN2,D4T,C,603
Human immunodeficiency virus 1,6AN2,D4T,A,603
Human immunodeficiency virus 1,6AN8,D4T,C,603
Human immunodeficiency virus 1,6AN8,D4T,A,603
Human immunodeficiency virus 1,6ANQ,D4T,C,603
Human immunodeficiency virus 1,6ANQ,D4T,A,603
Human immunodeficiency virus 1,6AOC,ZW2,C,603
Human immunodeficiency virus 1,6AOC,ZW2,A,603
Human immunodeficiency virus 1,6ASW,D4T,A,603
Human immunodeficiency virus 1,6ASW,D4T,C,603
Human immunodeficiency virus 1,6AVM,D4T,A,603
Human immunodeficiency virus 1,6AVM,D4T,C,603
Human immunodeficiency virus 1,6AVT,D4T,A,603
Human immunodeficiency virus 1,6AVT,D4T,C,603
Human immunodeficiency virus 1,6AXV,1B0,A,315
Human immunodeficiency virus 1,6B36,CKD,B,101
Human immunodeficiency virus 1,6B38,CKM,B,102
Human immunodeficiency virus 1,6B38,CKM,B,101
Human immunodeficiency virus 1,6B3C,CKS,B,101
Human immunodeficiency virus 1,6B3F,CKV,B,101
Human immunodeficiency virus 1,6B3G,CKY,B,101
Human immunodeficiency virus 1,6B3G,CKY,B,102
Human immunodeficiency virus 1,6B3H,CN4,A,101
Human immunodeficiency virus 1,6B3H,CN4,B,101
Human immunodeficiency virus 1,6B4N,G53,A,201
Human immunodeficiency virus 1,6BHR,IHP,G,401
Human immunodeficiency virus 1,6BHS,IHP,A,301
Human immunodeficiency virus 1,6BHT,IHP,K,302
Human immunodeficiency virus 1,6BHT,IHP,D,301
Human immunodeficiency virus 1,6BHT,IHP,C,301
Human immunodeficiency virus 1,6BHT,IHP,K,301
Human immunodeficiency virus 1,6BSG,EFZ,A,601
Human immunodeficiency virus 1,6BSH,EFZ,A,601
Human immunodeficiency virus 1,6BSI,EFZ,A,601
Human immunodeficiency virus 1,6BSJ,EFZ,A,601
Human immunodeficiency virus 1,6BXP,KYN,C,10
Human immunodeficiency virus 1,6BZ2,7OA,B,201
Human immunodeficiency virus 1,6C0J,K5A,A,601
Human immunodeficiency virus 1,6C0K,K5A,A,601
Human immunodeficiency virus 1,6C0L,K5A,A,601
Human immunodeficiency virus 1,6C0N,K5C,A,601
Human immunodeficiency virus 1,6C0O,K5C,A,601
Human immunodeficiency virus 1,6C0P,K5C,A,601
Human immunodeficiency virus 1,6C0R,K5C,A,601
Human immunodeficiency virus 1,6C8X,BVR,A,101
Human immunodeficiency virus 1,6C8Y,BVR,A,102
Human immunodeficiency virus 1,6CDJ,GR8,A,201
Human immunodeficiency virus 1,6CDL,GR5,B,201
Human immunodeficiency virus 1,6CGF,K5A,A,601
Human immunodeficiency virus 1,6CM9,GTP,H,1001
Human immunodeficiency virus 1,6CM9,GTP,C,1001
Human immunodeficiency virus 1,6CRI,GTP,K,1001
Human immunodeficiency virus 1,6CRI,GTP,L,1001
Human immunodeficiency virus 1,6CRI,GTP,H,1001
Human immunodeficiency virus 1,6CRI,GTP,C,1001
Human immunodeficiency virus 1,6CRI,GTP,V,1001
Human immunodeficiency virus 1,6CRI,GTP,U,1001
Human immunodeficiency virus 1,6D0D,FQ4,B,400
Human immunodeficiency virus 1,6D0E,FQ1,B,500
Human immunodeficiency virus 1,6D83,GTP,H,1001
Human immunodeficiency virus 1,6D83,GTP,C,1001
Human immunodeficiency virus 1,6D84,GTP,N,1001
Human immunodeficiency virus 1,6D84,GTP,H,1001
Human immunodeficiency virus 1,6D84,GTP,I,1001
Human immunodeficiency virus 1,6D84,GTP,C,1001
Human immunodeficiency virus 1,6DB6,FCA,A,5
Human immunodeficiency virus 1,6DFF,GTP,C,1001
Human immunodeficiency virus 1,6DFF,GTP,H,1001
Human immunodeficiency virus 1,6DGX,017,A,101
Human immunodeficiency virus 1,6DGY,K13,A,103
Human immunodeficiency virus 1,6DGZ,A60,A,102
Human immunodeficiency virus 1,6DH0,017,A,101
Human immunodeficiency virus 1,6DH1,K13,A,102
Human immunodeficiency virus 1,6DH2,A60,A,102
Human immunodeficiency virus 1,6DH3,017,A,101
Human immunodeficiency virus 1,6DH4,K13,A,104
Human immunodeficiency virus 1,6DH5,A60,A,104
Human immunodeficiency virus 1,6DH6,017,A,104
Human immunodeficiency virus 1,6DH7,K13,A,103
Human immunodeficiency virus 1,6DH8,A60,A,105
Human immunodeficiency virus 1,6DIF,TPV,B,201
Human immunodeficiency virus 1,6DIL,TPV,B,201
Human immunodeficiency virus 1,6DJ1,AB1,B,201
Human immunodeficiency virus 1,6DJ2,AB1,B,201
Human immunodeficiency virus 1,6DJ5,G52,B,201
Human immunodeficiency virus 1,6DJ7,G10,B,201
Human immunodeficiency virus 1,6DTW,H9Y,A,601
Human immunodeficiency virus 1,6DTX,H9Y,A,601
Human immunodeficiency virus 1,6DUF,K5C,A,601
Human immunodeficiency virus 1,6DUG,K5C,A,601
Human immunodeficiency virus 1,6DUH,K5C,A,601
Human immunodeficiency virus 1,6DV0,GA8,B,201
Human immunodeficiency virus 1,6DV4,GA5,B,201
Human immunodeficiency virus 1,6E7J,HWY,A,201
Human immunodeficiency virus 1,6E9A,J0S,B,201
Human immunodeficiency virus 1,6EB1,J3M,A,301
Human immunodeficiency virus 1,6EB2,J3P,A,301
Human immunodeficiency virus 1,6ECL,T90,A,602
Human immunodeficiency virus 1,6ELI,T27,A,701
Human immunodeficiency virus 1,6ELI,BA5,A,702
Human immunodeficiency virus 1,6ES8,IHP,A,501
Human immunodeficiency virus 1,6G9I,CXX,B,707
Human immunodeficiency virus 1,6H09,IHP,A,501
Human immunodeficiency virus 1,6HIP,TRP,B,501
Human immunodeficiency virus 1,6IK9,DGT,F,701
Human immunodeficiency virus 1,6IK9,DGT,A,601
Human immunodeficiency virus 1,6IKA,ET9,A,601
Human immunodeficiency virus 1,6IKA,ET9,C,601
Human immunodeficiency virus 1,6IXD,B0F,B,101
Human immunodeficiency virus 1,6KDJ,1RZ,A,601
Human immunodeficiency virus 1,6KDJ,1RZ,C,601
Human immunodeficiency virus 1,6KDK,DCP,C,601
Human immunodeficiency virus 1,6KDK,DCP,A,601
Human immunodeficiency virus 1,6KDM,ET9,C,602
Human immunodeficiency virus 1,6KDM,ET9,A,603
Human immunodeficiency virus 1,6KDN,DGT,C,602
Human immunodeficiency virus 1,6KDN,DGT,A,602
Human immunodeficiency virus 1,6KDO,1RZ,E,601
Human immunodeficiency virus 1,6KDO,1RZ,C,601
Human immunodeficiency virus 1,6KMP,KVS,B,201
Human immunodeficiency virus 1,6LMI,EJ9,A,304
Human immunodeficiency virus 1,6LMQ,940,A,304
Human immunodeficiency virus 1,6MCF,RY,A,71
Human immunodeficiency virus 1,6MCF,RY,A,75
Human immunodeficiency virus 1,6MCR,JDY,A,104
Human immunodeficiency virus 1,6MCS,JDV,A,101
Human immunodeficiency virus 1,6MEO,A2G,B,401
Human immunodeficiency virus 1,6MET,A2G,B,401
Human immunodeficiency virus 1,6MK9,7O7,A,400
Human immunodeficiency virus 1,6MKL,7OA,A,400
Human immunodeficiency virus 1,6MTJ,83G,G,637
Human immunodeficiency virus 1,6MTN,JYJ,G,638
Human immunodeficiency virus 1,6MU6,JYV,G,638
Human immunodeficiency virus 1,6MU7,JYY,G,637
Human immunodeficiency virus 1,6MU8,JYS,G,637
Human immunodeficiency virus 1,6MUG,JYS,G,633
Human immunodeficiency virus 1,6NCJ,KJJ,A,305
Human immunodeficiency virus 1,6NUJ,L3D,A,300
Human immunodeficiency virus 1,6O3J,44E,H,301
Human immunodeficiency virus 1,6O3J,44E,A,301
Human immunodeficiency virus 1,6O48,0Q4,B,201
Human immunodeficiency virus 1,6O57,2NC,B,201
Human immunodeficiency virus 1,6O5A,2NC,A,201
Human immunodeficiency virus 1,6O5X,0Q4,B,101
Human immunodeficiency virus 1,6O5X,0Q4,D,101
Human immunodeficiency virus 1,6O9E,IY1,F,101
Human immunodeficiency virus 1,6O9E,IY1,E,102
Human immunodeficiency virus 1,6OE3,M9A,A,601
Human immunodeficiency virus 1,6OGL,JDV,A,103
Human immunodeficiency virus 1,6OGP,MJD,A,102
Human immunodeficiency virus 1,6OGQ,JDV,A,103
Human immunodeficiency virus 1,6OGR,7OA,A,101
Human immunodeficiency virus 1,6OGS,JDY,A,103
Human immunodeficiency virus 1,6OGT,JDY,A,102
Human immunodeficiency virus 1,6ONE,MVY,A,512
Human immunodeficiency virus 1,6ONF,MW4,A,511
Human immunodeficiency virus 1,6ONH,MWD,A,511
Human immunodeficiency virus 1,6ONV,MWA,A,511
Human immunodeficiency virus 1,6OOO,MXJ,A,511
Human immunodeficiency virus 1,6OOS,017,C,101
Human immunodeficiency virus 1,6OOS,017,A,101
Human immunodeficiency virus 1,6OOT,017,B,101
Human immunodeficiency virus 1,6OOU,017,A,101
Human immunodeficiency virus 1,6OPN,N07,E,700
Human immunodeficiency virus 1,6OPN,N07,B,700
Human immunodeficiency virus 1,6OPN,N07,H,700
Human immunodeficiency virus 1,6OPO,LMT,M,701
Human immunodeficiency virus 1,6OPO,LMT,F,701
Human immunodeficiency virus 1,6OPO,LMT,B,701
Human immunodeficiency virus 1,6OPP,LMT,B,706
Human immunodeficiency virus 1,6OPP,LMT,E,705
Human immunodeficiency virus 1,6OPP,LMT,B,701
Human immunodeficiency virus 1,6OPS,017,A,101
Human immunodeficiency virus 1,6OPT,017,A,101
Human immunodeficiency virus 1,6OPU,017,B,101
Human immunodeficiency virus 1,6OPV,017,B,101
Human immunodeficiency virus 1,6OPW,017,A,101
Human immunodeficiency virus 1,6OPX,017,B,101
Human immunodeficiency virus 1,6OPY,017,A,101
Human immunodeficiency virus 1,6OPZ,017,A,101
Human immunodeficiency virus 1,6OR7,1RY,A,601
Human immunodeficiency virus 1,6OTG,4UY,B,201
Human immunodeficiency virus 1,6OTZ,N8G,A,604
Human immunodeficiency virus 1,6OUN,1RZ,A,604
Human immunodeficiency virus 1,6OXO,NJM,A,101
Human immunodeficiency virus 1,6OXP,K2A,A,103
Human immunodeficiency virus 1,6OXQ,F53,A,101
Human immunodeficiency virus 1,6OXR,NJA,A,101
Human immunodeficiency virus 1,6OXS,NJ4,A,101
Human immunodeficiency virus 1,6OXT,NEJ,A,101
Human immunodeficiency virus 1,6OXU,NE7,A,101
Human immunodeficiency virus 1,6OXV,NF4,A,101
Human immunodeficiency virus 1,6OXW,NFJ,A,101
Human immunodeficiency virus 1,6OXX,NF7,A,101
Human immunodeficiency virus 1,6OXY,NG4,A,103
Human immunodeficiency virus 1,6OXZ,NJG,A,102
Human immunodeficiency virus 1,6OY0,NJ7,A,103
Human immunodeficiency virus 1,6OY1,NJ1,A,103
Human immunodeficiency virus 1,6OY2,NJJ,A,101
Human immunodeficiency virus 1,6OYD,NKA,A,101
Human immunodeficiency virus 1,6OYR,NJY,A,101
Human immunodeficiency virus 1,6P1I,DCP,A,602
Human immunodeficiency virus 1,6P1X,NQ4,A,603
Human immunodeficiency virus 1,6P2G,DCT,A,601
Human immunodeficiency virus 1,6P9A,017,A,101
Human immunodeficiency virus 1,6P9B,478,A,101
Human immunodeficiency virus 1,6P9N,O51,A,511
Human immunodeficiency virus 1,6PJB,AB1,A,105
Human immunodeficiency virus 1,6PJC,OR1,C,101
Human immunodeficiency virus 1,6PJC,OR1,A,101
Human immunodeficiency virus 1,6PJD,OQY,A,101
Human immunodeficiency virus 1,6PJE,OPJ,A,101
Human immunodeficiency virus 1,6PJF,OP7,A,101
Human immunodeficiency virus 1,6PJG,ORV,A,101
Human immunodeficiency virus 1,6PJH,OQG,A,101
Human immunodeficiency virus 1,6PJI,OO4,A,101
Human immunodeficiency virus 1,6PJK,OQD,A,101
Human immunodeficiency virus 1,6PJL,OQA,A,101
Human immunodeficiency virus 1,6PJM,OQV,B,101
Human immunodeficiency virus 1,6PJN,OQP,B,101
Human immunodeficiency virus 1,6PJO,OQ7,A,101
Human immunodeficiency virus 1,6PRF,Y1,A,103
Human immunodeficiency virus 1,6PRF,7OA,B,101
Human immunodeficiency virus 1,6PRF,Y1,B,106
Human immunodeficiency virus 1,6PRF,Y1,B,105
Human immunodeficiency virus 1,6PRF,Y1,A,102
Human immunodeficiency virus 1,6PRF,Y1,A,101
Human immunodeficiency virus 1,6PRF,Y1,B,103
Human immunodeficiency virus 1,6PRF,Y1,B,102
Human immunodeficiency virus 1,6PRF,Y1,A,104
Human immunodeficiency virus 1,6PRF,Y1,B,104
Human immunodeficiency virus 1,6PTP,KVS,B,301
Human immunodeficiency virus 1,6PU8,P3V,B,201
Human immunodeficiency virus 1,6PUW,KLQ,A,304
Human immunodeficiency virus 1,6PUY,OZ1,A,304
Human immunodeficiency virus 1,6PUZ,XXJ,A,304
Human immunodeficiency virus 1,6R8C,5MY,A,301
Human immunodeficiency virus 1,6SND,PSF,H,301
Human immunodeficiency virus 1,6U7O,Q1D,B,201
Human immunodeficiency virus 1,6U7P,B4R,A,201
Human immunodeficiency virus 1,6U8Q,DLU,C,303
Human immunodeficiency virus 1,6U8Q,DLU,A,303
Human immunodeficiency virus 1,6UIR,1RY,A,601
Human immunodeficiency virus 1,6UIS,DCP,A,601
Human immunodeficiency virus 1,6UIT,DCP,A,601
Human immunodeficiency virus 1,6UJX,1RY,A,604
Human immunodeficiency virus 1,6UJY,1RZ,A,601
Human immunodeficiency virus 1,6UJZ,N8G,A,604
Human immunodeficiency virus 1,6UL5,QAG,A,601
Human immunodeficiency virus 1,6UM8,QCG,B,303
Human immunodeficiency virus 1,6UM8,QCG,A,305
Human immunodeficiency virus 1,6USW,O51,A,511
Human immunodeficiency virus 1,6UT1,5VG,A,511
Human immunodeficiency virus 1,6UWB,QJY,A,400
Human immunodeficiency virus 1,6UWC,QK1,B,400
Human immunodeficiency virus 1,6V2F,QNG,C,300
Human immunodeficiency virus 1,6V2F,QNG,A,300
Human immunodeficiency virus 1,6V2F,QNG,D,300
Human immunodeficiency virus 1,6V2F,QNG,E,300
Human immunodeficiency virus 1,6V2F,QNG,B,300
Human immunodeficiency virus 1,6V2F,QNG,F,300
Human immunodeficiency virus 1,6V3K,QUW,A,304
Human immunodeficiency virus 1,6V4T,QOJ,A,801
Human immunodeficiency virus 1,6V4T,QOJ,B,801
Human immunodeficiency virus 1,6V4T,QOJ,C,801
Human immunodeficiency virus 1,6VCE,G6R,B,201
Human immunodeficiency virus 1,6VDK,DLU,C,303
Human immunodeficiency virus 1,6VDK,DLU,A,303
Human immunodeficiency virus 1,6VKA,QZV,A,303
Human immunodeficiency virus 1,6VKC,R0J,F,610
Human immunodeficiency virus 1,6VKD,R0P,F,601
Human immunodeficiency virus 1,6VKE,R0S,F,602
Human immunodeficiency virus 1,6VKV,QNG,B,301
Human immunodeficiency virus 1,6VKV,QNG,C,301
Human immunodeficiency virus 1,6VKV,QNG,A,301
Human immunodeficiency virus 1,6VLH,R2A,B,308
Human immunodeficiency virus 1,6VLM,R2D,A,301
Human immunodeficiency virus 1,6VLM,R2D,B,301
Human immunodeficiency virus 1,6VLM,R2D,B,302
Human immunodeficiency virus 1,6VOD,T1R,B,201
Human immunodeficiency virus 1,6VOE,T2R,B,201
Human immunodeficiency virus 1,6VPX,44E,L,301
Human immunodeficiency virus 1,6VPX,44E,O,301
Human immunodeficiency virus 1,6VPX,44E,N,301
Human immunodeficiency virus 1,6VQS,R7J,A,308
Human immunodeficiency virus 1,6VQY,ARG,C,301
Human immunodeficiency virus 1,6VQY,ARG,C,302
Human immunodeficiency virus 1,6VQY,ARG,A,301
Human immunodeficiency virus 1,6VQZ,ARG,C,301
Human immunodeficiency virus 1,6VQZ,ARG,A,301
Human immunodeficiency virus 1,6VX2,RQG,A,308
Human immunodeficiency virus 1,6W0U,S0Y,A,301
Human immunodeficiency virus 1,6W42,SJY,A,307
Human immunodeficiency virus 1,6W6T,TK7,A,103
Human immunodeficiency virus 1,6WC8,TQM,A,301
Human immunodeficiency virus 1,6WE7,TXM,A,308
Human immunodeficiency virus 1,6WPF,D4M,P,901
Human immunodeficiency virus 1,6WPF,D4T,A,603
Human immunodeficiency virus 1,6WPH,DGP,T,902
Human immunodeficiency virus 1,6WPJ,D4T,A,601
Human immunodeficiency virus 1,6X47,7AX,A,601
Human immunodeficiency virus 1,6X49,7AX,A,601
Human immunodeficiency virus 1,6X4A,7AY,A,601
Human immunodeficiency virus 1,6X4B,UMY,A,601
Human immunodeficiency virus 1,6X4C,UNS,A,601
Human immunodeficiency virus 1,6X4D,UO4,A,601
Human immunodeficiency virus 1,6X4E,UMV,A,601
Human immunodeficiency virus 1,6X4F,UMV,A,601
Human immunodeficiency virus 1,6X5B,UOV,K,702
Human immunodeficiency virus 1,6X5B,UOV,E,702
Human immunodeficiency virus 1,6X5B,UOV,B,702
Human immunodeficiency virus 1,6X5C,UOV,G,800
Human immunodeficiency virus 1,6X5C,UOV,F,800
Human immunodeficiency virus 1,6X5C,UOV,B,800
Human immunodeficiency virus 1,7AHX,REK,C,603
Human immunodeficiency virus 1,7AHX,REK,A,603
Human immunodeficiency virus 1,7AID,REK,C,601
Human immunodeficiency virus 1,7AIF,RE5,C,603
Human immunodeficiency virus 1,7AIF,RE5,A,603
Human immunodeficiency virus 1,7AIG,RE5,C,601
Human immunodeficiency virus 1,7AII,RFE,A,603
Human immunodeficiency virus 1,7AII,RFE,C,603
Human immunodeficiency virus 1,7AIJ,RFE,C,601
Human immunodeficiency virus 1,7D83,GZ9,A,304
Human immunodeficiency virus 1,7DBM,DGT,C,601
Human immunodeficiency virus 1,7DBM,DGT,A,601
Human immunodeficiency virus 1,7DBN,DCP,C,601
Human immunodeficiency virus 1,7DBN,DCP,A,601
Human immunodeficiency virus 1,7DOZ,1UN,A,1101
Human immunodeficiency virus 1,7DOZ,1UN,A,1102
Human immunodeficiency virus 1,7DT9,ROC,A,1101
Human immunodeficiency virus 1,7E1I,IHP,E,201
Human immunodeficiency virus 1,7E1I,IHP,L,201
Human immunodeficiency virus 1,7E1I,IHP,C,201
Human immunodeficiency virus 1,7E1I,IHP,B,201
Human immunodeficiency virus 1,7E1I,IHP,J,201
Human immunodeficiency virus 1,7E1I,IHP,G,201
Human immunodeficiency virus 1,7E1I,IHP,F,201
Human immunodeficiency virus 1,7E1I,IHP,A,201
Human immunodeficiency virus 1,7E1I,IHP,I,201
Human immunodeficiency virus 1,7E1I,IHP,K,201
Human immunodeficiency virus 1,7E1I,IHP,D,201
Human immunodeficiency virus 1,7E1I,IHP,E,202
Human immunodeficiency virus 1,7E1J,IHP,C,201
Human immunodeficiency virus 1,7E1J,IHP,E,201
Human immunodeficiency virus 1,7E1J,IHP,B,201
Human immunodeficiency virus 1,7E1J,IHP,D,201
Human immunodeficiency virus 1,7E1J,IHP,F,201
Human immunodeficiency virus 1,7E1J,IHP,A,201
Human immunodeficiency virus 1,7E1K,IHP,A,201
Human immunodeficiency virus 1,7E1K,IHP,B,201
Human immunodeficiency virus 1,7HVP,JG3,C,4
Human immunodeficiency virus 1,7KE0,WBV,A,301
Human immunodeficiency virus 1,7KJW,EFZ,A,602
Human immunodeficiency virus 1,7KJX,NVP,A,602
Human immunodeficiency virus 1,7KRC,X2J,A,601
Human immunodeficiency virus 1,7KRD,X2S,A,601
Human immunodeficiency virus 1,7KRE,X2V,A,701
Human immunodeficiency virus 1,7KRF,X2G,A,601
Human immunodeficiency virus 1,7KWU,K7F,A,608
Human immunodeficiency virus 1,7L1P,R2A,A,301
Human immunodeficiency virus 1,7L23,XFS,A,308
Human immunodeficiency virus 1,7LDY,DJR,A,104
Human immunodeficiency virus 1,7LDZ,065,A,101
Human immunodeficiency virus 1,7LE0,XUY,A,104
Human immunodeficiency virus 1,7LE1,K14,A,103
Human immunodeficiency virus 1,7LE2,K20,A,101
Human immunodeficiency virus 1,7LE3,K19,A,101
Human immunodeficiency virus 1,7LE4,K2D,A,106
Human immunodeficiency virus 1,7LE5,K2E,A,105
Human immunodeficiency virus 1,7LE6,A61,A,101
Human immunodeficiency virus 1,7LE7,KGQ,A,104
Human immunodeficiency virus 1,7LE8,XUM,A,101
Human immunodeficiency virus 1,7LE9,XUP,A,102
Human immunodeficiency virus 1,7LEA,XUS,A,104
Human immunodeficiency virus 1,7LEB,XUV,A,103
Human immunodeficiency virus 1,7LEC,XVP,B,101
Human immunodeficiency virus 1,7LED,XVM,A,103
Human immunodeficiency virus 1,7LEE,XVJ,A,101
Human immunodeficiency virus 1,7LEF,XVS,A,106
Human immunodeficiency virus 1,7LEG,XVY,A,105
Human immunodeficiency virus 1,7LEH,XW4,A,101
Human immunodeficiency virus 1,7LEI,XVV,A,101
Human immunodeficiency virus 1,7LO6,5VG,E,609
Human immunodeficiency virus 1,7LO6,5VG,C,609
Human immunodeficiency virus 1,7LO6,5VG,A,609
Human immunodeficiency virus 1,7LPW,YBA,A,605
Human immunodeficiency virus 1,7LPX,YB7,A,603
Human immunodeficiency virus 1,7LQP,YAV,B,309
Human immunodeficiency virus 1,7LQU,YBD,A,601
Human immunodeficiency virus 1,7LRI,TTP,C,602
Human immunodeficiency virus 1,7LRI,TTP,A,601
Human immunodeficiency virus 1,7LRM,DCP,C,604
Human immunodeficiency virus 1,7LRM,DCP,A,603
Human immunodeficiency virus 1,7LRX,1S0,C,602
Human immunodeficiency virus 1,7LRX,1S0,A,602
Human immunodeficiency virus 1,7LRY,1RY,A,606
Human immunodeficiency virus 1,7LRY,1RY,C,604
Human immunodeficiency virus 1,7LSK,XRF,A,605
Human immunodeficiency virus 1,7LSK,XRF,C,603
Human immunodeficiency virus 1,7M9F,YTG,A,300
Human immunodeficiency virus 1,7M9G,NF7,A,101
Human immunodeficiency virus 1,7M9H,NJG,A,101
Human immunodeficiency virus 1,7M9I,NJ1,A,101
Human immunodeficiency virus 1,7M9J,YWM,A,104
Human immunodeficiency virus 1,7M9K,YWP,A,105
Human immunodeficiency virus 1,7M9L,YTY,A,101
Human immunodeficiency virus 1,7M9M,YWS,B,101
Human immunodeficiency virus 1,7M9N,YWM,A,101
Human immunodeficiency virus 1,7M9O,YWP,A,104
Human immunodeficiency virus 1,7M9P,YWS,A,106
Human immunodeficiency virus 1,7M9Q,YUM,A,101
Human immunodeficiency virus 1,7M9R,YUP,A,101
Human immunodeficiency virus 1,7M9S,YUJ,A,101
Human immunodeficiency virus 1,7M9T,YUD,A,101
Human immunodeficiency virus 1,7M9U,YUA,A,101
Human immunodeficiency virus 1,7M9V,YUJ,A,101
Human immunodeficiency virus 1,7M9W,YUD,A,101
Human immunodeficiency virus 1,7M9X,YUA,A,101
Human immunodeficiency virus 1,7M9Z,DJR,A,106
Human immunodeficiency virus 1,7MA0,NJM,A,105
Human immunodeficiency virus 1,7MA1,065,A,107
Human immunodeficiency virus 1,7MA2,XUY,A,101
Human immunodeficiency virus 1,7MA3,K14,A,103
Human immunodeficiency virus 1,7MA4,K2A,A,102
Human immunodeficiency virus 1,7MA5,K20,A,104
Human immunodeficiency virus 1,7MA6,K19,A,104
Human immunodeficiency virus 1,7MA7,K2D,A,103
Human immunodeficiency virus 1,7MA8,F53,A,103
Human immunodeficiency virus 1,7MA9,K2E,A,104
Human immunodeficiency virus 1,7MAA,A61,A,103
Human immunodeficiency virus 1,7MAB,KGQ,A,105
Human immunodeficiency virus 1,7MAC,XUM,A,101
Human immunodeficiency virus 1,7MAD,XUP,A,101
Human immunodeficiency virus 1,7MAE,XUS,A,101
Human immunodeficiency virus 1,7MAF,XUV,A,102
Human immunodeficiency virus 1,7MAG,XVP,A,104
Human immunodeficiency virus 1,7MAH,XVM,A,103
Human immunodeficiency virus 1,7MAI,XVJ,A,101
Human immunodeficiency virus 1,7MAJ,TK7,A,103
Human immunodeficiency virus 1,7MAK,XVS,A,106
Human immunodeficiency virus 1,7MAL,XVY,A,101
Human immunodeficiency virus 1,7MAN,XW4,A,103
Human immunodeficiency virus 1,7MAO,XVV,A,101
Human immunodeficiency virus 1,7MAP,017,A,101
Human immunodeficiency virus 1,7MAQ,017,B,101
Human immunodeficiency virus 1,7MAR,017,C,101
Human immunodeficiency virus 1,7MAR,017,A,101
Human immunodeficiency virus 1,7MAS,017,C,101
Human immunodeficiency virus 1,7MAS,017,A,101
Human immunodeficiency virus 1,7MKC,1B0,A,300
Human immunodeficiency virus 1,7MYP,G04,B,401
Human immunodeficiency virus 1,7MYY,7OA,A,101
Human immunodeficiency virus 1,7N6U,83G,A,905
Human immunodeficiency virus 1,7N6U,83G,C,902
Human immunodeficiency virus 1,7N6U,83G,B,902
Human immunodeficiency virus 1,7N6V,478,A,201
Human immunodeficiency virus 1,7N6W,83G,B,903
Human immunodeficiency virus 1,7N6W,83G,C,903
Human immunodeficiency virus 1,7N6W,83G,A,904
Human immunodeficiency virus 1,7N6X,478,B,201
Human immunodeficiency virus 1,7OT6,1I4,A,601
Human immunodeficiency virus 1,7OTA,1I1,A,601
Human immunodeficiency virus 1,7OTK,1IA,A,601
Human immunodeficiency virus 1,7OTN,1IH,C,601
Human immunodeficiency virus 1,7OTN,1IH,A,601
Human immunodeficiency virus 1,7OTX,1IK,A,602
Human immunodeficiency virus 1,7OTZ,1IO,A,602
Human immunodeficiency virus 1,7OUT,1KK,A,602
Human immunodeficiency virus 1,7OVR,PIO,H,202
Human immunodeficiency virus 1,7OVR,PIO,O,202
Human immunodeficiency virus 1,7OVR,PIO,j,202
Human immunodeficiency virus 1,7OVR,PIO,J,202
Human immunodeficiency virus 1,7OVR,PIO,F,202
Human immunodeficiency virus 1,7OVR,PIO,R,202
Human immunodeficiency virus 1,7OVR,PIO,l,202
Human immunodeficiency virus 1,7OVR,PIO,e,202
Human immunodeficiency virus 1,7OVR,PIO,P,202
Human immunodeficiency virus 1,7OVR,PIO,Y,202
Human immunodeficiency virus 1,7OVR,PIO,d,202
Human immunodeficiency virus 1,7OVR,PIO,C,202
Human immunodeficiency virus 1,7OVR,PIO,b,202
Human immunodeficiency virus 1,7OVR,PIO,I,202
Human immunodeficiency virus 1,7OVR,PIO,f,202
Human immunodeficiency virus 1,7OVR,PIO,A,202
Human immunodeficiency virus 1,7OVR,PIO,c,202
Human immunodeficiency virus 1,7OVR,PIO,U,202
Human immunodeficiency virus 1,7OVR,PIO,Q,202
Human immunodeficiency virus 1,7OVR,PIO,W,202
Human immunodeficiency virus 1,7OVR,PIO,D,202
Human immunodeficiency virus 1,7OVR,PIO,E,202
Human immunodeficiency virus 1,7OVR,PIO,S,202
Human immunodeficiency virus 1,7OVR,PIO,B,202
Human immunodeficiency virus 1,7OXQ,2NU,C,601
Human immunodeficiency virus 1,7OZ5,3IR,F,901
Human immunodeficiency virus 1,7OZW,3IR,A,601
Human immunodeficiency virus 1,7P15,4OI,F,101
Human immunodeficiency virus 1,7R7P,2I4,I,301
Human immunodeficiency virus 1,7R7P,IHP,G,301
Human immunodeficiency virus 1,7R7Q,IHP,G,301
Human immunodeficiency virus 1,7RHN,QNG,C,301
Human immunodeficiency virus 1,7RJ2,QNG,C,301
Human immunodeficiency virus 1,7RJ4,QNG,A,301
Human immunodeficiency virus 1,7RJ4,QNG,B,301
Human immunodeficiency virus 1,7RJ4,QNG,C,301
Human immunodeficiency virus 1,7RMJ,61F,B,301
Human immunodeficiency virus 1,7RMJ,61F,C,301
Human immunodeficiency virus 1,7RMJ,61F,A,301
Human immunodeficiency virus 1,7RQ0,6I2,B,305
Human immunodeficiency virus 1,7SIA,9I4,A,301
Human immunodeficiency virus 1,7SIF,BTB,C,101
Human immunodeficiency virus 1,7SLR,9QI,A,4000
Human immunodeficiency virus 1,7SLS,9PJ,A,601
Human immunodeficiency virus 1,7SNL,9VI,A,301
Human immunodeficiency virus 1,7SNN,9WW,A,304
Human immunodeficiency virus 1,7SNP,9UV,A,601
Human immunodeficiency virus 1,7SNQ,IHP,K,301
Human immunodeficiency virus 1,7SNQ,IHP,G,301
Human immunodeficiency virus 1,7SNQ,IHP,E,301
Human immunodeficiency virus 1,7SNQ,IHP,B,301
Human immunodeficiency virus 1,7SNZ,9WI,A,601
Human immunodeficiency virus 1,7SO1,9W3,A,601
Human immunodeficiency virus 1,7SO2,9W3,A,601
Human immunodeficiency virus 1,7SO3,9W3,A,601
Human immunodeficiency virus 1,7SO4,M9A,A,601
Human immunodeficiency virus 1,7SO6,M9A,A,601
Human immunodeficiency virus 1,7T9H,GE7,B,302
Human immunodeficiency virus 1,7T9H,GE7,A,302
Human immunodeficiency virus 1,7T9O,GEI,A,304
Human immunodeficiency virus 1,7TAZ,VM5,A,601
Human immunodeficiency virus 1,7TJO,I6Q,B,501
Human immunodeficiency virus 1,7TJO,I6Q,D,501
Human immunodeficiency virus 1,7TJO,I6Q,C,501
Human immunodeficiency virus 1,7TJO,I6Q,A,501
Human immunodeficiency virus 1,7TJP,I6M,A,510
Human immunodeficiency virus 1,7TJP,I6M,B,509
Human immunodeficiency virus 1,7TJP,I6M,D,509
Human immunodeficiency virus 1,7TJP,I6M,C,509
Human immunodeficiency virus 1,7TO5,G8R,B,201
Human immunodeficiency virus 1,7TO6,G77,B,201
Human immunodeficiency virus 1,7U2U,KZD,A,301
Human immunodeficiency virus 1,7U5Z,LE8,A,601
Human immunodeficiency virus 1,7UE1,7OA,B,301
Human immunodeficiency virus 1,7UOQ,O20,A,301
Human immunodeficiency virus 1,7UPJ,INU,A,100
Human immunodeficiency virus 1,7URN,IHP,A,401
Human immunodeficiency virus 1,7URN,IHP,A,402
Human immunodeficiency virus 1,7URT,IHP,A,402
Human immunodeficiency virus 1,7URT,IHP,A,401
Human immunodeficiency virus 1,7WBS,8LT,B,101
Human immunodeficiency virus 1,7WCE,8Z3,A,303
Human immunodeficiency virus 1,7XIS,E58,A,203
Human immunodeficiency virus 1,7XIT,E6I,A,205
Human immunodeficiency virus 1,7XIU,E81,A,203
Human immunodeficiency virus 1,7XJ4,E9B,A,205
Human immunodeficiency virus 1,7XJ5,ECW,A,201
Human immunodeficiency virus 1,7XJ7,EGI,A,205
Human immunodeficiency virus 1,7Z24,NVP,A,901
Human immunodeficiency virus 1,7Z29,NVP,A,901
Human immunodeficiency virus 1,7Z2D,T27,A,601
Human immunodeficiency virus 1,7Z2E,T27,A,601
Human immunodeficiency virus 1,7Z2G,2KW,A,601
Human immunodeficiency virus 1,7Z2H,2KW,A,601
Human immunodeficiency virus 1,7ZUD,IHP,A,501
Human immunodeficiency virus 1,7ZUD,IHP,A,502
Human immunodeficiency virus 1,8A1P,LF0,B,604
Human immunodeficiency virus 1,8A1P,LF0,D,304
Human immunodeficiency virus 1,8A1Q,WBV,D,1301
Human immunodeficiency virus 1,8A1Q,WBV,B,308
Human immunodeficiency virus 1,8BUV,723,B,306
Human immunodeficiency virus 1,8BUV,723,D,303
Human immunodeficiency virus 1,8BV2,RWR,A,301
Human immunodeficiency virus 1,8CBR,RWR,B,501
Human immunodeficiency virus 1,8CBR,RWR,A,501
Human immunodeficiency virus 1,8CBS,U5L,D,301
Human immunodeficiency virus 1,8CBS,U5L,B,605
Human immunodeficiency virus 1,8CBT,W2Q,B,801
Human immunodeficiency virus 1,8CBT,W2Q,D,801
Human immunodeficiency virus 1,8CBU,U60,D,601
Human immunodeficiency virus 1,8CBU,U60,B,505
Human immunodeficiency virus 1,8CBV,U5S,D,501
Human immunodeficiency virus 1,8CBV,U5S,B,506
Human immunodeficiency virus 1,8CCW,ALY,B,50
Human immunodeficiency virus 1,8CT7,L3D,A,301
Human immunodeficiency virus 1,8CTA,L3D,B,301
Human immunodeficiency virus 1,8CTA,L3D,J,301
Human immunodeficiency virus 1,8CTA,L3D,F,502
Human immunodeficiency virus 1,8CTA,L3D,N,301
Human immunodeficiency virus 1,8CTA,L3D,M,301
Human immunodeficiency virus 1,8CTA,L3D,E,301
Human immunodeficiency virus 1,8CTA,L3D,I,301
Human immunodeficiency virus 1,8CTA,L3D,A,301
Human immunodeficiency virus 1,8CZZ,83J,E,607
Human immunodeficiency virus 1,8CZZ,83J,I,607
Human immunodeficiency virus 1,8CZZ,83J,A,601
Human immunodeficiency virus 1,8D3S,QD6,A,301
Human immunodeficiency virus 1,8D9R,GTP,P,1001
Human immunodeficiency virus 1,8D9R,GTP,6,1001
Human immunodeficiency virus 1,8D9R,GTP,J,1001
Human immunodeficiency virus 1,8D9R,GTP,O,1001
Human immunodeficiency virus 1,8D9R,GTP,Q,1001
Human immunodeficiency virus 1,8D9R,GTP,K,1001
Human immunodeficiency virus 1,8D9R,GTP,d,1001
Human immunodeficiency virus 1,8D9R,GTP,7,1001
Human immunodeficiency virus 1,8D9R,GTP,Z,1001
Human immunodeficiency virus 1,8D9R,GTP,3,1001
Human immunodeficiency virus 1,8D9R,GTP,5,1001
Human immunodeficiency virus 1,8D9R,GTP,a,1001
Human immunodeficiency virus 1,8D9R,GTP,C,1001
Human immunodeficiency virus 1,8D9R,GTP,4,1001
Human immunodeficiency virus 1,8D9R,GTP,b,1001
Human immunodeficiency virus 1,8D9R,GTP,c,1001
Human immunodeficiency virus 1,8D9R,GTP,H,1001
Human immunodeficiency virus 1,8D9R,GTP,X,1001
Human immunodeficiency virus 1,8D9S,GTP,K,1001
Human immunodeficiency virus 1,8D9S,GTP,d,1001
Human immunodeficiency virus 1,8D9S,GTP,C,1001
Human immunodeficiency virus 1,8D9S,GTP,J,1001
Human immunodeficiency virus 1,8D9S,GTP,a,1001
Human immunodeficiency virus 1,8D9S,GTP,4,1001
Human immunodeficiency virus 1,8D9S,GTP,b,1001
Human immunodeficiency virus 1,8D9S,GTP,5,1001
Human immunodeficiency virus 1,8D9S,GTP,c,1001
Human immunodeficiency virus 1,8D9S,GTP,Q,1001
Human immunodeficiency virus 1,8D9S,GTP,H,1001
Human immunodeficiency virus 1,8D9S,GTP,Z,1001
Human immunodeficiency virus 1,8D9S,GTP,7,1001
Human immunodeficiency virus 1,8D9S,GTP,P,1001
Human immunodeficiency virus 1,8D9S,GTP,6,1001
Human immunodeficiency virus 1,8D9S,GTP,3,1001
Human immunodeficiency virus 1,8D9S,GTP,O,1001
Human immunodeficiency virus 1,8D9S,GTP,X,1001
Human immunodeficiency virus 1,8DCH,G52,A,201
Human immunodeficiency virus 1,8DCQ,R5K,A,511
Human immunodeficiency virus 1,8DX2,V06,B,505
Human immunodeficiency virus 1,8DX2,V06,A,608
Human immunodeficiency virus 1,8DX2,T27,A,601
Human immunodeficiency virus 1,8DX2,V06,B,506
Human immunodeficiency virus 1,8DX2,V06,A,609
Human immunodeficiency virus 1,8DX3,4JH,A,701
Human immunodeficiency virus 1,8DX3,T27,A,702
Human immunodeficiency virus 1,8DX8,W15,A,601
Human immunodeficiency virus 1,8DX8,T27,A,602
Human immunodeficiency virus 1,8DXB,FIC,A,902
Human immunodeficiency virus 1,8DXB,FIC,A,901
Human immunodeficiency virus 1,8DXB,T27,A,903
Human immunodeficiency virus 1,8DXE,0IF,A,601
Human immunodeficiency virus 1,8DXE,T27,A,602
Human immunodeficiency virus 1,8DXG,U4D,A,601
Human immunodeficiency virus 1,8DXG,T27,A,602
Human immunodeficiency virus 1,8DXH,T27,A,602
Human immunodeficiency virus 1,8DXH,JBQ,A,601
Human immunodeficiency virus 1,8DXI,FMQ,A,609
Human immunodeficiency virus 1,8DXI,FMQ,B,505
Human immunodeficiency virus 1,8DXI,T27,A,601
Human immunodeficiency virus 1,8DXJ,T27,A,601
Human immunodeficiency virus 1,8DXJ,U43,A,608
Human immunodeficiency virus 1,8DXK,T27,A,601
Human immunodeficiency virus 1,8DXL,T27,A,601
Human immunodeficiency virus 1,8DXM,T27,A,602
Human immunodeficiency virus 1,8DXM,BML,A,601
Human immunodeficiency virus 1,8EEP,IHP,A,402
Human immunodeficiency virus 1,8EEP,IHP,A,401
Human immunodeficiency virus 1,8EET,IHP,A,402
Human immunodeficiency virus 1,8EET,IHP,A,401
Human immunodeficiency virus 1,8ESX,X7B,B,203
Human immunodeficiency virus 1,8ESY,X7B,B,201
Human immunodeficiency virus 1,8F0F,X7H,B,201
Human immunodeficiency virus 1,8F22,XBQ,C,300
Human immunodeficiency virus 1,8F22,XBQ,A,300
Human immunodeficiency virus 1,8F22,XBQ,B,300
Human immunodeficiency virus 1,8F22,XBQ,D,300
Human immunodeficiency virus 1,8F22,XBQ,F,300
Human immunodeficiency virus 1,8F22,XBQ,E,300
Human immunodeficiency virus 1,8FAD,83G,A,601
Human immunodeficiency virus 1,8FAD,83G,C,601
Human immunodeficiency virus 1,8FAD,83G,E,601
Human immunodeficiency virus 1,8FE8,XRB,A,601
Human immunodeficiency virus 1,8FFX,XU9,A,602
Human immunodeficiency virus 1,8FIU,Y05,C,303
Human immunodeficiency virus 1,8FIU,Y05,A,304
Human immunodeficiency virus 1,8FIU,Y05,B,303
Human immunodeficiency virus 1,8FLY,5VG,B,507
Human immunodeficiency virus 1,8FLY,5VG,D,507
Human immunodeficiency virus 1,8FLY,5VG,C,507
Human immunodeficiency virus 1,8FLY,5VG,A,507
Human immunodeficiency virus 1,8FLZ,7IT,D,507
Human immunodeficiency virus 1,8FLZ,7IT,C,507
Human immunodeficiency virus 1,8FLZ,7IT,A,507
Human immunodeficiency virus 1,8FLZ,7IT,B,507
Human immunodeficiency virus 1,8FM0,Y1O,B,507
Human immunodeficiency virus 1,8FM0,Y1O,D,507
Human immunodeficiency virus 1,8FM0,Y1O,C,507
Human immunodeficiency virus 1,8FM0,Y1O,A,507
Human immunodeficiency virus 1,8FM2,Y1X,D,507
Human immunodeficiency virus 1,8FM2,Y1X,C,507
Human immunodeficiency virus 1,8FM2,Y1X,A,507
Human immunodeficiency virus 1,8FM2,Y1X,B,507
Human immunodeficiency virus 1,8FM3,Y26,D,507
Human immunodeficiency virus 1,8FM3,Y26,C,507
Human immunodeficiency virus 1,8FM3,Y26,A,507
Human immunodeficiency virus 1,8FM3,Y26,B,507
Human immunodeficiency virus 1,8FM4,Y2K,C,507
Human immunodeficiency virus 1,8FM4,Y2K,A,507
Human immunodeficiency virus 1,8FM4,Y2K,B,507
Human immunodeficiency virus 1,8FM4,Y2K,D,507
Human immunodeficiency virus 1,8FM5,Y2E,A,507
Human immunodeficiency virus 1,8FM5,Y2E,B,507
Human immunodeficiency virus 1,8FM5,Y2E,D,507
Human immunodeficiency virus 1,8FM5,Y2E,C,507
Human immunodeficiency virus 1,8FM7,Y2O,C,507
Human immunodeficiency virus 1,8FM7,Y2O,B,507
Human immunodeficiency virus 1,8FM7,Y2O,D,507
Human immunodeficiency virus 1,8FM7,Y2O,A,507
Human immunodeficiency virus 1,8FM8,Y1T,B,507
Human immunodeficiency virus 1,8FM8,Y1T,D,507
Human immunodeficiency virus 1,8FM8,Y1T,C,507
Human immunodeficiency virus 1,8FM8,Y1T,A,507
Human immunodeficiency virus 1,8FN7,DLU,A,304
Human immunodeficiency virus 1,8FN7,DLU,G,304
Human immunodeficiency virus 1,8FND,DLU,A,304
Human immunodeficiency virus 1,8FND,DLU,G,304
Human immunodeficiency virus 1,8FNG,DLU,A,304
Human immunodeficiency virus 1,8FNG,DLU,G,304
Human immunodeficiency virus 1,8FNH,DLU,G,304
Human immunodeficiency virus 1,8FNH,DLU,A,304
Human immunodeficiency virus 1,8FNJ,DLU,G,304
Human immunodeficiency virus 1,8FNJ,DLU,A,304
Human immunodeficiency virus 1,8FNL,DLU,F,101
Human immunodeficiency virus 1,8FNL,DLU,L,101
Human immunodeficiency virus 1,8FNM,DLU,G,304
Human immunodeficiency virus 1,8FNM,DLU,A,304
Human immunodeficiency virus 1,8FNN,DLU,F,101
Human immunodeficiency virus 1,8FNN,DLU,G,304
Human immunodeficiency virus 1,8FNO,DLU,F,101
Human immunodeficiency virus 1,8FNO,DLU,L,101
Human immunodeficiency virus 1,8FNP,DLU,F,101
Human immunodeficiency virus 1,8FNP,DLU,L,101
Human immunodeficiency virus 1,8FNQ,OZ1,A,301
Human immunodeficiency virus 1,8FNQ,OZ1,G,301
Human immunodeficiency virus 1,8FUI,Y9R,A,201
Human immunodeficiency virus 1,8FUJ,Y9N,B,201
Human immunodeficiency virus 1,8FYM,1HC,J,701
Human immunodeficiency virus 1,8FYM,1HC,I,302
Human immunodeficiency virus 1,8FYM,1HC,B,301
Human immunodeficiency virus 1,8G8D,F,L,304
Human immunodeficiency virus 1,8GCZ,YZI,A,513
Human immunodeficiency virus 1,8GD0,Z3F,A,513
Human immunodeficiency virus 1,8GD1,Z1I,A,511
Human immunodeficiency virus 1,8GD3,Z1Z,A,512
Human immunodeficiency virus 1,8GD5,Z2O,A,512
Human immunodeficiency virus 1,8GDJ,Z6F,A,513
Human immunodeficiency virus 1,8GDK,Z7N,A,514
Human immunodeficiency virus 1,8GDV,IHP,A,302
Human immunodeficiency virus 1,8GDV,IHP,A,301
Human immunodeficiency virus 1,8GJT,ZNF,A,511
Human immunodeficiency virus 1,8HVP,LOV,I,5
Human immunodeficiency virus 1,8JYH,V96,A,203
Human immunodeficiency virus 1,8JYI,V9O,A,203
Human immunodeficiency virus 1,8JYJ,VA9,A,203
Human immunodeficiency virus 1,8QUB,WVZ,A,301
Human immunodeficiency virus 1,8QUH,AJ2,A,301
Human immunodeficiency virus 1,8QUI,XXL,A,301
Human immunodeficiency virus 1,8QUJ,WWR,A,405
Human immunodeficiency virus 1,8QUK,WVU,A,303
Human immunodeficiency virus 1,8QUL,3IP,A,301
Human immunodeficiency virus 1,8QUW,WZR,A,301
Human immunodeficiency virus 1,8QUX,S0I,A,302
Human immunodeficiency virus 1,8QUY,X0L,A,301
Human immunodeficiency virus 1,8QV1,X0H,A,301
Human immunodeficiency virus 1,8QV4,WZX,A,303
Human immunodeficiency virus 1,8QV9,WZL,A,301
Human immunodeficiency virus 1,8QVA,WZ9,A,303
Human immunodeficiency virus 1,8S9Q,WBV,A,301
Human immunodeficiency virus 1,8STP,29T,A,601
Human immunodeficiency virus 1,8STQ,3LQ,A,601
Human immunodeficiency virus 1,8STR,7N1,A,601
Human immunodeficiency virus 1,8STS,7N1,C,601
Human immunodeficiency virus 1,8STS,7N1,A,601
Human immunodeficiency virus 1,8STT,29T,C,602
Human immunodeficiency virus 1,8STT,29T,A,602
Human immunodeficiency virus 1,8STU,H9Y,A,602
Human immunodeficiency virus 1,8STV,3LQ,C,603
Human immunodeficiency virus 1,8STV,3LQ,A,604
Human immunodeficiency virus 1,8T52,QD6,A,301
Human immunodeficiency virus 1,8T5A,WBV,A,301
Human immunodeficiency virus 1,8T5B,QD6,A,301
Human immunodeficiency virus 1,8T5B,QD6,B,301
Human immunodeficiency virus 1,8TOV,J6U,G,301
Human immunodeficiency virus 1,8TOV,J6U,I,301
Human immunodeficiency virus 1,8TOV,J6U,A,301
Human immunodeficiency virus 1,8TOV,J6U,H,301
Human immunodeficiency virus 1,8TOV,J6U,D,301
Human immunodeficiency virus 1,8TOV,J6U,B,301
Human immunodeficiency virus 1,8TOV,J6U,J,301
Human immunodeficiency virus 1,8TOV,J6U,F,301
Human immunodeficiency virus 1,8TOV,J6U,K,301
Human immunodeficiency virus 1,8TOV,J6U,L,301
Human immunodeficiency virus 1,8TOV,J6U,C,301
Human immunodeficiency virus 1,8TOV,J6U,E,301
Human immunodeficiency virus 1,8TQP,K3L,D,301
Human immunodeficiency virus 1,8TQP,K3L,E,301
Human immunodeficiency virus 1,8TQP,K3L,F,301
Human immunodeficiency virus 1,8TQP,K3L,H,301
Human immunodeficiency virus 1,8TQP,K3L,C,301
Human immunodeficiency virus 1,8TQP,K3L,B,301
Human immunodeficiency virus 1,8TQP,K3L,J,301
Human immunodeficiency virus 1,8TQP,K3L,G,301
Human immunodeficiency virus 1,8TQP,K3L,K,301
Human immunodeficiency virus 1,8TQP,K3L,I,301
Human immunodeficiency virus 1,8TQP,K3L,A,301
Human immunodeficiency virus 1,8TQP,K3L,L,301
Human immunodeficiency virus 1,8TTW,83J,I,605
Human immunodeficiency virus 1,8TTW,83J,A,605
Human immunodeficiency virus 1,8TTW,83J,E,605
Human immunodeficiency virus 1,8U69,VQ0,A,601
Human immunodeficiency virus 1,8U6A,VQK,A,601
Human immunodeficiency virus 1,8U6B,VTN,A,601
Human immunodeficiency virus 1,8U6C,VWU,A,601
Human immunodeficiency virus 1,8U6D,VTS,A,601
Human immunodeficiency virus 1,8U6E,VTV,A,601
Human immunodeficiency virus 1,8U6F,VU8,A,601
Human immunodeficiency virus 1,8U6G,VVE,A,601
Human immunodeficiency virus 1,8U6H,VVE,A,601
Human immunodeficiency virus 1,8U6H,VVE,C,601
Human immunodeficiency virus 1,8U6I,VVN,A,601
Human immunodeficiency virus 1,8U6J,VR9,A,601
Human immunodeficiency virus 1,8U6K,VRF,A,601
Human immunodeficiency virus 1,8U6L,VRQ,A,601
Human immunodeficiency virus 1,8U6M,VW2,A,601
Human immunodeficiency virus 1,8U6N,VWK,A,601
Human immunodeficiency virus 1,8U6O,VWB,A,601
Human immunodeficiency virus 1,8U6P,VOI,A,601
Human immunodeficiency virus 1,8U6Q,VOU,A,601
Human immunodeficiency virus 1,8U6R,VP2,A,601
Human immunodeficiency virus 1,8U6S,VPB,A,601
Human immunodeficiency virus 1,8U6T,VO8,A,601
Human immunodeficiency virus 1,8W09,DLU,I,304
Human immunodeficiency virus 1,8W09,DLU,A,304
Human immunodeficiency virus 1,8W2R,DLU,I,304
Human immunodeficiency virus 1,8W2R,DLU,A,304
Human immunodeficiency virus 1,8W34,DLU,I,302
Human immunodeficiency virus 1,8W34,DLU,A,302
Human immunodeficiency virus 1,8X1Z,XTE,C,602
Human immunodeficiency virus 1,8X1Z,XTE,A,603
Human immunodeficiency virus 1,8X20,XTE,C,601
Human immunodeficiency virus 1,8X20,XTE,A,601
Human immunodeficiency virus 1,8X21,ET9,C,601
Human immunodeficiency virus 1,8X21,ET9,A,601
Human immunodeficiency virus 1,8X22,DGT,A,601
Human immunodeficiency virus 1,8X22,DGT,C,601
Human immunodeficiency virus 1,9C9M,DLU,O,101
Human immunodeficiency virus 1,9C9M,DLU,F,101
Human immunodeficiency virus 1,9CTX,017,A,101
Human immunodeficiency virus 1,9HVP,0E9,A,100
Human papillomavirus,5W1O,IDS,O,2
Human papillomavirus,5W1O,JHM,N,1
Human papillomavirus,5W1O,IDS,M,2
Human papillomavirus,5W1O,JHM,L,1
Human papillomavirus,5W1O,IDS,H,2
Human papillomavirus,5W1O,JHM,M,1
Human papillomavirus,5W1O,IDS,P,2
Human papillomavirus,5W1O,IDS,G,6
Human papillomavirus,5W1O,IDS,G,2
Human papillomavirus,5W1O,JHM,O,1
Human papillomavirus,5W1O,IDS,J,2
Human papillomavirus,5W1O,IDS,F,2
Human papillomavirus,5W1O,IDS,G,4
Human papillomavirus,5W1O,IDS,K,2
Human papillomavirus,5W1O,JHM,H,1
Human papillomavirus,5W1O,IDS,N,2
Human papillomavirus,5W1O,IDS,I,2
Human papillomavirus,5W1O,JHM,J,1
Human papillomavirus,5W1O,JHM,P,1
Human papillomavirus,5W1O,JHM,G,1
Human papillomavirus,5W1O,JHM,F,1
Human papillomavirus,5W1O,IDS,L,2
Human papillomavirus,5W1O,JHM,K,1
Human papillomavirus,5W1O,JHM,I,1
Human papillomavirus,5W1O,JHM,G,5
Human papillomavirus,5W1O,JHM,G,3
Human papillomavirus 11,1R6N,ALQ,A,1113
Human papillomavirus 11,1R6N,434,A,1112
Human papillomavirus 11,1R6N,434,A,1111
Human papillomavirus 16,8B87,SDY,A,901
Human papillomavirus 18,5W1X,JHM,R,3
Human papillomavirus 18,5W1X,JHM,Y,1
Human papillomavirus 18,5W1X,IDS,f,10
Human papillomavirus 18,5W1X,JHM,p,1
Human papillomavirus 18,5W1X,IDS,U,2
Human papillomavirus 18,5W1X,IDS,o,2
Human papillomavirus 18,5W1X,IDS,R,4
Human papillomavirus 18,5W1X,IDS,V,2
Human papillomavirus 18,5W1X,IDS,X,2
Human papillomavirus 18,5W1X,IDS,g,2
Human papillomavirus 18,5W1X,JHM,e,5
Human papillomavirus 18,5W1X,IDS,c,4
Human papillomavirus 18,5W1X,IDS,e,2
Human papillomavirus 18,5W1X,JHM,m,1
Human papillomavirus 18,5W1X,IDS,p,4
Human papillomavirus 18,5W1X,JHM,f,1
Human papillomavirus 18,5W1X,JHM,Q,1
Human papillomavirus 18,5W1X,JHM,W,1
Human papillomavirus 18,5W1X,JHM,X,1
Human papillomavirus 18,5W1X,IDS,s,2
Human papillomavirus 18,5W1X,JHM,l,1
Human papillomavirus 18,5W1X,JHM,o,1
Human papillomavirus 18,5W1X,JHM,f,3
Human papillomavirus 18,5W1X,IDS,h,2
Human papillomavirus 18,5W1X,JHM,V,1
Human papillomavirus 18,5W1X,JHM,Q,3
Human papillomavirus 18,5W1X,IDS,T,2
Human papillomavirus 18,5W1X,IDS,P,2
Human papillomavirus 18,5W1X,JHM,e,1
Human papillomavirus 18,5W1X,JHM,c,3
Human papillomavirus 18,5W1X,JHM,r,1
Human papillomavirus 18,5W1X,IDS,q,2
Human papillomavirus 18,5W1X,IDS,V,4
Human papillomavirus 18,5W1X,IDS,X,4
Human papillomavirus 18,5W1X,IDS,g,4
Human papillomavirus 18,5W1X,JHM,d,1
Human papillomavirus 18,5W1X,IDS,i,2
Human papillomavirus 18,5W1X,IDS,S,2
Human papillomavirus 18,5W1X,IDS,e,6
Human papillomavirus 18,5W1X,JHM,p,3
Human papillomavirus 18,5W1X,IDS,n,2
Human papillomavirus 18,5W1X,IDS,b,2
Human papillomavirus 18,5W1X,JHM,h,1
Human papillomavirus 18,5W1X,IDS,e,4
Human papillomavirus 18,5W1X,IDS,f,8
Human papillomavirus 18,5W1X,JHM,T,1
Human papillomavirus 18,5W1X,IDS,f,2
Human papillomavirus 18,5W1X,IDS,Z,2
Human papillomavirus 18,5W1X,IDS,Q,2
Human papillomavirus 18,5W1X,JHM,g,1
Human papillomavirus 18,5W1X,IDS,W,2
Human papillomavirus 18,5W1X,IDS,j,2
Human papillomavirus 18,5W1X,IDS,a,2
Human papillomavirus 18,5W1X,JHM,n,1
Human papillomavirus 18,5W1X,JHM,X,3
Human papillomavirus 18,5W1X,IDS,h,4
Human papillomavirus 18,5W1X,JHM,b,1
Human papillomavirus 18,5W1X,JHM,i,1
Human papillomavirus 18,5W1X,JHM,V,3
Human papillomavirus 18,5W1X,JHM,e,3
Human papillomavirus 18,5W1X,JHM,s,1
Human papillomavirus 18,5W1X,IDS,b,4
Human papillomavirus 18,5W1X,JHM,R,1
Human papillomavirus 18,5W1X,IDS,f,6
Human papillomavirus 18,5W1X,JHM,h,3
Human papillomavirus 18,5W1X,JHM,q,1
Human papillomavirus 18,5W1X,JHM,U,1
Human papillomavirus 18,5W1X,IDS,R,2
Human papillomavirus 18,5W1X,IDS,f,4
Human papillomavirus 18,5W1X,IDS,Q,4
Human papillomavirus 18,5W1X,JHM,S,1
Human papillomavirus 18,5W1X,JHM,f,7
Human papillomavirus 18,5W1X,IDS,l,2
Human papillomavirus 18,5W1X,JHM,k,1
Human papillomavirus 18,5W1X,IDS,c,2
Human papillomavirus 18,5W1X,JHM,g,3
Human papillomavirus 18,5W1X,IDS,r,2
Human papillomavirus 18,5W1X,IDS,d,2
Human papillomavirus 18,5W1X,IDS,Y,2
Human papillomavirus 18,5W1X,IDS,k,2
Human papillomavirus 18,5W1X,IDS,p,2
Human papillomavirus 18,5W1X,JHM,b,3
Human papillomavirus 18,5W1X,JHM,j,1
Human papillomavirus 18,5W1X,JHM,Z,1
Human papillomavirus 18,5W1X,JHM,P,1
Human papillomavirus 18,5W1X,JHM,c,1
Human papillomavirus 18,5W1X,JHM,f,9
Human papillomavirus 18,5W1X,JHM,f,5
Human papillomavirus 18,5W1X,IDS,m,2
Human papillomavirus 18,5W1X,JHM,a,1
Human papillomavirus 18,6ZFG,FSC,A,302
Human papillomavirus 18,6ZFG,FSC,B,301
Human papillomavirus 6,1R6N,ALQ,A,1113
Human papillomavirus 6,1R6N,434,A,1112
Human papillomavirus 6,1R6N,434,A,1111
Human papillomavirus type 16,8B87,SDY,A,901
Severe acute respiratory syndrome coronavirus 2,5R7Y,JFM,A,1001
Severe acute respiratory syndrome coronavirus 2,5R7Z,HWH,A,404
Severe acute respiratory syndrome coronavirus 2,5R80,RZG,A,404
Severe acute respiratory syndrome coronavirus 2,5R81,RZJ,A,1001
Severe acute respiratory syndrome coronavirus 2,5R82,RZS,A,1001
Severe acute respiratory syndrome coronavirus 2,5R83,K0G,A,404
Severe acute respiratory syndrome coronavirus 2,5R84,GWS,A,1001
Severe acute respiratory syndrome coronavirus 2,5RE4,SZY,A,404
Severe acute respiratory syndrome coronavirus 2,5RE5,T0J,A,404
Severe acute respiratory syndrome coronavirus 2,5RE6,O0S,A,404
Severe acute respiratory syndrome coronavirus 2,5RE7,T0S,A,404
Severe acute respiratory syndrome coronavirus 2,5RE8,T0V,A,404
Severe acute respiratory syndrome coronavirus 2,5RE9,LPZ,A,404
Severe acute respiratory syndrome coronavirus 2,5REA,JGP,A,404
Severe acute respiratory syndrome coronavirus 2,5REB,T0Y,A,404
Severe acute respiratory syndrome coronavirus 2,5REC,T1J,A,404
Severe acute respiratory syndrome coronavirus 2,5RED,JJG,A,404
Severe acute respiratory syndrome coronavirus 2,5REE,T1M,A,404
Severe acute respiratory syndrome coronavirus 2,5REF,6SU,A,404
Severe acute respiratory syndrome coronavirus 2,5REG,LWA,A,404
Severe acute respiratory syndrome coronavirus 2,5REH,AWP,A,404
Severe acute respiratory syndrome coronavirus 2,5REI,T1S,A,404
Severe acute respiratory syndrome coronavirus 2,5REJ,T1V,A,404
Severe acute respiratory syndrome coronavirus 2,5REK,T1Y,A,404
Severe acute respiratory syndrome coronavirus 2,5REL,T2G,A,404
Severe acute respiratory syndrome coronavirus 2,5REM,T2J,A,404
Severe acute respiratory syndrome coronavirus 2,5REN,T2V,A,404
Severe acute respiratory syndrome coronavirus 2,5REO,T2Y,A,404
Severe acute respiratory syndrome coronavirus 2,5REP,T3G,A,404
Severe acute respiratory syndrome coronavirus 2,5RER,T3J,A,404
Severe acute respiratory syndrome coronavirus 2,5RES,T3V,A,404
Severe acute respiratory syndrome coronavirus 2,5RET,T47,A,404
Severe acute respiratory syndrome coronavirus 2,5REU,T4D,A,404
Severe acute respiratory syndrome coronavirus 2,5REV,T4J,A,404
Severe acute respiratory syndrome coronavirus 2,5REW,T4M,A,404
Severe acute respiratory syndrome coronavirus 2,5REX,T4V,A,404
Severe acute respiratory syndrome coronavirus 2,5REY,T4Y,A,404
Severe acute respiratory syndrome coronavirus 2,5REZ,T54,A,404
Severe acute respiratory syndrome coronavirus 2,5RF0,T5D,A,404
Severe acute respiratory syndrome coronavirus 2,5RF1,T5G,A,404
Severe acute respiratory syndrome coronavirus 2,5RF2,HVB,A,404
Severe acute respiratory syndrome coronavirus 2,5RF3,T5V,A,404
Severe acute respiratory syndrome coronavirus 2,5RF4,T5Y,A,404
Severe acute respiratory syndrome coronavirus 2,5RF5,HV2,A,404
Severe acute respiratory syndrome coronavirus 2,5RF6,NTG,A,404
Severe acute respiratory syndrome coronavirus 2,5RF7,T67,A,404
Severe acute respiratory syndrome coronavirus 2,5RF8,SFY,A,404
Severe acute respiratory syndrome coronavirus 2,5RF9,S7D,A,404
Severe acute respiratory syndrome coronavirus 2,5RFA,JGY,A,403
Severe acute respiratory syndrome coronavirus 2,5RFB,K3S,A,404
Severe acute respiratory syndrome coronavirus 2,5RFC,K1Y,A,404
Severe acute respiratory syndrome coronavirus 2,5RFD,T6J,A,404
Severe acute respiratory syndrome coronavirus 2,5RFE,JGG,A,404
Severe acute respiratory syndrome coronavirus 2,5RFF,T6M,A,404
Severe acute respiratory syndrome coronavirus 2,5RFG,T6V,A,404
Severe acute respiratory syndrome coronavirus 2,5RFH,T6Y,A,404
Severe acute respiratory syndrome coronavirus 2,5RFI,T71,A,404
Severe acute respiratory syndrome coronavirus 2,5RFJ,T7A,A,404
Severe acute respiratory syndrome coronavirus 2,5RFK,T7D,A,404
Severe acute respiratory syndrome coronavirus 2,5RFL,T7G,A,404
Severe acute respiratory syndrome coronavirus 2,5RFM,T7J,A,404
Severe acute respiratory syndrome coronavirus 2,5RFN,T7P,A,404
Severe acute respiratory syndrome coronavirus 2,5RFO,T7S,A,404
Severe acute respiratory syndrome coronavirus 2,5RFP,T7V,A,404
Severe acute respiratory syndrome coronavirus 2,5RFQ,T7Y,A,404
Severe acute respiratory syndrome coronavirus 2,5RFR,T81,A,404
Severe acute respiratory syndrome coronavirus 2,5RFS,T84,A,405
Severe acute respiratory syndrome coronavirus 2,5RFT,T8A,A,404
Severe acute respiratory syndrome coronavirus 2,5RFU,T8D,A,405
Severe acute respiratory syndrome coronavirus 2,5RFV,T8J,A,404
Severe acute respiratory syndrome coronavirus 2,5RFW,T8M,A,405
Severe acute respiratory syndrome coronavirus 2,5RFX,T8P,A,404
Severe acute respiratory syndrome coronavirus 2,5RFY,T8S,A,404
Severe acute respiratory syndrome coronavirus 2,5RFZ,T8V,A,404
Severe acute respiratory syndrome coronavirus 2,5RG0,T8Y,A,405
Severe acute respiratory syndrome coronavirus 2,5RG1,T9J,A,404
Severe acute respiratory syndrome coronavirus 2,5RG2,T9M,A,404
Severe acute respiratory syndrome coronavirus 2,5RG3,T9P,A,405
Severe acute respiratory syndrome coronavirus 2,5RGG,NZD,A,404
Severe acute respiratory syndrome coronavirus 2,5RGH,U0M,A,404
Severe acute respiratory syndrome coronavirus 2,5RGI,U0P,A,404
Severe acute respiratory syndrome coronavirus 2,5RGJ,U0S,A,404
Severe acute respiratory syndrome coronavirus 2,5RGK,U0V,A,404
Severe acute respiratory syndrome coronavirus 2,5RGL,U0Y,A,404
Severe acute respiratory syndrome coronavirus 2,5RGM,U1D,A,404
Severe acute respiratory syndrome coronavirus 2,5RGN,U1A,A,404
Severe acute respiratory syndrome coronavirus 2,5RGO,U1G,A,404
Severe acute respiratory syndrome coronavirus 2,5RGP,U1M,A,404
Severe acute respiratory syndrome coronavirus 2,5RGQ,U1V,A,403
Severe acute respiratory syndrome coronavirus 2,5RGR,K1G,A,404
Severe acute respiratory syndrome coronavirus 2,5RGR,K1G,A,403
Severe acute respiratory syndrome coronavirus 2,5RGS,S7V,A,404
Severe acute respiratory syndrome coronavirus 2,5RGT,UHS,A,405
Severe acute respiratory syndrome coronavirus 2,5RGU,UGD,A,1001
Severe acute respiratory syndrome coronavirus 2,5RGV,UGG,A,1001
Severe acute respiratory syndrome coronavirus 2,5RGW,UGM,A,1001
Severe acute respiratory syndrome coronavirus 2,5RGX,UGP,A,1001
Severe acute respiratory syndrome coronavirus 2,5RGY,UGS,A,1001
Severe acute respiratory syndrome coronavirus 2,5RGZ,UH1,A,1001
Severe acute respiratory syndrome coronavirus 2,5RH0,UH4,A,1001
Severe acute respiratory syndrome coronavirus 2,5RH1,UGV,A,1001
Severe acute respiratory syndrome coronavirus 2,5RH2,UH7,A,1001
Severe acute respiratory syndrome coronavirus 2,5RH3,UHA,A,1001
Severe acute respiratory syndrome coronavirus 2,5RH4,UHG,A,1001
Severe acute respiratory syndrome coronavirus 2,5RH5,UHV,A,1001
Severe acute respiratory syndrome coronavirus 2,5RH6,UHY,A,405
Severe acute respiratory syndrome coronavirus 2,5RH7,UJ1,A,405
Severe acute respiratory syndrome coronavirus 2,5RH8,UHM,A,405
Severe acute respiratory syndrome coronavirus 2,5RH9,UJ4,A,405
Severe acute respiratory syndrome coronavirus 2,5RHA,T8M,A,1001
Severe acute respiratory syndrome coronavirus 2,5RHB,USD,A,406
Severe acute respiratory syndrome coronavirus 2,5RHC,USA,A,1001
Severe acute respiratory syndrome coronavirus 2,5RHD,US7,A,408
Severe acute respiratory syndrome coronavirus 2,5RHE,UPD,A,1001
Severe acute respiratory syndrome coronavirus 2,5RHF,UPJ,A,405
Severe acute respiratory syndrome coronavirus 2,5RL0,VEG,A,1001
Severe acute respiratory syndrome coronavirus 2,5RL1,VEJ,A,1001
Severe acute respiratory syndrome coronavirus 2,5RL2,VEM,A,1001
Severe acute respiratory syndrome coronavirus 2,5RL3,VEP,A,405
Severe acute respiratory syndrome coronavirus 2,5RL4,VEV,A,405
Severe acute respiratory syndrome coronavirus 2,5RL5,VEY,A,405
Severe acute respiratory syndrome coronavirus 2,5RL6,LJA,B,701
Severe acute respiratory syndrome coronavirus 2,5RL7,VVD,A,701
Severe acute respiratory syndrome coronavirus 2,5RL7,VVD,B,701
Severe acute respiratory syndrome coronavirus 2,5RL8,VVG,B,702
Severe acute respiratory syndrome coronavirus 2,5RL8,VVG,B,701
Severe acute respiratory syndrome coronavirus 2,5RL9,UR7,B,701
Severe acute respiratory syndrome coronavirus 2,5RLB,VVJ,A,701
Severe acute respiratory syndrome coronavirus 2,5RLC,VVM,B,701
Severe acute respiratory syndrome coronavirus 2,5RLD,VVY,B,701
Severe acute respiratory syndrome coronavirus 2,5RLE,VVP,B,701
Severe acute respiratory syndrome coronavirus 2,5RLF,NY7,A,701
Severe acute respiratory syndrome coronavirus 2,5RLG,VW1,B,701
Severe acute respiratory syndrome coronavirus 2,5RLH,K2P,B,701
Severe acute respiratory syndrome coronavirus 2,5RLI,JFM,B,701
Severe acute respiratory syndrome coronavirus 2,5RLI,JFM,B,702
Severe acute respiratory syndrome coronavirus 2,5RLI,JFM,A,701
Severe acute respiratory syndrome coronavirus 2,5RLJ,VW4,B,701
Severe acute respiratory syndrome coronavirus 2,5RLK,NYV,B,701
Severe acute respiratory syndrome coronavirus 2,5RLL,H04,B,701
Severe acute respiratory syndrome coronavirus 2,5RLM,VW7,B,701
Severe acute respiratory syndrome coronavirus 2,5RLN,NZG,A,701
Severe acute respiratory syndrome coronavirus 2,5RLO,UQS,B,701
Severe acute respiratory syndrome coronavirus 2,5RLP,VWA,B,701
Severe acute respiratory syndrome coronavirus 2,5RLQ,UVA,A,701
Severe acute respiratory syndrome coronavirus 2,5RLR,VWD,B,701
Severe acute respiratory syndrome coronavirus 2,5RLS,VWG,A,701
Severe acute respiratory syndrome coronavirus 2,5RLT,UVJ,B,701
Severe acute respiratory syndrome coronavirus 2,5RLU,JG4,A,701
Severe acute respiratory syndrome coronavirus 2,5RLU,JG4,B,701
Severe acute respiratory syndrome coronavirus 2,5RLV,VWJ,A,702
Severe acute respiratory syndrome coronavirus 2,5RLV,VWJ,B,701
Severe acute respiratory syndrome coronavirus 2,5RLV,VWJ,A,701
Severe acute respiratory syndrome coronavirus 2,5RLW,S9S,A,701
Severe acute respiratory syndrome coronavirus 2,5RLW,S9S,B,701
Severe acute respiratory syndrome coronavirus 2,5RLY,K34,B,702
Severe acute respiratory syndrome coronavirus 2,5RLY,K34,A,701
Severe acute respiratory syndrome coronavirus 2,5RLY,K34,B,701
Severe acute respiratory syndrome coronavirus 2,5RLZ,VWM,B,701
Severe acute respiratory syndrome coronavirus 2,5RM0,S7G,B,701
Severe acute respiratory syndrome coronavirus 2,5RM1,RY4,B,701
Severe acute respiratory syndrome coronavirus 2,5RM2,UXG,B,702
Severe acute respiratory syndrome coronavirus 2,5RM2,UXG,B,701
Severe acute respiratory syndrome coronavirus 2,5RM3,S7J,B,701
Severe acute respiratory syndrome coronavirus 2,5RM4,PK4,A,701
Severe acute respiratory syndrome coronavirus 2,5RM5,NUA,B,701
Severe acute respiratory syndrome coronavirus 2,5RM6,HR5,B,701
Severe acute respiratory syndrome coronavirus 2,5RM7,N0E,B,701
Severe acute respiratory syndrome coronavirus 2,5RM8,GQJ,A,701
Severe acute respiratory syndrome coronavirus 2,5RM9,EJQ,B,701
Severe acute respiratory syndrome coronavirus 2,5RMA,JHJ,B,701
Severe acute respiratory syndrome coronavirus 2,5RMB,VWV,A,701
Severe acute respiratory syndrome coronavirus 2,5RMC,6SU,B,701
Severe acute respiratory syndrome coronavirus 2,5RMD,VWY,A,701
Severe acute respiratory syndrome coronavirus 2,5RMD,VWY,B,701
Severe acute respiratory syndrome coronavirus 2,5RME,RYM,B,701
Severe acute respiratory syndrome coronavirus 2,5RMF,NX7,A,701
Severe acute respiratory syndrome coronavirus 2,5RMG,MUK,B,701
Severe acute respiratory syndrome coronavirus 2,5RMH,VX4,A,701
Severe acute respiratory syndrome coronavirus 2,5RMI,STV,A,701
Severe acute respiratory syndrome coronavirus 2,5RMJ,JOV,B,701
Severe acute respiratory syndrome coronavirus 2,5RMK,O2A,B,701
Severe acute respiratory syndrome coronavirus 2,5RML,VXD,A,701
Severe acute respiratory syndrome coronavirus 2,5RMM,VXG,B,701
Severe acute respiratory syndrome coronavirus 2,5RS7,W4Y,A,201
Severe acute respiratory syndrome coronavirus 2,5RS8,H35,A,201
Severe acute respiratory syndrome coronavirus 2,5RS9,W4V,A,201
Severe acute respiratory syndrome coronavirus 2,5RSB,W4S,A,201
Severe acute respiratory syndrome coronavirus 2,5RSC,W5S,A,201
Severe acute respiratory syndrome coronavirus 2,5RSD,1LQ,A,201
Severe acute respiratory syndrome coronavirus 2,5RSE,W5P,A,201
Severe acute respiratory syndrome coronavirus 2,5RSF,W5M,A,201
Severe acute respiratory syndrome coronavirus 2,5RSG,W5J,A,201
Severe acute respiratory syndrome coronavirus 2,5RSH,W5G,A,201
Severe acute respiratory syndrome coronavirus 2,5RSI,W5D,A,201
Severe acute respiratory syndrome coronavirus 2,5RSJ,W5A,A,201
Severe acute respiratory syndrome coronavirus 2,5RSK,W57,A,201
Severe acute respiratory syndrome coronavirus 2,5RSL,W51,A,201
Severe acute respiratory syndrome coronavirus 2,5RSM,4SO,A,201
Severe acute respiratory syndrome coronavirus 2,5RSN,51X,A,201
Severe acute respiratory syndrome coronavirus 2,5RSO,TYZ,A,201
Severe acute respiratory syndrome coronavirus 2,5RSP,LSA,A,201
Severe acute respiratory syndrome coronavirus 2,5RSQ,MOK,A,201
Severe acute respiratory syndrome coronavirus 2,5RSR,XIY,A,201
Severe acute respiratory syndrome coronavirus 2,5RSS,NC3,A,201
Severe acute respiratory syndrome coronavirus 2,5RST,5HN,A,201
Severe acute respiratory syndrome coronavirus 2,5RSU,OHB,A,201
Severe acute respiratory syndrome coronavirus 2,5RSV,4MB,A,201
Severe acute respiratory syndrome coronavirus 2,5RSW,6FZ,A,201
Severe acute respiratory syndrome coronavirus 2,5RSX,YTX,A,201
Severe acute respiratory syndrome coronavirus 2,5RSY,3R6,A,201
Severe acute respiratory syndrome coronavirus 2,5RSZ,ZZA,A,201
Severe acute respiratory syndrome coronavirus 2,5RT0,4BL,A,201
Severe acute respiratory syndrome coronavirus 2,5RT1,3A9,A,201
Severe acute respiratory syndrome coronavirus 2,5RT2,5OF,A,201
Severe acute respiratory syndrome coronavirus 2,5RT4,4BX,A,201
Severe acute respiratory syndrome coronavirus 2,5RT5,07L,A,201
Severe acute respiratory syndrome coronavirus 2,5RT6,05R,A,201
Severe acute respiratory syndrome coronavirus 2,5RT7,GVH,A,201
Severe acute respiratory syndrome coronavirus 2,5RT8,HLR,A,201
Severe acute respiratory syndrome coronavirus 2,5RT9,54G,A,201
Severe acute respiratory syndrome coronavirus 2,5RTA,Q6T,A,201
Severe acute respiratory syndrome coronavirus 2,5RTB,3XH,A,201
Severe acute respiratory syndrome coronavirus 2,5RTC,EVE,A,201
Severe acute respiratory syndrome coronavirus 2,5RTD,MHW,A,201
Severe acute respiratory syndrome coronavirus 2,5RTE,4FL,A,201
Severe acute respiratory syndrome coronavirus 2,5RTF,ISN,B,201
Severe acute respiratory syndrome coronavirus 2,5RTG,3HP,A,201
Severe acute respiratory syndrome coronavirus 2,5RTH,3BZ,A,201
Severe acute respiratory syndrome coronavirus 2,5RTI,6U6,A,201
Severe acute respiratory syndrome coronavirus 2,5RTJ,PHB,A,201
Severe acute respiratory syndrome coronavirus 2,5RTK,BZX,A,201
Severe acute respiratory syndrome coronavirus 2,5RTL,4J8,A,201
Severe acute respiratory syndrome coronavirus 2,5RTM,PZA,A,201
Severe acute respiratory syndrome coronavirus 2,5RTN,AQO,A,201
Severe acute respiratory syndrome coronavirus 2,5RTO,4PN,B,201
Severe acute respiratory syndrome coronavirus 2,5RTP,AOT,A,201
Severe acute respiratory syndrome coronavirus 2,5RTQ,4JO,A,201
Severe acute respiratory syndrome coronavirus 2,5RTR,SHA,A,201
Severe acute respiratory syndrome coronavirus 2,5RTS,0LO,A,201
Severe acute respiratory syndrome coronavirus 2,5RTT,NMI,A,201
Severe acute respiratory syndrome coronavirus 2,5RTU,1FF,A,201
Severe acute respiratory syndrome coronavirus 2,5RTV,PF0,A,201
Severe acute respiratory syndrome coronavirus 2,5RTW,OHP,A,201
Severe acute respiratory syndrome coronavirus 2,5RTX,6OT,A,201
Severe acute respiratory syndrome coronavirus 2,5RTY,HBD,A,201
Severe acute respiratory syndrome coronavirus 2,5RTZ,FHB,A,201
Severe acute respiratory syndrome coronavirus 2,5RU0,2CL,B,201
Severe acute respiratory syndrome coronavirus 2,5RU0,2CL,A,201
Severe acute respiratory syndrome coronavirus 2,5RU1,DFA,A,201
Severe acute respiratory syndrome coronavirus 2,5RU2,06Y,A,201
Severe acute respiratory syndrome coronavirus 2,5RU3,8H8,B,201
Severe acute respiratory syndrome coronavirus 2,5RU4,6V9,A,201
Severe acute respiratory syndrome coronavirus 2,5RU5,BXW,A,201
Severe acute respiratory syndrome coronavirus 2,5RU6,2UP,B,201
Severe acute respiratory syndrome coronavirus 2,5RU7,PYD,A,201
Severe acute respiratory syndrome coronavirus 2,5RU8,1SQ,A,201
Severe acute respiratory syndrome coronavirus 2,5RU9,4SV,A,201
Severe acute respiratory syndrome coronavirus 2,5RUA,3EU,A,201
Severe acute respiratory syndrome coronavirus 2,5RUC,NCA,A,201
Severe acute respiratory syndrome coronavirus 2,5RUD,2D0,A,201
Severe acute respiratory syndrome coronavirus 2,5RUE,BHA,A,201
Severe acute respiratory syndrome coronavirus 2,5RUF,54T,A,201
Severe acute respiratory syndrome coronavirus 2,5RUG,NOA,A,201
Severe acute respiratory syndrome coronavirus 2,5RUH,KNL,A,201
Severe acute respiratory syndrome coronavirus 2,5RUI,4YS,A,201
Severe acute respiratory syndrome coronavirus 2,5RUJ,2SX,A,201
Severe acute respiratory syndrome coronavirus 2,5RUK,NVU,A,201
Severe acute respiratory syndrome coronavirus 2,5RUL,5ZE,A,201
Severe acute respiratory syndrome coronavirus 2,5RUM,52F,A,201
Severe acute respiratory syndrome coronavirus 2,5RUN,EXB,A,201
Severe acute respiratory syndrome coronavirus 2,5RUO,W6A,A,201
Severe acute respiratory syndrome coronavirus 2,5RUP,04R,A,201
Severe acute respiratory syndrome coronavirus 2,5RUQ,W6D,A,201
Severe acute respiratory syndrome coronavirus 2,5RUR,FBB,A,201
Severe acute respiratory syndrome coronavirus 2,5RUS,HSM,A,201
Severe acute respiratory syndrome coronavirus 2,5RUT,APG,A,201
Severe acute respiratory syndrome coronavirus 2,5RUU,W6G,A,201
Severe acute respiratory syndrome coronavirus 2,5RUV,W6J,B,201
Severe acute respiratory syndrome coronavirus 2,5RUW,W6M,A,201
Severe acute respiratory syndrome coronavirus 2,5RUX,W6P,A,201
Severe acute respiratory syndrome coronavirus 2,5RUY,XAN,A,201
Severe acute respiratory syndrome coronavirus 2,5RUZ,W6S,A,201
Severe acute respiratory syndrome coronavirus 2,5RV0,W6V,A,201
Severe acute respiratory syndrome coronavirus 2,5RV1,TFA,A,201
Severe acute respiratory syndrome coronavirus 2,5RV2,W7S,A,201
Severe acute respiratory syndrome coronavirus 2,5RV3,MYI,A,201
Severe acute respiratory syndrome coronavirus 2,5RV4,4FS,A,201
Severe acute respiratory syndrome coronavirus 2,5RV5,JG8,A,201
Severe acute respiratory syndrome coronavirus 2,5RV6,0HN,A,201
Severe acute respiratory syndrome coronavirus 2,5RV7,JNZ,A,201
Severe acute respiratory syndrome coronavirus 2,5RV8,8EJ,A,201
Severe acute respiratory syndrome coronavirus 2,5RV9,EKZ,B,201
Severe acute respiratory syndrome coronavirus 2,5RV9,EKZ,A,201
Severe acute respiratory syndrome coronavirus 2,5RVA,HQD,A,201
Severe acute respiratory syndrome coronavirus 2,5RVB,7PD,A,201
Severe acute respiratory syndrome coronavirus 2,5RVC,W7V,A,201
Severe acute respiratory syndrome coronavirus 2,5RVD,W7Y,A,201
Severe acute respiratory syndrome coronavirus 2,5RVE,W8A,A,201
Severe acute respiratory syndrome coronavirus 2,5RVF,W8D,A,201
Severe acute respiratory syndrome coronavirus 2,5RVG,W8J,A,201
Severe acute respiratory syndrome coronavirus 2,5RVG,W8J,A,202
Severe acute respiratory syndrome coronavirus 2,5RVH,Q3C,A,201
Severe acute respiratory syndrome coronavirus 2,5RVI,CLW,B,201
Severe acute respiratory syndrome coronavirus 2,5RVI,CLW,A,201
Severe acute respiratory syndrome coronavirus 2,5RVJ,4JQ,A,201
Severe acute respiratory syndrome coronavirus 2,5RVK,2AK,A,201
Severe acute respiratory syndrome coronavirus 2,5RVL,BVF,A,201
Severe acute respiratory syndrome coronavirus 2,5RVM,HBD,A,201
Severe acute respiratory syndrome coronavirus 2,5RVN,ANN,A,201
Severe acute respiratory syndrome coronavirus 2,5RVO,AQO,A,201
Severe acute respiratory syndrome coronavirus 2,5RVP,1SQ,A,201
Severe acute respiratory syndrome coronavirus 2,5RVQ,4BY,A,201
Severe acute respiratory syndrome coronavirus 2,5RVR,LZ1,A,201
Severe acute respiratory syndrome coronavirus 2,5RVS,0LO,A,201
Severe acute respiratory syndrome coronavirus 2,5RVT,4BL,A,201
Severe acute respiratory syndrome coronavirus 2,5RVU,6P3,A,201
Severe acute respiratory syndrome coronavirus 2,5RVV,WB1,A,201
Severe acute respiratory syndrome coronavirus 2,5S18,WOY,A,201
Severe acute respiratory syndrome coronavirus 2,5S1A,WPS,A,201
Severe acute respiratory syndrome coronavirus 2,5S1A,WPS,B,201
Severe acute respiratory syndrome coronavirus 2,5S1C,WPV,A,201
Severe acute respiratory syndrome coronavirus 2,5S1E,WPY,A,201
Severe acute respiratory syndrome coronavirus 2,5S1G,WQ1,A,201
Severe acute respiratory syndrome coronavirus 2,5S1I,WQ4,A,201
Severe acute respiratory syndrome coronavirus 2,5S1K,WQ7,A,201
Severe acute respiratory syndrome coronavirus 2,5S1M,DE5,A,201
Severe acute respiratory syndrome coronavirus 2,5S1O,WQA,A,201
Severe acute respiratory syndrome coronavirus 2,5S1Q,WQG,A,201
Severe acute respiratory syndrome coronavirus 2,5S1S,WQJ,A,201
Severe acute respiratory syndrome coronavirus 2,5S1U,WQM,A,201
Severe acute respiratory syndrome coronavirus 2,5S1W,WQV,A,201
Severe acute respiratory syndrome coronavirus 2,5S1Y,WQY,A,201
Severe acute respiratory syndrome coronavirus 2,5S20,WRD,A,201
Severe acute respiratory syndrome coronavirus 2,5S22,WRJ,A,201
Severe acute respiratory syndrome coronavirus 2,5S24,WRM,A,201
Severe acute respiratory syndrome coronavirus 2,5S26,L46,A,201
Severe acute respiratory syndrome coronavirus 2,5S27,WSM,B,201
Severe acute respiratory syndrome coronavirus 2,5S28,WRV,A,201
Severe acute respiratory syndrome coronavirus 2,5S29,WRY,A,201
Severe acute respiratory syndrome coronavirus 2,5S2A,WS4,A,201
Severe acute respiratory syndrome coronavirus 2,5S2B,WSG,A,201
Severe acute respiratory syndrome coronavirus 2,5S2C,WSJ,A,201
Severe acute respiratory syndrome coronavirus 2,5S2D,U0P,B,601
Severe acute respiratory syndrome coronavirus 2,5S2E,VZM,A,401
Severe acute respiratory syndrome coronavirus 2,5S2F,K0G,A,502
Severe acute respiratory syndrome coronavirus 2,5S2F,K0G,A,501
Severe acute respiratory syndrome coronavirus 2,5S2G,JHJ,A,501
Severe acute respiratory syndrome coronavirus 2,5S2H,VWV,B,601
Severe acute respiratory syndrome coronavirus 2,5S2I,LUY,B,601
Severe acute respiratory syndrome coronavirus 2,5S2J,JGG,B,601
Severe acute respiratory syndrome coronavirus 2,5S2K,VZP,A,501
Severe acute respiratory syndrome coronavirus 2,5S2L,VZS,B,601
Severe acute respiratory syndrome coronavirus 2,5S2L,VZS,A,501
Severe acute respiratory syndrome coronavirus 2,5S2M,VZY,A,501
Severe acute respiratory syndrome coronavirus 2,5S2N,GWY,A,501
Severe acute respiratory syndrome coronavirus 2,5S2O,NXS,A,401
Severe acute respiratory syndrome coronavirus 2,5S2P,W04,A,401
Severe acute respiratory syndrome coronavirus 2,5S2Q,W0A,A,501
Severe acute respiratory syndrome coronavirus 2,5S2R,K41,A,601
Severe acute respiratory syndrome coronavirus 2,5S2S,GWV,A,501
Severe acute respiratory syndrome coronavirus 2,5S2T,W0D,A,401
Severe acute respiratory syndrome coronavirus 2,5S2U,VXD,B,601
Severe acute respiratory syndrome coronavirus 2,5S2V,W0G,B,601
Severe acute respiratory syndrome coronavirus 2,5S2W,GWP,A,401
Severe acute respiratory syndrome coronavirus 2,5S2X,W0J,B,601
Severe acute respiratory syndrome coronavirus 2,5S2Y,W0M,B,601
Severe acute respiratory syndrome coronavirus 2,5S2Z,T6J,A,401
Severe acute respiratory syndrome coronavirus 2,5S30,W0P,A,501
Severe acute respiratory syndrome coronavirus 2,5S31,W0S,B,601
Severe acute respiratory syndrome coronavirus 2,5S32,W0V,A,401
Severe acute respiratory syndrome coronavirus 2,5S33,K2G,A,501
Severe acute respiratory syndrome coronavirus 2,5S34,GOV,A,501
Severe acute respiratory syndrome coronavirus 2,5S35,B1A,A,501
Severe acute respiratory syndrome coronavirus 2,5S36,7ZC,B,601
Severe acute respiratory syndrome coronavirus 2,5S36,7ZC,A,501
Severe acute respiratory syndrome coronavirus 2,5S37,NZ1,A,401
Severe acute respiratory syndrome coronavirus 2,5S38,S7J,A,401
Severe acute respiratory syndrome coronavirus 2,5S39,W0Y,A,401
Severe acute respiratory syndrome coronavirus 2,5S3A,W17,A,401
Severe acute respiratory syndrome coronavirus 2,5S3B,W1A,A,501
Severe acute respiratory syndrome coronavirus 2,5S3C,W1D,A,501
Severe acute respiratory syndrome coronavirus 2,5S3D,JFP,A,401
Severe acute respiratory syndrome coronavirus 2,5S3E,WSY,A,501
Severe acute respiratory syndrome coronavirus 2,5S3F,W1J,A,501
Severe acute respiratory syndrome coronavirus 2,5S3G,JHS,A,601
Severe acute respiratory syndrome coronavirus 2,5S3H,W1M,A,501
Severe acute respiratory syndrome coronavirus 2,5S3I,W1P,B,601
Severe acute respiratory syndrome coronavirus 2,5S3J,W1S,A,401
Severe acute respiratory syndrome coronavirus 2,5S3K,RZS,A,501
Severe acute respiratory syndrome coronavirus 2,5S3L,JH4,A,401
Severe acute respiratory syndrome coronavirus 2,5S3M,S2S,A,401
Severe acute respiratory syndrome coronavirus 2,5S3N,W1V,A,401
Severe acute respiratory syndrome coronavirus 2,5S3O,W1Y,A,401
Severe acute respiratory syndrome coronavirus 2,5S3P,W21,A,501
Severe acute respiratory syndrome coronavirus 2,5S3Q,W2A,B,601
Severe acute respiratory syndrome coronavirus 2,5S3Q,W2A,B,602
Severe acute respiratory syndrome coronavirus 2,5S3Q,W2A,A,501
Severe acute respiratory syndrome coronavirus 2,5S3R,W24,B,201
Severe acute respiratory syndrome coronavirus 2,5S3S,W27,A,401
Severe acute respiratory syndrome coronavirus 2,5S3T,W2G,A,401
Severe acute respiratory syndrome coronavirus 2,5S3T,W2G,B,601
Severe acute respiratory syndrome coronavirus 2,5S3U,W2J,A,501
Severe acute respiratory syndrome coronavirus 2,5S3V,W2M,B,601
Severe acute respiratory syndrome coronavirus 2,5S3W,W2S,B,601
Severe acute respiratory syndrome coronavirus 2,5S3X,W2V,A,401
Severe acute respiratory syndrome coronavirus 2,5S3Y,W2Y,B,601
Severe acute respiratory syndrome coronavirus 2,5S3Z,W34,A,501
Severe acute respiratory syndrome coronavirus 2,5S40,HHQ,A,401
Severe acute respiratory syndrome coronavirus 2,5S41,HGQ,A,401
Severe acute respiratory syndrome coronavirus 2,5S42,HH8,A,401
Severe acute respiratory syndrome coronavirus 2,5S43,UUJ,B,601
Severe acute respiratory syndrome coronavirus 2,5S44,W3A,A,501
Severe acute respiratory syndrome coronavirus 2,5S45,W3D,A,501
Severe acute respiratory syndrome coronavirus 2,5S46,HYN,A,401
Severe acute respiratory syndrome coronavirus 2,5S47,BAQ,A,401
Severe acute respiratory syndrome coronavirus 2,5S47,BAQ,A,402
Severe acute respiratory syndrome coronavirus 2,5S48,HRZ,A,401
Severe acute respiratory syndrome coronavirus 2,5S48,HRZ,B,601
Severe acute respiratory syndrome coronavirus 2,5S49,3TR,A,401
Severe acute respiratory syndrome coronavirus 2,5S49,3TR,A,402
Severe acute respiratory syndrome coronavirus 2,5S49,3TR,B,201
Severe acute respiratory syndrome coronavirus 2,5S4A,4AP,B,601
Severe acute respiratory syndrome coronavirus 2,5S4A,4AP,B,602
Severe acute respiratory syndrome coronavirus 2,5S4A,4AP,A,201
Severe acute respiratory syndrome coronavirus 2,5S4A,4AP,B,603
Severe acute respiratory syndrome coronavirus 2,5S4B,W3G,A,401
Severe acute respiratory syndrome coronavirus 2,5S4C,W3J,A,501
Severe acute respiratory syndrome coronavirus 2,5S4C,W3J,B,602
Severe acute respiratory syndrome coronavirus 2,5S4C,W3J,B,601
Severe acute respiratory syndrome coronavirus 2,5S4C,W3J,A,503
Severe acute respiratory syndrome coronavirus 2,5S4C,W3J,A,502
Severe acute respiratory syndrome coronavirus 2,5S4D,2OP,A,501
Severe acute respiratory syndrome coronavirus 2,5S4E,W3M,B,201
Severe acute respiratory syndrome coronavirus 2,5S4E,W3M,A,902
Severe acute respiratory syndrome coronavirus 2,5S4E,W3M,A,903
Severe acute respiratory syndrome coronavirus 2,5S4F,W3P,A,401
Severe acute respiratory syndrome coronavirus 2,5S4G,W3S,A,401
Severe acute respiratory syndrome coronavirus 2,5S4H,W3V,A,501
Severe acute respiratory syndrome coronavirus 2,5S4I,W3Y,A,501
Severe acute respiratory syndrome coronavirus 2,5S4J,W41,A,401
Severe acute respiratory syndrome coronavirus 2,5S4K,W44,B,601
Severe acute respiratory syndrome coronavirus 2,5S6X,WUG,A,402
Severe acute respiratory syndrome coronavirus 2,5S6X,WUG,B,402
Severe acute respiratory syndrome coronavirus 2,5S6Y,WUJ,A,402
Severe acute respiratory syndrome coronavirus 2,5S6Y,WUJ,B,402
Severe acute respiratory syndrome coronavirus 2,5S6Z,WUM,A,402
Severe acute respiratory syndrome coronavirus 2,5S6Z,WUM,B,402
Severe acute respiratory syndrome coronavirus 2,5S70,WUS,B,402
Severe acute respiratory syndrome coronavirus 2,5S71,WUV,A,402
Severe acute respiratory syndrome coronavirus 2,5S71,WUV,B,402
Severe acute respiratory syndrome coronavirus 2,5S72,WUY,A,402
Severe acute respiratory syndrome coronavirus 2,5SA4,K3A,B,401
Severe acute respiratory syndrome coronavirus 2,5SA5,ZQA,B,402
Severe acute respiratory syndrome coronavirus 2,5SA6,O3G,B,401
Severe acute respiratory syndrome coronavirus 2,5SA6,O3G,A,401
Severe acute respiratory syndrome coronavirus 2,5SA7,WL7,A,401
Severe acute respiratory syndrome coronavirus 2,5SA8,JOV,B,401
Severe acute respiratory syndrome coronavirus 2,5SA8,JOV,A,401
Severe acute respiratory syndrome coronavirus 2,5SA9,GWG,B,401
Severe acute respiratory syndrome coronavirus 2,5SAA,ZQD,B,402
Severe acute respiratory syndrome coronavirus 2,5SAA,ZQD,A,402
Severe acute respiratory syndrome coronavirus 2,5SAB,WJD,B,402
Severe acute respiratory syndrome coronavirus 2,5SAC,VWG,B,402
Severe acute respiratory syndrome coronavirus 2,5SAD,EJW,B,401
Severe acute respiratory syndrome coronavirus 2,5SAE,W3G,B,402
Severe acute respiratory syndrome coronavirus 2,5SAE,W3G,A,402
Severe acute respiratory syndrome coronavirus 2,5SAF,WOY,B,401
Severe acute respiratory syndrome coronavirus 2,5SAF,WOY,A,402
Severe acute respiratory syndrome coronavirus 2,5SAG,ZQG,B,401
Severe acute respiratory syndrome coronavirus 2,5SAH,ZQJ,B,401
Severe acute respiratory syndrome coronavirus 2,5SAH,ZQJ,A,501
Severe acute respiratory syndrome coronavirus 2,5SAI,ZQM,B,401
Severe acute respiratory syndrome coronavirus 2,5SKW,LF6,D,601
Severe acute respiratory syndrome coronavirus 2,5SKX,T6J,D,601
Severe acute respiratory syndrome coronavirus 2,5SKY,O2M,D,606
Severe acute respiratory syndrome coronavirus 2,5SKZ,NVD,D,606
Severe acute respiratory syndrome coronavirus 2,5SL0,B0V,D,607
Severe acute respiratory syndrome coronavirus 2,5SL0,B0V,D,606
Severe acute respiratory syndrome coronavirus 2,5SL1,O2A,D,606
Severe acute respiratory syndrome coronavirus 2,5SL2,LFO,D,606
Severe acute respiratory syndrome coronavirus 2,5SL3,LGR,D,606
Severe acute respiratory syndrome coronavirus 2,5SL4,LHR,D,607
Severe acute respiratory syndrome coronavirus 2,5SL4,LHR,D,606
Severe acute respiratory syndrome coronavirus 2,5SL5,WNV,D,606
Severe acute respiratory syndrome coronavirus 2,5SL6,60P,D,606
Severe acute respiratory syndrome coronavirus 2,5SL6,60P,D,607
Severe acute respiratory syndrome coronavirus 2,5SL7,W0G,D,606
Severe acute respiratory syndrome coronavirus 2,5SL8,JGD,D,606
Severe acute respiratory syndrome coronavirus 2,5SL9,O0S,D,606
Severe acute respiratory syndrome coronavirus 2,5SLA,LJR,D,607
Severe acute respiratory syndrome coronavirus 2,5SLA,LJR,D,606
Severe acute respiratory syndrome coronavirus 2,5SLB,LJK,D,606
Severe acute respiratory syndrome coronavirus 2,5SLC,U1V,D,606
Severe acute respiratory syndrome coronavirus 2,5SLD,LJ6,D,606
Severe acute respiratory syndrome coronavirus 2,5SLE,JGA,D,607
Severe acute respiratory syndrome coronavirus 2,5SLE,JGA,D,606
Severe acute respiratory syndrome coronavirus 2,5SLF,LJA,D,607
Severe acute respiratory syndrome coronavirus 2,5SLF,LJA,D,606
Severe acute respiratory syndrome coronavirus 2,5SLG,NZJ,D,606
Severe acute respiratory syndrome coronavirus 2,5SLH,LLU,D,606
Severe acute respiratory syndrome coronavirus 2,5SLI,LL0,D,606
Severe acute respiratory syndrome coronavirus 2,5SLI,LL0,D,608
Severe acute respiratory syndrome coronavirus 2,5SLI,LL0,D,607
Severe acute respiratory syndrome coronavirus 2,5SLJ,LKU,D,606
Severe acute respiratory syndrome coronavirus 2,5SLK,LKL,D,606
Severe acute respiratory syndrome coronavirus 2,5SLL,LK6,D,606
Severe acute respiratory syndrome coronavirus 2,5SLM,WN1,D,606
Severe acute respiratory syndrome coronavirus 2,5SLN,LUY,D,606
Severe acute respiratory syndrome coronavirus 2,5SLO,JJM,D,606
Severe acute respiratory syndrome coronavirus 2,5SLP,UWY,D,606
Severe acute respiratory syndrome coronavirus 2,5SLQ,ELQ,D,606
Severe acute respiratory syndrome coronavirus 2,5SLR,LO6,D,606
Severe acute respiratory syndrome coronavirus 2,5SLS,SZE,D,606
Severe acute respiratory syndrome coronavirus 2,5SLT,LNS,D,606
Severe acute respiratory syndrome coronavirus 2,5SLU,UX1,D,607
Severe acute respiratory syndrome coronavirus 2,5SLU,UX1,D,606
Severe acute respiratory syndrome coronavirus 2,5SLV,EJQ,D,606
Severe acute respiratory syndrome coronavirus 2,5SLW,U0V,D,606
Severe acute respiratory syndrome coronavirus 2,5SLW,U0V,D,607
Severe acute respiratory syndrome coronavirus 2,5SLX,LMW,D,606
Severe acute respiratory syndrome coronavirus 2,5SLX,LMW,D,607
Severe acute respiratory syndrome coronavirus 2,5SLY,LM6,D,606
Severe acute respiratory syndrome coronavirus 2,5SLZ,LQP,D,606
Severe acute respiratory syndrome coronavirus 2,5SM0,LQI,D,606
Severe acute respiratory syndrome coronavirus 2,5SM1,WH1,D,606
Severe acute respiratory syndrome coronavirus 2,5SM2,LQ3,D,606
Severe acute respiratory syndrome coronavirus 2,5SM2,LQ3,D,607
Severe acute respiratory syndrome coronavirus 2,5SM3,GT4,D,606
Severe acute respiratory syndrome coronavirus 2,5SM4,AWD,D,606
Severe acute respiratory syndrome coronavirus 2,5SM5,S5J,D,606
Severe acute respiratory syndrome coronavirus 2,5SM6,K1A,D,606
Severe acute respiratory syndrome coronavirus 2,5SM7,LPU,D,606
Severe acute respiratory syndrome coronavirus 2,5SM8,WKA,D,606
Severe acute respiratory syndrome coronavirus 2,5SM9,VZS,D,606
Severe acute respiratory syndrome coronavirus 2,5SMA,NZD,D,606
Severe acute respiratory syndrome coronavirus 2,5SMB,LRR,D,606
Severe acute respiratory syndrome coronavirus 2,5SMC,LRF,D,607
Severe acute respiratory syndrome coronavirus 2,5SMC,LRF,D,606
Severe acute respiratory syndrome coronavirus 2,5SMD,WKS,D,606
Severe acute respiratory syndrome coronavirus 2,5SME,I8D,D,606
Severe acute respiratory syndrome coronavirus 2,5SMF,K1S,D,607
Severe acute respiratory syndrome coronavirus 2,5SMF,K1S,D,606
Severe acute respiratory syndrome coronavirus 2,5SMG,LR9,D,606
Severe acute respiratory syndrome coronavirus 2,5SMH,7ZC,D,606
Severe acute respiratory syndrome coronavirus 2,5SMI,LQV,D,606
Severe acute respiratory syndrome coronavirus 2,5SML,O3R,A,404
Severe acute respiratory syndrome coronavirus 2,5SMM,O46,A,404
Severe acute respiratory syndrome coronavirus 2,5SMN,O4F,A,404
Severe acute respiratory syndrome coronavirus 2,5SOI,WYY,A,202
Severe acute respiratory syndrome coronavirus 2,5SOI,WVG,A,201
Severe acute respiratory syndrome coronavirus 2,5SOJ,RWQ,A,201
Severe acute respiratory syndrome coronavirus 2,5SOK,RVO,A,201
Severe acute respiratory syndrome coronavirus 2,5SOL,WVM,A,201
Severe acute respiratory syndrome coronavirus 2,5SOM,WVY,A,201
Severe acute respiratory syndrome coronavirus 2,5SON,WW1,A,201
Severe acute respiratory syndrome coronavirus 2,5SOO,WW4,A,201
Severe acute respiratory syndrome coronavirus 2,5SOP,RYI,A,201
Severe acute respiratory syndrome coronavirus 2,5SOQ,WWJ,A,201
Severe acute respiratory syndrome coronavirus 2,5SOR,WWP,A,201
Severe acute respiratory syndrome coronavirus 2,5SOS,WWS,A,201
Severe acute respiratory syndrome coronavirus 2,5SOT,S1O,A,202
Severe acute respiratory syndrome coronavirus 2,5SOT,WX4,A,201
Severe acute respiratory syndrome coronavirus 2,5SOU,RZ9,A,202
Severe acute respiratory syndrome coronavirus 2,5SOU,WX7,A,201
Severe acute respiratory syndrome coronavirus 2,5SOV,WXD,A,201
Severe acute respiratory syndrome coronavirus 2,5SOV,WXA,A,202
Severe acute respiratory syndrome coronavirus 2,5SOW,WXG,A,201
Severe acute respiratory syndrome coronavirus 2,5SOX,WXJ,A,201
Severe acute respiratory syndrome coronavirus 2,5SOY,WXS,A,201
Severe acute respiratory syndrome coronavirus 2,5SOZ,WXY,A,201
Severe acute respiratory syndrome coronavirus 2,5SP0,WY7,A,201
Severe acute respiratory syndrome coronavirus 2,5SP1,WYA,A,201
Severe acute respiratory syndrome coronavirus 2,5SP2,S3E,A,202
Severe acute respiratory syndrome coronavirus 2,5SP2,WYG,A,201
Severe acute respiratory syndrome coronavirus 2,5SP3,WYJ,A,201
Severe acute respiratory syndrome coronavirus 2,5SP4,RWL,A,201
Severe acute respiratory syndrome coronavirus 2,5SP6,RXX,A,201
Severe acute respiratory syndrome coronavirus 2,5SP6,RXX,A,202
Severe acute respiratory syndrome coronavirus 2,5SP7,RVS,A,201
Severe acute respiratory syndrome coronavirus 2,5SP7,RVS,A,202
Severe acute respiratory syndrome coronavirus 2,5SP8,RXI,A,201
Severe acute respiratory syndrome coronavirus 2,5SP9,RWC,B,201
Severe acute respiratory syndrome coronavirus 2,5SPA,RY6,A,201
Severe acute respiratory syndrome coronavirus 2,5SPA,RYC,A,203
Severe acute respiratory syndrome coronavirus 2,5SPA,RY6,A,202
Severe acute respiratory syndrome coronavirus 2,5SPB,S09,A,201
Severe acute respiratory syndrome coronavirus 2,5SPB,S0T,A,202
Severe acute respiratory syndrome coronavirus 2,5SPC,QLF,A,201
Severe acute respiratory syndrome coronavirus 2,5SPC,QLU,A,202
Severe acute respiratory syndrome coronavirus 2,5SPD,QYJ,A,202
Severe acute respiratory syndrome coronavirus 2,5SPD,QYJ,A,201
Severe acute respiratory syndrome coronavirus 2,5SPD,QRU,A,203
Severe acute respiratory syndrome coronavirus 2,5SPE,S1F,A,201
Severe acute respiratory syndrome coronavirus 2,5SPF,RYQ,A,201
Severe acute respiratory syndrome coronavirus 2,5SPG,RZI,A,202
Severe acute respiratory syndrome coronavirus 2,5SPG,RZI,A,201
Severe acute respiratory syndrome coronavirus 2,5SPH,RZR,A,201
Severe acute respiratory syndrome coronavirus 2,5SPI,S1X,A,201
Severe acute respiratory syndrome coronavirus 2,5SPI,S2R,A,202
Severe acute respiratory syndrome coronavirus 2,5SPJ,S3R,A,201
Severe acute respiratory syndrome coronavirus 2,5SPK,S4F,A,201
Severe acute respiratory syndrome coronavirus 2,5SPL,RW5,A,201
Severe acute respiratory syndrome coronavirus 2,5SPM,S4O,A,201
Severe acute respiratory syndrome coronavirus 2,5SPN,S50,A,201
Severe acute respiratory syndrome coronavirus 2,5SPO,S5F,B,201
Severe acute respiratory syndrome coronavirus 2,5SPP,S5U,A,202
Severe acute respiratory syndrome coronavirus 2,5SPP,S5U,A,201
Severe acute respiratory syndrome coronavirus 2,5SPQ,S63,A,201
Severe acute respiratory syndrome coronavirus 2,5SPR,S6C,A,201
Severe acute respiratory syndrome coronavirus 2,5SPS,S6N,A,201
Severe acute respiratory syndrome coronavirus 2,5SPT,S6U,A,303
Severe acute respiratory syndrome coronavirus 2,5SPU,S7F,A,201
Severe acute respiratory syndrome coronavirus 2,5SPV,S7O,A,201
Severe acute respiratory syndrome coronavirus 2,5SPW,S5O,A,201
Severe acute respiratory syndrome coronavirus 2,5SPX,QIW,A,202
Severe acute respiratory syndrome coronavirus 2,5SPX,QIW,A,201
Severe acute respiratory syndrome coronavirus 2,5SPY,QJ0,A,201
Severe acute respiratory syndrome coronavirus 2,5SPZ,QJC,A,201
Severe acute respiratory syndrome coronavirus 2,5SQ0,QJG,A,201
Severe acute respiratory syndrome coronavirus 2,5SQ1,QJO,A,201
Severe acute respiratory syndrome coronavirus 2,5SQ2,QJU,A,201
Severe acute respiratory syndrome coronavirus 2,5SQ3,QK6,A,201
Severe acute respiratory syndrome coronavirus 2,5SQ4,QKC,A,202
Severe acute respiratory syndrome coronavirus 2,5SQ4,QKC,A,201
Severe acute respiratory syndrome coronavirus 2,5SQ5,QKX,A,202
Severe acute respiratory syndrome coronavirus 2,5SQ5,QKL,A,201
Severe acute respiratory syndrome coronavirus 2,5SQ6,QL6,A,201
Severe acute respiratory syndrome coronavirus 2,5SQ7,QM6,A,201
Severe acute respiratory syndrome coronavirus 2,5SQ8,QMF,A,201
Severe acute respiratory syndrome coronavirus 2,5SQ9,QN0,A,202
Severe acute respiratory syndrome coronavirus 2,5SQ9,QMO,A,201
Severe acute respiratory syndrome coronavirus 2,5SQA,QNV,A,203
Severe acute respiratory syndrome coronavirus 2,5SQA,QNF,A,201
Severe acute respiratory syndrome coronavirus 2,5SQA,QNV,A,202
Severe acute respiratory syndrome coronavirus 2,5SQB,QOF,A,202
Severe acute respiratory syndrome coronavirus 2,5SQB,QO3,A,201
Severe acute respiratory syndrome coronavirus 2,5SQC,QOR,A,201
Severe acute respiratory syndrome coronavirus 2,5SQC,QP9,A,202
Severe acute respiratory syndrome coronavirus 2,5SQD,QPX,A,202
Severe acute respiratory syndrome coronavirus 2,5SQD,QPX,A,203
Severe acute respiratory syndrome coronavirus 2,5SQD,QPL,A,201
Severe acute respiratory syndrome coronavirus 2,5SQE,QR0,A,201
Severe acute respiratory syndrome coronavirus 2,5SQF,QQ9,A,201
Severe acute respiratory syndrome coronavirus 2,5SQG,QQI,A,201
Severe acute respiratory syndrome coronavirus 2,5SQG,QQR,A,202
Severe acute respiratory syndrome coronavirus 2,5SQH,QR6,A,201
Severe acute respiratory syndrome coronavirus 2,5SQI,QRC,A,202
Severe acute respiratory syndrome coronavirus 2,5SQI,QRC,A,201
Severe acute respiratory syndrome coronavirus 2,5SQI,QRI,A,203
Severe acute respiratory syndrome coronavirus 2,5SQJ,QRU,A,302
Severe acute respiratory syndrome coronavirus 2,5SQK,QS6,A,201
Severe acute respiratory syndrome coronavirus 2,5SQL,QSL,B,201
Severe acute respiratory syndrome coronavirus 2,5SQL,QSL,A,201
Severe acute respiratory syndrome coronavirus 2,5SQM,QT0,A,201
Severe acute respiratory syndrome coronavirus 2,5SQN,QT6,A,201
Severe acute respiratory syndrome coronavirus 2,5SQO,QTF,A,201
Severe acute respiratory syndrome coronavirus 2,5SQP,QTO,A,201
Severe acute respiratory syndrome coronavirus 2,5SQQ,QU3,A,201
Severe acute respiratory syndrome coronavirus 2,5SQR,QUC,A,201
Severe acute respiratory syndrome coronavirus 2,5SQS,QVC,A,201
Severe acute respiratory syndrome coronavirus 2,5SQT,QV1,B,201
Severe acute respiratory syndrome coronavirus 2,5SQT,QUR,A,201
Severe acute respiratory syndrome coronavirus 2,5SQU,QVL,A,402
Severe acute respiratory syndrome coronavirus 2,5SQU,QVL,A,403
Severe acute respiratory syndrome coronavirus 2,5SQV,QVX,A,201
Severe acute respiratory syndrome coronavirus 2,5SQW,QWC,A,202
Severe acute respiratory syndrome coronavirus 2,5SQW,QW3,A,201
Severe acute respiratory syndrome coronavirus 2,5SQX,QX5,A,202
Severe acute respiratory syndrome coronavirus 2,5SQX,QWX,A,201
Severe acute respiratory syndrome coronavirus 2,5SQY,QWO,A,201
Severe acute respiratory syndrome coronavirus 2,5SQZ,QXC,A,202
Severe acute respiratory syndrome coronavirus 2,5SQZ,QXC,A,201
Severe acute respiratory syndrome coronavirus 2,5SR0,QXS,A,201
Severe acute respiratory syndrome coronavirus 2,5SR0,QY0,A,202
Severe acute respiratory syndrome coronavirus 2,5SR1,QXL,B,202
Severe acute respiratory syndrome coronavirus 2,5SR1,QXL,A,201
Severe acute respiratory syndrome coronavirus 2,5SR1,QXL,B,201
Severe acute respiratory syndrome coronavirus 2,5SR2,QYC,A,201
Severe acute respiratory syndrome coronavirus 2,5SR3,QYJ,A,202
Severe acute respiratory syndrome coronavirus 2,5SR3,QYJ,A,201
Severe acute respiratory syndrome coronavirus 2,5SR4,QYU,A,202
Severe acute respiratory syndrome coronavirus 2,5SR4,QYO,A,201
Severe acute respiratory syndrome coronavirus 2,5SR5,QZ6,A,201
Severe acute respiratory syndrome coronavirus 2,5SR6,QZF,A,202
Severe acute respiratory syndrome coronavirus 2,5SR6,QZF,A,201
Severe acute respiratory syndrome coronavirus 2,5SR7,QZX,A,202
Severe acute respiratory syndrome coronavirus 2,5SR7,QZO,A,201
Severe acute respiratory syndrome coronavirus 2,5SR8,R0A,A,201
Severe acute respiratory syndrome coronavirus 2,5SR9,R0H,A,201
Severe acute respiratory syndrome coronavirus 2,5SRA,R0L,A,202
Severe acute respiratory syndrome coronavirus 2,5SRA,R0L,A,201
Severe acute respiratory syndrome coronavirus 2,5SRB,R0R,A,201
Severe acute respiratory syndrome coronavirus 2,5SRB,R0W,A,202
Severe acute respiratory syndrome coronavirus 2,5SRC,QIR,A,202
Severe acute respiratory syndrome coronavirus 2,5SRC,QIO,A,201
Severe acute respiratory syndrome coronavirus 2,5SRD,R8K,A,201
Severe acute respiratory syndrome coronavirus 2,5SRE,R8R,A,202
Severe acute respiratory syndrome coronavirus 2,5SRE,R8R,A,201
Severe acute respiratory syndrome coronavirus 2,5SRF,R8Z,A,201
Severe acute respiratory syndrome coronavirus 2,5SRG,R98,A,201
Severe acute respiratory syndrome coronavirus 2,5SRG,R98,A,202
Severe acute respiratory syndrome coronavirus 2,5SRH,TFA,A,301
Severe acute respiratory syndrome coronavirus 2,5SRH,R9F,A,303
Severe acute respiratory syndrome coronavirus 2,5SRI,R9F,A,201
Severe acute respiratory syndrome coronavirus 2,5SRJ,R9L,A,201
Severe acute respiratory syndrome coronavirus 2,5SRK,R9U,A,201
Severe acute respiratory syndrome coronavirus 2,5SRL,RA3,A,201
Severe acute respiratory syndrome coronavirus 2,5SRM,RBB,A,202
Severe acute respiratory syndrome coronavirus 2,5SRM,RBB,A,201
Severe acute respiratory syndrome coronavirus 2,5SRN,RBO,A,201
Severe acute respiratory syndrome coronavirus 2,5SRN,RC3,A,202
Severe acute respiratory syndrome coronavirus 2,5SRO,RCR,A,201
Severe acute respiratory syndrome coronavirus 2,5SRO,RD6,A,202
Severe acute respiratory syndrome coronavirus 2,5SRP,TFA,A,202
Severe acute respiratory syndrome coronavirus 2,5SRP,RDN,A,201
Severe acute respiratory syndrome coronavirus 2,5SRQ,RDU,A,201
Severe acute respiratory syndrome coronavirus 2,5SRR,RF0,A,201
Severe acute respiratory syndrome coronavirus 2,5SRS,RFI,A,201
Severe acute respiratory syndrome coronavirus 2,5SRS,RFU,A,202
Severe acute respiratory syndrome coronavirus 2,5SRT,RG5,A,201
Severe acute respiratory syndrome coronavirus 2,5SRU,RGF,A,201
Severe acute respiratory syndrome coronavirus 2,5SRV,RI3,A,201
Severe acute respiratory syndrome coronavirus 2,5SRW,RI7,A,201
Severe acute respiratory syndrome coronavirus 2,5SRX,RIK,A,201
Severe acute respiratory syndrome coronavirus 2,5SRY,RIW,A,201
Severe acute respiratory syndrome coronavirus 2,5SRZ,RIZ,A,201
Severe acute respiratory syndrome coronavirus 2,5SRZ,RJ9,A,202
Severe acute respiratory syndrome coronavirus 2,5SS0,RJL,A,201
Severe acute respiratory syndrome coronavirus 2,5SS1,RJS,A,201
Severe acute respiratory syndrome coronavirus 2,5SS2,RK0,A,201
Severe acute respiratory syndrome coronavirus 2,5SS3,RK9,A,201
Severe acute respiratory syndrome coronavirus 2,5SS4,RKI,A,201
Severe acute respiratory syndrome coronavirus 2,5SS5,RKU,A,201
Severe acute respiratory syndrome coronavirus 2,5SS6,RL5,A,201
Severe acute respiratory syndrome coronavirus 2,5SS7,RL9,B,201
Severe acute respiratory syndrome coronavirus 2,5SS8,RLN,A,201
Severe acute respiratory syndrome coronavirus 2,5SS9,RLU,A,201
Severe acute respiratory syndrome coronavirus 2,5SSA,RM6,A,201
Severe acute respiratory syndrome coronavirus 2,5SSB,RMU,A,201
Severe acute respiratory syndrome coronavirus 2,5SSC,RNC,A,201
Severe acute respiratory syndrome coronavirus 2,5SSD,RNL,A,201
Severe acute respiratory syndrome coronavirus 2,5SSE,ROO,A,201
Severe acute respiratory syndrome coronavirus 2,5SSF,RP0,A,201
Severe acute respiratory syndrome coronavirus 2,5SSG,RPU,A,201
Severe acute respiratory syndrome coronavirus 2,5SSH,RQ8,A,201
Severe acute respiratory syndrome coronavirus 2,5SSI,RQC,A,201
Severe acute respiratory syndrome coronavirus 2,5SSJ,RQI,A,201
Severe acute respiratory syndrome coronavirus 2,5SSK,RQR,A,201
Severe acute respiratory syndrome coronavirus 2,5SSL,RR3,A,202
Severe acute respiratory syndrome coronavirus 2,5SSL,RR3,A,201
Severe acute respiratory syndrome coronavirus 2,5SSM,RS0,A,202
Severe acute respiratory syndrome coronavirus 2,5SSM,RRF,A,201
Severe acute respiratory syndrome coronavirus 2,5SSN,RS9,A,201
Severe acute respiratory syndrome coronavirus 2,5SSO,RSR,A,201
Severe acute respiratory syndrome coronavirus 2,5SSO,RT5,A,202
Severe acute respiratory syndrome coronavirus 2,5SSP,RTI,A,201
Severe acute respiratory syndrome coronavirus 2,5SSP,RTU,A,202
Severe acute respiratory syndrome coronavirus 2,5SSQ,RV3,A,201
Severe acute respiratory syndrome coronavirus 2,5SSR,RVF,A,201
Severe acute respiratory syndrome coronavirus 2,6LU7,PJE,C,5
Severe acute respiratory syndrome coronavirus 2,6LU7,010,C,6
Severe acute respiratory syndrome coronavirus 2,6LU7,02J,C,1
Severe acute respiratory syndrome coronavirus 2,6LZE,FHR,A,405
Severe acute respiratory syndrome coronavirus 2,6M0K,FJC,A,405
Severe acute respiratory syndrome coronavirus 2,6M2N,3WL,A,401
Severe acute respiratory syndrome coronavirus 2,6M2N,3WL,C,401
Severe acute respiratory syndrome coronavirus 2,6M2N,3WL,D,401
Severe acute respiratory syndrome coronavirus 2,6M2N,3WL,B,401
Severe acute respiratory syndrome coronavirus 2,6W02,APR,A,201
Severe acute respiratory syndrome coronavirus 2,6W02,APR,B,201
Severe acute respiratory syndrome coronavirus 2,6W4H,SAM,A,7102
Severe acute respiratory syndrome coronavirus 2,6W61,SAM,A,7104
Severe acute respiratory syndrome coronavirus 2,6W63,X77,A,401
Severe acute respiratory syndrome coronavirus 2,6W75,SAM,A,7102
Severe acute respiratory syndrome coronavirus 2,6W75,SAM,C,7105
Severe acute respiratory syndrome coronavirus 2,6W79,X77,A,402
Severe acute respiratory syndrome coronavirus 2,6WJT,SAH,C,7102
Severe acute respiratory syndrome coronavirus 2,6WJT,SAH,A,7102
Severe acute respiratory syndrome coronavirus 2,6WKQ,SFG,C,7103
Severe acute respiratory syndrome coronavirus 2,6WKQ,SFG,A,7103
Severe acute respiratory syndrome coronavirus 2,6WLC,U5P,A,401
Severe acute respiratory syndrome coronavirus 2,6WLC,U5P,B,401
Severe acute respiratory syndrome coronavirus 2,6WNP,U5G,A,401
Severe acute respiratory syndrome coronavirus 2,6WOJ,APR,B,201
Severe acute respiratory syndrome coronavirus 2,6WOJ,APR,D,201
Severe acute respiratory syndrome coronavirus 2,6WOJ,APR,A,201
Severe acute respiratory syndrome coronavirus 2,6WOJ,APR,C,201
Severe acute respiratory syndrome coronavirus 2,6WQ3,SAH,A,7101
Severe acute respiratory syndrome coronavirus 2,6WQ3,GTA,A,7102
Severe acute respiratory syndrome coronavirus 2,6WRZ,SAH,A,7101
Severe acute respiratory syndrome coronavirus 2,6WRZ,GTA,A,7102
Severe acute respiratory syndrome coronavirus 2,6WRZ,MGP,A,7103
Severe acute respiratory syndrome coronavirus 2,6WTJ,K36,A,401
Severe acute respiratory syndrome coronavirus 2,6WTK,UED,A,401
Severe acute respiratory syndrome coronavirus 2,6WTT,K36,B,401
Severe acute respiratory syndrome coronavirus 2,6WTT,K36,A,401
Severe acute respiratory syndrome coronavirus 2,6WTT,B1S,C,401
Severe acute respiratory syndrome coronavirus 2,6WVN,MGP,A,7114
Severe acute respiratory syndrome coronavirus 2,6WVN,GTA,A,7113
Severe acute respiratory syndrome coronavirus 2,6WVN,SAM,A,7112
Severe acute respiratory syndrome coronavirus 2,6WXC,CMU,A,401
Severe acute respiratory syndrome coronavirus 2,6WXC,CMU,B,401
Severe acute respiratory syndrome coronavirus 2,6X4I,U3P,B,401
Severe acute respiratory syndrome coronavirus 2,6X4I,U3P,A,401
Severe acute respiratory syndrome coronavirus 2,6XA4,UXS,B,4
Severe acute respiratory syndrome coronavirus 2,6XA9,AYE,D,157
Severe acute respiratory syndrome coronavirus 2,6XA9,AYE,B,157
Severe acute respiratory syndrome coronavirus 2,6XA9,AYE,F,157
Severe acute respiratory syndrome coronavirus 2,6XAA,AYE,B,76
Severe acute respiratory syndrome coronavirus 2,6XBH,ELL,C,3
Severe acute respiratory syndrome coronavirus 2,6XCH,AR7,C,4
Severe acute respiratory syndrome coronavirus 2,6XEZ,AF3,F,1004
Severe acute respiratory syndrome coronavirus 2,6XEZ,1N7,A,1006
Severe acute respiratory syndrome coronavirus 2,6XEZ,AF3,E,705
Severe acute respiratory syndrome coronavirus 2,6XEZ,1N7,A,1005
Severe acute respiratory syndrome coronavirus 2,6XEZ,1N7,E,707
Severe acute respiratory syndrome coronavirus 2,6XFN,V1V,B,3
Severe acute respiratory syndrome coronavirus 2,6XFN,APY,B,4
Severe acute respiratory syndrome coronavirus 2,6XHM,V2M,A,9001
Severe acute respiratory syndrome coronavirus 2,6XHM,V2M,B,9001
Severe acute respiratory syndrome coronavirus 2,6XKF,CSX,B,145
Severe acute respiratory syndrome coronavirus 2,6XKF,CSX,A,145
Severe acute respiratory syndrome coronavirus 2,6XKM,SAM,A,7102
Severe acute respiratory syndrome coronavirus 2,6XMK,QYS,A,401
Severe acute respiratory syndrome coronavirus 2,6XMK,QYS,B,401
Severe acute respiratory syndrome coronavirus 2,6XQS,SV6,A,401
Severe acute respiratory syndrome coronavirus 2,6XQT,NNA,B,401
Severe acute respiratory syndrome coronavirus 2,6XQT,NNA,A,401
Severe acute respiratory syndrome coronavirus 2,6XQU,U5G,A,401
Severe acute respiratory syndrome coronavirus 2,6XR3,V7G,A,401
Severe acute respiratory syndrome coronavirus 2,6Y2F,O6K,A,502
Severe acute respiratory syndrome coronavirus 2,6Y2G,O6K,A,694
Severe acute respiratory syndrome coronavirus 2,6Y2G,O6K,B,621
Severe acute respiratory syndrome coronavirus 2,6YLA,MLI,H,305
Severe acute respiratory syndrome coronavirus 2,6YLA,MLI,C,304
Severe acute respiratory syndrome coronavirus 2,6YLA,MLI,H,301
Severe acute respiratory syndrome coronavirus 2,6YLA,MLI,B,302
Severe acute respiratory syndrome coronavirus 2,6YLA,MLI,C,306
Severe acute respiratory syndrome coronavirus 2,6YLA,MLI,H,304
Severe acute respiratory syndrome coronavirus 2,6YLA,MLI,C,305
Severe acute respiratory syndrome coronavirus 2,6YLA,MLI,E,903
Severe acute respiratory syndrome coronavirus 2,6YLA,MLI,E,908
Severe acute respiratory syndrome coronavirus 2,6YLA,PG0,A,902
Severe acute respiratory syndrome coronavirus 2,6YLA,MLI,B,303
Severe acute respiratory syndrome coronavirus 2,6YLA,MLI,B,301
Severe acute respiratory syndrome coronavirus 2,6YLA,MLI,B,304
Severe acute respiratory syndrome coronavirus 2,6YNQ,P6N,A,401
Severe acute respiratory syndrome coronavirus 2,6YVF,A82,A,401
Severe acute respiratory syndrome coronavirus 2,6YWL,APR,D,201
Severe acute respiratory syndrome coronavirus 2,6YWL,APR,C,201
Severe acute respiratory syndrome coronavirus 2,6YWL,APR,A,201
Severe acute respiratory syndrome coronavirus 2,6YWL,APR,B,201
Severe acute respiratory syndrome coronavirus 2,6YWL,APR,E,201
Severe acute respiratory syndrome coronavirus 2,6YZ1,SFG,A,301
Severe acute respiratory syndrome coronavirus 2,6Z4U,15P,B,100
Severe acute respiratory syndrome coronavirus 2,6Z5T,APR,A,401
Severe acute respiratory syndrome coronavirus 2,6Z5T,APR,B,401
Severe acute respiratory syndrome coronavirus 2,6Z6I,A1R,D,401
Severe acute respiratory syndrome coronavirus 2,6Z6I,A1R,B,401
Severe acute respiratory syndrome coronavirus 2,6Z6I,A1R,A,406
Severe acute respiratory syndrome coronavirus 2,6Z6I,MPO,B,403
Severe acute respiratory syndrome coronavirus 2,6Z6I,A1R,C,401
Severe acute respiratory syndrome coronavirus 2,6Z6I,A1R,C,407
Severe acute respiratory syndrome coronavirus 2,6Z6I,A1R,A,401
Severe acute respiratory syndrome coronavirus 2,6Z72,A3R,B,401
Severe acute respiratory syndrome coronavirus 2,6Z72,A3R,A,401
Severe acute respiratory syndrome coronavirus 2,6Z72,A3R,C,401
Severe acute respiratory syndrome coronavirus 2,6Z72,A3R,D,401
Severe acute respiratory syndrome coronavirus 2,6Z72,MLT,D,402
Severe acute respiratory syndrome coronavirus 2,6ZB4,EIC,C,1407
Severe acute respiratory syndrome coronavirus 2,6ZB4,EIC,A,2110
Severe acute respiratory syndrome coronavirus 2,6ZB4,EIC,B,1311
Severe acute respiratory syndrome coronavirus 2,6ZB5,EIC,C,1407
Severe acute respiratory syndrome coronavirus 2,6ZB5,EIC,B,1310
Severe acute respiratory syndrome coronavirus 2,6ZB5,EIC,B,1309
Severe acute respiratory syndrome coronavirus 2,6ZOZ,BLA,B,1314
Severe acute respiratory syndrome coronavirus 2,6ZOZ,BLA,C,1314
Severe acute respiratory syndrome coronavirus 2,6ZOZ,BLA,A,1314
Severe acute respiratory syndrome coronavirus 2,6ZP2,BLA,C,2101
Severe acute respiratory syndrome coronavirus 2,6ZP2,EIC,A,2116
Severe acute respiratory syndrome coronavirus 2,6ZP2,EIC,B,2112
Severe acute respiratory syndrome coronavirus 2,6ZP2,EIC,A,2112
Severe acute respiratory syndrome coronavirus 2,6ZP2,BLA,B,2101
Severe acute respiratory syndrome coronavirus 2,6ZP2,BLA,A,2101
Severe acute respiratory syndrome coronavirus 2,6ZRT,SV6,A,602
Severe acute respiratory syndrome coronavirus 2,6ZRU,U5G,A,503
Severe acute respiratory syndrome coronavirus 2,7A1U,FUA,A,401
Severe acute respiratory syndrome coronavirus 2,7AAP,POP,A,1005
Severe acute respiratory syndrome coronavirus 2,7AAP,GE6,T,1601
Severe acute respiratory syndrome coronavirus 2,7ABU,R6Q,A,401
Severe acute respiratory syndrome coronavirus 2,7ADW,R7Q,A,504
Severe acute respiratory syndrome coronavirus 2,7AEG,CF0,B,5
Severe acute respiratory syndrome coronavirus 2,7AEG,PHQ,B,1
Severe acute respiratory syndrome coronavirus 2,7AEH,R8H,A,405
Severe acute respiratory syndrome coronavirus 2,7AF0,R9W,A,504
Severe acute respiratory syndrome coronavirus 2,7AGA,LZE,A,401
Severe acute respiratory syndrome coronavirus 2,7AHA,SIN,A,409
Severe acute respiratory syndrome coronavirus 2,7AKU,EJM,C,3
Severe acute respiratory syndrome coronavirus 2,7AMJ,RMZ,A,409
Severe acute respiratory syndrome coronavirus 2,7ANS,RNW,A,405
Severe acute respiratory syndrome coronavirus 2,7AOL,RQH,A,403
Severe acute respiratory syndrome coronavirus 2,7AP6,RQN,A,401
Severe acute respiratory syndrome coronavirus 2,7AQE,RV5,A,404
Severe acute respiratory syndrome coronavirus 2,7AQI,QEL,A,401
Severe acute respiratory syndrome coronavirus 2,7AQJ,RV8,A,402
Severe acute respiratory syndrome coronavirus 2,7AQJ,S7H,A,401
Severe acute respiratory syndrome coronavirus 2,7ARF,RVW,A,401
Severe acute respiratory syndrome coronavirus 2,7AU4,RY5,A,403
Severe acute respiratory syndrome coronavirus 2,7AVD,S1W,B,401
Severe acute respiratory syndrome coronavirus 2,7AWR,S7W,A,401
Severe acute respiratory syndrome coronavirus 2,7AWS,S8E,A,401
Severe acute respiratory syndrome coronavirus 2,7AWU,S8B,A,501
Severe acute respiratory syndrome coronavirus 2,7AWW,CLU,A,401
Severe acute respiratory syndrome coronavirus 2,7AX6,S8H,A,401
Severe acute respiratory syndrome coronavirus 2,7AXM,93J,A,502
Severe acute respiratory syndrome coronavirus 2,7AXO,QCP,A,506
Severe acute respiratory syndrome coronavirus 2,7AY7,S8T,A,401
Severe acute respiratory syndrome coronavirus 2,7AY7,S8T,A,402
Severe acute respiratory syndrome coronavirus 2,7B2J,SQ2,A,401
Severe acute respiratory syndrome coronavirus 2,7B2U,SQ5,A,401
Severe acute respiratory syndrome coronavirus 2,7B2U,SQ5,B,401
Severe acute respiratory syndrome coronavirus 2,7B3B,F86,P,13
Severe acute respiratory syndrome coronavirus 2,7B3C,F86,P,12
Severe acute respiratory syndrome coronavirus 2,7B3E,MYC,A,407
Severe acute respiratory syndrome coronavirus 2,7B3E,MYC,B,606
Severe acute respiratory syndrome coronavirus 2,7B5Z,SYH,A,405
Severe acute respiratory syndrome coronavirus 2,7B62,BLA,A,1301
Severe acute respiratory syndrome coronavirus 2,7B77,T0W,A,405
Severe acute respiratory syndrome coronavirus 2,7B83,PK8,A,401
Severe acute respiratory syndrome coronavirus 2,7BAK,SE,A,401
Severe acute respiratory syndrome coronavirus 2,7BAL,SE,A,401
Severe acute respiratory syndrome coronavirus 2,7BE7,ALD,A,401
Severe acute respiratory syndrome coronavirus 2,7BE7,ALD,B,702
Severe acute respiratory syndrome coronavirus 2,7BEM,PRO,E,803
Severe acute respiratory syndrome coronavirus 2,7BEM,PRO,E,802
Severe acute respiratory syndrome coronavirus 2,7BEM,PRO,E,805
Severe acute respiratory syndrome coronavirus 2,7BEM,PRO,E,804
Severe acute respiratory syndrome coronavirus 2,7BEN,PG6,F,402
Severe acute respiratory syndrome coronavirus 2,7BEN,PG6,L,301
Severe acute respiratory syndrome coronavirus 2,7BF4,5GP,A,201
Severe acute respiratory syndrome coronavirus 2,7BF5,A2R,C,202
Severe acute respiratory syndrome coronavirus 2,7BF5,A2R,A,202
Severe acute respiratory syndrome coronavirus 2,7BF5,A2R,E,202
Severe acute respiratory syndrome coronavirus 2,7BF5,A2R,B,201
Severe acute respiratory syndrome coronavirus 2,7BF6,U08,B,201
Severe acute respiratory syndrome coronavirus 2,7BF6,U08,A,201
Severe acute respiratory syndrome coronavirus 2,7BF6,U08,C,201
Severe acute respiratory syndrome coronavirus 2,7BFB,9JT,B,1002
Severe acute respiratory syndrome coronavirus 2,7BFB,9JT,A,402
Severe acute respiratory syndrome coronavirus 2,7BFB,9JT,A,403
Severe acute respiratory syndrome coronavirus 2,7BFB,9JT,A,401
Severe acute respiratory syndrome coronavirus 2,7BFB,9JT,B,1005
Severe acute respiratory syndrome coronavirus 2,7BGP,ALD,B,401
Severe acute respiratory syndrome coronavirus 2,7BGP,ALD,A,402
Severe acute respiratory syndrome coronavirus 2,7BQ7,SAM,A,301
Severe acute respiratory syndrome coronavirus 2,7BQY,02J,C,1
Severe acute respiratory syndrome coronavirus 2,7BQY,010,C,6
Severe acute respiratory syndrome coronavirus 2,7BQY,PJE,C,5
Severe acute respiratory syndrome coronavirus 2,7BRP,U5G,B,401
Severe acute respiratory syndrome coronavirus 2,7BRP,U5G,A,401
Severe acute respiratory syndrome coronavirus 2,7BUY,JRY,A,401
Severe acute respiratory syndrome coronavirus 2,7BV2,POP,A,1003
Severe acute respiratory syndrome coronavirus 2,7BV2,F86,P,101
Severe acute respiratory syndrome coronavirus 2,7C2I,SAM,A,301
Severe acute respiratory syndrome coronavirus 2,7C2J,SAM,A,301
Severe acute respiratory syndrome coronavirus 2,7C2K,F86,G,4
Severe acute respiratory syndrome coronavirus 2,7C33,APR,D,201
Severe acute respiratory syndrome coronavirus 2,7C33,APR,C,201
Severe acute respiratory syndrome coronavirus 2,7C33,APR,B,201
Severe acute respiratory syndrome coronavirus 2,7C33,APR,A,201
Severe acute respiratory syndrome coronavirus 2,7C6S,U5G,A,401
Severe acute respiratory syndrome coronavirus 2,7C6U,K36,A,401
Severe acute respiratory syndrome coronavirus 2,7C7P,SV6,A,401
Severe acute respiratory syndrome coronavirus 2,7C7P,SV6,B,401
Severe acute respiratory syndrome coronavirus 2,7C8B,CF0,D,5
Severe acute respiratory syndrome coronavirus 2,7C8B,FL6,D,4
Severe acute respiratory syndrome coronavirus 2,7C8B,PHQ,D,1
Severe acute respiratory syndrome coronavirus 2,7C8R,TG3,A,401
Severe acute respiratory syndrome coronavirus 2,7C8T,NOL,A,401
Severe acute respiratory syndrome coronavirus 2,7C8U,K36,A,401
Severe acute respiratory syndrome coronavirus 2,7CA8,FNO,A,301
Severe acute respiratory syndrome coronavirus 2,7CB7,K36,B,402
Severe acute respiratory syndrome coronavirus 2,7CB7,B1S,B,401
Severe acute respiratory syndrome coronavirus 2,7CB7,B1S,A,403
Severe acute respiratory syndrome coronavirus 2,7CB7,K36,A,402
Severe acute respiratory syndrome coronavirus 2,7CBT,K36,A,401
Severe acute respiratory syndrome coronavirus 2,7CBT,K36,B,401
Severe acute respiratory syndrome coronavirus 2,7CJM,TTT,B,401
Severe acute respiratory syndrome coronavirus 2,7CMD,TTT,A,601
Severe acute respiratory syndrome coronavirus 2,7CMD,TTT,B,502
Severe acute respiratory syndrome coronavirus 2,7CMD,TTT,C,601
Severe acute respiratory syndrome coronavirus 2,7CMD,TTT,D,601
Severe acute respiratory syndrome coronavirus 2,7COM,U5G,A,401
Severe acute respiratory syndrome coronavirus 2,7COM,U5G,B,401
Severe acute respiratory syndrome coronavirus 2,7CTT,GE6,A,1004
Severe acute respiratory syndrome coronavirus 2,7CUT,CF0,B,5
Severe acute respiratory syndrome coronavirus 2,7CUT,FL6,B,4
Severe acute respiratory syndrome coronavirus 2,7CUT,PHQ,B,1
Severe acute respiratory syndrome coronavirus 2,7CUU,ALD,A,502
Severe acute respiratory syndrome coronavirus 2,7CUU,ALD,B,505
Severe acute respiratory syndrome coronavirus 2,7CX9,GKF,A,401
Severe acute respiratory syndrome coronavirus 2,7CYQ,GDP,A,1003
Severe acute respiratory syndrome coronavirus 2,7CZ4,APR,B,201
Severe acute respiratory syndrome coronavirus 2,7CZ4,APR,A,201
Severe acute respiratory syndrome coronavirus 2,7D1M,K36,B,401
Severe acute respiratory syndrome coronavirus 2,7D1M,K36,A,401
Severe acute respiratory syndrome coronavirus 2,7D1O,NNA,A,401
Severe acute respiratory syndrome coronavirus 2,7D30,BU2,B,2111
Severe acute respiratory syndrome coronavirus 2,7D30,BU2,A,1310
Severe acute respiratory syndrome coronavirus 2,7D30,BU2,A,1311
Severe acute respiratory syndrome coronavirus 2,7D30,BU2,B,2110
Severe acute respiratory syndrome coronavirus 2,7D30,BU2,A,1309
Severe acute respiratory syndrome coronavirus 2,7D3I,GQU,A,401
Severe acute respiratory syndrome coronavirus 2,7D4F,H3U,A,1003
Severe acute respiratory syndrome coronavirus 2,7D4F,H3U,A,1004
Severe acute respiratory syndrome coronavirus 2,7D7K,CFF,B,402
Severe acute respiratory syndrome coronavirus 2,7D7K,CFF,A,402
Severe acute respiratory syndrome coronavirus 2,7D7L,GXU,B,403
Severe acute respiratory syndrome coronavirus 2,7D7L,CFF,B,402
Severe acute respiratory syndrome coronavirus 2,7D7L,CFF,A,402
Severe acute respiratory syndrome coronavirus 2,7D7L,GXU,A,404
Severe acute respiratory syndrome coronavirus 2,7D7L,GXU,A,403
Severe acute respiratory syndrome coronavirus 2,7D7L,GXU,B,404
Severe acute respiratory syndrome coronavirus 2,7D7L,GXU,B,405
Severe acute respiratory syndrome coronavirus 2,7DAT,AU,A,802
Severe acute respiratory syndrome coronavirus 2,7DAT,AU,A,801
Severe acute respiratory syndrome coronavirus 2,7DAU,AU,A,801
Severe acute respiratory syndrome coronavirus 2,7DAU,AU,A,802
Severe acute respiratory syndrome coronavirus 2,7DDC,H3F,A,401
Severe acute respiratory syndrome coronavirus 2,7DFG,POP,A,1006
Severe acute respiratory syndrome coronavirus 2,7DFG,POP,A,1003
Severe acute respiratory syndrome coronavirus 2,7DFG,1RP,P,1201
Severe acute respiratory syndrome coronavirus 2,7DFH,POP,A,1006
Severe acute respiratory syndrome coronavirus 2,7DFH,RVP,P,1201
Severe acute respiratory syndrome coronavirus 2,7DFH,POP,A,1007
Severe acute respiratory syndrome coronavirus 2,7DGB,EOF,A,401
Severe acute respiratory syndrome coronavirus 2,7DGF,H60,A,401
Severe acute respiratory syndrome coronavirus 2,7DGG,H63,A,600
Severe acute respiratory syndrome coronavirus 2,7DGG,H63,B,601
Severe acute respiratory syndrome coronavirus 2,7DGH,H6F,A,401
Severe acute respiratory syndrome coronavirus 2,7DGI,H6L,B,401
Severe acute respiratory syndrome coronavirus 2,7DGI,H6L,A,401
Severe acute respiratory syndrome coronavirus 2,7DHJ,H6R,A,401
Severe acute respiratory syndrome coronavirus 2,7DK1,BTB,B,406
Severe acute respiratory syndrome coronavirus 2,7DOI,POP,A,1008
Severe acute respiratory syndrome coronavirus 2,7DOI,POP,A,1003
Severe acute respiratory syndrome coronavirus 2,7DOI,HCU,P,1201
Severe acute respiratory syndrome coronavirus 2,7DOK,POP,A,1003
Severe acute respiratory syndrome coronavirus 2,7DOK,HCU,P,1201
Severe acute respiratory syndrome coronavirus 2,7DOK,POP,A,1007
Severe acute respiratory syndrome coronavirus 2,7DPP,MYC,A,401
Severe acute respiratory syndrome coronavirus 2,7DPU,HER,A,401
Severe acute respiratory syndrome coronavirus 2,7DPU,HER,B,401
Severe acute respiratory syndrome coronavirus 2,7DPV,HF0,C,401
Severe acute respiratory syndrome coronavirus 2,7DPV,HF0,D,401
Severe acute respiratory syndrome coronavirus 2,7DPV,HF0,A,401
Severe acute respiratory syndrome coronavirus 2,7DPV,HF0,B,401
Severe acute respiratory syndrome coronavirus 2,7DWY,EIC,B,1422
Severe acute respiratory syndrome coronavirus 2,7DWY,EIC,A,1420
Severe acute respiratory syndrome coronavirus 2,7DWY,EIC,C,1420
Severe acute respiratory syndrome coronavirus 2,7E18,HUR,A,401
Severe acute respiratory syndrome coronavirus 2,7E19,HUO,A,401
Severe acute respiratory syndrome coronavirus 2,7E35,GYX,A,402
Severe acute respiratory syndrome coronavirus 2,7E35,GYX,B,402
Severe acute respiratory syndrome coronavirus 2,7E6K,HYR,A,401
Severe acute respiratory syndrome coronavirus 2,7E6K,HYR,A,402
Severe acute respiratory syndrome coronavirus 2,7E6K,HYR,A,403
Severe acute respiratory syndrome coronavirus 2,7E7B,ELA,B,1606
Severe acute respiratory syndrome coronavirus 2,7E7B,ELA,A,1606
Severe acute respiratory syndrome coronavirus 2,7E7B,ELA,A,1607
Severe acute respiratory syndrome coronavirus 2,7E7B,VCG,A,1608
Severe acute respiratory syndrome coronavirus 2,7E7B,VCG,B,1607
Severe acute respiratory syndrome coronavirus 2,7E7B,VCG,A,1609
Severe acute respiratory syndrome coronavirus 2,7E7D,ELA,B,1601
Severe acute respiratory syndrome coronavirus 2,7E7D,ELA,A,1606
Severe acute respiratory syndrome coronavirus 2,7E7D,ELA,A,1607
Severe acute respiratory syndrome coronavirus 2,7ED5,AT9,A,1005
Severe acute respiratory syndrome coronavirus 2,7ED5,AT9,I,101
Severe acute respiratory syndrome coronavirus 2,7ED5,AT9,A,1004
Severe acute respiratory syndrome coronavirus 2,7EIN,OAR,C,4
Severe acute respiratory syndrome coronavirus 2,7EIN,OAR,D,4
Severe acute respiratory syndrome coronavirus 2,7EN8,J7R,A,401
Severe acute respiratory syndrome coronavirus 2,7EN8,J7R,B,401
Severe acute respiratory syndrome coronavirus 2,7EN9,J7O,A,401
Severe acute respiratory syndrome coronavirus 2,7FAY,2XI,A,401
Severe acute respiratory syndrome coronavirus 2,7FAZ,2RI,A,401
Severe acute respiratory syndrome coronavirus 2,7FAZ,2RI,B,401
Severe acute respiratory syndrome coronavirus 2,7FR0,WW0,A,202
Severe acute respiratory syndrome coronavirus 2,7FR0,WW0,A,201
Severe acute respiratory syndrome coronavirus 2,7FR1,WWC,A,202
Severe acute respiratory syndrome coronavirus 2,7FR1,WWC,A,201
Severe acute respiratory syndrome coronavirus 2,7FR2,WWH,A,201
Severe acute respiratory syndrome coronavirus 2,7FR3,WWH,A,201
Severe acute respiratory syndrome coronavirus 2,7FR4,WWN,A,302
Severe acute respiratory syndrome coronavirus 2,7FR5,WWT,A,201
Severe acute respiratory syndrome coronavirus 2,7FR6,WX6,B,201
Severe acute respiratory syndrome coronavirus 2,7FR7,WXB,A,201
Severe acute respiratory syndrome coronavirus 2,7FR8,WXF,B,201
Severe acute respiratory syndrome coronavirus 2,7FR9,WXK,A,201
Severe acute respiratory syndrome coronavirus 2,7FRA,WXO,A,201
Severe acute respiratory syndrome coronavirus 2,7FRB,WXT,A,201
Severe acute respiratory syndrome coronavirus 2,7FRC,WXX,A,201
Severe acute respiratory syndrome coronavirus 2,7FRD,WY6,A,201
Severe acute respiratory syndrome coronavirus 2,7GAV,KFU,A,407
Severe acute respiratory syndrome coronavirus 2,7GAV,KFU,B,405
Severe acute respiratory syndrome coronavirus 2,7GAW,KG9,A,406
Severe acute respiratory syndrome coronavirus 2,7GAW,KG9,B,402
Severe acute respiratory syndrome coronavirus 2,7GAX,KJI,A,1001
Severe acute respiratory syndrome coronavirus 2,7GAY,KJO,A,1001
Severe acute respiratory syndrome coronavirus 2,7GAZ,KL6,A,1001
Severe acute respiratory syndrome coronavirus 2,7GB0,KLR,A,1001
Severe acute respiratory syndrome coronavirus 2,7GB1,KMF,A,405
Severe acute respiratory syndrome coronavirus 2,7GB2,KMX,A,406
Severe acute respiratory syndrome coronavirus 2,7GB3,KNU,A,406
Severe acute respiratory syndrome coronavirus 2,7GB4,KO9,A,405
Severe acute respiratory syndrome coronavirus 2,7GB5,KOI,A,1001
Severe acute respiratory syndrome coronavirus 2,7GB6,KP0,A,405
Severe acute respiratory syndrome coronavirus 2,7GB7,KQ3,A,1001
Severe acute respiratory syndrome coronavirus 2,7GB8,KQL,A,405
Severe acute respiratory syndrome coronavirus 2,7GB9,KQX,A,405
Severe acute respiratory syndrome coronavirus 2,7GBA,KS0,A,404
Severe acute respiratory syndrome coronavirus 2,7GBB,KSI,A,1001
Severe acute respiratory syndrome coronavirus 2,7GBC,KSX,A,404
Severe acute respiratory syndrome coronavirus 2,7GBD,KT9,A,404
Severe acute respiratory syndrome coronavirus 2,7GBE,KU6,A,1001
Severe acute respiratory syndrome coronavirus 2,7GBF,KUU,A,405
Severe acute respiratory syndrome coronavirus 2,7GBG,KVF,A,404
Severe acute respiratory syndrome coronavirus 2,7GBH,KVO,A,404
Severe acute respiratory syndrome coronavirus 2,7GBI,KVX,A,403
Severe acute respiratory syndrome coronavirus 2,7GBJ,KW9,A,404
Severe acute respiratory syndrome coronavirus 2,7GBK,KXF,A,1001
Severe acute respiratory syndrome coronavirus 2,7GBL,KWR,A,405
Severe acute respiratory syndrome coronavirus 2,7GBM,KX9,A,404
Severe acute respiratory syndrome coronavirus 2,7GBN,KXR,A,404
Severe acute respiratory syndrome coronavirus 2,7GBO,KY0,A,404
Severe acute respiratory syndrome coronavirus 2,7GBP,KYC,A,405
Severe acute respiratory syndrome coronavirus 2,7GBQ,KYU,A,404
Severe acute respiratory syndrome coronavirus 2,7GBR,KZC,A,405
Severe acute respiratory syndrome coronavirus 2,7GBS,KZX,A,404
Severe acute respiratory syndrome coronavirus 2,7GBT,L1F,A,1001
Severe acute respiratory syndrome coronavirus 2,7GBU,L2I,A,1001
Severe acute respiratory syndrome coronavirus 2,7GBV,L3I,A,404
Severe acute respiratory syndrome coronavirus 2,7GBW,L6R,A,405
Severe acute respiratory syndrome coronavirus 2,7GBX,L6D,A,405
Severe acute respiratory syndrome coronavirus 2,7GBY,L5I,A,404
Severe acute respiratory syndrome coronavirus 2,7GBZ,L4U,A,405
Severe acute respiratory syndrome coronavirus 2,7GC0,L4N,A,404
Severe acute respiratory syndrome coronavirus 2,7GC1,L7F,A,404
Severe acute respiratory syndrome coronavirus 2,7GC2,L7Q,A,404
Severe acute respiratory syndrome coronavirus 2,7GC3,L7V,A,405
Severe acute respiratory syndrome coronavirus 2,7GC4,L83,A,405
Severe acute respiratory syndrome coronavirus 2,7GC5,L8F,A,404
Severe acute respiratory syndrome coronavirus 2,7GC6,L8O,A,405
Severe acute respiratory syndrome coronavirus 2,7GC7,L93,A,405
Severe acute respiratory syndrome coronavirus 2,7GC8,L9F,A,404
Severe acute respiratory syndrome coronavirus 2,7GC9,L9O,A,405
Severe acute respiratory syndrome coronavirus 2,7GCA,LB0,A,405
Severe acute respiratory syndrome coronavirus 2,7GCB,LBC,A,404
Severe acute respiratory syndrome coronavirus 2,7GCC,LBO,A,405
Severe acute respiratory syndrome coronavirus 2,7GCD,LCU,A,405
Severe acute respiratory syndrome coronavirus 2,7GCE,LDX,A,404
Severe acute respiratory syndrome coronavirus 2,7GCF,LKX,A,404
Severe acute respiratory syndrome coronavirus 2,7GCG,LKI,A,405
Severe acute respiratory syndrome coronavirus 2,7GCI,LJO,A,405
Severe acute respiratory syndrome coronavirus 2,7GCJ,LJ0,A,404
Severe acute respiratory syndrome coronavirus 2,7GCK,LF3,A,404
Severe acute respiratory syndrome coronavirus 2,7GCL,LR0,A,405
Severe acute respiratory syndrome coronavirus 2,7GCM,LQU,A,403
Severe acute respiratory syndrome coronavirus 2,7GCN,LQ0,A,405
Severe acute respiratory syndrome coronavirus 2,7GCO,LO0,A,404
Severe acute respiratory syndrome coronavirus 2,7GCP,LM0,A,405
Severe acute respiratory syndrome coronavirus 2,7GCQ,LRC,A,405
Severe acute respiratory syndrome coronavirus 2,7GCR,LRN,A,405
Severe acute respiratory syndrome coronavirus 2,7GCS,LS0,A,404
Severe acute respiratory syndrome coronavirus 2,7GCT,LSF,A,404
Severe acute respiratory syndrome coronavirus 2,7GCU,LT9,A,404
Severe acute respiratory syndrome coronavirus 2,7GCV,LUC,A,404
Severe acute respiratory syndrome coronavirus 2,7GCW,LV9,A,404
Severe acute respiratory syndrome coronavirus 2,7GCX,LVM,A,404
Severe acute respiratory syndrome coronavirus 2,7GCY,LW6,A,405
Severe acute respiratory syndrome coronavirus 2,7GCZ,LWO,A,404
Severe acute respiratory syndrome coronavirus 2,7GD0,M4L,A,405
Severe acute respiratory syndrome coronavirus 2,7GD1,M2X,A,404
Severe acute respiratory syndrome coronavirus 2,7GD2,M26,A,404
Severe acute respiratory syndrome coronavirus 2,7GD3,Y6J,A,404
Severe acute respiratory syndrome coronavirus 2,7GD4,R30,A,405
Severe acute respiratory syndrome coronavirus 2,7GD5,M0X,A,405
Severe acute respiratory syndrome coronavirus 2,7GD6,M0G,A,404
Severe acute respiratory syndrome coronavirus 2,7GD7,LZX,A,404
Severe acute respiratory syndrome coronavirus 2,7GD8,KU6,A,405
Severe acute respiratory syndrome coronavirus 2,7GD9,LXF,A,405
Severe acute respiratory syndrome coronavirus 2,7GDA,MF0,A,403
Severe acute respiratory syndrome coronavirus 2,7GDB,M9U,A,404
Severe acute respiratory syndrome coronavirus 2,7GDC,M93,A,403
Severe acute respiratory syndrome coronavirus 2,7GDD,860,A,403
Severe acute respiratory syndrome coronavirus 2,7GDE,M7X,A,404
Severe acute respiratory syndrome coronavirus 2,7GDF,M6U,A,404
Severe acute respiratory syndrome coronavirus 2,7GDG,M6I,A,405
Severe acute respiratory syndrome coronavirus 2,7GDH,M5X,A,405
Severe acute respiratory syndrome coronavirus 2,7GDI,M5I,A,404
Severe acute respiratory syndrome coronavirus 2,7GDJ,M50,A,404
Severe acute respiratory syndrome coronavirus 2,7GDK,MJR,A,404
Severe acute respiratory syndrome coronavirus 2,7GDL,MKI,A,404
Severe acute respiratory syndrome coronavirus 2,7GDM,MQ3,A,404
Severe acute respiratory syndrome coronavirus 2,7GDN,MU3,A,405
Severe acute respiratory syndrome coronavirus 2,7GDO,MVR,A,405
Severe acute respiratory syndrome coronavirus 2,7GDP,MVX,A,405
Severe acute respiratory syndrome coronavirus 2,7GDQ,MWN,A,406
Severe acute respiratory syndrome coronavirus 2,7GDR,MX9,A,406
Severe acute respiratory syndrome coronavirus 2,7GDS,MZF,A,405
Severe acute respiratory syndrome coronavirus 2,7GDT,N00,A,406
Severe acute respiratory syndrome coronavirus 2,7GDU,N0F,A,405
Severe acute respiratory syndrome coronavirus 2,7GDV,N0O,A,405
Severe acute respiratory syndrome coronavirus 2,7GDW,N0X,A,405
Severe acute respiratory syndrome coronavirus 2,7GDX,N1U,A,405
Severe acute respiratory syndrome coronavirus 2,7GDY,N2X,A,405
Severe acute respiratory syndrome coronavirus 2,7GDZ,N3I,A,404
Severe acute respiratory syndrome coronavirus 2,7GE0,N3R,A,404
Severe acute respiratory syndrome coronavirus 2,7GE1,N43,A,404
Severe acute respiratory syndrome coronavirus 2,7GE2,N4L,A,404
Severe acute respiratory syndrome coronavirus 2,7GE3,N5L,A,403
Severe acute respiratory syndrome coronavirus 2,7GE4,N6X,A,405
Severe acute respiratory syndrome coronavirus 2,7GE5,N7L,A,404
Severe acute respiratory syndrome coronavirus 2,7GE6,N8X,A,405
Severe acute respiratory syndrome coronavirus 2,7GE7,N9I,A,404
Severe acute respiratory syndrome coronavirus 2,7GE8,NB0,A,404
Severe acute respiratory syndrome coronavirus 2,7GE9,NB6,A,404
Severe acute respiratory syndrome coronavirus 2,7GEA,N6F,A,404
Severe acute respiratory syndrome coronavirus 2,7GEB,NDI,A,404
Severe acute respiratory syndrome coronavirus 2,7GEC,NEL,A,404
Severe acute respiratory syndrome coronavirus 2,7GED,NGX,A,404
Severe acute respiratory syndrome coronavirus 2,7GEE,NIJ,A,404
Severe acute respiratory syndrome coronavirus 2,7GEF,NJE,A,403
Severe acute respiratory syndrome coronavirus 2,7GEG,NJU,A,404
Severe acute respiratory syndrome coronavirus 2,7GEH,NKU,A,404
Severe acute respiratory syndrome coronavirus 2,7GEI,NM0,A,404
Severe acute respiratory syndrome coronavirus 2,7GEJ,NO0,A,404
Severe acute respiratory syndrome coronavirus 2,7GEK,NOI,A,404
Severe acute respiratory syndrome coronavirus 2,7GEL,NQ3,A,404
Severe acute respiratory syndrome coronavirus 2,7GEM,NQO,A,404
Severe acute respiratory syndrome coronavirus 2,7GEN,NRC,A,404
Severe acute respiratory syndrome coronavirus 2,7GEO,NRX,A,404
Severe acute respiratory syndrome coronavirus 2,7GEQ,NSR,A,404
Severe acute respiratory syndrome coronavirus 2,7GER,NU0,A,404
Severe acute respiratory syndrome coronavirus 2,7GES,NUR,A,404
Severe acute respiratory syndrome coronavirus 2,7GET,NV9,A,404
Severe acute respiratory syndrome coronavirus 2,7GEU,NVO,A,404
Severe acute respiratory syndrome coronavirus 2,7GEV,NW0,A,404
Severe acute respiratory syndrome coronavirus 2,7GEW,NWI,A,404
Severe acute respiratory syndrome coronavirus 2,7GEX,NX9,A,404
Severe acute respiratory syndrome coronavirus 2,7GEY,NYR,A,404
Severe acute respiratory syndrome coronavirus 2,7GEZ,NZK,A,404
Severe acute respiratory syndrome coronavirus 2,7GF0,O0C,A,404
Severe acute respiratory syndrome coronavirus 2,7GF1,O0R,A,404
Severe acute respiratory syndrome coronavirus 2,7GF2,O0X,A,404
Severe acute respiratory syndrome coronavirus 2,7GF3,O1I,A,404
Severe acute respiratory syndrome coronavirus 2,7GF4,O1X,A,404
Severe acute respiratory syndrome coronavirus 2,7GF5,O2R,A,404
Severe acute respiratory syndrome coronavirus 2,7GF6,O3I,A,404
Severe acute respiratory syndrome coronavirus 2,7GF7,O3U,A,404
Severe acute respiratory syndrome coronavirus 2,7GF8,O4L,A,404
Severe acute respiratory syndrome coronavirus 2,7GF9,O5C,A,404
Severe acute respiratory syndrome coronavirus 2,7GFA,Z26,A,404
Severe acute respiratory syndrome coronavirus 2,7GFB,NSR,A,404
Severe acute respiratory syndrome coronavirus 2,7GFC,O87,A,404
Severe acute respiratory syndrome coronavirus 2,7GFD,O8L,A,404
Severe acute respiratory syndrome coronavirus 2,7GFE,O9O,A,404
Severe acute respiratory syndrome coronavirus 2,7GFF,O9X,A,404
Severe acute respiratory syndrome coronavirus 2,7GFG,OAO,A,404
Severe acute respiratory syndrome coronavirus 2,7GFH,OBO,A,404
Severe acute respiratory syndrome coronavirus 2,7GFI,OCI,A,404
Severe acute respiratory syndrome coronavirus 2,7GFJ,OD7,A,404
Severe acute respiratory syndrome coronavirus 2,7GFK,ODX,A,404
Severe acute respiratory syndrome coronavirus 2,7GFL,OE6,A,404
Severe acute respiratory syndrome coronavirus 2,7GFM,OEO,A,404
Severe acute respiratory syndrome coronavirus 2,7GFN,OFX,A,404
Severe acute respiratory syndrome coronavirus 2,7GFO,OGF,A,404
Severe acute respiratory syndrome coronavirus 2,7GFP,OHC,A,404
Severe acute respiratory syndrome coronavirus 2,7GFQ,OI4,A,404
Severe acute respiratory syndrome coronavirus 2,7GFR,OIE,A,404
Severe acute respiratory syndrome coronavirus 2,7GFS,OIK,A,404
Severe acute respiratory syndrome coronavirus 2,7GFT,OIX,A,404
Severe acute respiratory syndrome coronavirus 2,7GFU,OJ9,A,404
Severe acute respiratory syndrome coronavirus 2,7GFV,OJO,A,404
Severe acute respiratory syndrome coronavirus 2,7GFW,OK9,A,404
Severe acute respiratory syndrome coronavirus 2,7GFX,OKW,A,404
Severe acute respiratory syndrome coronavirus 2,7GFY,OLX,A,404
Severe acute respiratory syndrome coronavirus 2,7GFZ,ONU,A,404
Severe acute respiratory syndrome coronavirus 2,7GFZ,ONU,A,405
Severe acute respiratory syndrome coronavirus 2,7GG0,OGV,A,404
Severe acute respiratory syndrome coronavirus 2,7GG1,OGO,A,404
Severe acute respiratory syndrome coronavirus 2,7GG2,OO6,A,404
Severe acute respiratory syndrome coronavirus 2,7GG3,OOL,A,404
Severe acute respiratory syndrome coronavirus 2,7GG4,OPU,A,404
Severe acute respiratory syndrome coronavirus 2,7GG5,OQF,A,404
Severe acute respiratory syndrome coronavirus 2,7GG6,OQL,A,404
Severe acute respiratory syndrome coronavirus 2,7GG7,OQX,A,404
Severe acute respiratory syndrome coronavirus 2,7GG8,ORR,A,404
Severe acute respiratory syndrome coronavirus 2,7GG9,SQ2,A,404
Severe acute respiratory syndrome coronavirus 2,7GGA,OSI,A,404
Severe acute respiratory syndrome coronavirus 2,7GGB,OT6,A,404
Severe acute respiratory syndrome coronavirus 2,7GGC,OTV,A,404
Severe acute respiratory syndrome coronavirus 2,7GGD,OUF,A,404
Severe acute respiratory syndrome coronavirus 2,7GGE,OV4,A,404
Severe acute respiratory syndrome coronavirus 2,7GGF,OVF,A,404
Severe acute respiratory syndrome coronavirus 2,7GGG,OVX,A,404
Severe acute respiratory syndrome coronavirus 2,7GGH,OWC,A,404
Severe acute respiratory syndrome coronavirus 2,7GGI,OWX,A,404
Severe acute respiratory syndrome coronavirus 2,7GGJ,OYF,A,404
Severe acute respiratory syndrome coronavirus 2,7GGK,OYX,A,404
Severe acute respiratory syndrome coronavirus 2,7GGL,OZC,A,404
Severe acute respiratory syndrome coronavirus 2,7GGM,OZX,A,404
Severe acute respiratory syndrome coronavirus 2,7GGN,P0X,A,404
Severe acute respiratory syndrome coronavirus 2,7GGO,P3L,A,404
Severe acute respiratory syndrome coronavirus 2,7GGP,P4R,A,404
Severe acute respiratory syndrome coronavirus 2,7GGQ,OQL,A,404
Severe acute respiratory syndrome coronavirus 2,7GGR,P6O,A,404
Severe acute respiratory syndrome coronavirus 2,7GGS,P7R,A,404
Severe acute respiratory syndrome coronavirus 2,7GGT,P9O,A,404
Severe acute respiratory syndrome coronavirus 2,7GGU,PJ6,A,404
Severe acute respiratory syndrome coronavirus 2,7GGV,PJX,A,404
Severe acute respiratory syndrome coronavirus 2,7GGW,PKW,A,404
Severe acute respiratory syndrome coronavirus 2,7GGX,PQ6,A,404
Severe acute respiratory syndrome coronavirus 2,7GGY,PUU,A,404
Severe acute respiratory syndrome coronavirus 2,7GGZ,PVR,A,404
Severe acute respiratory syndrome coronavirus 2,7GH0,PWR,A,404
Severe acute respiratory syndrome coronavirus 2,7GH1,PZ6,A,404
Severe acute respiratory syndrome coronavirus 2,7GH2,Q0I,A,404
Severe acute respiratory syndrome coronavirus 2,7GH3,Q1C,A,404
Severe acute respiratory syndrome coronavirus 2,7GH4,Q1U,A,404
Severe acute respiratory syndrome coronavirus 2,7GH5,Q2G,A,1001
Severe acute respiratory syndrome coronavirus 2,7GH6,Q2U,A,1001
Severe acute respiratory syndrome coronavirus 2,7GH7,Q36,A,1001
Severe acute respiratory syndrome coronavirus 2,7GH8,Q3U,A,1001
Severe acute respiratory syndrome coronavirus 2,7GH9,Q45,A,1001
Severe acute respiratory syndrome coronavirus 2,7GHA,Q4F,A,1001
Severe acute respiratory syndrome coronavirus 2,7GHB,Q4R,A,1001
Severe acute respiratory syndrome coronavirus 2,7GHC,Q5C,A,1001
Severe acute respiratory syndrome coronavirus 2,7GHD,Q5K,A,1001
Severe acute respiratory syndrome coronavirus 2,7GHE,Q5R,A,1001
Severe acute respiratory syndrome coronavirus 2,7GHF,Q60,A,1001
Severe acute respiratory syndrome coronavirus 2,7GHG,Q69,A,1001
Severe acute respiratory syndrome coronavirus 2,7GHH,Q6U,A,1001
Severe acute respiratory syndrome coronavirus 2,7GHI,Q7C,A,405
Severe acute respiratory syndrome coronavirus 2,7GHJ,Q7R,A,405
Severe acute respiratory syndrome coronavirus 2,7GHK,Q8I,A,1001
Severe acute respiratory syndrome coronavirus 2,7GHL,Q8O,A,1001
Severe acute respiratory syndrome coronavirus 2,7GHM,Q99,A,403
Severe acute respiratory syndrome coronavirus 2,7GHM,Q99,B,403
Severe acute respiratory syndrome coronavirus 2,7GHN,QBR,A,403
Severe acute respiratory syndrome coronavirus 2,7GHN,QBR,B,403
Severe acute respiratory syndrome coronavirus 2,7GHO,QC3,A,404
Severe acute respiratory syndrome coronavirus 2,7GHO,QC3,B,403
Severe acute respiratory syndrome coronavirus 2,7GHP,OYF,A,404
Severe acute respiratory syndrome coronavirus 2,7GHP,OYF,B,403
Severe acute respiratory syndrome coronavirus 2,7GHQ,OYX,B,404
Severe acute respiratory syndrome coronavirus 2,7GHQ,OYX,A,403
Severe acute respiratory syndrome coronavirus 2,7GHR,OZC,B,403
Severe acute respiratory syndrome coronavirus 2,7GHR,OZC,A,403
Severe acute respiratory syndrome coronavirus 2,7GHS,OVX,A,404
Severe acute respiratory syndrome coronavirus 2,7GHS,OVX,B,404
Severe acute respiratory syndrome coronavirus 2,7GHT,OWC,A,404
Severe acute respiratory syndrome coronavirus 2,7GHT,OWC,B,403
Severe acute respiratory syndrome coronavirus 2,7GHU,P4R,B,403
Severe acute respiratory syndrome coronavirus 2,7GHU,P4R,A,404
Severe acute respiratory syndrome coronavirus 2,7GHV,OZX,A,404
Severe acute respiratory syndrome coronavirus 2,7GHV,OZX,B,403
Severe acute respiratory syndrome coronavirus 2,7GHW,P3L,B,404
Severe acute respiratory syndrome coronavirus 2,7GHW,P3L,A,404
Severe acute respiratory syndrome coronavirus 2,7GHX,P7R,A,404
Severe acute respiratory syndrome coronavirus 2,7GHX,P7R,B,404
Severe acute respiratory syndrome coronavirus 2,7GHY,P9O,A,404
Severe acute respiratory syndrome coronavirus 2,7GHY,P9O,B,403
Severe acute respiratory syndrome coronavirus 2,7GHZ,PJX,B,403
Severe acute respiratory syndrome coronavirus 2,7GHZ,PJX,A,403
Severe acute respiratory syndrome coronavirus 2,7GI0,OQL,B,404
Severe acute respiratory syndrome coronavirus 2,7GI0,OQL,A,403
Severe acute respiratory syndrome coronavirus 2,7GI1,PJ6,B,405
Severe acute respiratory syndrome coronavirus 2,7GI1,PJ6,A,404
Severe acute respiratory syndrome coronavirus 2,7GI2,PQ6,A,404
Severe acute respiratory syndrome coronavirus 2,7GI2,PQ6,B,403
Severe acute respiratory syndrome coronavirus 2,7GI3,Q0I,B,404
Severe acute respiratory syndrome coronavirus 2,7GI3,Q0I,A,404
Severe acute respiratory syndrome coronavirus 2,7GI4,QCC,B,404
Severe acute respiratory syndrome coronavirus 2,7GI4,QCC,A,402
Severe acute respiratory syndrome coronavirus 2,7GI5,QCO,A,403
Severe acute respiratory syndrome coronavirus 2,7GI6,QD4,A,402
Severe acute respiratory syndrome coronavirus 2,7GI6,QD4,B,404
Severe acute respiratory syndrome coronavirus 2,7GI7,QD9,B,404
Severe acute respiratory syndrome coronavirus 2,7GI7,QD9,A,403
Severe acute respiratory syndrome coronavirus 2,7GI8,QDF,A,404
Severe acute respiratory syndrome coronavirus 2,7GI8,QDF,B,403
Severe acute respiratory syndrome coronavirus 2,7GI9,QDU,A,404
Severe acute respiratory syndrome coronavirus 2,7GI9,QDU,B,403
Severe acute respiratory syndrome coronavirus 2,7GIA,QE3,A,404
Severe acute respiratory syndrome coronavirus 2,7GIA,QE3,B,403
Severe acute respiratory syndrome coronavirus 2,7GIB,QER,A,404
Severe acute respiratory syndrome coronavirus 2,7GIB,QER,B,404
Severe acute respiratory syndrome coronavirus 2,7GIC,QEX,A,404
Severe acute respiratory syndrome coronavirus 2,7GIC,QEX,B,403
Severe acute respiratory syndrome coronavirus 2,7GID,QF5,A,404
Severe acute respiratory syndrome coronavirus 2,7GID,QF5,B,403
Severe acute respiratory syndrome coronavirus 2,7GIE,QF9,A,403
Severe acute respiratory syndrome coronavirus 2,7GIF,QFL,A,404
Severe acute respiratory syndrome coronavirus 2,7GIF,QFL,B,403
Severe acute respiratory syndrome coronavirus 2,7GIG,QFU,A,404
Severe acute respiratory syndrome coronavirus 2,7GIH,QG3,A,404
Severe acute respiratory syndrome coronavirus 2,7GIH,QG3,B,403
Severe acute respiratory syndrome coronavirus 2,7GII,QGC,A,404
Severe acute respiratory syndrome coronavirus 2,7GII,QGC,B,403
Severe acute respiratory syndrome coronavirus 2,7GIJ,QGO,A,405
Severe acute respiratory syndrome coronavirus 2,7GIJ,QGO,A,404
Severe acute respiratory syndrome coronavirus 2,7GIK,QGX,A,404
Severe acute respiratory syndrome coronavirus 2,7GIK,QGX,B,403
Severe acute respiratory syndrome coronavirus 2,7GIL,QH6,A,404
Severe acute respiratory syndrome coronavirus 2,7GIL,QH6,B,403
Severe acute respiratory syndrome coronavirus 2,7GIM,QHI,A,404
Severe acute respiratory syndrome coronavirus 2,7GIM,QHI,B,404
Severe acute respiratory syndrome coronavirus 2,7GIN,QHU,A,404
Severe acute respiratory syndrome coronavirus 2,7GIO,QI4,A,404
Severe acute respiratory syndrome coronavirus 2,7GIO,QI4,B,403
Severe acute respiratory syndrome coronavirus 2,7GIP,QI7,A,404
Severe acute respiratory syndrome coronavirus 2,7GIP,QI7,B,404
Severe acute respiratory syndrome coronavirus 2,7GIQ,QIM,A,404
Severe acute respiratory syndrome coronavirus 2,7GIQ,QIM,B,403
Severe acute respiratory syndrome coronavirus 2,7GIR,QIB,B,404
Severe acute respiratory syndrome coronavirus 2,7GIR,QIB,A,404
Severe acute respiratory syndrome coronavirus 2,7GIS,QIQ,A,404
Severe acute respiratory syndrome coronavirus 2,7GIS,QIQ,B,403
Severe acute respiratory syndrome coronavirus 2,7GIT,QIT,B,404
Severe acute respiratory syndrome coronavirus 2,7GIT,QIT,A,404
Severe acute respiratory syndrome coronavirus 2,7GIU,QIZ,B,404
Severe acute respiratory syndrome coronavirus 2,7GIU,QIZ,A,404
Severe acute respiratory syndrome coronavirus 2,7GIV,QJ6,A,404
Severe acute respiratory syndrome coronavirus 2,7GIV,QJ6,B,403
Severe acute respiratory syndrome coronavirus 2,7GIW,QJF,A,404
Severe acute respiratory syndrome coronavirus 2,7GIX,P4R,A,404
Severe acute respiratory syndrome coronavirus 2,7GIX,P4R,B,403
Severe acute respiratory syndrome coronavirus 2,7GIY,OI4,A,404
Severe acute respiratory syndrome coronavirus 2,7GIY,OI4,B,403
Severe acute respiratory syndrome coronavirus 2,7GIZ,PUU,B,403
Severe acute respiratory syndrome coronavirus 2,7GIZ,PUU,A,404
Severe acute respiratory syndrome coronavirus 2,7GJ0,QJL,A,404
Severe acute respiratory syndrome coronavirus 2,7GJ0,QJL,B,403
Severe acute respiratory syndrome coronavirus 2,7GJ1,QJR,A,404
Severe acute respiratory syndrome coronavirus 2,7GJ1,QJR,B,403
Severe acute respiratory syndrome coronavirus 2,7GJ2,QK3,A,404
Severe acute respiratory syndrome coronavirus 2,7GJ2,QK3,B,403
Severe acute respiratory syndrome coronavirus 2,7GJ3,PJ6,A,404
Severe acute respiratory syndrome coronavirus 2,7GJ3,PJ6,B,403
Severe acute respiratory syndrome coronavirus 2,7GJ4,QKB,A,404
Severe acute respiratory syndrome coronavirus 2,7GJ5,PJX,A,404
Severe acute respiratory syndrome coronavirus 2,7GJ6,QKI,B,404
Severe acute respiratory syndrome coronavirus 2,7GJ6,QKI,A,404
Severe acute respiratory syndrome coronavirus 2,7GJ7,Q0I,B,404
Severe acute respiratory syndrome coronavirus 2,7GJ7,Q0I,A,403
Severe acute respiratory syndrome coronavirus 2,7GJ8,QKR,A,404
Severe acute respiratory syndrome coronavirus 2,7GJ8,QKR,B,403
Severe acute respiratory syndrome coronavirus 2,7GJ9,QL3,B,406
Severe acute respiratory syndrome coronavirus 2,7GJ9,QL3,A,403
Severe acute respiratory syndrome coronavirus 2,7GJA,QLC,A,404
Severe acute respiratory syndrome coronavirus 2,7GJA,QLC,B,403
Severe acute respiratory syndrome coronavirus 2,7GJB,QLO,A,404
Severe acute respiratory syndrome coronavirus 2,7GJB,QLO,B,404
Severe acute respiratory syndrome coronavirus 2,7GJC,QM3,B,403
Severe acute respiratory syndrome coronavirus 2,7GJC,QM3,A,403
Severe acute respiratory syndrome coronavirus 2,7GJD,QM9,A,404
Severe acute respiratory syndrome coronavirus 2,7GJD,QM9,B,403
Severe acute respiratory syndrome coronavirus 2,7GJE,QML,B,404
Severe acute respiratory syndrome coronavirus 2,7GJE,QML,A,404
Severe acute respiratory syndrome coronavirus 2,7GJF,QMX,A,404
Severe acute respiratory syndrome coronavirus 2,7GJF,QMX,B,403
Severe acute respiratory syndrome coronavirus 2,7GJG,QN9,A,404
Severe acute respiratory syndrome coronavirus 2,7GJH,QNU,A,404
Severe acute respiratory syndrome coronavirus 2,7GJH,QNU,B,403
Severe acute respiratory syndrome coronavirus 2,7GJI,QO0,B,404
Severe acute respiratory syndrome coronavirus 2,7GJI,QO0,A,402
Severe acute respiratory syndrome coronavirus 2,7GJJ,QOO,A,403
Severe acute respiratory syndrome coronavirus 2,7GJK,QOU,A,404
Severe acute respiratory syndrome coronavirus 2,7GJL,QOC,A,403
Severe acute respiratory syndrome coronavirus 2,7GJM,QP0,A,404
Severe acute respiratory syndrome coronavirus 2,7GJN,QP6,A,404
Severe acute respiratory syndrome coronavirus 2,7GJN,QP6,B,404
Severe acute respiratory syndrome coronavirus 2,7GJO,QIZ,A,404
Severe acute respiratory syndrome coronavirus 2,7GJP,QPQ,A,404
Severe acute respiratory syndrome coronavirus 2,7GJQ,QQ6,A,404
Severe acute respiratory syndrome coronavirus 2,7GJR,QQF,A,403
Severe acute respiratory syndrome coronavirus 2,7GJS,QQO,A,404
Severe acute respiratory syndrome coronavirus 2,7GJT,QQU,A,403
Severe acute respiratory syndrome coronavirus 2,7GJU,QR5,A,404
Severe acute respiratory syndrome coronavirus 2,7GJV,QP6,B,403
Severe acute respiratory syndrome coronavirus 2,7GJV,QP6,A,404
Severe acute respiratory syndrome coronavirus 2,7GJW,QR9,A,408
Severe acute respiratory syndrome coronavirus 2,7GJX,QNU,A,408
Severe acute respiratory syndrome coronavirus 2,7GJY,QRS,A,406
Severe acute respiratory syndrome coronavirus 2,7GJZ,QRF,B,403
Severe acute respiratory syndrome coronavirus 2,7GJZ,QRF,A,407
Severe acute respiratory syndrome coronavirus 2,7GK0,QS3,A,408
Severe acute respiratory syndrome coronavirus 2,7GK1,QSF,A,407
Severe acute respiratory syndrome coronavirus 2,7GK2,QSX,A,408
Severe acute respiratory syndrome coronavirus 2,7GK3,QT3,A,408
Severe acute respiratory syndrome coronavirus 2,7GK4,QTC,A,408
Severe acute respiratory syndrome coronavirus 2,7GK5,QC3,B,403
Severe acute respiratory syndrome coronavirus 2,7GK5,QC3,A,408
Severe acute respiratory syndrome coronavirus 2,7GK6,QTL,A,408
Severe acute respiratory syndrome coronavirus 2,7GK7,QU9,A,406
Severe acute respiratory syndrome coronavirus 2,7GK8,QUQ,A,406
Severe acute respiratory syndrome coronavirus 2,7GK8,QUQ,B,404
Severe acute respiratory syndrome coronavirus 2,7GK9,QV0,B,403
Severe acute respiratory syndrome coronavirus 2,7GK9,QV0,A,408
Severe acute respiratory syndrome coronavirus 2,7GKA,QV9,B,403
Severe acute respiratory syndrome coronavirus 2,7GKA,QV9,A,408
Severe acute respiratory syndrome coronavirus 2,7GKB,QVG,B,403
Severe acute respiratory syndrome coronavirus 2,7GKB,QVG,A,408
Severe acute respiratory syndrome coronavirus 2,7GKC,QVJ,A,408
Severe acute respiratory syndrome coronavirus 2,7GKC,QVJ,B,403
Severe acute respiratory syndrome coronavirus 2,7GKD,QVU,A,407
Severe acute respiratory syndrome coronavirus 2,7GKE,QW1,B,403
Severe acute respiratory syndrome coronavirus 2,7GKE,QW1,A,408
Severe acute respiratory syndrome coronavirus 2,7GKF,QWL,A,408
Severe acute respiratory syndrome coronavirus 2,7GKG,QWU,A,408
Severe acute respiratory syndrome coronavirus 2,7GKH,QX3,A,408
Severe acute respiratory syndrome coronavirus 2,7GKI,QX9,A,407
Severe acute respiratory syndrome coronavirus 2,7GKJ,QXI,B,403
Severe acute respiratory syndrome coronavirus 2,7GKJ,QXI,A,408
Severe acute respiratory syndrome coronavirus 2,7GKK,QXR,B,403
Severe acute respiratory syndrome coronavirus 2,7GKK,QXR,A,408
Severe acute respiratory syndrome coronavirus 2,7GKL,QXX,A,408
Severe acute respiratory syndrome coronavirus 2,7GKM,QY6,B,405
Severe acute respiratory syndrome coronavirus 2,7GKM,QY6,A,407
Severe acute respiratory syndrome coronavirus 2,7GKN,QYI,A,407
Severe acute respiratory syndrome coronavirus 2,7GKN,QYI,B,404
Severe acute respiratory syndrome coronavirus 2,7GKO,QYN,A,407
Severe acute respiratory syndrome coronavirus 2,7GKO,QYN,B,403
Severe acute respiratory syndrome coronavirus 2,7GKP,QYR,A,407
Severe acute respiratory syndrome coronavirus 2,7GKQ,QZ0,A,408
Severe acute respiratory syndrome coronavirus 2,7GKQ,QZ0,B,403
Severe acute respiratory syndrome coronavirus 2,7GKR,QZC,B,403
Severe acute respiratory syndrome coronavirus 2,7GKR,QZC,A,408
Severe acute respiratory syndrome coronavirus 2,7GKS,QZL,B,403
Severe acute respiratory syndrome coronavirus 2,7GKS,QZL,A,406
Severe acute respiratory syndrome coronavirus 2,7GKT,QZU,A,408
Severe acute respiratory syndrome coronavirus 2,7GKU,R08,A,407
Severe acute respiratory syndrome coronavirus 2,7GKU,R08,B,403
Severe acute respiratory syndrome coronavirus 2,7GKV,R0F,A,406
Severe acute respiratory syndrome coronavirus 2,7GKV,R0F,B,404
Severe acute respiratory syndrome coronavirus 2,7GKW,R0Q,A,408
Severe acute respiratory syndrome coronavirus 2,7GKX,R1I,A,407
Severe acute respiratory syndrome coronavirus 2,7GKY,R1U,B,403
Severe acute respiratory syndrome coronavirus 2,7GKY,R1U,A,408
Severe acute respiratory syndrome coronavirus 2,7GKZ,R2L,A,408
Severe acute respiratory syndrome coronavirus 2,7GL0,R2X,A,407
Severe acute respiratory syndrome coronavirus 2,7GL1,R3I,A,407
Severe acute respiratory syndrome coronavirus 2,7GL1,R3I,B,404
Severe acute respiratory syndrome coronavirus 2,7GL2,R43,A,406
Severe acute respiratory syndrome coronavirus 2,7GL2,R43,B,403
Severe acute respiratory syndrome coronavirus 2,7GL3,R4X,A,406
Severe acute respiratory syndrome coronavirus 2,7GL3,R4X,B,403
Severe acute respiratory syndrome coronavirus 2,7GL4,R5H,A,406
Severe acute respiratory syndrome coronavirus 2,7GL4,R5H,B,403
Severe acute respiratory syndrome coronavirus 2,7GL5,R5O,A,407
Severe acute respiratory syndrome coronavirus 2,7GL5,R5O,B,403
Severe acute respiratory syndrome coronavirus 2,7GL6,R66,B,403
Severe acute respiratory syndrome coronavirus 2,7GL6,R66,A,408
Severe acute respiratory syndrome coronavirus 2,7GL7,R6L,A,408
Severe acute respiratory syndrome coronavirus 2,7GL7,R6L,B,403
Severe acute respiratory syndrome coronavirus 2,7GL8,KG9,A,407
Severe acute respiratory syndrome coronavirus 2,7GL8,KG9,B,403
Severe acute respiratory syndrome coronavirus 2,7GL9,QM3,A,408
Severe acute respiratory syndrome coronavirus 2,7GL9,QM3,B,403
Severe acute respiratory syndrome coronavirus 2,7GLA,R7F,A,407
Severe acute respiratory syndrome coronavirus 2,7GLA,R7F,B,403
Severe acute respiratory syndrome coronavirus 2,7GLB,R76,B,403
Severe acute respiratory syndrome coronavirus 2,7GLB,R76,A,407
Severe acute respiratory syndrome coronavirus 2,7GLC,R87,A,407
Severe acute respiratory syndrome coronavirus 2,7GLD,R8I,A,406
Severe acute respiratory syndrome coronavirus 2,7GLE,R8O,A,406
Severe acute respiratory syndrome coronavirus 2,7GLF,R8X,A,407
Severe acute respiratory syndrome coronavirus 2,7GLF,R8X,B,404
Severe acute respiratory syndrome coronavirus 2,7GLG,R95,B,404
Severe acute respiratory syndrome coronavirus 2,7GLG,R95,A,406
Severe acute respiratory syndrome coronavirus 2,7GLH,R9E,A,407
Severe acute respiratory syndrome coronavirus 2,7GLI,R9I,B,403
Severe acute respiratory syndrome coronavirus 2,7GLI,R9I,A,406
Severe acute respiratory syndrome coronavirus 2,7GLJ,R9R,B,405
Severe acute respiratory syndrome coronavirus 2,7GLJ,R9R,A,407
Severe acute respiratory syndrome coronavirus 2,7GLK,R9Z,B,403
Severe acute respiratory syndrome coronavirus 2,7GLK,R9Z,A,406
Severe acute respiratory syndrome coronavirus 2,7GLL,RAQ,A,406
Severe acute respiratory syndrome coronavirus 2,7GLL,RAQ,B,404
Severe acute respiratory syndrome coronavirus 2,7GLM,RBM,B,404
Severe acute respiratory syndrome coronavirus 2,7GLM,RBM,A,407
Severe acute respiratory syndrome coronavirus 2,7GLN,RBX,A,407
Severe acute respiratory syndrome coronavirus 2,7GLN,RBX,B,404
Severe acute respiratory syndrome coronavirus 2,7GLO,L6D,A,408
Severe acute respiratory syndrome coronavirus 2,7GLO,L6D,B,405
Severe acute respiratory syndrome coronavirus 2,7GLP,860,A,408
Severe acute respiratory syndrome coronavirus 2,7GLQ,NM0,A,408
Severe acute respiratory syndrome coronavirus 2,7GLQ,NM0,B,405
Severe acute respiratory syndrome coronavirus 2,7GLR,O0X,A,408
Severe acute respiratory syndrome coronavirus 2,7GLS,OE6,A,407
Severe acute respiratory syndrome coronavirus 2,7GLT,RC9,A,407
Severe acute respiratory syndrome coronavirus 2,7GLT,RC9,B,405
Severe acute respiratory syndrome coronavirus 2,7GLU,RD5,A,408
Severe acute respiratory syndrome coronavirus 2,7GLU,RD5,B,404
Severe acute respiratory syndrome coronavirus 2,7GLV,R76,A,408
Severe acute respiratory syndrome coronavirus 2,7GLV,R76,B,405
Severe acute respiratory syndrome coronavirus 2,7GLW,RDK,A,409
Severe acute respiratory syndrome coronavirus 2,7GLW,RDK,B,404
Severe acute respiratory syndrome coronavirus 2,7GLX,RDQ,A,408
Severe acute respiratory syndrome coronavirus 2,7GLX,RDQ,B,405
Severe acute respiratory syndrome coronavirus 2,7GLY,RDX,A,407
Severe acute respiratory syndrome coronavirus 2,7GLY,RDX,B,405
Severe acute respiratory syndrome coronavirus 2,7GLZ,REU,A,408
Severe acute respiratory syndrome coronavirus 2,7GLZ,REU,B,405
Severe acute respiratory syndrome coronavirus 2,7GM0,RFF,B,405
Severe acute respiratory syndrome coronavirus 2,7GM0,RFF,A,407
Severe acute respiratory syndrome coronavirus 2,7GM1,RFR,A,407
Severe acute respiratory syndrome coronavirus 2,7GM2,RG3,B,405
Severe acute respiratory syndrome coronavirus 2,7GM2,RG3,A,407
Severe acute respiratory syndrome coronavirus 2,7GM3,RG9,B,405
Severe acute respiratory syndrome coronavirus 2,7GM3,RG9,A,407
Severe acute respiratory syndrome coronavirus 2,7GM4,RGQ,A,407
Severe acute respiratory syndrome coronavirus 2,7GM4,RGQ,B,405
Severe acute respiratory syndrome coronavirus 2,7GM5,RGX,A,407
Severe acute respiratory syndrome coronavirus 2,7GM5,RGX,B,404
Severe acute respiratory syndrome coronavirus 2,7GM6,RHI,B,406
Severe acute respiratory syndrome coronavirus 2,7GM6,RHI,A,406
Severe acute respiratory syndrome coronavirus 2,7GM7,RI1,B,405
Severe acute respiratory syndrome coronavirus 2,7GM7,RI1,A,407
Severe acute respiratory syndrome coronavirus 2,7GM8,RI6,A,407
Severe acute respiratory syndrome coronavirus 2,7GM9,RIJ,A,407
Severe acute respiratory syndrome coronavirus 2,7GM9,RIJ,B,403
Severe acute respiratory syndrome coronavirus 2,7GMA,R2X,A,408
Severe acute respiratory syndrome coronavirus 2,7GMB,RIU,A,407
Severe acute respiratory syndrome coronavirus 2,7GMB,RIU,B,405
Severe acute respiratory syndrome coronavirus 2,7GMC,RIY,A,406
Severe acute respiratory syndrome coronavirus 2,7GMC,RIY,B,405
Severe acute respiratory syndrome coronavirus 2,7GMD,R2X,A,408
Severe acute respiratory syndrome coronavirus 2,7GME,RJ3,B,406
Severe acute respiratory syndrome coronavirus 2,7GME,RJ3,A,407
Severe acute respiratory syndrome coronavirus 2,7GMF,RJF,A,408
Severe acute respiratory syndrome coronavirus 2,7GMF,RJF,B,405
Severe acute respiratory syndrome coronavirus 2,7GMG,RJO,B,404
Severe acute respiratory syndrome coronavirus 2,7GMG,RJO,A,407
Severe acute respiratory syndrome coronavirus 2,7GMH,RJX,B,404
Severe acute respiratory syndrome coronavirus 2,7GMH,RJX,A,408
Severe acute respiratory syndrome coronavirus 2,7GMI,RK6,B,406
Severe acute respiratory syndrome coronavirus 2,7GMI,RK6,A,407
Severe acute respiratory syndrome coronavirus 2,7GMJ,RKC,A,409
Severe acute respiratory syndrome coronavirus 2,7GMJ,RKC,B,404
Severe acute respiratory syndrome coronavirus 2,7GMK,RKR,B,404
Severe acute respiratory syndrome coronavirus 2,7GMK,RKR,A,408
Severe acute respiratory syndrome coronavirus 2,7GML,RL0,A,408
Severe acute respiratory syndrome coronavirus 2,7GML,RL0,B,405
Severe acute respiratory syndrome coronavirus 2,7GMM,RL8,B,405
Severe acute respiratory syndrome coronavirus 2,7GMM,RL8,A,408
Severe acute respiratory syndrome coronavirus 2,7GMN,RLH,A,408
Severe acute respiratory syndrome coronavirus 2,7GMO,RLR,A,408
Severe acute respiratory syndrome coronavirus 2,7GMP,RM3,A,407
Severe acute respiratory syndrome coronavirus 2,7GMQ,RMI,A,407
Severe acute respiratory syndrome coronavirus 2,7GMQ,RMI,B,405
Severe acute respiratory syndrome coronavirus 2,7GMR,RN0,A,407
Severe acute respiratory syndrome coronavirus 2,7GMR,RN0,B,406
Severe acute respiratory syndrome coronavirus 2,7GMS,RNI,A,407
Severe acute respiratory syndrome coronavirus 2,7GMT,ROZ,A,408
Severe acute respiratory syndrome coronavirus 2,7GMU,RPK,A,407
Severe acute respiratory syndrome coronavirus 2,7GMV,RPZ,B,405
Severe acute respiratory syndrome coronavirus 2,7GMV,RPZ,A,407
Severe acute respiratory syndrome coronavirus 2,7GMW,RQ6,A,408
Severe acute respiratory syndrome coronavirus 2,7GMX,RQO,A,407
Severe acute respiratory syndrome coronavirus 2,7GMY,RQF,A,407
Severe acute respiratory syndrome coronavirus 2,7GMZ,RR0,A,407
Severe acute respiratory syndrome coronavirus 2,7GMZ,RR0,B,404
Severe acute respiratory syndrome coronavirus 2,7GN0,RRD,A,407
Severe acute respiratory syndrome coronavirus 2,7GN1,RRU,A,407
Severe acute respiratory syndrome coronavirus 2,7GN2,RS6,A,408
Severe acute respiratory syndrome coronavirus 2,7GN2,RS6,B,405
Severe acute respiratory syndrome coronavirus 2,7GN3,RSL,A,407
Severe acute respiratory syndrome coronavirus 2,7GN4,RT4,A,408
Severe acute respiratory syndrome coronavirus 2,7GN4,RT4,B,405
Severe acute respiratory syndrome coronavirus 2,7GN5,RT9,B,405
Severe acute respiratory syndrome coronavirus 2,7GN5,RT9,A,407
Severe acute respiratory syndrome coronavirus 2,7GN6,RTS,A,406
Severe acute respiratory syndrome coronavirus 2,7GN7,RV0,A,407
Severe acute respiratory syndrome coronavirus 2,7GN8,RPZ,A,407
Severe acute respiratory syndrome coronavirus 2,7GN8,RPZ,B,404
Severe acute respiratory syndrome coronavirus 2,7GN9,RVL,A,406
Severe acute respiratory syndrome coronavirus 2,7GN9,RVL,B,404
Severe acute respiratory syndrome coronavirus 2,7GNA,RVR,A,406
Severe acute respiratory syndrome coronavirus 2,7GNB,RW0,A,406
Severe acute respiratory syndrome coronavirus 2,7GNB,RW0,B,402
Severe acute respiratory syndrome coronavirus 2,7GNC,RW9,A,408
Severe acute respiratory syndrome coronavirus 2,7GNC,RW9,B,404
Severe acute respiratory syndrome coronavirus 2,7GND,RVR,B,404
Severe acute respiratory syndrome coronavirus 2,7GND,RVR,A,408
Severe acute respiratory syndrome coronavirus 2,7GNE,RWO,A,407
Severe acute respiratory syndrome coronavirus 2,7GNE,RWO,B,405
Severe acute respiratory syndrome coronavirus 2,7GNF,RWT,B,405
Severe acute respiratory syndrome coronavirus 2,7GNF,RWT,A,408
Severe acute respiratory syndrome coronavirus 2,7GNG,RXU,B,404
Severe acute respiratory syndrome coronavirus 2,7GNG,RXU,A,408
Severe acute respiratory syndrome coronavirus 2,7GNH,RYB,A,406
Severe acute respiratory syndrome coronavirus 2,7GNH,RYB,B,404
Severe acute respiratory syndrome coronavirus 2,7GNI,RZF,B,404
Severe acute respiratory syndrome coronavirus 2,7GNI,RZF,A,408
Severe acute respiratory syndrome coronavirus 2,7GNJ,RZU,A,407
Severe acute respiratory syndrome coronavirus 2,7GNJ,RZU,B,404
Severe acute respiratory syndrome coronavirus 2,7GNK,S0X,B,404
Severe acute respiratory syndrome coronavirus 2,7GNK,S0X,A,407
Severe acute respiratory syndrome coronavirus 2,7GNL,S1U,A,407
Severe acute respiratory syndrome coronavirus 2,7GNL,S1U,B,404
Severe acute respiratory syndrome coronavirus 2,7GNM,S1L,B,407
Severe acute respiratory syndrome coronavirus 2,7GNM,S1L,A,408
Severe acute respiratory syndrome coronavirus 2,7GNN,S39,A,407
Severe acute respiratory syndrome coronavirus 2,7GNN,S39,B,404
Severe acute respiratory syndrome coronavirus 2,7GNO,S3X,B,405
Severe acute respiratory syndrome coronavirus 2,7GNO,S3X,A,406
Severe acute respiratory syndrome coronavirus 2,7GNP,S4X,A,406
Severe acute respiratory syndrome coronavirus 2,7GNP,S4X,B,405
Severe acute respiratory syndrome coronavirus 2,7GNQ,S5L,B,404
Severe acute respiratory syndrome coronavirus 2,7GNQ,S5L,A,405
Severe acute respiratory syndrome coronavirus 2,7GNR,RZU,A,408
Severe acute respiratory syndrome coronavirus 2,7GNR,RZU,B,404
Severe acute respiratory syndrome coronavirus 2,7GNS,S6K,A,406
Severe acute respiratory syndrome coronavirus 2,7GNS,S6K,B,404
Severe acute respiratory syndrome coronavirus 2,7GNT,S7C,A,408
Severe acute respiratory syndrome coronavirus 2,7GNT,S7C,B,404
Severe acute respiratory syndrome coronavirus 2,7GNU,S7U,A,407
Severe acute respiratory syndrome coronavirus 2,7GNU,S7U,B,404
Severe acute respiratory syndrome coronavirus 2,7GRE,XWH,A,501
Severe acute respiratory syndrome coronavirus 2,7GRF,XWZ,A,501
Severe acute respiratory syndrome coronavirus 2,7GRF,XWZ,B,401
Severe acute respiratory syndrome coronavirus 2,7GRG,Y2C,B,602
Severe acute respiratory syndrome coronavirus 2,7GRG,Y2C,A,1501
Severe acute respiratory syndrome coronavirus 2,7GRH,Y25,B,512
Severe acute respiratory syndrome coronavirus 2,7GRH,Y25,A,509
Severe acute respiratory syndrome coronavirus 2,7GRI,Y1R,A,503
Severe acute respiratory syndrome coronavirus 2,7GRI,Y1R,B,603
Severe acute respiratory syndrome coronavirus 2,7GRJ,Y1L,A,403
Severe acute respiratory syndrome coronavirus 2,7GRJ,Y1L,B,405
Severe acute respiratory syndrome coronavirus 2,7GRK,Y1H,A,402
Severe acute respiratory syndrome coronavirus 2,7GRL,Y1C,A,401
Severe acute respiratory syndrome coronavirus 2,7GRM,ZHA,B,402
Severe acute respiratory syndrome coronavirus 2,7GRN,Y0W,B,502
Severe acute respiratory syndrome coronavirus 2,7GRO,Y3N,A,401
Severe acute respiratory syndrome coronavirus 2,7GRP,VXQ,A,401
Severe acute respiratory syndrome coronavirus 2,7GRQ,Y0S,A,402
Severe acute respiratory syndrome coronavirus 2,7GRR,Y0O,A,502
Severe acute respiratory syndrome coronavirus 2,7GRS,NT9,B,402
Severe acute respiratory syndrome coronavirus 2,7GRS,NT9,B,403
Severe acute respiratory syndrome coronavirus 2,7GRT,Y0L,A,601
Severe acute respiratory syndrome coronavirus 2,7GRU,Y0H,B,402
Severe acute respiratory syndrome coronavirus 2,7GRV,Y0C,B,401
Severe acute respiratory syndrome coronavirus 2,7GRV,Y0C,A,401
Severe acute respiratory syndrome coronavirus 2,7GRW,XZX,A,502
Severe acute respiratory syndrome coronavirus 2,7GRW,XZX,B,603
Severe acute respiratory syndrome coronavirus 2,7GRX,XZT,B,403
Severe acute respiratory syndrome coronavirus 2,7GRY,XZO,B,405
Severe acute respiratory syndrome coronavirus 2,7GRZ,XZI,B,1502
Severe acute respiratory syndrome coronavirus 2,7GS0,XZE,A,402
Severe acute respiratory syndrome coronavirus 2,7GS1,GT7,A,1503
Severe acute respiratory syndrome coronavirus 2,7GS2,5F8,A,1501
Severe acute respiratory syndrome coronavirus 2,7GS3,JAH,A,402
Severe acute respiratory syndrome coronavirus 2,7GS4,XZ6,A,702
Severe acute respiratory syndrome coronavirus 2,7GS5,0TI,B,402
Severe acute respiratory syndrome coronavirus 2,7GS5,0TI,B,401
Severe acute respiratory syndrome coronavirus 2,7GS5,0TI,A,401
Severe acute respiratory syndrome coronavirus 2,7GS6,XXN,A,602
Severe acute respiratory syndrome coronavirus 2,7GS6,XXN,B,405
Severe acute respiratory syndrome coronavirus 2,7GS6,XXN,B,404
Severe acute respiratory syndrome coronavirus 2,7GZ7,QL6,A,201
Severe acute respiratory syndrome coronavirus 2,7JHE,V9G,A,7103
Severe acute respiratory syndrome coronavirus 2,7JHE,MGP,A,7104
Severe acute respiratory syndrome coronavirus 2,7JHE,SAH,A,7102
Severe acute respiratory syndrome coronavirus 2,7JIB,MGP,A,7107
Severe acute respiratory syndrome coronavirus 2,7JIB,V9G,A,7106
Severe acute respiratory syndrome coronavirus 2,7JIB,GTA,A,7105
Severe acute respiratory syndrome coronavirus 2,7JIB,SAH,A,7104
Severe acute respiratory syndrome coronavirus 2,7JIB,SAM,A,7103
Severe acute respiratory syndrome coronavirus 2,7JIR,TTT,A,501
Severe acute respiratory syndrome coronavirus 2,7JIT,Y95,A,501
Severe acute respiratory syndrome coronavirus 2,7JIV,VBY,A,501
Severe acute respiratory syndrome coronavirus 2,7JIW,VBY,A,501
Severe acute respiratory syndrome coronavirus 2,7JJI,VCG,B,1503
Severe acute respiratory syndrome coronavirus 2,7JJI,VCG,A,1302
Severe acute respiratory syndrome coronavirus 2,7JJI,EIC,C,1501
Severe acute respiratory syndrome coronavirus 2,7JJI,EIC,B,1501
Severe acute respiratory syndrome coronavirus 2,7JJI,VCG,C,1503
Severe acute respiratory syndrome coronavirus 2,7JJI,EIC,A,1303
Severe acute respiratory syndrome coronavirus 2,7JKV,V7G,A,401
Severe acute respiratory syndrome coronavirus 2,7JKV,V7G,B,401
Severe acute respiratory syndrome coronavirus 2,7JME,CMP,A,401
Severe acute respiratory syndrome coronavirus 2,7JN2,Y41,A,501
Severe acute respiratory syndrome coronavirus 2,7JP0,VJA,A,401
Severe acute respiratory syndrome coronavirus 2,7JPE,SAM,A,302
Severe acute respiratory syndrome coronavirus 2,7JPE,GTA,A,301
Severe acute respiratory syndrome coronavirus 2,7JPZ,GHX,A,401
Severe acute respiratory syndrome coronavirus 2,7JQ0,VHV,A,401
Severe acute respiratory syndrome coronavirus 2,7JQ1,VHJ,A,401
Severe acute respiratory syndrome coronavirus 2,7JQ2,VHM,A,401
Severe acute respiratory syndrome coronavirus 2,7JQ3,VHP,A,401
Severe acute respiratory syndrome coronavirus 2,7JQ4,XM2,A,401
Severe acute respiratory syndrome coronavirus 2,7JQ5,NOL,A,401
Severe acute respiratory syndrome coronavirus 2,7JR4,MLZ,A,61
Severe acute respiratory syndrome coronavirus 2,7JRN,TTT,A,401
Severe acute respiratory syndrome coronavirus 2,7JRN,TTT,J,401
Severe acute respiratory syndrome coronavirus 2,7JSU,UED,A,401
Severe acute respiratory syndrome coronavirus 2,7JT0,LW1,A,401
Severe acute respiratory syndrome coronavirus 2,7JT7,TG3,A,401
Severe acute respiratory syndrome coronavirus 2,7JU7,G65,A,401
Severe acute respiratory syndrome coronavirus 2,7JW8,TG3,A,401
Severe acute respiratory syndrome coronavirus 2,7JW8,TG3,B,401
Severe acute respiratory syndrome coronavirus 2,7JW8,TG3,C,401
Severe acute respiratory syndrome coronavirus 2,7JW8,TG3,D,401
Severe acute respiratory syndrome coronavirus 2,7JW8,BTB,A,402
Severe acute respiratory syndrome coronavirus 2,7JW8,BTB,D,402
Severe acute respiratory syndrome coronavirus 2,7JYC,NNA,A,401
Severe acute respiratory syndrome coronavirus 2,7JYY,SAM,A,7101
Severe acute respiratory syndrome coronavirus 2,7JYY,SAM,C,7101
Severe acute respiratory syndrome coronavirus 2,7JZ0,SAH,A,7101
Severe acute respiratory syndrome coronavirus 2,7JZ0,A2M,F,1
Severe acute respiratory syndrome coronavirus 2,7JZ0,SAH,C,7101
Severe acute respiratory syndrome coronavirus 2,7JZ0,A2M,E,1
Severe acute respiratory syndrome coronavirus 2,7K0E,K36,B,402
Severe acute respiratory syndrome coronavirus 2,7K0E,K36,A,401
Severe acute respiratory syndrome coronavirus 2,7K0F,VR4,B,401
Severe acute respiratory syndrome coronavirus 2,7K0F,VR4,A,401
Severe acute respiratory syndrome coronavirus 2,7K0R,U5P,E,401
Severe acute respiratory syndrome coronavirus 2,7K0R,U5P,A,401
Severe acute respiratory syndrome coronavirus 2,7K0R,U5P,B,401
Severe acute respiratory syndrome coronavirus 2,7K0R,U5P,C,401
Severe acute respiratory syndrome coronavirus 2,7K0R,U5P,F,401
Severe acute respiratory syndrome coronavirus 2,7K0R,U5P,D,401
Severe acute respiratory syndrome coronavirus 2,7K1L,UVC,A,401
Severe acute respiratory syndrome coronavirus 2,7K1L,UVC,B,401
Severe acute respiratory syndrome coronavirus 2,7K1O,VQV,B,401
Severe acute respiratory syndrome coronavirus 2,7K1O,VQV,A,401
Severe acute respiratory syndrome coronavirus 2,7K1O,VQV,C,401
Severe acute respiratory syndrome coronavirus 2,7K40,U5G,A,401
Severe acute respiratory syndrome coronavirus 2,7K6D,SV6,A,402
Severe acute respiratory syndrome coronavirus 2,7K6E,SV6,A,402
Severe acute respiratory syndrome coronavirus 2,7KG3,MLI,A,201
Severe acute respiratory syndrome coronavirus 2,7KG3,MLI,A,202
Severe acute respiratory syndrome coronavirus 2,7KGO,3NI,A,302
Severe acute respiratory syndrome coronavirus 2,7KGO,3NI,A,301
Severe acute respiratory syndrome coronavirus 2,7KGO,3NI,B,101
Severe acute respiratory syndrome coronavirus 2,7KJR,PEE,B,301
Severe acute respiratory syndrome coronavirus 2,7KJR,PEE,A,301
Severe acute respiratory syndrome coronavirus 2,7KMH,PRO,C,603
Severe acute respiratory syndrome coronavirus 2,7KOA,GTA,A,301
Severe acute respiratory syndrome coronavirus 2,7KOA,SAM,A,302
Severe acute respiratory syndrome coronavirus 2,7KOA,GTA,A,303
Severe acute respiratory syndrome coronavirus 2,7KOJ,Y94,A,501
Severe acute respiratory syndrome coronavirus 2,7KOK,Y96,A,501
Severe acute respiratory syndrome coronavirus 2,7KOL,Y96,A,501
Severe acute respiratory syndrome coronavirus 2,7KQP,AR6,A,201
Severe acute respiratory syndrome coronavirus 2,7KQW,MLY,A,158
Severe acute respiratory syndrome coronavirus 2,7KQW,MLY,A,11
Severe acute respiratory syndrome coronavirus 2,7KQW,MLY,A,28
Severe acute respiratory syndrome coronavirus 2,7KQW,SNM,A,-2
Severe acute respiratory syndrome coronavirus 2,7KQW,MLY,A,163
Severe acute respiratory syndrome coronavirus 2,7KRI,X0Y,C,204
Severe acute respiratory syndrome coronavirus 2,7KRI,MLI,C,202
Severe acute respiratory syndrome coronavirus 2,7KRI,X0Y,C,203
Severe acute respiratory syndrome coronavirus 2,7KRI,X0Y,B,202
Severe acute respiratory syndrome coronavirus 2,7KRI,X0Y,A,202
Severe acute respiratory syndrome coronavirus 2,7KRI,X0Y,A,203
Severe acute respiratory syndrome coronavirus 2,7KRI,X0Y,B,203
Severe acute respiratory syndrome coronavirus 2,7KRN,1N7,E,707
Severe acute respiratory syndrome coronavirus 2,7KRN,1N7,A,1006
Severe acute respiratory syndrome coronavirus 2,7KRN,AF3,E,706
Severe acute respiratory syndrome coronavirus 2,7KRN,1N7,A,1005
Severe acute respiratory syndrome coronavirus 2,7KRO,1N7,A,1006
Severe acute respiratory syndrome coronavirus 2,7KRO,AF3,F,1005
Severe acute respiratory syndrome coronavirus 2,7KRO,1N7,E,707
Severe acute respiratory syndrome coronavirus 2,7KRO,1N7,A,1005
Severe acute respiratory syndrome coronavirus 2,7KRO,AF3,E,706
Severe acute respiratory syndrome coronavirus 2,7KRP,1N7,A,1005
Severe acute respiratory syndrome coronavirus 2,7KRP,1N7,A,1006
Severe acute respiratory syndrome coronavirus 2,7KRP,1N7,D,201
Severe acute respiratory syndrome coronavirus 2,7KRX,Y41,A,501
Severe acute respiratory syndrome coronavirus 2,7KVL,SER,B,702
Severe acute respiratory syndrome coronavirus 2,7KVL,X4P,A,503
Severe acute respiratory syndrome coronavirus 2,7KVR,X4V,B,703
Severe acute respiratory syndrome coronavirus 2,7KX5,X7V,A,401
Severe acute respiratory syndrome coronavirus 2,7KXB,XB1,A,201
Severe acute respiratory syndrome coronavirus 2,7KYU,XC4,A,501
Severe acute respiratory syndrome coronavirus 2,7L0D,0EN,A,401
Severe acute respiratory syndrome coronavirus 2,7L0N,PG5,H,702
Severe acute respiratory syndrome coronavirus 2,7L10,XEY,A,400
Severe acute respiratory syndrome coronavirus 2,7L11,XF1,B,400
Severe acute respiratory syndrome coronavirus 2,7L11,XF1,A,400
Severe acute respiratory syndrome coronavirus 2,7L12,XF4,A,401
Severe acute respiratory syndrome coronavirus 2,7L13,XF7,A,401
Severe acute respiratory syndrome coronavirus 2,7L14,XFD,A,400
Severe acute respiratory syndrome coronavirus 2,7L14,XFD,B,400
Severe acute respiratory syndrome coronavirus 2,7L1F,F86,P,16
Severe acute respiratory syndrome coronavirus 2,7L1F,F86,P,15
Severe acute respiratory syndrome coronavirus 2,7L1F,F86,P,14
Severe acute respiratory syndrome coronavirus 2,7L1F,F86,P,17
Severe acute respiratory syndrome coronavirus 2,7L5D,XNJ,A,401
Severe acute respiratory syndrome coronavirus 2,7L6R,A2M,C,1
Severe acute respiratory syndrome coronavirus 2,7L6R,SAH,A,7105
Severe acute respiratory syndrome coronavirus 2,7L6T,SAH,A,7104
Severe acute respiratory syndrome coronavirus 2,7L6T,A2M,C,1
Severe acute respiratory syndrome coronavirus 2,7L8I,AG7,A,401
Severe acute respiratory syndrome coronavirus 2,7L8I,AG7,B,401
Severe acute respiratory syndrome coronavirus 2,7L8J,AG7,A,401
Severe acute respiratory syndrome coronavirus 2,7LB7,SV6,A,401
Severe acute respiratory syndrome coronavirus 2,7LBN,2DO,D,4
Severe acute respiratory syndrome coronavirus 2,7LBR,XT7,B,404
Severe acute respiratory syndrome coronavirus 2,7LBR,XT7,A,404
Severe acute respiratory syndrome coronavirus 2,7LBS,BO3,A,404
Severe acute respiratory syndrome coronavirus 2,7LBS,BO3,A,405
Severe acute respiratory syndrome coronavirus 2,7LBS,BO3,B,406
Severe acute respiratory syndrome coronavirus 2,7LBS,XR8,A,401
Severe acute respiratory syndrome coronavirus 2,7LBS,XR8,B,401
Severe acute respiratory syndrome coronavirus 2,7LBS,BO3,A,407
Severe acute respiratory syndrome coronavirus 2,7LCO,XTJ,A,401
Severe acute respiratory syndrome coronavirus 2,7LCR,XTM,A,401
Severe acute respiratory syndrome coronavirus 2,7LCR,XTM,B,401
Severe acute respiratory syndrome coronavirus 2,7LCS,XTP,A,401
Severe acute respiratory syndrome coronavirus 2,7LCT,XU4,A,401
Severe acute respiratory syndrome coronavirus 2,7LDJ,FUL,J,6
Severe acute respiratory syndrome coronavirus 2,7LDJ,FUL,K,4
Severe acute respiratory syndrome coronavirus 2,7LDJ,FUL,I,4
Severe acute respiratory syndrome coronavirus 2,7LDL,XV4,A,401
Severe acute respiratory syndrome coronavirus 2,7LDL,XV4,B,401
Severe acute respiratory syndrome coronavirus 2,7LDX,R9V,B,402
Severe acute respiratory syndrome coronavirus 2,7LDX,R9V,A,509
Severe acute respiratory syndrome coronavirus 2,7LFE,XWS,A,406
Severe acute respiratory syndrome coronavirus 2,7LFP,XY4,A,406
Severe acute respiratory syndrome coronavirus 2,7LG7,XYJ,A,201
Severe acute respiratory syndrome coronavirus 2,7LKR,Y8Y,B,401
Severe acute respiratory syndrome coronavirus 2,7LKR,Y4D,A,401
Severe acute respiratory syndrome coronavirus 2,7LKR,Y91,B,402
Severe acute respiratory syndrome coronavirus 2,7LKR,Y5S,A,402
Severe acute respiratory syndrome coronavirus 2,7LKS,Y4P,B,402
Severe acute respiratory syndrome coronavirus 2,7LKS,Y7G,A,401
Severe acute respiratory syndrome coronavirus 2,7LKS,Y7G,B,401
Severe acute respiratory syndrome coronavirus 2,7LKS,Y4P,A,402
Severe acute respiratory syndrome coronavirus 2,7LKT,Y4V,A,402
Severe acute respiratory syndrome coronavirus 2,7LKT,Y4V,B,403
Severe acute respiratory syndrome coronavirus 2,7LKT,Y7M,A,401
Severe acute respiratory syndrome coronavirus 2,7LKT,Y7M,B,402
Severe acute respiratory syndrome coronavirus 2,7LKU,Y91,B,402
Severe acute respiratory syndrome coronavirus 2,7LKU,Y8Y,B,401
Severe acute respiratory syndrome coronavirus 2,7LKU,Y4D,A,401
Severe acute respiratory syndrome coronavirus 2,7LKU,Y5S,A,402
Severe acute respiratory syndrome coronavirus 2,7LKV,Y64,B,403
Severe acute respiratory syndrome coronavirus 2,7LKV,Y4J,A,401
Severe acute respiratory syndrome coronavirus 2,7LKV,Y4J,B,402
Severe acute respiratory syndrome coronavirus 2,7LKV,Y64,A,402
Severe acute respiratory syndrome coronavirus 2,7LKW,Y8S,B,402
Severe acute respiratory syndrome coronavirus 2,7LKW,Y8V,A,402
Severe acute respiratory syndrome coronavirus 2,7LKW,Y8V,B,403
Severe acute respiratory syndrome coronavirus 2,7LKW,Y8S,A,401
Severe acute respiratory syndrome coronavirus 2,7LKX,Y51,A,401
Severe acute respiratory syndrome coronavirus 2,7LKX,Y71,A,402
Severe acute respiratory syndrome coronavirus 2,7LKX,Y71,B,402
Severe acute respiratory syndrome coronavirus 2,7LKX,Y51,B,401
Severe acute respiratory syndrome coronavirus 2,7LLF,BO3,A,404
Severe acute respiratory syndrome coronavirus 2,7LLF,BO3,A,403
Severe acute respiratory syndrome coronavirus 2,7LLF,Y54,A,407
Severe acute respiratory syndrome coronavirus 2,7LLF,Y54,B,404
Severe acute respiratory syndrome coronavirus 2,7LLZ,Y61,A,401
Severe acute respiratory syndrome coronavirus 2,7LLZ,Y61,B,401
Severe acute respiratory syndrome coronavirus 2,7LMD,Y6A,A,401
Severe acute respiratory syndrome coronavirus 2,7LME,Y6J,B,401
Severe acute respiratory syndrome coronavirus 2,7LME,Y6J,A,401
Severe acute respiratory syndrome coronavirus 2,7LMF,Y6G,B,401
Severe acute respiratory syndrome coronavirus 2,7LMF,Y6G,A,401
Severe acute respiratory syndrome coronavirus 2,7LOS,Y97,B,404
Severe acute respiratory syndrome coronavirus 2,7LOS,Y97,A,403
Severe acute respiratory syndrome coronavirus 2,7LTJ,YD1,A,401
Severe acute respiratory syndrome coronavirus 2,7LTN,YCV,A,401
Severe acute respiratory syndrome coronavirus 2,7LTU,TFA,A,302
Severe acute respiratory syndrome coronavirus 2,7LTU,TFA,A,301
Severe acute respiratory syndrome coronavirus 2,7LTU,TFA,B,301
Severe acute respiratory syndrome coronavirus 2,7LW3,SAH,A,703
Severe acute respiratory syndrome coronavirus 2,7LW3,YG4,A,704
Severe acute respiratory syndrome coronavirus 2,7LW4,SAH,A,312
Severe acute respiratory syndrome coronavirus 2,7LY3,XYL,B,405
Severe acute respiratory syndrome coronavirus 2,7LY3,XYL,A,1704
Severe acute respiratory syndrome coronavirus 2,7LYH,YHJ,A,401
Severe acute respiratory syndrome coronavirus 2,7LYI,YHI,A,503
Severe acute respiratory syndrome coronavirus 2,7LYJ,IRI,A,101
Severe acute respiratory syndrome coronavirus 2,7LYJ,IRI,A,102
Severe acute respiratory syndrome coronavirus 2,7LZT,YN1,A,403
Severe acute respiratory syndrome coronavirus 2,7LZT,YMY,A,402
Severe acute respiratory syndrome coronavirus 2,7LZU,YKM,A,401
Severe acute respiratory syndrome coronavirus 2,7LZU,YKM,B,402
Severe acute respiratory syndrome coronavirus 2,7LZU,YKP,B,401
Severe acute respiratory syndrome coronavirus 2,7LZU,YKP,A,402
Severe acute respiratory syndrome coronavirus 2,7LZV,YLM,A,401
Severe acute respiratory syndrome coronavirus 2,7LZV,YLM,B,401
Severe acute respiratory syndrome coronavirus 2,7LZV,YLS,A,402
Severe acute respiratory syndrome coronavirus 2,7LZV,YLS,B,402
Severe acute respiratory syndrome coronavirus 2,7LZW,YLS,A,402
Severe acute respiratory syndrome coronavirus 2,7LZW,YLS,B,402
Severe acute respiratory syndrome coronavirus 2,7LZW,YLM,B,401
Severe acute respiratory syndrome coronavirus 2,7LZW,YLM,A,401
Severe acute respiratory syndrome coronavirus 2,7LZX,YMG,A,401
Severe acute respiratory syndrome coronavirus 2,7LZX,YMD,A,402
Severe acute respiratory syndrome coronavirus 2,7LZX,YMG,B,401
Severe acute respiratory syndrome coronavirus 2,7LZX,YMD,B,402
Severe acute respiratory syndrome coronavirus 2,7LZY,YMJ,A,401
Severe acute respiratory syndrome coronavirus 2,7LZY,YMM,A,402
Severe acute respiratory syndrome coronavirus 2,7LZZ,YMS,A,401
Severe acute respiratory syndrome coronavirus 2,7LZZ,YMV,A,402
Severe acute respiratory syndrome coronavirus 2,7M00,YKD,A,402
Severe acute respiratory syndrome coronavirus 2,7M00,YKA,B,401
Severe acute respiratory syndrome coronavirus 2,7M00,YKD,B,402
Severe acute respiratory syndrome coronavirus 2,7M00,YKA,A,401
Severe acute respiratory syndrome coronavirus 2,7M01,YKS,A,402
Severe acute respiratory syndrome coronavirus 2,7M01,YKV,B,402
Severe acute respiratory syndrome coronavirus 2,7M01,YKV,A,401
Severe acute respiratory syndrome coronavirus 2,7M01,YKS,B,401
Severe acute respiratory syndrome coronavirus 2,7M02,YL7,B,401
Severe acute respiratory syndrome coronavirus 2,7M02,YKY,B,402
Severe acute respiratory syndrome coronavirus 2,7M02,YKY,A,402
Severe acute respiratory syndrome coronavirus 2,7M02,YL7,A,401
Severe acute respiratory syndrome coronavirus 2,7M03,YLD,A,401
Severe acute respiratory syndrome coronavirus 2,7M03,YLJ,A,402
Severe acute respiratory syndrome coronavirus 2,7M03,YLD,B,402
Severe acute respiratory syndrome coronavirus 2,7M03,YLJ,B,401
Severe acute respiratory syndrome coronavirus 2,7M04,YLV,B,401
Severe acute respiratory syndrome coronavirus 2,7M04,YLV,A,401
Severe acute respiratory syndrome coronavirus 2,7M04,YM1,B,402
Severe acute respiratory syndrome coronavirus 2,7M04,YM1,A,402
Severe acute respiratory syndrome coronavirus 2,7M1Y,9JT,B,403
Severe acute respiratory syndrome coronavirus 2,7M1Y,9JT,A,501
Severe acute respiratory syndrome coronavirus 2,7M2P,YOP,B,4
Severe acute respiratory syndrome coronavirus 2,7M2P,ALC,B,3
Severe acute respiratory syndrome coronavirus 2,7M8M,YSG,A,401
Severe acute respiratory syndrome coronavirus 2,7M8N,YSP,A,401
Severe acute respiratory syndrome coronavirus 2,7M8N,YSP,B,401
Severe acute respiratory syndrome coronavirus 2,7M8O,YSM,A,401
Severe acute respiratory syndrome coronavirus 2,7M8P,YSJ,A,401
Severe acute respiratory syndrome coronavirus 2,7M8X,YTJ,A,401
Severe acute respiratory syndrome coronavirus 2,7M8Y,YTM,A,401
Severe acute respiratory syndrome coronavirus 2,7M8Z,YTV,A,401
Severe acute respiratory syndrome coronavirus 2,7M90,YTS,A,401
Severe acute respiratory syndrome coronavirus 2,7M91,YU4,A,401
Severe acute respiratory syndrome coronavirus 2,7MAT,H37,A,401
Severe acute respiratory syndrome coronavirus 2,7MAT,H37,B,402
Severe acute respiratory syndrome coronavirus 2,7MAU,YVP,B,503
Severe acute respiratory syndrome coronavirus 2,7MAU,YVP,A,403
Severe acute respiratory syndrome coronavirus 2,7MAU,DIO,B,501
Severe acute respiratory syndrome coronavirus 2,7MAV,YVY,B,401
Severe acute respiratory syndrome coronavirus 2,7MAV,YVY,A,401
Severe acute respiratory syndrome coronavirus 2,7MAW,YVA,B,401
Severe acute respiratory syndrome coronavirus 2,7MAW,YVA,A,401
Severe acute respiratory syndrome coronavirus 2,7MAX,YV7,B,401
Severe acute respiratory syndrome coronavirus 2,7MAX,YV7,A,401
Severe acute respiratory syndrome coronavirus 2,7MAZ,YVD,A,401
Severe acute respiratory syndrome coronavirus 2,7MAZ,YVD,B,401
Severe acute respiratory syndrome coronavirus 2,7MB0,YVG,A,401
Severe acute respiratory syndrome coronavirus 2,7MB0,YVG,B,401
Severe acute respiratory syndrome coronavirus 2,7MB1,YVJ,B,401
Severe acute respiratory syndrome coronavirus 2,7MB1,YVJ,A,401
Severe acute respiratory syndrome coronavirus 2,7MB2,YVM,A,401
Severe acute respiratory syndrome coronavirus 2,7MB2,YVM,B,401
Severe acute respiratory syndrome coronavirus 2,7MB3,YVV,D,401
Severe acute respiratory syndrome coronavirus 2,7MB3,YVV,B,401
Severe acute respiratory syndrome coronavirus 2,7MB3,YVV,A,401
Severe acute respiratory syndrome coronavirus 2,7MB3,YVV,C,401
Severe acute respiratory syndrome coronavirus 2,7MB3,YVV,E,401
Severe acute respiratory syndrome coronavirus 2,7MB3,YVV,F,401
Severe acute respiratory syndrome coronavirus 2,7MBI,YWJ,A,401
Severe acute respiratory syndrome coronavirus 2,7MBI,YWJ,C,401
Severe acute respiratory syndrome coronavirus 2,7MBI,FN7,B,402
Severe acute respiratory syndrome coronavirus 2,7MBI,YWJ,B,401
Severe acute respiratory syndrome coronavirus 2,7MBI,YWJ,D,401
Severe acute respiratory syndrome coronavirus 2,7MC5,TLA,A,315
Severe acute respiratory syndrome coronavirus 2,7MC5,TLA,A,314
Severe acute respiratory syndrome coronavirus 2,7MKY,NCO,A,101
Severe acute respiratory syndrome coronavirus 2,7MLF,C7A,A,401
Severe acute respiratory syndrome coronavirus 2,7MLG,ZJ1,A,401
Severe acute respiratory syndrome coronavirus 2,7MNG,ZL7,A,401
Severe acute respiratory syndrome coronavirus 2,7MPB,ETF,B,402
Severe acute respiratory syndrome coronavirus 2,7MPB,ASC,A,401
Severe acute respiratory syndrome coronavirus 2,7MPB,ASC,B,401
Severe acute respiratory syndrome coronavirus 2,7MPB,ETF,A,402
Severe acute respiratory syndrome coronavirus 2,7MRR,AR7,B,4
Severe acute respiratory syndrome coronavirus 2,7MSQ,SCN,L,303
Severe acute respiratory syndrome coronavirus 2,7MSQ,SCN,L,301
Severe acute respiratory syndrome coronavirus 2,7MSQ,SCN,E,303
Severe acute respiratory syndrome coronavirus 2,7MSQ,SCN,B,602
Severe acute respiratory syndrome coronavirus 2,7MSQ,SCN,L,302
Severe acute respiratory syndrome coronavirus 2,7N0D,1N7,D,605
Severe acute respiratory syndrome coronavirus 2,7N0D,1N7,H,701
Severe acute respiratory syndrome coronavirus 2,7N33,UFT,H,401
Severe acute respiratory syndrome coronavirus 2,7N33,UFT,J,401
Severe acute respiratory syndrome coronavirus 2,7N33,UFT,G,401
Severe acute respiratory syndrome coronavirus 2,7N33,UFT,L,401
Severe acute respiratory syndrome coronavirus 2,7N33,UFT,I,401
Severe acute respiratory syndrome coronavirus 2,7N33,UFT,K,401
Severe acute respiratory syndrome coronavirus 2,7N3K,ODN,D,201
Severe acute respiratory syndrome coronavirus 2,7N3K,ODN,E,201
Severe acute respiratory syndrome coronavirus 2,7N3K,ODN,B,201
Severe acute respiratory syndrome coronavirus 2,7N3K,ODN,H,201
Severe acute respiratory syndrome coronavirus 2,7N3K,ODN,F,201
Severe acute respiratory syndrome coronavirus 2,7N3K,ODN,G,201
Severe acute respiratory syndrome coronavirus 2,7N3K,ODN,C,201
Severe acute respiratory syndrome coronavirus 2,7N3K,ODN,A,201
Severe acute respiratory syndrome coronavirus 2,7N44,06I,A,401
Severe acute respiratory syndrome coronavirus 2,7N7R,S6V,B,401
Severe acute respiratory syndrome coronavirus 2,7N7U,0MI,A,401
Severe acute respiratory syndrome coronavirus 2,7N7U,0MI,B,401
Severe acute respiratory syndrome coronavirus 2,7N7W,0OI,B,401
Severe acute respiratory syndrome coronavirus 2,7N7Y,RZG,B,401
Severe acute respiratory syndrome coronavirus 2,7N7Y,RZG,A,401
Severe acute respiratory syndrome coronavirus 2,7N83,WNM,A,402
Severe acute respiratory syndrome coronavirus 2,7N83,WNM,B,402
Severe acute respiratory syndrome coronavirus 2,7N83,WNM,B,404
Severe acute respiratory syndrome coronavirus 2,7N83,WNM,B,403
Severe acute respiratory syndrome coronavirus 2,7N83,WNM,A,404
Severe acute respiratory syndrome coronavirus 2,7N83,WNM,A,403
Severe acute respiratory syndrome coronavirus 2,7N83,WNM,A,405
Severe acute respiratory syndrome coronavirus 2,7N8C,YD1,A,401
Severe acute respiratory syndrome coronavirus 2,7NBY,U88,B,406
Severe acute respiratory syndrome coronavirus 2,7NBY,U88,A,403
Severe acute respiratory syndrome coronavirus 2,7NBY,U88,B,403
Severe acute respiratory syndrome coronavirus 2,7NBY,U88,B,401
Severe acute respiratory syndrome coronavirus 2,7NBY,U88,A,401
Severe acute respiratory syndrome coronavirus 2,7NBY,U88,A,402
Severe acute respiratory syndrome coronavirus 2,7NBY,U88,B,402
Severe acute respiratory syndrome coronavirus 2,7NBY,U88,A,406
Severe acute respiratory syndrome coronavirus 2,7NEV,AR7,B,4
Severe acute respiratory syndrome coronavirus 2,7NF5,ALD,A,401
Severe acute respiratory syndrome coronavirus 2,7NG3,ALD,B,401
Severe acute respiratory syndrome coronavirus 2,7NG3,ALD,A,402
Severe acute respiratory syndrome coronavirus 2,7NG6,ALD,A,701
Severe acute respiratory syndrome coronavirus 2,7NG6,ALD,B,401
Severe acute respiratory syndrome coronavirus 2,7NNG,UJK,A,701
Severe acute respiratory syndrome coronavirus 2,7NNG,UJK,B,701
Severe acute respiratory syndrome coronavirus 2,7NT1,UQW,B,504
Severe acute respiratory syndrome coronavirus 2,7NT2,URK,B,604
Severe acute respiratory syndrome coronavirus 2,7NT3,UQZ,B,703
Severe acute respiratory syndrome coronavirus 2,7NT4,PRL,B,402
Severe acute respiratory syndrome coronavirus 2,7NT4,PRL,A,402
Severe acute respiratory syndrome coronavirus 2,7NT4,PRL,A,403
Severe acute respiratory syndrome coronavirus 2,7NT4,PRL,B,403
Severe acute respiratory syndrome coronavirus 2,7NT4,PRL,A,401
Severe acute respiratory syndrome coronavirus 2,7NT4,PRL,B,401
Severe acute respiratory syndrome coronavirus 2,7NT9,BLA,C,1301
Severe acute respiratory syndrome coronavirus 2,7NT9,BLA,A,1301
Severe acute respiratory syndrome coronavirus 2,7NT9,BLA,B,1301
Severe acute respiratory syndrome coronavirus 2,7NTA,BLA,A,1301
Severe acute respiratory syndrome coronavirus 2,7NTA,BLA,B,1301
Severe acute respiratory syndrome coronavirus 2,7NTA,BLA,C,1301
Severe acute respiratory syndrome coronavirus 2,7NTC,BLA,A,1301
Severe acute respiratory syndrome coronavirus 2,7NTC,BLA,B,1301
Severe acute respiratory syndrome coronavirus 2,7NTQ,35J,A,401
Severe acute respiratory syndrome coronavirus 2,7NTV,US8,B,506
Severe acute respiratory syndrome coronavirus 2,7NUK,USH,B,704
Severe acute respiratory syndrome coronavirus 2,7NW2,USZ,A,401
Severe acute respiratory syndrome coronavirus 2,7O35,GTP,C,401
Severe acute respiratory syndrome coronavirus 2,7O36,GTP,D,401
Severe acute respiratory syndrome coronavirus 2,7O36,GTP,A,401
Severe acute respiratory syndrome coronavirus 2,7O46,V18,A,401
Severe acute respiratory syndrome coronavirus 2,7OD3,EIC,B,1302
Severe acute respiratory syndrome coronavirus 2,7OD3,EIC,A,1301
Severe acute respiratory syndrome coronavirus 2,7OD3,EIC,C,1301
Severe acute respiratory syndrome coronavirus 2,7ODL,EIC,A,1301
Severe acute respiratory syndrome coronavirus 2,7ODL,EIC,B,1301
Severe acute respiratory syndrome coronavirus 2,7ODL,EIC,C,1301
Severe acute respiratory syndrome coronavirus 2,7OFS,YRL,A,404
Severe acute respiratory syndrome coronavirus 2,7OFT,HBA,A,410
Severe acute respiratory syndrome coronavirus 2,7OLZ,DMX,C,201
Severe acute respiratory syndrome coronavirus 2,7ORB,BTB,E,404
Severe acute respiratory syndrome coronavirus 2,7ORR,PIM,A,206
Severe acute respiratory syndrome coronavirus 2,7ORR,PIM,A,205
Severe acute respiratory syndrome coronavirus 2,7ORU,2AQ,A,204
Severe acute respiratory syndrome coronavirus 2,7ORV,X4V,A,205
Severe acute respiratory syndrome coronavirus 2,7ORW,7WA,A,203
Severe acute respiratory syndrome coronavirus 2,7OZU,7OK,T,9
Severe acute respiratory syndrome coronavirus 2,7OZV,16B,T,9
Severe acute respiratory syndrome coronavirus 2,7P2G,4N0,A,401
Severe acute respiratory syndrome coronavirus 2,7P51,5P9,A,403
Severe acute respiratory syndrome coronavirus 2,7PFM,7IL,A,401
Severe acute respiratory syndrome coronavirus 2,7PFM,7IL,B,401
Severe acute respiratory syndrome coronavirus 2,7PHZ,X77,B,401
Severe acute respiratory syndrome coronavirus 2,7PHZ,X77,A,401
Severe acute respiratory syndrome coronavirus 2,7PS6,PG0,H,301
Severe acute respiratory syndrome coronavirus 2,7Q5E,90I,A,401
Severe acute respiratory syndrome coronavirus 2,7Q5E,90I,B,401
Severe acute respiratory syndrome coronavirus 2,7Q5F,90X,B,401
Severe acute respiratory syndrome coronavirus 2,7Q5F,90X,A,401
Severe acute respiratory syndrome coronavirus 2,7QBB,V1B,A,402
Severe acute respiratory syndrome coronavirus 2,7QCG,DZI,A,401
Severe acute respiratory syndrome coronavirus 2,7QCH,A5I,A,401
Severe acute respiratory syndrome coronavirus 2,7QCI,A6Q,A,401
Severe acute respiratory syndrome coronavirus 2,7QCJ,A4O,A,405
Severe acute respiratory syndrome coronavirus 2,7QCK,A7L,A,401
Severe acute respiratory syndrome coronavirus 2,7QCM,A3X,A,401
Severe acute respiratory syndrome coronavirus 2,7QDG,NDG,Q,1
Severe acute respiratory syndrome coronavirus 2,7QG7,U08,B,201
Severe acute respiratory syndrome coronavirus 2,7QG7,U08,A,201
Severe acute respiratory syndrome coronavirus 2,7QIF,GTG,D,601
Severe acute respiratory syndrome coronavirus 2,7QIK,SEP,E,197
Severe acute respiratory syndrome coronavirus 2,7QIK,SEP,F,197
Severe acute respiratory syndrome coronavirus 2,7QKA,UED,A,404
Severe acute respiratory syndrome coronavirus 2,7QT5,GWS,A,401
Severe acute respiratory syndrome coronavirus 2,7QT6,RZJ,A,401
Severe acute respiratory syndrome coronavirus 2,7QT7,UHV,A,401
Severe acute respiratory syndrome coronavirus 2,7QT8,R8H,A,401
Severe acute respiratory syndrome coronavirus 2,7QT8,R8H,B,401
Severe acute respiratory syndrome coronavirus 2,7QUR,GE9,A,1313
Severe acute respiratory syndrome coronavirus 2,7QUR,EIC,B,1315
Severe acute respiratory syndrome coronavirus 2,7QUR,EIC,A,1315
Severe acute respiratory syndrome coronavirus 2,7QUR,GE9,B,1313
Severe acute respiratory syndrome coronavirus 2,7QUR,EIC,C,1301
Severe acute respiratory syndrome coronavirus 2,7QUR,GE9,C,1314
Severe acute respiratory syndrome coronavirus 2,7QUS,EIC,A,1313
Severe acute respiratory syndrome coronavirus 2,7QUS,EIC,B,1313
Severe acute respiratory syndrome coronavirus 2,7QUS,EIC,C,1301
Severe acute respiratory syndrome coronavirus 2,7R1T,6NR,A,301
Severe acute respiratory syndrome coronavirus 2,7R1U,GTA,A,302
Severe acute respiratory syndrome coronavirus 2,7R1U,4IK,A,301
Severe acute respiratory syndrome coronavirus 2,7R2V,SAH,B,802
Severe acute respiratory syndrome coronavirus 2,7R2V,SAH,A,601
Severe acute respiratory syndrome coronavirus 2,7R6W,POL,R,604
Severe acute respiratory syndrome coronavirus 2,7R6W,POL,R,603
Severe acute respiratory syndrome coronavirus 2,7R7H,4IT,A,401
Severe acute respiratory syndrome coronavirus 2,7R7H,4IT,B,401
Severe acute respiratory syndrome coronavirus 2,7RBZ,4IJ,A,401
Severe acute respiratory syndrome coronavirus 2,7RC0,4I9,A,401
Severe acute respiratory syndrome coronavirus 2,7RDX,AF3,F,1005
Severe acute respiratory syndrome coronavirus 2,7RDX,1N7,A,1005
Severe acute respiratory syndrome coronavirus 2,7RDX,1N7,E,707
Severe acute respiratory syndrome coronavirus 2,7RDX,1N7,A,1006
Severe acute respiratory syndrome coronavirus 2,7RDX,AF3,E,706
Severe acute respiratory syndrome coronavirus 2,7RDY,1N7,A,1006
Severe acute respiratory syndrome coronavirus 2,7RDY,1N7,A,1007
Severe acute respiratory syndrome coronavirus 2,7RDY,AF3,E,1005
Severe acute respiratory syndrome coronavirus 2,7RDY,1N7,A,1005
Severe acute respiratory syndrome coronavirus 2,7RDY,AF3,F,1005
Severe acute respiratory syndrome coronavirus 2,7RE0,AF3,F,1005
Severe acute respiratory syndrome coronavirus 2,7RE0,AF3,E,1005
Severe acute respiratory syndrome coronavirus 2,7RE1,AF3,F,1005
Severe acute respiratory syndrome coronavirus 2,7RE1,1N7,A,1006
Severe acute respiratory syndrome coronavirus 2,7RE1,1N7,A,1005
Severe acute respiratory syndrome coronavirus 2,7RE1,AF3,E,706
Severe acute respiratory syndrome coronavirus 2,7RE1,1N7,E,707
Severe acute respiratory syndrome coronavirus 2,7RE2,1N7,E,707
Severe acute respiratory syndrome coronavirus 2,7RE2,1N7,A,1006
Severe acute respiratory syndrome coronavirus 2,7RE2,AF3,E,706
Severe acute respiratory syndrome coronavirus 2,7RE2,1N7,A,1005
Severe acute respiratory syndrome coronavirus 2,7RE3,AF3,L,1005
Severe acute respiratory syndrome coronavirus 2,7RE3,1N7,K,707
Severe acute respiratory syndrome coronavirus 2,7RE3,AF3,E,706
Severe acute respiratory syndrome coronavirus 2,7RE3,AF3,F,1005
Severe acute respiratory syndrome coronavirus 2,7RE3,AF3,K,706
Severe acute respiratory syndrome coronavirus 2,7RE3,1N7,E,707
Severe acute respiratory syndrome coronavirus 2,7RFR,4W8,A,9001
Severe acute respiratory syndrome coronavirus 2,7RFR,4W8,B,9001
Severe acute respiratory syndrome coronavirus 2,7RFS,4WI,A,401
Severe acute respiratory syndrome coronavirus 2,7RFU,4YG,A,401
Severe acute respiratory syndrome coronavirus 2,7RFW,4WI,A,401
Severe acute respiratory syndrome coronavirus 2,7RLS,5YN,A,401
Severe acute respiratory syndrome coronavirus 2,7RM2,5YJ,A,401
Severe acute respiratory syndrome coronavirus 2,7RMB,5Z7,A,401
Severe acute respiratory syndrome coronavirus 2,7RME,5Z3,A,401
Severe acute respiratory syndrome coronavirus 2,7RMT,5ZN,A,401
Severe acute respiratory syndrome coronavirus 2,7RMZ,5ZJ,A,401
Severe acute respiratory syndrome coronavirus 2,7RN0,5ZB,A,503
Severe acute respiratory syndrome coronavirus 2,7RN1,5ZF,A,503
Severe acute respiratory syndrome coronavirus 2,7RN4,H69,A,401
Severe acute respiratory syndrome coronavirus 2,7RNH,5ZW,A,401
Severe acute respiratory syndrome coronavirus 2,7RNK,5ZT,A,401
Severe acute respiratory syndrome coronavirus 2,7RNW,9OW,Z,14
Severe acute respiratory syndrome coronavirus 2,7RNW,9OW,X,14
Severe acute respiratory syndrome coronavirus 2,7RNW,9OW,Y,14
Severe acute respiratory syndrome coronavirus 2,7RNW,9OW,W,14
Severe acute respiratory syndrome coronavirus 2,7RVM,7V2,A,401
Severe acute respiratory syndrome coronavirus 2,7RVN,7VB,A,401
Severe acute respiratory syndrome coronavirus 2,7RVO,7VI,A,401
Severe acute respiratory syndrome coronavirus 2,7RVO,7VI,B,401
Severe acute respiratory syndrome coronavirus 2,7RVP,7VQ,B,401
Severe acute respiratory syndrome coronavirus 2,7RVP,7VQ,A,401
Severe acute respiratory syndrome coronavirus 2,7RVQ,7VW,A,401
Severe acute respiratory syndrome coronavirus 2,7RVR,7W5,A,401
Severe acute respiratory syndrome coronavirus 2,7RVS,81L,A,401
Severe acute respiratory syndrome coronavirus 2,7RVT,7XK,A,401
Severe acute respiratory syndrome coronavirus 2,7RVT,7XK,B,401
Severe acute respiratory syndrome coronavirus 2,7RVU,7XT,A,401
Severe acute respiratory syndrome coronavirus 2,7RVV,7Y2,A,401
Severe acute respiratory syndrome coronavirus 2,7RVW,7YB,A,401
Severe acute respiratory syndrome coronavirus 2,7RVX,7YI,B,401
Severe acute respiratory syndrome coronavirus 2,7RVX,7YI,A,401
Severe acute respiratory syndrome coronavirus 2,7RVY,7YQ,A,401
Severe acute respiratory syndrome coronavirus 2,7RVZ,7YW,A,401
Severe acute respiratory syndrome coronavirus 2,7RW0,7YZ,A,401
Severe acute respiratory syndrome coronavirus 2,7RW1,800,A,401
Severe acute respiratory syndrome coronavirus 2,7RW1,800,B,401
Severe acute respiratory syndrome coronavirus 2,7RZC,JWX,B,501
Severe acute respiratory syndrome coronavirus 2,7RZC,JWX,A,501
Severe acute respiratory syndrome coronavirus 2,7RZC,JWX,C,501
Severe acute respiratory syndrome coronavirus 2,7S3K,Z26,A,401
Severe acute respiratory syndrome coronavirus 2,7S3S,860,A,401
Severe acute respiratory syndrome coronavirus 2,7S4B,87H,A,401
Severe acute respiratory syndrome coronavirus 2,7S6W,8G9,B,401
Severe acute respiratory syndrome coronavirus 2,7S6W,8G9,A,401
Severe acute respiratory syndrome coronavirus 2,7S6X,I70,A,401
Severe acute respiratory syndrome coronavirus 2,7S6Y,8GW,A,401
Severe acute respiratory syndrome coronavirus 2,7S6Z,I71,A,401
Severe acute respiratory syndrome coronavirus 2,7S70,8H3,A,401
Severe acute respiratory syndrome coronavirus 2,7S71,8H9,A,401
Severe acute respiratory syndrome coronavirus 2,7S72,8I0,A,401
Severe acute respiratory syndrome coronavirus 2,7S73,I69,A,401
Severe acute respiratory syndrome coronavirus 2,7S74,I68,A,401
Severe acute respiratory syndrome coronavirus 2,7S74,I68,B,401
Severe acute respiratory syndrome coronavirus 2,7S75,8I7,A,401
Severe acute respiratory syndrome coronavirus 2,7SD9,8T6,A,401
Severe acute respiratory syndrome coronavirus 2,7SDA,8UI,A,401
Severe acute respiratory syndrome coronavirus 2,7SDC,I80,A,401
Severe acute respiratory syndrome coronavirus 2,7SDR,JW9,C,501
Severe acute respiratory syndrome coronavirus 2,7SDR,JW9,B,501
Severe acute respiratory syndrome coronavirus 2,7SDR,JW9,A,501
Severe acute respiratory syndrome coronavirus 2,7SET,I70,A,401
Severe acute respiratory syndrome coronavirus 2,7SF1,8ZI,A,401
Severe acute respiratory syndrome coronavirus 2,7SF3,90H,A,401
Severe acute respiratory syndrome coronavirus 2,7SFB,90U,A,401
Severe acute respiratory syndrome coronavirus 2,7SFH,91I,A,401
Severe acute respiratory syndrome coronavirus 2,7SFI,91Z,A,401
Severe acute respiratory syndrome coronavirus 2,7SGH,99W,C,401
Severe acute respiratory syndrome coronavirus 2,7SGH,99W,B,401
Severe acute respiratory syndrome coronavirus 2,7SGH,99W,D,401
Severe acute respiratory syndrome coronavirus 2,7SGH,99W,A,401
Severe acute respiratory syndrome coronavirus 2,7SGU,9EI,A,501
Severe acute respiratory syndrome coronavirus 2,7SGV,L30,A,501
Severe acute respiratory syndrome coronavirus 2,7SGW,L30,A,501
Severe acute respiratory syndrome coronavirus 2,7SH7,9GI,A,401
Severe acute respiratory syndrome coronavirus 2,7SH8,GJ3,A,401
Severe acute respiratory syndrome coronavirus 2,7SH9,9HA,A,401
Severe acute respiratory syndrome coronavirus 2,7SHB,I64,A,401
Severe acute respiratory syndrome coronavirus 2,7SI9,4WI,A,401
Severe acute respiratory syndrome coronavirus 2,7SQE,JWX,A,501
Severe acute respiratory syndrome coronavirus 2,7SQE,JWX,C,501
Severe acute respiratory syndrome coronavirus 2,7SQE,JWX,B,501
Severe acute respiratory syndrome coronavirus 2,7T42,FIW,B,404
Severe acute respiratory syndrome coronavirus 2,7T42,FIW,A,502
Severe acute respiratory syndrome coronavirus 2,7T42,FIK,A,501
Severe acute respiratory syndrome coronavirus 2,7T42,FIK,B,403
Severe acute respiratory syndrome coronavirus 2,7T43,FN2,B,402
Severe acute respiratory syndrome coronavirus 2,7T43,FP8,B,403
Severe acute respiratory syndrome coronavirus 2,7T43,FN2,A,501
Severe acute respiratory syndrome coronavirus 2,7T43,FP8,A,502
Severe acute respiratory syndrome coronavirus 2,7T44,ESS,B,401
Severe acute respiratory syndrome coronavirus 2,7T44,ET6,A,502
Severe acute respiratory syndrome coronavirus 2,7T44,ESS,A,501
Severe acute respiratory syndrome coronavirus 2,7T44,ET6,B,402
Severe acute respiratory syndrome coronavirus 2,7T45,EW9,A,401
Severe acute respiratory syndrome coronavirus 2,7T45,EW9,B,401
Severe acute respiratory syndrome coronavirus 2,7T46,F5L,A,402
Severe acute respiratory syndrome coronavirus 2,7T46,F5L,B,402
Severe acute respiratory syndrome coronavirus 2,7T46,F8C,A,401
Severe acute respiratory syndrome coronavirus 2,7T46,F8C,B,401
Severe acute respiratory syndrome coronavirus 2,7T48,FEY,A,403
Severe acute respiratory syndrome coronavirus 2,7T48,FHS,A,402
Severe acute respiratory syndrome coronavirus 2,7T49,FVE,A,402
Severe acute respiratory syndrome coronavirus 2,7T49,FVE,B,402
Severe acute respiratory syndrome coronavirus 2,7T49,FV5,B,401
Severe acute respiratory syndrome coronavirus 2,7T49,FV5,A,401
Severe acute respiratory syndrome coronavirus 2,7T4A,EQS,B,402
Severe acute respiratory syndrome coronavirus 2,7T4A,EO6,A,502
Severe acute respiratory syndrome coronavirus 2,7T4A,EQS,A,501
Severe acute respiratory syndrome coronavirus 2,7T4A,EO6,B,403
Severe acute respiratory syndrome coronavirus 2,7T4B,FWI,A,401
Severe acute respiratory syndrome coronavirus 2,7T4B,FWI,B,402
Severe acute respiratory syndrome coronavirus 2,7T4B,FZI,A,402
Severe acute respiratory syndrome coronavirus 2,7T4B,FZI,B,403
Severe acute respiratory syndrome coronavirus 2,7TCQ,I2J,C,1158
Severe acute respiratory syndrome coronavirus 2,7TCQ,I2J,D,1158
Severe acute respiratory syndrome coronavirus 2,7TDU,I1W,A,401
Severe acute respiratory syndrome coronavirus 2,7TE0,4WI,A,401
Severe acute respiratory syndrome coronavirus 2,7TEH,I1Z,A,401
Severe acute respiratory syndrome coronavirus 2,7TEK,I2D,A,401
Severe acute respiratory syndrome coronavirus 2,7TEL,I2N,A,401
Severe acute respiratory syndrome coronavirus 2,7TFR,NB2,A,401
Severe acute respiratory syndrome coronavirus 2,7TGR,B1S,A,402
Severe acute respiratory syndrome coronavirus 2,7TGR,K36,A,401
Severe acute respiratory syndrome coronavirus 2,7THM,POP,A,1004
Severe acute respiratory syndrome coronavirus 2,7TIA,SCN,A,402
Severe acute respiratory syndrome coronavirus 2,7TIA,XTP,A,401
Severe acute respiratory syndrome coronavirus 2,7TIU,V46,A,401
Severe acute respiratory syndrome coronavirus 2,7TIV,W48,A,401
Severe acute respiratory syndrome coronavirus 2,7TIW,I54,A,401
Severe acute respiratory syndrome coronavirus 2,7TIX,Q56,A,401
Severe acute respiratory syndrome coronavirus 2,7TIY,Y48,A,401
Severe acute respiratory syndrome coronavirus 2,7TIZ,SCN,A,404
Severe acute respiratory syndrome coronavirus 2,7TIZ,N63,A,401
Severe acute respiratory syndrome coronavirus 2,7TJ0,S4L,A,401
Severe acute respiratory syndrome coronavirus 2,7TLL,4WI,A,401
Severe acute respiratory syndrome coronavirus 2,7TLL,4WI,B,401
Severe acute respiratory syndrome coronavirus 2,7TOB,K36,A,401
Severe acute respiratory syndrome coronavirus 2,7TQ2,ISG,B,401
Severe acute respiratory syndrome coronavirus 2,7TQ2,ISG,A,401
Severe acute respiratory syndrome coronavirus 2,7TQ3,IS5,A,401
Severe acute respiratory syndrome coronavirus 2,7TQ3,IS5,B,401
Severe acute respiratory syndrome coronavirus 2,7TQ4,IRZ,A,401
Severe acute respiratory syndrome coronavirus 2,7TQ5,IRW,B,402
Severe acute respiratory syndrome coronavirus 2,7TQ5,IRW,A,401
Severe acute respiratory syndrome coronavirus 2,7TQ5,ITX,A,402
Severe acute respiratory syndrome coronavirus 2,7TQ5,ITX,B,403
Severe acute respiratory syndrome coronavirus 2,7TQ6,IT3,B,402
Severe acute respiratory syndrome coronavirus 2,7TQ6,ITG,B,401
Severe acute respiratory syndrome coronavirus 2,7TQ6,ITG,A,402
Severe acute respiratory syndrome coronavirus 2,7TQ6,IT3,A,401
Severe acute respiratory syndrome coronavirus 2,7TUQ,ALY,C,63
Severe acute respiratory syndrome coronavirus 2,7TUU,U88,A,401
Severe acute respiratory syndrome coronavirus 2,7TUU,U88,A,402
Severe acute respiratory syndrome coronavirus 2,7TUU,U88,A,403
Severe acute respiratory syndrome coronavirus 2,7TV0,ALY,G,15
Severe acute respiratory syndrome coronavirus 2,7TV0,ALY,G,5
Severe acute respiratory syndrome coronavirus 2,7TV0,ALY,E,15
Severe acute respiratory syndrome coronavirus 2,7TV0,ALY,E,5
Severe acute respiratory syndrome coronavirus 2,7TVX,G65,A,401
Severe acute respiratory syndrome coronavirus 2,7TW7,SAM,A,602
Severe acute respiratory syndrome coronavirus 2,7TW8,SAH,A,601
Severe acute respiratory syndrome coronavirus 2,7TW9,MOH,A,605
Severe acute respiratory syndrome coronavirus 2,7TW9,SFG,A,601
Severe acute respiratory syndrome coronavirus 2,7TW9,MOH,A,607
Severe acute respiratory syndrome coronavirus 2,7TW9,MOH,A,606
Severe acute respiratory syndrome coronavirus 2,7TW9,MOH,A,609
Severe acute respiratory syndrome coronavirus 2,7TW9,EOH,A,604
Severe acute respiratory syndrome coronavirus 2,7TW9,MOH,A,608
Severe acute respiratory syndrome coronavirus 2,7TWT,AR6,A,201
Severe acute respiratory syndrome coronavirus 2,7TWV,AR6,A,201
Severe acute respiratory syndrome coronavirus 2,7TWW,AR6,A,201
Severe acute respiratory syndrome coronavirus 2,7TWX,AR6,A,201
Severe acute respiratory syndrome coronavirus 2,7TWY,AR6,A,201
Severe acute respiratory syndrome coronavirus 2,7TX0,AR6,A,201
Severe acute respiratory syndrome coronavirus 2,7TX1,AR6,A,201
Severe acute respiratory syndrome coronavirus 2,7TX5,APR,A,201
Severe acute respiratory syndrome coronavirus 2,7TZJ,S88,B,401
Severe acute respiratory syndrome coronavirus 2,7TZJ,S88,A,401
Severe acute respiratory syndrome coronavirus 2,7U28,4WI,A,401
Severe acute respiratory syndrome coronavirus 2,7U28,4WI,B,401
Severe acute respiratory syndrome coronavirus 2,7U29,4WI,B,401
Severe acute respiratory syndrome coronavirus 2,7U29,4WI,A,401
Severe acute respiratory syndrome coronavirus 2,7U92,M0C,A,401
Severe acute respiratory syndrome coronavirus 2,7UJG,K36,B,401
Severe acute respiratory syndrome coronavirus 2,7UJG,K36,A,401
Severe acute respiratory syndrome coronavirus 2,7UJU,4WI,B,401
Severe acute respiratory syndrome coronavirus 2,7UJU,4WI,A,401
Severe acute respiratory syndrome coronavirus 2,7UKK,K36,A,401
Severe acute respiratory syndrome coronavirus 2,7UO4,NWX,A,1001
Severe acute respiratory syndrome coronavirus 2,7UO9,3DA,P,35
Severe acute respiratory syndrome coronavirus 2,7UO9,UTP,A,1004
Severe acute respiratory syndrome coronavirus 2,7UOB,GTP,A,1007
Severe acute respiratory syndrome coronavirus 2,7UOB,L2B,P,101
Severe acute respiratory syndrome coronavirus 2,7UOB,GTP,A,1006
Severe acute respiratory syndrome coronavirus 2,7UOE,CTP,A,1005
Severe acute respiratory syndrome coronavirus 2,7UOE,L2B,P,101
Severe acute respiratory syndrome coronavirus 2,7UR9,O5F,A,401
Severe acute respiratory syndrome coronavirus 2,7UR9,O5F,B,401
Severe acute respiratory syndrome coronavirus 2,7URB,O5O,B,401
Severe acute respiratory syndrome coronavirus 2,7US4,O69,A,401
Severe acute respiratory syndrome coronavirus 2,7UUA,NOL,A,401
Severe acute respiratory syndrome coronavirus 2,7UUB,7VB,A,401
Severe acute respiratory syndrome coronavirus 2,7UUC,81L,A,401
Severe acute respiratory syndrome coronavirus 2,7UUD,I71,A,401
Severe acute respiratory syndrome coronavirus 2,7UUE,I65,A,401
Severe acute respiratory syndrome coronavirus 2,7UUG,M0C,A,401
Severe acute respiratory syndrome coronavirus 2,7UUP,4WI,A,401
Severe acute respiratory syndrome coronavirus 2,7V1T,5IL,A,401
Severe acute respiratory syndrome coronavirus 2,7VH8,4WI,A,401
Severe acute respiratory syndrome coronavirus 2,7VIC,ODN,A,401
Severe acute respiratory syndrome coronavirus 2,7VLP,4WI,A,401
Severe acute respiratory syndrome coronavirus 2,7VLP,4WI,B,401
Severe acute respiratory syndrome coronavirus 2,7VLQ,4WI,A,401
Severe acute respiratory syndrome coronavirus 2,7VLQ,4WI,B,401
Severe acute respiratory syndrome coronavirus 2,7VTH,7XB,B,401
Severe acute respiratory syndrome coronavirus 2,7VTH,7XB,A,501
Severe acute respiratory syndrome coronavirus 2,7VU6,7YY,B,501
Severe acute respiratory syndrome coronavirus 2,7VU6,7YY,A,501
Severe acute respiratory syndrome coronavirus 2,7VVP,80I,B,301
Severe acute respiratory syndrome coronavirus 2,7VVT,80X,B,401
Severe acute respiratory syndrome coronavirus 2,7VVT,80X,A,401
Severe acute respiratory syndrome coronavirus 2,7W9G,SE,A,401
Severe acute respiratory syndrome coronavirus 2,7WBQ,FUL,F,2
Severe acute respiratory syndrome coronavirus 2,7WGV,EIC,A,1309
Severe acute respiratory syndrome coronavirus 2,7WGV,EIC,B,1309
Severe acute respiratory syndrome coronavirus 2,7WGV,BLR,A,1313
Severe acute respiratory syndrome coronavirus 2,7WGV,EIC,C,1309
Severe acute respiratory syndrome coronavirus 2,7WGV,BLR,B,1313
Severe acute respiratory syndrome coronavirus 2,7WGV,BLR,C,1313
Severe acute respiratory syndrome coronavirus 2,7WGX,BLR,A,1610
Severe acute respiratory syndrome coronavirus 2,7WGX,BLR,C,1610
Severe acute respiratory syndrome coronavirus 2,7WGX,BLR,B,1610
Severe acute respiratory syndrome coronavirus 2,7WO1,3XI,A,401
Severe acute respiratory syndrome coronavirus 2,7WO2,40I,A,401
Severe acute respiratory syndrome coronavirus 2,7WO3,59S,A,401
Severe acute respiratory syndrome coronavirus 2,7WOF,5IZ,A,401
Severe acute respiratory syndrome coronavirus 2,7WOH,5IW,A,401
Severe acute respiratory syndrome coronavirus 2,7WOH,5IW,B,401
Severe acute respiratory syndrome coronavirus 2,7WQ8,GME,B,3
Severe acute respiratory syndrome coronavirus 2,7WQ8,CF0,B,6
Severe acute respiratory syndrome coronavirus 2,7WQ8,FL6,B,2
Severe acute respiratory syndrome coronavirus 2,7WQ8,FL6,B,5
Severe acute respiratory syndrome coronavirus 2,7WQ9,FL6,B,5
Severe acute respiratory syndrome coronavirus 2,7WQ9,CF0,B,6
Severe acute respiratory syndrome coronavirus 2,7WQ9,GME,B,3
Severe acute respiratory syndrome coronavirus 2,7WQA,CF0,B,5
Severe acute respiratory syndrome coronavirus 2,7WQA,FL6,B,4
Severe acute respiratory syndrome coronavirus 2,7WQA,PHQ,B,1
Severe acute respiratory syndrome coronavirus 2,7WQB,ALD,A,401
Severe acute respiratory syndrome coronavirus 2,7WQK,ALD,A,401
Severe acute respiratory syndrome coronavirus 2,7WYM,G7L,A,401
Severe acute respiratory syndrome coronavirus 2,7WYP,G7O,A,401
Severe acute respiratory syndrome coronavirus 2,7WYP,G7O,B,401
Severe acute respiratory syndrome coronavirus 2,7X6K,9FF,A,701
Severe acute respiratory syndrome coronavirus 2,7XAR,BOV,A,406
Severe acute respiratory syndrome coronavirus 2,7XAR,BOV,B,403
Severe acute respiratory syndrome coronavirus 2,7XB4,4WI,B,401
Severe acute respiratory syndrome coronavirus 2,7XB4,4WI,A,401
Severe acute respiratory syndrome coronavirus 2,7XC4,BJ6,B,701
Severe acute respiratory syndrome coronavirus 2,7XC4,BJ6,A,701
Severe acute respiratory syndrome coronavirus 2,7XMN,NNH,B,202
Severe acute respiratory syndrome coronavirus 2,7XRS,HUR,B,401
Severe acute respiratory syndrome coronavirus 2,7XRS,HUR,A,401
Severe acute respiratory syndrome coronavirus 2,7XTZ,EIC,C,1601
Severe acute respiratory syndrome coronavirus 2,7XTZ,EIC,B,1601
Severe acute respiratory syndrome coronavirus 2,7XTZ,BLA,A,1214
Severe acute respiratory syndrome coronavirus 2,7XTZ,EIC,A,1215
Severe acute respiratory syndrome coronavirus 2,7XTZ,BLA,B,1615
Severe acute respiratory syndrome coronavirus 2,7XTZ,BLA,C,1615
Severe acute respiratory syndrome coronavirus 2,7XU0,BLA,A,1314
Severe acute respiratory syndrome coronavirus 2,7XU0,EIC,A,1315
Severe acute respiratory syndrome coronavirus 2,7XU0,BLA,B,1215
Severe acute respiratory syndrome coronavirus 2,7XU0,EIC,A,1313
Severe acute respiratory syndrome coronavirus 2,7XU0,BLA,C,1214
Severe acute respiratory syndrome coronavirus 2,7XU0,EIC,B,1211
Severe acute respiratory syndrome coronavirus 2,7XU1,BLA,C,1313
Severe acute respiratory syndrome coronavirus 2,7XU1,EIC,C,1314
Severe acute respiratory syndrome coronavirus 2,7XU1,BLA,A,1816
Severe acute respiratory syndrome coronavirus 2,7XU1,BLA,B,1313
Severe acute respiratory syndrome coronavirus 2,7XU1,EIC,A,1812
Severe acute respiratory syndrome coronavirus 2,7XU1,EIC,A,1801
Severe acute respiratory syndrome coronavirus 2,7XU2,BLA,A,1313
Severe acute respiratory syndrome coronavirus 2,7XU2,EIC,A,1314
Severe acute respiratory syndrome coronavirus 2,7XU2,EIC,B,1801
Severe acute respiratory syndrome coronavirus 2,7XU2,BLA,C,1313
Severe acute respiratory syndrome coronavirus 2,7XU2,EIC,C,1314
Severe acute respiratory syndrome coronavirus 2,7XU2,BLA,B,1814
Severe acute respiratory syndrome coronavirus 2,7XU3,BLA,B,1401
Severe acute respiratory syndrome coronavirus 2,7XU3,BLA,C,1401
Severe acute respiratory syndrome coronavirus 2,7XU3,BLA,A,1401
Severe acute respiratory syndrome coronavirus 2,7XU4,EIC,A,1315
Severe acute respiratory syndrome coronavirus 2,7XU4,BLA,B,1815
Severe acute respiratory syndrome coronavirus 2,7XU4,BLA,A,1314
Severe acute respiratory syndrome coronavirus 2,7XU4,BLA,C,1314
Severe acute respiratory syndrome coronavirus 2,7XU4,EIC,C,1315
Severe acute respiratory syndrome coronavirus 2,7XU4,EIC,B,1801
Severe acute respiratory syndrome coronavirus 2,7XU5,BLA,C,1401
Severe acute respiratory syndrome coronavirus 2,7XU5,BLA,A,1401
Severe acute respiratory syndrome coronavirus 2,7XU5,BLA,B,1401
Severe acute respiratory syndrome coronavirus 2,7XU6,BLA,A,1314
Severe acute respiratory syndrome coronavirus 2,7XU6,BLA,B,1314
Severe acute respiratory syndrome coronavirus 2,7XU6,BLA,C,1314
Severe acute respiratory syndrome coronavirus 2,7XXK,SCN,A,401
Severe acute respiratory syndrome coronavirus 2,7XXK,GUN,C,401
Severe acute respiratory syndrome coronavirus 2,7XXK,GMP,F,401
Severe acute respiratory syndrome coronavirus 2,7XXK,5GP,C,402
Severe acute respiratory syndrome coronavirus 2,7XXK,5GP,A,403
Severe acute respiratory syndrome coronavirus 2,7XXK,5GP,A,402
Severe acute respiratory syndrome coronavirus 2,7Y42,REA,A,1310
Severe acute respiratory syndrome coronavirus 2,7Y42,REA,B,1310
Severe acute respiratory syndrome coronavirus 2,7Y42,REA,D,1310
Severe acute respiratory syndrome coronavirus 2,7Y75,3PH,B,1003
Severe acute respiratory syndrome coronavirus 2,7Y75,3PH,D,1004
Severe acute respiratory syndrome coronavirus 2,7Y75,3PH,B,1004
Severe acute respiratory syndrome coronavirus 2,7Y75,3PH,D,1005
Severe acute respiratory syndrome coronavirus 2,7Y75,3PH,B,1005
Severe acute respiratory syndrome coronavirus 2,7Y75,3PH,D,1003
Severe acute respiratory syndrome coronavirus 2,7Y76,3PH,D,1003
Severe acute respiratory syndrome coronavirus 2,7Y76,3PH,B,1004
Severe acute respiratory syndrome coronavirus 2,7Y76,3PH,D,1004
Severe acute respiratory syndrome coronavirus 2,7Y76,3PH,B,1005
Severe acute respiratory syndrome coronavirus 2,7Y76,3PH,D,1005
Severe acute respiratory syndrome coronavirus 2,7Y76,3PH,B,1003
Severe acute respiratory syndrome coronavirus 2,7YE7,DD9,D,101
Severe acute respiratory syndrome coronavirus 2,7YE7,OCT,A,101
Severe acute respiratory syndrome coronavirus 2,7YE8,OCT,A,101
Severe acute respiratory syndrome coronavirus 2,7YE8,OCT,C,101
Severe acute respiratory syndrome coronavirus 2,7Z2K,MLI,B,401
Severe acute respiratory syndrome coronavirus 2,7Z3U,EJM,F,3
Severe acute respiratory syndrome coronavirus 2,7Z3U,EJM,G,3
Severe acute respiratory syndrome coronavirus 2,7Z3Z,STE,B,1313
Severe acute respiratory syndrome coronavirus 2,7Z3Z,STE,C,1313
Severe acute respiratory syndrome coronavirus 2,7Z3Z,STE,A,1313
Severe acute respiratory syndrome coronavirus 2,7Z4S,II7,C,4
Severe acute respiratory syndrome coronavirus 2,7Z4S,II7,D,4
Severe acute respiratory syndrome coronavirus 2,7Z59,IFO,A,401
Severe acute respiratory syndrome coronavirus 2,7Z8O,4J5,B,273
Severe acute respiratory syndrome coronavirus 2,7Z8O,CY3,B,279
Severe acute respiratory syndrome coronavirus 2,7Z8O,0JY,B,278
Severe acute respiratory syndrome coronavirus 2,7Z8O,KZ0,B,303
Severe acute respiratory syndrome coronavirus 2,7ZBU,3Q9,A,1309
Severe acute respiratory syndrome coronavirus 2,7ZIT,SEP,D,197
Severe acute respiratory syndrome coronavirus 2,7ZIT,BEZ,B,301
Severe acute respiratory syndrome coronavirus 2,7ZIT,SEP,C,197
Severe acute respiratory syndrome coronavirus 2,7ZQV,XNV,A,401
Severe acute respiratory syndrome coronavirus 2,7ZQV,XNV,B,401
Severe acute respiratory syndrome coronavirus 2,7ZV5,HSV,B,4
Severe acute respiratory syndrome coronavirus 2,7ZV7,HSV,B,4
Severe acute respiratory syndrome coronavirus 2,7ZV7,BOC,B,1
Severe acute respiratory syndrome coronavirus 2,7ZV8,HSV,D,4
Severe acute respiratory syndrome coronavirus 2,7ZV8,OCA,C,101
Severe acute respiratory syndrome coronavirus 2,7ZV8,HSV,C,4
Severe acute respiratory syndrome coronavirus 2,7ZV8,OCA,D,101
Severe acute respiratory syndrome coronavirus 2,8A23,KW6,A,301
Severe acute respiratory syndrome coronavirus 2,8A4Q,V9R,A,401
Severe acute respiratory syndrome coronavirus 2,8A4T,O6K,A,401
Severe acute respiratory syndrome coronavirus 2,8A4T,O6K,B,401
Severe acute respiratory syndrome coronavirus 2,8A4Y,QO6,A,201
Severe acute respiratory syndrome coronavirus 2,8AAA,29N,B,101
Severe acute respiratory syndrome coronavirus 2,8ACD,LQ6,A,401
Severe acute respiratory syndrome coronavirus 2,8ACL,LQL,A,401
Severe acute respiratory syndrome coronavirus 2,8AEB,35J,A,402
Severe acute respiratory syndrome coronavirus 2,8AYS,92G,B,201
Severe acute respiratory syndrome coronavirus 2,8AZ8,OEI,B,201
Severe acute respiratory syndrome coronavirus 2,8AZC,MPO,A,202
Severe acute respiratory syndrome coronavirus 2,8AZD,APR,B,201
Severe acute respiratory syndrome coronavirus 2,8AZD,APR,A,201
Severe acute respiratory syndrome coronavirus 2,8AZI,OHR,B,201
Severe acute respiratory syndrome coronavirus 2,8AZI,OHR,A,201
Severe acute respiratory syndrome coronavirus 2,8AZL,OI3,A,201
Severe acute respiratory syndrome coronavirus 2,8AZL,OI3,B,201
Severe acute respiratory syndrome coronavirus 2,8AZM,OI6,B,201
Severe acute respiratory syndrome coronavirus 2,8AZM,OI6,A,201
Severe acute respiratory syndrome coronavirus 2,8AZN,RVK,A,201
Severe acute respiratory syndrome coronavirus 2,8AZO,OIG,A,201
Severe acute respiratory syndrome coronavirus 2,8AZO,OIG,B,201
Severe acute respiratory syndrome coronavirus 2,8AZP,OH9,B,201
Severe acute respiratory syndrome coronavirus 2,8AZP,OH9,A,201
Severe acute respiratory syndrome coronavirus 2,8B0S,AU,A,401
Severe acute respiratory syndrome coronavirus 2,8B0T,AU,A,401
Severe acute respiratory syndrome coronavirus 2,8B0T,AU,A,402
Severe acute respiratory syndrome coronavirus 2,8B2T,OW1,A,401
Severe acute respiratory syndrome coronavirus 2,8BGA,QQL,B,401
Severe acute respiratory syndrome coronavirus 2,8BGA,QQL,A,401
Severe acute respiratory syndrome coronavirus 2,8BGD,QH0,A,401
Severe acute respiratory syndrome coronavirus 2,8BSD,TBN,A,7220
Severe acute respiratory syndrome coronavirus 2,8BWU,6NR,A,601
Severe acute respiratory syndrome coronavirus 2,8C19,T6B,A,202
Severe acute respiratory syndrome coronavirus 2,8C1A,T6O,A,201
Severe acute respiratory syndrome coronavirus 2,8C3V,PG0,R,603
Severe acute respiratory syndrome coronavirus 2,8C3V,PG0,J,203
Severe acute respiratory syndrome coronavirus 2,8C5M,MTA,A,7216
Severe acute respiratory syndrome coronavirus 2,8CMB,DHL,C,101
Severe acute respiratory syndrome coronavirus 2,8CMF,SIN,B,202
Severe acute respiratory syndrome coronavirus 2,8CMF,SIN,E,203
Severe acute respiratory syndrome coronavirus 2,8CMH,DHL,C,101
Severe acute respiratory syndrome coronavirus 2,8CRF,NT9,A,201
Severe acute respiratory syndrome coronavirus 2,8CRK,OG3,B,201
Severe acute respiratory syndrome coronavirus 2,8CRM,OF6,A,201
Severe acute respiratory syndrome coronavirus 2,8CYB,AH2,A,1312
Severe acute respiratory syndrome coronavirus 2,8CYU,P5X,A,401
Severe acute respiratory syndrome coronavirus 2,8CYU,P5X,C,401
Severe acute respiratory syndrome coronavirus 2,8CYU,P5X,D,401
Severe acute respiratory syndrome coronavirus 2,8CYU,P5X,B,401
Severe acute respiratory syndrome coronavirus 2,8CYZ,P6I,C,401
Severe acute respiratory syndrome coronavirus 2,8CYZ,P6I,D,401
Severe acute respiratory syndrome coronavirus 2,8CYZ,P6I,A,401
Severe acute respiratory syndrome coronavirus 2,8CYZ,P6I,B,401
Severe acute respiratory syndrome coronavirus 2,8CZ4,P6R,A,401
Severe acute respiratory syndrome coronavirus 2,8CZ4,P6R,B,401
Severe acute respiratory syndrome coronavirus 2,8CZ4,P6R,D,401
Severe acute respiratory syndrome coronavirus 2,8CZ4,P6R,C,401
Severe acute respiratory syndrome coronavirus 2,8CZ7,P7L,B,401
Severe acute respiratory syndrome coronavirus 2,8CZ7,P7L,A,401
Severe acute respiratory syndrome coronavirus 2,8CZ7,P7L,D,401
Severe acute respiratory syndrome coronavirus 2,8CZ7,P7L,C,401
Severe acute respiratory syndrome coronavirus 2,8CZW,P8L,B,402
Severe acute respiratory syndrome coronavirus 2,8CZW,P8L,A,402
Severe acute respiratory syndrome coronavirus 2,8CZW,P8U,B,401
Severe acute respiratory syndrome coronavirus 2,8CZW,P8U,A,401
Severe acute respiratory syndrome coronavirus 2,8CZX,P8C,A,402
Severe acute respiratory syndrome coronavirus 2,8CZX,PJR,B,401
Severe acute respiratory syndrome coronavirus 2,8CZX,P8C,B,402
Severe acute respiratory syndrome coronavirus 2,8CZX,PJR,A,401
Severe acute respiratory syndrome coronavirus 2,8D4K,K36,A,401
Severe acute respiratory syndrome coronavirus 2,8D4M,K36,A,401
Severe acute respiratory syndrome coronavirus 2,8D4P,QAO,A,401
Severe acute respiratory syndrome coronavirus 2,8DCZ,4WI,A,401
Severe acute respiratory syndrome coronavirus 2,8DCZ,4WI,B,401
Severe acute respiratory syndrome coronavirus 2,8DD1,K36,A,401
Severe acute respiratory syndrome coronavirus 2,8DD6,K36,A,502
Severe acute respiratory syndrome coronavirus 2,8DD9,B1S,A,401
Severe acute respiratory syndrome coronavirus 2,8DDM,K36,A,401
Severe acute respiratory syndrome coronavirus 2,8DGB,B1S,A,401
Severe acute respiratory syndrome coronavirus 2,8DGB,B1S,B,401
Severe acute respiratory syndrome coronavirus 2,8DIB,TKX,A,401
Severe acute respiratory syndrome coronavirus 2,8DIB,TKX,B,401
Severe acute respiratory syndrome coronavirus 2,8DIC,TNI,B,401
Severe acute respiratory syndrome coronavirus 2,8DIC,TNI,A,401
Severe acute respiratory syndrome coronavirus 2,8DID,U0R,A,401
Severe acute respiratory syndrome coronavirus 2,8DID,U0R,B,401
Severe acute respiratory syndrome coronavirus 2,8DIE,U1J,A,401
Severe acute respiratory syndrome coronavirus 2,8DIE,U1J,B,401
Severe acute respiratory syndrome coronavirus 2,8DIF,U1R,A,401
Severe acute respiratory syndrome coronavirus 2,8DIF,U1R,B,401
Severe acute respiratory syndrome coronavirus 2,8DIG,U26,A,401
Severe acute respiratory syndrome coronavirus 2,8DIH,U2B,A,401
Severe acute respiratory syndrome coronavirus 2,8DII,U2I,A,401
Severe acute respiratory syndrome coronavirus 2,8DL9,T4V,A,401
Severe acute respiratory syndrome coronavirus 2,8DLB,SRU,A,401
Severe acute respiratory syndrome coronavirus 2,8DMD,SVL,A,401
Severe acute respiratory syndrome coronavirus 2,8DOX,T2L,A,401
Severe acute respiratory syndrome coronavirus 2,8DOY,PG0,A,404
Severe acute respiratory syndrome coronavirus 2,8DOY,T1X,B,402
Severe acute respiratory syndrome coronavirus 2,8DOY,T1X,A,405
Severe acute respiratory syndrome coronavirus 2,8DPR,T43,A,401
Severe acute respiratory syndrome coronavirus 2,8DSU,V2M,B,504
Severe acute respiratory syndrome coronavirus 2,8DSU,V2M,A,502
Severe acute respiratory syndrome coronavirus 2,8DT9,V2M,B,502
Severe acute respiratory syndrome coronavirus 2,8DT9,V2M,A,502
Severe acute respiratory syndrome coronavirus 2,8DZ0,7YY,B,402
Severe acute respiratory syndrome coronavirus 2,8DZ0,7YY,A,403
Severe acute respiratory syndrome coronavirus 2,8DZ1,7YY,B,402
Severe acute respiratory syndrome coronavirus 2,8DZ1,7YY,A,403
Severe acute respiratory syndrome coronavirus 2,8DZ2,4WI,A,401
Severe acute respiratory syndrome coronavirus 2,8DZ2,4WI,B,401
Severe acute respiratory syndrome coronavirus 2,8DZ6,4WI,B,401
Severe acute respiratory syndrome coronavirus 2,8DZ6,4WI,A,401
Severe acute respiratory syndrome coronavirus 2,8DZ9,4WI,D,401
Severe acute respiratory syndrome coronavirus 2,8DZ9,4WI,A,401
Severe acute respiratory syndrome coronavirus 2,8DZ9,4WI,B,401
Severe acute respiratory syndrome coronavirus 2,8DZ9,4WI,C,401
Severe acute respiratory syndrome coronavirus 2,8DZA,4WI,B,401
Severe acute respiratory syndrome coronavirus 2,8DZA,4WI,A,402
Severe acute respiratory syndrome coronavirus 2,8DZB,U6Y,A,502
Severe acute respiratory syndrome coronavirus 2,8DZC,U76,A,401
Severe acute respiratory syndrome coronavirus 2,8E1Y,4WI,B,402
Severe acute respiratory syndrome coronavirus 2,8E1Y,4WI,A,401
Severe acute respiratory syndrome coronavirus 2,8E25,4WI,B,401
Severe acute respiratory syndrome coronavirus 2,8E25,4WI,A,401
Severe acute respiratory syndrome coronavirus 2,8E26,4WI,A,401
Severe acute respiratory syndrome coronavirus 2,8E26,4WI,B,401
Severe acute respiratory syndrome coronavirus 2,8E4R,K36,B,401
Severe acute respiratory syndrome coronavirus 2,8E4R,K36,A,401
Severe acute respiratory syndrome coronavirus 2,8E4W,V2M,B,401
Severe acute respiratory syndrome coronavirus 2,8E4W,V2M,A,401
Severe acute respiratory syndrome coronavirus 2,8E5C,4WI,A,502
Severe acute respiratory syndrome coronavirus 2,8E5X,URR,B,402
Severe acute respiratory syndrome coronavirus 2,8E5X,UO9,A,401
Severe acute respiratory syndrome coronavirus 2,8E5X,URR,A,402
Severe acute respiratory syndrome coronavirus 2,8E5X,UO9,B,401
Severe acute respiratory syndrome coronavirus 2,8E5Z,WJB,A,401
Severe acute respiratory syndrome coronavirus 2,8E5Z,UQO,A,402
Severe acute respiratory syndrome coronavirus 2,8E5Z,UQO,B,402
Severe acute respiratory syndrome coronavirus 2,8E5Z,WJB,B,401
Severe acute respiratory syndrome coronavirus 2,8E61,VM0,B,402
Severe acute respiratory syndrome coronavirus 2,8E61,VM0,A,403
Severe acute respiratory syndrome coronavirus 2,8E61,VLU,B,401
Severe acute respiratory syndrome coronavirus 2,8E61,VLU,A,402
Severe acute respiratory syndrome coronavirus 2,8E63,UUR,B,402
Severe acute respiratory syndrome coronavirus 2,8E63,UV2,B,401
Severe acute respiratory syndrome coronavirus 2,8E63,UV2,A,401
Severe acute respiratory syndrome coronavirus 2,8E63,UUR,A,402
Severe acute respiratory syndrome coronavirus 2,8E64,WEQ,B,401
Severe acute respiratory syndrome coronavirus 2,8E64,WEL,A,401
Severe acute respiratory syndrome coronavirus 2,8E64,WEL,B,402
Severe acute respiratory syndrome coronavirus 2,8E65,WF5,A,401
Severe acute respiratory syndrome coronavirus 2,8E68,WGO,B,401
Severe acute respiratory syndrome coronavirus 2,8E68,WGU,A,402
Severe acute respiratory syndrome coronavirus 2,8E68,WGO,A,401
Severe acute respiratory syndrome coronavirus 2,8E68,WGU,B,402
Severe acute respiratory syndrome coronavirus 2,8E69,WIO,B,401
Severe acute respiratory syndrome coronavirus 2,8E69,WIO,A,401
Severe acute respiratory syndrome coronavirus 2,8E6A,WIX,B,401
Severe acute respiratory syndrome coronavirus 2,8E6A,WJ0,B,402
Severe acute respiratory syndrome coronavirus 2,8E6A,WIX,A,402
Severe acute respiratory syndrome coronavirus 2,8E6A,WJ0,A,403
Severe acute respiratory syndrome coronavirus 2,8EOY,WOH,B,401
Severe acute respiratory syndrome coronavirus 2,8EOY,WOH,A,401
Severe acute respiratory syndrome coronavirus 2,8EQJ,PEE,A,401
Severe acute respiratory syndrome coronavirus 2,8EQJ,PEE,A,402
Severe acute respiratory syndrome coronavirus 2,8EQJ,PEE,B,402
Severe acute respiratory syndrome coronavirus 2,8EQJ,PEE,B,401
Severe acute respiratory syndrome coronavirus 2,8EQT,PEE,B,401
Severe acute respiratory syndrome coronavirus 2,8EQT,PEE,B,402
Severe acute respiratory syndrome coronavirus 2,8EQT,PEE,A,401
Severe acute respiratory syndrome coronavirus 2,8EQT,PEE,A,402
Severe acute respiratory syndrome coronavirus 2,8EQU,PEE,A,401
Severe acute respiratory syndrome coronavirus 2,8EQU,PEE,B,401
Severe acute respiratory syndrome coronavirus 2,8ERS,WQO,A,201
Severe acute respiratory syndrome coronavirus 2,8EUA,WUK,A,401
Severe acute respiratory syndrome coronavirus 2,8EYJ,4WI,B,401
Severe acute respiratory syndrome coronavirus 2,8EYJ,4WI,A,401
Severe acute respiratory syndrome coronavirus 2,8EZV,X6O,A,401
Severe acute respiratory syndrome coronavirus 2,8EZZ,X70,A,401
Severe acute respiratory syndrome coronavirus 2,8F02,X6T,A,401
Severe acute respiratory syndrome coronavirus 2,8F2C,X9Z,A,401
Severe acute respiratory syndrome coronavirus 2,8F2D,XA8,A,401
Severe acute respiratory syndrome coronavirus 2,8F44,XFF,A,401
Severe acute respiratory syndrome coronavirus 2,8F44,XFR,B,402
Severe acute respiratory syndrome coronavirus 2,8F44,XFF,B,401
Severe acute respiratory syndrome coronavirus 2,8F44,XFR,A,402
Severe acute respiratory syndrome coronavirus 2,8F45,XF8,A,401
Severe acute respiratory syndrome coronavirus 2,8F45,XF8,B,401
Severe acute respiratory syndrome coronavirus 2,8F46,XCK,A,401
Severe acute respiratory syndrome coronavirus 2,8F46,XCK,B,401
Severe acute respiratory syndrome coronavirus 2,8F4S,XDU,A,7102
Severe acute respiratory syndrome coronavirus 2,8F4Y,XDU,A,7102
Severe acute respiratory syndrome coronavirus 2,8F4Y,XE0,B,4405
Severe acute respiratory syndrome coronavirus 2,8F4Y,XE0,B,4404
Severe acute respiratory syndrome coronavirus 2,8F4Y,XE0,A,7103
Severe acute respiratory syndrome coronavirus 2,8FHY,MLI,D,602
Severe acute respiratory syndrome coronavirus 2,8FIG,UED,A,401
Severe acute respiratory syndrome coronavirus 2,8FIV,Y0I,A,401
Severe acute respiratory syndrome coronavirus 2,8FIW,Y0E,A,401
Severe acute respiratory syndrome coronavirus 2,8FIW,Y0E,B,401
Severe acute respiratory syndrome coronavirus 2,8FIW,Y1E,B,402
Severe acute respiratory syndrome coronavirus 2,8FRJ,AW2,A,602
Severe acute respiratory syndrome coronavirus 2,8FRK,EOH,A,602
Severe acute respiratory syndrome coronavirus 2,8FRK,MJ7,A,603
Severe acute respiratory syndrome coronavirus 2,8FTC,Y8O,A,401
Severe acute respiratory syndrome coronavirus 2,8FTL,5ZF,A,401
Severe acute respiratory syndrome coronavirus 2,8FTL,5ZF,B,401
Severe acute respiratory syndrome coronavirus 2,8FY6,YVZ,A,401
Severe acute respiratory syndrome coronavirus 2,8FY7,YFK,A,401
Severe acute respiratory syndrome coronavirus 2,8FY7,YFK,B,401
Severe acute respiratory syndrome coronavirus 2,8G62,YOO,C,403
Severe acute respiratory syndrome coronavirus 2,8G62,YOO,C,401
Severe acute respiratory syndrome coronavirus 2,8G62,YOO,A,502
Severe acute respiratory syndrome coronavirus 2,8G62,YOO,A,510
Severe acute respiratory syndrome coronavirus 2,8G62,YOO,B,502
Severe acute respiratory syndrome coronavirus 2,8G62,YOO,A,503
Severe acute respiratory syndrome coronavirus 2,8GB5,BCN,E,303
Severe acute respiratory syndrome coronavirus 2,8GB5,BCN,H,301
Severe acute respiratory syndrome coronavirus 2,8GB5,BCN,C,301
Severe acute respiratory syndrome coronavirus 2,8GFN,ZGI,A,401
Severe acute respiratory syndrome coronavirus 2,8GFN,ZGI,B,401
Severe acute respiratory syndrome coronavirus 2,8GFO,ZH0,A,401
Severe acute respiratory syndrome coronavirus 2,8GFR,ZGO,A,401
Severe acute respiratory syndrome coronavirus 2,8GFU,ZGW,A,401
Severe acute respiratory syndrome coronavirus 2,8GIA,ZJ3,A,201
Severe acute respiratory syndrome coronavirus 2,8GIA,ZJ3,C,201
Severe acute respiratory syndrome coronavirus 2,8GQT,QUE,D,401
Severe acute respiratory syndrome coronavirus 2,8GTV,KAE,B,401
Severe acute respiratory syndrome coronavirus 2,8GTV,KAE,A,401
Severe acute respiratory syndrome coronavirus 2,8GTW,K9U,B,401
Severe acute respiratory syndrome coronavirus 2,8GTW,K9U,A,401
Severe acute respiratory syndrome coronavirus 2,8GVD,0A9,B,4
Severe acute respiratory syndrome coronavirus 2,8GVY,0A9,B,4
Severe acute respiratory syndrome coronavirus 2,8GW1,U5P,G,201
Severe acute respiratory syndrome coronavirus 2,8GWE,GNP,A,1003
Severe acute respiratory syndrome coronavirus 2,8GWF,GTP,A,1003
Severe acute respiratory syndrome coronavirus 2,8GWG,GTP,A,1003
Severe acute respiratory syndrome coronavirus 2,8GWI,GTP,A,1003
Severe acute respiratory syndrome coronavirus 2,8GWK,GNP,A,1003
Severe acute respiratory syndrome coronavirus 2,8GWK,F86,G,201
Severe acute respiratory syndrome coronavirus 2,8GWM,6GS,G,201
Severe acute respiratory syndrome coronavirus 2,8GWM,GNP,A,1003
Severe acute respiratory syndrome coronavirus 2,8GWN,GNP,A,1003
Severe acute respiratory syndrome coronavirus 2,8GWO,GNP,A,1003
Severe acute respiratory syndrome coronavirus 2,8GWO,U5P,G,201
Severe acute respiratory syndrome coronavirus 2,8GXG,06Q,A,401
Severe acute respiratory syndrome coronavirus 2,8GXH,0AX,A,401
Severe acute respiratory syndrome coronavirus 2,8GXI,0BO,A,401
Severe acute respiratory syndrome coronavirus 2,8GY6,GO3,A,1002
Severe acute respiratory syndrome coronavirus 2,8GY6,GO3,A,1001
Severe acute respiratory syndrome coronavirus 2,8GZB,KM6,A,402
Severe acute respiratory syndrome coronavirus 2,8H3E,Q83,A,1301
Severe acute respiratory syndrome coronavirus 2,8H3E,Q83,B,1301
Severe acute respiratory syndrome coronavirus 2,8H3E,Q83,C,1301
Severe acute respiratory syndrome coronavirus 2,8H3G,7YY,A,401
Severe acute respiratory syndrome coronavirus 2,8H3G,7YY,B,402
Severe acute respiratory syndrome coronavirus 2,8H3K,7YY,B,401
Severe acute respiratory syndrome coronavirus 2,8H3K,VIB,A,402
Severe acute respiratory syndrome coronavirus 2,8H3K,7YY,A,401
Severe acute respiratory syndrome coronavirus 2,8H3L,7YY,D,401
Severe acute respiratory syndrome coronavirus 2,8H3L,7YY,A,401
Severe acute respiratory syndrome coronavirus 2,8H3L,7YY,C,401
Severe acute respiratory syndrome coronavirus 2,8H3L,7YY,B,401
Severe acute respiratory syndrome coronavirus 2,8H4Y,4WI,A,401
Severe acute respiratory syndrome coronavirus 2,8H51,4WI,A,401
Severe acute respiratory syndrome coronavirus 2,8H57,4WI,A,401
Severe acute respiratory syndrome coronavirus 2,8H5F,4WI,A,401
Severe acute respiratory syndrome coronavirus 2,8H5P,4WI,A,401
Severe acute respiratory syndrome coronavirus 2,8H6I,ODN,A,401
Severe acute respiratory syndrome coronavirus 2,8H6N,4WI,A,401
Severe acute respiratory syndrome coronavirus 2,8H6N,LQZ,A,402
Severe acute respiratory syndrome coronavirus 2,8H7W,4WI,A,401
Severe acute respiratory syndrome coronavirus 2,8H82,4WI,A,401
Severe acute respiratory syndrome coronavirus 2,8HBK,7YY,A,401
Severe acute respiratory syndrome coronavirus 2,8HBL,LI,A,1602
Severe acute respiratory syndrome coronavirus 2,8HEF,7YY,B,401
Severe acute respiratory syndrome coronavirus 2,8HEF,7YY,A,401
Severe acute respiratory syndrome coronavirus 2,8HHT,LV0,A,401
Severe acute respiratory syndrome coronavirus 2,8HHU,LVX,A,401
Severe acute respiratory syndrome coronavirus 2,8HI9,LKR,B,401
Severe acute respiratory syndrome coronavirus 2,8HI9,LKR,A,401
Severe acute respiratory syndrome coronavirus 2,8HLC,EIC,C,1315
Severe acute respiratory syndrome coronavirus 2,8HLC,EIC,A,1311
Severe acute respiratory syndrome coronavirus 2,8HLC,EIC,B,1315
Severe acute respiratory syndrome coronavirus 2,8HOM,7YY,A,401
Severe acute respiratory syndrome coronavirus 2,8HOZ,4WI,A,401
Severe acute respiratory syndrome coronavirus 2,8HQF,HUR,A,401
Severe acute respiratory syndrome coronavirus 2,8HQF,HUR,B,401
Severe acute respiratory syndrome coronavirus 2,8HQG,HUR,B,401
Severe acute respiratory syndrome coronavirus 2,8HQG,HUR,A,401
Severe acute respiratory syndrome coronavirus 2,8HQH,HUR,B,401
Severe acute respiratory syndrome coronavirus 2,8HQH,HUR,A,401
Severe acute respiratory syndrome coronavirus 2,8HQI,HUR,A,401
Severe acute respiratory syndrome coronavirus 2,8HQI,HUR,B,401
Severe acute respiratory syndrome coronavirus 2,8HQJ,HUR,B,401
Severe acute respiratory syndrome coronavirus 2,8HQJ,HUR,A,401
Severe acute respiratory syndrome coronavirus 2,8HTV,UZF,A,401
Severe acute respiratory syndrome coronavirus 2,8HUR,7YY,A,401
Severe acute respiratory syndrome coronavirus 2,8HUR,7YY,B,401
Severe acute respiratory syndrome coronavirus 2,8HUV,7YY,A,401
Severe acute respiratory syndrome coronavirus 2,8HUV,7YY,B,401
Severe acute respiratory syndrome coronavirus 2,8HUW,7YY,A,401
Severe acute respiratory syndrome coronavirus 2,8HUW,7YY,B,401
Severe acute respiratory syndrome coronavirus 2,8HUX,7YY,A,401
Severe acute respiratory syndrome coronavirus 2,8HUX,7YY,B,401
Severe acute respiratory syndrome coronavirus 2,8HVK,4WI,B,401
Severe acute respiratory syndrome coronavirus 2,8HVK,4WI,A,401
Severe acute respiratory syndrome coronavirus 2,8HVL,4WI,B,401
Severe acute respiratory syndrome coronavirus 2,8HVL,4WI,A,401
Severe acute respiratory syndrome coronavirus 2,8HVM,4WI,A,401
Severe acute respiratory syndrome coronavirus 2,8HVM,4WI,B,401
Severe acute respiratory syndrome coronavirus 2,8HVN,4WI,B,401
Severe acute respiratory syndrome coronavirus 2,8HVN,4WI,A,401
Severe acute respiratory syndrome coronavirus 2,8HVO,4WI,B,401
Severe acute respiratory syndrome coronavirus 2,8HVO,4WI,A,401
Severe acute respiratory syndrome coronavirus 2,8HVU,80I,A,401
Severe acute respiratory syndrome coronavirus 2,8HVU,80I,B,401
Severe acute respiratory syndrome coronavirus 2,8HVV,80I,A,401
Severe acute respiratory syndrome coronavirus 2,8HVV,80I,B,401
Severe acute respiratory syndrome coronavirus 2,8HVW,80I,B,401
Severe acute respiratory syndrome coronavirus 2,8HVW,80I,A,401
Severe acute respiratory syndrome coronavirus 2,8HVX,80I,A,401
Severe acute respiratory syndrome coronavirus 2,8HVX,80I,B,401
Severe acute respiratory syndrome coronavirus 2,8HVY,80I,B,401
Severe acute respiratory syndrome coronavirus 2,8HVY,80I,A,401
Severe acute respiratory syndrome coronavirus 2,8HVZ,80I,A,401
Severe acute respiratory syndrome coronavirus 2,8HVZ,80I,B,401
Severe acute respiratory syndrome coronavirus 2,8HZR,4WI,A,301
Severe acute respiratory syndrome coronavirus 2,8HZR,4WI,B,301
Severe acute respiratory syndrome coronavirus 2,8I30,OF9,A,401
Severe acute respiratory syndrome coronavirus 2,8I4S,OU3,A,401
Severe acute respiratory syndrome coronavirus 2,8IFP,OZ6,A,401
Severe acute respiratory syndrome coronavirus 2,8IFQ,I1Z,A,401
Severe acute respiratory syndrome coronavirus 2,8IFR,P0O,A,401
Severe acute respiratory syndrome coronavirus 2,8IFS,OZL,B,401
Severe acute respiratory syndrome coronavirus 2,8IFS,OZL,A,401
Severe acute respiratory syndrome coronavirus 2,8IFT,OZB,A,401
Severe acute respiratory syndrome coronavirus 2,8IG4,UED,A,401
Severe acute respiratory syndrome coronavirus 2,8IG4,UED,B,401
Severe acute respiratory syndrome coronavirus 2,8IG7,UED,A,401
Severe acute respiratory syndrome coronavirus 2,8IG7,UED,B,401
Severe acute respiratory syndrome coronavirus 2,8IG8,UED,A,401
Severe acute respiratory syndrome coronavirus 2,8IG8,UED,B,401
Severe acute respiratory syndrome coronavirus 2,8IG9,UED,A,401
Severe acute respiratory syndrome coronavirus 2,8IG9,UED,B,401
Severe acute respiratory syndrome coronavirus 2,8IGA,UED,B,401
Severe acute respiratory syndrome coronavirus 2,8IGA,UED,A,401
Severe acute respiratory syndrome coronavirus 2,8IGB,UED,A,401
Severe acute respiratory syndrome coronavirus 2,8IGB,UED,B,401
Severe acute respiratory syndrome coronavirus 2,8IGN,7ON,B,401
Severe acute respiratory syndrome coronavirus 2,8IGN,7ON,A,401
Severe acute respiratory syndrome coronavirus 2,8IGX,PQL,A,401
Severe acute respiratory syndrome coronavirus 2,8IGY,4WI,A,401
Severe acute respiratory syndrome coronavirus 2,8IHO,PQX,D,101
Severe acute respiratory syndrome coronavirus 2,8IHO,PQX,E,101
Severe acute respiratory syndrome coronavirus 2,8INU,4WI,A,401
Severe acute respiratory syndrome coronavirus 2,8INW,4WI,A,401
Severe acute respiratory syndrome coronavirus 2,8INX,7YY,A,401
Severe acute respiratory syndrome coronavirus 2,8INY,7YY,A,401
Severe acute respiratory syndrome coronavirus 2,8IV3,DJU,A,201
Severe acute respiratory syndrome coronavirus 2,8J1Q,85Y,E,51
Severe acute respiratory syndrome coronavirus 2,8J1Q,85Y,D,35
Severe acute respiratory syndrome coronavirus 2,8J1Q,85Y,E,34
Severe acute respiratory syndrome coronavirus 2,8J1Q,85Y,D,24
Severe acute respiratory syndrome coronavirus 2,8J1Q,85Y,E,55
Severe acute respiratory syndrome coronavirus 2,8J1Q,85Y,D,41
Severe acute respiratory syndrome coronavirus 2,8J1Q,85Y,E,53
Severe acute respiratory syndrome coronavirus 2,8J1Q,85Y,E,59
Severe acute respiratory syndrome coronavirus 2,8J1Q,85Y,D,17
Severe acute respiratory syndrome coronavirus 2,8J1Q,85Y,D,4
Severe acute respiratory syndrome coronavirus 2,8J1Q,85Y,E,33
Severe acute respiratory syndrome coronavirus 2,8J1Q,85Y,E,48
Severe acute respiratory syndrome coronavirus 2,8J1Q,85Y,E,27
Severe acute respiratory syndrome coronavirus 2,8J1Q,85Y,D,30
Severe acute respiratory syndrome coronavirus 2,8J1Q,85Y,D,20
Severe acute respiratory syndrome coronavirus 2,8J1Q,85Y,E,44
Severe acute respiratory syndrome coronavirus 2,8J1Q,85Y,E,39
Severe acute respiratory syndrome coronavirus 2,8J1Q,85Y,D,34
Severe acute respiratory syndrome coronavirus 2,8J1Q,85Y,E,38
Severe acute respiratory syndrome coronavirus 2,8J1Q,85Y,D,43
Severe acute respiratory syndrome coronavirus 2,8J1Q,85Y,D,8
Severe acute respiratory syndrome coronavirus 2,8J1Q,85Y,D,22
Severe acute respiratory syndrome coronavirus 2,8J26,85Y,E,39
Severe acute respiratory syndrome coronavirus 2,8J26,85Y,E,38
Severe acute respiratory syndrome coronavirus 2,8J26,85Y,D,34
Severe acute respiratory syndrome coronavirus 2,8J26,85Y,D,43
Severe acute respiratory syndrome coronavirus 2,8J26,85Y,D,35
Severe acute respiratory syndrome coronavirus 2,8J26,85Y,E,33
Severe acute respiratory syndrome coronavirus 2,8J26,85Y,D,22
Severe acute respiratory syndrome coronavirus 2,8J26,85Y,E,51
Severe acute respiratory syndrome coronavirus 2,8J26,85Y,E,34
Severe acute respiratory syndrome coronavirus 2,8J26,85Y,D,24
Severe acute respiratory syndrome coronavirus 2,8J26,85Y,E,53
Severe acute respiratory syndrome coronavirus 2,8J26,85Y,D,17
Severe acute respiratory syndrome coronavirus 2,8J26,85Y,E,55
Severe acute respiratory syndrome coronavirus 2,8J26,85Y,D,41
Severe acute respiratory syndrome coronavirus 2,8J26,85Y,E,59
Severe acute respiratory syndrome coronavirus 2,8J26,85Y,E,48
Severe acute respiratory syndrome coronavirus 2,8J26,85Y,D,30
Severe acute respiratory syndrome coronavirus 2,8J26,85Y,D,20
Severe acute respiratory syndrome coronavirus 2,8J26,85Y,E,44
Severe acute respiratory syndrome coronavirus 2,8J32,V2M,A,401
Severe acute respiratory syndrome coronavirus 2,8J32,V2M,B,401
Severe acute respiratory syndrome coronavirus 2,8J35,V2M,A,401
Severe acute respiratory syndrome coronavirus 2,8J35,V2M,B,401
Severe acute respiratory syndrome coronavirus 2,8J36,V2M,A,401
Severe acute respiratory syndrome coronavirus 2,8J36,V2M,B,401
Severe acute respiratory syndrome coronavirus 2,8J37,V2M,A,401
Severe acute respiratory syndrome coronavirus 2,8J37,V2M,B,401
Severe acute respiratory syndrome coronavirus 2,8J38,V2M,B,401
Severe acute respiratory syndrome coronavirus 2,8J38,V2M,A,401
Severe acute respiratory syndrome coronavirus 2,8J39,V2M,B,401
Severe acute respiratory syndrome coronavirus 2,8J39,V2M,A,401
Severe acute respiratory syndrome coronavirus 2,8J3A,V2M,A,401
Severe acute respiratory syndrome coronavirus 2,8J3A,V2M,B,401
Severe acute respiratory syndrome coronavirus 2,8J3B,V2M,B,401
Severe acute respiratory syndrome coronavirus 2,8J3B,V2M,A,501
Severe acute respiratory syndrome coronavirus 2,8J6X,U2H,D,201
Severe acute respiratory syndrome coronavirus 2,8JCJ,PBP,A,401
Severe acute respiratory syndrome coronavirus 2,8JCJ,H2S,A,402
Severe acute respiratory syndrome coronavirus 2,8JCK,A8J,A,401
Severe acute respiratory syndrome coronavirus 2,8JCK,H2S,A,403
Severe acute respiratory syndrome coronavirus 2,8JCL,H2S,A,402
Severe acute respiratory syndrome coronavirus 2,8JCL,AIE,A,401
Severe acute respiratory syndrome coronavirus 2,8JCM,H2S,A,405
Severe acute respiratory syndrome coronavirus 2,8JCM,AJF,A,401
Severe acute respiratory syndrome coronavirus 2,8JCN,AO0,A,401
Severe acute respiratory syndrome coronavirus 2,8JCO,B7Y,A,401
Severe acute respiratory syndrome coronavirus 2,8JOP,UWO,A,401
Severe acute respiratory syndrome coronavirus 2,8JPQ,V3E,A,404
Severe acute respiratory syndrome coronavirus 2,8JPQ,ILE,A,403
Severe acute respiratory syndrome coronavirus 2,8JPQ,ALA,A,402
Severe acute respiratory syndrome coronavirus 2,8JUX,V00,A,401
Severe acute respiratory syndrome coronavirus 2,8JUX,V00,B,401
Severe acute respiratory syndrome coronavirus 2,8K6D,J7R,A,401
Severe acute respiratory syndrome coronavirus 2,8OKB,VQR,A,401
Severe acute respiratory syndrome coronavirus 2,8OKC,VQN,A,401
Severe acute respiratory syndrome coronavirus 2,8OKK,83F,B,401
Severe acute respiratory syndrome coronavirus 2,8OKK,83F,A,401
Severe acute respiratory syndrome coronavirus 2,8OKL,83N,B,401
Severe acute respiratory syndrome coronavirus 2,8OKL,83N,A,401
Severe acute respiratory syndrome coronavirus 2,8OKM,84C,B,401
Severe acute respiratory syndrome coronavirus 2,8OKM,84C,A,401
Severe acute respiratory syndrome coronavirus 2,8OKN,83W,A,401
Severe acute respiratory syndrome coronavirus 2,8OKN,83W,B,401
Severe acute respiratory syndrome coronavirus 2,8OSX,SAM,A,7215
Severe acute respiratory syndrome coronavirus 2,8OT0,MTA,A,7417
Severe acute respiratory syndrome coronavirus 2,8OTR,W08,A,7228
Severe acute respiratory syndrome coronavirus 2,8OTR,SAM,A,7213
Severe acute respiratory syndrome coronavirus 2,8OV1,SAM,A,7229
Severe acute respiratory syndrome coronavirus 2,8OV2,SGV,A,7222
Severe acute respiratory syndrome coronavirus 2,8OV3,5ID,A,7218
Severe acute respiratory syndrome coronavirus 2,8OV4,TO1,A,7220
Severe acute respiratory syndrome coronavirus 2,8P54,ALD,A,401
Severe acute respiratory syndrome coronavirus 2,8P55,ALD,A,402
Severe acute respiratory syndrome coronavirus 2,8P56,X77,A,406
Severe acute respiratory syndrome coronavirus 2,8P57,X77,A,402
Severe acute respiratory syndrome coronavirus 2,8P58,X77,A,406
Severe acute respiratory syndrome coronavirus 2,8P58,X77,B,408
Severe acute respiratory syndrome coronavirus 2,8P5A,X77,B,406
Severe acute respiratory syndrome coronavirus 2,8P5A,X77,A,410
Severe acute respiratory syndrome coronavirus 2,8P5C,9M5,B,401
Severe acute respiratory syndrome coronavirus 2,8P5C,9M5,A,401
Severe acute respiratory syndrome coronavirus 2,8P86,ALD,A,401
Severe acute respiratory syndrome coronavirus 2,8P87,X77,A,404
Severe acute respiratory syndrome coronavirus 2,8P9Y,XIO,C,1307
Severe acute respiratory syndrome coronavirus 2,8PH4,YQN,B,401
Severe acute respiratory syndrome coronavirus 2,8PH4,YQN,B,402
Severe acute respiratory syndrome coronavirus 2,8PH4,YQN,A,402
Severe acute respiratory syndrome coronavirus 2,8PH4,YQN,A,403
Severe acute respiratory syndrome coronavirus 2,8PH4,MLI,A,401
Severe acute respiratory syndrome coronavirus 2,8Q7S,P4G,A,601
Severe acute respiratory syndrome coronavirus 2,8QH0,PRO,A,601
Severe acute respiratory syndrome coronavirus 2,8R0V,O6K,A,401
Severe acute respiratory syndrome coronavirus 2,8R0V,O6K,D,401
Severe acute respiratory syndrome coronavirus 2,8R0V,O6K,B,401
Severe acute respiratory syndrome coronavirus 2,8R0V,O6K,C,401
Severe acute respiratory syndrome coronavirus 2,8R11,XI0,B,701
Severe acute respiratory syndrome coronavirus 2,8R11,XI0,A,401
Severe acute respiratory syndrome coronavirus 2,8R12,XH9,B,401
Severe acute respiratory syndrome coronavirus 2,8R12,XH9,A,401
Severe acute respiratory syndrome coronavirus 2,8R14,XHW,A,401
Severe acute respiratory syndrome coronavirus 2,8R14,XHW,B,701
Severe acute respiratory syndrome coronavirus 2,8R16,XJ9,A,401
Severe acute respiratory syndrome coronavirus 2,8R16,XJ9,B,401
Severe acute respiratory syndrome coronavirus 2,8RF4,EQT,A,201
Severe acute respiratory syndrome coronavirus 2,8RF5,FBB,A,201
Severe acute respiratory syndrome coronavirus 2,8RFF,ABV,A,201
Severe acute respiratory syndrome coronavirus 2,8RV5,MTA,A,302
Severe acute respiratory syndrome coronavirus 2,8S8W,SGV,A,7203
Severe acute respiratory syndrome coronavirus 2,8S8W,GTA,C,101
Severe acute respiratory syndrome coronavirus 2,8S8W,SAM,A,7202
Severe acute respiratory syndrome coronavirus 2,8S8X,GTA,C,1
Severe acute respiratory syndrome coronavirus 2,8S8X,TO1,A,7202
Severe acute respiratory syndrome coronavirus 2,8S9Z,ZU0,B,2
Severe acute respiratory syndrome coronavirus 2,8S9Z,ZV7,B,4
Severe acute respiratory syndrome coronavirus 2,8SH8,AR6,A,201
Severe acute respiratory syndrome coronavirus 2,8SK4,I3R,A,401
Severe acute respiratory syndrome coronavirus 2,8SKH,A1W,A,401
Severe acute respiratory syndrome coronavirus 2,8SQ9,WSB,A,1005
Severe acute respiratory syndrome coronavirus 2,8SQ9,WSB,A,1008
Severe acute respiratory syndrome coronavirus 2,8SQJ,VSN,A,1001
Severe acute respiratory syndrome coronavirus 2,8SQK,VSN,A,1002
Severe acute respiratory syndrome coronavirus 2,8SQK,VSN,A,1001
Severe acute respiratory syndrome coronavirus 2,8STY,WGE,A,401
Severe acute respiratory syndrome coronavirus 2,8STZ,WGI,A,401
Severe acute respiratory syndrome coronavirus 2,8SXR,WZK,A,401
Severe acute respiratory syndrome coronavirus 2,8SXR,WZK,B,401
Severe acute respiratory syndrome coronavirus 2,8T7Y,PHL,E,4
Severe acute respiratory syndrome coronavirus 2,8T7Y,CSI,E,2
Severe acute respiratory syndrome coronavirus 2,8T7Y,CSI,C,2
Severe acute respiratory syndrome coronavirus 2,8T7Y,PHL,C,4
Severe acute respiratory syndrome coronavirus 2,8TBE,ZQB,B,401
Severe acute respiratory syndrome coronavirus 2,8TBE,ZQB,A,401
Severe acute respiratory syndrome coronavirus 2,8TPB,JVX,A,500
Severe acute respiratory syndrome coronavirus 2,8TPB,JVX,B,500
Severe acute respiratory syndrome coronavirus 2,8TPC,JJC,A,500
Severe acute respiratory syndrome coronavirus 2,8TPD,JJO,A,500
Severe acute respiratory syndrome coronavirus 2,8TPG,JKL,A,500
Severe acute respiratory syndrome coronavirus 2,8TPH,JKL,A,500
Severe acute respiratory syndrome coronavirus 2,8TPI,JWO,A,500
Severe acute respiratory syndrome coronavirus 2,8TQH,JX6,A,401
Severe acute respiratory syndrome coronavirus 2,8TQJ,YHI,A,401
Severe acute respiratory syndrome coronavirus 2,8TQL,JY0,A,401
Severe acute respiratory syndrome coronavirus 2,8TQT,K2X,A,401
Severe acute respiratory syndrome coronavirus 2,8TQU,ELL,B,3
Severe acute respiratory syndrome coronavirus 2,8TV6,V83,B,201
Severe acute respiratory syndrome coronavirus 2,8TV7,VI1,A,202
Severe acute respiratory syndrome coronavirus 2,8TY3,SJF,A,401
Severe acute respiratory syndrome coronavirus 2,8TY4,SO0,A,401
Severe acute respiratory syndrome coronavirus 2,8TY5,SQ3,A,401
Severe acute respiratory syndrome coronavirus 2,8TYJ,SAH,A,1502
Severe acute respiratory syndrome coronavirus 2,8UAB,W28,A,401
Severe acute respiratory syndrome coronavirus 2,8UH5,WOK,A,401
Severe acute respiratory syndrome coronavirus 2,8UH9,WOK,A,401
Severe acute respiratory syndrome coronavirus 2,8UHO,WTE,A,401
Severe acute respiratory syndrome coronavirus 2,8UHO,WTE,B,401
Severe acute respiratory syndrome coronavirus 2,8UIA,WTV,A,401
Severe acute respiratory syndrome coronavirus 2,8UIA,WTV,B,401
Severe acute respiratory syndrome coronavirus 2,8UOB,XB5,A,401
Severe acute respiratory syndrome coronavirus 2,8UPS,I70,A,401
Severe acute respiratory syndrome coronavirus 2,8UPV,X83,A,401
Severe acute respiratory syndrome coronavirus 2,8UPW,X8F,A,401
Severe acute respiratory syndrome coronavirus 2,8UR9,XEK,A,401
Severe acute respiratory syndrome coronavirus 2,8UTE,XKQ,A,501
Severe acute respiratory syndrome coronavirus 2,8UUF,XWO,A,401
Severe acute respiratory syndrome coronavirus 2,8UUG,XXW,A,401
Severe acute respiratory syndrome coronavirus 2,8UUH,XYI,A,401
Severe acute respiratory syndrome coronavirus 2,8UUU,XYR,A,401
Severe acute respiratory syndrome coronavirus 2,8UUV,Y2I,A,401
Severe acute respiratory syndrome coronavirus 2,8UUW,Y2N,A,401
Severe acute respiratory syndrome coronavirus 2,8UUY,Y2R,A,401
Severe acute respiratory syndrome coronavirus 2,8UVM,Y3R,D,401
Severe acute respiratory syndrome coronavirus 2,8UVM,Y3R,B,401
Severe acute respiratory syndrome coronavirus 2,8UVM,Y3R,A,401
Severe acute respiratory syndrome coronavirus 2,8UVM,Y3R,C,401
Severe acute respiratory syndrome coronavirus 2,8V4U,YDL,A,401
Severe acute respiratory syndrome coronavirus 2,8V4U,YDL,B,401
Severe acute respiratory syndrome coronavirus 2,8V8E,7YY,A,301
Severe acute respiratory syndrome coronavirus 2,8V8E,7YY,B,301
Severe acute respiratory syndrome coronavirus 2,8V8G,7YY,A,201
Severe acute respiratory syndrome coronavirus 2,8V8G,7YY,B,201
Severe acute respiratory syndrome coronavirus 2,8WTI,X1Z,A,401
Severe acute respiratory syndrome coronavirus 2,8WTI,X1Z,B,401
Severe acute respiratory syndrome coronavirus 2,8WZP,XIU,B,401
Severe acute respiratory syndrome coronavirus 2,8WZQ,XIU,A,401
Severe acute respiratory syndrome coronavirus 2,8WZQ,XIU,B,401
Severe acute respiratory syndrome coronavirus 2,8XUR,IDU,C,1313
Severe acute respiratory syndrome coronavirus 2,8XUS,IDU,B,1317
Severe acute respiratory syndrome coronavirus 2,8XUT,IDU,A,1317
Severe acute respiratory syndrome coronavirus 2,8XUU,IDU,A,1306
Severe acute respiratory syndrome coronavirus 2,8YRH,ROA,A,401
Severe acute respiratory syndrome coronavirus 2,8YSA,ELL,B,4
Severe acute respiratory syndrome coronavirus 2,8YSA,TBG,B,2
Severe acute respiratory syndrome coronavirus 2,8YSA,BOC,B,1
Severe acute respiratory syndrome coronavirus 2,9ARQ,T2L,A,401
Severe acute respiratory syndrome coronavirus 2,9ARS,T2L,A,401
Severe acute respiratory syndrome coronavirus 2,9ARS,T2L,B,401
Severe acute respiratory syndrome coronavirus 2,9ART,V7G,D,401
Severe acute respiratory syndrome coronavirus 2,9ART,V7G,A,401
Severe acute respiratory syndrome coronavirus 2,9AUJ,4WI,A,401
Severe acute respiratory syndrome coronavirus 2,9AUK,4WI,B,401
Severe acute respiratory syndrome coronavirus 2,9AUK,4WI,A,401
Severe acute respiratory syndrome coronavirus 2,9AUL,4WI,A,401
Severe acute respiratory syndrome coronavirus 2,9AUM,4WI,A,401
Severe acute respiratory syndrome coronavirus 2,9AVQ,4WI,A,401
Severe acute respiratory syndrome coronavirus 2,9BPF,YDL,A,401
Severe acute respiratory syndrome coronavirus 2,9BPF,YDL,B,401
Severe acute respiratory syndrome coronavirus 2,9EMJ,GTA,A,7102
Severe acute respiratory syndrome coronavirus 2,9EMJ,TO1,A,7101
Severe acute respiratory syndrome coronavirus 2,9EMJ,MGP,A,7103
Severe acute respiratory syndrome coronavirus 2,9EML,SAM,A,7203
Severe acute respiratory syndrome coronavirus 2,9EML,GTA,A,7201
Severe acute respiratory syndrome coronavirus 2,9EML,V9G,A,7216
Severe acute respiratory syndrome coronavirus 2,9EML,EDT,A,7213
Severe acute respiratory syndrome coronavirus 2,9EMV,SAH,A,7204
Severe acute respiratory syndrome coronavirus 2,9EMV,GTA,A,7202
Severe acute respiratory syndrome coronavirus 2,9EMV,V9G,A,7211
Severe acute respiratory syndrome coronavirus 2,9EMV,SGV,A,7201
Severe acute respiratory syndrome coronavirus 2,9EUN,SAM,A,7202
Severe acute respiratory syndrome coronavirus 2,9EUN,MGP,A,7203
