virus_name,pdb_id,ligand,chain,ligand_id,smiles
Human immunodeficiency virus 1,1A8G,2Z4,A,100,CC(C)[C@@H](C(=O)NCc1ccc(cc1O)OC)NC(=O)[C@@H]([C@@H]([C@H](Cc2ccccc2)NC(=O)[C@H](C(C)(C)C)NC(=O)OCc3ccccc3)O)NCc4ccc(cc4)OC
Human immunodeficiency virus 1,1A8K,0Q4,A,100,CCCC[C@@H](C(=O)N)NC(=O)[C@H](C)NC(=O)[C@H](CCC(=O)O)NC(=O)[C@H](Cc1ccccc1)NC[C@H](CC(C)C)NC(=O)[C@H](C(C)C)NC(=O)[C@H](CCCNC(=[NH2+])N)N
Human immunodeficiency virus 1,1A8K,0Q4,E,100,CCCC[C@@H](C(=O)N)NC(=O)[C@H](C)NC(=O)[C@H](CCC(=O)O)NC(=O)[C@H](Cc1ccccc1)NC[C@H](CC(C)C)NC(=O)[C@H](C(C)C)NC(=O)[C@H](CCCNC(=[NH2+])N)N
Human immunodeficiency virus 1,1A94,0Q4,A,100,CCCC[C@@H](C(=O)N)NC(=O)[C@H](C)NC(=O)[C@H](CCC(=O)O)NC(=O)[C@H](Cc1ccccc1)NC[C@H](CC(C)C)NC(=O)[C@H](C(C)C)NC(=O)[C@H](CCCNC(=[NH2+])N)N
Human immunodeficiency virus 1,1A94,0Q4,E,100,CCCC[C@@H](C(=O)N)NC(=O)[C@H](C)NC(=O)[C@H](CCC(=O)O)NC(=O)[C@H](Cc1ccccc1)NC[C@H](CC(C)C)NC(=O)[C@H](C(C)C)NC(=O)[C@H](CCCNC(=[NH2+])N)N
Human immunodeficiency virus 1,1A9M,U0E,B,100,CC(C)[C@H](C[C@@H]([C@H](CC1CCCCC1)NC(=O)C)O)C(=O)N[C@@H](CCC(=O)N)C(=O)N[C@@H](CCCNC(=N)N)C(=O)N
Human immunodeficiency virus 1,1AAQ,PSI,B,100,C[C@@H](C(=O)N[C@@H](C)C(=O)N[C@@H](Cc1ccccc1)[C@H](CCC(=O)N[C@@H](C(C)C)C(=O)N[C@@H](C(C)C)C(=O)OC)O)N
Human immunodeficiency virus 1,1AID,THK,B,201,c1cc(ccc1C2(SCCS2)CCCN3CCC(CC3)(c4ccc(cc4)Cl)O)F
Human immunodeficiency virus 1,1AJV,NMB,A,501,c1ccc(cc1)C[N@@]2[C@@H]([C@@H]([C@H]([C@H]([N@](S2(=O)=O)Cc3ccccc3)COc4ccccc4)O)O)COc5ccccc5
Human immunodeficiency virus 1,1AJX,AH1,A,500,c1ccc(cc1)CN2[C@@H]([C@@H]([C@H]([C@H](N(C2=O)Cc3ccccc3)COc4ccccc4)O)O)COc5ccccc5
Human immunodeficiency virus 1,1AXA,U0E,A,100,CC(C)[C@H](C[C@@H]([C@H](CC1CCCCC1)NC(=O)C)O)C(=O)N[C@@H](CCC(=O)N)C(=O)N[C@@H](CCCNC(=N)N)C(=O)N
Human immunodeficiency virus 1,1AXA,U0E,A,101,CC(C)[C@H](C[C@@H]([C@H](CC1CCCCC1)NC(=O)C)O)C(=O)N[C@@H](CCC(=O)N)C(=O)N[C@@H](CCCNC(=N)N)C(=O)N
Human immunodeficiency virus 1,1B6J,RTY,C,2,c1cc(ccc1C[C@@H]([C@H](CBr)O)N)OCCCC(=O)O
Human immunodeficiency virus 1,1B6K,PI5,A,201,CC[C@H](C)[C@H]1C(=O)NCCCOc2ccc(cc2)C[C@@H](C(=O)N1)NC[C@H]([C@H](Cc3ccc(cc3)O)NC(=O)[C@H](C(C)C)N4CCCC4=O)O
Human immunodeficiency virus 1,1B6L,PI4,A,201,CC(C)(C)NC(=O)[C@@H]1CCCC[N@]1C[C@H]([C@@H]2Cc3ccc(cc3)OCCCC(=O)N[C@H](C(=O)N2)CC(=O)N)O
Human immunodeficiency virus 1,1B6M,PI6,B,201,CC[C@H](C)[C@H]1C(=O)NCCCOc2ccc(cc2)C[C@@H](C(=O)N1)NC[C@H]([C@H](Cc3ccccc3)NC(=O)OC(C)(C)C)O
Human immunodeficiency virus 1,1B6P,PI7,A,201,CC[C@H](C)[C@H]1C(=O)NCCCOc2ccc(cc2)C[C@@H](C(=O)N1)NC[C@H]([C@H](Cc3ccc(cc3)O)NC(=O)[C@H](C(C)C)NC(=O)CC)O
Human immunodeficiency virus 1,1BDL,IM1,A,400,CC(C)[C@@H](c1[nH]ccn1)NC(=O)[C@H](Cc2ccccc2)C[C@@H]([C@H](Cc3ccccc3)NC(=O)OC(C)(C)C)O
Human immunodeficiency virus 1,1BDL,IM1,B,600,CC(C)[C@@H](c1[nH]ccn1)NC(=O)[C@H](Cc2ccccc2)C[C@@H]([C@H](Cc3ccccc3)NC(=O)OC(C)(C)C)O
Human immunodeficiency virus 1,1BDQ,IM1,B,400,CC(C)[C@@H](c1[nH]ccn1)NC(=O)[C@H](Cc2ccccc2)C[C@@H]([C@H](Cc3ccccc3)NC(=O)OC(C)(C)C)O
Human immunodeficiency virus 1,1BDR,IM1,B,400,CC(C)[C@@H](c1[nH]ccn1)NC(=O)[C@H](Cc2ccccc2)C[C@@H]([C@H](Cc3ccccc3)NC(=O)OC(C)(C)C)O
Human immunodeficiency virus 1,1BQM,HBY,A,557,CC(C)OC(=O)N1c2cc(ccc2NC(=S)[C@@H]1CSC)OC
Human immunodeficiency virus 1,1BQN,HBY,A,559,CC(C)OC(=O)N1c2cc(ccc2NC(=S)[C@@H]1CSC)OC
Human immunodeficiency virus 1,1BV7,XV6,A,638,c1ccc(cc1)C[C@@H]2[C@@H]([C@H]([C@H](N(C(=O)N2Cc3cccc(c3)C(=O)Nc4nccs4)Cc5cccc(c5)C(=O)Nc6nccs6)Cc7ccccc7)O)O
Human immunodeficiency virus 1,1BV9,XV6,A,638,c1ccc(cc1)C[C@@H]2[C@@H]([C@H]([C@H](N(C(=O)N2Cc3cccc(c3)C(=O)Nc4nccs4)Cc5cccc(c5)C(=O)Nc6nccs6)Cc7ccccc7)O)O
Human immunodeficiency virus 1,1BVE,DMP,B,100,c1ccc(cc1)C[C@@H]2[C@@H]([C@H]([C@H](N(C(=O)N2Cc3ccc(cc3)CO)Cc4ccc(cc4)CO)Cc5ccccc5)O)O
Human immunodeficiency virus 1,1BVG,DMP,B,100,c1ccc(cc1)C[C@@H]2[C@@H]([C@H]([C@H](N(C(=O)N2Cc3ccc(cc3)CO)Cc4ccc(cc4)CO)Cc5ccccc5)O)O
Human immunodeficiency virus 1,1BWA,XV6,B,638,c1ccc(cc1)C[C@@H]2[C@@H]([C@H]([C@H](N(C(=O)N2Cc3cccc(c3)C(=O)Nc4nccs4)Cc5cccc(c5)C(=O)Nc6nccs6)Cc7ccccc7)O)O
Human immunodeficiency virus 1,1BWB,146,B,641,c1ccc(cc1)C[C@@H]2[C@@H]([C@H]([C@H](N(C(=O)N2Cc3cccc(c3)C(=O)Nc4[nH]c5ccccc5n4)Cc6cccc(c6)C(=O)Nc7[nH]c8ccccc8n7)Cc9ccccc9)O)O
Human immunodeficiency virus 1,1C0T,BM1,A,999,Cc1cccc(c1)[C@@]23c4ccccc4C(=O)N2CCS3
Human immunodeficiency virus 1,1C0U,BM5,A,999,COC(=O)[C@@H]1CS[C@]2(N1C(=O)c3c2cccc3)c4ccccc4
Human immunodeficiency virus 1,1C1B,GCA,A,999,CCOCN1C(=C(C(=O)NC1=O)C(C)C)Cc2cc(cc(c2)C)C
Human immunodeficiency virus 1,1C1C,612,A,999,CCOCN1C(=C(C(=O)NC1=O)C(C)C)SC2CCCCC2
Human immunodeficiency virus 1,1C6X,3IN,B,622,C[C@H]1CC[C@H]([C@H]1NC(=O)[C@H](Cc2ccccc2)C[C@@H](C[N@@]3CCN(C[C@H]3C(=O)NC(C)(C)C)C(=O)c4cnc(c(n4)Cl)N5CCN(CC5)C)O)O
Human immunodeficiency virus 1,1C6Y,MK1,B,524,CC(C)(C)NC(=O)[C@@H]1C[N@@](CC[N@]1C[C@H](C[C@@H](Cc2ccccc2)C(=O)N[C@H]3c4ccccc4C[C@H]3O)O)Cc5cccnc5
Human immunodeficiency virus 1,1C6Z,ROC,B,505,CC(C)(C)NC(=O)[C@@H]1C[C@@H]2CCCC[C@@H]2C[N@]1C[C@H]([C@H](Cc3ccccc3)NC(=O)[C@H](CC(=O)N)NC(=O)c4ccc5ccccc5n4)O
Human immunodeficiency virus 1,1C70,L75,B,423,CC(C)(C)NC(=O)[C@@H]1C[N@@](CC[N@]1C[C@H](C[C@@H](Cc2ccccc2)C(=O)N[C@H]3c4ccccc4C[C@H]3O)O)Cc5cc6ccccc6o5
Human immunodeficiency virus 1,1CPI,RTY,C,2,c1cc(ccc1C[C@@H]([C@H](CBr)O)N)OCCCC(=O)O
Human immunodeficiency virus 1,1D4K,PI8,A,201,CC[C@H](C)[C@H]1C(=O)NCCCCCOc2ccc(cc2)C[C@@H](C(=O)N1)NC[C@H](C[C@@H](Cc3ccccc3)C(=O)N[C@H]4c5ccccc5C[C@H]4O)O
Human immunodeficiency virus 1,1D4L,PI9,A,201,CC(C)CC[N@@](C[C@H]([C@@H]1Cc2ccc(cc2)OCCCCCC(=O)N[C@H](C(=O)N1)C(C)C)O)S(=O)(=O)c3ccc(cc3)N
Human immunodeficiency virus 1,1D4S,TPV,A,201,CCC[C@]1(CC(=C(C(=O)O1)[C@H](CC)c2cccc(c2)NS(=O)(=O)c3ccc(cn3)C(F)(F)F)O)CCc4ccccc4
Human immunodeficiency virus 1,1D4Y,TPV,A,501,CCC[C@]1(CC(=C(C(=O)O1)[C@H](CC)c2cccc(c2)NS(=O)(=O)c3ccc(cn3)C(F)(F)F)O)CCc4ccccc4
Human immunodeficiency virus 1,1DAZ,0Q4,D,601,CCCC[C@@H](C(=O)N)NC(=O)[C@H](C)NC(=O)[C@H](CCC(=O)O)NC(=O)[C@H](Cc1ccccc1)NC[C@H](CC(C)C)NC(=O)[C@H](C(C)C)NC(=O)[C@H](CCCNC(=[NH2+])N)N
Human immunodeficiency virus 1,1DIF,A85,B,101,CC(C)[C@@H](C(=O)N[C@@H](Cc1ccccc1)C(C([C@H](Cc2ccccc2)NC(=O)[C@H](C(C)C)NC(=O)N(C)Cc3ccccn3)(F)F)(O)O)NC(=O)N(C)Cc4ccccn4
Human immunodeficiency virus 1,1DMP,DMQ,B,450,c1ccc(cc1)C[C@@H]2[C@@H]([C@H]([C@H](N(C(=O)N2Cc3cccc(c3)N)Cc4cccc(c4)N)Cc5ccccc5)O)O
Human immunodeficiency virus 1,1DTQ,FPT,A,999,CCOc1ccnc(c1F)CCNC(=S)Nc2ccc(cn2)C#N
Human immunodeficiency virus 1,1DTT,FTC,A,999,CCOc1ccnc(c1F)CCNC(=S)Nc2ccc(cn2)Cl
Human immunodeficiency virus 1,1DW6,0Q4,D,401,CCCC[C@@H](C(=O)N)NC(=O)[C@H](C)NC(=O)[C@H](CCC(=O)O)NC(=O)[C@H](Cc1ccccc1)NC[C@H](CC(C)C)NC(=O)[C@H](C(C)C)NC(=O)[C@H](CCCNC(=[NH2+])N)N
Human immunodeficiency virus 1,1EBK,0Q4,D,201,CCCC[C@@H](C(=O)N)NC(=O)[C@H](C)NC(=O)[C@H](CCC(=O)O)NC(=O)[C@H](Cc1ccccc1)NC[C@H](CC(C)C)NC(=O)[C@H](C(C)C)NC(=O)[C@H](CCCNC(=[NH2+])N)N
Human immunodeficiency virus 1,1EBK,0Q4,E,501,CCCC[C@@H](C(=O)N)NC(=O)[C@H](C)NC(=O)[C@H](CCC(=O)O)NC(=O)[C@H](Cc1ccccc1)NC[C@H](CC(C)C)NC(=O)[C@H](C(C)C)NC(=O)[C@H](CCCNC(=[NH2+])N)N
Human immunodeficiency virus 1,1EBW,BEI,A,501,CC[C@H](C)[C@@H](C(=O)NC)NC(=O)[C@@H]([C@@H]([C@H]([C@H](C(=O)N[C@@H]([C@@H](C)CC)C(=O)NC)OCc1ccccc1)O)O)OCc2ccccc2
Human immunodeficiency virus 1,1EBY,BEB,B,501,c1ccc(cc1)CO[C@H]([C@@H]([C@H]([C@H](C(=O)N[C@H]2c3ccccc3C[C@H]2O)OCc4ccccc4)O)O)C(=O)N[C@H]5c6ccccc6C[C@H]5O
Human immunodeficiency virus 1,1EBZ,BEC,B,501,CC(C)[C@@H](C(=O)NC)NC(=O)[C@@H]([C@@H]([C@H]([C@H](C(=O)N[C@H]1c2ccccc2C[C@H]1O)OCc3ccccc3)O)O)OCc4ccccc4
Human immunodeficiency virus 1,1EC0,BED,A,501,c1ccc2c(c1)C[C@H]([C@H]2NC(=O)[C@@H]([C@@H]([C@H]([C@H](C(=O)N[C@H]3c4ccccc4C[C@H]3O)OCc5ccccc5F)O)O)OCc6ccccc6F)O
Human immunodeficiency virus 1,1EC1,BEE,A,501,CC(C)[C@@H](C(=O)NC)NC(=O)[C@@H]([C@@H]([C@H]([C@H](C(=O)N[C@@H](C(C)C)C(=O)NC)OCc1ccc(cc1)c2ccsc2)O)O)OCc3ccc(cc3)c4ccsc4
Human immunodeficiency virus 1,1EC2,BEJ,B,501,CC(C)[C@@H](C(=O)NC)NC(=O)[C@@H]([C@@H]([C@H]([C@H](C(=O)N[C@@H](C(C)C)C(=O)NC)OCc1ccc(cc1)c2cccnc2)O)O)OCc3ccc(cc3)c4cccnc4
Human immunodeficiency virus 1,1EC3,MS3,A,501,CC(C)[C@@H](C(=O)NCc1ccccn1)NC(=O)[C@@H]([C@@H]([C@H]([C@H](C(=O)N[C@@H](C(C)C)C(=O)NCc2ccccn2)OCc3ccccc3)O)O)OCc4ccccc4
Human immunodeficiency virus 1,1EET,BFU,A,2000,CCC(=O)c1ccc(c(c1O)[C@@H]2C[C@@H]2NC(=O)Nc3ccc(cn3)Br)F
Human immunodeficiency virus 1,1EFN,PBM,D,720,C[Pb+](C)C
Human immunodeficiency virus 1,1EFN,PBM,B,710,C[Pb+](C)C
Human immunodeficiency virus 1,1EP4,S11,A,999,CC(C)c1c(n(c(n1)COC(=O)N)Cc2ccncc2)Sc3cc(cc(c3)Cl)Cl
Human immunodeficiency virus 1,1EX4,CPS,B,303,C[C@H](CCC(=O)NCCC[N+](C)(C)CCCS(=O)(=O)[O-])[C@H]1CC[C@@H]2[C@@]1([C@H](C[C@H]3[C@H]2[C@@H](C[C@H]4[C@@]3(CC[C@H](C4)O)C)O)O)C
Human immunodeficiency virus 1,1EX4,CPS,A,304,C[C@H](CCC(=O)NCCC[N+](C)(C)CCCS(=O)(=O)[O-])[C@H]1CC[C@@H]2[C@@]1([C@H](C[C@H]3[C@H]2[C@@H](C[C@H]4[C@@]3(CC[C@H](C4)O)C)O)O)C
Human immunodeficiency virus 1,1EX4,CPS,B,301,C[C@H](CCC(=O)NCCC[N+](C)(C)CCCS(=O)(=O)[O-])[C@H]1CC[C@@H]2[C@@]1([C@H](C[C@H]3[C@H]2[C@@H](C[C@H]4[C@@]3(CC[C@H](C4)O)C)O)O)C
Human immunodeficiency virus 1,1EX4,CPS,A,302,C[C@H](CCC(=O)NCCC[N+](C)(C)CCCS(=O)(=O)[O-])[C@H]1CC[C@@H]2[C@@]1([C@H](C[C@H]3[C@H]2[C@@H](C[C@H]4[C@@]3(CC[C@H](C4)O)C)O)O)C
Human immunodeficiency virus 1,1F6U,CG1,B,201,CO[P@@](=O)(O)OC[C@@H]1[C@H]([C@H]([C@@H](O1)n2cnc3c2N=C(NC3=O)N)O)O
Human immunodeficiency virus 1,1FB7,ROC,A,100,CC(C)(C)NC(=O)[C@@H]1C[C@@H]2CCCC[C@@H]2C[N@]1C[C@H]([C@H](Cc3ccccc3)NC(=O)[C@H](CC(=O)N)NC(=O)c4ccc5ccccc5n4)O
Human immunodeficiency virus 1,1FEJ,2NC,D,400,CCCC[C@@H](CN[C@@H](CCCC)C(=O)N[C@@H](CCC(=O)N)C(=O)N[C@@H](CCCNC(=[NH2+])N)C(=O)N)NC(=O)[C@H]([C@@H](C)CC)NC(=O)[C@H]([C@@H](C)O)NC(=O)C
Human immunodeficiency virus 1,1FF0,2NC,C,300,CCCC[C@@H](CN[C@@H](CCCC)C(=O)N[C@@H](CCC(=O)N)C(=O)N[C@@H](CCCNC(=[NH2+])N)C(=O)N)NC(=O)[C@H]([C@@H](C)CC)NC(=O)[C@H]([C@@H](C)O)NC(=O)C
Human immunodeficiency virus 1,1FFF,0Q4,D,401,CCCC[C@@H](C(=O)N)NC(=O)[C@H](C)NC(=O)[C@H](CCC(=O)O)NC(=O)[C@H](Cc1ccccc1)NC[C@H](CC(C)C)NC(=O)[C@H](C(C)C)NC(=O)[C@H](CCCNC(=[NH2+])N)N
Human immunodeficiency virus 1,1FFI,2NC,D,300,CCCC[C@@H](CN[C@@H](CCCC)C(=O)N[C@@H](CCC(=O)N)C(=O)N[C@@H](CCCNC(=[NH2+])N)C(=O)N)NC(=O)[C@H]([C@@H](C)CC)NC(=O)[C@H]([C@@H](C)O)NC(=O)C
Human immunodeficiency virus 1,1FG6,2NC,D,300,CCCC[C@@H](CN[C@@H](CCCC)C(=O)N[C@@H](CCC(=O)N)C(=O)N[C@@H](CCCNC(=[NH2+])N)C(=O)N)NC(=O)[C@H]([C@@H](C)CC)NC(=O)[C@H]([C@@H](C)O)NC(=O)C
Human immunodeficiency virus 1,1FG8,0Q4,C,401,CCCC[C@@H](C(=O)N)NC(=O)[C@H](C)NC(=O)[C@H](CCC(=O)O)NC(=O)[C@H](Cc1ccccc1)NC[C@H](CC(C)C)NC(=O)[C@H](C(C)C)NC(=O)[C@H](CCCNC(=[NH2+])N)N
Human immunodeficiency virus 1,1FGC,2NC,C,300,CCCC[C@@H](CN[C@@H](CCCC)C(=O)N[C@@H](CCC(=O)N)C(=O)N[C@@H](CCCNC(=[NH2+])N)C(=O)N)NC(=O)[C@H]([C@@H](C)CC)NC(=O)[C@H]([C@@H](C)O)NC(=O)C
Human immunodeficiency virus 1,1FK9,EFZ,A,999,c1cc2c(cc1Cl)[C@@](OC(=O)N2)(C#CC3CC3)C(F)(F)F
Human immunodeficiency virus 1,1FKO,EFZ,A,999,c1cc2c(cc1Cl)[C@@](OC(=O)N2)(C#CC3CC3)C(F)(F)F
Human immunodeficiency virus 1,1FKP,NVP,A,999,Cc1ccnc2c1NC(=O)c3cccnc3N2C4CC4
Human immunodeficiency virus 1,1FQX,0ZT,A,201,CC(C)(C)OC(=O)N[C@@H](Cc1ccccc1)[C@H](CN[C@@H](Cc2ccccc2)C(=O)N[C@@H](CCC(=O)O)C(=O)N[C@@H](Cc3ccccc3)C(=O)N)O
Human immunodeficiency virus 1,1G2K,NM1,B,501,CNC(=O)c1cccc(c1)C[N@@]2[C@@H]([C@@H]([C@H]([C@H]([N@](S2(=O)=O)Cc3ccccc3)COc4ccccc4)O)O)COc5ccccc5
Human immunodeficiency virus 1,1G35,AHF,B,501,COC(c1ccc(cc1)CN2[C@@H]([C@@H]([C@H]([C@H]([N@](S2(=O)=O)Cc3ccc(cc3)CO)COc4ccccc4)O)O)COc5ccccc5)O
Human immunodeficiency virus 1,1GNM,U0E,A,100,CC(C)[C@H](C[C@@H]([C@H](CC1CCCCC1)NC(=O)C)O)C(=O)N[C@@H](CCC(=O)N)C(=O)N[C@@H](CCCNC(=N)N)C(=O)N
Human immunodeficiency virus 1,1GNM,U0E,A,101,CC(C)[C@H](C[C@@H]([C@H](CC1CCCCC1)NC(=O)C)O)C(=O)N[C@@H](CCC(=O)N)C(=O)N[C@@H](CCCNC(=N)N)C(=O)N
Human immunodeficiency virus 1,1GNN,U0E,A,100,CC(C)[C@H](C[C@@H]([C@H](CC1CCCCC1)NC(=O)C)O)C(=O)N[C@@H](CCC(=O)N)C(=O)N[C@@H](CCCNC(=N)N)C(=O)N
Human immunodeficiency virus 1,1GNN,U0E,A,101,CC(C)[C@H](C[C@@H]([C@H](CC1CCCCC1)NC(=O)C)O)C(=O)N[C@@H](CCC(=O)N)C(=O)N[C@@H](CCCNC(=N)N)C(=O)N
Human immunodeficiency virus 1,1GNO,U0E,B,101,CC(C)[C@H](C[C@@H]([C@H](CC1CCCCC1)NC(=O)C)O)C(=O)N[C@@H](CCC(=O)N)C(=O)N[C@@H](CCCNC(=N)N)C(=O)N
Human immunodeficiency virus 1,1GNO,U0E,B,100,CC(C)[C@H](C[C@@H]([C@H](CC1CCCCC1)NC(=O)C)O)C(=O)N[C@@H](CCC(=O)N)C(=O)N[C@@H](CCCNC(=N)N)C(=O)N
Human immunodeficiency virus 1,1GZL,N2P,C,1640,C(CCN)CCN
Human immunodeficiency virus 1,1GZL,N2P,D,1640,C(CCN)CCN
Human immunodeficiency virus 1,1HBV,GAN,A,600,CC(C)[C@@H](C(=O)N[C@@H](C(C)C)C(=O)OC)NC(=O)[C@H](C)[N@@]1CCC(=C[C@H](C1)Cc2ccccc2)[C@H](C)NC(=O)[C@H](C)N
Human immunodeficiency virus 1,1HEF,PJJ,I,205,c1ccc(cc1)C[C@H](C[C@@H]([C@H](Cc2ccccc2)N)O)C(=O)O
Human immunodeficiency virus 1,1HEG,PSI,E,201,C[C@@H](C(=O)N[C@@H](C)C(=O)N[C@@H](Cc1ccccc1)[C@H](CCC(=O)N[C@@H](C(C)C)C(=O)N[C@@H](C(C)C)C(=O)OC)O)N
Human immunodeficiency virus 1,1HIH,C20,B,101,CC(C)[C@@H](C(=O)N[C@@H](Cc1ccccc1)[C@H](C[N@](CC2CCCCC2)NC(=O)[C@H](C(C)C)NC(=O)C)O)NC(=O)C
Human immunodeficiency virus 1,1HIV,1ZK,A,100,CC[C@H](C)[C@@H](C(=O)NCc1ccccn1)NC(=O)[C@H](C(C)C)[C@H]([C@@H]([C@H](CC2CCCCC2)NC(=O)[C@H](Cc3c[nH]c[nH+]3)NC(=O)COc4cccc5c4cccc5)O)O
Human immunodeficiency virus 1,1HNI,AAA,A,559,Cc1ccc(c(c1)N[C@@H](c2c(cccc2Br)Br)C(=O)N)C(=O)C
Human immunodeficiency virus 1,1HNV,TBO,A,559,C[C@H]1CN2c3c(ccc(c3C[N@]1CC=C(C)C)Cl)NC2=S
Human immunodeficiency virus 1,1HOS,PHP,A,400,CC(C)[C@@H](C(=O)N[C@@H](Cc1ccccc1)P(=O)([C@H](Cc2ccccc2)NC(=O)[C@H](C(C)C)NC(=O)OCc3ccccc3)O)NC(=O)OCc4ccccc4
Human immunodeficiency virus 1,1HPO,UNI,B,100,c1cc(cc(c1)NS(=O)(=O)c2ccc(cc2)C#N)[C@H](C3CC3)C4=C(C5=C(CCCCCC5)OC4=O)O
Human immunodeficiency virus 1,1HPS,RUN,B,600,CC(C)[C@@H](C(=O)N[C@@H](Cc1ccccc1)[C@H](C[C@@H](Cc2ccccc2)c3[nH]c(cn3)C(=O)C(C)C)O)NC(=O)OCc4ccccc4
Human immunodeficiency virus 1,1HPS,RUN,B,400,CC(C)[C@@H](C(=O)N[C@@H](Cc1ccccc1)[C@H](C[C@@H](Cc2ccccc2)c3[nH]c(cn3)C(=O)C(C)C)O)NC(=O)OCc4ccccc4
Human immunodeficiency virus 1,1HPV,478,B,200,CC(C)C[N@](C[C@H]([C@H](Cc1ccccc1)NC(=O)O[C@H]2CCOC2)O)S(=O)(=O)c3ccc(cc3)N
Human immunodeficiency virus 1,1HPX,KNI,B,900,CC(C)(C)NC(=O)[C@@H]1CSCN1C(=O)[C@H]([C@H](Cc2ccccc2)NC(=O)[C@H](CSC)NC(=O)COc3cccc4c3ccnc4)O
Human immunodeficiency virus 1,1HPZ,AAP,A,561,Cc1ccc(c(c1)N[C@@H](c2c(cccc2Cl)Cl)C(=O)N)C(=O)C
Human immunodeficiency virus 1,1HQU,HBY,A,561,CC(C)OC(=O)N1c2cc(ccc2NC(=S)[C@@H]1CSC)OC
Human immunodeficiency virus 1,1HSG,MK1,B,902,CC(C)(C)NC(=O)[C@@H]1C[N@@](CC[N@]1C[C@H](C[C@@H](Cc2ccccc2)C(=O)N[C@H]3c4ccccc4C[C@H]3O)O)Cc5cccnc5
Human immunodeficiency virus 1,1HTE,G23,A,200,CC1([C@@H](N[C@H](S1)[C@@H](C(=O)NCc2ccccc2)NC(=O)Cc3ccccc3)C(=O)O)C
Human immunodeficiency virus 1,1HTF,G26,A,100,CC1([C@@H](N[C@H](S1)[C@@H](C(=O)NCc2ccccc2)NC(=O)Cc3ccccc3)C(=O)N[C@H](Cc4ccccc4)CO)C
Human immunodeficiency virus 1,1HTF,G26,B,100,CC1([C@@H](N[C@H](S1)[C@@H](C(=O)NCc2ccccc2)NC(=O)Cc3ccccc3)C(=O)N[C@H](Cc4ccccc4)CO)C
Human immunodeficiency virus 1,1HTG,G37,A,300,CC1([C@@H](N[C@H](S1)[C@@H](C(=O)NCc2ccccc2)NC(=O)Cc3ccccc3)C(=O)N[C@H](Cc4ccccc4)[C@@H](CC(=O)NCc5[nH]c6ccccc6n5)O)C
Human immunodeficiency virus 1,1HTG,G37,A,600,CC1([C@@H](N[C@H](S1)[C@@H](C(=O)NCc2ccccc2)NC(=O)Cc3ccccc3)C(=O)N[C@H](Cc4ccccc4)[C@@H](CC(=O)NCc5[nH]c6ccccc6n5)O)C
Human immunodeficiency virus 1,1HVC,A79,A,800,CC(C)[C@@H](C(=O)N[C@@H](Cc1ccccc1)[C@@H]([C@H]([C@H](Cc2ccccc2)NC(=O)[C@H](C(C)C)NC(=O)N(C)Cc3ccccn3)O)O)NC(=O)N(C)Cc4ccccn4
Human immunodeficiency virus 1,1HVH,Q82,B,265,c1ccc(cc1)C[C@@H]2[C@@H]([C@H]([C@H](N(C(=NC#N)N2Cc3ccc(cc3)CO)Cc4ccc(cc4)CO)Cc5ccccc5)O)O
Human immunodeficiency virus 1,1HVI,A77,A,800,CC(C)[C@@H](C(=O)N[C@@H](Cc1ccccc1)[C@@H]([C@@H]([C@H](Cc2ccccc2)NC(=O)[C@H](C(C)C)NC(=O)N(C)Cc3ccccn3)O)O)NC(=O)N(C)Cc4ccccn4
Human immunodeficiency virus 1,1HVJ,A78,A,800,CC(C)[C@@H](C(=O)N[C@@H](Cc1ccccc1)C[C@@H]([C@H](Cc2ccccc2)NC(=O)[C@H](C(C)C)NC(=O)N(C)Cc3cccc[nH+]3)O)NC(=O)N(C)Cc4cccc[nH+]4
Human immunodeficiency virus 1,1HVK,A79,A,800,CC(C)[C@@H](C(=O)N[C@@H](Cc1ccccc1)[C@@H]([C@H]([C@H](Cc2ccccc2)NC(=O)[C@H](C(C)C)NC(=O)N(C)Cc3ccccn3)O)O)NC(=O)N(C)Cc4ccccn4
Human immunodeficiency virus 1,1HVL,A76,B,800,CC(C)[C@@H](C(=O)N[C@@H](Cc1ccccc1)[C@H]([C@@H]([C@H](Cc2ccccc2)NC(=O)[C@H](C(C)C)NC(=O)N(C)Cc3ccccn3)O)O)NC(=O)N(C)Cc4ccccn4
Human immunodeficiency virus 1,1HVR,XK2,A,263,c1ccc(cc1)C[C@@H]2[C@@H]([C@H]([C@H](N(C(=O)N2Cc3ccc4ccccc4c3)Cc5ccc6ccccc6c5)Cc7ccccc7)O)O
Human immunodeficiency virus 1,1HVS,A77,A,800,CC(C)[C@@H](C(=O)N[C@@H](Cc1ccccc1)[C@@H]([C@@H]([C@H](Cc2ccccc2)NC(=O)[C@H](C(C)C)NC(=O)N(C)Cc3ccccn3)O)O)NC(=O)N(C)Cc4ccccn4
Human immunodeficiency virus 1,1HWR,216,B,216,C=CCN1[C@@H]([C@@H]([C@H]([C@H](N(C1=O)CC=C)Cc2ccccc2)O)O)Cc3ccccc3
Human immunodeficiency virus 1,1HXB,ROC,A,100,CC(C)(C)NC(=O)[C@@H]1C[C@@H]2CCCC[C@@H]2C[N@]1C[C@H]([C@H](Cc3ccccc3)NC(=O)[C@H](CC(=O)N)NC(=O)c4ccc5ccccc5n4)O
Human immunodeficiency virus 1,1HXW,RIT,B,301,CC(C)c1nc(cs1)CN(C)C(=O)N[C@@H](C(C)C)C(=O)N[C@@H](Cc2ccccc2)C[C@@H]([C@H](Cc3ccccc3)NC(=O)OCc4cncs4)O
Human immunodeficiency virus 1,1HYV,TTA,A,304,c1ccc(cc1)[As+](c2ccccc2)(c3ccccc3)c4ccccc4
Human immunodeficiency virus 1,1HYZ,TTO,A,304,c1ccc(cc1)[As+](c2ccccc2)(c3ccccc3)c4ccc(c(c4)O)O
Human immunodeficiency virus 1,1IIQ,0ZR,A,201,CC(C)(C)OC(=O)N[C@@H](Cc1ccccc1)[C@H](CN[C@@H](Cc2ccccc2)C(=O)N[C@@H](CCC(=O)N)C(=O)N[C@@H](Cc3ccccc3)C(=O)N)O
Human immunodeficiency virus 1,1IKV,EFZ,A,2000,c1cc2c(cc1Cl)[C@@](OC(=O)N2)(C#CC3CC3)C(F)(F)F
Human immunodeficiency virus 1,1IKW,EFZ,A,2000,c1cc2c(cc1Cl)[C@@](OC(=O)N2)(C#CC3CC3)C(F)(F)F
Human immunodeficiency virus 1,1IKX,PNU,A,2000,C[C@@H](c1cc2ccoc2cn1)Sc3nc(cc(n3)Cl)N
Human immunodeficiency virus 1,1IKY,MSD,A,2000,CC(=O)c1ccc(c(c1O)[C@H]2C[C@H]2NC(=S)Nc3ccc(cn3)C#N)OC
Human immunodeficiency virus 1,1IZH,Q50,B,1001,CC(C)(C)OC(=O)N[C@@H](Cc1ccccc1)C(=O)C[C@@H](Cc2ccccc2)C(=O)N[C@@H](CCC(=O)N)C(=O)N[C@@H](Cc3ccccc3)C(=O)N
Human immunodeficiency virus 1,1IZI,Q50,B,1001,CC(C)(C)OC(=O)N[C@@H](Cc1ccccc1)C(=O)C[C@@H](Cc2ccccc2)C(=O)N[C@@H](CCC(=O)N)C(=O)N[C@@H](Cc3ccccc3)C(=O)N
Human immunodeficiency virus 1,1J8N,B3S,A,6,C([C@H](CO)N)C(=O)O
Human immunodeficiency virus 1,1J8Z,BCX,A,5,C([C@H](CS)N)C(=O)O
Human immunodeficiency virus 1,1J9V,DAB,A,5,C(CN)[C@@H](C(=O)O)N
Human immunodeficiency virus 1,1JAA,SET,A,5,C([C@@H](C(=O)N)N)O
Human immunodeficiency virus 1,1JAR,DAB,A,11,C(CN)[C@@H](C(=O)O)N
Human immunodeficiency virus 1,1JC8,SET,A,11,C([C@@H](C(=O)N)N)O
Human immunodeficiency virus 1,1JCP,SET,A,11,C([C@@H](C(=O)N)N)O
Human immunodeficiency virus 1,1JKH,EFZ,A,999,c1cc2c(cc1Cl)[C@@](OC(=O)N2)(C#CC3CC3)C(F)(F)F
Human immunodeficiency virus 1,1JLA,TNK,A,999,CC(C)C1=C(N(C(=O)NC1=O)COCc2ccccc2)Cc3ccccc3
Human immunodeficiency virus 1,1JLB,NVP,A,999,Cc1ccnc2c1NC(=O)c3cccnc3N2C4CC4
Human immunodeficiency virus 1,1JLC,FTC,A,999,CCOc1ccnc(c1F)CCNC(=S)Nc2ccc(cn2)Cl
Human immunodeficiency virus 1,1JLF,NVP,A,999,Cc1ccnc2c1NC(=O)c3cccnc3N2C4CC4
Human immunodeficiency virus 1,1JLG,UC1,A,999,Cc1c(cco1)C(=S)Nc2ccc(c(c2)OCC=C(C)C)Cl
Human immunodeficiency virus 1,1JLQ,SBN,A,999,Cc1cc(cc(c1)S(=O)(=O)c2cccc(c2C#N)N)C
Human immunodeficiency virus 1,1JM4,ALY,A,50,CC(=O)NCCCC[C@@H](C(=O)O)N
Human immunodeficiency virus 1,1K1T,0Q4,B,201,CCCC[C@@H](C(=O)N)NC(=O)[C@H](C)NC(=O)[C@H](CCC(=O)O)NC(=O)[C@H](Cc1ccccc1)NC[C@H](CC(C)C)NC(=O)[C@H](C(C)C)NC(=O)[C@H](CCCNC(=[NH2+])N)N
Human immunodeficiency virus 1,1K1U,0Q4,B,301,CCCC[C@@H](C(=O)N)NC(=O)[C@H](C)NC(=O)[C@H](CCC(=O)O)NC(=O)[C@H](Cc1ccccc1)NC[C@H](CC(C)C)NC(=O)[C@H](C(C)C)NC(=O)[C@H](CCCNC(=[NH2+])N)N
Human immunodeficiency virus 1,1K2B,0Q4,A,401,CCCC[C@@H](C(=O)N)NC(=O)[C@H](C)NC(=O)[C@H](CCC(=O)O)NC(=O)[C@H](Cc1ccccc1)NC[C@H](CC(C)C)NC(=O)[C@H](C(C)C)NC(=O)[C@H](CCCNC(=[NH2+])N)N
Human immunodeficiency virus 1,1K2C,0Q4,B,401,CCCC[C@@H](C(=O)N)NC(=O)[C@H](C)NC(=O)[C@H](CCC(=O)O)NC(=O)[C@H](Cc1ccccc1)NC[C@H](CC(C)C)NC(=O)[C@H](C(C)C)NC(=O)[C@H](CCCNC(=[NH2+])N)N
Human immunodeficiency virus 1,1K5M,SPH,A,1971,CCCCCCCCCCCCCC=C[C@@H]([C@@H](CO)N)O
Human immunodeficiency virus 1,1K6C,MK1,B,902,CC(C)(C)NC(=O)[C@@H]1C[N@@](CC[N@]1C[C@H](C[C@@H](Cc2ccccc2)C(=O)N[C@H]3c4ccccc4C[C@H]3O)O)Cc5cccnc5
Human immunodeficiency virus 1,1K6P,XN3,B,807,CC(C)(C)NC(=O)[C@@H]1C[N@@](CC[N@]1C[C@H](C[C@@H](Cc2ccccc2)C(=O)N[C@H]3c4ccccc4C[C@H]3O)O)Cc5ccc6c(c5)OCO6
Human immunodeficiency virus 1,1K6T,XN1,B,509,C[C@H](c1ccccc1)[C@H](C[C@@H](C[N@@]2CC[N@](C[C@H]2C(=O)NC(C)(C)C)Cc3cccnc3)O)C(=O)N[C@H]4c5ccccc5C[C@H]4O
Human immunodeficiency virus 1,1K6V,XN2,B,252,C[C@H](c1ccccc1)[C@H](C[C@@H](C[N@@]2CC[N@](C[C@H]2C(=O)NC(C)(C)C)Cc3ccc4c(c3)OCO4)O)C(=O)N[C@H]5c6ccccc6C[C@H]5O
Human immunodeficiency virus 1,1KLM,SPP,A,999,CC(C)Nc1cccnc1N2CCN(CC2)C(=O)c3cc4cc(ccc4[nH]3)NS(=O)(=O)C
Human immunodeficiency virus 1,1LVJ,PMZ,A,47,CC(=O)c1ccc2c(c1)N(c3ccccc3S2)CCCN(C)C
Human immunodeficiency virus 1,1LW0,NVP,A,999,Cc1ccnc2c1NC(=O)c3cccnc3N2C4CC4
Human immunodeficiency virus 1,1LW2,U05,A,999,CCN1c2cc(ccc2N(C(=O)c3c1nccc3)C)[N+](=O)[O-]
Human immunodeficiency virus 1,1LWC,NVP,A,999,Cc1ccnc2c1NC(=O)c3cccnc3N2C4CC4
Human immunodeficiency virus 1,1LWE,NVP,A,999,Cc1ccnc2c1NC(=O)c3cccnc3N2C4CC4
Human immunodeficiency virus 1,1LWF,NVP,A,999,Cc1ccnc2c1NC(=O)c3cccnc3N2C4CC4
Human immunodeficiency virus 1,1LZQ,0ZQ,A,201,CC(C)(C)OC(=O)N[C@H](CCN[C@@H](Cc1ccccc1)C(=O)N[C@@H](CCC(=O)O)C(=O)N[C@@H](Cc2ccccc2)C(=O)N)Cc3ccccc3
Human immunodeficiency virus 1,1M0B,0ZQ,B,201,CC(C)(C)OC(=O)N[C@H](CCN[C@@H](Cc1ccccc1)C(=O)N[C@@H](CCC(=O)O)C(=O)N[C@@H](Cc2ccccc2)C(=O)N)Cc3ccccc3
Human immunodeficiency virus 1,1MER,DMQ,A,450,c1ccc(cc1)C[C@@H]2[C@@H]([C@H]([C@H](N(C(=O)N2Cc3cccc(c3)N)Cc4cccc(c4)N)Cc5ccccc5)O)O
Human immunodeficiency virus 1,1MES,DMP,B,323,c1ccc(cc1)C[C@@H]2[C@@H]([C@H]([C@H](N(C(=O)N2Cc3ccc(cc3)CO)Cc4ccc(cc4)CO)Cc5ccccc5)O)O
Human immunodeficiency virus 1,1MET,DMP,A,323,c1ccc(cc1)C[C@@H]2[C@@H]([C@H]([C@H](N(C(=O)N2Cc3ccc(cc3)CO)Cc4ccc(cc4)CO)Cc5ccccc5)O)O
Human immunodeficiency virus 1,1MEU,DMP,A,323,c1ccc(cc1)C[C@@H]2[C@@H]([C@H]([C@H](N(C(=O)N2Cc3ccc(cc3)CO)Cc4ccc(cc4)CO)Cc5ccccc5)O)O
Human immunodeficiency virus 1,1MRW,K57,A,1001,Cc1c(cccc1O)C(=O)N[C@@H](Cc2ccccc2)C(C(=O)N3CSC([C@H]3C(=O)NC(C)(C)C)(C)C)O
Human immunodeficiency virus 1,1MRX,K57,B,1001,Cc1c(cccc1O)C(=O)N[C@@H](Cc2ccccc2)C(C(=O)N3CSC([C@H]3C(=O)NC(C)(C)C)(C)C)O
Human immunodeficiency virus 1,1MSM,JE2,B,1001,Cc1ccccc1CNC(=O)[C@@H]2C(SCN2C(=O)[C@H]([C@H](Cc3ccccc3)NC(=O)c4cccc(c4C)O)O)(C)C
Human immunodeficiency virus 1,1MSN,JE2,B,1001,Cc1ccccc1CNC(=O)[C@@H]2C(SCN2C(=O)[C@H]([C@H](Cc3ccccc3)NC(=O)c4cccc(c4C)O)O)(C)C
Human immunodeficiency virus 1,1MTB,ROC,A,100,CC(C)(C)NC(=O)[C@@H]1C[C@@H]2CCCC[C@@H]2C[N@]1C[C@H]([C@H](Cc3ccccc3)NC(=O)[C@H](CC(=O)N)NC(=O)c4ccc5ccccc5n4)O
Human immunodeficiency virus 1,1MTR,PI6,B,101,CC[C@H](C)[C@H]1C(=O)NCCCOc2ccc(cc2)C[C@@H](C(=O)N1)NC[C@H]([C@H](Cc3ccccc3)NC(=O)OC(C)(C)C)O
Human immunodeficiency virus 1,1MUI,AB1,B,100,Cc1cccc(c1OCC(=O)N[C@@H](Cc2ccccc2)[C@H](C[C@H](Cc3ccccc3)NC(=O)[C@H](C(C)C)N4CCCNC4=O)O)C
Human immunodeficiency virus 1,1N49,RIT,B,301,CC(C)c1nc(cs1)CN(C)C(=O)N[C@@H](C(C)C)C(=O)N[C@@H](Cc2ccccc2)C[C@@H]([C@H](Cc3ccccc3)NC(=O)OCc4cncs4)O
Human immunodeficiency virus 1,1N49,RIT,D,401,CC(C)c1nc(cs1)CN(C)C(=O)N[C@@H](C(C)C)C(=O)N[C@@H](Cc2ccccc2)C[C@@H]([C@H](Cc3ccccc3)NC(=O)OCc4cncs4)O
Human immunodeficiency virus 1,1NH0,KI2,J,1,c1ccc(cc1)C[C@@H]([C@H](C(=O)O)O)NC(=O)OCc2ccccc2
Human immunodeficiency virus 1,1NH0,KI2,I,1,c1ccc(cc1)C[C@@H]([C@H](C(=O)O)O)NC(=O)OCc2ccccc2
Human immunodeficiency virus 1,1NPA,3NH,A,100,c1ccc(cc1)C[C@@H]([C@H](C[C@]2(C(=O)C(CN2)[C@H]3c4ccccc4C[C@H]3OC(N)O)Cc5ccccc5)O)NC(=O)OC6CCOC6
Human immunodeficiency virus 1,1NPV,L27,A,479,c1ccc(cc1)C[C@@H]([C@H](C[C@]2(C(=O)C(=CN2)[C@@H]3CNC(=O)c4c3cccc4)Cc5ccccc5)O)NC(=O)O[C@H]6CCOC6
Human immunodeficiency virus 1,1NPW,LGZ,A,479,c1ccc(cc1)C[C@@H]([C@H](C[C@]2(C(=O)C(=CN2)[C@H]3c4ccccc4C[C@H]3OC(=O)N)Cc5ccccc5)O)NC(=O)OC6CCOC6
Human immunodeficiency virus 1,1ODW,0E8,A,201,CC(C)(C)OC(=O)N[C@@H](Cc1ccccc1)[C@@H](CNC[C@H]([C@H](Cc2ccccc2)NC(=O)OC(C)(C)C)O)O
Human immunodeficiency virus 1,1ODX,0E8,A,201,CC(C)(C)OC(=O)N[C@@H](Cc1ccccc1)[C@@H](CNC[C@H]([C@H](Cc2ccccc2)NC(=O)OC(C)(C)C)O)O
Human immunodeficiency virus 1,1ODY,LP1,A,201,CC[C@@H](C(=O)N[C@@H](Cc1cccc2c1cccc2)C(=O)N)NC(=O)C[C@@H]([C@H](CC(C)C)NC(=O)[C@H](C(C)C)NC(=O)[C@H](Cc3cccc4c3cccc4)NC(=O)C)O
Human immunodeficiency virus 1,1OHR,1UN,A,201,Cc1c(cccc1O)C(=O)N[C@@H](CSc2ccccc2)[C@@H](C[N@@]3C[C@H]4CCCC[C@H]4C[C@H]3C(=O)NC(C)(C)C)O
Human immunodeficiency virus 1,1PRO,A88,A,301,COc1cc(ccc1O)CN2[C@@H]([C@@H](C[N@](N(C2=O)Cc3ccc(c(c3)OC)O)Cc4ccccc4)O)Cc5ccccc5
Human immunodeficiency virus 1,1QBR,XV6,A,638,c1ccc(cc1)C[C@@H]2[C@@H]([C@H]([C@H](N(C(=O)N2Cc3cccc(c3)C(=O)Nc4nccs4)Cc5cccc(c5)C(=O)Nc6nccs6)Cc7ccccc7)O)O
Human immunodeficiency virus 1,1QBS,DMP,A,323,c1ccc(cc1)C[C@@H]2[C@@H]([C@H]([C@H](N(C(=O)N2Cc3ccc(cc3)CO)Cc4ccc(cc4)CO)Cc5ccccc5)O)O
Human immunodeficiency virus 1,1QBT,146,B,300,c1ccc(cc1)C[C@@H]2[C@@H]([C@H]([C@H](N(C(=O)N2Cc3cccc(c3)C(=O)Nc4[nH]c5ccccc5n4)Cc6cccc(c6)C(=O)Nc7[nH]c8ccccc8n7)Cc9ccccc9)O)O
Human immunodeficiency virus 1,1QBU,846,B,300,c1ccc(cc1)C[C@@H]2[C@@H]([C@H]([C@H](N(C(=O)N2Cc3cccc(c3)C(=O)Nc4nccs4)CC5CC5)Cc6ccccc6)O)O
Human immunodeficiency virus 1,1QD3,CYY,A,47,C1[C@H]([C@@H](C([C@@H]([C@H]1N)O)O)O)N
Human immunodeficiency virus 1,1QS4,100,A,1004,c1cc2c(cc1Cl)c(c[nH]2)C(=O)/C=C(/c3n[nH]nn3)\O
Human immunodeficiency virus 1,1REV,TB9,A,999,C[C@H]1CN2c3c(cc(cc3NC2=S)Cl)CN1CC=C(C)C
Human immunodeficiency virus 1,1RL8,RIT,A,9001,CC(C)c1nc(cs1)CN(C)C(=O)N[C@@H](C(C)C)C(=O)N[C@@H](Cc2ccccc2)C[C@@H]([C@H](Cc3ccccc3)NC(=O)OCc4cncs4)O
Human immunodeficiency virus 1,1RPV,SIN,A,1,C(CC(=O)O)C(=O)O
Human immunodeficiency virus 1,1RQ9,DMQ,B,111,c1ccc(cc1)C[C@@H]2[C@@H]([C@H]([C@H](N(C(=O)N2Cc3cccc(c3)N)Cc4cccc(c4)N)Cc5ccccc5)O)O
Human immunodeficiency virus 1,1RT1,MKC,A,999,CCOCN1C(=C(C(=O)NC1=O)C(C)C)Cc2ccccc2
Human immunodeficiency virus 1,1RT2,TNK,A,999,CC(C)C1=C(N(C(=O)NC1=O)COCc2ccccc2)Cc3ccccc3
Human immunodeficiency virus 1,1RT3,U05,A,999,CCN1c2cc(ccc2N(C(=O)c3c1nccc3)C)[N+](=O)[O-]
Human immunodeficiency virus 1,1RT4,UC1,A,999,Cc1c(cco1)C(=S)Nc2ccc(c(c2)OCC=C(C)C)Cl
Human immunodeficiency virus 1,1RT5,UC2,A,999,Cc1c(cco1)C(=S)Nc2ccc(c(c2)\C=N\OC(C)(C)C)Cl
Human immunodeficiency virus 1,1RT6,UC3,A,999,CC(C)OC(=O)c1cc(ccc1Cl)NC(=S)OC(C)C
Human immunodeficiency virus 1,1RT7,UC4,A,999,CC1=C(SCCO1)C(=O)Nc2ccc(c(c2)C(=O)OC(C)C)Cl
Human immunodeficiency virus 1,1RTD,TTP,C,705,CC1=CN(C(=O)NC1=O)[C@H]2C[C@@H]([C@H](O2)CO[P@](=O)(O)O[P@@](=O)(O)OP(=O)(O)O)O
Human immunodeficiency virus 1,1RTD,TTP,A,700,CC1=CN(C(=O)NC1=O)[C@H]2C[C@@H]([C@H](O2)CO[P@](=O)(O)O[P@@](=O)(O)OP(=O)(O)O)O
Human immunodeficiency virus 1,1RTH,U05,A,999,CCN1c2cc(ccc2N(C(=O)c3c1nccc3)C)[N+](=O)[O-]
Human immunodeficiency virus 1,1RTI,HEF,A,999,CC1=C(N(C(=O)NC1=O)COCCO)Sc2ccccc2
Human immunodeficiency virus 1,1RV7,AB1,B,1001,Cc1cccc(c1OCC(=O)N[C@@H](Cc2ccccc2)[C@H](C[C@H](Cc3ccccc3)NC(=O)[C@H](C(C)C)N4CCCNC4=O)O)C
Human immunodeficiency virus 1,1S1T,UC1,A,999,Cc1c(cco1)C(=S)Nc2ccc(c(c2)OCC=C(C)C)Cl
Human immunodeficiency virus 1,1S1U,NVP,A,999,Cc1ccnc2c1NC(=O)c3cccnc3N2C4CC4
Human immunodeficiency virus 1,1S1V,TNK,A,999,CC(C)C1=C(N(C(=O)NC1=O)COCc2ccccc2)Cc3ccccc3
Human immunodeficiency virus 1,1S1W,UC1,A,999,Cc1c(cco1)C(=S)Nc2ccc(c(c2)OCC=C(C)C)Cl
Human immunodeficiency virus 1,1S1X,NVP,A,999,Cc1ccnc2c1NC(=O)c3cccnc3N2C4CC4
Human immunodeficiency virus 1,1S6P,IET,A,701,c1cc(c(c(c1)Cl)CC(=N)NC(=S)Nc2ccc(cc2)C#N)Cl
Human immunodeficiency virus 1,1S6Q,TPB,A,701,Cc1cc(c(c(c1)C)Nc2ccnc(n2)Nc3ccc(cc3)C#N)C
Human immunodeficiency virus 1,1S9E,ADB,A,701,c1cc(c(c(c1)Cl)Oc2nc(nc(n2)Nc3ccc(cc3)C#N)N)Cl
Human immunodeficiency virus 1,1S9G,ABZ,A,701,c1cc(ccc1C#N)Nc2nc(nc(n2)N)Cc3c4cc[nH]c4ccc3Cl
Human immunodeficiency virus 1,1SBG,IM1,A,400,CC(C)[C@@H](c1[nH]ccn1)NC(=O)[C@H](Cc2ccccc2)C[C@@H]([C@H](Cc3ccccc3)NC(=O)OC(C)(C)C)O
Human immunodeficiency virus 1,1SDT,MK1,B,902,CC(C)(C)NC(=O)[C@@H]1C[N@@](CC[N@]1C[C@H](C[C@@H](Cc2ccccc2)C(=O)N[C@H]3c4ccccc4C[C@H]3O)O)Cc5cccnc5
Human immunodeficiency virus 1,1SDU,MK1,B,902,CC(C)(C)NC(=O)[C@@H]1C[N@@](CC[N@]1C[C@H](C[C@@H](Cc2ccccc2)C(=O)N[C@H]3c4ccccc4C[C@H]3O)O)Cc5cccnc5
Human immunodeficiency virus 1,1SDV,MK1,B,902,CC(C)(C)NC(=O)[C@@H]1C[N@@](CC[N@]1C[C@H](C[C@@H](Cc2ccccc2)C(=O)N[C@H]3c4ccccc4C[C@H]3O)O)Cc5cccnc5
Human immunodeficiency virus 1,1SGU,MK1,B,2632,CC(C)(C)NC(=O)[C@@H]1C[N@@](CC[N@]1C[C@H](C[C@@H](Cc2ccccc2)C(=O)N[C@H]3c4ccccc4C[C@H]3O)O)Cc5cccnc5
Human immunodeficiency virus 1,1SH9,RIT,B,301,CC(C)c1nc(cs1)CN(C)C(=O)N[C@@H](C(C)C)C(=O)N[C@@H](Cc2ccccc2)C[C@@H]([C@H](Cc3ccccc3)NC(=O)OCc4cncs4)O
Human immunodeficiency virus 1,1SUQ,185,A,600,Cc1cc(cc(c1Oc2c(c(nc(n2)Nc3ccc(cc3)C#N)CO)Br)C)C#N
Human immunodeficiency virus 1,1SV5,65B,A,600,Cc1cc(cc(c1Oc2c(c(nc(n2)Nc3ccc(cc3)C#N)N)Br)C)C#N
Human immunodeficiency virus 1,1T03,TFO,P,822,C[C@H](Cn1cnc2c1ncnc2N)OCP(=O)(O)O
Human immunodeficiency virus 1,1T05,TNV,A,823,C[C@H](Cn1cnc2c1ncnc2N)OC[P@](=O)(O)O[P@](=O)(O)OP(=O)(O)O
Human immunodeficiency virus 1,1T3R,017,A,1200,CC(C)C[N@@](C[C@H]([C@H](Cc1ccccc1)NC(=O)O[C@H]2CO[C@@H]3[C@H]2CCO3)O)S(=O)(=O)c4ccc(cc4)N
Human immunodeficiency virus 1,1T7I,017,A,200,CC(C)C[N@@](C[C@H]([C@H](Cc1ccccc1)NC(=O)O[C@H]2CO[C@@H]3[C@H]2CCO3)O)S(=O)(=O)c4ccc(cc4)N
Human immunodeficiency virus 1,1T7J,478,A,200,CC(C)C[N@](C[C@H]([C@H](Cc1ccccc1)NC(=O)O[C@H]2CCOC2)O)S(=O)(=O)c3ccc(cc3)N
Human immunodeficiency virus 1,1T7K,BH0,B,1000,c1ccc(cc1)C[C@@H]2[C@@H](CN(N(C(=O)N2Cc3ccc(cc3)O)Cc4ccc(cc4)O)S(=O)(=O)c5cccc(c5)C#N)O
Human immunodeficiency virus 1,1TCX,IM1,A,400,CC(C)[C@@H](c1[nH]ccn1)NC(=O)[C@H](Cc2ccccc2)C[C@@H]([C@H](Cc3ccccc3)NC(=O)OC(C)(C)C)O
Human immunodeficiency virus 1,1TKT,H12,A,999,CCCC1=C(c2cc(ccc2NC1=O)Cl)OC3CCCCC3
Human immunodeficiency virus 1,1TKX,GWB,A,999,CC(C)C1=C(c2cc(ccc2NC1=O)F)OC#CC3CC3
Human immunodeficiency virus 1,1TKZ,H16,A,999,CCCC1=C(c2cc(ccc2NC1=O)Cl)SC3CCCCC3
Human immunodeficiency virus 1,1TL1,H18,A,999,CCCC1=C(c2cc(ccc2NC1=O)Cl)[S@](=O)C3CCCCC3
Human immunodeficiency virus 1,1TL3,H20,A,999,CC(C)C1=C(c2cc(ccc2NC1=O)Cl)OC3CCCCC3
Human immunodeficiency virus 1,1TV6,CP9,A,561,Cc1nc2cnccc2n1c3ccc(cc3)CN4c5ccccc5SC4=O
Human immunodeficiency virus 1,1TVR,TB9,A,600,C[C@H]1CN2c3c(cc(cc3NC2=S)Cl)CN1CC=C(C)C
Human immunodeficiency virus 1,1U8G,KI2,I,1,c1ccc(cc1)C[C@@H]([C@H](C(=O)O)O)NC(=O)OCc2ccccc2
Human immunodeficiency virus 1,1UPJ,U01,A,201,CC(C)[C@@H](c1ccc(cc1)Br)C2=C(c3ccccc3OC2=O)O
Human immunodeficiency virus 1,1UTS,P13,B,1046,c1cc2c(cc[nH]2)cc1c3ccc(c(c3)CNCCN4CCNCC4)OCCCN
Human immunodeficiency virus 1,1UUD,P14,B,1046,COc1ccc(c(c1)CNCCCCNC(=[NH2+])N)OCCNC(=[NH2+])N
Human immunodeficiency virus 1,1UUI,P12,B,1046,[H]/N=C(\N)/N1CC[NH+](CC1)Cc2cc(ccc2OCCC[NH3+])OC
Human immunodeficiency virus 1,1UWB,TBO,A,559,C[C@H]1CN2c3c(ccc(c3C[N@]1CC=C(C)C)Cl)NC2=S
Human immunodeficiency virus 1,1VIJ,BAY,A,201,CC(C)[C@@H](C(=O)N[C@@H](Cc1ccccc1)[C@H]([C@@H]([C@H](Cc2ccccc2)NC(=O)[C@H](C(C)C)NC(=O)[C@H](Cc3cccc4c3cccc4)CS(=O)(=O)C(C)(C)C)O)O)NC(=O)[C@H](Cc5cccc6c5cccc6)CS(=O)(=O)C(C)(C)C
Human immunodeficiency virus 1,1VIK,BAY,B,201,CC(C)[C@@H](C(=O)N[C@@H](Cc1ccccc1)[C@H]([C@@H]([C@H](Cc2ccccc2)NC(=O)[C@H](C(C)C)NC(=O)[C@H](Cc3cccc4c3cccc4)CS(=O)(=O)C(C)(C)C)O)O)NC(=O)[C@H](Cc5cccc6c5cccc6)CS(=O)(=O)C(C)(C)C
Human immunodeficiency virus 1,1VRT,NVP,A,999,Cc1ccnc2c1NC(=O)c3cccnc3N2C4CC4
Human immunodeficiency virus 1,1VRU,AAP,A,999,Cc1ccc(c(c1)N[C@@H](c2c(cccc2Cl)Cl)C(=O)N)C(=O)C
Human immunodeficiency virus 1,1WBK,568,B,1100,c1ccc(cc1)CO[C@H]([C@@H]([C@H]([C@H](C(=O)N[C@H]2c3ccccc3C[C@H]2O)OCc4ccccc4)O)O)C(=O)N[C@H]5C[C@H](OC5)CO
Human immunodeficiency virus 1,1WBM,BLL,B,1100,c1ccc(cc1)CC[C@H]([C@H]([C@@H]([C@@H](CCc2ccccc2)C(=O)N[C@H]3c4ccccc4C[C@H]3O)O)O)C(=O)N[C@H]5c6ccccc6C[C@H]5O
Human immunodeficiency virus 1,1XL2,189,A,1001,Cc1cccc(c1OCC(=O)N(Cc2ccccc2)C[C@H]3CNC[C@@H]3C[N@@](CC(C)C)S(=O)(=O)c4ccccc4)C
Human immunodeficiency virus 1,1XL5,190,B,1001,Cc1cccc(c1OCC(=O)N[C@@H](Cc2cccc(c2)Br)[C@@H](C[C@H](CC(C)C)S(=O)(=O)c3ccc(cc3)F)O)C
Human immunodeficiency virus 1,1YT9,OIS,A,1000,Cc1nc(cs1)CN2CCN(C2=O)[C@@H](C(C)C)C(=O)N[C@@H](Cc3ccccc3)[C@@H](C[N@](CC(C)C)S(=O)(=O)c4ccc(cc4)\C=N\O)O
Human immunodeficiency virus 1,1Z1H,HBB,A,201,CC(C)CC[N@@](C[C@H]([C@@H]1Cc2ccc(cc2)OCCCC(=O)N[C@H](C(=O)N1)C(C)C)O)S(=O)(=O)c3ccccc3
Human immunodeficiency virus 1,1Z1R,HBH,A,201,CC(C)CC[N@@](C[C@H]([C@@H]1Cc2ccc(cc2)OCCCC(=O)N[C@H](C(=O)N1)CC(=O)N)O)S(=O)(=O)c3ccccc3
Human immunodeficiency virus 1,1Z8C,0ZS,A,201,CC(C)(C)OC(=O)N[C@@H](Cc1ccccc1)[C@@H](CN[C@@H](Cc2ccccc2)C(=O)N[C@@H](CCC(=O)O)C(=O)N[C@@H](Cc3ccccc3)C(=O)N)O
Human immunodeficiency virus 1,1ZBG,0ZS,B,201,CC(C)(C)OC(=O)N[C@@H](Cc1ccccc1)[C@@H](CN[C@@H](Cc2ccccc2)C(=O)N[C@@H](CCC(=O)O)C(=O)N[C@@H](Cc3ccccc3)C(=O)N)O
Human immunodeficiency virus 1,1ZJ7,0ZT,A,201,CC(C)(C)OC(=O)N[C@@H](Cc1ccccc1)[C@H](CN[C@@H](Cc2ccccc2)C(=O)N[C@@H](CCC(=O)O)C(=O)N[C@@H](Cc3ccccc3)C(=O)N)O
Human immunodeficiency virus 1,1ZLF,0ZR,B,201,CC(C)(C)OC(=O)N[C@@H](Cc1ccccc1)[C@H](CN[C@@H](Cc2ccccc2)C(=O)N[C@@H](CCC(=O)N)C(=O)N[C@@H](Cc3ccccc3)C(=O)N)O
Human immunodeficiency virus 1,1ZP8,AB2,A,200,CC(C)CN(C[C@H]([C@H](Cc1ccccc1)n2cc(nn2)COC(=O)N[C@@H]3c4ccccc4C[C@H]3O)O)S(=O)(=O)c5ccc(cc5)OC
Human immunodeficiency virus 1,1ZPA,A83,A,200,CC(C)CN(C[C@H]([C@H](Cc1ccccc1)n2cc(nn2)CNC(=O)c3ccc(cc3)CNC(=O)OC(C)(C)C)O)S(=O)(=O)c4ccc(cc4)OC
Human immunodeficiency virus 1,1ZPK,0ZS,A,201,CC(C)(C)OC(=O)N[C@@H](Cc1ccccc1)[C@@H](CN[C@@H](Cc2ccccc2)C(=O)N[C@@H](CCC(=O)O)C(=O)N[C@@H](Cc3ccccc3)C(=O)N)O
Human immunodeficiency virus 1,1ZSF,0ZS,B,201,CC(C)(C)OC(=O)N[C@@H](Cc1ccccc1)[C@@H](CN[C@@H](Cc2ccccc2)C(=O)N[C@@H](CCC(=O)O)C(=O)N[C@@H](Cc3ccccc3)C(=O)N)O
Human immunodeficiency virus 1,1ZSR,0ZT,A,201,CC(C)(C)OC(=O)N[C@@H](Cc1ccccc1)[C@H](CN[C@@H](Cc2ccccc2)C(=O)N[C@@H](CCC(=O)O)C(=O)N[C@@H](Cc3ccccc3)C(=O)N)O
Human immunodeficiency virus 1,1ZTZ,CB5,B,1002,[B@H]12[BH]345[BH]167[BH]389[BH]413[BH]54[BH]115[BH]383[CH]966[CH]722[Co]3611367([BH]524)[BH]24[BH]115[BH]228[BH]119[BH]353[BH]115[BH]922[BH]88[BH]211[CH]684[CH]7153
Human immunodeficiency virus 1,1ZTZ,CB5,P,1001,[B@H]12[BH]345[BH]167[BH]389[BH]413[BH]54[BH]115[BH]383[CH]966[CH]722[Co]3611367([BH]524)[BH]24[BH]115[BH]228[BH]119[BH]353[BH]115[BH]922[BH]88[BH]211[CH]684[CH]7153
Human immunodeficiency virus 1,2A1E,IPF,B,400,CC(C)[C@@H](C(=O)N[C@@H](Cc1ccccc1)[C@@H]([C@H]([C@@H]2CCCN2C(=O)[C@H](C(C)C)NC(=O)[C@H](Cc3c[nH]c4c3cccc4)NC(=O)C)O)O)NC(=O)[C@H](Cc5c[nH]c6c5cccc6)NC(=O)C
Human immunodeficiency virus 1,2A4F,AAU,B,1000,COc1cc(ccc1O)CN2[C@@H]([C@@H](CN(N(C2=O)Cc3ccc(c(c3)OC)O)C(=O)CCc4ccc(cc4)O)O)Cc5ccccc5
Human immunodeficiency virus 1,2AID,THK,A,201,c1cc(ccc1C2(SCCS2)CCCN3CCC(CC3)(c4ccc(cc4)Cl)O)F
Human immunodeficiency virus 1,2AID,THK,B,202,c1cc(ccc1C2(SCCS2)CCCN3CCC(CC3)(c4ccc(cc4)Cl)O)F
Human immunodeficiency virus 1,2AOC,2NC,B,400,CCCC[C@@H](CN[C@@H](CCCC)C(=O)N[C@@H](CCC(=O)N)C(=O)N[C@@H](CCCNC(=[NH2+])N)C(=O)N)NC(=O)[C@H]([C@@H](C)CC)NC(=O)[C@H]([C@@H](C)O)NC(=O)C
Human immunodeficiency virus 1,2AOD,2NC,B,400,CCCC[C@@H](CN[C@@H](CCCC)C(=O)N[C@@H](CCC(=O)N)C(=O)N[C@@H](CCCNC(=[NH2+])N)C(=O)N)NC(=O)[C@H]([C@@H](C)CC)NC(=O)[C@H]([C@@H](C)O)NC(=O)C
Human immunodeficiency virus 1,2AOE,0Q4,B,301,CCCC[C@@H](C(=O)N)NC(=O)[C@H](C)NC(=O)[C@H](CCC(=O)O)NC(=O)[C@H](Cc1ccccc1)NC[C@H](CC(C)C)NC(=O)[C@H](C(C)C)NC(=O)[C@H](CCCNC(=[NH2+])N)N
Human immunodeficiency virus 1,2AOF,FRD,C,305,C[C@H](Cc1ccccc1)N
Human immunodeficiency virus 1,2AOG,2NC,A,400,CCCC[C@@H](CN[C@@H](CCCC)C(=O)N[C@@H](CCC(=O)N)C(=O)N[C@@H](CCCNC(=[NH2+])N)C(=O)N)NC(=O)[C@H]([C@@H](C)CC)NC(=O)[C@H]([C@@H](C)O)NC(=O)C
Human immunodeficiency virus 1,2AOH,FRD,C,305,C[C@H](Cc1ccccc1)N
Human immunodeficiency virus 1,2AOI,FRD,C,305,C[C@H](Cc1ccccc1)N
Human immunodeficiency virus 1,2AOJ,FRD,C,305,C[C@H](Cc1ccccc1)N
Human immunodeficiency virus 1,2AQU,DR7,B,300,CC(C)(C)[C@@H](C(=O)N[C@@H](Cc1ccccc1)[C@H](CN(Cc2ccc(cc2)c3ccccn3)NC(=O)[C@H](C(C)(C)C)NC(=O)OC)O)NC(=O)OC
Human immunodeficiency virus 1,2AVM,2NC,B,300,CCCC[C@@H](CN[C@@H](CCCC)C(=O)N[C@@H](CCC(=O)N)C(=O)N[C@@H](CCCNC(=[NH2+])N)C(=O)N)NC(=O)[C@H]([C@@H](C)CC)NC(=O)[C@H]([C@@H](C)O)NC(=O)C
Human immunodeficiency virus 1,2AVO,MK1,B,902,CC(C)(C)NC(=O)[C@@H]1C[N@@](CC[N@]1C[C@H](C[C@@H](Cc2ccccc2)C(=O)N[C@H]3c4ccccc4C[C@H]3O)O)Cc5cccnc5
Human immunodeficiency virus 1,2AVQ,2NC,B,300,CCCC[C@@H](CN[C@@H](CCCC)C(=O)N[C@@H](CCC(=O)N)C(=O)N[C@@H](CCCNC(=[NH2+])N)C(=O)N)NC(=O)[C@H]([C@@H](C)CC)NC(=O)[C@H]([C@@H](C)O)NC(=O)C
Human immunodeficiency virus 1,2AVS,MK1,B,902,CC(C)(C)NC(=O)[C@@H]1C[N@@](CC[N@]1C[C@H](C[C@@H](Cc2ccccc2)C(=O)N[C@H]3c4ccccc4C[C@H]3O)O)Cc5cccnc5
Human immunodeficiency virus 1,2AVV,MK1,A,901,CC(C)(C)NC(=O)[C@@H]1C[N@@](CC[N@]1C[C@H](C[C@@H](Cc2ccccc2)C(=O)N[C@H]3c4ccccc4C[C@H]3O)O)Cc5cccnc5
Human immunodeficiency virus 1,2AVV,MK1,E,902,CC(C)(C)NC(=O)[C@@H]1C[N@@](CC[N@]1C[C@H](C[C@@H](Cc2ccccc2)C(=O)N[C@H]3c4ccccc4C[C@H]3O)O)Cc5cccnc5
Human immunodeficiency virus 1,2AZ8,3TL,A,200,C[C@@H](C(=O)N[C@@H](C(C)C)C(=O)N[C@@H](Cc1ccccc1)[C@H]([C@@H]([C@H](Cc2ccccc2)NC(=O)[C@H](C(C)C)NC(=O)[C@H](C)NC(=O)OCc3ccccc3)O)O)NC(=O)OCc4ccccc4
Human immunodeficiency virus 1,2AZ9,3TL,A,200,C[C@@H](C(=O)N[C@@H](C(C)C)C(=O)N[C@@H](Cc1ccccc1)[C@H]([C@@H]([C@H](Cc2ccccc2)NC(=O)[C@H](C(C)C)NC(=O)[C@H](C)NC(=O)OCc3ccccc3)O)O)NC(=O)OCc4ccccc4
Human immunodeficiency virus 1,2AZB,3TL,A,200,C[C@@H](C(=O)N[C@@H](C(C)C)C(=O)N[C@@H](Cc1ccccc1)[C@H]([C@@H]([C@H](Cc2ccccc2)NC(=O)[C@H](C(C)C)NC(=O)[C@H](C)NC(=O)OCc3ccccc3)O)O)NC(=O)OCc4ccccc4
Human immunodeficiency virus 1,2AZC,3TL,B,200,C[C@@H](C(=O)N[C@@H](C(C)C)C(=O)N[C@@H](Cc1ccccc1)[C@H]([C@@H]([C@H](Cc2ccccc2)NC(=O)[C@H](C(C)C)NC(=O)[C@H](C)NC(=O)OCc3ccccc3)O)O)NC(=O)OCc4ccccc4
Human immunodeficiency virus 1,2AZC,3TL,A,200,C[C@@H](C(=O)N[C@@H](C(C)C)C(=O)N[C@@H](Cc1ccccc1)[C@H]([C@@H]([C@H](Cc2ccccc2)NC(=O)[C@H](C(C)C)NC(=O)[C@H](C)NC(=O)OCc3ccccc3)O)O)NC(=O)OCc4ccccc4
Human immunodeficiency virus 1,2B4C,XYL,H,219,C([C@@H](C([C@@H](CO)O)O)O)O
Human immunodeficiency virus 1,2B4C,XYL,H,218,C([C@@H](C([C@@H](CO)O)O)O)O
Human immunodeficiency virus 1,2B4C,XYL,H,217,C([C@@H](C([C@@H](CO)O)O)O)O
Human immunodeficiency virus 1,2B5J,3AC,A,562,CCC1=C(NC(=O)C(=C1Oc2cccc(c2)C=CC#N)I)C
Human immunodeficiency virus 1,2B60,RIT,B,100,CC(C)c1nc(cs1)CN(C)C(=O)N[C@@H](C(C)C)C(=O)N[C@@H](Cc2ccccc2)C[C@@H]([C@H](Cc3ccccc3)NC(=O)OCc4cncs4)O
Human immunodeficiency virus 1,2B6A,T50,A,561,Cc1cccc2c1nc(n2Cc3c(cccc3F)F)c4c(cccc4F)F
Human immunodeficiency virus 1,2B7Z,MK1,B,200,CC(C)(C)NC(=O)[C@@H]1C[N@@](CC[N@]1C[C@H](C[C@@H](Cc2ccccc2)C(=O)N[C@H]3c4ccccc4C[C@H]3O)O)Cc5cccnc5
Human immunodeficiency virus 1,2BAN,357,A,562,CCC1=C(NC(=O)C(=C1Cc2cccc(c2)C)[N@@](C)CCOC)C
Human immunodeficiency virus 1,2BB9,AKC,A,401,CCOCCOC(=O)N[C@@H](Cc1ccccc1)[C@H](C[C@]2(C(=O)C(=CN2)[C@H]3c4ccccc4[C@@H]5[C@H]3OC(=O)N5)Cc6ccccc6)O
Human immunodeficiency virus 1,2BBB,HH1,A,301,c1ccc(cc1)C[C@@H]([C@H](C[C@]2(C(=O)C(=CN2)[C@@H]3C[C@@H](c4c3cccc4)CC(=O)N)Cc5ccccc5)O)NC(=O)O[C@H]6CCOC6
Human immunodeficiency virus 1,2BE2,R22,A,4002,Cc1cc(cc(c1)OC2=C(C(=O)NC(=C2CSCc3ccco3)C)I)C
Human immunodeficiency virus 1,2BGN,FUL,a,2,C[C@H]1[C@H]([C@H]([C@@H]([C@H](O1)O)O)O)O
Human immunodeficiency virus 1,2BGN,FUL,N,2,C[C@H]1[C@H]([C@H]([C@@H]([C@H](O1)O)O)O)O
Human immunodeficiency virus 1,2BGN,FUL,I,3,C[C@H]1[C@H]([C@H]([C@@H]([C@H](O1)O)O)O)O
Human immunodeficiency virus 1,2BGN,FUL,R,3,C[C@H]1[C@H]([C@H]([C@@H]([C@H](O1)O)O)O)O
Human immunodeficiency virus 1,2BPV,1IN,B,902,C[C@H]1CC[C@H]([C@H]1NC(=O)[C@H](Cc2ccccc2)C[C@@H](C[N@@]3CCN(C[C@H]3C(=O)NC(C)(C)C)C(=O)CCc4cccnc4)O)O
Human immunodeficiency virus 1,2BPW,1IN,B,902,C[C@H]1CC[C@H]([C@H]1NC(=O)[C@H](Cc2ccccc2)C[C@@H](C[N@@]3CCN(C[C@H]3C(=O)NC(C)(C)C)C(=O)CCc4cccnc4)O)O
Human immunodeficiency virus 1,2BPX,MK1,B,902,CC(C)(C)NC(=O)[C@@H]1C[N@@](CC[N@]1C[C@H](C[C@@H](Cc2ccccc2)C(=O)N[C@H]3c4ccccc4C[C@H]3O)O)Cc5cccnc5
Human immunodeficiency virus 1,2BPY,3IN,B,902,C[C@H]1CC[C@H]([C@H]1NC(=O)[C@H](Cc2ccccc2)C[C@@H](C[N@@]3CCN(C[C@H]3C(=O)NC(C)(C)C)C(=O)c4cnc(c(n4)Cl)N5CCN(CC5)C)O)O
Human immunodeficiency virus 1,2BPZ,3IN,B,902,C[C@H]1CC[C@H]([C@H]1NC(=O)[C@H](Cc2ccccc2)C[C@@H](C[N@@]3CCN(C[C@H]3C(=O)NC(C)(C)C)C(=O)c4cnc(c(n4)Cl)N5CCN(CC5)C)O)O
Human immunodeficiency virus 1,2BQV,A1A,A,1100,CC(C)[C@@H](C(=O)N[N@](Cc1ccccc1)C[C@@](Cc2ccccc2)(C(=O)N[C@H]3c4ccccc4C[C@H]3O)O)NC(=O)OC
Human immunodeficiency virus 1,2CEJ,1AH,B,1200,CC(C)(C)[C@@H](C(=O)N[N@](Cc1ccc(cc1)Br)C[C@@](Cc2ccccc2)(C(=O)N[C@H]3c4ccccc4C[C@H]3O)O)NC(=O)OC
Human immunodeficiency virus 1,2CEM,2AH,B,1200,CC(C)(C)[C@@H](C(=O)N[N@](Cc1ccc(cc1)c2ccccn2)C[C@@](Cc3ccccc3)(C(=O)N[C@H]4c5ccccc5C[C@H]4O)O)NC(=O)OC
Human immunodeficiency virus 1,2CEN,4AH,B,1200,CC(C)(C)[C@@H](C(=O)N[N@](Cc1ccc(cc1)c2cccnc2)C[C@@](Cc3ccccc3)(C(=O)N[C@H]4c5ccccc5C[C@H]4O)O)NC(=O)OC
Human immunodeficiency virus 1,2F3K,RO1,A,506,CC(C)(C)NC(=O)[C@@H]1C[C@@H]2CCCC[C@@H]2C[N@]1CC(=O)[C@H](Cc3ccccc3)NC(=O)[C@H](C(C)(C)S(=O)(=O)C)NC(=O)COc4cccnc4
Human immunodeficiency virus 1,2F80,017,B,301,CC(C)C[N@@](C[C@H]([C@H](Cc1ccccc1)NC(=O)O[C@H]2CO[C@@H]3[C@H]2CCO3)O)S(=O)(=O)c4ccc(cc4)N
Human immunodeficiency virus 1,2F81,017,A,302,CC(C)C[N@@](C[C@H]([C@H](Cc1ccccc1)NC(=O)O[C@H]2CO[C@@H]3[C@H]2CCO3)O)S(=O)(=O)c4ccc(cc4)N
Human immunodeficiency virus 1,2F8G,017,B,401,CC(C)C[N@@](C[C@H]([C@H](Cc1ccccc1)NC(=O)O[C@H]2CO[C@@H]3[C@H]2CCO3)O)S(=O)(=O)c4ccc(cc4)N
Human immunodeficiency virus 1,2FDD,385,B,501,Cc1nc(cs1)COc2ccc(cc2)C[C@@H]([C@@H](C[N@](CC(C)C)S(=O)(=O)c3ccc4c(c3)OCO4)O)NC(=O)O[C@H]5CO[C@@H]6[C@H]5CCO6
Human immunodeficiency virus 1,2FDE,385,A,101,Cc1nc(cs1)COc2ccc(cc2)C[C@@H]([C@@H](C[N@](CC(C)C)S(=O)(=O)c3ccc4c(c3)OCO4)O)NC(=O)O[C@H]5CO[C@@H]6[C@H]5CCO6
Human immunodeficiency virus 1,2FLE,AI,B,845,CC(C)[C@@H](C(=O)N[C@@H](Cc1ccccc1)[C@@H]([C@H]([C@H](CC2CCCCC2)NC(=O)[C@H](C(C)C)NC(=O)N(C)Cc3ccccn3)O)O)NC(=O)N(C)Cc4ccccn4
Human immunodeficiency virus 1,2FX9,ORQ,P,677,CC(=O)NCCC[C@@H](C(=O)O)N
Human immunodeficiency virus 1,2FX9,ORQ,Q,677,CC(=O)NCCC[C@@H](C(=O)O)N
Human immunodeficiency virus 1,2FXD,DR7,A,102,CC(C)(C)[C@@H](C(=O)N[C@@H](Cc1ccccc1)[C@H](CN(Cc2ccc(cc2)c3ccccn3)NC(=O)[C@H](C(C)(C)C)NC(=O)OC)O)NC(=O)OC
Human immunodeficiency virus 1,2FXE,DR7,A,102,CC(C)(C)[C@@H](C(=O)N[C@@H](Cc1ccccc1)[C@H](CN(Cc2ccc(cc2)c3ccccn3)NC(=O)[C@H](C(C)(C)C)NC(=O)OC)O)NC(=O)OC
Human immunodeficiency virus 1,2H3Q,PBU,A,300,CCCC(=O)OC[C@H](COP(=O)(O)O[C@@H]1[C@@H]([C@@H]([C@H]([C@@H]([C@H]1O)OP(=O)(O)O)OP(=O)(O)O)O)O)OC(=O)CCC
Human immunodeficiency virus 1,2H3V,PIO,A,300,CCCCCCCC(=O)OC[C@H](COP(=O)(O)O[C@@H]1[C@@H]([C@@H]([C@H]([C@@H]([C@H]1O)OP(=O)(O)O)OP(=O)(O)O)O)O)OC(=O)CCCCCCC
Human immunodeficiency virus 1,2H3Z,PBU,A,300,CCCC(=O)OC[C@H](COP(=O)(O)O[C@@H]1[C@@H]([C@@H]([C@H]([C@@H]([C@H]1O)OP(=O)(O)O)OP(=O)(O)O)O)O)OC(=O)CCC
Human immunodeficiency virus 1,2HB3,GRL,B,201,CC(C)CN(C[C@H]([C@H](Cc1ccccc1)NC(=O)O[C@@H]2C[C@@H]3CCO[C@@H]3C2)O)S(=O)(=O)c4ccc(cc4)CO
Human immunodeficiency virus 1,2HB4,PGR,A,908,C[C@H](CO)O
Human immunodeficiency virus 1,2HB4,PGR,A,906,C[C@H](CO)O
Human immunodeficiency virus 1,2HB4,PGR,A,907,C[C@H](CO)O
Human immunodeficiency virus 1,2HC0,AB2,A,3500,CC(C)CN(C[C@H]([C@H](Cc1ccccc1)n2cc(nn2)COC(=O)N[C@@H]3c4ccccc4C[C@H]3O)O)S(=O)(=O)c5ccc(cc5)OC
Human immunodeficiency virus 1,2HND,NVP,A,999,Cc1ccnc2c1NC(=O)c3cccnc3N2C4CC4
Human immunodeficiency virus 1,2HNY,NVP,A,999,Cc1ccnc2c1NC(=O)c3cccnc3N2C4CC4
Human immunodeficiency virus 1,2HNZ,PC0,A,999,CCOc1ccnc(c1F)CCNC(=S)Nc2ccc(cn2)C
Human immunodeficiency virus 1,2HS1,017,B,203,CC(C)C[N@@](C[C@H]([C@H](Cc1ccccc1)NC(=O)O[C@H]2CO[C@@H]3[C@H]2CCO3)O)S(=O)(=O)c4ccc(cc4)N
Human immunodeficiency virus 1,2HS1,017,A,201,CC(C)C[N@@](C[C@H]([C@H](Cc1ccccc1)NC(=O)O[C@H]2CO[C@@H]3[C@H]2CCO3)O)S(=O)(=O)c4ccc(cc4)N
Human immunodeficiency virus 1,2HS2,017,B,203,CC(C)C[N@@](C[C@H]([C@H](Cc1ccccc1)NC(=O)O[C@H]2CO[C@@H]3[C@H]2CCO3)O)S(=O)(=O)c4ccc(cc4)N
Human immunodeficiency virus 1,2HS2,017,A,201,CC(C)C[N@@](C[C@H]([C@H](Cc1ccccc1)NC(=O)O[C@H]2CO[C@@H]3[C@H]2CCO3)O)S(=O)(=O)c4ccc(cc4)N
Human immunodeficiency virus 1,2I0A,MUI,A,200,CC(C)C[N@@](C[C@H]([C@H](Cc1ccccc1)NC(=O)[C@@H]2CN(C(=O)O2)c3ccc(cc3)C(=O)C)O)S(=O)(=O)c4ccc(cc4)OC
Human immunodeficiency virus 1,2I0D,MUT,A,200,CC(C)C[N@@](C[C@H]([C@H](Cc1ccccc1)NC(=O)[C@@H]2CN(C(=O)O2)c3cccc(c3)C(=O)C)O)S(=O)(=O)c4ccc(cc4)OC
Human immunodeficiency virus 1,2I4D,QFI,B,300,CC(C)C[N@@](C[C@H]([C@H](Cc1ccc(cc1)OCP(=O)(O)O)NC(=O)O[C@H]2CO[C@@H]3[C@H]2CCO3)O)S(=O)(=O)c4ccc(cc4)OC
Human immunodeficiency virus 1,2I4U,DJR,A,300,CC(C)C[N@@](C[C@H]([C@H](Cc1ccccc1)NC(=O)O[C@H]2CO[C@@H]3[C@H]2CCO3)O)S(=O)(=O)c4ccc(cc4)OC
Human immunodeficiency virus 1,2I4V,DJR,B,300,CC(C)C[N@@](C[C@H]([C@H](Cc1ccccc1)NC(=O)O[C@H]2CO[C@@H]3[C@H]2CCO3)O)S(=O)(=O)c4ccc(cc4)OC
Human immunodeficiency virus 1,2I4W,KGQ,B,300,CCOP(=O)(COc1ccc(cc1)C[C@@H]([C@@H](C[N@](CC(C)C)S(=O)(=O)c2ccc(cc2)OC)O)NC(=O)O[C@H]3CO[C@@H]4[C@H]3CCO4)OCC
Human immunodeficiency virus 1,2I4X,KGQ,B,300,CCOP(=O)(COc1ccc(cc1)C[C@@H]([C@@H](C[N@](CC(C)C)S(=O)(=O)c2ccc(cc2)OC)O)NC(=O)O[C@H]3CO[C@@H]4[C@H]3CCO4)OCC
Human immunodeficiency virus 1,2I5J,K05,A,4001,COc1ccc2ccccc2c1\C=N\NC(=O)c3ccc(c(c3)O)O
Human immunodeficiency virus 1,2IC3,HBY,A,562,CC(C)OC(=O)N1c2cc(ccc2NC(=S)[C@@H]1CSC)OC
Human immunodeficiency virus 1,2IDW,017,B,401,CC(C)C[N@@](C[C@H]([C@H](Cc1ccccc1)NC(=O)O[C@H]2CO[C@@H]3[C@H]2CCO3)O)S(=O)(=O)c4ccc(cc4)N
Human immunodeficiency virus 1,2IEN,017,B,402,CC(C)C[N@@](C[C@H]([C@H](Cc1ccccc1)NC(=O)O[C@H]2CO[C@@H]3[C@H]2CCO3)O)S(=O)(=O)c4ccc(cc4)N
Human immunodeficiency virus 1,2IEO,017,A,402,CC(C)C[N@@](C[C@H]([C@H](Cc1ccccc1)NC(=O)O[C@H]2CO[C@@H]3[C@H]2CCO3)O)S(=O)(=O)c4ccc(cc4)N
Human immunodeficiency virus 1,2J9J,JG3,C,4,c1ccc(cc1)C[C@@H]([C@H](C[N@]2CCC[C@H]2C(=O)O)O)N
Human immunodeficiency virus 1,2J9K,2NC,A,0,CCCC[C@@H](CN[C@@H](CCCC)C(=O)N[C@@H](CCC(=O)N)C(=O)N[C@@H](CCCNC(=[NH2+])N)C(=O)N)NC(=O)[C@H]([C@@H](C)CC)NC(=O)[C@H]([C@@H](C)O)NC(=O)C
Human immunodeficiency virus 1,2JE4,JG3,C,4,c1ccc(cc1)C[C@@H]([C@H](C[N@]2CCC[C@H]2C(=O)O)O)N
Human immunodeficiency virus 1,2JLE,I15,A,1546,Cc1c2c(ccc(c2Oc3cc(cc(c3)C#N)C#N)F)[nH]n1
Human immunodeficiency virus 1,2JPR,JPR,A,146,Cc1ccc(cc1Cl)NC(=O)NCCSCc2ccc(o2)CN(C)C
Human immunodeficiency virus 1,2LYA,PC8,A,300,CCCCCCCC(=O)OC[C@H](CO[P@](=O)(O)OCC[N+](C)(C)C)OC(=O)CCCCCCC
Human immunodeficiency virus 1,2LYB,8SP,A,300,CCCCCCCC(=O)OC[C@H](COP(=O)(O)OC[C@@H](C(=O)O)N)OC(=O)CCCCCCC
Human immunodeficiency virus 1,2M3Z,1HF,A,104,c1cc(oc1)/C=C\2/C(=O)N/C(=N/N=C/3\c4cc(ccc4NC3=O)S(=O)(=O)O)/S2
Human immunodeficiency virus 1,2M3Z,1HF,A,103,c1cc(oc1)/C=C\2/C(=O)N/C(=N/N=C/3\c4cc(ccc4NC3=O)S(=O)(=O)O)/S2
Human immunodeficiency virus 1,2NMY,ROC,A,401,CC(C)(C)NC(=O)[C@@H]1C[C@@H]2CCCC[C@@H]2C[N@]1C[C@H]([C@H](Cc3ccccc3)NC(=O)[C@H](CC(=O)N)NC(=O)c4ccc5ccccc5n4)O
Human immunodeficiency virus 1,2NMZ,ROC,B,401,CC(C)(C)NC(=O)[C@@H]1C[C@@H]2CCCC[C@@H]2C[N@]1C[C@H]([C@H](Cc3ccccc3)NC(=O)[C@H](CC(=O)N)NC(=O)c4ccc5ccccc5n4)O
Human immunodeficiency virus 1,2NNK,ROC,A,401,CC(C)(C)NC(=O)[C@@H]1C[C@@H]2CCCC[C@@H]2C[N@]1C[C@H]([C@H](Cc3ccccc3)NC(=O)[C@H](CC(=O)N)NC(=O)c4ccc5ccccc5n4)O
Human immunodeficiency virus 1,2NNP,ROC,A,401,CC(C)(C)NC(=O)[C@@H]1C[C@@H]2CCCC[C@@H]2C[N@]1C[C@H]([C@H](Cc3ccccc3)NC(=O)[C@H](CC(=O)N)NC(=O)c4ccc5ccccc5n4)O
Human immunodeficiency virus 1,2O40,2NC,A,0,CCCC[C@@H](CN[C@@H](CCCC)C(=O)N[C@@H](CCC(=O)N)C(=O)N[C@@H](CCCNC(=[NH2+])N)C(=O)N)NC(=O)[C@H]([C@@H](C)CC)NC(=O)[C@H]([C@@H](C)O)NC(=O)C
Human immunodeficiency virus 1,2O4K,DR7,A,301,CC(C)(C)[C@@H](C(=O)N[C@@H](Cc1ccccc1)[C@H](CN(Cc2ccc(cc2)c3ccccn3)NC(=O)[C@H](C(C)(C)C)NC(=O)OC)O)NC(=O)OC
Human immunodeficiency virus 1,2O4L,TPV,A,403,CCC[C@]1(CC(=C(C(=O)O1)[C@H](CC)c2cccc(c2)NS(=O)(=O)c3ccc(cn3)C(F)(F)F)O)CCc4ccccc4
Human immunodeficiency virus 1,2O4N,TPV,A,300,CCC[C@]1(CC(=C(C(=O)O1)[C@H](CC)c2cccc(c2)NS(=O)(=O)c3ccc(cn3)C(F)(F)F)O)CCc4ccccc4
Human immunodeficiency virus 1,2O4P,TPV,A,300,CCC[C@]1(CC(=C(C(=O)O1)[C@H](CC)c2cccc(c2)NS(=O)(=O)c3ccc(cn3)C(F)(F)F)O)CCc4ccccc4
Human immunodeficiency virus 1,2O4S,AB1,A,400,Cc1cccc(c1OCC(=O)N[C@@H](Cc2ccccc2)[C@H](C[C@H](Cc3ccccc3)NC(=O)[C@H](C(C)C)N4CCCNC4=O)O)C
Human immunodeficiency virus 1,2OPP,HBQ,A,999,CC[C@H]1C(=O)Nc2ccc(cc2N1C(=O)OC(C)C)F
Human immunodeficiency virus 1,2OPQ,HBQ,A,999,CC[C@H]1C(=O)Nc2ccc(cc2N1C(=O)OC(C)C)F
Human immunodeficiency virus 1,2OPR,HBQ,A,999,CC[C@H]1C(=O)Nc2ccc(cc2N1C(=O)OC(C)C)F
Human immunodeficiency virus 1,2OPS,HBQ,A,999,CC[C@H]1C(=O)Nc2ccc(cc2N1C(=O)OC(C)C)F
Human immunodeficiency virus 1,2P3A,3TL,A,201,C[C@@H](C(=O)N[C@@H](C(C)C)C(=O)N[C@@H](Cc1ccccc1)[C@H]([C@@H]([C@H](Cc2ccccc2)NC(=O)[C@H](C(C)C)NC(=O)[C@H](C)NC(=O)OCc3ccccc3)O)O)NC(=O)OCc4ccccc4
Human immunodeficiency virus 1,2P3B,3TL,A,101,C[C@@H](C(=O)N[C@@H](C(C)C)C(=O)N[C@@H](Cc1ccccc1)[C@H]([C@@H]([C@H](Cc2ccccc2)NC(=O)[C@H](C(C)C)NC(=O)[C@H](C)NC(=O)OCc3ccccc3)O)O)NC(=O)OCc4ccccc4
Human immunodeficiency virus 1,2P3C,3TL,A,201,C[C@@H](C(=O)N[C@@H](C(C)C)C(=O)N[C@@H](Cc1ccccc1)[C@H]([C@@H]([C@H](Cc2ccccc2)NC(=O)[C@H](C(C)C)NC(=O)[C@H](C)NC(=O)OCc3ccccc3)O)O)NC(=O)OCc4ccccc4
Human immunodeficiency virus 1,2P3D,3TL,A,201,C[C@@H](C(=O)N[C@@H](C(C)C)C(=O)N[C@@H](Cc1ccccc1)[C@H]([C@@H]([C@H](Cc2ccccc2)NC(=O)[C@H](C(C)C)NC(=O)[C@H](C)NC(=O)OCc3ccccc3)O)O)NC(=O)OCc4ccccc4
Human immunodeficiency virus 1,2PC0,PGR,A,907,C[C@H](CO)O
Human immunodeficiency virus 1,2PK5,075,A,900,CC1([C@H](N(CS1)C(=O)[C@H]([C@H](Cc2ccccc2)NC(=O)[C@H](CS(=O)(=O)C)NC(=O)COc3cccc4c3ccnc4)O)C(=O)N[C@H]5c6ccccc6C[C@H]5O)C
Human immunodeficiency virus 1,2PK6,O33,B,301,CC1([C@H](N(CS1)C(=O)[C@H]([C@H](Cc2ccccc2)NC(=O)[C@H](CSC)NC(=O)COc3cccc4c3ccnc4)O)C(=O)N[C@H]5c6ccccc6C[C@H]5O)C
Human immunodeficiency virus 1,2PQZ,G0G,A,2501,c1ccc(cc1)CN([C@H]2CNC[C@@H]2N(Cc3ccccc3)S(=O)(=O)c4ccccc4)S(=O)(=O)c5ccccc5
Human immunodeficiency virus 1,2PSU,MUU,A,200,CNC(=O)CCC(=O)N[C@@H](Cc1ccccc1)[C@@H](C[N@](CC2CC2)S(=O)(=O)c3cccc(c3)OC)O
Human immunodeficiency virus 1,2PSV,MUV,A,200,CNC(=O)CCC(=O)N[C@@H](Cc1ccccc1)[C@@H](C[N@](CC2CC2)S(=O)(=O)c3ccco3)O
Human immunodeficiency virus 1,2PWC,G3G,A,501,c1ccc(cc1)CN([C@H]2CNC[C@@H]2N(Cc3ccccc3)S(=O)(=O)c4ccc(cc4)N)S(=O)(=O)c5ccc(cc5)N
Human immunodeficiency virus 1,2PWR,G4G,B,501,c1ccc(cc1)CN([C@H]2CNC[C@@H]2N(Cc3ccccc3)S(=O)(=O)c4ccc(cc4)C(=O)N)S(=O)(=O)c5ccc(cc5)C(=O)N
Human immunodeficiency virus 1,2PYM,1UN,A,1001,Cc1c(cccc1O)C(=O)N[C@@H](CSc2ccccc2)[C@@H](C[N@@]3C[C@H]4CCCC[C@H]4C[C@H]3C(=O)NC(C)(C)C)O
Human immunodeficiency virus 1,2PYN,1UN,A,1001,Cc1c(cccc1O)C(=O)N[C@@H](CSc2ccccc2)[C@@H](C[N@@]3C[C@H]4CCCC[C@H]4C[C@H]3C(=O)NC(C)(C)C)O
Human immunodeficiency virus 1,2Q3K,MUW,A,200,CC(C)C[N@@]([C@@H](CCCCNC(=O)[C@H](C(c1ccccc1)c2ccccc2)NC(=O)OC)CO)S(=O)(=O)c3ccc(cc3)CN
Human immunodeficiency virus 1,2Q54,MU1,B,200,CC(C)[C@@H](C(=O)N[C@@H](Cc1ccccc1)C[C@@H]([C@H](Cc2ccccc2)NC(=O)[C@@H]3CN(C(=O)O3)c4cccc(c4)C(=O)C)O)NC(=O)C
Human immunodeficiency virus 1,2Q55,MU0,B,200,CC(C)[C@@H](C(=O)N[C@@H](Cc1ccccc1)C[C@@H]([C@H](Cc2ccccc2)NC(=O)[C@@H]3CN(C(=O)O3)c4ccccc4)O)N5CCCNC5=O
Human immunodeficiency virus 1,2Q5K,AB1,A,201,Cc1cccc(c1OCC(=O)N[C@@H](Cc2ccccc2)[C@H](C[C@H](Cc3ccccc3)NC(=O)[C@H](C(C)C)N4CCCNC4=O)O)C
Human immunodeficiency virus 1,2Q63,1UN,A,1001,Cc1c(cccc1O)C(=O)N[C@@H](CSc2ccccc2)[C@@H](C[N@@]3C[C@H]4CCCC[C@H]4C[C@H]3C(=O)NC(C)(C)C)O
Human immunodeficiency virus 1,2Q64,1UN,B,1001,Cc1c(cccc1O)C(=O)N[C@@H](CSc2ccccc2)[C@@H](C[N@@]3C[C@H]4CCCC[C@H]4C[C@H]3C(=O)NC(C)(C)C)O
Human immunodeficiency virus 1,2QAK,1UN,A,1001,Cc1c(cccc1O)C(=O)N[C@@H](CSc2ccccc2)[C@@H](C[N@@]3C[C@H]4CCCC[C@H]4C[C@H]3C(=O)NC(C)(C)C)O
Human immunodeficiency virus 1,2QCI,065,B,404,CC(C)C[N@@](C[C@H]([C@H](Cc1ccccc1)NC(=O)O[C@H]2CO[C@@H]3[C@H]2CCO3)O)S(=O)(=O)c4ccc5c(c4)OCO5
Human immunodeficiency virus 1,2QD6,065,B,404,CC(C)C[N@@](C[C@H]([C@H](Cc1ccccc1)NC(=O)O[C@H]2CO[C@@H]3[C@H]2CCO3)O)S(=O)(=O)c4ccc5c(c4)OCO5
Human immunodeficiency virus 1,2QD7,065,B,404,CC(C)C[N@@](C[C@H]([C@H](Cc1ccccc1)NC(=O)O[C@H]2CO[C@@H]3[C@H]2CCO3)O)S(=O)(=O)c4ccc5c(c4)OCO5
Human immunodeficiency virus 1,2QD8,065,B,404,CC(C)C[N@@](C[C@H]([C@H](Cc1ccccc1)NC(=O)O[C@H]2CO[C@@H]3[C@H]2CCO3)O)S(=O)(=O)c4ccc5c(c4)OCO5
Human immunodeficiency virus 1,2QHC,AB1,B,9001,Cc1cccc(c1OCC(=O)N[C@@H](Cc2ccccc2)[C@H](C[C@H](Cc3ccccc3)NC(=O)[C@H](C(C)C)N4CCCNC4=O)O)C
Human immunodeficiency virus 1,2QHY,MZ1,A,200,C[C@@H](C(=O)N[C@@H](Cc1ccccc1)[C@@H](C[N@](Cc2cccs2)S(=O)(=O)c3cc(c(cc3F)F)F)O)NC(=O)C
Human immunodeficiency virus 1,2QHZ,MZ2,A,200,C/C(=C\C(=O)N[C@@H](Cc1ccccc1)[C@@H](C[N@](Cc2cccs2)S(=O)(=O)c3cc(c(cc3F)F)F)O)/C(F)(F)F
Human immunodeficiency virus 1,2QI0,MZ3,B,200,Cc1c(cccc1F)C(=O)N[C@@H](Cc2ccccc2)[C@@H](C[N@](Cc3cccs3)S(=O)(=O)c4cccc(c4)OC)O
Human immunodeficiency virus 1,2QI1,MZ4,A,200,COc1cccc(c1)S(=O)(=O)[N@@](Cc2cccs2)C[C@H]([C@H](Cc3ccccc3)NC(=O)c4ccc(c(c4)O)O)O
Human immunodeficiency virus 1,2QI3,MZ5,B,200,CC[C@H](C)C[N@@](C[C@H]([C@H](Cc1ccccc1)NC(=O)[C@H](C(C)C)O)O)S(=O)(=O)c2ccc3c(c2)scn3
Human immunodeficiency virus 1,2QI4,MZ6,A,200,CC[C@H](C)C[N@@](C[C@H]([C@H](Cc1ccccc1)NC(=O)c2cccc(c2)O)O)S(=O)(=O)c3ccc4c(c3)scn4
Human immunodeficiency virus 1,2QI5,MZ7,B,200,CCCCC[N@@](C[C@H]([C@H](Cc1ccccc1)NC(=O)[C@H](C(C)C)NC(=O)C)O)S(=O)(=O)c2ccc3c(c2)scn3
Human immunodeficiency virus 1,2QI6,MZ8,A,200,CC(C)C[N@@](C[C@H]([C@H](Cc1ccccc1)NC(=O)c2cccc(c2)O)O)S(=O)(=O)c3ccc4c(c3)scn4
Human immunodeficiency virus 1,2QI7,MZ9,B,200,CC[C@H](C)C[N@@](C[C@H]([C@H](Cc1ccccc1)NC(=O)CCC(=O)CC)O)S(=O)(=O)c2ccc(cc2)OC
Human immunodeficiency virus 1,2QMP,A00,A,100,CC(C)CN([C@@H](CCCCNC(=O)[C@H](C(c1ccccc1)c2ccccc2)NC(=O)OC)CO)S(=O)(=O)c3ccc(cc3)N
Human immunodeficiency virus 1,2QMP,A00,B,100,CC(C)CN([C@@H](CCCCNC(=O)[C@H](C(c1ccccc1)c2ccccc2)NC(=O)OC)CO)S(=O)(=O)c3ccc(cc3)N
Human immunodeficiency virus 1,2QNN,QN1,B,2501,c1cc(ccc1CN([C@H]2CNC[C@@H]2N(Cc3ccc(cc3)C(F)(F)F)S(=O)(=O)c4ccc(cc4)C(=O)N)S(=O)(=O)c5ccc(cc5)C(=O)N)C(F)(F)F
Human immunodeficiency virus 1,2QNP,QN2,A,2501,c1ccc(cc1)S(=O)(=O)N(Cc2ccc(cc2)I)[C@H]3CNC[C@@H]3N(Cc4ccc(cc4)I)S(=O)(=O)c5ccccc5
Human immunodeficiency virus 1,2QNQ,QN3,A,2501,c1ccc(cc1)CN([C@H]2CNC[C@@H]2N(Cc3ccccc3)S(=O)(=O)c4ccccc4Cl)S(=O)(=O)c5ccccc5Cl
Human immunodeficiency virus 1,2R38,G4G,B,2501,c1ccc(cc1)CN([C@H]2CNC[C@@H]2N(Cc3ccccc3)S(=O)(=O)c4ccc(cc4)C(=O)N)S(=O)(=O)c5ccc(cc5)C(=O)N
Human immunodeficiency virus 1,2R3T,G4G,B,2501,c1ccc(cc1)CN([C@H]2CNC[C@@H]2N(Cc3ccccc3)S(=O)(=O)c4ccc(cc4)C(=O)N)S(=O)(=O)c5ccc(cc5)C(=O)N
Human immunodeficiency virus 1,2R3W,G3G,A,2501,c1ccc(cc1)CN([C@H]2CNC[C@@H]2N(Cc3ccccc3)S(=O)(=O)c4ccc(cc4)N)S(=O)(=O)c5ccc(cc5)N
Human immunodeficiency virus 1,2R43,G3G,B,2501,c1ccc(cc1)CN([C@H]2CNC[C@@H]2N(Cc3ccccc3)S(=O)(=O)c4ccc(cc4)N)S(=O)(=O)c5ccc(cc5)N
Human immunodeficiency virus 1,2R5P,MK1,B,902,CC(C)(C)NC(=O)[C@@H]1C[N@@](CC[N@]1C[C@H](C[C@@H](Cc2ccccc2)C(=O)N[C@H]3c4ccccc4C[C@H]3O)O)Cc5cccnc5
Human immunodeficiency virus 1,2R5P,MK1,D,902,CC(C)(C)NC(=O)[C@@H]1C[N@@](CC[N@]1C[C@H](C[C@@H](Cc2ccccc2)C(=O)N[C@H]3c4ccccc4C[C@H]3O)O)Cc5cccnc5
Human immunodeficiency virus 1,2R5Q,1UN,B,900,Cc1c(cccc1O)C(=O)N[C@@H](CSc2ccccc2)[C@@H](C[N@@]3C[C@H]4CCCC[C@H]4C[C@H]3C(=O)NC(C)(C)C)O
Human immunodeficiency virus 1,2R5Q,1UN,D,900,Cc1c(cccc1O)C(=O)N[C@@H](CSc2ccccc2)[C@@H](C[N@@]3C[C@H]4CCCC[C@H]4C[C@H]3C(=O)NC(C)(C)C)O
Human immunodeficiency virus 1,2RF2,MRX,A,561,c1cc2c(cc1Br)c(c([nH]2)C(=O)N)S(=O)(=O)N3CCCC3
Human immunodeficiency virus 1,2RKF,AB1,A,501,Cc1cccc(c1OCC(=O)N[C@@H](Cc2ccccc2)[C@H](C[C@H](Cc3ccccc3)NC(=O)[C@H](C(C)C)N4CCCNC4=O)O)C
Human immunodeficiency virus 1,2RKG,AB1,B,501,Cc1cccc(c1OCC(=O)N[C@@H](Cc2ccccc2)[C@H](C[C@H](Cc3ccccc3)NC(=O)[C@H](C(C)C)N4CCCNC4=O)O)C
Human immunodeficiency virus 1,2RKI,TT1,A,568,c1ccc(cc1)Cn2c(nnc2SCc3ccccc3Cl)c4cccs4
Human immunodeficiency virus 1,2UPJ,U02,A,100,CC[C@H](Cc1ccccc1)C2=CC(=C(C(=O)O2)[C@H](c3cccc(c3)NC(=O)CCNC(=O)OC(C)(C)C)C4C=C4)O
Human immunodeficiency virus 1,2UXZ,HI1,A,1100,CC(C)(C)[C@@H](C(=O)N[N@](CCC[C@@](Cc1ccccc1)(C(=O)N[C@H]2c3ccccc3C[C@H]2O)O)Cc4ccc(cc4)Br)NC(=O)OC
Human immunodeficiency virus 1,2UY0,HV1,B,1200,CC(C)(C)[C@@H](C(=O)NN(Cc1ccc(cc1)Br)C(=O)CC[C@@](Cc2ccccc2)(C(=O)N[C@H]3c4ccccc4C[C@H]3O)O)NC(=O)OC
Human immunodeficiency virus 1,2VG5,NNC,A,1551,c1ccc2c(c1)C(=O)N(C2=O)CCOC(=S)Nc3ccc(cc3)Cl
Human immunodeficiency virus 1,2VG6,NNB,A,1551,c1ccc2c(c1)C(=O)N(C2=O)CCOC(=S)Nc3ccc(cc3)Br
Human immunodeficiency virus 1,2VG7,NNI,A,1551,c1ccc2c(c1)C(=O)N(C2=O)CCOC(=S)Nc3ccc(cc3)I
Human immunodeficiency virus 1,2WHH,PPN,A,2301,c1cc(ccc1C[C@@H](C(=O)O)N)[N+](=O)[O-]
Human immunodeficiency virus 1,2WHH,PPN,A,2201,c1cc(ccc1C[C@@H](C(=O)O)N)[N+](=O)[O-]
Human immunodeficiency virus 1,2WKZ,5AH,B,1200,CC(C)(C)[C@@H](C(=O)N[N@](CC[C@@](Cc1ccccc1)(C(=O)N[C@H]2c3ccccc3C[C@H]2O)O)Cc4ccc(cc4)c5ccccn5)NC(=O)OC
Human immunodeficiency virus 1,2WL0,5AH,A,1100,CC(C)(C)[C@@H](C(=O)N[N@](CC[C@@](Cc1ccccc1)(C(=O)N[C@H]2c3ccccc3C[C@H]2O)O)Cc4ccc(cc4)c5ccccn5)NC(=O)OC
Human immunodeficiency virus 1,2WOM,ZZE,A,1558,CCc1c(c(n(n1)CCO)CC)Oc2cc(cc(c2)C#N)C#N
Human immunodeficiency virus 1,2WON,ZZE,A,1558,CCc1c(c(n(n1)CCO)CC)Oc2cc(cc(c2)C#N)C#N
Human immunodeficiency virus 1,2X2D,ALY,C,125,CC(=O)NCCCC[C@@H](C(=O)O)N
Human immunodeficiency virus 1,2X2D,ALY,B,125,CC(=O)NCCCC[C@@H](C(=O)O)N
Human immunodeficiency virus 1,2XDE,1B0,B,1147,Cc1c(c2ccccc2[nH]1)CC(=O)N[C@@H](Cc3ccccc3)C(=O)N(C)c4ccccc4
Human immunodeficiency virus 1,2XDE,1B0,A,1148,Cc1c(c2ccccc2[nH]1)CC(=O)N[C@@H](Cc3ccccc3)C(=O)N(C)c4ccccc4
Human immunodeficiency virus 1,2XYE,CXG,B,1200,CC(C)(C)[C@@H](C(=O)NC)NC(=O)[C@@](CCC[N@](Cc1ccc(cc1)c2ccccc2)NC(=O)[C@H](C(C)(C)C)NC(=O)OC)(Cc3ccccc3)O
Human immunodeficiency virus 1,2XYF,G40,B,1200,CC(C)(C)[C@@H](C(=O)NC)NC(=O)[C@@](CCC[N@](Cc1ccc(cc1)c2ccsc2)NC(=O)[C@H](C(C)(C)C)NC(=O)OC)(Cc3ccccc3)O
Human immunodeficiency virus 1,2YKM,YKN,A,1559,Cc1ccnc(n1)SC(c2nc3ccccc3o2)(F)F
Human immunodeficiency virus 1,2YKN,YKN,A,1559,Cc1ccnc(n1)SC(c2nc3ccccc3o2)(F)F
Human immunodeficiency virus 1,2YNF,WHU,A,1563,c1cc(c(c(c1CNC(=O)c2c(nc([nH]2)N)Cl)F)Oc3cc(cc(c3)Cl)C#N)Br
Human immunodeficiency virus 1,2YNG,WHU,A,1563,c1cc(c(c(c1CNC(=O)c2c(nc([nH]2)N)Cl)F)Oc3cc(cc(c3)Cl)C#N)Br
Human immunodeficiency virus 1,2YNH,EUR,A,1560,c1cc(c(c(c1CNC(=O)c2c(nc([nH]2)CO)Cl)F)Oc3cc(cc(c3)Cl)C#N)Cl
Human immunodeficiency virus 1,2YNI,CXD,A,1561,c1cc(c(c(c1CNC(=O)c2c(nc[nH]2)Cl)F)Oc3cc(cc(c3)Cl)C#N)Cl
Human immunodeficiency virus 1,2Z4O,065,B,404,CC(C)C[N@@](C[C@H]([C@H](Cc1ccccc1)NC(=O)O[C@H]2CO[C@@H]3[C@H]2CCO3)O)S(=O)(=O)c4ccc5c(c4)OCO5
Human immunodeficiency virus 1,2Z54,AB1,A,200,Cc1cccc(c1OCC(=O)N[C@@H](Cc2ccccc2)[C@H](C[C@H](Cc3ccccc3)NC(=O)[C@H](C(C)C)N4CCCNC4=O)O)C
Human immunodeficiency virus 1,2ZD1,T27,A,557,Cc1cc(cc(c1Nc2ccnc(n2)Nc3ccc(cc3)C#N)C)/C=C/C#N
Human immunodeficiency virus 1,2ZE2,T27,A,556,Cc1cc(cc(c1Nc2ccnc(n2)Nc3ccc(cc3)C#N)C)/C=C/C#N
Human immunodeficiency virus 1,2ZGA,YDP,A,2501,CC(=CCN([C@H]1CNC[C@@H]1N(CC=C(C)C)S(=O)(=O)c2ccc(cc2)C(=O)N)S(=O)(=O)c3ccc(cc3)C(=O)N)C
Human immunodeficiency virus 1,2ZYE,KNI,B,900,CC(C)(C)NC(=O)[C@@H]1CSCN1C(=O)[C@H]([C@H](Cc2ccccc2)NC(=O)[C@H](CSC)NC(=O)COc3cccc4c3ccnc4)O
Human immunodeficiency virus 1,3A2O,KNJ,B,999,Cc1cc(cc(c1OCC(=O)N[C@@H](Cc2ccccc2)[C@@H](C(=O)N3CSC([C@H]3C(=O)NCC(=C)C)(C)C)O)C)N
Human immunodeficiency virus 1,3AID,ARQ,A,401,CC(C)(C)OC(=O)N[C@@H](Cc1ccccc1)[C@H](C[N@@+](C)(Cc2ccccc2)NC(=O)c3ccccc3)O
Human immunodeficiency virus 1,3AO1,BZX,A,214,c1cc2c(cc1O)OCO2
Human immunodeficiency virus 1,3AO1,BZX,B,1,c1cc2c(cc1O)OCO2
Human immunodeficiency virus 1,3AO1,BZX,A,213,c1cc2c(cc1O)OCO2
Human immunodeficiency virus 1,3AO2,AVX,A,1,Cn1c(cc(n1)c2cc3c(c(c2)Br)OCO3)N
Human immunodeficiency virus 1,3AO2,AVX,B,1,Cn1c(cc(n1)c2cc3c(c(c2)Br)OCO3)N
Human immunodeficiency virus 1,3AO3,BMC,B,1,Cn1c(cc(n1)c2ccc3c(c2)OCO3)C(=O)O
Human immunodeficiency virus 1,3AO3,BMC,A,1,Cn1c(cc(n1)c2ccc3c(c2)OCO3)C(=O)O
Human immunodeficiency virus 1,3AO4,833,A,1,Cn1c(cc(n1)c2ccc3c(c2)OCO3)N
Human immunodeficiency virus 1,3AO4,833,B,1,Cn1c(cc(n1)c2ccc3c(c2)OCO3)N
Human immunodeficiency virus 1,3AO5,BBY,B,1,Cn1c(cc(n1)N)c2cc3c(c(c2)Br)OCO3
Human immunodeficiency virus 1,3AO5,BBY,A,213,Cn1c(cc(n1)N)c2cc3c(c(c2)Br)OCO3
Human immunodeficiency virus 1,3B7V,LNT,C,203,C[C@H]([C@@H](C(=O)O)NC([C@H](CC(C)C)N)(O)O)O
Human immunodeficiency virus 1,3B80,LNT,C,203,C[C@H]([C@@H](C(=O)O)NC([C@H](CC(C)C)N)(O)O)O
Human immunodeficiency virus 1,3BC4,LLG,A,2501,c1ccc2c(c1)cccc2CC(=O)OCCN
Human immunodeficiency virus 1,3BC4,LLG,A,2502,c1ccc2c(c1)cccc2CC(=O)OCCN
Human immunodeficiency virus 1,3BGB,LJG,B,2501,CC(C)CN(CCNCCN(CC(C)C)S(=O)(=O)c1ccc(cc1)N)S(=O)(=O)c2ccc(cc2)N
Human immunodeficiency virus 1,3BGC,LJH,A,2501,c1ccc(cc1)CN(CCNCCN(Cc2ccccc2)S(=O)(=O)c3ccc(cc3)N)S(=O)(=O)c4ccc(cc4)N
Human immunodeficiency virus 1,3BGR,T27,A,556,Cc1cc(cc(c1Nc2ccnc(n2)Nc3ccc(cc3)C#N)C)/C=C/C#N
Human immunodeficiency virus 1,3BHE,BZN,B,2501,CC(C)CN(C[C@H]1CNC[C@@H]1COCc2ccccc2)S(=O)(=O)c3ccccc3
Human immunodeficiency virus 1,3BVA,2NC,B,200,CCCC[C@@H](CN[C@@H](CCCC)C(=O)N[C@@H](CCC(=O)N)C(=O)N[C@@H](CCCNC(=[NH2+])N)C(=O)N)NC(=O)[C@H]([C@@H](C)CC)NC(=O)[C@H]([C@@H](C)O)NC(=O)C
Human immunodeficiency virus 1,3BVB,017,B,401,CC(C)C[N@@](C[C@H]([C@H](Cc1ccccc1)NC(=O)O[C@H]2CO[C@@H]3[C@H]2CCO3)O)S(=O)(=O)c4ccc(cc4)N
Human immunodeficiency virus 1,3BXR,DRR,B,201,CC[C@H](C)[C@H]1C(=O)NCCCOc2ccc(cc2)C[C@@H](C(=O)N1)NC(=O)[C@@H]3Cc4ccc(cc4)OCCCCC(=O)N[C@H](C(=O)N3)C(C)C
Human immunodeficiency virus 1,3BXS,DRS,B,203,CC(C)[C@H]1C(=O)N[C@@H](Cc2ccc(cc2)OCCCCC(=O)N1)C(=O)O
Human immunodeficiency virus 1,3BXS,DRS,A,201,CC(C)[C@H]1C(=O)N[C@@H](Cc2ccc(cc2)OCCCCC(=O)N1)C(=O)O
Human immunodeficiency virus 1,3C6T,M14,A,561,c1cc(c(cc1S(=O)(=O)N)Cl)NC(=O)COc2cc(cc(c2)Cl)Oc3cc(cc(c3)Cl)C#N
Human immunodeficiency virus 1,3C6U,M22,A,561,c1ccc2c(c1)c(n[nH]2)COc3ccc(c(c3)Oc4cc(cc(c4)Cl)C#N)Cl
Human immunodeficiency virus 1,3CKT,YDP,A,2501,CC(=CCN([C@H]1CNC[C@@H]1N(CC=C(C)C)S(=O)(=O)c2ccc(cc2)C(=O)N)S(=O)(=O)c3ccc(cc3)C(=O)N)C
Human immunodeficiency virus 1,3CYW,017,A,201,CC(C)C[N@@](C[C@H]([C@H](Cc1ccccc1)NC(=O)O[C@H]2CO[C@@H]3[C@H]2CCO3)O)S(=O)(=O)c4ccc(cc4)N
Human immunodeficiency virus 1,3CYX,ROC,A,201,CC(C)(C)NC(=O)[C@@H]1C[C@@H]2CCCC[C@@H]2C[N@]1C[C@H]([C@H](Cc3ccccc3)NC(=O)[C@H](CC(=O)N)NC(=O)c4ccc5ccccc5n4)O
Human immunodeficiency virus 1,3D1X,ROC,A,201,CC(C)(C)NC(=O)[C@@H]1C[C@@H]2CCCC[C@@H]2C[N@]1C[C@H]([C@H](Cc3ccccc3)NC(=O)[C@H](CC(=O)N)NC(=O)c4ccc5ccccc5n4)O
Human immunodeficiency virus 1,3D1Y,ROC,A,201,CC(C)(C)NC(=O)[C@@H]1C[C@@H]2CCCC[C@@H]2C[N@]1C[C@H]([C@H](Cc3ccccc3)NC(=O)[C@H](CC(=O)N)NC(=O)c4ccc5ccccc5n4)O
Human immunodeficiency virus 1,3D1Z,017,B,201,CC(C)C[N@@](C[C@H]([C@H](Cc1ccccc1)NC(=O)O[C@H]2CO[C@@H]3[C@H]2CCO3)O)S(=O)(=O)c4ccc(cc4)N
Human immunodeficiency virus 1,3D20,017,A,201,CC(C)C[N@@](C[C@H]([C@H](Cc1ccccc1)NC(=O)O[C@H]2CO[C@@H]3[C@H]2CCO3)O)S(=O)(=O)c4ccc(cc4)N
Human immunodeficiency virus 1,3DCK,KVI,B,101,[H]/N=C(/N)\NCCC[C@@H](C(=O)N)NC(=O)[C@H](CCC(=O)N)NC(=O)[C@H](CCCC)CC(=O)[C@H](CCCC)NC(=O)[C@H]([C@@H](C)CC)NC(=O)[C@H]([C@@H](C)O)NC(=O)C
Human immunodeficiency virus 1,3DCR,KVS,B,101,[H]/N=C(\N)/NCCC[C@@H](C(=O)N)NC(=O)[C@H](CCC(=O)N)NC(=O)[C@H](CCCC)CC([C@H](CCCC)NC(=O)[C@H]([C@@H](C)CC)NC(=O)[C@H]([C@@H](C)O)NC(=O)C)(O)O
Human immunodeficiency virus 1,3DI6,PDZ,A,562,c1ccc(cc1)Oc2c(ccc(c2F)CC3=NNC(=O)C=C3)Cl
Human immunodeficiency virus 1,3DJK,G55,B,401,CC(C)C[N@@](C[C@H]([C@H](Cc1ccccc1)NC(=O)O[C@@H]2CCOCOC2)O)S(=O)(=O)c3ccc(cc3)OC
Human immunodeficiency virus 1,3DK1,G05,B,401,CC(C)C[N@@](C[C@H]([C@H](Cc1ccccc1)NC(=O)OC2C[C@@H]3[C@H](C2)OCCO3)O)S(=O)(=O)c4ccc(cc4)OC
Human immunodeficiency virus 1,3DLE,GFA,A,999,c1ccc(cc1)C(=O)c2cc(ccc2OCC(=O)Nc3ccccc3)Cl
Human immunodeficiency virus 1,3DLG,GWE,A,999,Cc1cc(ccc1NC(=O)COc2ccc(cc2C(=O)c3cc(cc(c3)F)C(F)(F)F)Cl)S(N)(O)O
Human immunodeficiency virus 1,3DM2,GWE,A,999,Cc1cc(ccc1NC(=O)COc2ccc(cc2C(=O)c3cc(cc(c3)F)C(F)(F)F)Cl)S(N)(O)O
Human immunodeficiency virus 1,3DMJ,GWE,A,999,Cc1cc(ccc1NC(=O)COc2ccc(cc2C(=O)c3cc(cc(c3)F)C(F)(F)F)Cl)S(N)(O)O
Human immunodeficiency virus 1,3DOK,GWJ,A,999,Cc1cc(ccc1NC(=O)COc2ccc(cc2C(=O)c3cc(cc(c3)Cl)C#N)Cl)S(=O)(=O)N
Human immunodeficiency virus 1,3DOL,GWI,A,999,CCC(=O)NS(=O)(=O)c1ccc(c(c1)C)NC(=O)COc2ccc(cc2C(=O)c3cc(cc(c3)Cl)C#N)Cl
Human immunodeficiency virus 1,3DRP,R8E,A,601,c1cc(c(cc1OCc2c3ccc(nc3[nH]n2)N)Oc4cc(cc(c4)Cl)C#N)Cl
Human immunodeficiency virus 1,3DRR,R8E,A,601,c1cc(c(cc1OCc2c3ccc(nc3[nH]n2)N)Oc4cc(cc(c4)Cl)C#N)Cl
Human immunodeficiency virus 1,3DRS,R8D,A,601,c1cc2c(n[nH]c2nc1)COc3ccc(c(c3)Oc4cc(cc(c4)Cl)C#N)Cl
Human immunodeficiency virus 1,3DYA,PZL,A,562,c1cc(c(c(c1Cc2c3ccnnc3[nH]n2)F)Oc4cc(cc(c4)Cl)C#N)Br
Human immunodeficiency virus 1,3E01,PZ2,A,562,Cc1cc(cc(c1)Oc2ccc(cc2Br)Cc3c4ccnnc4[nH]n3)C#N
Human immunodeficiency virus 1,3EKP,478,B,200,CC(C)C[N@](C[C@H]([C@H](Cc1ccccc1)NC(=O)O[C@H]2CCOC2)O)S(=O)(=O)c3ccc(cc3)N
Human immunodeficiency virus 1,3EKP,478,C,200,CC(C)C[N@](C[C@H]([C@H](Cc1ccccc1)NC(=O)O[C@H]2CCOC2)O)S(=O)(=O)c3ccc(cc3)N
Human immunodeficiency virus 1,3EKQ,ROC,A,100,CC(C)(C)NC(=O)[C@@H]1C[C@@H]2CCCC[C@@H]2C[N@]1C[C@H]([C@H](Cc3ccccc3)NC(=O)[C@H](CC(=O)N)NC(=O)c4ccc5ccccc5n4)O
Human immunodeficiency virus 1,3EKT,017,B,200,CC(C)C[N@@](C[C@H]([C@H](Cc1ccccc1)NC(=O)O[C@H]2CO[C@@H]3[C@H]2CCO3)O)S(=O)(=O)c4ccc(cc4)N
Human immunodeficiency virus 1,3EKT,017,D,200,CC(C)C[N@@](C[C@H]([C@H](Cc1ccccc1)NC(=O)O[C@H]2CO[C@@H]3[C@H]2CCO3)O)S(=O)(=O)c4ccc(cc4)N
Human immunodeficiency virus 1,3EKV,478,A,200,CC(C)C[N@](C[C@H]([C@H](Cc1ccccc1)NC(=O)O[C@H]2CCOC2)O)S(=O)(=O)c3ccc(cc3)N
Human immunodeficiency virus 1,3EKW,DR7,B,100,CC(C)(C)[C@@H](C(=O)N[C@@H](Cc1ccccc1)[C@H](CN(Cc2ccc(cc2)c3ccccn3)NC(=O)[C@H](C(C)(C)C)NC(=O)OC)O)NC(=O)OC
Human immunodeficiency virus 1,3EKX,1UN,B,201,Cc1c(cccc1O)C(=O)N[C@@H](CSc2ccccc2)[C@@H](C[N@@]3C[C@H]4CCCC[C@H]4C[C@H]3C(=O)NC(C)(C)C)O
Human immunodeficiency virus 1,3EKY,DR7,A,100,CC(C)(C)[C@@H](C(=O)N[C@@H](Cc1ccccc1)[C@H](CN(Cc2ccc(cc2)c3ccccn3)NC(=O)[C@H](C(C)(C)C)NC(=O)OC)O)NC(=O)OC
Human immunodeficiency virus 1,3EL0,1UN,A,201,Cc1c(cccc1O)C(=O)N[C@@H](CSc2ccccc2)[C@@H](C[N@@]3C[C@H]4CCCC[C@H]4C[C@H]3C(=O)NC(C)(C)C)O
Human immunodeficiency virus 1,3EL1,DR7,A,100,CC(C)(C)[C@@H](C(=O)N[C@@H](Cc1ccccc1)[C@H](CN(Cc2ccc(cc2)c3ccccn3)NC(=O)[C@H](C(C)(C)C)NC(=O)OC)O)NC(=O)OC
Human immunodeficiency virus 1,3EL4,ROC,A,100,CC(C)(C)NC(=O)[C@@H]1C[C@@H]2CCCC[C@@H]2C[N@]1C[C@H]([C@H](Cc3ccccc3)NC(=O)[C@H](CC(=O)N)NC(=O)c4ccc5ccccc5n4)O
Human immunodeficiency virus 1,3EL5,1UN,B,201,Cc1c(cccc1O)C(=O)N[C@@H](CSc2ccccc2)[C@@H](C[N@@]3C[C@H]4CCCC[C@H]4C[C@H]3C(=O)NC(C)(C)C)O
Human immunodeficiency virus 1,3EL9,DR7,A,100,CC(C)(C)[C@@H](C(=O)N[C@@H](Cc1ccccc1)[C@H](CN(Cc2ccc(cc2)c3ccccn3)NC(=O)[C@H](C(C)(C)C)NC(=O)OC)O)NC(=O)OC
Human immunodeficiency virus 1,3EM3,478,B,200,CC(C)C[N@](C[C@H]([C@H](Cc1ccccc1)NC(=O)O[C@H]2CCOC2)O)S(=O)(=O)c3ccc(cc3)N
Human immunodeficiency virus 1,3EM4,DR7,A,100,CC(C)(C)[C@@H](C(=O)N[C@@H](Cc1ccccc1)[C@H](CN(Cc2ccc(cc2)c3ccccn3)NC(=O)[C@H](C(C)(C)C)NC(=O)OC)O)NC(=O)OC
Human immunodeficiency virus 1,3EM4,DR7,V,100,CC(C)(C)[C@@H](C(=O)N[C@@H](Cc1ccccc1)[C@H](CN(Cc2ccc(cc2)c3ccccn3)NC(=O)[C@H](C(C)(C)C)NC(=O)OC)O)NC(=O)OC
Human immunodeficiency virus 1,3EM6,017,A,200,CC(C)C[N@@](C[C@H]([C@H](Cc1ccccc1)NC(=O)O[C@H]2CO[C@@H]3[C@H]2CCO3)O)S(=O)(=O)c4ccc(cc4)N
Human immunodeficiency virus 1,3FFI,3OB,A,561,CN(C)C1=C(C=C(NC1=O)CC(=O)N2CCc3ccccc3C2)Oc4cc(cc(c4)Cl)C#N
Human immunodeficiency virus 1,3FSM,2NC,A,204,CCCC[C@@H](CN[C@@H](CCCC)C(=O)N[C@@H](CCC(=O)N)C(=O)N[C@@H](CCCNC(=[NH2+])N)C(=O)N)NC(=O)[C@H]([C@@H](C)CC)NC(=O)[C@H]([C@@H](C)O)NC(=O)C
Human immunodeficiency virus 1,3FX5,KNI,B,900,CC(C)(C)NC(=O)[C@@H]1CSCN1C(=O)[C@H]([C@H](Cc2ccccc2)NC(=O)[C@H](CSC)NC(=O)COc3cccc4c3ccnc4)O
Human immunodeficiency virus 1,3GGA,GGW,H,100,CC(C)(C)[C@@H](C(=O)N[C@@H](Cc1ccc(cc1)c2ccccn2)C[C@@H]([C@H](Cc3ccccc3)NC(=O)[C@H](C(C)(C)C)NC(=O)OC)O)NC(=O)OC
Human immunodeficiency virus 1,3GGU,017,B,201,CC(C)C[N@@](C[C@H]([C@H](Cc1ccccc1)NC(=O)O[C@H]2CO[C@@H]3[C@H]2CCO3)O)S(=O)(=O)c4ccc(cc4)N
Human immunodeficiency virus 1,3GGV,GGV,B,100,CC(C)(C)[C@@H](C(=O)N[C@H](Cc1ccc(cc1)c2ccccn2)C[C@@H]([C@H](Cc3ccccc3)NC(=O)[C@H](C(C)(C)C)N4C=CN(C4=O)Cc5cccc(n5)C(C)(C)O)O)NC(=O)OC
Human immunodeficiency virus 1,3GGX,GGX,H,1001,Cc1cccc(n1)CN2C=CN(C2=O)[C@H](C(=O)N[C@@H](Cc3ccccc3)[C@H](C[C@@H](Cc4ccc(cc4)c5ccccn5)NC(=O)[C@H](C(C)(C)C)NC(=O)OC)O)C(C)(C)C
Human immunodeficiency virus 1,3GGX,GGX,C,1004,Cc1cccc(n1)CN2C=CN(C2=O)[C@H](C(=O)N[C@@H](Cc3ccccc3)[C@H](C[C@@H](Cc4ccc(cc4)c5ccccn5)NC(=O)[C@H](C(C)(C)C)NC(=O)OC)O)C(C)(C)C
Human immunodeficiency virus 1,3GGX,GGX,B,1002,Cc1cccc(n1)CN2C=CN(C2=O)[C@H](C(=O)N[C@@H](Cc3ccccc3)[C@H](C[C@@H](Cc4ccc(cc4)c5ccccn5)NC(=O)[C@H](C(C)(C)C)NC(=O)OC)O)C(C)(C)C
Human immunodeficiency virus 1,3GGX,GGX,E,1003,Cc1cccc(n1)CN2C=CN(C2=O)[C@H](C(=O)N[C@@H](Cc3ccccc3)[C@H](C[C@@H](Cc4ccc(cc4)c5ccccn5)NC(=O)[C@H](C(C)(C)C)NC(=O)OC)O)C(C)(C)C
Human immunodeficiency virus 1,3GI4,K60,A,200,CC(C)C[N@@](C[C@H]([C@H](Cc1ccccc1)NC(=O)[C@@H]2CN(C(=O)O2)c3cccc(c3)C(F)(F)F)O)S(=O)(=O)c4ccc5c(c4)OCO5
Human immunodeficiency virus 1,3GI5,K62,A,200,CC(C)C[N@@](C[C@H]([C@H](Cc1ccccc1)NC(=O)[C@@H]2CN(C(=O)O2)c3cccc(c3)C(=O)C)O)S(=O)(=O)c4ccc5c(c4)OCO5
Human immunodeficiency virus 1,3GI6,D78,A,200,CC(C)C[N@@](C[C@H]([C@H](Cc1ccccc1)NC(=O)[C@@H]2CN(C(=O)O2)c3cccc(c3)C(F)(F)F)O)S(=O)(=O)c4ccc(cc4)OC
Human immunodeficiency virus 1,3GWO,JEF,A,55,C[C@@H](COC[C@@H](C)OC[C@@H](C)OC[C@H](C)OC[C@H](C)OCC(C)OC[C@@H](C)OC[C@@H](C)OC[C@H](C)OCCOC)N
Human immunodeficiency virus 1,3GWO,JEF,A,56,C[C@@H](COC[C@@H](C)OC[C@@H](C)OC[C@H](C)OC[C@H](C)OCC(C)OC[C@@H](C)OC[C@@H](C)OC[C@H](C)OCCOC)N
Human immunodeficiency virus 1,3H5B,031,B,404,COc1ccc(cc1)S(=O)(=O)[N@@](C[C@H]2CCC(=O)N2)C[C@H]([C@H](Cc3ccccc3)NC(=O)O[C@@H]4C[C@@H]5CCO[C@@H]5C4)O
Human immunodeficiency virus 1,3HAU,2NC,A,0,CCCC[C@@H](CN[C@@H](CCCC)C(=O)N[C@@H](CCC(=O)N)C(=O)N[C@@H](CCCNC(=[NH2+])N)C(=O)N)NC(=O)[C@H]([C@@H](C)CC)NC(=O)[C@H]([C@@H](C)O)NC(=O)C
Human immunodeficiency virus 1,3HAW,2NC,B,0,CCCC[C@@H](CN[C@@H](CCCC)C(=O)N[C@@H](CCC(=O)N)C(=O)N[C@@H](CCCNC(=[NH2+])N)C(=O)N)NC(=O)[C@H]([C@@H](C)CC)NC(=O)[C@H]([C@@H](C)O)NC(=O)C
Human immunodeficiency virus 1,3HBO,2NC,A,0,CCCC[C@@H](CN[C@@H](CCCC)C(=O)N[C@@H](CCC(=O)N)C(=O)N[C@@H](CCCNC(=[NH2+])N)C(=O)N)NC(=O)[C@H]([C@@H](C)CC)NC(=O)[C@H]([C@@H](C)O)NC(=O)C
Human immunodeficiency virus 1,3HDK,2NC,B,0,CCCC[C@@H](CN[C@@H](CCCC)C(=O)N[C@@H](CCC(=O)N)C(=O)N[C@@H](CCCNC(=[NH2+])N)C(=O)N)NC(=O)[C@H]([C@@H](C)CC)NC(=O)[C@H]([C@@H](C)O)NC(=O)C
Human immunodeficiency virus 1,3HLO,2NC,A,204,CCCC[C@@H](CN[C@@H](CCCC)C(=O)N[C@@H](CCC(=O)N)C(=O)N[C@@H](CCCNC(=[NH2+])N)C(=O)N)NC(=O)[C@H]([C@@H](C)CC)NC(=O)[C@H]([C@@H](C)O)NC(=O)C
Human immunodeficiency virus 1,3HVT,NVP,A,557,Cc1ccnc2c1NC(=O)c3cccnc3N2C4CC4
Human immunodeficiency virus 1,3HYF,ON1,A,701,c1cc(c(cc1Cc2nc(c(c(n2)O)O)C(=O)O)Cl)Cl
Human immunodeficiency virus 1,3HZC,2NC,A,301,CCCC[C@@H](CN[C@@H](CCCC)C(=O)N[C@@H](CCC(=O)N)C(=O)N[C@@H](CCCNC(=[NH2+])N)C(=O)N)NC(=O)[C@H]([C@@H](C)CC)NC(=O)[C@H]([C@@H](C)O)NC(=O)C
Human immunodeficiency virus 1,3I0R,RT3,A,601,Cc1ccc2c(c1)CCCN2C(=O)SCC(=O)Nc3ccc(cc3Cl)S(=O)(=O)N
Human immunodeficiency virus 1,3I0S,RT7,A,601,c1cc(c(cc1S(=O)(=O)N)Cl)NC(=O)CSC(=O)N2CCCc3c2c(cc(c3)Cl)Cl
Human immunodeficiency virus 1,3I2L,2NC,B,100,CCCC[C@@H](CN[C@@H](CCCC)C(=O)N[C@@H](CCC(=O)N)C(=O)N[C@@H](CCCNC(=[NH2+])N)C(=O)N)NC(=O)[C@H]([C@@H](C)CC)NC(=O)[C@H]([C@@H](C)O)NC(=O)C
Human immunodeficiency virus 1,3I6O,GR6,B,301,COc1ccc2c(c1)OCC\C=C\CCCCN(S2(=O)=O)C[C@H]([C@H](Cc3ccccc3)NC(=O)O[C@H]4CO[C@@H]5[C@H]4CCO5)O
Human immunodeficiency virus 1,3I7E,DJR,A,100,CC(C)C[N@@](C[C@H]([C@H](Cc1ccccc1)NC(=O)O[C@H]2CO[C@@H]3[C@H]2CCO3)O)S(=O)(=O)c4ccc(cc4)OC
Human immunodeficiency virus 1,3I8W,CB5,A,100,[B@H]12[BH]345[BH]167[BH]389[BH]413[BH]54[BH]115[BH]383[CH]966[CH]722[Co]3611367([BH]524)[BH]24[BH]115[BH]228[BH]119[BH]353[BH]115[BH]922[BH]88[BH]211[CH]684[CH]7153
Human immunodeficiency virus 1,3IA9,2NC,A,100,CCCC[C@@H](CN[C@@H](CCCC)C(=O)N[C@@H](CCC(=O)N)C(=O)N[C@@H](CCCNC(=[NH2+])N)C(=O)N)NC(=O)[C@H]([C@@H](C)CC)NC(=O)[C@H]([C@@H](C)O)NC(=O)C
Human immunodeficiency virus 1,3IAW,2NC,A,204,CCCC[C@@H](CN[C@@H](CCCC)C(=O)N[C@@H](CCC(=O)N)C(=O)N[C@@H](CCCNC(=[NH2+])N)C(=O)N)NC(=O)[C@H]([C@@H](C)CC)NC(=O)[C@H]([C@@H](C)O)NC(=O)C
Human immunodeficiency virus 1,3IG1,JTH,A,1001,CC(C)C1=CC=C(C(=O)C(=C1)O)O
Human immunodeficiency virus 1,3IRX,UDR,A,556,Cc1cc(cc2c1OC(=O)N2C)/C(=C/CCCc3nnc(o3)C)/c4cc(c(c(c4)C(=O)SC)OC)C
Human immunodeficiency virus 1,3IS9,AC7,A,556,COc1c(cc(cc1C(=O)OC)C(=CCCCC(=O)OC)c2cc(c(c(c2)C(=O)OC)OC)C#N)C#N
Human immunodeficiency virus 1,3ISN,EDM,C,561,CN(C)c1cc(nc(n1)S(=O)(=O)C)C=C
Human immunodeficiency virus 1,3ITH,EDM,C,561,CN(C)c1cc(nc(n1)S(=O)(=O)C)C=C
Human immunodeficiency virus 1,3ITH,EDM,A,561,CN(C)c1cc(nc(n1)S(=O)(=O)C)C=C
Human immunodeficiency virus 1,3JSM,TNV,A,823,C[C@H](Cn1cnc2c1ncnc2N)OC[P@](=O)(O)O[P@](=O)(O)OP(=O)(O)O
Human immunodeficiency virus 1,3JVW,DMP,A,323,c1ccc(cc1)C[C@@H]2[C@@H]([C@H]([C@H](N(C(=O)N2Cc3ccc(cc3)CO)Cc4ccc(cc4)CO)Cc5ccccc5)O)O
Human immunodeficiency virus 1,3JVY,017,B,401,CC(C)C[N@@](C[C@H]([C@H](Cc1ccccc1)NC(=O)O[C@H]2CO[C@@H]3[C@H]2CCO3)O)S(=O)(=O)c4ccc(cc4)N
Human immunodeficiency virus 1,3JW2,017,A,401,CC(C)C[N@@](C[C@H]([C@H](Cc1ccccc1)NC(=O)O[C@H]2CO[C@@H]3[C@H]2CCO3)O)S(=O)(=O)c4ccc(cc4)N
Human immunodeficiency virus 1,3K2P,JTH,A,1001,CC(C)C1=CC=C(C(=O)C(=C1)O)O
Human immunodeficiency virus 1,3K2P,JTH,B,1001,CC(C)C1=CC=C(C(=O)C(=C1)O)O
Human immunodeficiency virus 1,3K4V,ROC,B,201,CC(C)(C)NC(=O)[C@@H]1C[C@@H]2CCCC[C@@H]2C[N@]1C[C@H]([C@H](Cc3ccccc3)NC(=O)[C@H](CC(=O)N)NC(=O)c4ccc5ccccc5n4)O
Human immunodeficiency virus 1,3K4V,ROC,D,201,CC(C)(C)NC(=O)[C@@H]1C[C@@H]2CCCC[C@@H]2C[N@]1C[C@H]([C@H](Cc3ccccc3)NC(=O)[C@H](CC(=O)N)NC(=O)c4ccc5ccccc5n4)O
Human immunodeficiency virus 1,3KA2,2NC,A,204,CCCC[C@@H](CN[C@@H](CCCC)C(=O)N[C@@H](CCC(=O)N)C(=O)N[C@@H](CCCNC(=[NH2+])N)C(=O)N)NC(=O)[C@H]([C@@H](C)CC)NC(=O)[C@H]([C@@H](C)O)NC(=O)C
Human immunodeficiency virus 1,3KDB,006,B,100,Cc1cccc(c1OCC(=O)N[C@@H](Cc2ccccc2)[C@@H](C(=O)N3CSC([C@H]3C(=O)N[C@H]4c5ccccc5C[C@H]4O)(C)C)O)C
Human immunodeficiency virus 1,3KDC,JZP,A,100,CC1([C@H](N(CS1)C(=O)[C@H]([C@H](Cc2ccccc2)NC(=O)COc3c(cccc3Cl)Cl)O)C(=O)N[C@H]4c5ccccc5C[C@H]4O)C
Human immunodeficiency virus 1,3KDD,JZQ,A,100,CC1([C@H](N(CS1)C(=O)[C@H]([C@H](Cc2ccccc2)NC(=O)COc3c(cccc3F)F)O)C(=O)N[C@H]4c5ccccc5C[C@H]4O)C
Human immunodeficiency virus 1,3KF0,3TL,A,200,C[C@@H](C(=O)N[C@@H](C(C)C)C(=O)N[C@@H](Cc1ccccc1)[C@H]([C@@H]([C@H](Cc2ccccc2)NC(=O)[C@H](C(C)C)NC(=O)[C@H](C)NC(=O)OCc3ccccc3)O)O)NC(=O)OCc4ccccc4
Human immunodeficiency virus 1,3KFN,3TL,A,200,C[C@@H](C(=O)N[C@@H](C(C)C)C(=O)N[C@@H](Cc1ccccc1)[C@H]([C@@H]([C@H](Cc2ccccc2)NC(=O)[C@H](C(C)C)NC(=O)[C@H](C)NC(=O)OCc3ccccc3)O)O)NC(=O)OCc4ccccc4
Human immunodeficiency virus 1,3KFP,3TL,A,200,C[C@@H](C(=O)N[C@@H](C(C)C)C(=O)N[C@@H](Cc1ccccc1)[C@H]([C@@H]([C@H](Cc2ccccc2)NC(=O)[C@H](C(C)C)NC(=O)[C@H](C)NC(=O)OCc3ccccc3)O)O)NC(=O)OCc4ccccc4
Human immunodeficiency virus 1,3KFR,1F1,B,201,c1cc(cc2c1cc[nH]2)C(=O)O
Human immunodeficiency virus 1,3KFR,3TL,A,200,C[C@@H](C(=O)N[C@@H](C(C)C)C(=O)N[C@@H](Cc1ccccc1)[C@H]([C@@H]([C@H](Cc2ccccc2)NC(=O)[C@H](C(C)C)NC(=O)[C@H](C)NC(=O)OCc3ccccc3)O)O)NC(=O)OCc4ccccc4
Human immunodeficiency virus 1,3KFS,3TL,A,200,C[C@@H](C(=O)N[C@@H](C(C)C)C(=O)N[C@@H](Cc1ccccc1)[C@H]([C@@H]([C@H](Cc2ccccc2)NC(=O)[C@H](C(C)C)NC(=O)[C@H](C)NC(=O)OCc3ccccc3)O)O)NC(=O)OCc4ccccc4
Human immunodeficiency virus 1,3KK1,914,A,825,c1nc(c2c(n1)n(cn2)[C@H]3C(=C[C@H](O3)OC[P@@](=O)(O)O[P@](=O)(O)OP(=O)(O)O)F)N
Human immunodeficiency virus 1,3KK3,URT,P,822,c1nc(c2c(n1)n(cn2)[C@H]3C(=C[C@H](O3)OCP(=O)(O)O)F)N
Human immunodeficiency virus 1,3KLE,ZP4,E,823,CC1=CN(C(=O)NC1=O)[C@H]2C[C@@H]([C@H](O2)CO[P@@](=O)(O)O[P@@](=O)(O)O[P@@](=O)(O)O[P@](=O)(O)OC[C@@H]3[C@H]([C@H]([C@@H](O3)n4cnc5c4ncnc5N)O)O)N=[N+]=[N-]
Human immunodeficiency virus 1,3KLE,ZP4,I,823,CC1=CN(C(=O)NC1=O)[C@H]2C[C@@H]([C@H](O2)CO[P@@](=O)(O)O[P@@](=O)(O)O[P@@](=O)(O)O[P@](=O)(O)OC[C@@H]3[C@H]([C@H]([C@@H](O3)n4cnc5c4ncnc5N)O)O)N=[N+]=[N-]
Human immunodeficiency virus 1,3KLE,ZP4,M,823,CC1=CN(C(=O)NC1=O)[C@H]2C[C@@H]([C@H](O2)CO[P@@](=O)(O)O[P@@](=O)(O)O[P@@](=O)(O)O[P@](=O)(O)OC[C@@H]3[C@H]([C@H]([C@@H](O3)n4cnc5c4ncnc5N)O)O)N=[N+]=[N-]
Human immunodeficiency virus 1,3KLE,ZP4,A,823,CC1=CN(C(=O)NC1=O)[C@H]2C[C@@H]([C@H](O2)CO[P@@](=O)(O)O[P@@](=O)(O)O[P@@](=O)(O)O[P@](=O)(O)OC[C@@H]3[C@H]([C@H]([C@@H](O3)n4cnc5c4ncnc5N)O)O)N=[N+]=[N-]
Human immunodeficiency virus 1,3KLF,ZP4,M,823,CC1=CN(C(=O)NC1=O)[C@H]2C[C@@H]([C@H](O2)CO[P@@](=O)(O)O[P@@](=O)(O)O[P@@](=O)(O)O[P@](=O)(O)OC[C@@H]3[C@H]([C@H]([C@@H](O3)n4cnc5c4ncnc5N)O)O)N=[N+]=[N-]
Human immunodeficiency virus 1,3KLF,ZP4,I,823,CC1=CN(C(=O)NC1=O)[C@H]2C[C@@H]([C@H](O2)CO[P@@](=O)(O)O[P@@](=O)(O)O[P@@](=O)(O)O[P@](=O)(O)OC[C@@H]3[C@H]([C@H]([C@@H](O3)n4cnc5c4ncnc5N)O)O)N=[N+]=[N-]
Human immunodeficiency virus 1,3KLF,ZP4,E,823,CC1=CN(C(=O)NC1=O)[C@H]2C[C@@H]([C@H](O2)CO[P@@](=O)(O)O[P@@](=O)(O)O[P@@](=O)(O)O[P@](=O)(O)OC[C@@H]3[C@H]([C@H]([C@@H](O3)n4cnc5c4ncnc5N)O)O)N=[N+]=[N-]
Human immunodeficiency virus 1,3KLF,ZP4,A,823,CC1=CN(C(=O)NC1=O)[C@H]2C[C@@H]([C@H](O2)CO[P@@](=O)(O)O[P@@](=O)(O)O[P@@](=O)(O)O[P@](=O)(O)OC[C@@H]3[C@H]([C@H]([C@@H](O3)n4cnc5c4ncnc5N)O)O)N=[N+]=[N-]
Human immunodeficiency virus 1,3LAK,KR1,A,701,Cc1cc(cc(c1)C(=O)C2=C(C(=O)NC(=O)N2Cc3cc(nc(c3)F)N)C(C)C)C#N
Human immunodeficiency virus 1,3LAL,KRV,A,561,CCN1C(=C(C(=O)NC1=O)C(C)C)C(=O)c2cc(cc(c2)C#N)C
Human immunodeficiency virus 1,3LAM,KRP,A,561,CCCN1C(=C(C(=O)NC1=O)C(C)C)C(=O)c2cc(cc(c2)C#N)C
Human immunodeficiency virus 1,3LAN,KBT,A,561,CCCCN1C(=C(C(=O)NC1=O)C(C)C)C(=O)c2cc(cc(c2)C#N)C
Human immunodeficiency virus 1,3LP0,NVP,A,701,Cc1ccnc2c1NC(=O)c3cccnc3N2C4CC4
Human immunodeficiency virus 1,3LP0,LP7,A,601,CCOC(=O)[C@H]1C(c2cccnc2N(C1=O)O)O
Human immunodeficiency virus 1,3LP1,LP8,A,601,c1cc2c(nc1)N(C(=O)C(=C2O)C3CCCC3)O
Human immunodeficiency virus 1,3LP1,NVP,A,701,Cc1ccnc2c1NC(=O)c3cccnc3N2C4CC4
Human immunodeficiency virus 1,3LP2,LP9,A,601,CCN(CC)c1ccc(cc1)Oc2cc3c(nc2)N(C(=O)C(=C3O)C(=O)OCC)O
Human immunodeficiency virus 1,3LP3,LP9,B,1,CCN(CC)c1ccc(cc1)Oc2cc3c(nc2)N(C(=O)C(=C3O)C(=O)OCC)O
Human immunodeficiency virus 1,3LP3,LP9,A,3,CCN(CC)c1ccc(cc1)Oc2cc3c(nc2)N(C(=O)C(=C3O)C(=O)OCC)O
Human immunodeficiency virus 1,3LPH,MLI,A,76,C(C(=O)[O-])C(=O)[O-]
Human immunodeficiency virus 1,3LPH,MLI,B,75,C(C(=O)[O-])C(=O)[O-]
Human immunodeficiency virus 1,3LPT,723,A,1,c1ccc(cc1)C2=C(C(=O)Nc3c2cc(cc3)Cl)CC(=O)O
Human immunodeficiency virus 1,3LPU,976,A,1,CCC[C@@H](c1c(nc2ccc(cc2c1c3ccccc3)Cl)C)C(=O)O
Human immunodeficiency virus 1,3LZS,017,A,200,CC(C)C[N@@](C[C@H]([C@H](Cc1ccccc1)NC(=O)O[C@H]2CO[C@@H]3[C@H]2CCO3)O)S(=O)(=O)c4ccc(cc4)N
Human immunodeficiency virus 1,3LZU,017,A,200,CC(C)C[N@@](C[C@H]([C@H](Cc1ccccc1)NC(=O)O[C@H]2CO[C@@H]3[C@H]2CCO3)O)S(=O)(=O)c4ccc(cc4)N
Human immunodeficiency virus 1,3LZV,017,A,200,CC(C)C[N@@](C[C@H]([C@H](Cc1ccccc1)NC(=O)O[C@H]2CO[C@@H]3[C@H]2CCO3)O)S(=O)(=O)c4ccc(cc4)N
Human immunodeficiency virus 1,3M8P,65B,A,562,Cc1cc(cc(c1Oc2c(c(nc(n2)Nc3ccc(cc3)C#N)N)Br)C)C#N
Human immunodeficiency virus 1,3M8Q,DJZ,A,562,Cc1cc(cc(c1Oc2ccnc(n2)NC3CCN(CC3)Cc4ccc(cc4)S(=O)(=O)C)C)C#N
Human immunodeficiency virus 1,3M9F,595,B,100,C[C@@H](CCC[C@@H](C=O)[N@@](CCC(C)C)S(=O)(=O)c1ccc(cc1)N)NC(=O)[C@H](C(c2ccccc2)c3ccccc3)NC(=O)OC
Human immunodeficiency virus 1,3M9F,595,A,100,C[C@@H](CCC[C@@H](C=O)[N@@](CCC(C)C)S(=O)(=O)c1ccc(cc1)N)NC(=O)[C@H](C(c2ccccc2)c3ccccc3)NC(=O)OC
Human immunodeficiency virus 1,3MEC,65B,A,561,Cc1cc(cc(c1Oc2c(c(nc(n2)Nc3ccc(cc3)C#N)N)Br)C)C#N
Human immunodeficiency virus 1,3MED,65B,A,561,Cc1cc(cc(c1Oc2c(c(nc(n2)Nc3ccc(cc3)C#N)N)Br)C)C#N
Human immunodeficiency virus 1,3MEE,T27,A,561,Cc1cc(cc(c1Nc2ccnc(n2)Nc3ccc(cc3)C#N)C)/C=C/C#N
Human immunodeficiency virus 1,3MEG,T27,A,561,Cc1cc(cc(c1Nc2ccnc(n2)Nc3ccc(cc3)C#N)C)/C=C/C#N
Human immunodeficiency virus 1,3MWS,017,B,201,CC(C)C[N@@](C[C@H]([C@H](Cc1ccccc1)NC(=O)O[C@H]2CO[C@@H]3[C@H]2CCO3)O)S(=O)(=O)c4ccc(cc4)N
Human immunodeficiency virus 1,3MXD,K53,A,200,CC(C)C[N@@](C[C@H]([C@H](Cc1ccccc1)NC(=O)[C@@H]2CN(C(=O)O2)c3ccccc3O)O)S(=O)(=O)c4ccc5c(c4)OCO5
Human immunodeficiency virus 1,3MXE,K54,A,200,CC(C)C[N@@](C[C@H]([C@H](Cc1ccccc1)NC(=O)[C@@H]2CN(C(=O)O2)c3ccccc3C(F)(F)F)O)S(=O)(=O)c4ccc5c(c4)scn5
Human immunodeficiency virus 1,3N3I,ROC,A,201,CC(C)(C)NC(=O)[C@@H]1C[C@@H]2CCCC[C@@H]2C[N@]1C[C@H]([C@H](Cc3ccccc3)NC(=O)[C@H](CC(=O)N)NC(=O)c4ccc5ccccc5n4)O
Human immunodeficiency virus 1,3NBP,JGZ,A,562,Cc1cc(cc(c1Oc2ccnc(n2)NC3CCN(CC3)c4ccc(cc4)S(=O)(=O)N)C)C#N
Human immunodeficiency virus 1,3NDT,ROC,A,101,CC(C)(C)NC(=O)[C@@H]1C[C@@H]2CCCC[C@@H]2C[N@]1C[C@H]([C@H](Cc3ccccc3)NC(=O)[C@H](CC(=O)N)NC(=O)c4ccc5ccccc5n4)O
Human immunodeficiency virus 1,3NDT,ROC,D,100,CC(C)(C)NC(=O)[C@@H]1C[C@@H]2CCCC[C@@H]2C[N@]1C[C@H]([C@H](Cc3ccccc3)NC(=O)[C@H](CC(=O)N)NC(=O)c4ccc5ccccc5n4)O
Human immunodeficiency virus 1,3NDU,ROC,A,101,CC(C)(C)NC(=O)[C@@H]1C[C@@H]2CCCC[C@@H]2C[N@]1C[C@H]([C@H](Cc3ccccc3)NC(=O)[C@H](CC(=O)N)NC(=O)c4ccc5ccccc5n4)O
Human immunodeficiency virus 1,3NDU,ROC,D,100,CC(C)(C)NC(=O)[C@@H]1C[C@@H]2CCCC[C@@H]2C[N@]1C[C@H]([C@H](Cc3ccccc3)NC(=O)[C@H](CC(=O)N)NC(=O)c4ccc5ccccc5n4)O
Human immunodeficiency virus 1,3NDW,RIT,A,100,CC(C)c1nc(cs1)CN(C)C(=O)N[C@@H](C(C)C)C(=O)N[C@@H](Cc2ccccc2)C[C@@H]([C@H](Cc3ccccc3)NC(=O)OCc4cncs4)O
Human immunodeficiency virus 1,3NDX,RIT,A,100,CC(C)c1nc(cs1)CN(C)C(=O)N[C@@H](C(C)C)C(=O)N[C@@H](Cc2ccccc2)C[C@@H]([C@H](Cc3ccccc3)NC(=O)OCc4cncs4)O
Human immunodeficiency virus 1,3NF6,IMV,A,215,c1ccc2c(c1)CC(=O)N2Cc3ccc4c(c3C(=O)O)OCO4
Human immunodeficiency virus 1,3NF6,IMV,A,230,c1ccc2c(c1)CC(=O)N2Cc3ccc4c(c3C(=O)O)OCO4
Human immunodeficiency virus 1,3NF6,IMV,B,216,c1ccc2c(c1)CC(=O)N2Cc3ccc4c(c3C(=O)O)OCO4
Human immunodeficiency virus 1,3NF6,IMV,B,231,c1ccc2c(c1)CC(=O)N2Cc3ccc4c(c3C(=O)O)OCO4
Human immunodeficiency virus 1,3NF7,CIW,A,221,c1cc2c(cc1Cl)CC(=O)N2Cc3ccc4c(c3C(=O)O)OCO4
Human immunodeficiency virus 1,3NF7,CIW,B,215,c1cc2c(cc1Cl)CC(=O)N2Cc3ccc4c(c3C(=O)O)OCO4
Human immunodeficiency virus 1,3NF8,CDQ,A,277,c1cc2c(cc1Cl)CC(=O)N2Cc3ccc4c(c3C(=O)O)OCCO4
Human immunodeficiency virus 1,3NF8,CDQ,B,257,c1cc2c(cc1Cl)CC(=O)N2Cc3ccc4c(c3C(=O)O)OCCO4
Human immunodeficiency virus 1,3NF8,CDQ,A,225,c1cc2c(cc1Cl)CC(=O)N2Cc3ccc4c(c3C(=O)O)OCCO4
Human immunodeficiency virus 1,3NF8,CDQ,A,247,c1cc2c(cc1Cl)CC(=O)N2Cc3ccc4c(c3C(=O)O)OCCO4
Human immunodeficiency virus 1,3NF8,CDQ,A,267,c1cc2c(cc1Cl)CC(=O)N2Cc3ccc4c(c3C(=O)O)OCCO4
Human immunodeficiency virus 1,3NF8,CDQ,B,235,c1cc2c(cc1Cl)CC(=O)N2Cc3ccc4c(c3C(=O)O)OCCO4
Human immunodeficiency virus 1,3NF9,CD9,A,220,c1cc2c(cc1Cl)N(C(=O)C2)Cc3ccc4c(c3C(=O)O)OCO4
Human immunodeficiency virus 1,3NF9,CD9,B,213,c1cc2c(cc1Cl)N(C(=O)C2)Cc3ccc4c(c3C(=O)O)OCO4
Human immunodeficiency virus 1,3NFA,CBJ,B,245,c1cc2c(cc1Br)C(=O)C(=O)N2Cc3ccc4c(c3C(=O)O)OCCO4
Human immunodeficiency virus 1,3NFA,CBJ,A,213,c1cc2c(cc1Br)C(=O)C(=O)N2Cc3ccc4c(c3C(=O)O)OCCO4
Human immunodeficiency virus 1,3NFA,CBJ,A,235,c1cc2c(cc1Br)C(=O)C(=O)N2Cc3ccc4c(c3C(=O)O)OCCO4
Human immunodeficiency virus 1,3NFA,CBJ,B,222,c1cc2c(cc1Br)C(=O)C(=O)N2Cc3ccc4c(c3C(=O)O)OCCO4
Human immunodeficiency virus 1,3NLS,016,B,100,Cc1cccc(c1OCC(=O)N[C@@H](Cc2ccccc2)[C@H](C(=O)N3CSC([C@H]3C(=O)N[C@H]4c5ccccc5C[C@H]4O)(C)C)O)C
Human immunodeficiency virus 1,3NTE,I3M,B,227,I[I-]I
Human immunodeficiency virus 1,3NTE,I3M,A,234,I[I-]I
Human immunodeficiency virus 1,3NU3,478,B,401,CC(C)C[N@](C[C@H]([C@H](Cc1ccccc1)NC(=O)O[C@H]2CCOC2)O)S(=O)(=O)c3ccc(cc3)N
Human immunodeficiency virus 1,3NU4,478,B,401,CC(C)C[N@](C[C@H]([C@H](Cc1ccccc1)NC(=O)O[C@H]2CCOC2)O)S(=O)(=O)c3ccc(cc3)N
Human immunodeficiency virus 1,3NU5,478,B,401,CC(C)C[N@](C[C@H]([C@H](Cc1ccccc1)NC(=O)O[C@H]2CCOC2)O)S(=O)(=O)c3ccc(cc3)N
Human immunodeficiency virus 1,3NU6,478,B,401,CC(C)C[N@](C[C@H]([C@H](Cc1ccccc1)NC(=O)O[C@H]2CCOC2)O)S(=O)(=O)c3ccc(cc3)N
Human immunodeficiency virus 1,3NU9,478,A,401,CC(C)C[N@](C[C@H]([C@H](Cc1ccccc1)NC(=O)O[C@H]2CCOC2)O)S(=O)(=O)c3ccc(cc3)N
Human immunodeficiency virus 1,3NUJ,478,B,401,CC(C)C[N@](C[C@H]([C@H](Cc1ccccc1)NC(=O)O[C@H]2CCOC2)O)S(=O)(=O)c3ccc(cc3)N
Human immunodeficiency virus 1,3NUO,478,B,478,CC(C)C[N@](C[C@H]([C@H](Cc1ccccc1)NC(=O)O[C@H]2CCOC2)O)S(=O)(=O)c3ccc(cc3)N
Human immunodeficiency virus 1,3NWQ,2NC,A,100,CCCC[C@@H](CN[C@@H](CCCC)C(=O)N[C@@H](CCC(=O)N)C(=O)N[C@@H](CCCNC(=[NH2+])N)C(=O)N)NC(=O)[C@H]([C@@H](C)CC)NC(=O)[C@H]([C@@H](C)O)NC(=O)C
Human immunodeficiency virus 1,3NWX,KVS,B,100,[H]/N=C(\N)/NCCC[C@@H](C(=O)N)NC(=O)[C@H](CCC(=O)N)NC(=O)[C@H](CCCC)CC([C@H](CCCC)NC(=O)[C@H]([C@@H](C)CC)NC(=O)[C@H]([C@@H](C)O)NC(=O)C)(O)O
Human immunodeficiency virus 1,3NXE,2NC,A,204,CCCC[C@@H](CN[C@@H](CCCC)C(=O)N[C@@H](CCC(=O)N)C(=O)N[C@@H](CCCNC(=[NH2+])N)C(=O)N)NC(=O)[C@H]([C@@H](C)CC)NC(=O)[C@H]([C@@H](C)O)NC(=O)C
Human immunodeficiency virus 1,3NXN,KVS,A,204,[H]/N=C(\N)/NCCC[C@@H](C(=O)N)NC(=O)[C@H](CCC(=O)N)NC(=O)[C@H](CCCC)CC([C@H](CCCC)NC(=O)[C@H]([C@@H](C)CC)NC(=O)[C@H]([C@@H](C)O)NC(=O)C)(O)O
Human immunodeficiency virus 1,3NYG,2NC,A,100,CCCC[C@@H](CN[C@@H](CCCC)C(=O)N[C@@H](CCC(=O)N)C(=O)N[C@@H](CCCNC(=[NH2+])N)C(=O)N)NC(=O)[C@H]([C@@H](C)CC)NC(=O)[C@H]([C@@H](C)O)NC(=O)C
Human immunodeficiency virus 1,3O99,K13,A,200,CC[C@H](C)C[N@@](C[C@H]([C@H](Cc1ccccc1)NC(=O)O[C@H]2CO[C@@H]3[C@H]2CCO3)O)S(=O)(=O)c4ccc(cc4)N
Human immunodeficiency virus 1,3O9A,K14,A,200,CC[C@H](C)C[N@@](C[C@H]([C@H](Cc1ccccc1)NC(=O)O[C@H]2CO[C@@H]3[C@H]2CCO3)O)S(=O)(=O)c4ccc(cc4)OC
Human immunodeficiency virus 1,3O9B,K2A,A,200,CC[C@H](C)C[N@@](C[C@H]([C@H](Cc1ccccc1)NC(=O)O[C@H]2CO[C@@H]3[C@H]2CCO3)O)S(=O)(=O)c4ccc(cc4)CO
Human immunodeficiency virus 1,3O9C,K20,A,200,CC[C@H](C)C[N@@](C[C@H]([C@H](Cc1ccccc1)NC(=O)O[C@H]2CO[C@@H]3[C@H]2CCO3)O)S(=O)(=O)c4ccc5c(c4)OCO5
Human immunodeficiency virus 1,3O9D,K19,A,200,CC[C@H](C)C[N@@](C[C@H]([C@H](Cc1ccccc1)NC(=O)O[C@H]2CO[C@@H]3[C@H]2CCO3)O)S(=O)(=O)c4ccc5c(c4)scn5
Human immunodeficiency virus 1,3O9E,A60,A,200,CCC(CC)C[N@@](C[C@H]([C@H](Cc1ccccc1)NC(=O)O[C@H]2CO[C@@H]3[C@H]2CCO3)O)S(=O)(=O)c4ccc(cc4)N
Human immunodeficiency virus 1,3O9F,K2D,A,200,CCC(CC)C[N@@](C[C@H]([C@H](Cc1ccccc1)NC(=O)O[C@H]2CO[C@@H]3[C@H]2CCO3)O)S(=O)(=O)c4ccc(cc4)OC
Human immunodeficiency virus 1,3O9G,F53,A,200,CCC(CC)C[N@@](C[C@H]([C@H](Cc1ccccc1)NC(=O)O[C@H]2CO[C@@H]3[C@H]2CCO3)O)S(=O)(=O)c4ccc(cc4)CO
Human immunodeficiency virus 1,3O9H,K2E,B,200,CCC(CC)C[N@@](C[C@H]([C@H](Cc1ccccc1)NC(=O)O[C@H]2CO[C@@H]3[C@H]2CCO3)O)S(=O)(=O)c4ccc5c(c4)OCO5
Human immunodeficiency virus 1,3O9I,A61,A,200,CCC(CC)C[N@@](C[C@H]([C@H](Cc1ccccc1)NC(=O)O[C@H]2CO[C@@H]3[C@H]2CCO3)O)S(=O)(=O)c4ccc5c(c4)scn5
Human immunodeficiency virus 1,3OK9,G52,A,401,CC(C)C[N@@](C[C@H]([C@H](Cc1ccccc1)NC(=O)O[C@H]2CO[C@@H]3[C@H]2[C@H]4CCO[C@H]4O3)O)S(=O)(=O)c5ccc(cc5)OC
Human immunodeficiency virus 1,3OVN,MPV,A,213,Cn1c(cc(n1)c2cccs2)N
Human immunodeficiency virus 1,3OVN,MPV,B,213,Cn1c(cc(n1)c2cccs2)N
Human immunodeficiency virus 1,3OXC,ROC,A,401,CC(C)(C)NC(=O)[C@@H]1C[C@@H]2CCCC[C@@H]2C[N@]1C[C@H]([C@H](Cc3ccccc3)NC(=O)[C@H](CC(=O)N)NC(=O)c4ccc5ccccc5n4)O
Human immunodeficiency virus 1,3OXV,478,B,200,CC(C)C[N@](C[C@H]([C@H](Cc1ccccc1)NC(=O)O[C@H]2CCOC2)O)S(=O)(=O)c3ccc(cc3)N
Human immunodeficiency virus 1,3OXV,478,C,200,CC(C)C[N@](C[C@H]([C@H](Cc1ccccc1)NC(=O)O[C@H]2CCOC2)O)S(=O)(=O)c3ccc(cc3)N
Human immunodeficiency virus 1,3OXV,478,A,200,CC(C)C[N@](C[C@H]([C@H](Cc1ccccc1)NC(=O)O[C@H]2CCOC2)O)S(=O)(=O)c3ccc(cc3)N
Human immunodeficiency virus 1,3OXW,017,B,200,CC(C)C[N@@](C[C@H]([C@H](Cc1ccccc1)NC(=O)O[C@H]2CO[C@@H]3[C@H]2CCO3)O)S(=O)(=O)c4ccc(cc4)N
Human immunodeficiency virus 1,3OXW,017,D,200,CC(C)C[N@@](C[C@H]([C@H](Cc1ccccc1)NC(=O)O[C@H]2CO[C@@H]3[C@H]2CCO3)O)S(=O)(=O)c4ccc(cc4)N
Human immunodeficiency virus 1,3OXX,DR7,A,100,CC(C)(C)[C@@H](C(=O)N[C@@H](Cc1ccccc1)[C@H](CN(Cc2ccc(cc2)c3ccccn3)NC(=O)[C@H](C(C)(C)C)NC(=O)OC)O)NC(=O)OC
Human immunodeficiency virus 1,3OXX,DR7,C,100,CC(C)(C)[C@@H](C(=O)N[C@@H](Cc1ccccc1)[C@H](CN(Cc2ccc(cc2)c3ccccn3)NC(=O)[C@H](C(C)(C)C)NC(=O)OC)O)NC(=O)OC
Human immunodeficiency virus 1,3OY4,017,B,200,CC(C)C[N@@](C[C@H]([C@H](Cc1ccccc1)NC(=O)O[C@H]2CO[C@@H]3[C@H]2CCO3)O)S(=O)(=O)c4ccc(cc4)N
Human immunodeficiency virus 1,3P9G,ZYK,B,3,COc1ccc(cc1OC)C(=O)NO[C@@H]2C[C@H](NC2)C(=O)O
Human immunodeficiency virus 1,3P9H,ZYJ,B,3,COc1ccc(cc1OC)/C=N/O[C@@H]2C[C@H](NC2)C(=O)O
Human immunodeficiency virus 1,3PSU,LJG,A,100,CC(C)CN(CCNCCN(CC(C)C)S(=O)(=O)c1ccc(cc1)N)S(=O)(=O)c2ccc(cc2)N
Human immunodeficiency virus 1,3PWM,017,B,402,CC(C)C[N@@](C[C@H]([C@H](Cc1ccccc1)NC(=O)O[C@H]2CO[C@@H]3[C@H]2CCO3)O)S(=O)(=O)c4ccc(cc4)N
Human immunodeficiency virus 1,3PWR,ROC,A,401,CC(C)(C)NC(=O)[C@@H]1C[C@@H]2CCCC[C@@H]2C[N@]1C[C@H]([C@H](Cc3ccccc3)NC(=O)[C@H](CC(=O)N)NC(=O)c4ccc5ccccc5n4)O
Human immunodeficiency virus 1,3QAA,G04,A,401,CC(C)C[N@@](C[C@H]([C@H](Cc1ccccc1)NC(=O)O[C@H]2CO[C@@H]3[C@H]2[C@H](CO3)OC)O)S(=O)(=O)c4ccc(cc4)OC
Human immunodeficiency virus 1,3QBF,JHG,A,100,c1ccc(cc1)CCCN([C@H]2CNC[C@@H]2NCc3ccc(cc3)C(F)(F)F)S(=O)(=O)c4ccc(cc4)C(=O)N
Human immunodeficiency virus 1,3QIH,NI7,B,100,c1cc(cc(c1)O)CN2[C@H]3CNC[C@@H]3N(C(=O)C2=O)Cc4cccc(c4)O
Human immunodeficiency virus 1,3QIN,P1Y,A,700,COc1ccc(cc1Br)Cc2nc(c(c(n2)O)O)C(=O)O
Human immunodeficiency virus 1,3QIO,QID,A,700,c1ccc(cc1)S(=O)(=O)c2ccc3c(c2)C(=O)N(C(=O)N3)O
Human immunodeficiency virus 1,3QIP,NVP,A,561,Cc1ccnc2c1NC(=O)c3cccnc3N2C4CC4
Human immunodeficiency virus 1,3QIP,P4Y,A,900,c1ccc(cc1)c2c(c3ccccc3[nH]2)Cc4nc(c(c(n4)O)O)C(=O)O
Human immunodeficiency virus 1,3QLH,T27,A,555,Cc1cc(cc(c1Nc2ccnc(n2)Nc3ccc(cc3)C#N)C)/C=C/C#N
Human immunodeficiency virus 1,3QN8,NI7,B,100,c1cc(cc(c1)O)CN2[C@H]3CNC[C@@H]3N(C(=O)C2=O)Cc4cccc(c4)O
Human immunodeficiency virus 1,3QO9,QO9,A,556,CC1=CN(C(=O)NC1=O)[C@H]2[C@@H]([C@]3([C@H](O2)CO[Si](C)(C)C(C)(C)C)C(=CS(=O)(=O)O3)N)O[Si](C)(C)C(C)(C)C
Human immunodeficiency virus 1,3QP0,NI8,B,102,c1cc(cc(c1)CO)CN2[C@H]3CNC[C@@H]3N(C(=O)C2=O)Cc4cccc(c4)CO
Human immunodeficiency virus 1,3QPJ,N4I,B,100,c1cc(cc(c1)O)CN[C@H]2CNC[C@@H]2N(Cc3ccc(cc3)C(F)(F)F)S(=O)(=O)c4ccc(cc4)C(=O)N
Human immunodeficiency virus 1,3QRM,NK7,A,100,c1cc(ccc1CN[C@H]2CNC[C@@H]2N(Cc3ccc(cc3)C(F)(F)F)S(=O)(=O)c4ccc(cc4)C(=O)N)C(F)(F)F
Human immunodeficiency virus 1,3QRO,NK9,A,100,c1cc(ccc1CN([C@H]2CNC[C@@H]2NCc3cc(cc(c3)O)O)S(=O)(=O)c4ccc(cc4)C(=O)N)C(F)(F)F
Human immunodeficiency virus 1,3QRS,NK8,B,100,c1cc(ccc1CN[C@H]2CNC[C@@H]2N(Cc3ccc(cc3)C(F)(F)F)S(=O)(=O)c4ccc(cc4)C(=O)N)C(=O)N
Human immunodeficiency virus 1,3R0W,RSY,A,301,CC(C)C[C@@H](C(=O)N)NC(=O)[C@H](CCl)NC(=O)C[C@@H]([C@H](Cc1ccccc1)NC(=O)[C@@H](C(C)C)NC(=O)c2ccccn2)O
Human immunodeficiency virus 1,3R0Y,RSZ,A,301,CC(C)[C@@H](C(=O)N[C@@H](Cc1ccccc1)[C@H](CC(=O)N[C@H](Cc2ccccc2)C(=O)NCC#C)O)NC(=O)c3ccccn3
Human immunodeficiency virus 1,3R4B,74T,A,200,CC(C)C[N@@](C[C@H]([C@H](Cc1ccccc1)NC(=O)O[C@H]2CO[C@@H]3[C@H]2CCO3)O)S(=O)(=O)c4ccc5c(c4)sc(n5)NC6CCN(CC6)C7CCCC7
Human immunodeficiency virus 1,3S43,478,A,401,CC(C)C[N@](C[C@H]([C@H](Cc1ccccc1)NC(=O)O[C@H]2CCOC2)O)S(=O)(=O)c3ccc(cc3)N
Human immunodeficiency virus 1,3S53,017,B,203,CC(C)C[N@@](C[C@H]([C@H](Cc1ccccc1)NC(=O)O[C@H]2CO[C@@H]3[C@H]2CCO3)O)S(=O)(=O)c4ccc(cc4)N
Human immunodeficiency virus 1,3S53,017,A,201,CC(C)C[N@@](C[C@H]([C@H](Cc1ccccc1)NC(=O)O[C@H]2CO[C@@H]3[C@H]2CCO3)O)S(=O)(=O)c4ccc(cc4)N
Human immunodeficiency virus 1,3S54,017,B,201,CC(C)C[N@@](C[C@H]([C@H](Cc1ccccc1)NC(=O)O[C@H]2CO[C@@H]3[C@H]2CCO3)O)S(=O)(=O)c4ccc(cc4)N
Human immunodeficiency virus 1,3S56,ROC,B,101,CC(C)(C)NC(=O)[C@@H]1C[C@@H]2CCCC[C@@H]2C[N@]1C[C@H]([C@H](Cc3ccccc3)NC(=O)[C@H](CC(=O)N)NC(=O)c4ccc5ccccc5n4)O
Human immunodeficiency virus 1,3S56,ROC,A,201,CC(C)(C)NC(=O)[C@@H]1C[C@@H]2CCCC[C@@H]2C[N@]1C[C@H]([C@H](Cc3ccccc3)NC(=O)[C@H](CC(=O)N)NC(=O)c4ccc5ccccc5n4)O
Human immunodeficiency virus 1,3S85,LK0,I,101,CC(C)(C)[C@@H](C(=O)N[C@@H](Cc1ccccc1)C[C@@H]([C@H](Cc2ccc(cc2)c3cccnc3)NC(=O)[C@H](C(C)(C)C)NC(=O)OC)O)NC(=O)OC
Human immunodeficiency virus 1,3S85,LK0,E,1001,CC(C)(C)[C@@H](C(=O)N[C@@H](Cc1ccccc1)C[C@@H]([C@H](Cc2ccc(cc2)c3cccnc3)NC(=O)[C@H](C(C)(C)C)NC(=O)OC)O)NC(=O)OC
Human immunodeficiency virus 1,3S85,LK0,H,101,CC(C)(C)[C@@H](C(=O)N[C@@H](Cc1ccccc1)C[C@@H]([C@H](Cc2ccc(cc2)c3cccnc3)NC(=O)[C@H](C(C)(C)C)NC(=O)OC)O)NC(=O)OC
Human immunodeficiency virus 1,3S85,LK0,K,101,CC(C)(C)[C@@H](C(=O)N[C@@H](Cc1ccccc1)C[C@@H]([C@H](Cc2ccc(cc2)c3cccnc3)NC(=O)[C@H](C(C)(C)C)NC(=O)OC)O)NC(=O)OC
Human immunodeficiency virus 1,3S85,LK0,B,1000,CC(C)(C)[C@@H](C(=O)N[C@@H](Cc1ccccc1)C[C@@H]([C@H](Cc2ccc(cc2)c3cccnc3)NC(=O)[C@H](C(C)(C)C)NC(=O)OC)O)NC(=O)OC
Human immunodeficiency virus 1,3S85,LK0,C,101,CC(C)(C)[C@@H](C(=O)N[C@@H](Cc1ccccc1)C[C@@H]([C@H](Cc2ccc(cc2)c3cccnc3)NC(=O)[C@H](C(C)(C)C)NC(=O)OC)O)NC(=O)OC
Human immunodeficiency virus 1,3SA3,23X,B,101,CC[C@H](C)C[N@@](C[C@H]([C@H](Cc1ccccc1)NC(=O)[C@H]([C@@H](C)CC)NC(=O)C)O)S(=O)(=O)c2ccc3c(c2)scn3
Human immunodeficiency virus 1,3SA4,F72,B,200,c1ccc(cc1)C[C@@H]([C@@H](C[N@](CC2CCCCC2)S(=O)(=O)c3ccc4c(c3)scn4)O)NC(=O)c5cccc(c5)O
Human immunodeficiency virus 1,3SA5,A69,B,200,c1ccc(cc1)CCC[N@@](C[C@H]([C@H](Cc2ccccc2)NC(=O)c3cccc(c3)O)O)S(=O)(=O)c4ccc5c(c4)scn5
Human immunodeficiency virus 1,3SA6,F71,B,200,CC[C@H](C)C[N@@](C[C@H]([C@H](Cc1ccccc1)NC(=O)c2cccc(c2)O)O)S(=O)(=O)c3ccc(s3)c4ccno4
Human immunodeficiency virus 1,3SA7,55A,A,102,CC[C@H](C)C[N@@](C[C@H]([C@H](Cc1ccccc1)NC(=O)[C@H](CC(C)C)NC(=O)C)O)S(=O)(=O)c2ccc3c(c2)scn3
Human immunodeficiency virus 1,3SA8,K83,A,200,CC(C)C[N@@](C[C@H]([C@H](Cc1ccccc1)NC(=O)c2cccc(c2)O)O)S(=O)(=O)c3ccc(cc3)OC
Human immunodeficiency virus 1,3SA9,A68,A,200,CC[C@H](C)[C@@H](C(=O)N[C@@H](Cc1ccccc1)[C@@H](C[N@](CC(C)C)S(=O)(=O)c2ccc(cc2)OC)O)NC(=O)C
Human immunodeficiency virus 1,3SAA,77F,B,200,COc1ccc(cc1)S(=O)(=O)[N@@](CC2CCCCC2)C[C@H]([C@H](Cc3ccccc3)NC(=O)c4cccc(c4)O)O
Human immunodeficiency virus 1,3SAB,F78,B,200,COc1ccc(cc1)S(=O)(=O)[N@@](CCCc2ccccc2)C[C@H]([C@H](Cc3ccccc3)NC(=O)c4cccc(c4)O)O
Human immunodeficiency virus 1,3SAC,AF8,B,200,CC(C)C[N@@](C[C@H]([C@H](Cc1ccccc1)NC(=O)c2cccc(c2)O)O)S(=O)(=O)c3ccc(s3)c4ccno4
Human immunodeficiency virus 1,3SO9,017,A,100,CC(C)C[N@@](C[C@H]([C@H](Cc1ccccc1)NC(=O)O[C@H]2CO[C@@H]3[C@H]2CCO3)O)S(=O)(=O)c4ccc(cc4)N
Human immunodeficiency virus 1,3SPK,TPV,A,100,CCC[C@]1(CC(=C(C(=O)O1)[C@H](CC)c2cccc(c2)NS(=O)(=O)c3ccc(cn3)C(F)(F)F)O)CCc4ccccc4
Human immunodeficiency virus 1,3SPK,TPV,B,100,CCC[C@]1(CC(=C(C(=O)O1)[C@H](CC)c2cccc(c2)NS(=O)(=O)c3ccc(cn3)C(F)(F)F)O)CCc4ccccc4
Human immunodeficiency virus 1,3ST5,G89,B,201,CC(C)C[N@@](C[C@H]([C@H](Cc1ccccc1)NC(=O)O[C@@H]2C[C@H]3[C@@H](C2)OC[C@@H]3O)O)S(=O)(=O)c4ccc(cc4)OC
Human immunodeficiency virus 1,3T11,3T1,B,101,COc1cc(cc(c1O)Cl)C2C3=C(CC(CC3=O)c4ccccc4)Nc5ccccc5N2
Human immunodeficiency virus 1,3T11,3T1,A,101,COc1cc(cc(c1O)Cl)C2C3=C(CC(CC3=O)c4ccccc4)Nc5ccccc5N2
Human immunodeficiency virus 1,3T19,5MA,A,561,c1cc2c([nH]nc2nc1)Cn3c4ccc(c(c4nn3)Oc5cc(cc(c5Cl)CN)Cl)Cl
Human immunodeficiency virus 1,3T1A,5MA,A,561,c1cc2c([nH]nc2nc1)Cn3c4ccc(c(c4nn3)Oc5cc(cc(c5Cl)CN)Cl)Cl
Human immunodeficiency virus 1,3T3C,017,A,201,CC(C)C[N@@](C[C@H]([C@H](Cc1ccccc1)NC(=O)O[C@H]2CO[C@@H]3[C@H]2CCO3)O)S(=O)(=O)c4ccc(cc4)N
Human immunodeficiency virus 1,3TAM,M06,A,561,CC1=C(C(=O)N(C=C1)Cc2c3cccnc3n[nH]2)Oc4cc(cc(c4)Cl)C#N
Human immunodeficiency virus 1,3TGS,03G,A,507,CC1(CC(CC(N1)(C)C)NC(=O)C(=O)Nc2ccc(cc2)Cl)C
Human immunodeficiency virus 1,3TGS,03G,B,502,CC1(CC(CC(N1)(C)C)NC(=O)C(=O)Nc2ccc(cc2)Cl)C
Human immunodeficiency virus 1,3TH9,9Y9,B,100,C[C@H]1Cc2cc(ccc2S(=O)(=O)[N@@](C1)C[C@H]([C@H](Cc3ccccc3)NC(=O)OC(C)(C)C)O)F
Human immunodeficiency virus 1,3TH9,9Y9,A,100,C[C@H]1Cc2cc(ccc2S(=O)(=O)[N@@](C1)C[C@H]([C@H](Cc3ccccc3)NC(=O)OC(C)(C)C)O)F
Human immunodeficiency virus 1,3TKG,ROC,C,901,CC(C)(C)NC(=O)[C@@H]1C[C@@H]2CCCC[C@@H]2C[N@]1C[C@H]([C@H](Cc3ccccc3)NC(=O)[C@H](CC(=O)N)NC(=O)c4ccc5ccccc5n4)O
Human immunodeficiency virus 1,3TKG,ROC,B,801,CC(C)(C)NC(=O)[C@@H]1C[C@@H]2CCCC[C@@H]2C[N@]1C[C@H]([C@H](Cc3ccccc3)NC(=O)[C@H](CC(=O)N)NC(=O)c4ccc5ccccc5n4)O
Human immunodeficiency virus 1,3TKW,017,B,401,CC(C)C[N@@](C[C@H]([C@H](Cc1ccccc1)NC(=O)O[C@H]2CO[C@@H]3[C@H]2CCO3)O)S(=O)(=O)c4ccc(cc4)N
Human immunodeficiency virus 1,3TL9,ROC,A,401,CC(C)(C)NC(=O)[C@@H]1C[C@@H]2CCCC[C@@H]2C[N@]1C[C@H]([C@H](Cc3ccccc3)NC(=O)[C@H](CC(=O)N)NC(=O)c4ccc5ccccc5n4)O
Human immunodeficiency virus 1,3TLH,3TL,A,201,C[C@@H](C(=O)N[C@@H](C(C)C)C(=O)N[C@@H](Cc1ccccc1)[C@H]([C@@H]([C@H](Cc2ccccc2)NC(=O)[C@H](C(C)C)NC(=O)[C@H](C)NC(=O)OCc3ccccc3)O)O)NC(=O)OCc4ccccc4
Human immunodeficiency virus 1,3TOF,076,A,100,CC(C)[C@@H](C(=O)N[C@@H](Cc1ccccc1)[C@H]([C@@H]2[C@H](O2)Cc3ccccc3)O)NC(=O)COc4ccccc4
Human immunodeficiency virus 1,3TOG,079,A,101,CC(C)[C@@H](C(=O)N[C@@H](Cc1ccccc1)[C@H]([C@@H]([C@@H](Cc2ccccc2)O)N)O)NC(=O)COc3ccccc3
Human immunodeficiency virus 1,3TOG,079,D,101,CC(C)[C@@H](C(=O)N[C@@H](Cc1ccccc1)[C@H]([C@@H]([C@@H](Cc2ccccc2)O)N)O)NC(=O)COc3ccccc3
Human immunodeficiency virus 1,3TOH,079,A,100,CC(C)[C@@H](C(=O)N[C@@H](Cc1ccccc1)[C@H]([C@@H]([C@@H](Cc2ccccc2)O)N)O)NC(=O)COc3ccccc3
Human immunodeficiency virus 1,3TTP,017,A,201,CC(C)C[N@@](C[C@H]([C@H](Cc1ccccc1)NC(=O)O[C@H]2CO[C@@H]3[C@H]2CCO3)O)S(=O)(=O)c4ccc(cc4)N
Human immunodeficiency virus 1,3U7S,017,A,202,CC(C)C[N@@](C[C@H]([C@H](Cc1ccccc1)NC(=O)O[C@H]2CO[C@@H]3[C@H]2CCO3)O)S(=O)(=O)c4ccc(cc4)N
Human immunodeficiency virus 1,3U7S,017,A,201,CC(C)C[N@@](C[C@H]([C@H](Cc1ccccc1)NC(=O)O[C@H]2CO[C@@H]3[C@H]2CCO3)O)S(=O)(=O)c4ccc(cc4)N
Human immunodeficiency virus 1,3U91,JEF,A,34,C[C@@H](COC[C@@H](C)OC[C@@H](C)OC[C@H](C)OC[C@H](C)OCC(C)OC[C@@H](C)OC[C@@H](C)OC[C@H](C)OCCOC)N
Human immunodeficiency virus 1,3UCB,017,A,201,CC(C)C[N@@](C[C@H]([C@H](Cc1ccccc1)NC(=O)O[C@H]2CO[C@@H]3[C@H]2CCO3)O)S(=O)(=O)c4ccc(cc4)N
Human immunodeficiency virus 1,3UCB,017,B,202,CC(C)C[N@@](C[C@H]([C@H](Cc1ccccc1)NC(=O)O[C@H]2CO[C@@H]3[C@H]2CCO3)O)S(=O)(=O)c4ccc(cc4)N
Human immunodeficiency virus 1,3UF3,Y1,A,201,[Y+2]
Human immunodeficiency virus 1,3UF3,Y1,B,202,[Y+2]
Human immunodeficiency virus 1,3UHL,2NC,C,101,CCCC[C@@H](CN[C@@H](CCCC)C(=O)N[C@@H](CCC(=O)N)C(=O)N[C@@H](CCCNC(=[NH2+])N)C(=O)N)NC(=O)[C@H]([C@@H](C)CC)NC(=O)[C@H]([C@@H](C)O)NC(=O)C
Human immunodeficiency virus 1,3V81,NVP,C,901,Cc1ccnc2c1NC(=O)c3cccnc3N2C4CC4
Human immunodeficiency virus 1,3V81,NVP,A,901,Cc1ccnc2c1NC(=O)c3cccnc3N2C4CC4
Human immunodeficiency virus 1,3VF5,031,B,201,COc1ccc(cc1)S(=O)(=O)[N@@](C[C@H]2CCC(=O)N2)C[C@H]([C@H](Cc3ccccc3)NC(=O)O[C@@H]4C[C@@H]5CCO[C@@H]5C4)O
Human immunodeficiency virus 1,3VF7,031,A,201,COc1ccc(cc1)S(=O)(=O)[N@@](C[C@H]2CCC(=O)N2)C[C@H]([C@H](Cc3ccccc3)NC(=O)O[C@@H]4C[C@@H]5CCO[C@@H]5C4)O
Human immunodeficiency virus 1,3VFA,031,A,201,COc1ccc(cc1)S(=O)(=O)[N@@](C[C@H]2CCC(=O)N2)C[C@H]([C@H](Cc3ccccc3)NC(=O)O[C@@H]4C[C@@H]5CCO[C@@H]5C4)O
Human immunodeficiency virus 1,3VFB,031,A,201,COc1ccc(cc1)S(=O)(=O)[N@@](C[C@H]2CCC(=O)N2)C[C@H]([C@H](Cc3ccccc3)NC(=O)O[C@@H]4C[C@@H]5CCO[C@@H]5C4)O
Human immunodeficiency virus 1,3VQ4,0NX,A,305,c1ccc(cc1)c2cc(no2)CO
Human immunodeficiency virus 1,3VQ4,0NX,B,303,c1ccc(cc1)c2cc(no2)CO
Human immunodeficiency virus 1,3VQ4,0NX,A,304,c1ccc(cc1)c2cc(no2)CO
Human immunodeficiency virus 1,3VQ5,MMJ,A,1007,Cc1c(sc(n1)c2ccccc2)CNC
Human immunodeficiency virus 1,3VQ5,MMJ,B,307,Cc1c(sc(n1)c2ccccc2)CNC
Human immunodeficiency virus 1,3VQ6,BCK,A,303,Cn1c(c(cn1)CO)c2ccccc2
Human immunodeficiency virus 1,3VQ8,BCU,B,306,c1ccc2c(c1)C[C@@H](CO2)CO
Human immunodeficiency virus 1,3VQ8,BCU,A,1006,c1ccc2c(c1)C[C@@H](CO2)CO
Human immunodeficiency virus 1,3VQ9,FBB,A,301,c1cc2c(cc1F)sc(n2)N
Human immunodeficiency virus 1,3VQA,MWP,B,303,c1cc2c(cc1N)S(=O)(=O)C=C2
Human immunodeficiency virus 1,3VQB,FBG,A,304,c1c(cc(c2c1COCO2)C(=O)O)F
Human immunodeficiency virus 1,3VQC,MPK,A,304,Cc1c(c(no1)c2ccccc2)CO
Human immunodeficiency virus 1,3VQD,MOK,A,304,Cc1c(c(no1)c2ccccc2)C(=O)O
Human immunodeficiency virus 1,3VQE,FMQ,B,306,Cc1c(cnn1c2ccc(cc2)F)CO
Human immunodeficiency virus 1,3VQE,FMQ,A,1006,Cc1c(cnn1c2ccc(cc2)F)CO
Human immunodeficiency virus 1,3VQP,DBJ,A,306,c1cc(c2c(c1)OCCO2)CO
Human immunodeficiency virus 1,3ZPS,EQM,B,1202,CC(C)(C)[C@@H](C(=O)NCC=C)NC(=O)[C@@](CCCN(Cc1ccc(cc1)Br)NC(=O)[C@H](C(C)(C)C)NC(=O)OC)(Cc2ccccc2)O
Human immunodeficiency virus 1,3ZPT,M8Y,B,1202,CC(C)[C@H]1C(=O)NC/C=C\Cc2ccc(cc2)C[C@@](C(=O)N1)(CCCN(Cc3ccc(cc3)Br)NC(=O)[C@H](C(C)(C)C)NC(=O)OC)O
Human immunodeficiency virus 1,3ZPU,M8B,B,1202,CC(C)(C)[C@H]1C(=O)NC/C=C\Cc2ccc(cc2)C[C@@](C(=O)N1)(CCCN(Cc3ccc(cc3)Br)NC(=O)[C@H](C(C)(C)C)NC(=O)OC)O
Human immunodeficiency virus 1,4B3O,EFZ,A,1557,c1cc2c(cc1Cl)[C@@](OC(=O)N2)(C#CC3CC3)C(F)(F)F
Human immunodeficiency virus 1,4B3Q,NVP,A,999,Cc1ccnc2c1NC(=O)c3cccnc3N2C4CC4
Human immunodeficiency virus 1,4CE9,O3N,A,1214,C=CCN(Cc1ccccc1C(=O)NCC2CCCCC2)Cc3ccc4c(c3C(=O)O)OC[C@@H](O4)CCC(=O)O
Human immunodeficiency virus 1,4CE9,O3N,B,1214,C=CCN(Cc1ccccc1C(=O)NCC2CCCCC2)Cc3ccc4c(c3C(=O)O)OC[C@@H](O4)CCC(=O)O
Human immunodeficiency virus 1,4CEA,ZSW,B,1216,CC[C@@H](C)NC(=O)c1ccccc1C[NH+](CC=C)Cc2ccc3c(c2C(=O)O)OC[C@@H](O3)CCC(=O)O
Human immunodeficiency virus 1,4CEA,ZSW,A,1217,CC[C@@H](C)NC(=O)c1ccccc1C[NH+](CC=C)Cc2ccc3c(c2C(=O)O)OC[C@@H](O3)CCC(=O)O
Human immunodeficiency virus 1,4CEB,ZSV,B,1215,COc1ccc(cc1)CNC(=O)c2ccccc2C[NH+](CC=C)Cc3ccc4c(c3C(=O)O)OC[C@@H](O4)CCC(=O)O
Human immunodeficiency virus 1,4CEB,ZSV,B,1216,COc1ccc(cc1)CNC(=O)c2ccccc2C[NH+](CC=C)Cc3ccc4c(c3C(=O)O)OC[C@@H](O4)CCC(=O)O
Human immunodeficiency virus 1,4CEC,2SS,A,1216,C=CCN(Cc1ccccc1C(=O)NCC2CCC2)Cc3ccc4c(c3C(=O)O)OC[C@@H](O4)CCC(=O)O
Human immunodeficiency virus 1,4CEC,2SS,B,1216,C=CCN(Cc1ccccc1C(=O)NCC2CCC2)Cc3ccc4c(c3C(=O)O)OC[C@@H](O4)CCC(=O)O
Human immunodeficiency virus 1,4CED,9NS,B,1215,C=CCN(Cc1ccccc1C(=O)NCc2ccco2)Cc3ccc4c(c3C(=O)O)OC[C@@H](O4)CCC(=O)O
Human immunodeficiency virus 1,4CED,9NS,B,1216,C=CCN(Cc1ccccc1C(=O)NCc2ccco2)Cc3ccc4c(c3C(=O)O)OC[C@@H](O4)CCC(=O)O
Human immunodeficiency virus 1,4CEE,B0T,A,1215,CC[C@H](C)NC(=O)c1ccccc1CN(C)Cc2ccc3c(c2C(=O)O)OC[C@@H](O3)CCC(=O)O
Human immunodeficiency virus 1,4CEE,B0T,B,1217,CC[C@H](C)NC(=O)c1ccccc1CN(C)Cc2ccc3c(c2C(=O)O)OC[C@@H](O3)CCC(=O)O
Human immunodeficiency virus 1,4CEF,D0T,A,1215,CN(Cc1ccccc1C(=O)NCc2ccccc2)Cc3ccc4c(c3C(=O)O)OC[C@@H](O4)CCC(=O)O
Human immunodeficiency virus 1,4CEF,D0T,B,1215,CN(Cc1ccccc1C(=O)NCc2ccccc2)Cc3ccc4c(c3C(=O)O)OC[C@@H](O4)CCC(=O)O
Human immunodeficiency virus 1,4CEO,G0T,A,1215,CN(Cc1ccccc1C(=O)NCc2ccc(cc2)OC)Cc3ccc4c(c3C(=O)O)OC[C@@H](O4)CCC(=O)O
Human immunodeficiency virus 1,4CEO,G0T,B,1214,CN(Cc1ccccc1C(=O)NCc2ccc(cc2)OC)Cc3ccc4c(c3C(=O)O)OC[C@@H](O4)CCC(=O)O
Human immunodeficiency virus 1,4CEQ,QCH,A,1215,CN(Cc1ccccc1C(=O)NCC2CCCCC2)Cc3ccc4c(c3C(=O)O)OC[C@@H](O4)CCC(=O)O
Human immunodeficiency virus 1,4CEQ,QCH,B,1215,CN(Cc1ccccc1C(=O)NCC2CCCCC2)Cc3ccc4c(c3C(=O)O)OC[C@@H](O4)CCC(=O)O
Human immunodeficiency virus 1,4CER,VL4,A,1215,CN(Cc1ccccc1C(=O)NCC2CCC2)Cc3ccc4c(c3C(=O)O)OC[C@@H](O4)CCC(=O)O
Human immunodeficiency virus 1,4CER,VL4,B,1215,CN(Cc1ccccc1C(=O)NCC2CCC2)Cc3ccc4c(c3C(=O)O)OC[C@@H](O4)CCC(=O)O
Human immunodeficiency virus 1,4CES,NFW,A,1215,CN(Cc1ccccc1C(=O)NCc2ccco2)Cc3ccc4c(c3C(=O)O)OC[C@@H](O4)CCC(=O)O
Human immunodeficiency virus 1,4CES,NFW,B,1214,CN(Cc1ccccc1C(=O)NCc2ccco2)Cc3ccc4c(c3C(=O)O)OC[C@@H](O4)CCC(=O)O
Human immunodeficiency virus 1,4CEZ,O3N,A,1215,C=CCN(Cc1ccccc1C(=O)NCC2CCCCC2)Cc3ccc4c(c3C(=O)O)OC[C@@H](O4)CCC(=O)O
Human immunodeficiency virus 1,4CEZ,O3N,B,1215,C=CCN(Cc1ccccc1C(=O)NCC2CCCCC2)Cc3ccc4c(c3C(=O)O)OC[C@@H](O4)CCC(=O)O
Human immunodeficiency virus 1,4CF0,O5U,A,1213,c1ccc2c(c1)C[C@@H]([C@@H]2Cc3ccc4c(c3C(=O)O)OC[C@H](O4)CCC(=O)O)NC(=O)CCCCCN
Human immunodeficiency virus 1,4CF0,O5U,B,1215,c1ccc2c(c1)C[C@@H]([C@@H]2Cc3ccc4c(c3C(=O)O)OC[C@H](O4)CCC(=O)O)NC(=O)CCCCCN
Human immunodeficiency virus 1,4CF1,IY7,A,1215,c1ccc2c(c1)C[C@@H]([C@@H]2Cc3ccc4c(c3C(=O)O)OC[C@@H](O4)CCC(=O)O)NC(=O)CCCCN
Human immunodeficiency virus 1,4CF1,IY7,B,1217,c1ccc2c(c1)C[C@@H]([C@@H]2Cc3ccc4c(c3C(=O)O)OC[C@@H](O4)CCC(=O)O)NC(=O)CCCCN
Human immunodeficiency virus 1,4CF2,3GM,A,1213,c1ccc2c(c1)C[C@@H]([C@@H]2Cc3ccc4c(c3C(=O)O)OC[C@@H](O4)CCC(=O)O)NC(=O)CCCN
Human immunodeficiency virus 1,4CF2,3GM,B,1213,c1ccc2c(c1)C[C@@H]([C@@H]2Cc3ccc4c(c3C(=O)O)OC[C@@H](O4)CCC(=O)O)NC(=O)CCCN
Human immunodeficiency virus 1,4CF8,V7H,B,1218,c1ccc(cc1)CNC(=O)c2ccccc2CNCc3ccc4c(c3C(=O)O)OC[C@@H](O4)CCC(=O)O
Human immunodeficiency virus 1,4CF8,V7H,A,1217,c1ccc(cc1)CNC(=O)c2ccccc2CNCc3ccc4c(c3C(=O)O)OC[C@@H](O4)CCC(=O)O
Human immunodeficiency virus 1,4CF9,EE2,A,1215,c1ccc\2c(c1)C[C@@H](/C2=C/c3ccc4c(c3C(=O)O)OC[C@H](O4)CCC(=O)O)O
Human immunodeficiency virus 1,4CF9,5EY,A,1214,c1ccc\2c(c1)C[C@H](/C2=C/c3ccc4c(c3C(=O)O)O[C@@H](CO4)CCC(=O)O)O
Human immunodeficiency virus 1,4CF9,EE2,B,1215,c1ccc\2c(c1)C[C@@H](/C2=C/c3ccc4c(c3C(=O)O)OC[C@H](O4)CCC(=O)O)O
Human immunodeficiency virus 1,4CF9,5EY,B,1214,c1ccc\2c(c1)C[C@H](/C2=C/c3ccc4c(c3C(=O)O)O[C@@H](CO4)CCC(=O)O)O
Human immunodeficiency virus 1,4CFA,WOP,B,1214,CN(Cc1ccc2c(c1C(=O)O)OCO2)C(=O)N[C@@H](c3ccccc3)C(=O)NCc4ccccc4
Human immunodeficiency virus 1,4CFA,WOP,A,1214,CN(Cc1ccc2c(c1C(=O)O)OCO2)C(=O)N[C@@H](c3ccccc3)C(=O)NCc4ccccc4
Human immunodeficiency virus 1,4CFB,OM3,A,1217,C[NH+](Cc1ccccc1C(=O)NCC2CCCCC2)Cc3ccc4c(c3C(=O)O)OCO4
Human immunodeficiency virus 1,4CFB,OM3,B,1214,C[NH+](Cc1ccccc1C(=O)NCC2CCCCC2)Cc3ccc4c(c3C(=O)O)OCO4
Human immunodeficiency virus 1,4CFC,7NV,A,1216,CCCCNC(=O)[C@H](c1ccccc1)NC(=O)N(C)Cc2ccc3c(c2C(=O)O)OCO3
Human immunodeficiency virus 1,4CFC,7NV,B,1216,CCCCNC(=O)[C@H](c1ccccc1)NC(=O)N(C)Cc2ccc3c(c2C(=O)O)OCO3
Human immunodeficiency virus 1,4CFD,S8Y,B,1215,CC(C)(C)NC(=O)[C@@H](c1ccccc1)NC(=O)N(C)Cc2ccc3c(c2C(=O)O)OCO3
Human immunodeficiency virus 1,4CFD,S8Y,A,1217,CC(C)(C)NC(=O)[C@@H](c1ccccc1)NC(=O)N(C)Cc2ccc3c(c2C(=O)O)OCO3
Human immunodeficiency virus 1,4CGD,8P3,B,1214,c1ccc2c(c1)CC(=O)N2Cc3ccccc3C(=O)O
Human immunodeficiency virus 1,4CGD,8P3,A,1216,c1ccc2c(c1)CC(=O)N2Cc3ccccc3C(=O)O
Human immunodeficiency virus 1,4CGF,UJ6,A,1216,c1ccc2c(c1)[C@@H](C(=O)N2)Cc3ccc4c(c3C(=O)O)OCO4
Human immunodeficiency virus 1,4CGF,UJ6,B,1219,c1ccc2c(c1)[C@@H](C(=O)N2)Cc3ccc4c(c3C(=O)O)OCO4
Human immunodeficiency virus 1,4CGG,K5Q,B,1217,c1ccc\2c(c1)C/C(=N\O)/C2=C/c3ccc4c(c3C(=O)O)OC[C@@H](O4)CCC(=O)O
Human immunodeficiency virus 1,4CGG,K5Q,B,1218,c1ccc\2c(c1)C/C(=N\O)/C2=C/c3ccc4c(c3C(=O)O)OC[C@@H](O4)CCC(=O)O
Human immunodeficiency virus 1,4CGH,LOZ,B,1213,c1ccc2c(c1)C[C@H]([C@H]2Cc3ccc4c(c3C(=O)O)OCO4)NC(=O)CCCN
Human immunodeficiency virus 1,4CGH,LOZ,A,1216,c1ccc2c(c1)C[C@H]([C@H]2Cc3ccc4c(c3C(=O)O)OCO4)NC(=O)CCCN
Human immunodeficiency virus 1,4CGI,NZL,B,1214,c1ccc2c(c1)C[C@@H]([C@H]2Cc3ccc4c(c3C(=O)O)OCO4)NC(=O)CCCCCN
Human immunodeficiency virus 1,4CGI,NZL,A,1215,c1ccc2c(c1)C[C@@H]([C@H]2Cc3ccc4c(c3C(=O)O)OCO4)NC(=O)CCCCCN
Human immunodeficiency virus 1,4CGJ,NZL,B,1214,c1ccc2c(c1)C[C@@H]([C@H]2Cc3ccc4c(c3C(=O)O)OCO4)NC(=O)CCCCCN
Human immunodeficiency virus 1,4CGJ,NZL,A,1216,c1ccc2c(c1)C[C@@H]([C@H]2Cc3ccc4c(c3C(=O)O)OCO4)NC(=O)CCCCCN
Human immunodeficiency virus 1,4CHN,ONZ,A,1217,c1cc(c2c(c1)OCO2)C(=O)NCC(=O)O
Human immunodeficiency virus 1,4CHN,ONZ,B,1215,c1cc(c2c(c1)OCO2)C(=O)NCC(=O)O
Human immunodeficiency virus 1,4CHO,U2Z,B,1218,Cc1cc(nn1c2ccccc2CN)CO
Human immunodeficiency virus 1,4CHO,U2Z,A,1220,Cc1cc(nn1c2ccccc2CN)CO
Human immunodeficiency virus 1,4CHP,IMV,B,1216,c1ccc2c(c1)CC(=O)N2Cc3ccc4c(c3C(=O)O)OCO4
Human immunodeficiency virus 1,4CHP,IMV,A,1217,c1ccc2c(c1)CC(=O)N2Cc3ccc4c(c3C(=O)O)OCO4
Human immunodeficiency virus 1,4CHP,IMV,B,1217,c1ccc2c(c1)CC(=O)N2Cc3ccc4c(c3C(=O)O)OCO4
Human immunodeficiency virus 1,4CHP,IMV,A,1216,c1ccc2c(c1)CC(=O)N2Cc3ccc4c(c3C(=O)O)OCO4
Human immunodeficiency virus 1,4CHQ,CWU,B,1216,c1ccc2c(c1)C[C@H]([C@H]2Cc3ccc4c(c3C(=O)O)OCO4)O
Human immunodeficiency virus 1,4CHQ,CWU,A,1217,c1ccc2c(c1)C[C@H]([C@H]2Cc3ccc4c(c3C(=O)O)OCO4)O
Human immunodeficiency virus 1,4CHY,C5Q,A,1217,c1ccc2c(c1)c(c[nH]2)Cc3ccc4c(c3C(=O)O)OCO4
Human immunodeficiency virus 1,4CHY,C5Q,B,1214,c1ccc2c(c1)c(c[nH]2)Cc3ccc4c(c3C(=O)O)OCO4
Human immunodeficiency virus 1,4CHY,C5Q,A,1218,c1ccc2c(c1)c(c[nH]2)Cc3ccc4c(c3C(=O)O)OCO4
Human immunodeficiency virus 1,4CHY,C5Q,B,1215,c1ccc2c(c1)c(c[nH]2)Cc3ccc4c(c3C(=O)O)OCO4
Human immunodeficiency virus 1,4CHZ,H75,A,310,c1cc(ccc1N2C=C3CCCCN3C2=O)Br
Human immunodeficiency virus 1,4CIE,Y7N,A,1215,c1ccc\2c(c1)C[C@@H](/C2=C/c3ccc4c(c3C(=O)O)OCO4)NC(=O)CCCCCN
Human immunodeficiency virus 1,4CIE,Y7N,B,1217,c1ccc\2c(c1)C[C@@H](/C2=C/c3ccc4c(c3C(=O)O)OCO4)NC(=O)CCCCCN
Human immunodeficiency virus 1,4CIF,JDX,A,1216,CN(Cc1ccccc1C(=O)NCc2ccc(cc2)OC)Cc3cccc(c3C(=O)O)OC
Human immunodeficiency virus 1,4CIF,JDX,B,1217,CN(Cc1ccccc1C(=O)NCc2ccc(cc2)OC)Cc3cccc(c3C(=O)O)OC
Human immunodeficiency virus 1,4CIG,X0P,A,1217,CN(Cc1cccc(c1C(=O)O)OC)Cc2cc3ccccc3cc2C(=O)NCc4ccc(cc4)OC
Human immunodeficiency virus 1,4CIG,X0P,B,1217,CN(Cc1cccc(c1C(=O)O)OC)Cc2cc3ccccc3cc2C(=O)NCc4ccc(cc4)OC
Human immunodeficiency virus 1,4CJ3,E4F,A,1214,c1ccc2c(c1)C[C@@H]([C@@H]2Cc3ccc4c(c3C(=O)O)OCO4)NC(=O)CCCCN
Human immunodeficiency virus 1,4CJ3,E4F,B,1216,c1ccc2c(c1)C[C@@H]([C@@H]2Cc3ccc4c(c3C(=O)O)OCO4)NC(=O)CCCCN
Human immunodeficiency virus 1,4CJ4,S3G,B,1215,CC(C)C[C@@H](Cc1ccc2c(c1C(=O)O)OCO2)CNC(=O)c3ccncc3
Human immunodeficiency virus 1,4CJ4,S3G,A,1217,CC(C)C[C@@H](Cc1ccc2c(c1C(=O)O)OCO2)CNC(=O)c3ccncc3
Human immunodeficiency virus 1,4CJ5,4VW,B,1214,CC(C)C[C@@H](Cc1ccc2c(c1C(=O)O)OCO2)CNC(=O)c3ccc(cc3)N
Human immunodeficiency virus 1,4CJ5,4VW,A,1216,CC(C)C[C@@H](Cc1ccc2c(c1C(=O)O)OCO2)CNC(=O)c3ccc(cc3)N
Human immunodeficiency virus 1,4CJE,Q31,B,1216,CC(C)C[C@@H](Cc1ccc2c(c1C(=O)O)OCO2)CNC(=O)Cc3c[nH]cn3
Human immunodeficiency virus 1,4CJE,Q31,A,1213,CC(C)C[C@@H](Cc1ccc2c(c1C(=O)O)OCO2)CNC(=O)Cc3c[nH]cn3
Human immunodeficiency virus 1,4CJF,RVN,A,1217,c1ccc2c(c1)/C(=C\c3ccc4c(c3C(=O)O)OCO4)/C(=O)N2
Human immunodeficiency virus 1,4CJF,RVN,B,1217,c1ccc2c(c1)/C(=C\c3ccc4c(c3C(=O)O)OCO4)/C(=O)N2
Human immunodeficiency virus 1,4CJK,H39,B,1217,CC(C)C[C@@H](Cc1ccc2c(c1C(=O)O)OCO2)CNC(=O)Cc3cc[nH]c3
Human immunodeficiency virus 1,4CJK,H39,A,1215,CC(C)C[C@@H](Cc1ccc2c(c1C(=O)O)OCO2)CNC(=O)Cc3cc[nH]c3
Human immunodeficiency virus 1,4CJL,9PA,A,1216,CC(C)C[C@@H](Cc1ccc2c(c1C(=O)O)OCO2)CNC(=O)CCCCN
Human immunodeficiency virus 1,4CJP,4D2,A,1215,CC(C)C[C@@H](Cc1ccc2c(c1C(=O)O)OCO2)CNC(=O)c3cccnc3
Human immunodeficiency virus 1,4CJP,4D2,B,1214,CC(C)C[C@@H](Cc1ccc2c(c1C(=O)O)OCO2)CNC(=O)c3cccnc3
Human immunodeficiency virus 1,4CJQ,VXO,A,1214,CC(C)C[C@@H](Cc1ccc2c(c1C(=O)O)OCO2)CNC(=O)Cc3c[nH]c4c3cccc4
Human immunodeficiency virus 1,4CJQ,VXO,B,1216,CC(C)C[C@@H](Cc1ccc2c(c1C(=O)O)OCO2)CNC(=O)Cc3c[nH]c4c3cccc4
Human immunodeficiency virus 1,4CJR,FYM,A,1215,CN(Cc1cccc(c1C(=O)O)OC)Cc2cc3c(cc2C(=O)NCc4ccc(cc4)OC)OCO3
Human immunodeficiency virus 1,4CJR,FYM,B,1216,CN(Cc1cccc(c1C(=O)O)OC)Cc2cc3c(cc2C(=O)NCc4ccc(cc4)OC)OCO3
Human immunodeficiency virus 1,4CJS,L0Y,B,1217,CN(Cc1ccccc1C(=O)NCC2CCCCC2)Cc3ccc4c(c3C(=O)O)OCCO4
Human immunodeficiency virus 1,4CJS,L0Y,A,1217,CN(Cc1ccccc1C(=O)NCC2CCCCC2)Cc3ccc4c(c3C(=O)O)OCCO4
Human immunodeficiency virus 1,4CJT,HLR,B,1215,c1ccc2c(c1)c(no2)N
Human immunodeficiency virus 1,4CJT,HLR,A,1215,c1ccc2c(c1)c(no2)N
Human immunodeficiency virus 1,4CJU,JNS,A,1217,c1ccc(cc1)/C=C\c2ccc3c(c2C(=O)O)OCO3
Human immunodeficiency virus 1,4CJU,JNS,B,1214,c1ccc(cc1)/C=C\c2ccc3c(c2C(=O)O)OCO3
Human immunodeficiency virus 1,4CJV,IV2,A,1212,Cc1c(ccc2c1nc(s2)N)Cl
Human immunodeficiency virus 1,4CJV,IV2,B,1215,Cc1c(ccc2c1nc(s2)N)Cl
Human immunodeficiency virus 1,4CJW,CBJ,B,1217,c1cc2c(cc1Br)C(=O)C(=O)N2Cc3ccc4c(c3C(=O)O)OCCO4
Human immunodeficiency virus 1,4CJW,CBJ,A,1216,c1cc2c(cc1Br)C(=O)C(=O)N2Cc3ccc4c(c3C(=O)O)OCCO4
Human immunodeficiency virus 1,4CJW,CBJ,B,1218,c1cc2c(cc1Br)C(=O)C(=O)N2Cc3ccc4c(c3C(=O)O)OCCO4
Human immunodeficiency virus 1,4CJW,CBJ,A,1215,c1cc2c(cc1Br)C(=O)C(=O)N2Cc3ccc4c(c3C(=O)O)OCCO4
Human immunodeficiency virus 1,4CK1,OM1,B,1218,COc1ccc(cc1)CNC(=O)c2ccccc2C[NH2+]Cc3ccc4c(c3C(=O)O)OCO4
Human immunodeficiency virus 1,4CK1,OM1,A,1216,COc1ccc(cc1)CNC(=O)c2ccccc2C[NH2+]Cc3ccc4c(c3C(=O)O)OCO4
Human immunodeficiency virus 1,4CK2,NVU,B,1216,c1ccc2c(c1)c(no2)CC(=O)O
Human immunodeficiency virus 1,4CK2,NVU,A,1215,c1ccc2c(c1)c(no2)CC(=O)O
Human immunodeficiency virus 1,4CK2,NVU,B,1217,c1ccc2c(c1)c(no2)CC(=O)O
Human immunodeficiency virus 1,4CK2,NVU,A,1216,c1ccc2c(c1)c(no2)CC(=O)O
Human immunodeficiency virus 1,4CK3,K1T,A,1213,CC(C)C[C@@H](Cc1ccc2c(c1C(=O)O)OCO2)CNC(=O)CCCN
Human immunodeficiency virus 1,4CK3,K1T,B,1216,CC(C)C[C@@H](Cc1ccc2c(c1C(=O)O)OCO2)CNC(=O)CCCN
Human immunodeficiency virus 1,4DFG,0JV,B,201,CC(C)CN(C[C@H]([C@H](Cc1ccccc1)NC(=O)O[C@@H]2C[C@H]3[C@@H](C2)OC[C@H]3NC(=O)OC)O)S(=O)(=O)c4ccc(cc4)OC
Human immunodeficiency virus 1,4DJO,MK5,A,101,CC[C@H](C)CN(C[C@H]([C@H](Cc1ccccc1)NC(=O)OCCNC(=O)C(Cl)Cl)O)S(=O)(=O)c2ccc(cc2)OC
Human immunodeficiency virus 1,4DJP,M73,A,200,CC[C@H](C)CN(C[C@H]([C@H](Cc1ccccc1)NC(=O)OC[C@H](C)C(=O)OC)O)S(=O)(=O)c2ccc(cc2)OC
Human immunodeficiency virus 1,4DJQ,M86,A,200,CC[C@H](C)CN(C[C@H]([C@H](Cc1ccccc1)NC(=O)OCCN2CCNC2=O)O)S(=O)(=O)c3ccc(cc3)OC
Human immunodeficiency virus 1,4DJR,0KJ,A,101,CC[C@H](C)CN(C[C@H]([C@H](Cc1ccccc1)NC(=O)OC[C@@H]2CCC(=O)N2)O)S(=O)(=O)c3ccc4c(c3)scn4
Human immunodeficiency virus 1,4DKO,0LM,C,513,CC1(CC(CC(N1C)(C)C)NC(=O)C(=O)Nc2ccc(c(c2)F)Cl)C
Human immunodeficiency virus 1,4DKO,0LM,A,513,CC1(CC(CC(N1C)(C)C)NC(=O)C(=O)Nc2ccc(c(c2)F)Cl)C
Human immunodeficiency virus 1,4DKP,0LL,A,513,c1ccc2c(c1)C[C@@H]([C@H]2NC(=O)C(=O)Nc3ccc(c(c3)F)Cl)N
Human immunodeficiency virus 1,4DKP,0LL,C,513,c1ccc2c(c1)C[C@@H]([C@H]2NC(=O)C(=O)Nc3ccc(c(c3)F)Cl)N
Human immunodeficiency virus 1,4DKQ,0LK,A,613,[H]/N=C(\N)/N[C@H]1Cc2ccccc2[C@@H]1NC(=O)C(=O)Nc3ccc(c(c3)F)Cl
Human immunodeficiency virus 1,4DKR,0LJ,C,513,[H]/N=C(/N)\N[C@@H]1Cc2ccccc2[C@H]1NC(=O)C(=O)Nc3ccc(c(c3)F)Cl
Human immunodeficiency virus 1,4DKR,0LJ,A,513,[H]/N=C(/N)\N[C@@H]1Cc2ccccc2[C@H]1NC(=O)C(=O)Nc3ccc(c(c3)F)Cl
Human immunodeficiency virus 1,4DKU,0KU,A,512,Cc1c(sc(n1)[C@H]([C@@H]2CCCCN2)NC(=O)C(=O)Nc3ccc(cc3)Cl)CO
Human immunodeficiency virus 1,4DKU,0KU,B,511,Cc1c(sc(n1)[C@H]([C@@H]2CCCCN2)NC(=O)C(=O)Nc3ccc(cc3)Cl)CO
Human immunodeficiency virus 1,4DKV,0KW,A,513,Cc1c(sc(n1)[C@H]([C@@H]2CCCCN2)NC(=O)C(=O)Nc3ccc(cc3)Cl)CCO
Human immunodeficiency virus 1,4DKV,0KW,B,511,Cc1c(sc(n1)[C@H]([C@@H]2CCCCN2)NC(=O)C(=O)Nc3ccc(cc3)Cl)CCO
Human immunodeficiency virus 1,4DMN,0L9,A,305,Cc1c(c(c2cc(ccc2n1)Br)c3ccc(cc3)Cl)[C@@H](C(=O)O)OC
Human immunodeficiency virus 1,4DQB,017,B,101,CC(C)C[N@@](C[C@H]([C@H](Cc1ccccc1)NC(=O)O[C@H]2CO[C@@H]3[C@H]2CCO3)O)S(=O)(=O)c4ccc(cc4)N
Human immunodeficiency virus 1,4DQC,017,A,101,CC(C)C[N@@](C[C@H]([C@H](Cc1ccccc1)NC(=O)O[C@H]2CO[C@@H]3[C@H]2CCO3)O)S(=O)(=O)c4ccc(cc4)N
Human immunodeficiency virus 1,4DQE,017,B,101,CC(C)C[N@@](C[C@H]([C@H](Cc1ccccc1)NC(=O)O[C@H]2CO[C@@H]3[C@H]2CCO3)O)S(=O)(=O)c4ccc(cc4)N
Human immunodeficiency virus 1,4DQF,017,B,101,CC(C)C[N@@](C[C@H]([C@H](Cc1ccccc1)NC(=O)O[C@H]2CO[C@@H]3[C@H]2CCO3)O)S(=O)(=O)c4ccc(cc4)N
Human immunodeficiency virus 1,4DQG,HGU,A,101,C(=N)(N)NO
Human immunodeficiency virus 1,4DQH,017,B,101,CC(C)C[N@@](C[C@H]([C@H](Cc1ccccc1)NC(=O)O[C@H]2CO[C@@H]3[C@H]2CCO3)O)S(=O)(=O)c4ccc(cc4)N
Human immunodeficiency virus 1,4DVR,0LY,G,508,CC1(CC(CC(N1)(C)C)NC(=O)C(=O)Nc2ccc(cc2)Br)C
Human immunodeficiency virus 1,4DVS,0LY,B,512,CC1(CC(CC(N1)(C)C)NC(=O)C(=O)Nc2ccc(cc2)Br)C
Human immunodeficiency virus 1,4DVS,0LY,A,512,CC1(CC(CC(N1)(C)C)NC(=O)C(=O)Nc2ccc(cc2)Br)C
Human immunodeficiency virus 1,4DVT,0LZ,A,512,c1ccc2c(c1)CCN[C@@H]2CNC(=O)C(=O)Nc3ccc(c(c3)F)Cl
Human immunodeficiency virus 1,4DVT,0LZ,B,512,c1ccc2c(c1)CCN[C@@H]2CNC(=O)C(=O)Nc3ccc(c(c3)F)Cl
Human immunodeficiency virus 1,4DVV,0M1,A,513,CC1(O[C@H]([C@@H](O1)CNC(=O)C(=O)Nc2ccc(c(c2)F)Cl)CN)C
Human immunodeficiency virus 1,4DVV,0M1,B,513,CC1(O[C@H]([C@@H](O1)CNC(=O)C(=O)Nc2ccc(c(c2)F)Cl)CN)C
Human immunodeficiency virus 1,4DVW,0M4,A,512,c1cc(c(cc1NC(=O)C(=O)NC[C@@]23CCC[C@@H]2CNC3)F)Cl
Human immunodeficiency virus 1,4DVW,0M4,B,512,c1cc(c(cc1NC(=O)C(=O)NC[C@@]23CCC[C@@H]2CNC3)F)Cl
Human immunodeficiency virus 1,4DVX,0M5,A,512,c1cc(c(cc1NC(=O)C(=O)NC[C@H]2CCN(C2)C3CC3)F)Cl
Human immunodeficiency virus 1,4DVX,0M5,B,512,c1cc(c(cc1NC(=O)C(=O)NC[C@H]2CCN(C2)C3CC3)F)Cl
Human immunodeficiency virus 1,4E1M,TQ2,A,301,Cc1ccc(cc1C)c2c3ccccc3nc(c2[C@@H](C(=O)O)OC(C)(C)C)C
Human immunodeficiency virus 1,4E1N,TQX,A,301,Cc1c(cc(c2c1CCCO2)F)c3c4ccccc4nc(c3[C@@H](C(=O)O)OC(C)(C)C)C
Human immunodeficiency virus 1,4E91,0OE,A,201,c1cc(cc(c1)Cl)c2c(cn[nH]2)c3nc4cc(ccc4n3CCCn5ccnc5)c6ccc(cc6)C(=O)O
Human immunodeficiency virus 1,4E91,0OF,A,202,CCN1c2ccc(cc2N(C(=O)[C@H](C1=O)c3cc(cc(c3)O)c4cccnc4)c5ccccc5)C(F)(F)F
Human immunodeficiency virus 1,4E91,0OE,B,201,c1cc(cc(c1)Cl)c2c(cn[nH]2)c3nc4cc(ccc4n3CCCn5ccnc5)c6ccc(cc6)C(=O)O
Human immunodeficiency virus 1,4E92,0OG,A,202,CCc1cc(n(n1)c2ccc3c(c2)nc(n3CC4=CNC(=O)C=C4)c5cc(ccc5O)C(=O)O)c6ccc(o6)C
Human immunodeficiency virus 1,4E92,0OG,B,202,CCc1cc(n(n1)c2ccc3c(c2)nc(n3CC4=CNC(=O)C=C4)c5cc(ccc5O)C(=O)O)c6ccc(o6)C
Human immunodeficiency virus 1,4E92,0OE,A,201,c1cc(cc(c1)Cl)c2c(cn[nH]2)c3nc4cc(ccc4n3CCCn5ccnc5)c6ccc(cc6)C(=O)O
Human immunodeficiency virus 1,4E92,0OE,B,201,c1cc(cc(c1)Cl)c2c(cn[nH]2)c3nc4cc(ccc4n3CCCn5ccnc5)c6ccc(cc6)C(=O)O
Human immunodeficiency virus 1,4EJ8,1F1,A,106,c1cc(cc2c1cc[nH]2)C(=O)O
Human immunodeficiency virus 1,4EJD,1F1,A,102,c1cc(cc2c1cc[nH]2)C(=O)O
Human immunodeficiency virus 1,4EJK,IOP,A,101,c1ccc2c(c1)c(c[nH]2)CCC(=O)O
Human immunodeficiency virus 1,4EJL,IOP,A,106,c1ccc2c(c1)c(c[nH]2)CCC(=O)O
Human immunodeficiency virus 1,4EYR,RIT,B,301,CC(C)c1nc(cs1)CN(C)C(=O)N[C@@H](C(C)C)C(=O)N[C@@H](Cc2ccccc2)C[C@@H]([C@H](Cc3ccccc3)NC(=O)OCc4cncs4)O
Human immunodeficiency virus 1,4FE6,0TQ,A,200,CC(C)CN(C[C@H]([C@H](Cc1ccccc1)NC(=O)O[C@H]2CO[C@@H]3[C@H]2CCO3)O)S(=O)(=O)c4ccc5c(c4)/C(=C(\C)/NC)/C(=O)N5
Human immunodeficiency virus 1,4FL8,IL0,D,363,CC[C@H](C)[C@@H](C(O)O)N
Human immunodeficiency virus 1,4FL8,IL0,C,263,CC[C@H](C)[C@@H](C(O)O)N
Human immunodeficiency virus 1,4FLG,ILE,B,101,CC[C@H](C)[C@@H](C(=O)O)N
Human immunodeficiency virus 1,4G1Q,T27,A,601,Cc1cc(cc(c1Nc2ccnc(n2)Nc3ccc(cc3)C#N)C)/C=C/C#N
Human immunodeficiency virus 1,4GB2,0LQ,B,101,c1ccc(cc1)C(c2ccccc2)N3[C@H]4CNC[C@@H]4N(C(=O)C3=O)C(c5ccccc5)c6ccccc6
Human immunodeficiency virus 1,4GVM,LF2,A,303,Cc1c(c(c2cc(ccc2n1)Br)c3ccc(cc3)Cl)[C@@H](C(=O)O)OC(C)(C)C
Human immunodeficiency virus 1,4GW6,LF2,A,303,Cc1c(c(c2cc(ccc2n1)Br)c3ccc(cc3)Cl)[C@@H](C(=O)O)OC(C)(C)C
Human immunodeficiency virus 1,4GYE,PUK,C,3,c1ccc(cc1)C[C@@H](CN[C@@H](Cc2ccccc2)C(=O)O)N
Human immunodeficiency virus 1,4GZF,DC0,C,3,CC(C)C[C@@H](CN[C@@H](Cc1ccccc1)C(=O)O)N
Human immunodeficiency virus 1,4H4M,494,A,601,c1cc(c(cc1Cl)OCCN2C=CC(=O)NC2=O)Oc3cc(cc(c3)Cl)/C=C/C#N
Human immunodeficiency virus 1,4H4O,506,A,601,c1cc(c(cc1F)OCCN2C=CC(=O)NC2=O)Oc3cc(cc(c3)F)/C=C/C#N
Human immunodeficiency virus 1,4HDB,G52,A,401,CC(C)C[N@@](C[C@H]([C@H](Cc1ccccc1)NC(=O)O[C@H]2CO[C@@H]3[C@H]2[C@H]4CCO[C@H]4O3)O)S(=O)(=O)c5ccc(cc5)OC
Human immunodeficiency virus 1,4HDF,G52,A,401,CC(C)C[N@@](C[C@H]([C@H](Cc1ccccc1)NC(=O)O[C@H]2CO[C@@H]3[C@H]2[C@H]4CCO[C@H]4O3)O)S(=O)(=O)c5ccc(cc5)OC
Human immunodeficiency virus 1,4HDP,G52,B,401,CC(C)C[N@@](C[C@H]([C@H](Cc1ccccc1)NC(=O)O[C@H]2CO[C@@H]3[C@H]2[C@H]4CCO[C@H]4O3)O)S(=O)(=O)c5ccc(cc5)OC
Human immunodeficiency virus 1,4HE9,G52,A,401,CC(C)C[N@@](C[C@H]([C@H](Cc1ccccc1)NC(=O)O[C@H]2CO[C@@H]3[C@H]2[C@H]4CCO[C@H]4O3)O)S(=O)(=O)c5ccc(cc5)OC
Human immunodeficiency virus 1,4HEG,G52,A,401,CC(C)C[N@@](C[C@H]([C@H](Cc1ccccc1)NC(=O)O[C@H]2CO[C@@H]3[C@H]2[C@H]4CCO[C@H]4O3)O)S(=O)(=O)c5ccc(cc5)OC
Human immunodeficiency virus 1,4HLA,017,A,200,CC(C)C[N@@](C[C@H]([C@H](Cc1ccccc1)NC(=O)O[C@H]2CO[C@@H]3[C@H]2CCO3)O)S(=O)(=O)c4ccc(cc4)N
Human immunodeficiency virus 1,4HVP,2NC,B,0,CCCC[C@@H](CN[C@@H](CCCC)C(=O)N[C@@H](CCC(=O)N)C(=O)N[C@@H](CCCNC(=[NH2+])N)C(=O)N)NC(=O)[C@H]([C@@H](C)CC)NC(=O)[C@H]([C@@H](C)O)NC(=O)C
Human immunodeficiency virus 1,4I2P,G73,A,601,Cc1cc(cc(c1Nc2nc3c(c(n2)Nc4ccc(cc4)OC)[nH]cn3)C)/C=C/C#N
Human immunodeficiency virus 1,4I2Q,1BT,A,601,Cc1cc(cc(c1Nc2nc3c(c(n2)Nc4ccc5c(c4)ncs5)nc[nH]3)C)/C=C/C#N
Human immunodeficiency virus 1,4I53,1C1,B,501,c1ccc2c(c1)C[C@@H]([C@H]2NC(=O)C(=O)Nc3ccc(c(c3)F)Cl)CNC(=[NH2+])N
Human immunodeficiency virus 1,4I53,1C1,A,501,c1ccc2c(c1)C[C@@H]([C@H]2NC(=O)C(=O)Nc3ccc(c(c3)F)Cl)CNC(=[NH2+])N
Human immunodeficiency virus 1,4I54,1C1,A,501,c1ccc2c(c1)C[C@@H]([C@H]2NC(=O)C(=O)Nc3ccc(c(c3)F)Cl)CNC(=[NH2+])N
Human immunodeficiency virus 1,4I54,1C1,B,501,c1ccc2c(c1)C[C@@H]([C@H]2NC(=O)C(=O)Nc3ccc(c(c3)F)Cl)CNC(=[NH2+])N
Human immunodeficiency virus 1,4I7F,NVE,A,601,CCN1c2c(cccn2)N(C(=O)c3c1ncc(c3)CCc4ccc(cc4)OCP(=O)(OCC)OCC)C
Human immunodeficiency virus 1,4I8W,G07,B,300,CC(C)CN(C[C@H]([C@H](Cc1ccccc1)NC(=O)O[C@H]2CO[C@@H]3[C@H]2CCO3)O)S(=O)(=O)c4ccc(cc4)C(=O)O
Human immunodeficiency virus 1,4I8Z,G08,A,101,CC(C)CN(C[C@H]([C@H](Cc1ccccc1)NC(=O)O[C@H]2CO[C@@H]3[C@H]2CCO3)O)S(=O)(=O)c4ccc(cc4)C(=O)N
Human immunodeficiency virus 1,4ICL,14N,A,607,CN1CCN(CC1)c2ccc(cc2)C(=O)O
Human immunodeficiency virus 1,4ICL,T27,A,601,Cc1cc(cc(c1Nc2ccnc(n2)Nc3ccc(cc3)C#N)C)/C=C/C#N
Human immunodeficiency virus 1,4ID1,LF0,A,301,Cc1c(c(c2ccccc2n1)c3ccc4c(c3)CCCO4)[C@@H](C(=O)O)OC(C)(C)C
Human immunodeficiency virus 1,4ID5,1FF,A,609,Cn1c(c(cn1)C(=O)O)c2ccccc2
Human immunodeficiency virus 1,4ID5,T27,A,601,Cc1cc(cc(c1Nc2ccnc(n2)Nc3ccc(cc3)C#N)C)/C=C/C#N
Human immunodeficiency virus 1,4IDK,T27,A,601,Cc1cc(cc(c1Nc2ccnc(n2)Nc3ccc(cc3)C#N)C)/C=C/C#N
Human immunodeficiency virus 1,4IDK,1FE,A,602,c1cc2c(cc1NC(=O)CN)NC(=O)N2
Human immunodeficiency virus 1,4IFV,FMQ,A,602,Cc1c(cnn1c2ccc(cc2)F)CO
Human immunodeficiency virus 1,4IFV,FMQ,B,501,Cc1c(cnn1c2ccc(cc2)F)CO
Human immunodeficiency virus 1,4IFV,T27,A,601,Cc1cc(cc(c1Nc2ccnc(n2)Nc3ccc(cc3)C#N)C)/C=C/C#N
Human immunodeficiency virus 1,4IFY,1FD,A,611,c1cc(ccc1CN)OC(F)(F)F
Human immunodeficiency virus 1,4IFY,T27,A,601,Cc1cc(cc(c1Nc2ccnc(n2)Nc3ccc(cc3)C#N)C)/C=C/C#N
Human immunodeficiency virus 1,4IG0,1FG,A,602,CN(CC1=NC(=O)c2ccccc2N1)CC(=O)N3CCCc4c3cccc4
Human immunodeficiency virus 1,4IG0,1FG,A,601,CN(CC1=NC(=O)c2ccccc2N1)CC(=O)N3CCCc4c3cccc4
Human immunodeficiency virus 1,4IG3,J94,A,609,C[N+]1(CCc2cc3c(cc2[C@H]1[C@H]4c5ccc6c(c5C(=O)O4)OCO6)OCO3)C
Human immunodeficiency virus 1,4IG3,T27,A,601,Cc1cc(cc(c1Nc2ccnc(n2)Nc3ccc(cc3)C#N)C)/C=C/C#N
Human immunodeficiency virus 1,4INB,1F6,A,201,CN1c2ccc(cc2N(C(=O)/C(=C\NCCOC)/C1=O)c3ccccc3)C(F)(F)F
Human immunodeficiency virus 1,4J54,G52,A,201,CC(C)C[N@@](C[C@H]([C@H](Cc1ccccc1)NC(=O)O[C@H]2CO[C@@H]3[C@H]2[C@H]4CCO[C@H]4O3)O)S(=O)(=O)c5ccc(cc5)OC
Human immunodeficiency virus 1,4J54,G52,B,101,CC(C)C[N@@](C[C@H]([C@H](Cc1ccccc1)NC(=O)O[C@H]2CO[C@@H]3[C@H]2[C@H]4CCO[C@H]4O3)O)S(=O)(=O)c5ccc(cc5)OC
Human immunodeficiency virus 1,4J55,031,A,202,COc1ccc(cc1)S(=O)(=O)[N@@](C[C@H]2CCC(=O)N2)C[C@H]([C@H](Cc3ccccc3)NC(=O)O[C@@H]4C[C@@H]5CCO[C@@H]5C4)O
Human immunodeficiency virus 1,4J55,031,A,201,COc1ccc(cc1)S(=O)(=O)[N@@](C[C@H]2CCC(=O)N2)C[C@H]([C@H](Cc3ccccc3)NC(=O)O[C@@H]4C[C@@H]5CCO[C@@H]5C4)O
Human immunodeficiency virus 1,4J5J,478,B,402,CC(C)C[N@](C[C@H]([C@H](Cc1ccccc1)NC(=O)O[C@H]2CCOC2)O)S(=O)(=O)c3ccc(cc3)N
Human immunodeficiency virus 1,4J5J,478,B,401,CC(C)C[N@](C[C@H]([C@H](Cc1ccccc1)NC(=O)O[C@H]2CCOC2)O)S(=O)(=O)c3ccc(cc3)N
Human immunodeficiency virus 1,4J93,0OE,A,201,c1cc(cc(c1)Cl)c2c(cn[nH]2)c3nc4cc(ccc4n3CCCn5ccnc5)c6ccc(cc6)C(=O)O
Human immunodeficiency virus 1,4J93,1JR,A,202,c1ccc(cc1)c2c3c(n[nH]2)C(=O)N[C@H]3c4cccnc4
Human immunodeficiency virus 1,4JEC,478,B,401,CC(C)C[N@](C[C@H]([C@H](Cc1ccccc1)NC(=O)O[C@H]2CCOC2)O)S(=O)(=O)c3ccc(cc3)N
Human immunodeficiency virus 1,4JLH,0L9,A,301,Cc1c(c(c2cc(ccc2n1)Br)c3ccc(cc3)Cl)[C@@H](C(=O)O)OC
Human immunodeficiency virus 1,4JMU,1ML,A,202,CC1CCC(CC1)C(=O)N(c2ccc(cc2C(=O)O)Oc3ccc(cc3)NC(=O)c4ccc(cc4)OC)C(C)C
Human immunodeficiency virus 1,4K0A,1OP,R,23,c1cc(ccc1C[C@@H](C(=O)O)N)OCCCCCO
Human immunodeficiency virus 1,4K4P,3TL,B,101,C[C@@H](C(=O)N[C@@H](C(C)C)C(=O)N[C@@H](Cc1ccccc1)[C@H]([C@@H]([C@H](Cc2ccccc2)NC(=O)[C@H](C(C)C)NC(=O)[C@H](C)NC(=O)OCc3ccccc3)O)O)NC(=O)OCc4ccccc4
Human immunodeficiency virus 1,4K4Q,06B,B,103,COc1ccc(c(c1C(=O)O)OC)Br
Human immunodeficiency virus 1,4K4Q,3TL,A,108,C[C@@H](C(=O)N[C@@H](C(C)C)C(=O)N[C@@H](Cc1ccccc1)[C@H]([C@@H]([C@H](Cc2ccccc2)NC(=O)[C@H](C(C)C)NC(=O)[C@H](C)NC(=O)OCc3ccccc3)O)O)NC(=O)OCc4ccccc4
Human immunodeficiency virus 1,4K4Q,06B,B,104,COc1ccc(c(c1C(=O)O)OC)Br
Human immunodeficiency virus 1,4K4Q,06B,B,102,COc1ccc(c(c1C(=O)O)OC)Br
Human immunodeficiency virus 1,4K4R,27B,B,102,c1ccc2c(c1)ccc(c2Br)C(=O)O
Human immunodeficiency virus 1,4K4R,3TL,A,106,C[C@@H](C(=O)N[C@@H](C(C)C)C(=O)N[C@@H](Cc1ccccc1)[C@H]([C@@H]([C@H](Cc2ccccc2)NC(=O)[C@H](C(C)C)NC(=O)[C@H](C)NC(=O)OCc3ccccc3)O)O)NC(=O)OCc4ccccc4
Human immunodeficiency virus 1,4K4R,27B,A,102,c1ccc2c(c1)ccc(c2Br)C(=O)O
Human immunodeficiency virus 1,4KB9,G79,A,201,CC(C)CN(C[C@H]([C@H](Cc1ccccc1)NC(=O)O[C@H]2CCC[C@@H]3[C@H]2[C@H]4CCO[C@H]4O3)O)S(=O)(=O)c5ccc(cc5)OC
Human immunodeficiency virus 1,4KFB,T27,A,607,Cc1cc(cc(c1Nc2ccnc(n2)Nc3ccc(cc3)C#N)C)/C=C/C#N
Human immunodeficiency virus 1,4KFB,1QP,A,601,CCOC(=O)c1cnn2c1cccc2
Human immunodeficiency virus 1,4KKO,1RE,A,601,CC(C)CCOc1cc(ccc1C#N)Nc2nc(nc(n2)OCCN3CCOCC3)OC
Human immunodeficiency virus 1,4KO0,JLJ,A,601,CC(=CCOc1cc(ccc1C#N)Nc2nccc(n2)OC)C
Human immunodeficiency virus 1,4KV8,1WT,A,602,CCN1c2c(cccn2)N(C(=O)c3c1ncc(c3)CCOC4=CC=[N](c5c4cccc5)O)C
Human immunodeficiency virus 1,4L1A,AB1,A,101,Cc1cccc(c1OCC(=O)N[C@@H](Cc2ccccc2)[C@H](C[C@H](Cc3ccccc3)NC(=O)[C@H](C(C)C)N4CCCNC4=O)O)C
Human immunodeficiency virus 1,4LH5,LF0,A,301,Cc1c(c(c2ccccc2n1)c3ccc4c(c3)CCCO4)[C@@H](C(=O)O)OC(C)(C)C
Human immunodeficiency virus 1,4LL3,017,A,201,CC(C)C[N@@](C[C@H]([C@H](Cc1ccccc1)NC(=O)O[C@H]2CO[C@@H]3[C@H]2CCO3)O)S(=O)(=O)c4ccc(cc4)N
Human immunodeficiency virus 1,4LL3,017,A,202,CC(C)C[N@@](C[C@H]([C@H](Cc1ccccc1)NC(=O)O[C@H]2CO[C@@H]3[C@H]2CCO3)O)S(=O)(=O)c4ccc(cc4)N
Human immunodeficiency virus 1,4LSL,1YQ,A,601,c1cc(cc(c1)Oc2ccc(cc2OCCN3C=CC(=O)NC3=O)Cl)/C=C/C#N
Human immunodeficiency virus 1,4LSN,1YR,A,601,c1cc(c(cc1Cl)OCCN2C=CC(=O)NC2=O)Oc3cc(cc(c3)Br)/C=C/C#N
Human immunodeficiency virus 1,4M8X,KGQ,B,101,CCOP(=O)(COc1ccc(cc1)C[C@@H]([C@@H](C[N@](CC(C)C)S(=O)(=O)c2ccc(cc2)OC)O)NC(=O)O[C@H]3CO[C@@H]4[C@H]3CCO4)OCC
Human immunodeficiency virus 1,4M8X,KGQ,B,102,CCOP(=O)(COc1ccc(cc1)C[C@@H]([C@@H](C[N@](CC(C)C)S(=O)(=O)c2ccc(cc2)OC)O)NC(=O)O[C@H]3CO[C@@H]4[C@H]3CCO4)OCC
Human immunodeficiency virus 1,4M8Y,KGQ,A,202,CCOP(=O)(COc1ccc(cc1)C[C@@H]([C@@H](C[N@](CC(C)C)S(=O)(=O)c2ccc(cc2)OC)O)NC(=O)O[C@H]3CO[C@@H]4[C@H]3CCO4)OCC
Human immunodeficiency virus 1,4M8Y,KGQ,A,201,CCOP(=O)(COc1ccc(cc1)C[C@@H]([C@@H](C[N@](CC(C)C)S(=O)(=O)c2ccc(cc2)OC)O)NC(=O)O[C@H]3CO[C@@H]4[C@H]3CCO4)OCC
Human immunodeficiency virus 1,4MC1,526,A,102,CC(C)(C)[C@@H]1Cc2cc(ccc2S(=O)(=O)N(C1)C[C@H]([C@H](Cc3ccccc3)NC(=O)O[C@H]4CCOC4)O)F
Human immunodeficiency virus 1,4MC1,526,B,102,CC(C)(C)[C@@H]1Cc2cc(ccc2S(=O)(=O)N(C1)C[C@H]([C@H](Cc3ccccc3)NC(=O)O[C@H]4CCOC4)O)F
Human immunodeficiency virus 1,4MC2,525,A,101,CC(C)(C)[C@H]1Cc2cc(ccc2S(=O)(=O)N(C1)C[C@H]([C@H](Cc3ccccc3)NC(=O)O[C@H]4CCOC4)O)F
Human immunodeficiency virus 1,4MC2,525,B,101,CC(C)(C)[C@H]1Cc2cc(ccc2S(=O)(=O)N(C1)C[C@H]([C@H](Cc3ccccc3)NC(=O)O[C@H]4CCOC4)O)F
Human immunodeficiency virus 1,4MC6,23K,A,101,CC(C)[C@H]1Cc2cc(ccc2S(=O)(=O)N(C1)C[C@H]([C@H](Cc3ccccc3)NC(=O)NC(C)(C)C)O)F
Human immunodeficiency virus 1,4MC9,23L,A,101,CC(C)[C@H]1Cc2cc(ccc2S(=O)(=O)N(C1)C[C@H]([C@H](Cc3ccccc3)NC(=O)O[C@H]4CCOC4)O)F
Human immunodeficiency virus 1,4MC9,23L,B,101,CC(C)[C@H]1Cc2cc(ccc2S(=O)(=O)N(C1)C[C@H]([C@H](Cc3ccccc3)NC(=O)O[C@H]4CCOC4)O)F
Human immunodeficiency virus 1,4MFB,29T,A,601,c1ccc(c(c1)OCCN2C=CC(=O)NC2=O)Oc3cccn4c3cc(c4)C#N
Human immunodeficiency virus 1,4NCG,2KW,A,601,CN1C(=NNC1=O)CN2C=CC(=C(C2=O)Oc3cc(cc(c3)Cl)C#N)C(F)(F)F
Human immunodeficiency virus 1,4NJS,G08,D,500,CC(C)CN(C[C@H]([C@H](Cc1ccccc1)NC(=O)O[C@H]2CO[C@@H]3[C@H]2CCO3)O)S(=O)(=O)c4ccc(cc4)C(=O)N
Human immunodeficiency virus 1,4NJS,G08,B,500,CC(C)CN(C[C@H]([C@H](Cc1ccccc1)NC(=O)O[C@H]2CO[C@@H]3[C@H]2CCO3)O)S(=O)(=O)c4ccc(cc4)C(=O)N
Human immunodeficiency virus 1,4NJT,017,B,101,CC(C)C[N@@](C[C@H]([C@H](Cc1ccccc1)NC(=O)O[C@H]2CO[C@@H]3[C@H]2CCO3)O)S(=O)(=O)c4ccc(cc4)N
Human immunodeficiency virus 1,4NJT,017,D,101,CC(C)C[N@@](C[C@H]([C@H](Cc1ccccc1)NC(=O)O[C@H]2CO[C@@H]3[C@H]2CCO3)O)S(=O)(=O)c4ccc(cc4)N
Human immunodeficiency virus 1,4NJU,TPV,C,500,CCC[C@]1(CC(=C(C(=O)O1)[C@H](CC)c2cccc(c2)NS(=O)(=O)c3ccc(cn3)C(F)(F)F)O)CCc4ccccc4
Human immunodeficiency virus 1,4NJU,TPV,A,500,CCC[C@]1(CC(=C(C(=O)O1)[C@H](CC)c2cccc(c2)NS(=O)(=O)c3ccc(cn3)C(F)(F)F)O)CCc4ccccc4
Human immunodeficiency virus 1,4NJV,RIT,D,500,CC(C)c1nc(cs1)CN(C)C(=O)N[C@@H](C(C)C)C(=O)N[C@@H](Cc2ccccc2)C[C@@H]([C@H](Cc3ccccc3)NC(=O)OCc4cncs4)O
Human immunodeficiency virus 1,4NJV,RIT,A,500,CC(C)c1nc(cs1)CN(C)C(=O)N[C@@H](C(C)C)C(=O)N[C@@H](Cc2ccccc2)C[C@@H]([C@H](Cc3ccccc3)NC(=O)OCc4cncs4)O
Human immunodeficiency virus 1,4NPT,017,A,401,CC(C)C[N@@](C[C@H]([C@H](Cc1ccccc1)NC(=O)O[C@H]2CO[C@@H]3[C@H]2CCO3)O)S(=O)(=O)c4ccc(cc4)N
Human immunodeficiency virus 1,4NX4,JPR,C,204,Cc1ccc(cc1Cl)NC(=O)NCCSCc2ccc(o2)CN(C)C
Human immunodeficiency virus 1,4NYF,4BI,A,301,Cc1c(c(c2ccccc2n1)c3ccc(cc3)Cl)[C@@H](C(=O)O)OC(C)(C)C
Human immunodeficiency virus 1,4O0J,LF8,A,301,Cc1ccc(cc1C)c2c(c(c(c(n2)C)[C@@H](C(=O)O)OC(C)(C)C)c3ccc(cc3)Cl)C
Human immunodeficiency virus 1,4O44,2RS,A,601,Cc1cc(c(c(c1)C)Nc2nc(nc(n2)OCCCN3CCOCC3)Nc4ccc(cc4)C#N)C
Human immunodeficiency virus 1,4O4G,2RT,A,601,Cc1cc(c(c(c1)C)Nc2ncnc(n2)Nc3ccc(cc3)C#N)C
Human immunodeficiency virus 1,4O55,LF9,A,301,Cc1c(c(c(nc1c2[nH]c3ccc(cc3n2)Cl)C)[C@@H](C(=O)O)OC(C)(C)C)c4ccccc4
Human immunodeficiency virus 1,4O5B,LF9,A,301,Cc1c(c(c(nc1c2[nH]c3ccc(cc3n2)Cl)C)[C@@H](C(=O)O)OC(C)(C)C)c4ccccc4
Human immunodeficiency virus 1,4OJR,2SQ,A,301,Cc1c(cc(c2c1CCCO2)F)C3=C(N(C(=O)c4c3cccc4)C)[C@@H](C(=O)O)OC(C)(C)C
Human immunodeficiency virus 1,4OR5,YT3,E,102,[Y+3]
Human immunodeficiency virus 1,4OR5,YT3,B,303,[Y+3]
Human immunodeficiency virus 1,4OR5,YT3,G,303,[Y+3]
Human immunodeficiency virus 1,4OR5,YT3,J,101,[Y+3]
Human immunodeficiency virus 1,4OR5,YT3,E,101,[Y+3]
Human immunodeficiency virus 1,4OR5,YT3,F,402,[Y+3]
Human immunodeficiency virus 1,4OR5,YT3,F,404,[Y+3]
Human immunodeficiency virus 1,4OR5,YT3,A,401,[Y+3]
Human immunodeficiency virus 1,4OR5,YT3,B,301,[Y+3]
Human immunodeficiency virus 1,4OR5,YT3,A,403,[Y+3]
Human immunodeficiency virus 1,4OR5,YT3,G,301,[Y+3]
Human immunodeficiency virus 1,4OR5,YT3,F,401,[Y+3]
Human immunodeficiency virus 1,4OR5,YT3,G,302,[Y+3]
Human immunodeficiency virus 1,4OR5,YT3,B,302,[Y+3]
Human immunodeficiency virus 1,4OR5,YT3,F,403,[Y+3]
Human immunodeficiency virus 1,4OR5,YT3,A,402,[Y+3]
Human immunodeficiency virus 1,4OVL,1TD,B,308,c1ccc2c(c1)/C(=C\c3cccc(c3)C(=O)O)/C(=O)N2
Human immunodeficiency virus 1,4OVL,1TD,A,308,c1ccc2c(c1)/C(=C\c3cccc(c3)C(=O)O)/C(=O)N2
Human immunodeficiency virus 1,4PHV,VAC,B,100,c1ccc(cc1)C[C@H](CC(C[C@@H](Cc2ccccc2)C(=O)N[C@H]3c4ccccc4C[C@H]3O)O)C(=O)N[C@H]5c6ccccc6C[C@H]5O
Human immunodeficiency virus 1,4PHV,VAC,B,101,c1ccc(cc1)C[C@H](CC(C[C@@H](Cc2ccccc2)C(=O)N[C@H]3c4ccccc4C[C@H]3O)O)C(=O)N[C@H]5c6ccccc6C[C@H]5O
Human immunodeficiency virus 1,4PUO,NVP,C,901,Cc1ccnc2c1NC(=O)c3cccnc3N2C4CC4
Human immunodeficiency virus 1,4PUO,NVP,A,901,Cc1ccnc2c1NC(=O)c3cccnc3N2C4CC4
Human immunodeficiency virus 1,4PWD,NVP,A,901,Cc1ccnc2c1NC(=O)c3cccnc3N2C4CC4
Human immunodeficiency virus 1,4PWD,NVP,C,901,Cc1ccnc2c1NC(=O)c3cccnc3N2C4CC4
Human immunodeficiency virus 1,4Q0B,NVP,C,901,Cc1ccnc2c1NC(=O)c3cccnc3N2C4CC4
Human immunodeficiency virus 1,4Q0B,NVP,A,901,Cc1ccnc2c1NC(=O)c3cccnc3N2C4CC4
Human immunodeficiency virus 1,4Q1W,017,A,104,CC(C)C[N@@](C[C@H]([C@H](Cc1ccccc1)NC(=O)O[C@H]2CO[C@@H]3[C@H]2CCO3)O)S(=O)(=O)c4ccc(cc4)N
Human immunodeficiency virus 1,4Q1X,017,A,101,CC(C)C[N@@](C[C@H]([C@H](Cc1ccccc1)NC(=O)O[C@H]2CO[C@@H]3[C@H]2CCO3)O)S(=O)(=O)c4ccc(cc4)N
Human immunodeficiency virus 1,4Q1Y,017,A,106,CC(C)C[N@@](C[C@H]([C@H](Cc1ccccc1)NC(=O)O[C@H]2CO[C@@H]3[C@H]2CCO3)O)S(=O)(=O)c4ccc(cc4)N
Human immunodeficiency virus 1,4Q5M,ROC,A,1101,CC(C)(C)NC(=O)[C@@H]1C[C@@H]2CCCC[C@@H]2C[N@]1C[C@H]([C@H](Cc3ccccc3)NC(=O)[C@H](CC(=O)N)NC(=O)c4ccc5ccccc5n4)O
Human immunodeficiency virus 1,4QAG,F95,B,603,c1cc(c(c2c1C(=CC(=O)O2)CC(=O)O)O)O
Human immunodeficiency virus 1,4QAG,F95,A,603,c1cc(c(c2c1C(=CC(=O)O2)CC(=O)O)O)O
Human immunodeficiency virus 1,4QGI,ROC,A,101,CC(C)(C)NC(=O)[C@@H]1C[C@@H]2CCCC[C@@H]2C[N@]1C[C@H]([C@H](Cc3ccccc3)NC(=O)[C@H](CC(=O)N)NC(=O)c4ccc5ccccc5n4)O
Human immunodeficiency virus 1,4QNB,1B0,A,301,Cc1c(c2ccccc2[nH]1)CC(=O)N[C@@H](Cc3ccccc3)C(=O)N(C)c4ccccc4
Human immunodeficiency virus 1,4R5P,3JY,C,602,CC1=CN(C(=O)NC1=O)[C@@H]2CC[C@@H](C2)O[C@@H](C(=O)OC)P(=O)(O)O
Human immunodeficiency virus 1,4R5P,3JY,A,602,CC1=CN(C(=O)NC1=O)[C@@H]2CC[C@@H](C2)O[C@@H](C(=O)OC)P(=O)(O)O
Human immunodeficiency virus 1,4RVI,G52,C,500,CC(C)C[N@@](C[C@H]([C@H](Cc1ccccc1)NC(=O)O[C@H]2CO[C@@H]3[C@H]2[C@H]4CCO[C@H]4O3)O)S(=O)(=O)c5ccc(cc5)OC
Human immunodeficiency virus 1,4RVI,G52,A,500,CC(C)C[N@@](C[C@H]([C@H](Cc1ccccc1)NC(=O)O[C@H]2CO[C@@H]3[C@H]2[C@H]4CCO[C@H]4O3)O)S(=O)(=O)c5ccc(cc5)OC
Human immunodeficiency virus 1,4RVJ,478,B,101,CC(C)C[N@](C[C@H]([C@H](Cc1ccccc1)NC(=O)O[C@H]2CCOC2)O)S(=O)(=O)c3ccc(cc3)N
Human immunodeficiency virus 1,4RVJ,478,D,101,CC(C)C[N@](C[C@H]([C@H](Cc1ccccc1)NC(=O)O[C@H]2CCOC2)O)S(=O)(=O)c3ccc(cc3)N
Human immunodeficiency virus 1,4RVX,79G,D,500,CC(C)CN(C[C@@H]([C@H](Cc1ccccc1)NC(=O)c2ccc3c(c2)[C@H](CCO3)N)O)S(=O)(=O)c4ccc(cc4)OC
Human immunodeficiency virus 1,4RVX,79G,A,500,CC(C)CN(C[C@@H]([C@H](Cc1ccccc1)NC(=O)c2ccc3c(c2)[C@H](CCO3)N)O)S(=O)(=O)c4ccc(cc4)OC
Human immunodeficiency virus 1,4RW4,494,A,601,c1cc(c(cc1Cl)OCCN2C=CC(=O)NC2=O)Oc3cc(cc(c3)Cl)/C=C/C#N
Human immunodeficiency virus 1,4RW6,494,A,601,c1cc(c(cc1Cl)OCCN2C=CC(=O)NC2=O)Oc3cc(cc(c3)Cl)/C=C/C#N
Human immunodeficiency virus 1,4RW7,3X6,A,601,c1ccc(c(c1)OCCN2C=CC(=O)NC2=O)Oc3cc(cc(c3)Cl)/C=C/C#N
Human immunodeficiency virus 1,4RW8,3X6,A,601,c1ccc(c(c1)OCCN2C=CC(=O)NC2=O)Oc3cc(cc(c3)Cl)/C=C/C#N
Human immunodeficiency virus 1,4RW9,3X6,A,601,c1ccc(c(c1)OCCN2C=CC(=O)NC2=O)Oc3cc(cc(c3)Cl)/C=C/C#N
Human immunodeficiency virus 1,4RZ8,3ZM,D,512,Cc1c(sc(n1)[C@H]([C@H]2CCCCN2)NC(=O)c3ccc([nH]3)c4ccc(cc4)Cl)CO
Human immunodeficiency virus 1,4RZ8,3ZM,A,510,Cc1c(sc(n1)[C@H]([C@H]2CCCCN2)NC(=O)c3ccc([nH]3)c4ccc(cc4)Cl)CO
Human immunodeficiency virus 1,4RZ8,3ZM,C,512,Cc1c(sc(n1)[C@H]([C@H]2CCCCN2)NC(=O)c3ccc([nH]3)c4ccc(cc4)Cl)CO
Human immunodeficiency virus 1,4RZ8,3ZM,B,510,Cc1c(sc(n1)[C@H]([C@H]2CCCCN2)NC(=O)c3ccc([nH]3)c4ccc(cc4)Cl)CO
Human immunodeficiency virus 1,4TSX,LF0,A,301,Cc1c(c(c2ccccc2n1)c3ccc4c(c3)CCCO4)[C@@H](C(=O)O)OC(C)(C)C
Human immunodeficiency virus 1,4TVG,K97,A,101,c1cc2c(cc1C(=O)O)[nH]cc2CN3CCOCC3
Human immunodeficiency virus 1,4TVH,3TL,A,200,C[C@@H](C(=O)N[C@@H](C(C)C)C(=O)N[C@@H](Cc1ccccc1)[C@H]([C@@H]([C@H](Cc2ccccc2)NC(=O)[C@H](C(C)C)NC(=O)[C@H](C)NC(=O)OCc3ccccc3)O)O)NC(=O)OCc4ccccc4
Human immunodeficiency virus 1,4TVH,K97,B,102,c1cc2c(cc1C(=O)O)[nH]cc2CN3CCOCC3
Human immunodeficiency virus 1,4U0E,1B0,A,302,Cc1c(c2ccccc2[nH]1)CC(=O)N[C@@H](Cc3ccccc3)C(=O)N(C)c4ccccc4
Human immunodeficiency virus 1,4U0F,3A8,A,302,c1ccc(cc1)c2c3c([nH]n2)C(=O)N[C@H]3c4ccc(cc4)O
Human immunodeficiency virus 1,4U7Q,3EM,B,101,CCN(CC)c1ccc2c(c1)OC(=O)C=C2COC(=O)N[C@@H](C(C)C)C(=O)N[C@@H](Cc3ccccc3)C[C@@H]([C@H](Cc4ccccc4)NC(=O)OCc5cncs5)O
Human immunodeficiency virus 1,4U7V,3EN,B,101,CC(C)[C@@H](C(=O)N[C@@H](Cc1ccccc1)C[C@@H]([C@H](Cc2ccccc2)NC(=O)OCc3cncs3)O)N
Human immunodeficiency virus 1,4U8W,G10,A,201,CC(C)CN(C[C@H]([C@H](Cc1ccccc1)NC(=O)O[C@H]2CO[C@@H]3[C@H]2C(CO3)(F)F)O)S(=O)(=O)c4ccc(cc4)N
Human immunodeficiency virus 1,4WE1,3LQ,A,601,c1ccc(c(c1)OCCN2C=CC(=O)NC2=O)Oc3cccc4c3ccc(c4)C#N
Human immunodeficiency virus 1,4XAW,UNL,L,301,
Human immunodeficiency virus 1,4XAW,UNL,H,301,
Human immunodeficiency virus 1,4XBE,UNL,L,301,
Human immunodeficiency virus 1,4XBE,UNL,H,301,
Human immunodeficiency virus 1,4XC1,G3P,H,301,C([C@H](COP(=O)(O)O)O)O
Human immunodeficiency virus 1,4XC1,G3P,H,302,C([C@H](COP(=O)(O)O)O)O
Human immunodeficiency virus 1,4XC3,UNL,H,302,
Human immunodeficiency virus 1,4XCF,43Y,L,302,CCC(=O)OC[C@H](COP(=O)(O)OCC[N+](C)(C)C)OC(=O)CC
Human immunodeficiency virus 1,4XCF,43Y,H,301,CCC(=O)OC[C@H](COP(=O)(O)OCC[N+](C)(C)C)OC(=O)CC
Human immunodeficiency virus 1,4XCF,43Y,L,301,CCC(=O)OC[C@H](COP(=O)(O)OCC[N+](C)(C)C)OC(=O)CC
Human immunodeficiency virus 1,4XCF,43Y,H,302,CCC(=O)OC[C@H](COP(=O)(O)OCC[N+](C)(C)C)OC(=O)CC
Human immunodeficiency virus 1,4XFZ,1B0,A,309,Cc1c(c2ccccc2[nH]1)CC(=O)N[C@@H](Cc3ccccc3)C(=O)N(C)c4ccccc4
Human immunodeficiency virus 1,4XRQ,1B0,A,301,Cc1c(c2ccccc2[nH]1)CC(=O)N[C@@H](Cc3ccccc3)C(=O)N(C)c4ccccc4
Human immunodeficiency virus 1,4Y1C,45F,C,5,C#CCO[C@H]1C[C@H](NC1)C(=O)O
Human immunodeficiency virus 1,4Y1D,45W,D,6,C#CO[C@H]1C[C@@H](NC1)C(=O)O
Human immunodeficiency virus 1,4YE3,Y1,B,202,[Y+2]
Human immunodeficiency virus 1,4YE3,G04,B,201,CC(C)C[N@@](C[C@H]([C@H](Cc1ccccc1)NC(=O)O[C@H]2CO[C@@H]3[C@H]2[C@H](CO3)OC)O)S(=O)(=O)c4ccc(cc4)OC
Human immunodeficiency virus 1,4YE3,Y1,A,101,[Y+2]
Human immunodeficiency virus 1,4YE3,Y1,A,102,[Y+2]
Human immunodeficiency virus 1,4YE3,Y1,B,203,[Y+2]
Human immunodeficiency virus 1,4YHQ,Y1,B,102,[Y+2]
Human immunodeficiency virus 1,4YHQ,Y1,A,202,[Y+2]
Human immunodeficiency virus 1,4YHQ,G10,A,201,CC(C)CN(C[C@H]([C@H](Cc1ccccc1)NC(=O)O[C@H]2CO[C@@H]3[C@H]2C(CO3)(F)F)O)S(=O)(=O)c4ccc(cc4)N
Human immunodeficiency virus 1,4YHQ,Y1,B,101,[Y+2]
Human immunodeficiency virus 1,4YHQ,Y1,A,203,[Y+2]
Human immunodeficiency virus 1,4YOA,017,A,100,CC(C)C[N@@](C[C@H]([C@H](Cc1ccccc1)NC(=O)O[C@H]2CO[C@@H]3[C@H]2CCO3)O)S(=O)(=O)c4ccc(cc4)N
Human immunodeficiency virus 1,4ZIP,G64,B,201,Cc1cc(cc(c1)C(=O)N(C)Cc2c(oc(n2)C)C)C(=O)N[C@@H](Cc3ccccc3)[C@@H](CN(CC(C)C)S(=O)(=O)c4ccc(cc4)OC)O
Human immunodeficiency virus 1,4ZLS,G61,B,201,CC(C)CN(C[C@H]([C@H](Cc1cccc(c1)c2cc(cc(c2)OC)OC)NC(=O)OC(C)(C)C)O)S(=O)(=O)c3ccc(cc3)OC
Human immunodeficiency virus 1,5AGZ,QHA,A,1101,CC(C)CN(C[C@H]([C@H](Cc1ccccc1)NC(=O)O[C@H]2CO[C@@H]3[C@H]2[C@H](CO3)OCC(=C)F)O)S(=O)(=O)c4ccc5c(c4)oc(n5)NC
Human immunodeficiency virus 1,5AH6,C7U,A,1101,CC(C)CN(C[C@H]([C@H](Cc1ccccc1)NC(=O)O[C@H]2CO[C@@H]3[C@H]2[C@H](CO3)Cl)O)S(=O)(=O)c4ccc5c(c4)oc(n5)NC
Human immunodeficiency virus 1,5AH7,C7J,A,1101,CC(C)CN(CC([C@H](Cc1ccccc1)NC(=O)O[C@H]2CO[C@@H]3[C@H]2[C@H](CO3)Cl)O)S(=O)(=O)c4ccc(cc4)N
Human immunodeficiency virus 1,5AH8,C7W,A,1101,CC(C)CN(C[C@H]([C@H](Cc1ccccc1)NC(=O)O[C@H]2CO[C@@H]3[C@H]2[C@H](CO3)OCCC(F)(F)F)O)S(=O)(=O)c4ccc5c(c4)oc(n5)NC
Human immunodeficiency virus 1,5AH9,C7L,A,1101,CC(C)CN(C[C@H]([C@H](Cc1ccccc1)NC(=O)O[C@H]2CO[C@@H]3[C@H]2[C@H](CO3)OCCOC)O)S(=O)(=O)c4ccc(cc4)N
Human immunodeficiency virus 1,5AHA,ZLP,A,1101,CC(C)CN(C[C@H]([C@H](Cc1ccccc1)NC(=O)O[C@H]2CO[C@@H]3[C@H]2[C@H](CO3)OCCOC)O)S(=O)(=O)c4ccc5c(c4)O/C(=N\C)/N5
Human immunodeficiency virus 1,5AHB,J5L,A,1101,CC(C)CN(C[C@H]([C@H](Cc1ccccc1)NC(=O)O[C@H]2CO[C@@H]3[C@H]2[C@H](CO3)OCC(=O)NC)O)S(=O)(=O)c4ccc5c(c4)O/C(=N\C)/N5
Human immunodeficiency virus 1,5AHC,VXL,A,1101,CC(C)CN(C[C@H]([C@H](Cc1ccccc1)NC(=O)O[C@H]2CO[C@@H]3[C@H]2[C@H](CO3)OCC(=O)NC)O)S(=O)(=O)c4ccc(cc4)OC
Human immunodeficiency virus 1,5BRY,4UY,B,201,CC(C)CN(C[C@H]([C@H](Cc1ccccc1)NC(=O)O[C@H]2CO[C@@H]3[C@H]2[C@H](CO3)NC)O)S(=O)(=O)c4ccc(cc4)OC
Human immunodeficiency virus 1,5BS4,4UX,A,201,CC(C)CN(C[C@H]([C@H](Cc1ccccc1)NC(=O)O[C@H]2CO[C@@H]3[C@H]2[C@H](CO3)NC)O)S(=O)(=O)c4ccc(cc4)N
Human immunodeficiency virus 1,5C24,4XO,A,601,Cc1cc2cc(cn2c(c1Nc3ncnc(n3)Nc4ccc(cc4)C#N)C)C#N
Human immunodeficiency virus 1,5C25,639,A,601,Cc1cc2cc(ccc2c(c1Nc3ncnc(n3)Nc4ccc(cc4)C#N)C)C#N
Human immunodeficiency virus 1,5C42,29T,A,601,c1ccc(c(c1)OCCN2C=CC(=O)NC2=O)Oc3cccn4c3cc(c4)C#N
Human immunodeficiency virus 1,5CMZ,P4G,A,203,CCOCCOCCOCC
Human immunodeficiency virus 1,5COK,52U,A,400,CC(C)CN(C[C@H]([C@H](Cc1ccccc1)NC(=O)O[C@H]2CCO[C@@H]3[C@H]2CCO3)O)S(=O)(=O)c4ccc(cc4)OC
Human immunodeficiency virus 1,5CON,52W,B,101,CC(C)CN(C[C@H]([C@H](Cc1ccccc1)NC(=O)O[C@H]2CCO[C@@H]3[C@H]2[C@H](CO3)O)O)S(=O)(=O)c4ccc(cc4)OC
Human immunodeficiency virus 1,5COO,52Z,B,101,CC(C)CN(C[C@H]([C@H](Cc1ccc(cc1)OC)NC(=O)O[C@H]2CCO[C@@H]3[C@H]2[C@H](CO3)O)O)S(=O)(=O)c4ccc(cc4)OC
Human immunodeficiency virus 1,5COP,53F,B,500,CC(C)CN(C[C@H]([C@H](Cc1ccc(cc1)OC)NC(=O)O[C@H]2CCO[C@@H]3[C@H]2[C@H](CO3)O)O)S(=O)(=O)c4ccc(cc4)N
Human immunodeficiency virus 1,5CYM,T27,A,601,Cc1cc(cc(c1Nc2ccnc(n2)Nc3ccc(cc3)C#N)C)/C=C/C#N
Human immunodeficiency virus 1,5CYQ,T27,A,601,Cc1cc(cc(c1Nc2ccnc(n2)Nc3ccc(cc3)C#N)C)/C=C/C#N
Human immunodeficiency virus 1,5DGU,5B7,A,201,CC(C)CN(C[C@H]([C@H](Cc1ccccc1)NC(=O)O[C@H]2CCO[C@@H]3[C@H]2[C@H](CO3)OC)O)S(=O)(=O)c4ccc(cc4)OC
Human immunodeficiency virus 1,5DGW,5B5,A,201,CCN[C@H]1CO[C@H]2[C@@H]1[C@H](CCO2)OC(=O)N[C@@H](Cc3ccccc3)[C@@H](CN(CC(C)C)S(=O)(=O)c4ccc(cc4)OC)O
Human immunodeficiency virus 1,5E5J,017,A,201,CC(C)C[N@@](C[C@H]([C@H](Cc1ccccc1)NC(=O)O[C@H]2CO[C@@H]3[C@H]2CCO3)O)S(=O)(=O)c4ccc(cc4)N
Human immunodeficiency virus 1,5E5K,017,B,201,CC(C)C[N@@](C[C@H]([C@H](Cc1ccccc1)NC(=O)O[C@H]2CO[C@@H]3[C@H]2CCO3)O)S(=O)(=O)c4ccc(cc4)N
Human immunodeficiency virus 1,5F4L,5VE,A,501,[H]/N=C(/N)\NC[C@H]1Cc2ccc(cc2[C@@H]1NC(=O)C(=O)Nc3ccc(c(c3)F)Cl)CNC
Human immunodeficiency virus 1,5F4L,5VE,B,501,[H]/N=C(/N)\NC[C@H]1Cc2ccc(cc2[C@@H]1NC(=O)C(=O)Nc3ccc(c(c3)F)Cl)CNC
Human immunodeficiency virus 1,5F4P,5VG,D,507,[H]/N=C(/N)\NC[C@H]1Cc2cc(ccc2[C@@H]1NC(=O)C(=O)Nc3ccc(c(c3)F)Cl)CNC
Human immunodeficiency virus 1,5F4P,5VG,A,501,[H]/N=C(/N)\NC[C@H]1Cc2cc(ccc2[C@@H]1NC(=O)C(=O)Nc3ccc(c(c3)F)Cl)CNC
Human immunodeficiency virus 1,5F4R,5VF,C,508,[H]/N=C(/N)\NC[C@H]1Cc2cc(ccc2[C@@H]1NC(=O)C(=O)Nc3ccc(c(c3)F)Cl)CN(C)/C(=N\[H])/N
Human immunodeficiency virus 1,5F4R,5VF,A,508,[H]/N=C(/N)\NC[C@H]1Cc2cc(ccc2[C@@H]1NC(=O)C(=O)Nc3ccc(c(c3)F)Cl)CN(C)/C(=N\[H])/N
Human immunodeficiency virus 1,5F4U,5VH,B,508,[H]/N=C(/N)\N(C)Cc1ccc2c(c1)[C@@H]([C@H](C2)CNC(=N)N)NC(=O)C(=O)Nc3ccc(c(c3)F)Cl
Human immunodeficiency virus 1,5F4U,5VH,A,507,[H]/N=C(/N)\N(C)Cc1ccc2c(c1)[C@@H]([C@H](C2)CNC(=N)N)NC(=O)C(=O)Nc3ccc(c(c3)F)Cl
Human immunodeficiency virus 1,5F9O,15P,G,515,COCCOCCOCCOCCOCCOCCOCCOCCOCCOCCOCCOCCOCCOCCOCCOCCOCCOCCOCCOCCOCCOCCOCCOCCOCCOCCOCCOCCOCCOCCOCCOCCOCCOCCO
Human immunodeficiency virus 1,5FA2,SCN,A,613,C(#N)[S-]
Human immunodeficiency virus 1,5FDL,5DV,A,601,Cc1cc(cc(c1)[P@](=O)(c2c3cc(ccc3[nH]c2C(=O)N)Cl)OC)CCC#N
Human immunodeficiency virus 1,5HBM,NVP,A,601,Cc1ccnc2c1NC(=O)c3cccnc3N2C4CC4
Human immunodeficiency virus 1,5HBM,F95,A,602,c1cc(c(c2c1C(=CC(=O)O2)CC(=O)O)O)O
Human immunodeficiency virus 1,5HGL,1B0,C,301,Cc1c(c2ccccc2[nH]1)CC(=O)N[C@@H](Cc3ccccc3)C(=O)N(C)c4ccccc4
Human immunodeficiency virus 1,5HGL,1B0,B,301,Cc1c(c2ccccc2[nH]1)CC(=O)N[C@@H](Cc3ccccc3)C(=O)N(C)c4ccccc4
Human immunodeficiency virus 1,5HGL,1B0,D,301,Cc1c(c2ccccc2[nH]1)CC(=O)N[C@@H](Cc3ccccc3)C(=O)N(C)c4ccccc4
Human immunodeficiency virus 1,5HGL,1B0,F,301,Cc1c(c2ccccc2[nH]1)CC(=O)N[C@@H](Cc3ccccc3)C(=O)N(C)c4ccccc4
Human immunodeficiency virus 1,5HGL,1B0,E,301,Cc1c(c2ccccc2[nH]1)CC(=O)N[C@@H](Cc3ccccc3)C(=O)N(C)c4ccccc4
Human immunodeficiency virus 1,5HGL,1B0,A,301,Cc1c(c2ccccc2[nH]1)CC(=O)N[C@@H](Cc3ccccc3)C(=O)N(C)c4ccccc4
Human immunodeficiency virus 1,5HGP,BHC,A,301,c1(c(c(c(c(c1C(=O)O)C(=O)O)C(=O)O)C(=O)O)C(=O)O)C(=O)O
Human immunodeficiency virus 1,5HLF,64A,A,602,CC1=CN(C(=O)NC1=O)[C@@H]2CC[C@@H](C2)OC(C(=O)O)C(=O)O
Human immunodeficiency virus 1,5HOT,2SQ,B,301,Cc1c(cc(c2c1CCCO2)F)C3=C(N(C(=O)c4c3cccc4)C)[C@@H](C(=O)O)OC(C)(C)C
Human immunodeficiency virus 1,5HOT,2SQ,A,301,Cc1c(cc(c2c1CCCO2)F)C3=C(N(C(=O)c4c3cccc4)C)[C@@H](C(=O)O)OC(C)(C)C
Human immunodeficiency virus 1,5HP1,PPF,C,601,C(=O)(O)P(=O)(O)O
Human immunodeficiency virus 1,5HP1,PPF,A,602,C(=O)(O)P(=O)(O)O
Human immunodeficiency virus 1,5HRN,65P,A,306,Cc1c(ccc2c1CCCO2)c3c4ccn(c4nc(c3[C@@H](C(=O)O)OC(C)(C)C)C)Cc5ccc(c(c5)F)F
Human immunodeficiency virus 1,5HRO,3JY,C,605,CC1=CN(C(=O)NC1=O)[C@@H]2CC[C@@H](C2)O[C@@H](C(=O)OC)P(=O)(O)O
Human immunodeficiency virus 1,5HRO,3JY,A,603,CC1=CN(C(=O)NC1=O)[C@@H]2CC[C@@H](C2)O[C@@H](C(=O)OC)P(=O)(O)O
Human immunodeficiency virus 1,5HRP,65P,A,310,Cc1c(ccc2c1CCCO2)c3c4ccn(c4nc(c3[C@@H](C(=O)O)OC(C)(C)C)C)Cc5ccc(c(c5)F)F
Human immunodeficiency virus 1,5HRR,65P,A,307,Cc1c(ccc2c1CCCO2)c3c4ccn(c4nc(c3[C@@H](C(=O)O)OC(C)(C)C)C)Cc5ccc(c(c5)F)F
Human immunodeficiency virus 1,5HRS,65P,A,306,Cc1c(ccc2c1CCCO2)c3c4ccn(c4nc(c3[C@@H](C(=O)O)OC(C)(C)C)C)Cc5ccc(c(c5)F)F
Human immunodeficiency virus 1,5IVQ,6EH,A,101,COC(=O)N[C@@H](C(c1ccccc1)c2ccccc2)C(=O)NCCC[C@@H]3CNCCO3
Human immunodeficiency virus 1,5IVR,6EG,B,101,COC(=O)N[C@@H](C(c1ccccc1)c2ccccc2)C(=O)Nc3ccccc3CC[C@@H](CO)NCc4ccc(cc4)N
Human immunodeficiency virus 1,5IVS,6EF,B,101,COC(=O)N[C@@H](C(c1ccccc1)c2ccccc2)C(=O)Nc3ccccc3CC[C@@H]4CN[C@@H](CO4)COC(=O)NCc5ccccc5
Human immunodeficiency virus 1,5IVT,6EE,B,101,c1cc(ccc1[C@@H](c2cc(cc(c2)F)F)[C@@H](C(=O)Nc3cncc(c3CC[C@@H]4CN[C@@H](CO4)COC(=O)NCC(F)(F)F)F)N)Cl
Human immunodeficiency virus 1,5IVT,6EE,A,102,c1cc(ccc1[C@@H](c2cc(cc(c2)F)F)[C@@H](C(=O)Nc3cncc(c3CC[C@@H]4CN[C@@H](CO4)COC(=O)NCC(F)(F)F)F)N)Cl
Human immunodeficiency virus 1,5J1E,6FT,C,603,c1cc(ccc1CN2C=C(C(=O)C(=C2)O)C(=O)O)c3ccc(cc3)S(=O)(=O)N
Human immunodeficiency virus 1,5J2M,6FN,A,604,C#C[C@]1([C@H](C[C@@H](O1)n2cnc3c2nc(nc3N)F)O)COP(=O)(O)OP(=O)(O)OP(=O)(O)O
Human immunodeficiency virus 1,5J2N,6FM,P,822,C#C[C@]1([C@H](C[C@@H](O1)n2cnc3c2nc(nc3N)F)O)COP(=O)(O)O
Human immunodeficiency virus 1,5J2P,6FM,P,901,C#C[C@]1([C@H](C[C@@H](O1)n2cnc3c2nc(nc3N)F)O)COP(=O)(O)O
Human immunodeficiency virus 1,5J2P,6FM,A,602,C#C[C@]1([C@H](C[C@@H](O1)n2cnc3c2nc(nc3N)F)O)COP(=O)(O)O
Human immunodeficiency virus 1,5J2Q,6FM,P,901,C#C[C@]1([C@H](C[C@@H](O1)n2cnc3c2nc(nc3N)F)O)COP(=O)(O)O
Human immunodeficiency virus 1,5J2Q,6FM,T,801,C#C[C@]1([C@H](C[C@@H](O1)n2cnc3c2nc(nc3N)F)O)COP(=O)(O)O
Human immunodeficiency virus 1,5JFP,6KK,B,201,CC(C)CN(C[C@H]([C@H](CC12CC3CC(C1)CC(C3)C2)NC(=O)O[C@H]4CO[C@@H]5[C@H]4CCO5)O)S(=O)(=O)c6ccc(cc6)OC
Human immunodeficiency virus 1,5JFU,6KQ,B,201,COc1ccc(cc1)S(=O)(=O)N(Cc2ccccc2)C[C@H]([C@H](CC34CC5CC(C3)CC(C5)C4)NC(=O)O[C@H]6CO[C@@H]7[C@H]6CCO7)O
Human immunodeficiency virus 1,5JG1,6KR,B,201,CC(C)CN(C[C@H]([C@H](CC12CC3CC(C1)CC(C3)C2)NC(=O)O[C@H]4CO[C@@H]5[C@H]4CCCO5)O)S(=O)(=O)c6ccc(cc6)OC
Human immunodeficiency virus 1,5K14,IB1,A,601,COc1cc(c(c(c1)F)C(=O)c2ccnc(n2)Nc3ccc(cc3)C#N)F
Human immunodeficiency virus 1,5KAO,G43,A,500,CC(C)CN(C[C@H]([C@H](Cc1ccc(c(c1)Cl)OC)NC(=O)O[C@H]2CO[C@@H]3[C@H]2CCO3)O)S(=O)(=O)c4ccc(cc4)OC
Human immunodeficiency virus 1,5KGW,7SK,A,304,CC(C)(C)O[C@@H](c1c(c2ccccc2n1C)c3ccc4c(c3)CCCO4)C(=O)O
Human immunodeficiency virus 1,5KGX,7SK,A,301,CC(C)(C)O[C@@H](c1c(c2ccccc2n1C)c3ccc4c(c3)CCCO4)C(=O)O
Human immunodeficiency virus 1,5KQX,ROC,A,101,CC(C)(C)NC(=O)[C@@H]1C[C@@H]2CCCC[C@@H]2C[N@]1C[C@H]([C@H](Cc3ccccc3)NC(=O)[C@H](CC(=O)N)NC(=O)c4ccc5ccccc5n4)O
Human immunodeficiency virus 1,5KQY,017,B,101,CC(C)C[N@@](C[C@H]([C@H](Cc1ccccc1)NC(=O)O[C@H]2CO[C@@H]3[C@H]2CCO3)O)S(=O)(=O)c4ccc(cc4)N
Human immunodeficiency virus 1,5KQZ,0Q4,B,101,CCCC[C@@H](C(=O)N)NC(=O)[C@H](C)NC(=O)[C@H](CCC(=O)O)NC(=O)[C@H](Cc1ccccc1)NC[C@H](CC(C)C)NC(=O)[C@H](C(C)C)NC(=O)[C@H](CCCNC(=[NH2+])N)N
Human immunodeficiency virus 1,5KR0,478,A,101,CC(C)C[N@](C[C@H]([C@H](Cc1ccccc1)NC(=O)O[C@H]2CCOC2)O)S(=O)(=O)c3ccc(cc3)N
Human immunodeficiency virus 1,5KR1,017,B,101,CC(C)C[N@@](C[C@H]([C@H](Cc1ccccc1)NC(=O)O[C@H]2CO[C@@H]3[C@H]2CCO3)O)S(=O)(=O)c4ccc(cc4)N
Human immunodeficiency virus 1,5KR2,ROC,A,101,CC(C)(C)NC(=O)[C@@H]1C[C@@H]2CCCC[C@@H]2C[N@]1C[C@H]([C@H](Cc3ccccc3)NC(=O)[C@H](CC(=O)N)NC(=O)c4ccc5ccccc5n4)O
Human immunodeficiency virus 1,5KR2,ROC,C,101,CC(C)(C)NC(=O)[C@@H]1C[C@@H]2CCCC[C@@H]2C[N@]1C[C@H]([C@H](Cc3ccccc3)NC(=O)[C@H](CC(=O)N)NC(=O)c4ccc5ccccc5n4)O
Human immunodeficiency virus 1,5KRS,6XI,A,303,c1ccn(c1)c2ccsc2C(=O)O
Human immunodeficiency virus 1,5KRS,6XI,A,302,c1ccn(c1)c2ccsc2C(=O)O
Human immunodeficiency virus 1,5KRT,6W6,A,301,c1cc(n(c1Cl)c2ccsc2C(=O)O)Cl
Human immunodeficiency virus 1,5KRT,6W6,A,302,c1cc(n(c1Cl)c2ccsc2C(=O)O)Cl
Human immunodeficiency virus 1,5KWW,6YA,F,613,CS(=O)(=O)CCCn1c2ccc(cc2cc1CN3c4cnccc4N(C3=O)CC(F)(F)F)Cl
Human immunodeficiency virus 1,5OI2,9VN,A,305,Cc1c(c(c(s1)c2ccncc2)C3=CCC(CC3)(C)C)[C@@H](C(=O)O)OC(C)(C)C
Human immunodeficiency virus 1,5OI5,9VK,A,501,Cc1c(c(c(s1)c2ccccn2)C3=CCC(CC3)(C)C)[C@@H](C(=O)O)OC(C)(C)C
Human immunodeficiency virus 1,5OI8,9VN,A,302,Cc1c(c(c(s1)c2ccncc2)C3=CCC(CC3)(C)C)[C@@H](C(=O)O)OC(C)(C)C
Human immunodeficiency virus 1,5OIA,9VK,A,303,Cc1c(c(c(s1)c2ccccn2)C3=CCC(CC3)(C)C)[C@@H](C(=O)O)OC(C)(C)C
Human immunodeficiency virus 1,5T2Z,017,B,201,CC(C)C[N@@](C[C@H]([C@H](Cc1ccccc1)NC(=O)O[C@H]2CO[C@@H]3[C@H]2CCO3)O)S(=O)(=O)c4ccc(cc4)N
Human immunodeficiency virus 1,5T8H,478,B,401,CC(C)C[N@](C[C@H]([C@H](Cc1ccccc1)NC(=O)O[C@H]2CCOC2)O)S(=O)(=O)c3ccc(cc3)N
Human immunodeficiency virus 1,5TER,7AY,A,601,Cc1c2cc(ccc2c(cc1Oc3ccccc3OCCN4C=CC(=O)NC4=O)Cl)C#N
Human immunodeficiency virus 1,5TSV,FLU,B,301,c1ccc(c(c1)C2=C3C=CC(=O)C=C3Oc4c2ccc(c4)O)C(=O)O
Human immunodeficiency virus 1,5TSX,FLU,H,301,c1ccc(c(c1)C2=C3C=CC(=O)C=C3Oc4c2ccc(c4)O)C(=O)O
Human immunodeficiency virus 1,5TSX,FLU,G,301,c1ccc(c(c1)C2=C3C=CC(=O)C=C3Oc4c2ccc(c4)O)C(=O)O
Human immunodeficiency virus 1,5TSX,FLU,B,301,c1ccc(c(c1)C2=C3C=CC(=O)C=C3Oc4c2ccc(c4)O)C(=O)O
Human immunodeficiency virus 1,5TSX,FLU,A,601,c1ccc(c(c1)C2=C3C=CC(=O)C=C3Oc4c2ccc(c4)O)C(=O)O
Human immunodeficiency virus 1,5TUQ,J63,A,601,CC(C)C1=C(N(C(=O)N(C1=O)O)COCc2ccccc2)CC3CCCCC3
Human immunodeficiency virus 1,5TW3,7N1,A,601,c1cc2c(cc1C#N)cc(cc2Oc3ccc(cc3OCCN4C=CC(=O)NC4=O)F)F
Human immunodeficiency virus 1,5TXM,DDS,C,601,c1nc(c2c(n1)n(cn2)[C@H]3CC[C@H](O3)CO[P@@](=O)(O)O[P@](=O)(O)OP(=O)(O)O)N
Human immunodeficiency virus 1,5TXM,DDS,A,603,c1nc(c2c(n1)n(cn2)[C@H]3CC[C@H](O3)CO[P@@](=O)(O)O[P@](=O)(O)OP(=O)(O)O)N
Human immunodeficiency virus 1,5TXP,DDS,C,601,c1nc(c2c(n1)n(cn2)[C@H]3CC[C@H](O3)CO[P@@](=O)(O)O[P@](=O)(O)OP(=O)(O)O)N
Human immunodeficiency virus 1,5TXP,DDS,A,603,c1nc(c2c(n1)n(cn2)[C@H]3CC[C@H](O3)CO[P@@](=O)(O)O[P@](=O)(O)OP(=O)(O)O)N
Human immunodeficiency virus 1,5TYR,7O7,A,400,CC(C)CN(C[C@H]([C@H](Cc1ccccc1)NC(=O)O[C@H]2[C@@H]3C[C@@H]4[C@H]2CO[C@@H]4OC3)O)S(=O)(=O)c5ccc6c(c5)sc(n6)NC7CC7
Human immunodeficiency virus 1,5TYS,7OA,A,400,CC(C)CN(C[C@H]([C@H](Cc1cc(cc(c1)F)F)NC(=O)O[C@H]2[C@@H]3C[C@@H]4[C@H]2CO[C@@H]4OC3)O)S(=O)(=O)c5ccc6c(c5)sc(n6)NC7CC7
Human immunodeficiency virus 1,5U6E,82M,B,508,Cc1c(sc(n1)[C@H](CN)NC(=O)c2ccc([nH]2)c3ccc(c(c3)F)Cl)CO
Human immunodeficiency virus 1,5U6E,82M,A,512,Cc1c(sc(n1)[C@H](CN)NC(=O)c2ccc([nH]2)c3ccc(c(c3)F)Cl)CO
Human immunodeficiency virus 1,5U7M,83G,G,657,C[C@@H]1CN(CCN1C(=O)C(=O)c2c[nH]c3c2c(ccn3)OC)C(=O)c4ccccc4
Human immunodeficiency virus 1,5U7O,83J,G,659,Cc1ncn(n1)c2c3c(c(c[nH]3)C(=O)C(=O)N4CCN(CC4)C(=O)c5ccccc5)c(cn2)OC
Human immunodeficiency virus 1,5UFZ,8BG,B,101,CC(C)CN(C1(CC1)[C@H]([C@H](Cc2ccccc2)NC(=O)O[C@H]3CO[C@@H]4[C@H]3CCO4)O)S(=O)(=O)c5ccc(cc5)N
Human immunodeficiency virus 1,5ULT,8FM,B,201,CC(C)CN(C[C@H]([C@H](Cc1ccccc1)NC(=O)O[C@H]2[C@@H]3C[C@@H]4[C@H]2CO[C@@H]4OC3)O)S(=O)(=O)c5ccc(cc5)OC
Human immunodeficiency virus 1,5UOV,8FP,A,201,Cc1csc(n1)[C@H]2CCCN2C(=O)c3cccc(c3)C(=O)N[C@@H](Cc4ccccc4)[C@@H](CN(CC(C)C)S(=O)(=O)c5ccc(cc5)OC)O
Human immunodeficiency virus 1,5UPZ,8HD,A,201,Cc1coc(n1)CN(C)C(=O)c2cccc(c2)C(=O)N[C@@H](Cc3ccccc3)[C@@H](CN(CC(C)C)S(=O)(=O)c4ccc(cc4)CO)O
Human immunodeficiency virus 1,5UV5,Y55,A,603,c1cc(oc1)c2ccc3c(c2)C(=O)N(C(=O)C3)O
Human immunodeficiency virus 1,5UV5,Y55,C,603,c1cc(oc1)c2ccc3c(c2)C(=O)N(C(=O)C3)O
Human immunodeficiency virus 1,5V4Y,8FM,A,500,CC(C)CN(C[C@H]([C@H](Cc1ccccc1)NC(=O)O[C@H]2[C@@H]3C[C@@H]4[C@H]2CO[C@@H]4OC3)O)S(=O)(=O)c5ccc(cc5)OC
Human immunodeficiency virus 1,5V61,FRZ,I,801,c1ccc(cc1)c2c(c3ccccn3n2)c4cc5c(n[nH]c5nn4)N
Human immunodeficiency virus 1,5VCK,7GC,B,101,Cc1ccc(cc1)S(=O)(=O)NC(=O)Nc2nccs2
Human immunodeficiency virus 1,5VCK,3TL,A,100,C[C@@H](C(=O)N[C@@H](C(C)C)C(=O)N[C@@H](Cc1ccccc1)[C@H]([C@@H]([C@H](Cc2ccccc2)NC(=O)[C@H](C(C)C)NC(=O)[C@H](C)NC(=O)OCc3ccccc3)O)O)NC(=O)OCc4ccccc4
Human immunodeficiency virus 1,5VCK,7GC,A,101,Cc1ccc(cc1)S(=O)(=O)NC(=O)Nc2nccs2
Human immunodeficiency virus 1,5VEA,3TL,A,101,C[C@@H](C(=O)N[C@@H](C(C)C)C(=O)N[C@@H](Cc1ccccc1)[C@H]([C@@H]([C@H](Cc2ccccc2)NC(=O)[C@H](C(C)C)NC(=O)[C@H](C)NC(=O)OCc3ccccc3)O)O)NC(=O)OCc4ccccc4
Human immunodeficiency virus 1,5VEA,9AY,A,102,Cc1ccc(c(c1)N)N
Human immunodeficiency virus 1,5VJ3,HV9,A,1101,Cc1ccc(cc1)S(=O)(=O)NC(=O)NC2CCN(CC2)c3nccc(n3)C(F)(F)F
Human immunodeficiency virus 1,5VQQ,9JP,A,601,Cc1c2cc(ccc2c(cc1Oc3ccccc3OCCN4C=CC(=O)NC4=O)N(C)C(=O)CF)C#N
Human immunodeficiency virus 1,5VQR,9KG,A,601,Cc1c2cc(ccc2c(cc1Oc3ccccc3OCCN4C=CC(=O)NC4=O)N(C)C(=O)C=C)C#N
Human immunodeficiency virus 1,5VQS,9KD,A,601,Cc1c2cc(ccc2c(cc1Oc3ccccc3OCCN4C=CC(=O)NC4=O)NC(=O)C=C)C#N
Human immunodeficiency virus 1,5VQT,9K7,A,601,Cc1c2cc(ccc2c(cc1Oc3ccccc3OCCN4C=CC(=O)NC4=O)N(C)C(=O)CCl)C#N
Human immunodeficiency virus 1,5VQU,9JP,A,601,Cc1c2cc(ccc2c(cc1Oc3ccccc3OCCN4C=CC(=O)NC4=O)N(C)C(=O)CF)C#N
Human immunodeficiency virus 1,5VQV,9J1,A,601,CCC(=O)N(C)c1cc(c(c2c1ccc(c2)C#N)C)Oc3ccccc3OCCN4C=CC(=O)NC4=O
Human immunodeficiency virus 1,5VQW,9KD,A,601,Cc1c2cc(ccc2c(cc1Oc3ccccc3OCCN4C=CC(=O)NC4=O)NC(=O)C=C)C#N
Human immunodeficiency virus 1,5VQX,9HY,A,601,Cc1c2cc(ccc2c(cc1Oc3ccccc3OCCN4C=CC(=O)NC4=O)N(C)C(=O)C)C#N
Human immunodeficiency virus 1,5VQY,9J1,A,601,CCC(=O)N(C)c1cc(c(c2c1ccc(c2)C#N)C)Oc3ccccc3OCCN4C=CC(=O)NC4=O
Human immunodeficiency virus 1,5VQZ,9HY,A,601,Cc1c2cc(ccc2c(cc1Oc3ccccc3OCCN4C=CC(=O)NC4=O)N(C)C(=O)C)C#N
Human immunodeficiency virus 1,5VZ6,9TV,A,601,c1cnc(nc1)CCC(=O)Nc2cc(n[nH]2)c3ccc4c(c3)CCCC4
Human immunodeficiency virus 1,5W5W,HV9,A,102,Cc1ccc(cc1)S(=O)(=O)NC(=O)NC2CCN(CC2)c3nccc(n3)C(F)(F)F
Human immunodeficiency virus 1,5W5W,3TL,A,101,C[C@@H](C(=O)N[C@@H](C(C)C)C(=O)N[C@@H](Cc1ccccc1)[C@H]([C@@H]([C@H](Cc2ccccc2)NC(=O)[C@H](C(C)C)NC(=O)[C@H](C)NC(=O)OCc3ccccc3)O)O)NC(=O)OCc4ccccc4
Human immunodeficiency virus 1,5WB9,MPO,G,510,C1COCCN1CCCS(=O)(=O)O
Human immunodeficiency virus 1,5WLO,GR7,B,201,COc1ccc2c(c1)COC/C=C/CCCCN(S2(=O)=O)C[C@H]([C@H](Cc3ccccc3)NC(=O)O[C@H]4CO[C@@H]5[C@H]4CCO5)O
Human immunodeficiency virus 1,5XN1,ET9,C,601,C=C1[C@H](C[C@@H]([C@H]1COP(=O)(O)OP(=O)(O)OP(=O)(O)O)O)n2cnc3c2NC(=NC3=O)N
Human immunodeficiency virus 1,5XN1,ET9,A,601,C=C1[C@H](C[C@@H]([C@H]1COP(=O)(O)OP(=O)(O)OP(=O)(O)O)O)n2cnc3c2NC(=NC3=O)N
Human immunodeficiency virus 1,5XN2,DGT,A,602,c1nc2c(n1[C@H]3C[C@@H]([C@H](O3)CO[P@@](=O)(O)O[P@@](=O)(O)OP(=O)(O)O)O)N=C(NC2=O)N
Human immunodeficiency virus 1,5XN2,DGT,C,602,c1nc2c(n1[C@H]3C[C@@H]([C@H](O3)CO[P@@](=O)(O)O[P@@](=O)(O)OP(=O)(O)O)O)N=C(NC2=O)N
Human immunodeficiency virus 1,5YOJ,8Z0,A,301,Cc1cccc(c1CNC(=O)[C@@H]2C(SCN2C(=O)[C@H]([C@H](Cc3ccccc3)NC(=O)[C@H]([C@H]4CCOC4)NC(=O)c5cc6cccc(c6o5)OC)O)(C)C)C
Human immunodeficiency virus 1,5YOK,8Z0,A,101,Cc1cccc(c1CNC(=O)[C@@H]2C(SCN2C(=O)[C@H]([C@H](Cc3ccccc3)NC(=O)[C@H]([C@H]4CCOC4)NC(=O)c5cc6cccc(c6o5)OC)O)(C)C)C
Human immunodeficiency virus 1,6AMO,D4T,A,603,CC1=CN(C(=O)NC1=O)[C@H]2C=C[C@H](O2)CO[P@](=O)(O)O[P@](=O)(O)OP(=O)(O)O
Human immunodeficiency virus 1,6AMO,D4T,C,603,CC1=CN(C(=O)NC1=O)[C@H]2C=C[C@H](O2)CO[P@](=O)(O)O[P@](=O)(O)OP(=O)(O)O
Human immunodeficiency virus 1,6AN2,D4T,C,603,CC1=CN(C(=O)NC1=O)[C@H]2C=C[C@H](O2)CO[P@](=O)(O)O[P@](=O)(O)OP(=O)(O)O
Human immunodeficiency virus 1,6AN2,D4T,A,603,CC1=CN(C(=O)NC1=O)[C@H]2C=C[C@H](O2)CO[P@](=O)(O)O[P@](=O)(O)OP(=O)(O)O
Human immunodeficiency virus 1,6AN8,D4T,C,603,CC1=CN(C(=O)NC1=O)[C@H]2C=C[C@H](O2)CO[P@](=O)(O)O[P@](=O)(O)OP(=O)(O)O
Human immunodeficiency virus 1,6AN8,D4T,A,603,CC1=CN(C(=O)NC1=O)[C@H]2C=C[C@H](O2)CO[P@](=O)(O)O[P@](=O)(O)OP(=O)(O)O
Human immunodeficiency virus 1,6ANQ,D4T,C,603,CC1=CN(C(=O)NC1=O)[C@H]2C=C[C@H](O2)CO[P@](=O)(O)O[P@](=O)(O)OP(=O)(O)O
Human immunodeficiency virus 1,6ANQ,D4T,A,603,CC1=CN(C(=O)NC1=O)[C@H]2C=C[C@H](O2)CO[P@](=O)(O)O[P@](=O)(O)OP(=O)(O)O
Human immunodeficiency virus 1,6AOC,ZW2,C,603,c1ccc(cc1)Cc2cc3c(s2)NC(=O)N(C3=O)O
Human immunodeficiency virus 1,6AOC,ZW2,A,603,c1ccc(cc1)Cc2cc3c(s2)NC(=O)N(C3=O)O
Human immunodeficiency virus 1,6ASW,D4T,A,603,CC1=CN(C(=O)NC1=O)[C@H]2C=C[C@H](O2)CO[P@](=O)(O)O[P@](=O)(O)OP(=O)(O)O
Human immunodeficiency virus 1,6ASW,D4T,C,603,CC1=CN(C(=O)NC1=O)[C@H]2C=C[C@H](O2)CO[P@](=O)(O)O[P@](=O)(O)OP(=O)(O)O
Human immunodeficiency virus 1,6AVM,D4T,A,603,CC1=CN(C(=O)NC1=O)[C@H]2C=C[C@H](O2)CO[P@](=O)(O)O[P@](=O)(O)OP(=O)(O)O
Human immunodeficiency virus 1,6AVM,D4T,C,603,CC1=CN(C(=O)NC1=O)[C@H]2C=C[C@H](O2)CO[P@](=O)(O)O[P@](=O)(O)OP(=O)(O)O
Human immunodeficiency virus 1,6AVT,D4T,A,603,CC1=CN(C(=O)NC1=O)[C@H]2C=C[C@H](O2)CO[P@](=O)(O)O[P@](=O)(O)OP(=O)(O)O
Human immunodeficiency virus 1,6AVT,D4T,C,603,CC1=CN(C(=O)NC1=O)[C@H]2C=C[C@H](O2)CO[P@](=O)(O)O[P@](=O)(O)OP(=O)(O)O
Human immunodeficiency virus 1,6AXV,1B0,A,315,Cc1c(c2ccccc2[nH]1)CC(=O)N[C@@H](Cc3ccccc3)C(=O)N(C)c4ccccc4
Human immunodeficiency virus 1,6B36,CKD,B,101,c1ccc(cc1)S(=O)(=O)N2CCNC[C@@H]2CCc3c(cccc3F)NC(=O)CC(c4ccc(cc4)F)c5ccc(cc5)F
Human immunodeficiency virus 1,6B38,CKM,B,102,C[C@@H]1CNC[C@@H](N1S(=O)(=O)c2ccccc2)CCc3c(cccc3F)NC(=O)CC(c4ccc(cc4)F)c5ccc(cc5)F
Human immunodeficiency virus 1,6B38,CKM,B,101,C[C@@H]1CNC[C@@H](N1S(=O)(=O)c2ccccc2)CCc3c(cccc3F)NC(=O)CC(c4ccc(cc4)F)c5ccc(cc5)F
Human immunodeficiency virus 1,6B3C,CKS,B,101,C[C@@H]1CN([C@H](CN1)CCc2c(cccc2F)NC(=O)CC(c3ccc(cc3)F)c4ccc(cc4)F)S(=O)(=O)c5ccccc5
Human immunodeficiency virus 1,6B3F,CKV,B,101,C[C@H]1CN([C@H](CN1)CCc2c(cccc2F)NC(=O)CC(c3ccc(cc3)F)c4ccc(cc4)F)S(=O)(=O)c5ccccc5
Human immunodeficiency virus 1,6B3G,CKY,B,101,C[C@H]1CNC[C@@H](N1S(=O)(=O)c2ccccc2)CCc3c(cccc3F)NC(=O)CC(c4ccc(cc4)F)c5ccc(cc5)F
Human immunodeficiency virus 1,6B3G,CKY,B,102,C[C@H]1CNC[C@@H](N1S(=O)(=O)c2ccccc2)CCc3c(cccc3F)NC(=O)CC(c4ccc(cc4)F)c5ccc(cc5)F
Human immunodeficiency virus 1,6B3H,CN4,A,101,c1cc(c(c(c1)F)CC[C@H]2CN[C@@H]3CCCS(=O)(=O)N2C3)NC(=O)CC(c4ccc(cc4)F)c5ccc(cc5)F
Human immunodeficiency virus 1,6B3H,CN4,B,101,c1cc(c(c(c1)F)CC[C@H]2CN[C@@H]3CCCS(=O)(=O)N2C3)NC(=O)CC(c4ccc(cc4)F)c5ccc(cc5)F
Human immunodeficiency virus 1,6B4N,G53,A,201,CC(C)CN(C[C@H]([C@H](Cc1ccccc1)NC(=O)O[C@H]2CO[C@@H]3[C@H]2CCO3)O)S(=O)(=O)c4ccc(cc4)c5nc(co5)C(=O)OC
Human immunodeficiency virus 1,6BHR,IHP,G,401,C1(C(C(C(C(C1OP(=O)(O)O)OP(=O)(O)O)OP(=O)(O)O)OP(=O)(O)O)OP(=O)(O)O)OP(=O)(O)O
Human immunodeficiency virus 1,6BHS,IHP,A,301,C1(C(C(C(C(C1OP(=O)(O)O)OP(=O)(O)O)OP(=O)(O)O)OP(=O)(O)O)OP(=O)(O)O)OP(=O)(O)O
Human immunodeficiency virus 1,6BHT,IHP,K,302,C1(C(C(C(C(C1OP(=O)(O)O)OP(=O)(O)O)OP(=O)(O)O)OP(=O)(O)O)OP(=O)(O)O)OP(=O)(O)O
Human immunodeficiency virus 1,6BHT,IHP,D,301,C1(C(C(C(C(C1OP(=O)(O)O)OP(=O)(O)O)OP(=O)(O)O)OP(=O)(O)O)OP(=O)(O)O)OP(=O)(O)O
Human immunodeficiency virus 1,6BHT,IHP,C,301,C1(C(C(C(C(C1OP(=O)(O)O)OP(=O)(O)O)OP(=O)(O)O)OP(=O)(O)O)OP(=O)(O)O)OP(=O)(O)O
Human immunodeficiency virus 1,6BHT,IHP,K,301,C1(C(C(C(C(C1OP(=O)(O)O)OP(=O)(O)O)OP(=O)(O)O)OP(=O)(O)O)OP(=O)(O)O)OP(=O)(O)O
Human immunodeficiency virus 1,6BSG,EFZ,A,601,c1cc2c(cc1Cl)[C@@](OC(=O)N2)(C#CC3CC3)C(F)(F)F
Human immunodeficiency virus 1,6BSH,EFZ,A,601,c1cc2c(cc1Cl)[C@@](OC(=O)N2)(C#CC3CC3)C(F)(F)F
Human immunodeficiency virus 1,6BSI,EFZ,A,601,c1cc2c(cc1Cl)[C@@](OC(=O)N2)(C#CC3CC3)C(F)(F)F
Human immunodeficiency virus 1,6BSJ,EFZ,A,601,c1cc2c(cc1Cl)[C@@](OC(=O)N2)(C#CC3CC3)C(F)(F)F
Human immunodeficiency virus 1,6BXP,KYN,C,10,c1ccc(c(c1)C(=O)C[C@@H](C(=O)O)N)N
Human immunodeficiency virus 1,6BZ2,7OA,B,201,CC(C)CN(C[C@H]([C@H](Cc1cc(cc(c1)F)F)NC(=O)O[C@H]2[C@@H]3C[C@@H]4[C@H]2CO[C@@H]4OC3)O)S(=O)(=O)c5ccc6c(c5)sc(n6)NC7CC7
Human immunodeficiency virus 1,6C0J,K5A,A,601,Cc1cc(cc(c1Oc2c3c(ccs3)nc(n2)NC4CCN(CC4)Cc5ccc(cc5)S(=O)(=O)N)C)C#N
Human immunodeficiency virus 1,6C0K,K5A,A,601,Cc1cc(cc(c1Oc2c3c(ccs3)nc(n2)NC4CCN(CC4)Cc5ccc(cc5)S(=O)(=O)N)C)C#N
Human immunodeficiency virus 1,6C0L,K5A,A,601,Cc1cc(cc(c1Oc2c3c(ccs3)nc(n2)NC4CCN(CC4)Cc5ccc(cc5)S(=O)(=O)N)C)C#N
Human immunodeficiency virus 1,6C0N,K5C,A,601,Cc1cc(cc(c1Oc2c3c(ccs3)nc(n2)NC4CCN(CC4)Cc5ccc(cc5)S(=O)(=O)N)C)/C=C/C#N
Human immunodeficiency virus 1,6C0O,K5C,A,601,Cc1cc(cc(c1Oc2c3c(ccs3)nc(n2)NC4CCN(CC4)Cc5ccc(cc5)S(=O)(=O)N)C)/C=C/C#N
Human immunodeficiency virus 1,6C0P,K5C,A,601,Cc1cc(cc(c1Oc2c3c(ccs3)nc(n2)NC4CCN(CC4)Cc5ccc(cc5)S(=O)(=O)N)C)/C=C/C#N
Human immunodeficiency virus 1,6C0R,K5C,A,601,Cc1cc(cc(c1Oc2c3c(ccs3)nc(n2)NC4CCN(CC4)Cc5ccc(cc5)S(=O)(=O)N)C)/C=C/C#N
Human immunodeficiency virus 1,6C8X,BVR,A,101,B(=O)(c1ccc(cc1)S(=O)(=O)N(C[C@H]([C@H](Cc2ccccc2)NC(=O)O[C@H]3CO[C@@H]4[C@H]3CCO4)O)CC(C)C)O
Human immunodeficiency virus 1,6C8Y,BVR,A,102,B(=O)(c1ccc(cc1)S(=O)(=O)N(C[C@H]([C@H](Cc2ccccc2)NC(=O)O[C@H]3CO[C@@H]4[C@H]3CCO4)O)CC(C)C)O
Human immunodeficiency virus 1,6CDJ,GR8,A,201,CC(C)CN(C[C@H]([C@H](Cc1cc(cc(c1)F)F)NC(=O)O[C@@H]2C[C@@H]3CO[C@H]4[C@@H]3[C@@H]2CCO4)O)S(=O)(=O)c5ccc6c(c5)sc(n6)NC7CC7
Human immunodeficiency virus 1,6CDL,GR5,B,201,CC(C)CN(C[C@H]([C@H](Cc1cc(cc(c1)F)F)NC(=O)O[C@H]2C[C@H]3CO[C@@H]4[C@H]3[C@H]2CCO4)O)S(=O)(=O)c5ccc6c(c5)sc(n6)NC7CC7
Human immunodeficiency virus 1,6CGF,K5A,A,601,Cc1cc(cc(c1Oc2c3c(ccs3)nc(n2)NC4CCN(CC4)Cc5ccc(cc5)S(=O)(=O)N)C)C#N
Human immunodeficiency virus 1,6CM9,GTP,H,1001,c1nc2c(n1[C@H]3[C@@H]([C@@H]([C@H](O3)CO[P@](=O)(O)O[P@](=O)(O)OP(=O)(O)O)O)O)N=C(NC2=O)N
Human immunodeficiency virus 1,6CM9,GTP,C,1001,c1nc2c(n1[C@H]3[C@@H]([C@@H]([C@H](O3)CO[P@](=O)(O)O[P@](=O)(O)OP(=O)(O)O)O)O)N=C(NC2=O)N
Human immunodeficiency virus 1,6CRI,GTP,K,1001,c1nc2c(n1[C@H]3[C@@H]([C@@H]([C@H](O3)CO[P@](=O)(O)O[P@](=O)(O)OP(=O)(O)O)O)O)N=C(NC2=O)N
Human immunodeficiency virus 1,6CRI,GTP,L,1001,c1nc2c(n1[C@H]3[C@@H]([C@@H]([C@H](O3)CO[P@](=O)(O)O[P@](=O)(O)OP(=O)(O)O)O)O)N=C(NC2=O)N
Human immunodeficiency virus 1,6CRI,GTP,H,1001,c1nc2c(n1[C@H]3[C@@H]([C@@H]([C@H](O3)CO[P@](=O)(O)O[P@](=O)(O)OP(=O)(O)O)O)O)N=C(NC2=O)N
Human immunodeficiency virus 1,6CRI,GTP,C,1001,c1nc2c(n1[C@H]3[C@@H]([C@@H]([C@H](O3)CO[P@](=O)(O)O[P@](=O)(O)OP(=O)(O)O)O)O)N=C(NC2=O)N
Human immunodeficiency virus 1,6CRI,GTP,V,1001,c1nc2c(n1[C@H]3[C@@H]([C@@H]([C@H](O3)CO[P@](=O)(O)O[P@](=O)(O)OP(=O)(O)O)O)O)N=C(NC2=O)N
Human immunodeficiency virus 1,6CRI,GTP,U,1001,c1nc2c(n1[C@H]3[C@@H]([C@@H]([C@H](O3)CO[P@](=O)(O)O[P@](=O)(O)OP(=O)(O)O)O)O)N=C(NC2=O)N
Human immunodeficiency virus 1,6D0D,FQ4,B,400,CC(C)CN(C[C@H]([C@H](Cc1ccc(cc1)F)NC(=O)O[C@H]2CCO[C@@H]3[C@H]2CCO3)O)S(=O)(=O)c4ccc(cc4)OC
Human immunodeficiency virus 1,6D0E,FQ1,B,500,CC(C)CN(C[C@H]([C@H](Cc1cc(cc(c1)F)F)NC(=O)O[C@H]2CCO[C@@H]3[C@H]2CCO3)O)S(=O)(=O)c4ccc(cc4)OC
Human immunodeficiency virus 1,6D83,GTP,H,1001,c1nc2c(n1[C@H]3[C@@H]([C@@H]([C@H](O3)CO[P@](=O)(O)O[P@](=O)(O)OP(=O)(O)O)O)O)N=C(NC2=O)N
Human immunodeficiency virus 1,6D83,GTP,C,1001,c1nc2c(n1[C@H]3[C@@H]([C@@H]([C@H](O3)CO[P@](=O)(O)O[P@](=O)(O)OP(=O)(O)O)O)O)N=C(NC2=O)N
Human immunodeficiency virus 1,6D84,GTP,N,1001,c1nc2c(n1[C@H]3[C@@H]([C@@H]([C@H](O3)CO[P@](=O)(O)O[P@](=O)(O)OP(=O)(O)O)O)O)N=C(NC2=O)N
Human immunodeficiency virus 1,6D84,GTP,H,1001,c1nc2c(n1[C@H]3[C@@H]([C@@H]([C@H](O3)CO[P@](=O)(O)O[P@](=O)(O)OP(=O)(O)O)O)O)N=C(NC2=O)N
Human immunodeficiency virus 1,6D84,GTP,I,1001,c1nc2c(n1[C@H]3[C@@H]([C@@H]([C@H](O3)CO[P@](=O)(O)O[P@](=O)(O)OP(=O)(O)O)O)O)N=C(NC2=O)N
Human immunodeficiency virus 1,6D84,GTP,C,1001,c1nc2c(n1[C@H]3[C@@H]([C@@H]([C@H](O3)CO[P@](=O)(O)O[P@](=O)(O)OP(=O)(O)O)O)O)N=C(NC2=O)N
Human immunodeficiency virus 1,6DB6,FCA,A,5,C[C@@H]1[C@@H]([C@@H]([C@H]([C@H](O1)O)O)O)O
Human immunodeficiency virus 1,6DFF,GTP,C,1001,c1nc2c(n1[C@H]3[C@@H]([C@@H]([C@H](O3)CO[P@](=O)(O)O[P@](=O)(O)OP(=O)(O)O)O)O)N=C(NC2=O)N
Human immunodeficiency virus 1,6DFF,GTP,H,1001,c1nc2c(n1[C@H]3[C@@H]([C@@H]([C@H](O3)CO[P@](=O)(O)O[P@](=O)(O)OP(=O)(O)O)O)O)N=C(NC2=O)N
Human immunodeficiency virus 1,6DGX,017,A,101,CC(C)C[N@@](C[C@H]([C@H](Cc1ccccc1)NC(=O)O[C@H]2CO[C@@H]3[C@H]2CCO3)O)S(=O)(=O)c4ccc(cc4)N
Human immunodeficiency virus 1,6DGY,K13,A,103,CC[C@H](C)C[N@@](C[C@H]([C@H](Cc1ccccc1)NC(=O)O[C@H]2CO[C@@H]3[C@H]2CCO3)O)S(=O)(=O)c4ccc(cc4)N
Human immunodeficiency virus 1,6DGZ,A60,A,102,CCC(CC)C[N@@](C[C@H]([C@H](Cc1ccccc1)NC(=O)O[C@H]2CO[C@@H]3[C@H]2CCO3)O)S(=O)(=O)c4ccc(cc4)N
Human immunodeficiency virus 1,6DH0,017,A,101,CC(C)C[N@@](C[C@H]([C@H](Cc1ccccc1)NC(=O)O[C@H]2CO[C@@H]3[C@H]2CCO3)O)S(=O)(=O)c4ccc(cc4)N
Human immunodeficiency virus 1,6DH1,K13,A,102,CC[C@H](C)C[N@@](C[C@H]([C@H](Cc1ccccc1)NC(=O)O[C@H]2CO[C@@H]3[C@H]2CCO3)O)S(=O)(=O)c4ccc(cc4)N
Human immunodeficiency virus 1,6DH2,A60,A,102,CCC(CC)C[N@@](C[C@H]([C@H](Cc1ccccc1)NC(=O)O[C@H]2CO[C@@H]3[C@H]2CCO3)O)S(=O)(=O)c4ccc(cc4)N
Human immunodeficiency virus 1,6DH3,017,A,101,CC(C)C[N@@](C[C@H]([C@H](Cc1ccccc1)NC(=O)O[C@H]2CO[C@@H]3[C@H]2CCO3)O)S(=O)(=O)c4ccc(cc4)N
Human immunodeficiency virus 1,6DH4,K13,A,104,CC[C@H](C)C[N@@](C[C@H]([C@H](Cc1ccccc1)NC(=O)O[C@H]2CO[C@@H]3[C@H]2CCO3)O)S(=O)(=O)c4ccc(cc4)N
Human immunodeficiency virus 1,6DH5,A60,A,104,CCC(CC)C[N@@](C[C@H]([C@H](Cc1ccccc1)NC(=O)O[C@H]2CO[C@@H]3[C@H]2CCO3)O)S(=O)(=O)c4ccc(cc4)N
Human immunodeficiency virus 1,6DH6,017,A,104,CC(C)C[N@@](C[C@H]([C@H](Cc1ccccc1)NC(=O)O[C@H]2CO[C@@H]3[C@H]2CCO3)O)S(=O)(=O)c4ccc(cc4)N
Human immunodeficiency virus 1,6DH7,K13,A,103,CC[C@H](C)C[N@@](C[C@H]([C@H](Cc1ccccc1)NC(=O)O[C@H]2CO[C@@H]3[C@H]2CCO3)O)S(=O)(=O)c4ccc(cc4)N
Human immunodeficiency virus 1,6DH8,A60,A,105,CCC(CC)C[N@@](C[C@H]([C@H](Cc1ccccc1)NC(=O)O[C@H]2CO[C@@H]3[C@H]2CCO3)O)S(=O)(=O)c4ccc(cc4)N
Human immunodeficiency virus 1,6DIF,TPV,B,201,CCC[C@]1(CC(=C(C(=O)O1)[C@H](CC)c2cccc(c2)NS(=O)(=O)c3ccc(cn3)C(F)(F)F)O)CCc4ccccc4
Human immunodeficiency virus 1,6DIL,TPV,B,201,CCC[C@]1(CC(=C(C(=O)O1)[C@H](CC)c2cccc(c2)NS(=O)(=O)c3ccc(cn3)C(F)(F)F)O)CCc4ccccc4
Human immunodeficiency virus 1,6DJ1,AB1,B,201,Cc1cccc(c1OCC(=O)N[C@@H](Cc2ccccc2)[C@H](C[C@H](Cc3ccccc3)NC(=O)[C@H](C(C)C)N4CCCNC4=O)O)C
Human immunodeficiency virus 1,6DJ2,AB1,B,201,Cc1cccc(c1OCC(=O)N[C@@H](Cc2ccccc2)[C@H](C[C@H](Cc3ccccc3)NC(=O)[C@H](C(C)C)N4CCCNC4=O)O)C
Human immunodeficiency virus 1,6DJ5,G52,B,201,CC(C)C[N@@](C[C@H]([C@H](Cc1ccccc1)NC(=O)O[C@H]2CO[C@@H]3[C@H]2[C@H]4CCO[C@H]4O3)O)S(=O)(=O)c5ccc(cc5)OC
Human immunodeficiency virus 1,6DJ7,G10,B,201,CC(C)CN(C[C@H]([C@H](Cc1ccccc1)NC(=O)O[C@H]2CO[C@@H]3[C@H]2C(CO3)(F)F)O)S(=O)(=O)c4ccc(cc4)N
Human immunodeficiency virus 1,6DTW,H9Y,A,601,c1cc(c(cc1F)OCCN2C=CC(=O)NC2=O)Oc3cc(cn4c3cc(c4)C#N)F
Human immunodeficiency virus 1,6DTX,H9Y,A,601,c1cc(c(cc1F)OCCN2C=CC(=O)NC2=O)Oc3cc(cn4c3cc(c4)C#N)F
Human immunodeficiency virus 1,6DUF,K5C,A,601,Cc1cc(cc(c1Oc2c3c(ccs3)nc(n2)NC4CCN(CC4)Cc5ccc(cc5)S(=O)(=O)N)C)/C=C/C#N
Human immunodeficiency virus 1,6DUG,K5C,A,601,Cc1cc(cc(c1Oc2c3c(ccs3)nc(n2)NC4CCN(CC4)Cc5ccc(cc5)S(=O)(=O)N)C)/C=C/C#N
Human immunodeficiency virus 1,6DUH,K5C,A,601,Cc1cc(cc(c1Oc2c3c(ccs3)nc(n2)NC4CCN(CC4)Cc5ccc(cc5)S(=O)(=O)N)C)/C=C/C#N
Human immunodeficiency virus 1,6DV0,GA8,B,201,CC(C)CN(C[C@H]([C@H](Cc1ccccc1)NC(=O)c2ccc3c(c2)[C@H](CCS3)NC(=O)OC(C)(C)C)O)S(=O)(=O)c4ccc(cc4)OC
Human immunodeficiency virus 1,6DV4,GA5,B,201,CC(C)CN(C[C@H]([C@H](Cc1ccccc1)NC(=O)c2ccc3c(c2)[C@@H](CC[C@@H]3O)NC(=O)OC(C)(C)C)O)S(=O)(=O)c4ccc(cc4)OC
Human immunodeficiency virus 1,6E7J,HWY,A,201,CC(C)CN(C[C@H]([C@H](Cc1ccccc1)NC(=O)O[C@@H]2C[C@H]3[C@@H](C2)OC(=O)N3c4ccccc4)O)S(=O)(=O)c5ccc(cc5)OC
Human immunodeficiency virus 1,6E9A,J0S,B,201,CC(C)CN(C[C@H]([C@H](Cc1ccccc1)NC(=O)O[C@@H]2C[C@H]3[C@@H](C2)OC(=O)N3)O)S(=O)(=O)c4ccc(cc4)OC
Human immunodeficiency virus 1,6EB1,J3M,A,301,CC(C)(C)O[C@@H](c1c2ccccc2c(nc1c3ccc4c(c3)CCCO4)c5ccccc5)C(=O)O
Human immunodeficiency virus 1,6EB2,J3P,A,301,CC(C)(C)O[C@@H](c1c2ccccc2c(nc1c3ccc4c(c3)CCCO4)c5cnn(c5)Cc6ccccc6)C(=O)O
Human immunodeficiency virus 1,6ECL,T90,A,602,Cc1nnc(n1Cc2ccccc2)SCc3cc(ccc3OC)C(=O)C
Human immunodeficiency virus 1,6ELI,T27,A,701,Cc1cc(cc(c1Nc2ccnc(n2)Nc3ccc(cc3)C#N)C)/C=C/C#N
Human immunodeficiency virus 1,6ELI,BA5,A,702,COC(=O)C1=C(c2cccnc2N(C1=O)O)N
Human immunodeficiency virus 1,6ES8,IHP,A,501,C1(C(C(C(C(C1OP(=O)(O)O)OP(=O)(O)O)OP(=O)(O)O)OP(=O)(O)O)OP(=O)(O)O)OP(=O)(O)O
Human immunodeficiency virus 1,6G9I,CXX,B,707,CN(C)CCCN1c2ccccc2CCc3c1cc(cc3)Cl
Human immunodeficiency virus 1,6H09,IHP,A,501,C1(C(C(C(C(C1OP(=O)(O)O)OP(=O)(O)O)OP(=O)(O)O)OP(=O)(O)O)OP(=O)(O)O)OP(=O)(O)O
Human immunodeficiency virus 1,6HIP,TRP,B,501,c1ccc2c(c1)c(c[nH]2)C[C@@H](C(=O)O)N
Human immunodeficiency virus 1,6IK9,DGT,F,701,c1nc2c(n1[C@H]3C[C@@H]([C@H](O3)CO[P@@](=O)(O)O[P@@](=O)(O)OP(=O)(O)O)O)N=C(NC2=O)N
Human immunodeficiency virus 1,6IK9,DGT,A,601,c1nc2c(n1[C@H]3C[C@@H]([C@H](O3)CO[P@@](=O)(O)O[P@@](=O)(O)OP(=O)(O)O)O)N=C(NC2=O)N
Human immunodeficiency virus 1,6IKA,ET9,A,601,C=C1[C@H](C[C@@H]([C@H]1COP(=O)(O)OP(=O)(O)OP(=O)(O)O)O)n2cnc3c2NC(=NC3=O)N
Human immunodeficiency virus 1,6IKA,ET9,C,601,C=C1[C@H](C[C@@H]([C@H]1COP(=O)(O)OP(=O)(O)OP(=O)(O)O)O)n2cnc3c2NC(=NC3=O)N
Human immunodeficiency virus 1,6IXD,B0F,B,101,Cc1cc(cc(c1OCC(=O)N[C@@H](Cc2ccccc2)[C@@H](C(=O)N3CSC([C@H]3C(=O)N[C@H]4c5ccccc5C[C@H]4O)(C)C)O)C)NC(=O)CCCC[C@H]6[C@@H]7[C@H](CS6)NC(=O)N7
Human immunodeficiency virus 1,6KDJ,1RZ,A,601,C1[C@H](O[C@H](S1)COP(=O)(O)OP(=O)(O)OP(=O)(O)O)N2C=CC(=NC2=O)N
Human immunodeficiency virus 1,6KDJ,1RZ,C,601,C1[C@H](O[C@H](S1)COP(=O)(O)OP(=O)(O)OP(=O)(O)O)N2C=CC(=NC2=O)N
Human immunodeficiency virus 1,6KDK,DCP,C,601,C1[C@@H]([C@H](O[C@H]1N2C=CC(=NC2=O)N)CO[P@@](=O)(O)O[P@@](=O)(O)OP(=O)(O)O)O
Human immunodeficiency virus 1,6KDK,DCP,A,601,C1[C@@H]([C@H](O[C@H]1N2C=CC(=NC2=O)N)CO[P@@](=O)(O)O[P@@](=O)(O)OP(=O)(O)O)O
Human immunodeficiency virus 1,6KDM,ET9,C,602,C=C1[C@H](C[C@@H]([C@H]1COP(=O)(O)OP(=O)(O)OP(=O)(O)O)O)n2cnc3c2NC(=NC3=O)N
Human immunodeficiency virus 1,6KDM,ET9,A,603,C=C1[C@H](C[C@@H]([C@H]1COP(=O)(O)OP(=O)(O)OP(=O)(O)O)O)n2cnc3c2NC(=NC3=O)N
Human immunodeficiency virus 1,6KDN,DGT,C,602,c1nc2c(n1[C@H]3C[C@@H]([C@H](O3)CO[P@@](=O)(O)O[P@@](=O)(O)OP(=O)(O)O)O)N=C(NC2=O)N
Human immunodeficiency virus 1,6KDN,DGT,A,602,c1nc2c(n1[C@H]3C[C@@H]([C@H](O3)CO[P@@](=O)(O)O[P@@](=O)(O)OP(=O)(O)O)O)N=C(NC2=O)N
Human immunodeficiency virus 1,6KDO,1RZ,E,601,C1[C@H](O[C@H](S1)COP(=O)(O)OP(=O)(O)OP(=O)(O)O)N2C=CC(=NC2=O)N
Human immunodeficiency virus 1,6KDO,1RZ,C,601,C1[C@H](O[C@H](S1)COP(=O)(O)OP(=O)(O)OP(=O)(O)O)N2C=CC(=NC2=O)N
Human immunodeficiency virus 1,6KMP,KVS,B,201,[H]/N=C(\N)/NCCC[C@@H](C(=O)N)NC(=O)[C@H](CCC(=O)N)NC(=O)[C@H](CCCC)CC([C@H](CCCC)NC(=O)[C@H]([C@@H](C)CC)NC(=O)[C@H]([C@@H](C)O)NC(=O)C)(O)O
Human immunodeficiency virus 1,6LMI,EJ9,A,304,Cc1ccc(cc1C)c2c(c(c(c(c2NS(=O)(=O)C)C)[C@@H](C(=O)O)OC(C)(C)C)c3ccc4c(c3)CCCO4)C
Human immunodeficiency virus 1,6LMQ,940,A,304,Cc1ccc(cc1C)c2c(c(c(c(c2NS(=O)(=O)C)C)[C@@H](C(=O)O)OC(C)(C)C)c3ccc4c(c3)NCCO4)C
Human immunodeficiency virus 1,6MCF,RY,A,71,C1C=C(NC(=O)N1[C@H]2[C@@H]([C@@H]([C@H](O2)COP(=O)(O)O)O)O)N
Human immunodeficiency virus 1,6MCF,RY,A,75,C1C=C(NC(=O)N1[C@H]2[C@@H]([C@@H]([C@H](O2)COP(=O)(O)O)O)O)N
Human immunodeficiency virus 1,6MCR,JDY,A,104,CC(C)CN(C[C@H]([C@H](Cc1cccc(c1)F)NC(=O)O[C@H]2[C@@H]3C[C@@H]4[C@H]2CO[C@@H]4OC3)O)S(=O)(=O)c5ccc6c(c5)sc(n6)NC7CC7
Human immunodeficiency virus 1,6MCS,JDV,A,101,CC(C)CN(C[C@H]([C@H](Cc1ccc(cc1)F)NC(=O)O[C@H]2[C@@H]3C[C@@H]4[C@H]2CO[C@@H]4OC3)O)S(=O)(=O)c5ccc6c(c5)sc(n6)NC7CC7
Human immunodeficiency virus 1,6MEO,A2G,B,401,CC(=O)N[C@@H]1[C@H]([C@H]([C@H](O[C@@H]1O)CO)O)O
Human immunodeficiency virus 1,6MET,A2G,B,401,CC(=O)N[C@@H]1[C@H]([C@H]([C@H](O[C@@H]1O)CO)O)O
Human immunodeficiency virus 1,6MK9,7O7,A,400,CC(C)CN(C[C@H]([C@H](Cc1ccccc1)NC(=O)O[C@H]2[C@@H]3C[C@@H]4[C@H]2CO[C@@H]4OC3)O)S(=O)(=O)c5ccc6c(c5)sc(n6)NC7CC7
Human immunodeficiency virus 1,6MKL,7OA,A,400,CC(C)CN(C[C@H]([C@H](Cc1cc(cc(c1)F)F)NC(=O)O[C@H]2[C@@H]3C[C@@H]4[C@H]2CO[C@@H]4OC3)O)S(=O)(=O)c5ccc6c(c5)sc(n6)NC7CC7
Human immunodeficiency virus 1,6MTJ,83G,G,637,C[C@@H]1CN(CCN1C(=O)C(=O)c2c[nH]c3c2c(ccn3)OC)C(=O)c4ccccc4
Human immunodeficiency virus 1,6MTN,JYJ,G,638,c1cc(cc(c1)Cl)C2(CC2)C(=O)N3CCN(CC3)C(=O)c4ccsc4
Human immunodeficiency virus 1,6MU6,JYV,G,638,CN(C)CCCN(C)Cc1nc(cs1)c2c3c(c(c[nH]3)C(=O)C(=O)N4CCC(CC4)[C@@H](C#N)c5ccccc5)c(cn2)OC
Human immunodeficiency virus 1,6MU7,JYY,G,637,COc1cnc(c2c1c(c[nH]2)C(=O)C(=O)N3CCC(CC3)C(C#N)c4ccccc4)c5csc(n5)C(=O)NCCO
Human immunodeficiency virus 1,6MU8,JYS,G,637,c1ccc(cc1)C(=O)N2CCN(CC2)C(=O)C(=O)c3c[nH]c4c3c(ccc4F)Br
Human immunodeficiency virus 1,6MUG,JYS,G,633,c1ccc(cc1)C(=O)N2CCN(CC2)C(=O)C(=O)c3c[nH]c4c3c(ccc4F)Br
Human immunodeficiency virus 1,6NCJ,KJJ,A,305,Cc1c(cc(c2c1CCCO2)F)c3c4c(nc(c3[C@@H](C(=O)O)OC(C)(C)C)C)CCN(C4)C[C@H]5C[C@H]5c6ccccc6
Human immunodeficiency virus 1,6NUJ,L3D,A,300,Cc1c(c(c2ccccc2n1)c3ccc4c5c3nccc5CCO4)[C@@H](C(=O)O)OC(C)(C)C
Human immunodeficiency virus 1,6O3J,44E,H,301,CCCCCC(=O)OC[C@H](COP(=O)(O)O)OC(=O)CCCCC
Human immunodeficiency virus 1,6O3J,44E,A,301,CCCCCC(=O)OC[C@H](COP(=O)(O)O)OC(=O)CCCCC
Human immunodeficiency virus 1,6O48,0Q4,B,201,CCCC[C@@H](C(=O)N)NC(=O)[C@H](C)NC(=O)[C@H](CCC(=O)O)NC(=O)[C@H](Cc1ccccc1)NC[C@H](CC(C)C)NC(=O)[C@H](C(C)C)NC(=O)[C@H](CCCNC(=[NH2+])N)N
Human immunodeficiency virus 1,6O57,2NC,B,201,CCCC[C@@H](CN[C@@H](CCCC)C(=O)N[C@@H](CCC(=O)N)C(=O)N[C@@H](CCCNC(=[NH2+])N)C(=O)N)NC(=O)[C@H]([C@@H](C)CC)NC(=O)[C@H]([C@@H](C)O)NC(=O)C
Human immunodeficiency virus 1,6O5A,2NC,A,201,CCCC[C@@H](CN[C@@H](CCCC)C(=O)N[C@@H](CCC(=O)N)C(=O)N[C@@H](CCCNC(=[NH2+])N)C(=O)N)NC(=O)[C@H]([C@@H](C)CC)NC(=O)[C@H]([C@@H](C)O)NC(=O)C
Human immunodeficiency virus 1,6O5X,0Q4,B,101,CCCC[C@@H](C(=O)N)NC(=O)[C@H](C)NC(=O)[C@H](CCC(=O)O)NC(=O)[C@H](Cc1ccccc1)NC[C@H](CC(C)C)NC(=O)[C@H](C(C)C)NC(=O)[C@H](CCCNC(=[NH2+])N)N
Human immunodeficiency virus 1,6O5X,0Q4,D,101,CCCC[C@@H](C(=O)N)NC(=O)[C@H](C)NC(=O)[C@H](CCC(=O)O)NC(=O)[C@H](Cc1ccccc1)NC[C@H](CC(C)C)NC(=O)[C@H](C(C)C)NC(=O)[C@H](CCCNC(=[NH2+])N)N
Human immunodeficiency virus 1,6O9E,IY1,F,101,Cn1c2ccccc2c3c1C=C(C(=O)N3c4ccc(cc4)[N+](=O)[O-])C#N
Human immunodeficiency virus 1,6O9E,IY1,E,102,Cn1c2ccccc2c3c1C=C(C(=O)N3c4ccc(cc4)[N+](=O)[O-])C#N
Human immunodeficiency virus 1,6OE3,M9A,A,601,c1ccc(c(c1)OCCN2C=CC(=O)NC2=O)Oc3cc(cc4c3ccc(c4)C#N)F
Human immunodeficiency virus 1,6OGL,JDV,A,103,CC(C)CN(C[C@H]([C@H](Cc1ccc(cc1)F)NC(=O)O[C@H]2[C@@H]3C[C@@H]4[C@H]2CO[C@@H]4OC3)O)S(=O)(=O)c5ccc6c(c5)sc(n6)NC7CC7
Human immunodeficiency virus 1,6OGP,MJD,A,102,CC(C)CN(C[C@H]([C@H](Cc1cc(cc(c1)F)F)NC(=O)O[C@H]2[C@@H]3C[C@@H]4[C@H]2CO[C@@H]4OC3)O)S(=O)(=O)c5ccc6c(c5)oc(n6)NC(C)C
Human immunodeficiency virus 1,6OGQ,JDV,A,103,CC(C)CN(C[C@H]([C@H](Cc1ccc(cc1)F)NC(=O)O[C@H]2[C@@H]3C[C@@H]4[C@H]2CO[C@@H]4OC3)O)S(=O)(=O)c5ccc6c(c5)sc(n6)NC7CC7
Human immunodeficiency virus 1,6OGR,7OA,A,101,CC(C)CN(C[C@H]([C@H](Cc1cc(cc(c1)F)F)NC(=O)O[C@H]2[C@@H]3C[C@@H]4[C@H]2CO[C@@H]4OC3)O)S(=O)(=O)c5ccc6c(c5)sc(n6)NC7CC7
Human immunodeficiency virus 1,6OGS,JDY,A,103,CC(C)CN(C[C@H]([C@H](Cc1cccc(c1)F)NC(=O)O[C@H]2[C@@H]3C[C@@H]4[C@H]2CO[C@@H]4OC3)O)S(=O)(=O)c5ccc6c(c5)sc(n6)NC7CC7
Human immunodeficiency virus 1,6OGT,JDY,A,102,CC(C)CN(C[C@H]([C@H](Cc1cccc(c1)F)NC(=O)O[C@H]2[C@@H]3C[C@@H]4[C@H]2CO[C@@H]4OC3)O)S(=O)(=O)c5ccc6c(c5)sc(n6)NC7CC7
Human immunodeficiency virus 1,6ONE,MVY,A,512,COC(=O)N1CCC[C@@H](C1)C(=O)Nc2ccc(c(c2)F)Cl
Human immunodeficiency virus 1,6ONF,MW4,A,511,CCOC(=O)N1CCC[C@@H](C1)C(=O)Nc2ccc(c(c2)F)Cl
Human immunodeficiency virus 1,6ONH,MWD,A,511,CCCNC(=O)N1CCC[C@@H](C1)C(=O)Nc2ccc(c(c2)F)Cl
Human immunodeficiency virus 1,6ONV,MWA,A,511,CS(=O)(=O)N1CCC[C@@H](C1)C(=O)Nc2ccc(c(c2)F)Cl
Human immunodeficiency virus 1,6OOO,MXJ,A,511,CCCNC(=O)N1C[C@H](C[C@H](C1)N)C(=O)Nc2ccc(c(c2)F)Cl
Human immunodeficiency virus 1,6OOS,017,C,101,CC(C)C[N@@](C[C@H]([C@H](Cc1ccccc1)NC(=O)O[C@H]2CO[C@@H]3[C@H]2CCO3)O)S(=O)(=O)c4ccc(cc4)N
Human immunodeficiency virus 1,6OOS,017,A,101,CC(C)C[N@@](C[C@H]([C@H](Cc1ccccc1)NC(=O)O[C@H]2CO[C@@H]3[C@H]2CCO3)O)S(=O)(=O)c4ccc(cc4)N
Human immunodeficiency virus 1,6OOT,017,B,101,CC(C)C[N@@](C[C@H]([C@H](Cc1ccccc1)NC(=O)O[C@H]2CO[C@@H]3[C@H]2CCO3)O)S(=O)(=O)c4ccc(cc4)N
Human immunodeficiency virus 1,6OOU,017,A,101,CC(C)C[N@@](C[C@H]([C@H](Cc1ccccc1)NC(=O)O[C@H]2CO[C@@H]3[C@H]2CCO3)O)S(=O)(=O)c4ccc(cc4)N
Human immunodeficiency virus 1,6OPN,N07,E,700,Cc1nnc(o1)c2cccc(c2)c3cccc(c3)C(=O)N4CCCCC4
Human immunodeficiency virus 1,6OPN,N07,B,700,Cc1nnc(o1)c2cccc(c2)c3cccc(c3)C(=O)N4CCCCC4
Human immunodeficiency virus 1,6OPN,N07,H,700,Cc1nnc(o1)c2cccc(c2)c3cccc(c3)C(=O)N4CCCCC4
Human immunodeficiency virus 1,6OPO,LMT,M,701,CCCCCCCCCCCCO[C@H]1[C@@H]([C@H]([C@@H]([C@H](O1)CO)O[C@@H]2[C@@H]([C@H]([C@@H]([C@H](O2)CO)O)O)O)O)O
Human immunodeficiency virus 1,6OPO,LMT,F,701,CCCCCCCCCCCCO[C@H]1[C@@H]([C@H]([C@@H]([C@H](O1)CO)O[C@@H]2[C@@H]([C@H]([C@@H]([C@H](O2)CO)O)O)O)O)O
Human immunodeficiency virus 1,6OPO,LMT,B,701,CCCCCCCCCCCCO[C@H]1[C@@H]([C@H]([C@@H]([C@H](O1)CO)O[C@@H]2[C@@H]([C@H]([C@@H]([C@H](O2)CO)O)O)O)O)O
Human immunodeficiency virus 1,6OPP,LMT,B,706,CCCCCCCCCCCCO[C@H]1[C@@H]([C@H]([C@@H]([C@H](O1)CO)O[C@@H]2[C@@H]([C@H]([C@@H]([C@H](O2)CO)O)O)O)O)O
Human immunodeficiency virus 1,6OPP,LMT,E,705,CCCCCCCCCCCCO[C@H]1[C@@H]([C@H]([C@@H]([C@H](O1)CO)O[C@@H]2[C@@H]([C@H]([C@@H]([C@H](O2)CO)O)O)O)O)O
Human immunodeficiency virus 1,6OPP,LMT,B,701,CCCCCCCCCCCCO[C@H]1[C@@H]([C@H]([C@@H]([C@H](O1)CO)O[C@@H]2[C@@H]([C@H]([C@@H]([C@H](O2)CO)O)O)O)O)O
Human immunodeficiency virus 1,6OPS,017,A,101,CC(C)C[N@@](C[C@H]([C@H](Cc1ccccc1)NC(=O)O[C@H]2CO[C@@H]3[C@H]2CCO3)O)S(=O)(=O)c4ccc(cc4)N
Human immunodeficiency virus 1,6OPT,017,A,101,CC(C)C[N@@](C[C@H]([C@H](Cc1ccccc1)NC(=O)O[C@H]2CO[C@@H]3[C@H]2CCO3)O)S(=O)(=O)c4ccc(cc4)N
Human immunodeficiency virus 1,6OPU,017,B,101,CC(C)C[N@@](C[C@H]([C@H](Cc1ccccc1)NC(=O)O[C@H]2CO[C@@H]3[C@H]2CCO3)O)S(=O)(=O)c4ccc(cc4)N
Human immunodeficiency virus 1,6OPV,017,B,101,CC(C)C[N@@](C[C@H]([C@H](Cc1ccccc1)NC(=O)O[C@H]2CO[C@@H]3[C@H]2CCO3)O)S(=O)(=O)c4ccc(cc4)N
Human immunodeficiency virus 1,6OPW,017,A,101,CC(C)C[N@@](C[C@H]([C@H](Cc1ccccc1)NC(=O)O[C@H]2CO[C@@H]3[C@H]2CCO3)O)S(=O)(=O)c4ccc(cc4)N
Human immunodeficiency virus 1,6OPX,017,B,101,CC(C)C[N@@](C[C@H]([C@H](Cc1ccccc1)NC(=O)O[C@H]2CO[C@@H]3[C@H]2CCO3)O)S(=O)(=O)c4ccc(cc4)N
Human immunodeficiency virus 1,6OPY,017,A,101,CC(C)C[N@@](C[C@H]([C@H](Cc1ccccc1)NC(=O)O[C@H]2CO[C@@H]3[C@H]2CCO3)O)S(=O)(=O)c4ccc(cc4)N
Human immunodeficiency virus 1,6OPZ,017,A,101,CC(C)C[N@@](C[C@H]([C@H](Cc1ccccc1)NC(=O)O[C@H]2CO[C@@H]3[C@H]2CCO3)O)S(=O)(=O)c4ccc(cc4)N
Human immunodeficiency virus 1,6OR7,1RY,A,601,C1[C@H](O[C@H](S1)COP(=O)(O)OP(=O)(O)OP(=O)(O)O)N2C=C(C(=NC2=O)N)F
Human immunodeficiency virus 1,6OTG,4UY,B,201,CC(C)CN(C[C@H]([C@H](Cc1ccccc1)NC(=O)O[C@H]2CO[C@@H]3[C@H]2[C@H](CO3)NC)O)S(=O)(=O)c4ccc(cc4)OC
Human immunodeficiency virus 1,6OTZ,N8G,A,604,C1[C@@H](O[C@@H](S1)COP(=O)(O)OP(=O)(O)OP(=O)(O)O)N2C=C(C(=NC2=O)N)F
Human immunodeficiency virus 1,6OUN,1RZ,A,604,C1[C@H](O[C@H](S1)COP(=O)(O)OP(=O)(O)OP(=O)(O)O)N2C=CC(=NC2=O)N
Human immunodeficiency virus 1,6OXO,NJM,A,101,CC(C)CN(C[C@H]([C@H](Cc1ccccc1)NC(=O)O[C@H]2CO[C@@H]3[C@H]2CCO3)O)S(=O)(=O)c4ccc(cc4)CO
Human immunodeficiency virus 1,6OXP,K2A,A,103,CC[C@H](C)C[N@@](C[C@H]([C@H](Cc1ccccc1)NC(=O)O[C@H]2CO[C@@H]3[C@H]2CCO3)O)S(=O)(=O)c4ccc(cc4)CO
Human immunodeficiency virus 1,6OXQ,F53,A,101,CCC(CC)C[N@@](C[C@H]([C@H](Cc1ccccc1)NC(=O)O[C@H]2CO[C@@H]3[C@H]2CCO3)O)S(=O)(=O)c4ccc(cc4)CO
Human immunodeficiency virus 1,6OXR,NJA,A,101,C[C@@H](c1ccc(cc1)S(=O)(=O)N(C[C@H]([C@H](Cc2ccccc2)NC(=O)O[C@H]3CO[C@@H]4[C@H]3CCO4)O)CC(C)C)O
Human immunodeficiency virus 1,6OXS,NJ4,A,101,C[C@H](c1ccc(cc1)S(=O)(=O)N(C[C@H]([C@H](Cc2ccccc2)NC(=O)O[C@H]3CO[C@@H]4[C@H]3CCO4)O)CC(C)C)O
Human immunodeficiency virus 1,6OXT,NEJ,A,101,CC[C@H](C)CN(C[C@H]([C@H](Cc1ccccc1)NC(=O)O[C@H]2CO[C@@H]3[C@H]2CCO3)O)S(=O)(=O)c4ccc(cc4)[C@H](C)O
Human immunodeficiency virus 1,6OXU,NE7,A,101,CC[C@H](C)CN(C[C@H]([C@H](Cc1ccccc1)NC(=O)O[C@H]2CO[C@@H]3[C@H]2CCO3)O)S(=O)(=O)c4ccc(cc4)[C@@H](C)O
Human immunodeficiency virus 1,6OXV,NF4,A,101,CCC(CC)CN(C[C@H]([C@H](Cc1ccccc1)NC(=O)O[C@H]2CO[C@@H]3[C@H]2CCO3)O)S(=O)(=O)c4ccc(cc4)[C@H](C)O
Human immunodeficiency virus 1,6OXW,NFJ,A,101,CCC(CC)CN(C[C@H]([C@H](Cc1ccccc1)NC(=O)O[C@H]2CO[C@@H]3[C@H]2CCO3)O)S(=O)(=O)c4ccc(cc4)[C@@H](C)O
Human immunodeficiency virus 1,6OXX,NF7,A,101,CC(C)CN(C[C@H]([C@H](Cc1ccccc1)NC(=O)O[C@H]2CO[C@@H]3[C@H]2CCO3)O)S(=O)(=O)c4ccc(cc4)[C@H](CO)O
Human immunodeficiency virus 1,6OXY,NG4,A,103,CC(C)CN(C[C@H]([C@H](Cc1ccccc1)NC(=O)O[C@H]2CO[C@@H]3[C@H]2CCO3)O)S(=O)(=O)c4ccc(cc4)[C@@H](CO)O
Human immunodeficiency virus 1,6OXZ,NJG,A,102,CC[C@H](C)CN(C[C@H]([C@H](Cc1ccccc1)NC(=O)O[C@H]2CO[C@@H]3[C@H]2CCO3)O)S(=O)(=O)c4ccc(cc4)[C@H](CO)O
Human immunodeficiency virus 1,6OY0,NJ7,A,103,CC[C@H](C)CN(C[C@H]([C@H](Cc1ccccc1)NC(=O)O[C@H]2CO[C@@H]3[C@H]2CCO3)O)S(=O)(=O)c4ccc(cc4)[C@@H](CO)O
Human immunodeficiency virus 1,6OY1,NJ1,A,103,CCC(CC)CN(C[C@H]([C@H](Cc1ccccc1)NC(=O)O[C@H]2CO[C@@H]3[C@H]2CCO3)O)S(=O)(=O)c4ccc(cc4)[C@H](CO)O
Human immunodeficiency virus 1,6OY2,NJJ,A,101,CCC(CC)CN(C[C@H]([C@H](Cc1ccccc1)NC(=O)O[C@H]2CO[C@@H]3[C@H]2CCO3)O)S(=O)(=O)c4ccc(cc4)[C@@H](CO)O
Human immunodeficiency virus 1,6OYD,NKA,A,101,CC(C)CN(C[C@H]([C@H](Cc1ccc(cc1)F)NC(=O)O[C@H]2[C@@H]3C[C@@H]4[C@H]2CO[C@@H]4OC3)O)S(=O)(=O)c5ccc6c(c5)oc(n6)NC(C)C
Human immunodeficiency virus 1,6OYR,NJY,A,101,CC(C)CN(C[C@H]([C@H](Cc1cccc(c1)F)NC(=O)O[C@H]2[C@@H]3C[C@@H]4[C@H]2CO[C@@H]4OC3)O)S(=O)(=O)c5ccc6c(c5)oc(n6)NC(C)C
Human immunodeficiency virus 1,6P1I,DCP,A,602,C1[C@@H]([C@H](O[C@H]1N2C=CC(=NC2=O)N)CO[P@@](=O)(O)O[P@@](=O)(O)OP(=O)(O)O)O
Human immunodeficiency virus 1,6P1X,NQ4,A,603,C1C[C@H](O[C@H]1COP(=O)(O)OP(=O)(O)OP(=O)(O)O)N2C=CC(=NC2=O)N
Human immunodeficiency virus 1,6P2G,DCT,A,601,C1C[C@@H](O[C@@H]1CO[P@](=O)(O)O[P@](=O)(O)OP(=O)(O)O)N2C=CC(=NC2=O)N
Human immunodeficiency virus 1,6P9A,017,A,101,CC(C)C[N@@](C[C@H]([C@H](Cc1ccccc1)NC(=O)O[C@H]2CO[C@@H]3[C@H]2CCO3)O)S(=O)(=O)c4ccc(cc4)N
Human immunodeficiency virus 1,6P9B,478,A,101,CC(C)C[N@](C[C@H]([C@H](Cc1ccccc1)NC(=O)O[C@H]2CCOC2)O)S(=O)(=O)c3ccc(cc3)N
Human immunodeficiency virus 1,6P9N,O51,A,511,c1cc(c(cc1NC(=O)[C@H]2CCCN(C2)C(=O)NCCN)F)Cl
Human immunodeficiency virus 1,6PJB,AB1,A,105,Cc1cccc(c1OCC(=O)N[C@@H](Cc2ccccc2)[C@H](C[C@H](Cc3ccccc3)NC(=O)[C@H](C(C)C)N4CCCNC4=O)O)C
Human immunodeficiency virus 1,6PJC,OR1,C,101,Cc1cccc(c1OCC(=O)N[C@@H](Cc2ccccc2)[C@H](C[C@H](Cc3ccccc3)NC(=O)O[C@H]4CO[C@@H]5[C@H]4CCO5)O)C
Human immunodeficiency virus 1,6PJC,OR1,A,101,Cc1cccc(c1OCC(=O)N[C@@H](Cc2ccccc2)[C@H](C[C@H](Cc3ccccc3)NC(=O)O[C@H]4CO[C@@H]5[C@H]4CCO5)O)C
Human immunodeficiency virus 1,6PJD,OQY,A,101,CC(C)(C)[C@@H](C(=O)N[C@@H](Cc1ccccc1)[C@H](C[C@H](Cc2ccccc2)NC(=O)O[C@H]3CO[C@@H]4[C@H]3CCO4)O)NC(=O)OC
Human immunodeficiency virus 1,6PJE,OPJ,A,101,COC(=O)NC1(CCCC1)C(=O)N[C@@H](Cc2ccccc2)[C@H](C[C@H](Cc3ccccc3)NC(=O)O[C@H]4CO[C@@H]5[C@H]4CCO5)O
Human immunodeficiency virus 1,6PJF,OP7,A,101,COC(=O)N[C@@H](C1CCCC1)C(=O)N[C@@H](Cc2ccccc2)[C@H](C[C@H](Cc3ccccc3)NC(=O)O[C@H]4CO[C@@H]5[C@H]4CCO5)O
Human immunodeficiency virus 1,6PJG,ORV,A,101,C[C@@H](C(=O)N[C@@H](Cc1ccccc1)[C@H](C[C@H](Cc2ccccc2)NC(=O)O[C@H]3CO[C@@H]4[C@H]3CCO4)O)NC(=O)OC
Human immunodeficiency virus 1,6PJH,OQG,A,101,CC(C)[C@@H](C(=O)N[C@@H](Cc1ccccc1)[C@H](C[C@H](Cc2ccccc2)NC(=O)O[C@H]3CO[C@@H]4[C@H]3CCO4)O)NC(=O)OC
Human immunodeficiency virus 1,6PJI,OO4,A,101,COC(=O)N[C@@H](C1CC1)C(=O)N[C@@H](Cc2ccccc2)[C@H](C[C@H](Cc3ccccc3)NC(=O)O[C@H]4CO[C@@H]5[C@H]4CCO5)O
Human immunodeficiency virus 1,6PJK,OQD,A,101,CC[C@H](C)[C@@H](C(=O)N[C@@H](Cc1ccccc1)[C@H](C[C@H](Cc2ccccc2)NC(=O)O[C@H]3CO[C@@H]4[C@H]3CCO4)O)NC(=O)OC
Human immunodeficiency virus 1,6PJL,OQA,A,101,CC[C@@H](C)[C@@H](C(=O)N[C@@H](Cc1ccccc1)[C@H](C[C@H](Cc2ccccc2)NC(=O)O[C@H]3CO[C@@H]4[C@H]3CCO4)O)NC(=O)OC
Human immunodeficiency virus 1,6PJM,OQV,B,101,CC(C)(C)[C@@H](C(=O)N[C@@H](Cc1ccccc1)C[C@@H]([C@H](Cc2ccccc2)NC(=O)O[C@H]3CO[C@@H]4[C@H]3CCO4)O)NC(=O)OC
Human immunodeficiency virus 1,6PJN,OQP,B,101,COC(=O)NC1(CCCC1)C(=O)N[C@@H](Cc2ccccc2)C[C@@H]([C@H](Cc3ccccc3)NC(=O)O[C@H]4CO[C@@H]5[C@H]4CCO5)O
Human immunodeficiency virus 1,6PJO,OQ7,A,101,COC(=O)N[C@@H](C1CCCC1)C(=O)N[C@@H](Cc2ccccc2)C[C@@H]([C@H](Cc3ccccc3)NC(=O)O[C@H]4CO[C@@H]5[C@H]4CCO5)O
Human immunodeficiency virus 1,6PRF,Y1,A,103,[Y+2]
Human immunodeficiency virus 1,6PRF,7OA,B,101,CC(C)CN(C[C@H]([C@H](Cc1cc(cc(c1)F)F)NC(=O)O[C@H]2[C@@H]3C[C@@H]4[C@H]2CO[C@@H]4OC3)O)S(=O)(=O)c5ccc6c(c5)sc(n6)NC7CC7
Human immunodeficiency virus 1,6PRF,Y1,B,106,[Y+2]
Human immunodeficiency virus 1,6PRF,Y1,B,105,[Y+2]
Human immunodeficiency virus 1,6PRF,Y1,A,102,[Y+2]
Human immunodeficiency virus 1,6PRF,Y1,A,101,[Y+2]
Human immunodeficiency virus 1,6PRF,Y1,B,103,[Y+2]
Human immunodeficiency virus 1,6PRF,Y1,B,102,[Y+2]
Human immunodeficiency virus 1,6PRF,Y1,A,104,[Y+2]
Human immunodeficiency virus 1,6PRF,Y1,B,104,[Y+2]
Human immunodeficiency virus 1,6PTP,KVS,B,301,[H]/N=C(\N)/NCCC[C@@H](C(=O)N)NC(=O)[C@H](CCC(=O)N)NC(=O)[C@H](CCCC)CC([C@H](CCCC)NC(=O)[C@H]([C@@H](C)CC)NC(=O)[C@H]([C@@H](C)O)NC(=O)C)(O)O
Human immunodeficiency virus 1,6PU8,P3V,B,201,CC(C)CN(CC([C@H](Cc1ccccc1)NC(=O)O[C@H]2CO[C@@H]3[C@H]2CCO3)(O)O)S(=O)(=O)c4ccc(cc4)N
Human immunodeficiency virus 1,6PUW,KLQ,A,304,c1c(cc(c(c1F)CNC(=O)C2=CN3C[C@@H]4N([C@H]5CC[C@H](C5)O4)C(=O)C3=C(C2=O)O)F)F
Human immunodeficiency virus 1,6PUY,OZ1,A,304,c1cc(c(cc1F)F)CNC(=O)C2=C(c3cc(cnc3N(C2=O)O)CCCCCCO)N
Human immunodeficiency virus 1,6PUZ,XXJ,A,304,c1ccc(cc1)S(=O)(=O)CCc2cc3c(nc2)N(C(=O)C(=C3N)C(=O)NCc4ccc(cc4F)F)O
Human immunodeficiency virus 1,6R8C,5MY,A,301,C1([C@H]([C@@H](C([C@@H]([C@H]1OP(=O)(O)O)OP(=O)(O)O)OP(=O)(O)O)OP(=O)(O)O)OP(=O)(O)O)O
Human immunodeficiency virus 1,6SND,PSF,H,301,CCCCCC(=O)OCC(CO[P@@](=O)(O)OC[C@@H](C(=O)O)N)OC(=O)CCCCC
Human immunodeficiency virus 1,6U7O,Q1D,B,201,B(c1ccc(cc1)S(=O)(=O)N(C[C@H]([C@H](Cc2ccccc2)NC(=O)O[C@H]3[C@@H]4C[C@@H]5[C@H]3CO[C@@H]5OC4)O)CC(C)C)(O)O
Human immunodeficiency virus 1,6U7P,B4R,A,201,B(c1ccc(cc1)S(=O)(=O)N(C[C@H]([C@H](Cc2ccccc2)NC(=O)O[C@H]3CCO[C@@H]4[C@H]3CCO4)O)CC(C)C)(O)O
Human immunodeficiency virus 1,6U8Q,DLU,C,303,C[C@@H]1CCO[C@@H]2N1C(=O)C3=C(C(=O)C(=CN3C2)C(=O)NCc4ccc(cc4F)F)O
Human immunodeficiency virus 1,6U8Q,DLU,A,303,C[C@@H]1CCO[C@@H]2N1C(=O)C3=C(C(=O)C(=CN3C2)C(=O)NCc4ccc(cc4F)F)O
Human immunodeficiency virus 1,6UIR,1RY,A,601,C1[C@H](O[C@H](S1)COP(=O)(O)OP(=O)(O)OP(=O)(O)O)N2C=C(C(=NC2=O)N)F
Human immunodeficiency virus 1,6UIS,DCP,A,601,C1[C@@H]([C@H](O[C@H]1N2C=CC(=NC2=O)N)CO[P@@](=O)(O)O[P@@](=O)(O)OP(=O)(O)O)O
Human immunodeficiency virus 1,6UIT,DCP,A,601,C1[C@@H]([C@H](O[C@H]1N2C=CC(=NC2=O)N)CO[P@@](=O)(O)O[P@@](=O)(O)OP(=O)(O)O)O
Human immunodeficiency virus 1,6UJX,1RY,A,604,C1[C@H](O[C@H](S1)COP(=O)(O)OP(=O)(O)OP(=O)(O)O)N2C=C(C(=NC2=O)N)F
Human immunodeficiency virus 1,6UJY,1RZ,A,601,C1[C@H](O[C@H](S1)COP(=O)(O)OP(=O)(O)OP(=O)(O)O)N2C=CC(=NC2=O)N
Human immunodeficiency virus 1,6UJZ,N8G,A,604,C1[C@@H](O[C@@H](S1)COP(=O)(O)OP(=O)(O)OP(=O)(O)O)N2C=C(C(=NC2=O)N)F
Human immunodeficiency virus 1,6UL5,QAG,A,601,Cc1cc(cc(c1Oc2c3c(ccs3)nc(n2)Nc4ccc(c(c4)F)C#N)C)/C=C/C#N
Human immunodeficiency virus 1,6UM8,QCG,B,303,Cc1c(cc(c2c1CCCO2)F)c3c(c(nc4n3nc(c4)c5ccccc5)C)[C@@H](C(=O)O)OC(C)(C)C
Human immunodeficiency virus 1,6UM8,QCG,A,305,Cc1c(cc(c2c1CCCO2)F)c3c(c(nc4n3nc(c4)c5ccccc5)C)[C@@H](C(=O)O)OC(C)(C)C
Human immunodeficiency virus 1,6USW,O51,A,511,c1cc(c(cc1NC(=O)[C@H]2CCCN(C2)C(=O)NCCN)F)Cl
Human immunodeficiency virus 1,6UT1,5VG,A,511,[H]/N=C(/N)\NC[C@H]1Cc2cc(ccc2[C@@H]1NC(=O)C(=O)Nc3ccc(c(c3)F)Cl)CNC
Human immunodeficiency virus 1,6UWB,QJY,A,400,CC(C)CN(C[C@H]([C@H](Cc1cc(cc(c1)F)F)NC(=O)O[C@H]2CCO[C@@H]3[C@H]2CCO3)O)S(=O)(=O)c4ccc5c(c4)sc(n5)NC(C)C
Human immunodeficiency virus 1,6UWC,QK1,B,400,CC(C)CN(C[C@H]([C@H](Cc1ccc(cc1)F)NC(=O)O[C@H]2CCO[C@@H]3[C@H]2CCO3)O)S(=O)(=O)c4ccc5c(c4)sc(n5)NC(C)C
Human immunodeficiency virus 1,6V2F,QNG,C,300,CC(C)(C#Cc1ccc(c(n1)[C@H](Cc2cc(cc(c2)F)F)NC(=O)Cn3c4c(c(n3)C(F)(F)F)[C@H]5C[C@H]5C4(F)F)c6ccc(c7c6n(nc7NS(=O)(=O)C)CC(F)(F)F)Cl)S(=O)(=O)C
Human immunodeficiency virus 1,6V2F,QNG,A,300,CC(C)(C#Cc1ccc(c(n1)[C@H](Cc2cc(cc(c2)F)F)NC(=O)Cn3c4c(c(n3)C(F)(F)F)[C@H]5C[C@H]5C4(F)F)c6ccc(c7c6n(nc7NS(=O)(=O)C)CC(F)(F)F)Cl)S(=O)(=O)C
Human immunodeficiency virus 1,6V2F,QNG,D,300,CC(C)(C#Cc1ccc(c(n1)[C@H](Cc2cc(cc(c2)F)F)NC(=O)Cn3c4c(c(n3)C(F)(F)F)[C@H]5C[C@H]5C4(F)F)c6ccc(c7c6n(nc7NS(=O)(=O)C)CC(F)(F)F)Cl)S(=O)(=O)C
Human immunodeficiency virus 1,6V2F,QNG,E,300,CC(C)(C#Cc1ccc(c(n1)[C@H](Cc2cc(cc(c2)F)F)NC(=O)Cn3c4c(c(n3)C(F)(F)F)[C@H]5C[C@H]5C4(F)F)c6ccc(c7c6n(nc7NS(=O)(=O)C)CC(F)(F)F)Cl)S(=O)(=O)C
Human immunodeficiency virus 1,6V2F,QNG,B,300,CC(C)(C#Cc1ccc(c(n1)[C@H](Cc2cc(cc(c2)F)F)NC(=O)Cn3c4c(c(n3)C(F)(F)F)[C@H]5C[C@H]5C4(F)F)c6ccc(c7c6n(nc7NS(=O)(=O)C)CC(F)(F)F)Cl)S(=O)(=O)C
Human immunodeficiency virus 1,6V2F,QNG,F,300,CC(C)(C#Cc1ccc(c(n1)[C@H](Cc2cc(cc(c2)F)F)NC(=O)Cn3c4c(c(n3)C(F)(F)F)[C@H]5C[C@H]5C4(F)F)c6ccc(c7c6n(nc7NS(=O)(=O)C)CC(F)(F)F)Cl)S(=O)(=O)C
Human immunodeficiency virus 1,6V3K,QUW,A,304,c1cc(c(cc1F)F)CNC(=O)C2=C(c3cc(cnc3N(C2=O)O)CCCCCO)N
Human immunodeficiency virus 1,6V4T,QOJ,A,801,c1ccc2c(c1)c(c3c([n+]2CCCCCCCCCC[n+]4c5ccccc5c(c6c4CCC6)N)CCC3)N
Human immunodeficiency virus 1,6V4T,QOJ,B,801,c1ccc2c(c1)c(c3c([n+]2CCCCCCCCCC[n+]4c5ccccc5c(c6c4CCC6)N)CCC3)N
Human immunodeficiency virus 1,6V4T,QOJ,C,801,c1ccc2c(c1)c(c3c([n+]2CCCCCCCCCC[n+]4c5ccccc5c(c6c4CCC6)N)CCC3)N
Human immunodeficiency virus 1,6VCE,G6R,B,201,CC(C)CN(C[C@H]([C@H](Cc1cc(cc(c1)F)F)NC(=O)C[C@H]2[C@@H]3C[C@@H]4[C@H]2CO[C@@H]4OC3)O)S(=O)(=O)c5ccc6c(c5)sc(n6)NC7CC7
Human immunodeficiency virus 1,6VDK,DLU,C,303,C[C@@H]1CCO[C@@H]2N1C(=O)C3=C(C(=O)C(=CN3C2)C(=O)NCc4ccc(cc4F)F)O
Human immunodeficiency virus 1,6VDK,DLU,A,303,C[C@@H]1CCO[C@@H]2N1C(=O)C3=C(C(=O)C(=CN3C2)C(=O)NCc4ccc(cc4F)F)O
Human immunodeficiency virus 1,6VKA,QZV,A,303,Cc1ccc2c(c1)c(c(o2)C#Cc3ccc(cc3)C(=O)NCCOCCOCCNC(=O)c4ccc(cc4)C#Cc5c(c6cc(ccc6o5)C)CC(=O)O)CC(=O)O
Human immunodeficiency virus 1,6VKC,R0J,F,610,c1cc(nc2c1n(c(n2)CN3c4cnccc4N(C3=O)C5CC5)CCCC(F)(F)F)Cl
Human immunodeficiency virus 1,6VKD,R0P,F,601,CS(=O)(=O)CCCn1c2ccncc2cc1CN3c4cnccc4N(C3=O)C5CC5
Human immunodeficiency virus 1,6VKE,R0S,F,602,COc1ccc(cc1OC)N2c3ccncc3N(C2=O)Cc4cc5cc(ccc5n4CCCC#N)Cl
Human immunodeficiency virus 1,6VKV,QNG,B,301,CC(C)(C#Cc1ccc(c(n1)[C@H](Cc2cc(cc(c2)F)F)NC(=O)Cn3c4c(c(n3)C(F)(F)F)[C@H]5C[C@H]5C4(F)F)c6ccc(c7c6n(nc7NS(=O)(=O)C)CC(F)(F)F)Cl)S(=O)(=O)C
Human immunodeficiency virus 1,6VKV,QNG,C,301,CC(C)(C#Cc1ccc(c(n1)[C@H](Cc2cc(cc(c2)F)F)NC(=O)Cn3c4c(c(n3)C(F)(F)F)[C@H]5C[C@H]5C4(F)F)c6ccc(c7c6n(nc7NS(=O)(=O)C)CC(F)(F)F)Cl)S(=O)(=O)C
Human immunodeficiency virus 1,6VKV,QNG,A,301,CC(C)(C#Cc1ccc(c(n1)[C@H](Cc2cc(cc(c2)F)F)NC(=O)Cn3c4c(c(n3)C(F)(F)F)[C@H]5C[C@H]5C4(F)F)c6ccc(c7c6n(nc7NS(=O)(=O)C)CC(F)(F)F)Cl)S(=O)(=O)C
Human immunodeficiency virus 1,6VLH,R2A,B,308,Cc1ccc2c(c1)c(c(o2)C#Cc3cccc(c3)C(=O)NCCN4CCN(CC4)C(=O)c5cccc(c5)C#Cc6c(c7cc(ccc7o6)C)CC(=O)O)CC(=O)O
Human immunodeficiency virus 1,6VLM,R2D,A,301,c1ccc2c(c1)nc3n2c(c(s3)CC(=O)O)c4ccc(cc4)Cl
Human immunodeficiency virus 1,6VLM,R2D,B,301,c1ccc2c(c1)nc3n2c(c(s3)CC(=O)O)c4ccc(cc4)Cl
Human immunodeficiency virus 1,6VLM,R2D,B,302,c1ccc2c(c1)nc3n2c(c(s3)CC(=O)O)c4ccc(cc4)Cl
Human immunodeficiency virus 1,6VOD,T1R,B,201,CC(C)CN(C[C@H]([C@H](Cc1ccccc1)NC(=O)O[C@@H]2C[C@@H]3CO[C@H]4[C@@H]3C[C@@H]2O4)O)S(=O)(=O)c5ccc(cc5)OC
Human immunodeficiency virus 1,6VOE,T2R,B,201,CC(C)CN(C[C@H]([C@H](Cc1ccccc1)NC(=O)O[C@H]2C[C@H]3CO[C@@H]4[C@H]3C[C@H]2O4)O)S(=O)(=O)c5ccc6c(c5)oc(n6)NC(C)C
Human immunodeficiency virus 1,6VPX,44E,L,301,CCCCCC(=O)OC[C@H](COP(=O)(O)O)OC(=O)CCCCC
Human immunodeficiency virus 1,6VPX,44E,O,301,CCCCCC(=O)OC[C@H](COP(=O)(O)O)OC(=O)CCCCC
Human immunodeficiency virus 1,6VPX,44E,N,301,CCCCCC(=O)OC[C@H](COP(=O)(O)O)OC(=O)CCCCC
Human immunodeficiency virus 1,6VQS,R7J,A,308,c1cc(cc(c1)F)c2ccc3c(c2)c(co3)CC(=O)O
Human immunodeficiency virus 1,6VQY,ARG,C,301,C(C[C@@H](C(=O)O)N)CNC(=[NH2+])N
Human immunodeficiency virus 1,6VQY,ARG,C,302,C(C[C@@H](C(=O)O)N)CNC(=[NH2+])N
Human immunodeficiency virus 1,6VQY,ARG,A,301,C(C[C@@H](C(=O)O)N)CNC(=[NH2+])N
Human immunodeficiency virus 1,6VQZ,ARG,C,301,C(C[C@@H](C(=O)O)N)CNC(=[NH2+])N
Human immunodeficiency virus 1,6VQZ,ARG,A,301,C(C[C@@H](C(=O)O)N)CNC(=[NH2+])N
Human immunodeficiency virus 1,6VX2,RQG,A,308,Cc1ccc2c(c1)c(co2)CC(=O)O
Human immunodeficiency virus 1,6W0U,S0Y,A,301,Cc1ccc2c(c1)c(c(o2)C#C)CC(=O)O
Human immunodeficiency virus 1,6W42,SJY,A,307,Cc1ccc2c(c1)c(c(o2)C#Cc3cccs3)CC(=O)O
Human immunodeficiency virus 1,6W6T,TK7,A,103,CCC(CC)CN(C[C@H]([C@H](Cc1ccc(cc1)OCP(=O)(OCC)OCC)NC(=O)O[C@H]2CO[C@@H]3[C@H]2CCO3)O)S(=O)(=O)c4ccc(cc4)N
Human immunodeficiency virus 1,6WC8,TQM,A,301,c1cc(cc(c1)F)c2ccc3c(c2)c(c(o3)C#Cc4cccs4)CC(=O)O
Human immunodeficiency virus 1,6WE7,TXM,A,308,Cc1ccc2c(c1)c(c(o2)C#Cc3cccs3)[C@H](C(C)C)C(=O)O
Human immunodeficiency virus 1,6WPF,D4M,P,901,CC1=CN(C(=O)NC1=O)[C@H]2C=C[C@H](O2)COP(=O)(O)O
Human immunodeficiency virus 1,6WPF,D4T,A,603,CC1=CN(C(=O)NC1=O)[C@H]2C=C[C@H](O2)CO[P@](=O)(O)O[P@](=O)(O)OP(=O)(O)O
Human immunodeficiency virus 1,6WPH,DGP,T,902,c1nc2c(n1[C@H]3C[C@@H]([C@H](O3)COP(=O)(O)O)O)N=C(NC2=O)N
Human immunodeficiency virus 1,6WPJ,D4T,A,601,CC1=CN(C(=O)NC1=O)[C@H]2C=C[C@H](O2)CO[P@](=O)(O)O[P@](=O)(O)OP(=O)(O)O
Human immunodeficiency virus 1,6X47,7AX,A,601,c1ccc(c(c1)OCCN2C=CC(=O)NC2=O)Oc3ccc4ccc(cc4c3)C#N
Human immunodeficiency virus 1,6X49,7AX,A,601,c1ccc(c(c1)OCCN2C=CC(=O)NC2=O)Oc3ccc4ccc(cc4c3)C#N
Human immunodeficiency virus 1,6X4A,7AY,A,601,Cc1c2cc(ccc2c(cc1Oc3ccccc3OCCN4C=CC(=O)NC4=O)Cl)C#N
Human immunodeficiency virus 1,6X4B,UMY,A,601,Cc1c2cc(ccc2c(cc1Oc3ccccc3OCCN4C=CC(=O)NC4=O)F)C#N
Human immunodeficiency virus 1,6X4C,UNS,A,601,Cc1cc(c(c2c1ccc(c2)C#N)C)Oc3ccc(cc3OCCN4C=CC(=O)NC4=O)F
Human immunodeficiency virus 1,6X4D,UO4,A,601,Cc1c2cc(ccc2c(cc1Oc3ccccc3OCCN4C=CC(=O)NC4=O)CC5CC5)C#N
Human immunodeficiency virus 1,6X4E,UMV,A,601,Cc1c2cc(ccc2c(cc1Oc3ccccc3OCCN4C=CC(=O)NC4=O)CC(=O)OC)C#N
Human immunodeficiency virus 1,6X4F,UMV,A,601,Cc1c2cc(ccc2c(cc1Oc3ccccc3OCCN4C=CC(=O)NC4=O)CC(=O)OC)C#N
Human immunodeficiency virus 1,6X5B,UOV,K,702,Cc1ccc(cc1)c2ccc(cc2)NC(=O)N3CCC4(CC3)CCO4
Human immunodeficiency virus 1,6X5B,UOV,E,702,Cc1ccc(cc1)c2ccc(cc2)NC(=O)N3CCC4(CC3)CCO4
Human immunodeficiency virus 1,6X5B,UOV,B,702,Cc1ccc(cc1)c2ccc(cc2)NC(=O)N3CCC4(CC3)CCO4
Human immunodeficiency virus 1,6X5C,UOV,G,800,Cc1ccc(cc1)c2ccc(cc2)NC(=O)N3CCC4(CC3)CCO4
Human immunodeficiency virus 1,6X5C,UOV,F,800,Cc1ccc(cc1)c2ccc(cc2)NC(=O)N3CCC4(CC3)CCO4
Human immunodeficiency virus 1,6X5C,UOV,B,800,Cc1ccc(cc1)c2ccc(cc2)NC(=O)N3CCC4(CC3)CCO4
Human immunodeficiency virus 1,7AHX,REK,C,603,C[C@H](Cn1cnc2c1ncnc2N)OCP(=O)(N[C@H](CC(=O)O)C(=O)O)O
Human immunodeficiency virus 1,7AHX,REK,A,603,C[C@H](Cn1cnc2c1ncnc2N)OCP(=O)(N[C@H](CC(=O)O)C(=O)O)O
Human immunodeficiency virus 1,7AID,REK,C,601,C[C@H](Cn1cnc2c1ncnc2N)OCP(=O)(N[C@H](CC(=O)O)C(=O)O)O
Human immunodeficiency virus 1,7AIF,RE5,C,603,C[C@H](Cn1cnc2c1ncnc2N)OCP(=O)(N[C@@H](CCC(=O)O)C(=O)O)O
Human immunodeficiency virus 1,7AIF,RE5,A,603,C[C@H](Cn1cnc2c1ncnc2N)OCP(=O)(N[C@@H](CCC(=O)O)C(=O)O)O
Human immunodeficiency virus 1,7AIG,RE5,C,601,C[C@H](Cn1cnc2c1ncnc2N)OCP(=O)(N[C@@H](CCC(=O)O)C(=O)O)O
Human immunodeficiency virus 1,7AII,RFE,A,603,C[C@H](Cn1cnc2c1ncnc2N)OCP(=O)(N[C@@H](CCSC)C(=O)O)O
Human immunodeficiency virus 1,7AII,RFE,C,603,C[C@H](Cn1cnc2c1ncnc2N)OCP(=O)(N[C@@H](CCSC)C(=O)O)O
Human immunodeficiency virus 1,7AIJ,RFE,C,601,C[C@H](Cn1cnc2c1ncnc2N)OCP(=O)(N[C@@H](CCSC)C(=O)O)O
Human immunodeficiency virus 1,7D83,GZ9,A,304,Cc1c(ccc2c1CCCO2)c3c(nc(c(c3[C@@H](C(=O)O)OC(C)(C)C)C)NC(=O)NC4CCCCC4)C
Human immunodeficiency virus 1,7DBM,DGT,C,601,c1nc2c(n1[C@H]3C[C@@H]([C@H](O3)CO[P@@](=O)(O)O[P@@](=O)(O)OP(=O)(O)O)O)N=C(NC2=O)N
Human immunodeficiency virus 1,7DBM,DGT,A,601,c1nc2c(n1[C@H]3C[C@@H]([C@H](O3)CO[P@@](=O)(O)O[P@@](=O)(O)OP(=O)(O)O)O)N=C(NC2=O)N
Human immunodeficiency virus 1,7DBN,DCP,C,601,C1[C@@H]([C@H](O[C@H]1N2C=CC(=NC2=O)N)CO[P@@](=O)(O)O[P@@](=O)(O)OP(=O)(O)O)O
Human immunodeficiency virus 1,7DBN,DCP,A,601,C1[C@@H]([C@H](O[C@H]1N2C=CC(=NC2=O)N)CO[P@@](=O)(O)O[P@@](=O)(O)OP(=O)(O)O)O
Human immunodeficiency virus 1,7DOZ,1UN,A,1101,Cc1c(cccc1O)C(=O)N[C@@H](CSc2ccccc2)[C@@H](C[N@@]3C[C@H]4CCCC[C@H]4C[C@H]3C(=O)NC(C)(C)C)O
Human immunodeficiency virus 1,7DOZ,1UN,A,1102,Cc1c(cccc1O)C(=O)N[C@@H](CSc2ccccc2)[C@@H](C[N@@]3C[C@H]4CCCC[C@H]4C[C@H]3C(=O)NC(C)(C)C)O
Human immunodeficiency virus 1,7DT9,ROC,A,1101,CC(C)(C)NC(=O)[C@@H]1C[C@@H]2CCCC[C@@H]2C[N@]1C[C@H]([C@H](Cc3ccccc3)NC(=O)[C@H](CC(=O)N)NC(=O)c4ccc5ccccc5n4)O
Human immunodeficiency virus 1,7E1I,IHP,E,201,C1(C(C(C(C(C1OP(=O)(O)O)OP(=O)(O)O)OP(=O)(O)O)OP(=O)(O)O)OP(=O)(O)O)OP(=O)(O)O
Human immunodeficiency virus 1,7E1I,IHP,L,201,C1(C(C(C(C(C1OP(=O)(O)O)OP(=O)(O)O)OP(=O)(O)O)OP(=O)(O)O)OP(=O)(O)O)OP(=O)(O)O
Human immunodeficiency virus 1,7E1I,IHP,C,201,C1(C(C(C(C(C1OP(=O)(O)O)OP(=O)(O)O)OP(=O)(O)O)OP(=O)(O)O)OP(=O)(O)O)OP(=O)(O)O
Human immunodeficiency virus 1,7E1I,IHP,B,201,C1(C(C(C(C(C1OP(=O)(O)O)OP(=O)(O)O)OP(=O)(O)O)OP(=O)(O)O)OP(=O)(O)O)OP(=O)(O)O
Human immunodeficiency virus 1,7E1I,IHP,J,201,C1(C(C(C(C(C1OP(=O)(O)O)OP(=O)(O)O)OP(=O)(O)O)OP(=O)(O)O)OP(=O)(O)O)OP(=O)(O)O
Human immunodeficiency virus 1,7E1I,IHP,G,201,C1(C(C(C(C(C1OP(=O)(O)O)OP(=O)(O)O)OP(=O)(O)O)OP(=O)(O)O)OP(=O)(O)O)OP(=O)(O)O
Human immunodeficiency virus 1,7E1I,IHP,F,201,C1(C(C(C(C(C1OP(=O)(O)O)OP(=O)(O)O)OP(=O)(O)O)OP(=O)(O)O)OP(=O)(O)O)OP(=O)(O)O
Human immunodeficiency virus 1,7E1I,IHP,A,201,C1(C(C(C(C(C1OP(=O)(O)O)OP(=O)(O)O)OP(=O)(O)O)OP(=O)(O)O)OP(=O)(O)O)OP(=O)(O)O
Human immunodeficiency virus 1,7E1I,IHP,I,201,C1(C(C(C(C(C1OP(=O)(O)O)OP(=O)(O)O)OP(=O)(O)O)OP(=O)(O)O)OP(=O)(O)O)OP(=O)(O)O
Human immunodeficiency virus 1,7E1I,IHP,K,201,C1(C(C(C(C(C1OP(=O)(O)O)OP(=O)(O)O)OP(=O)(O)O)OP(=O)(O)O)OP(=O)(O)O)OP(=O)(O)O
Human immunodeficiency virus 1,7E1I,IHP,D,201,C1(C(C(C(C(C1OP(=O)(O)O)OP(=O)(O)O)OP(=O)(O)O)OP(=O)(O)O)OP(=O)(O)O)OP(=O)(O)O
Human immunodeficiency virus 1,7E1I,IHP,E,202,C1(C(C(C(C(C1OP(=O)(O)O)OP(=O)(O)O)OP(=O)(O)O)OP(=O)(O)O)OP(=O)(O)O)OP(=O)(O)O
Human immunodeficiency virus 1,7E1J,IHP,C,201,C1(C(C(C(C(C1OP(=O)(O)O)OP(=O)(O)O)OP(=O)(O)O)OP(=O)(O)O)OP(=O)(O)O)OP(=O)(O)O
Human immunodeficiency virus 1,7E1J,IHP,E,201,C1(C(C(C(C(C1OP(=O)(O)O)OP(=O)(O)O)OP(=O)(O)O)OP(=O)(O)O)OP(=O)(O)O)OP(=O)(O)O
Human immunodeficiency virus 1,7E1J,IHP,B,201,C1(C(C(C(C(C1OP(=O)(O)O)OP(=O)(O)O)OP(=O)(O)O)OP(=O)(O)O)OP(=O)(O)O)OP(=O)(O)O
Human immunodeficiency virus 1,7E1J,IHP,D,201,C1(C(C(C(C(C1OP(=O)(O)O)OP(=O)(O)O)OP(=O)(O)O)OP(=O)(O)O)OP(=O)(O)O)OP(=O)(O)O
Human immunodeficiency virus 1,7E1J,IHP,F,201,C1(C(C(C(C(C1OP(=O)(O)O)OP(=O)(O)O)OP(=O)(O)O)OP(=O)(O)O)OP(=O)(O)O)OP(=O)(O)O
Human immunodeficiency virus 1,7E1J,IHP,A,201,C1(C(C(C(C(C1OP(=O)(O)O)OP(=O)(O)O)OP(=O)(O)O)OP(=O)(O)O)OP(=O)(O)O)OP(=O)(O)O
Human immunodeficiency virus 1,7E1K,IHP,A,201,C1(C(C(C(C(C1OP(=O)(O)O)OP(=O)(O)O)OP(=O)(O)O)OP(=O)(O)O)OP(=O)(O)O)OP(=O)(O)O
Human immunodeficiency virus 1,7E1K,IHP,B,201,C1(C(C(C(C(C1OP(=O)(O)O)OP(=O)(O)O)OP(=O)(O)O)OP(=O)(O)O)OP(=O)(O)O)OP(=O)(O)O
Human immunodeficiency virus 1,7HVP,JG3,C,4,c1ccc(cc1)C[C@@H]([C@H](C[N@]2CCC[C@H]2C(=O)O)O)N
Human immunodeficiency virus 1,7KE0,WBV,A,301,Cc1c(n(c2c1c(c(c(n2)C)[C@@H](C(=O)O)OC(C)(C)C)c3ccc(cc3)Cl)Cc4cnn(c4)C)C
Human immunodeficiency virus 1,7KJW,EFZ,A,602,c1cc2c(cc1Cl)[C@@](OC(=O)N2)(C#CC3CC3)C(F)(F)F
Human immunodeficiency virus 1,7KJX,NVP,A,602,Cc1ccnc2c1NC(=O)c3cccnc3N2C4CC4
Human immunodeficiency virus 1,7KRC,X2J,A,601,c1cc(c(cc1OS(=O)(=O)F)OCCN2C=CC(=O)NC2=O)Oc3cc(cc(c3)Cl)/C=C/C#N
Human immunodeficiency virus 1,7KRD,X2S,A,601,c1cc(c(cc1OS(=O)(=O)F)OCCN2C=CC(=O)NC2=O)Oc3cc(cc(c3)Cl)C#N
Human immunodeficiency virus 1,7KRE,X2V,A,701,c1cc2cc(ccc2c(c1)Oc3ccc(cc3OCCN4C=CC(=O)NC4=O)OS(=O)(=O)F)C#N
Human immunodeficiency virus 1,7KRF,X2G,A,601,c1cc(c(cc1OS(=O)(=O)F)OCCN2C=CC(=O)NC2=O)Oc3cc(cc(c3)F)/C=C/C#N
Human immunodeficiency virus 1,7KWU,K7F,A,608,Cc1cc(cc(c1Oc2c(cnc(n2)NC3CCN(CC3)Cc4ccc(cc4)C(=O)N)c5ccncc5)C)C#N
Human immunodeficiency virus 1,7L1P,R2A,A,301,Cc1ccc2c(c1)c(c(o2)C#Cc3cccc(c3)C(=O)NCCN4CCN(CC4)C(=O)c5cccc(c5)C#Cc6c(c7cc(ccc7o6)C)CC(=O)O)CC(=O)O
Human immunodeficiency virus 1,7L23,XFS,A,308,Cc1ccc2c(c1)c(c(o2)C#Cc3cccc(c3)C(=O)O)CC(=O)O
Human immunodeficiency virus 1,7LDY,DJR,A,104,CC(C)C[N@@](C[C@H]([C@H](Cc1ccccc1)NC(=O)O[C@H]2CO[C@@H]3[C@H]2CCO3)O)S(=O)(=O)c4ccc(cc4)OC
Human immunodeficiency virus 1,7LDZ,065,A,101,CC(C)C[N@@](C[C@H]([C@H](Cc1ccccc1)NC(=O)O[C@H]2CO[C@@H]3[C@H]2CCO3)O)S(=O)(=O)c4ccc5c(c4)OCO5
Human immunodeficiency virus 1,7LE0,XUY,A,104,CC(C)CN(C[C@H]([C@H](Cc1ccccc1)NC(=O)O[C@H]2CO[C@@H]3[C@H]2CCO3)O)S(=O)(=O)c4ccc5c(c4)scn5
Human immunodeficiency virus 1,7LE1,K14,A,103,CC[C@H](C)C[N@@](C[C@H]([C@H](Cc1ccccc1)NC(=O)O[C@H]2CO[C@@H]3[C@H]2CCO3)O)S(=O)(=O)c4ccc(cc4)OC
Human immunodeficiency virus 1,7LE2,K20,A,101,CC[C@H](C)C[N@@](C[C@H]([C@H](Cc1ccccc1)NC(=O)O[C@H]2CO[C@@H]3[C@H]2CCO3)O)S(=O)(=O)c4ccc5c(c4)OCO5
Human immunodeficiency virus 1,7LE3,K19,A,101,CC[C@H](C)C[N@@](C[C@H]([C@H](Cc1ccccc1)NC(=O)O[C@H]2CO[C@@H]3[C@H]2CCO3)O)S(=O)(=O)c4ccc5c(c4)scn5
Human immunodeficiency virus 1,7LE4,K2D,A,106,CCC(CC)C[N@@](C[C@H]([C@H](Cc1ccccc1)NC(=O)O[C@H]2CO[C@@H]3[C@H]2CCO3)O)S(=O)(=O)c4ccc(cc4)OC
Human immunodeficiency virus 1,7LE5,K2E,A,105,CCC(CC)C[N@@](C[C@H]([C@H](Cc1ccccc1)NC(=O)O[C@H]2CO[C@@H]3[C@H]2CCO3)O)S(=O)(=O)c4ccc5c(c4)OCO5
Human immunodeficiency virus 1,7LE6,A61,A,101,CCC(CC)C[N@@](C[C@H]([C@H](Cc1ccccc1)NC(=O)O[C@H]2CO[C@@H]3[C@H]2CCO3)O)S(=O)(=O)c4ccc5c(c4)scn5
Human immunodeficiency virus 1,7LE7,KGQ,A,104,CCOP(=O)(COc1ccc(cc1)C[C@@H]([C@@H](C[N@](CC(C)C)S(=O)(=O)c2ccc(cc2)OC)O)NC(=O)O[C@H]3CO[C@@H]4[C@H]3CCO4)OCC
Human immunodeficiency virus 1,7LE8,XUM,A,101,CCOP(=O)(COc1ccc(cc1)C[C@@H]([C@@H](CN(CC(C)C)S(=O)(=O)c2ccc3c(c2)OCO3)O)NC(=O)O[C@H]4CO[C@@H]5[C@H]4CCO5)OCC
Human immunodeficiency virus 1,7LE9,XUP,A,102,CCOP(=O)(COc1ccc(cc1)C[C@@H]([C@@H](CN(CC(C)C)S(=O)(=O)c2ccc3c(c2)scn3)O)NC(=O)O[C@H]4CO[C@@H]5[C@H]4CCO5)OCC
Human immunodeficiency virus 1,7LEA,XUS,A,104,CC[C@H](C)CN(C[C@H]([C@H](Cc1ccc(cc1)OCP(=O)(OCC)OCC)NC(=O)O[C@H]2CO[C@@H]3[C@H]2CCO3)O)S(=O)(=O)c4ccc(cc4)N
Human immunodeficiency virus 1,7LEB,XUV,A,103,CC[C@H](C)CN(C[C@H]([C@H](Cc1ccc(cc1)OCP(=O)(OCC)OCC)NC(=O)O[C@H]2CO[C@@H]3[C@H]2CCO3)O)S(=O)(=O)c4ccc(cc4)OC
Human immunodeficiency virus 1,7LEC,XVP,B,101,CC[C@H](C)CN(C[C@H]([C@H](Cc1ccc(cc1)OCP(=O)(OCC)OCC)NC(=O)O[C@H]2CO[C@@H]3[C@H]2CCO3)O)S(=O)(=O)c4ccc(cc4)CO
Human immunodeficiency virus 1,7LED,XVM,A,103,CC[C@H](C)CN(C[C@H]([C@H](Cc1ccc(cc1)OCP(=O)(OCC)OCC)NC(=O)O[C@H]2CO[C@@H]3[C@H]2CCO3)O)S(=O)(=O)c4ccc5c(c4)OCO5
Human immunodeficiency virus 1,7LEE,XVJ,A,101,CC[C@H](C)CN(C[C@H]([C@H](Cc1ccc(cc1)OCP(=O)(OCC)OCC)NC(=O)O[C@H]2CO[C@@H]3[C@H]2CCO3)O)S(=O)(=O)c4ccc5c(c4)scn5
Human immunodeficiency virus 1,7LEF,XVS,A,106,CCC(CC)CN(C[C@H]([C@H](Cc1ccc(cc1)OCP(=O)(OCC)OCC)NC(=O)O[C@H]2CO[C@@H]3[C@H]2CCO3)O)S(=O)(=O)c4ccc(cc4)OC
Human immunodeficiency virus 1,7LEG,XVY,A,105,CCC(CC)CN(C[C@H]([C@H](Cc1ccc(cc1)OCP(=O)(OCC)OCC)NC(=O)O[C@H]2CO[C@@H]3[C@H]2CCO3)O)S(=O)(=O)c4ccc(cc4)CO
Human immunodeficiency virus 1,7LEH,XW4,A,101,CCC(CC)CN(C[C@H]([C@H](Cc1ccc(cc1)OCP(=O)(OCC)OCC)NC(=O)O[C@H]2CO[C@@H]3[C@H]2CCO3)O)S(=O)(=O)c4ccc5c(c4)OCO5
Human immunodeficiency virus 1,7LEI,XVV,A,101,CCC(CC)CN(C[C@H]([C@H](Cc1ccc(cc1)OCP(=O)(OCC)OCC)NC(=O)O[C@H]2CO[C@@H]3[C@H]2CCO3)O)S(=O)(=O)c4ccc5c(c4)scn5
Human immunodeficiency virus 1,7LO6,5VG,E,609,[H]/N=C(/N)\NC[C@H]1Cc2cc(ccc2[C@@H]1NC(=O)C(=O)Nc3ccc(c(c3)F)Cl)CNC
Human immunodeficiency virus 1,7LO6,5VG,C,609,[H]/N=C(/N)\NC[C@H]1Cc2cc(ccc2[C@@H]1NC(=O)C(=O)Nc3ccc(c(c3)F)Cl)CNC
Human immunodeficiency virus 1,7LO6,5VG,A,609,[H]/N=C(/N)\NC[C@H]1Cc2cc(ccc2[C@@H]1NC(=O)C(=O)Nc3ccc(c(c3)F)Cl)CNC
Human immunodeficiency virus 1,7LPW,YBA,A,605,c1cc(c(cc1c2ccc([nH]2)C(=O)N[C@@H](CN)c3nc(cs3)CO)F)C(F)(F)F
Human immunodeficiency virus 1,7LPX,YB7,A,603,Cc1cc([nH]c1C(=O)N[C@@H](CN)c2ncc(s2)CO)c3ccc(cn3)C(F)(F)F
Human immunodeficiency virus 1,7LQP,YAV,B,309,Cc1ccc2c(c1)c(c(o2)C#Cc3cccc(c3)C(=O)NCCOCCOCCNC(=O)c4cccc(c4)C#Cc5c(c6cc(ccc6o5)C)CC(=O)O)CC(=O)O
Human immunodeficiency virus 1,7LQU,YBD,A,601,c1cc(c(cc1c2ccc([nH]2)C(=O)N[C@H](CN)c3ncc(s3)CO)F)Cl
Human immunodeficiency virus 1,7LRI,TTP,C,602,CC1=CN(C(=O)NC1=O)[C@H]2C[C@@H]([C@H](O2)CO[P@](=O)(O)O[P@@](=O)(O)OP(=O)(O)O)O
Human immunodeficiency virus 1,7LRI,TTP,A,601,CC1=CN(C(=O)NC1=O)[C@H]2C[C@@H]([C@H](O2)CO[P@](=O)(O)O[P@@](=O)(O)OP(=O)(O)O)O
Human immunodeficiency virus 1,7LRM,DCP,C,604,C1[C@@H]([C@H](O[C@H]1N2C=CC(=NC2=O)N)CO[P@@](=O)(O)O[P@@](=O)(O)OP(=O)(O)O)O
Human immunodeficiency virus 1,7LRM,DCP,A,603,C1[C@@H]([C@H](O[C@H]1N2C=CC(=NC2=O)N)CO[P@@](=O)(O)O[P@@](=O)(O)OP(=O)(O)O)O
Human immunodeficiency virus 1,7LRX,1S0,C,602,C1[C@H]([C@@H](O[C@@H]1N2C=CC(=NC2=O)N)COP(=O)(O)OP(=O)(O)OP(=O)(O)O)O
Human immunodeficiency virus 1,7LRX,1S0,A,602,C1[C@H]([C@@H](O[C@@H]1N2C=CC(=NC2=O)N)COP(=O)(O)OP(=O)(O)OP(=O)(O)O)O
Human immunodeficiency virus 1,7LRY,1RY,A,606,C1[C@H](O[C@H](S1)COP(=O)(O)OP(=O)(O)OP(=O)(O)O)N2C=C(C(=NC2=O)N)F
Human immunodeficiency virus 1,7LRY,1RY,C,604,C1[C@H](O[C@H](S1)COP(=O)(O)OP(=O)(O)OP(=O)(O)O)N2C=C(C(=NC2=O)N)F
Human immunodeficiency virus 1,7LSK,XRF,A,605,CC1=CN(C(=O)NC1=O)[C@@H]2C[C@H]([C@@H](O2)COP(=O)(O)OP(=O)(O)OP(=O)(O)O)O
Human immunodeficiency virus 1,7LSK,XRF,C,603,CC1=CN(C(=O)NC1=O)[C@@H]2C[C@H]([C@@H](O2)COP(=O)(O)OP(=O)(O)OP(=O)(O)O)O
Human immunodeficiency virus 1,7M9F,YTG,A,300,CN(c1ccc(cc1)Cl)C(=O)[C@H](Cc2ccccc2)NC(=O)Cc3c[nH]c4c3cc(cc4)O
Human immunodeficiency virus 1,7M9G,NF7,A,101,CC(C)CN(C[C@H]([C@H](Cc1ccccc1)NC(=O)O[C@H]2CO[C@@H]3[C@H]2CCO3)O)S(=O)(=O)c4ccc(cc4)[C@H](CO)O
Human immunodeficiency virus 1,7M9H,NJG,A,101,CC[C@H](C)CN(C[C@H]([C@H](Cc1ccccc1)NC(=O)O[C@H]2CO[C@@H]3[C@H]2CCO3)O)S(=O)(=O)c4ccc(cc4)[C@H](CO)O
Human immunodeficiency virus 1,7M9I,NJ1,A,101,CCC(CC)CN(C[C@H]([C@H](Cc1ccccc1)NC(=O)O[C@H]2CO[C@@H]3[C@H]2CCO3)O)S(=O)(=O)c4ccc(cc4)[C@H](CO)O
Human immunodeficiency virus 1,7M9J,YWM,A,104,CCOP(=O)(COc1ccc(cc1)C[C@@H]([C@@H](CN(CC(C)C)S(=O)(=O)c2ccc(cc2)[C@H](C)O)O)NC(=O)O[C@H]3CO[C@@H]4[C@H]3CCO4)OCC
Human immunodeficiency virus 1,7M9K,YWP,A,105,CCOP(=O)(COc1ccc(cc1)C[C@@H]([C@@H](CN(CC(C)C)S(=O)(=O)c2ccc(cc2)[C@@H](C)O)O)NC(=O)O[C@H]3CO[C@@H]4[C@H]3CCO4)OCC
Human immunodeficiency virus 1,7M9L,YTY,A,101,CCC(CC)CN(C[C@H]([C@H](Cc1ccc(cc1)OCP(=O)(OCC)OCC)NC(=O)O[C@H]2CO[C@@H]3[C@H]2CCO3)O)S(=O)(=O)c4ccc(cc4)[C@H](C)O
Human immunodeficiency virus 1,7M9M,YWS,B,101,CC[C@H](C)CN(C[C@H]([C@H](Cc1ccc(cc1)OCP(=O)(OCC)OCC)NC(=O)O[C@H]2CO[C@@H]3[C@H]2CCO3)O)S(=O)(=O)c4ccc(cc4)[C@H](C)O
Human immunodeficiency virus 1,7M9N,YWM,A,101,CCOP(=O)(COc1ccc(cc1)C[C@@H]([C@@H](CN(CC(C)C)S(=O)(=O)c2ccc(cc2)[C@H](C)O)O)NC(=O)O[C@H]3CO[C@@H]4[C@H]3CCO4)OCC
Human immunodeficiency virus 1,7M9O,YWP,A,104,CCOP(=O)(COc1ccc(cc1)C[C@@H]([C@@H](CN(CC(C)C)S(=O)(=O)c2ccc(cc2)[C@@H](C)O)O)NC(=O)O[C@H]3CO[C@@H]4[C@H]3CCO4)OCC
Human immunodeficiency virus 1,7M9P,YWS,A,106,CC[C@H](C)CN(C[C@H]([C@H](Cc1ccc(cc1)OCP(=O)(OCC)OCC)NC(=O)O[C@H]2CO[C@@H]3[C@H]2CCO3)O)S(=O)(=O)c4ccc(cc4)[C@H](C)O
Human immunodeficiency virus 1,7M9Q,YUM,A,101,Cc1nc(cs1)COc2ccc(cc2)C[C@@H]([C@@H](CN(CC(C)C)S(=O)(=O)c3ccc(cc3)[C@H](C)O)O)NC(=O)O[C@H]4CO[C@@H]5[C@H]4CCO5
Human immunodeficiency virus 1,7M9R,YUP,A,101,C[C@@H](c1ccc(cc1)S(=O)(=O)N(C[C@H]([C@H](Cc2cc(cc(c2)F)F)NC(=O)O[C@H]3CO[C@@H]4[C@H]3CCO4)O)CC(C)C)O
Human immunodeficiency virus 1,7M9S,YUJ,A,101,CC(C)CN(C[C@H]([C@H](Cc1ccccc1)NC(=O)O[C@H]2CO[C@@H]3[C@H]2CCO3)O)S(=O)(=O)c4ccc5c(c4)CC[C@@H]5O
Human immunodeficiency virus 1,7M9T,YUD,A,101,CC[C@H](C)CN(C[C@H]([C@H](Cc1ccccc1)NC(=O)O[C@H]2CO[C@@H]3[C@H]2CCO3)O)S(=O)(=O)c4ccc5c(c4)CC[C@@H]5O
Human immunodeficiency virus 1,7M9U,YUA,A,101,CCC(CC)CN(C[C@H]([C@H](Cc1ccccc1)NC(=O)O[C@H]2CO[C@@H]3[C@H]2CCO3)O)S(=O)(=O)c4ccc5c(c4)CC[C@@H]5O
Human immunodeficiency virus 1,7M9V,YUJ,A,101,CC(C)CN(C[C@H]([C@H](Cc1ccccc1)NC(=O)O[C@H]2CO[C@@H]3[C@H]2CCO3)O)S(=O)(=O)c4ccc5c(c4)CC[C@@H]5O
Human immunodeficiency virus 1,7M9W,YUD,A,101,CC[C@H](C)CN(C[C@H]([C@H](Cc1ccccc1)NC(=O)O[C@H]2CO[C@@H]3[C@H]2CCO3)O)S(=O)(=O)c4ccc5c(c4)CC[C@@H]5O
Human immunodeficiency virus 1,7M9X,YUA,A,101,CCC(CC)CN(C[C@H]([C@H](Cc1ccccc1)NC(=O)O[C@H]2CO[C@@H]3[C@H]2CCO3)O)S(=O)(=O)c4ccc5c(c4)CC[C@@H]5O
Human immunodeficiency virus 1,7M9Z,DJR,A,106,CC(C)C[N@@](C[C@H]([C@H](Cc1ccccc1)NC(=O)O[C@H]2CO[C@@H]3[C@H]2CCO3)O)S(=O)(=O)c4ccc(cc4)OC
Human immunodeficiency virus 1,7MA0,NJM,A,105,CC(C)CN(C[C@H]([C@H](Cc1ccccc1)NC(=O)O[C@H]2CO[C@@H]3[C@H]2CCO3)O)S(=O)(=O)c4ccc(cc4)CO
Human immunodeficiency virus 1,7MA1,065,A,107,CC(C)C[N@@](C[C@H]([C@H](Cc1ccccc1)NC(=O)O[C@H]2CO[C@@H]3[C@H]2CCO3)O)S(=O)(=O)c4ccc5c(c4)OCO5
Human immunodeficiency virus 1,7MA2,XUY,A,101,CC(C)CN(C[C@H]([C@H](Cc1ccccc1)NC(=O)O[C@H]2CO[C@@H]3[C@H]2CCO3)O)S(=O)(=O)c4ccc5c(c4)scn5
Human immunodeficiency virus 1,7MA3,K14,A,103,CC[C@H](C)C[N@@](C[C@H]([C@H](Cc1ccccc1)NC(=O)O[C@H]2CO[C@@H]3[C@H]2CCO3)O)S(=O)(=O)c4ccc(cc4)OC
Human immunodeficiency virus 1,7MA4,K2A,A,102,CC[C@H](C)C[N@@](C[C@H]([C@H](Cc1ccccc1)NC(=O)O[C@H]2CO[C@@H]3[C@H]2CCO3)O)S(=O)(=O)c4ccc(cc4)CO
Human immunodeficiency virus 1,7MA5,K20,A,104,CC[C@H](C)C[N@@](C[C@H]([C@H](Cc1ccccc1)NC(=O)O[C@H]2CO[C@@H]3[C@H]2CCO3)O)S(=O)(=O)c4ccc5c(c4)OCO5
Human immunodeficiency virus 1,7MA6,K19,A,104,CC[C@H](C)C[N@@](C[C@H]([C@H](Cc1ccccc1)NC(=O)O[C@H]2CO[C@@H]3[C@H]2CCO3)O)S(=O)(=O)c4ccc5c(c4)scn5
Human immunodeficiency virus 1,7MA7,K2D,A,103,CCC(CC)C[N@@](C[C@H]([C@H](Cc1ccccc1)NC(=O)O[C@H]2CO[C@@H]3[C@H]2CCO3)O)S(=O)(=O)c4ccc(cc4)OC
Human immunodeficiency virus 1,7MA8,F53,A,103,CCC(CC)C[N@@](C[C@H]([C@H](Cc1ccccc1)NC(=O)O[C@H]2CO[C@@H]3[C@H]2CCO3)O)S(=O)(=O)c4ccc(cc4)CO
Human immunodeficiency virus 1,7MA9,K2E,A,104,CCC(CC)C[N@@](C[C@H]([C@H](Cc1ccccc1)NC(=O)O[C@H]2CO[C@@H]3[C@H]2CCO3)O)S(=O)(=O)c4ccc5c(c4)OCO5
Human immunodeficiency virus 1,7MAA,A61,A,103,CCC(CC)C[N@@](C[C@H]([C@H](Cc1ccccc1)NC(=O)O[C@H]2CO[C@@H]3[C@H]2CCO3)O)S(=O)(=O)c4ccc5c(c4)scn5
Human immunodeficiency virus 1,7MAB,KGQ,A,105,CCOP(=O)(COc1ccc(cc1)C[C@@H]([C@@H](C[N@](CC(C)C)S(=O)(=O)c2ccc(cc2)OC)O)NC(=O)O[C@H]3CO[C@@H]4[C@H]3CCO4)OCC
Human immunodeficiency virus 1,7MAC,XUM,A,101,CCOP(=O)(COc1ccc(cc1)C[C@@H]([C@@H](CN(CC(C)C)S(=O)(=O)c2ccc3c(c2)OCO3)O)NC(=O)O[C@H]4CO[C@@H]5[C@H]4CCO5)OCC
Human immunodeficiency virus 1,7MAD,XUP,A,101,CCOP(=O)(COc1ccc(cc1)C[C@@H]([C@@H](CN(CC(C)C)S(=O)(=O)c2ccc3c(c2)scn3)O)NC(=O)O[C@H]4CO[C@@H]5[C@H]4CCO5)OCC
Human immunodeficiency virus 1,7MAE,XUS,A,101,CC[C@H](C)CN(C[C@H]([C@H](Cc1ccc(cc1)OCP(=O)(OCC)OCC)NC(=O)O[C@H]2CO[C@@H]3[C@H]2CCO3)O)S(=O)(=O)c4ccc(cc4)N
Human immunodeficiency virus 1,7MAF,XUV,A,102,CC[C@H](C)CN(C[C@H]([C@H](Cc1ccc(cc1)OCP(=O)(OCC)OCC)NC(=O)O[C@H]2CO[C@@H]3[C@H]2CCO3)O)S(=O)(=O)c4ccc(cc4)OC
Human immunodeficiency virus 1,7MAG,XVP,A,104,CC[C@H](C)CN(C[C@H]([C@H](Cc1ccc(cc1)OCP(=O)(OCC)OCC)NC(=O)O[C@H]2CO[C@@H]3[C@H]2CCO3)O)S(=O)(=O)c4ccc(cc4)CO
Human immunodeficiency virus 1,7MAH,XVM,A,103,CC[C@H](C)CN(C[C@H]([C@H](Cc1ccc(cc1)OCP(=O)(OCC)OCC)NC(=O)O[C@H]2CO[C@@H]3[C@H]2CCO3)O)S(=O)(=O)c4ccc5c(c4)OCO5
Human immunodeficiency virus 1,7MAI,XVJ,A,101,CC[C@H](C)CN(C[C@H]([C@H](Cc1ccc(cc1)OCP(=O)(OCC)OCC)NC(=O)O[C@H]2CO[C@@H]3[C@H]2CCO3)O)S(=O)(=O)c4ccc5c(c4)scn5
Human immunodeficiency virus 1,7MAJ,TK7,A,103,CCC(CC)CN(C[C@H]([C@H](Cc1ccc(cc1)OCP(=O)(OCC)OCC)NC(=O)O[C@H]2CO[C@@H]3[C@H]2CCO3)O)S(=O)(=O)c4ccc(cc4)N
Human immunodeficiency virus 1,7MAK,XVS,A,106,CCC(CC)CN(C[C@H]([C@H](Cc1ccc(cc1)OCP(=O)(OCC)OCC)NC(=O)O[C@H]2CO[C@@H]3[C@H]2CCO3)O)S(=O)(=O)c4ccc(cc4)OC
Human immunodeficiency virus 1,7MAL,XVY,A,101,CCC(CC)CN(C[C@H]([C@H](Cc1ccc(cc1)OCP(=O)(OCC)OCC)NC(=O)O[C@H]2CO[C@@H]3[C@H]2CCO3)O)S(=O)(=O)c4ccc(cc4)CO
Human immunodeficiency virus 1,7MAN,XW4,A,103,CCC(CC)CN(C[C@H]([C@H](Cc1ccc(cc1)OCP(=O)(OCC)OCC)NC(=O)O[C@H]2CO[C@@H]3[C@H]2CCO3)O)S(=O)(=O)c4ccc5c(c4)OCO5
Human immunodeficiency virus 1,7MAO,XVV,A,101,CCC(CC)CN(C[C@H]([C@H](Cc1ccc(cc1)OCP(=O)(OCC)OCC)NC(=O)O[C@H]2CO[C@@H]3[C@H]2CCO3)O)S(=O)(=O)c4ccc5c(c4)scn5
Human immunodeficiency virus 1,7MAP,017,A,101,CC(C)C[N@@](C[C@H]([C@H](Cc1ccccc1)NC(=O)O[C@H]2CO[C@@H]3[C@H]2CCO3)O)S(=O)(=O)c4ccc(cc4)N
Human immunodeficiency virus 1,7MAQ,017,B,101,CC(C)C[N@@](C[C@H]([C@H](Cc1ccccc1)NC(=O)O[C@H]2CO[C@@H]3[C@H]2CCO3)O)S(=O)(=O)c4ccc(cc4)N
Human immunodeficiency virus 1,7MAR,017,C,101,CC(C)C[N@@](C[C@H]([C@H](Cc1ccccc1)NC(=O)O[C@H]2CO[C@@H]3[C@H]2CCO3)O)S(=O)(=O)c4ccc(cc4)N
Human immunodeficiency virus 1,7MAR,017,A,101,CC(C)C[N@@](C[C@H]([C@H](Cc1ccccc1)NC(=O)O[C@H]2CO[C@@H]3[C@H]2CCO3)O)S(=O)(=O)c4ccc(cc4)N
Human immunodeficiency virus 1,7MAS,017,C,101,CC(C)C[N@@](C[C@H]([C@H](Cc1ccccc1)NC(=O)O[C@H]2CO[C@@H]3[C@H]2CCO3)O)S(=O)(=O)c4ccc(cc4)N
Human immunodeficiency virus 1,7MAS,017,A,101,CC(C)C[N@@](C[C@H]([C@H](Cc1ccccc1)NC(=O)O[C@H]2CO[C@@H]3[C@H]2CCO3)O)S(=O)(=O)c4ccc(cc4)N
Human immunodeficiency virus 1,7MKC,1B0,A,300,Cc1c(c2ccccc2[nH]1)CC(=O)N[C@@H](Cc3ccccc3)C(=O)N(C)c4ccccc4
Human immunodeficiency virus 1,7MYP,G04,B,401,CC(C)C[N@@](C[C@H]([C@H](Cc1ccccc1)NC(=O)O[C@H]2CO[C@@H]3[C@H]2[C@H](CO3)OC)O)S(=O)(=O)c4ccc(cc4)OC
Human immunodeficiency virus 1,7MYY,7OA,A,101,CC(C)CN(C[C@H]([C@H](Cc1cc(cc(c1)F)F)NC(=O)O[C@H]2[C@@H]3C[C@@H]4[C@H]2CO[C@@H]4OC3)O)S(=O)(=O)c5ccc6c(c5)sc(n6)NC7CC7
Human immunodeficiency virus 1,7N6U,83G,A,905,C[C@@H]1CN(CCN1C(=O)C(=O)c2c[nH]c3c2c(ccn3)OC)C(=O)c4ccccc4
Human immunodeficiency virus 1,7N6U,83G,C,902,C[C@@H]1CN(CCN1C(=O)C(=O)c2c[nH]c3c2c(ccn3)OC)C(=O)c4ccccc4
Human immunodeficiency virus 1,7N6U,83G,B,902,C[C@@H]1CN(CCN1C(=O)C(=O)c2c[nH]c3c2c(ccn3)OC)C(=O)c4ccccc4
Human immunodeficiency virus 1,7N6V,478,A,201,CC(C)C[N@](C[C@H]([C@H](Cc1ccccc1)NC(=O)O[C@H]2CCOC2)O)S(=O)(=O)c3ccc(cc3)N
Human immunodeficiency virus 1,7N6W,83G,B,903,C[C@@H]1CN(CCN1C(=O)C(=O)c2c[nH]c3c2c(ccn3)OC)C(=O)c4ccccc4
Human immunodeficiency virus 1,7N6W,83G,C,903,C[C@@H]1CN(CCN1C(=O)C(=O)c2c[nH]c3c2c(ccn3)OC)C(=O)c4ccccc4
Human immunodeficiency virus 1,7N6W,83G,A,904,C[C@@H]1CN(CCN1C(=O)C(=O)c2c[nH]c3c2c(ccn3)OC)C(=O)c4ccccc4
Human immunodeficiency virus 1,7N6X,478,B,201,CC(C)C[N@](C[C@H]([C@H](Cc1ccccc1)NC(=O)O[C@H]2CCOC2)O)S(=O)(=O)c3ccc(cc3)N
Human immunodeficiency virus 1,7OT6,1I4,A,601,C[C@H](Cn1cnc2c1ncnc2N)N(CCP(=O)(O)O)CC(=O)O
Human immunodeficiency virus 1,7OTA,1I1,A,601,c1nc(c2c(n1)n(cn2)CCN[C@@H](CO)C(=O)NP(=O)(O)O)N
Human immunodeficiency virus 1,7OTK,1IA,A,601,c1nc(c2c(n1)n(cn2)CCN[C@@H](CP(=O)(O)O)C(=O)O)N
Human immunodeficiency virus 1,7OTN,1IH,C,601,c1nc(c2c(n1)n(cn2)CCN[C@H](CP(=O)(O)O)C(=O)O)N
Human immunodeficiency virus 1,7OTN,1IH,A,601,c1nc(c2c(n1)n(cn2)CCN[C@H](CP(=O)(O)O)C(=O)O)N
Human immunodeficiency virus 1,7OTX,1IK,A,602,c1nc(c2c(n1)n(cn2)CCCN[C@H](CP(=O)(O)O)C(=O)O)N
Human immunodeficiency virus 1,7OTZ,1IO,A,602,c1nc(c2c(n1)n(cn2)CCO[C@H](CP(=O)(O)O)C(=O)O)N
Human immunodeficiency virus 1,7OUT,1KK,A,602,c1nc(c2c(n1)n(cn2)CCCO[C@H](CP(=O)(O)O)C(=O)O)N
Human immunodeficiency virus 1,7OVR,PIO,H,202,CCCCCCCC(=O)OC[C@H](COP(=O)(O)O[C@@H]1[C@@H]([C@@H]([C@H]([C@@H]([C@H]1O)OP(=O)(O)O)OP(=O)(O)O)O)O)OC(=O)CCCCCCC
Human immunodeficiency virus 1,7OVR,PIO,O,202,CCCCCCCC(=O)OC[C@H](COP(=O)(O)O[C@@H]1[C@@H]([C@@H]([C@H]([C@@H]([C@H]1O)OP(=O)(O)O)OP(=O)(O)O)O)O)OC(=O)CCCCCCC
Human immunodeficiency virus 1,7OVR,PIO,j,202,CCCCCCCC(=O)OC[C@H](COP(=O)(O)O[C@@H]1[C@@H]([C@@H]([C@H]([C@@H]([C@H]1O)OP(=O)(O)O)OP(=O)(O)O)O)O)OC(=O)CCCCCCC
Human immunodeficiency virus 1,7OVR,PIO,J,202,CCCCCCCC(=O)OC[C@H](COP(=O)(O)O[C@@H]1[C@@H]([C@@H]([C@H]([C@@H]([C@H]1O)OP(=O)(O)O)OP(=O)(O)O)O)O)OC(=O)CCCCCCC
Human immunodeficiency virus 1,7OVR,PIO,F,202,CCCCCCCC(=O)OC[C@H](COP(=O)(O)O[C@@H]1[C@@H]([C@@H]([C@H]([C@@H]([C@H]1O)OP(=O)(O)O)OP(=O)(O)O)O)O)OC(=O)CCCCCCC
Human immunodeficiency virus 1,7OVR,PIO,R,202,CCCCCCCC(=O)OC[C@H](COP(=O)(O)O[C@@H]1[C@@H]([C@@H]([C@H]([C@@H]([C@H]1O)OP(=O)(O)O)OP(=O)(O)O)O)O)OC(=O)CCCCCCC
Human immunodeficiency virus 1,7OVR,PIO,l,202,CCCCCCCC(=O)OC[C@H](COP(=O)(O)O[C@@H]1[C@@H]([C@@H]([C@H]([C@@H]([C@H]1O)OP(=O)(O)O)OP(=O)(O)O)O)O)OC(=O)CCCCCCC
Human immunodeficiency virus 1,7OVR,PIO,e,202,CCCCCCCC(=O)OC[C@H](COP(=O)(O)O[C@@H]1[C@@H]([C@@H]([C@H]([C@@H]([C@H]1O)OP(=O)(O)O)OP(=O)(O)O)O)O)OC(=O)CCCCCCC
Human immunodeficiency virus 1,7OVR,PIO,P,202,CCCCCCCC(=O)OC[C@H](COP(=O)(O)O[C@@H]1[C@@H]([C@@H]([C@H]([C@@H]([C@H]1O)OP(=O)(O)O)OP(=O)(O)O)O)O)OC(=O)CCCCCCC
Human immunodeficiency virus 1,7OVR,PIO,Y,202,CCCCCCCC(=O)OC[C@H](COP(=O)(O)O[C@@H]1[C@@H]([C@@H]([C@H]([C@@H]([C@H]1O)OP(=O)(O)O)OP(=O)(O)O)O)O)OC(=O)CCCCCCC
Human immunodeficiency virus 1,7OVR,PIO,d,202,CCCCCCCC(=O)OC[C@H](COP(=O)(O)O[C@@H]1[C@@H]([C@@H]([C@H]([C@@H]([C@H]1O)OP(=O)(O)O)OP(=O)(O)O)O)O)OC(=O)CCCCCCC
Human immunodeficiency virus 1,7OVR,PIO,C,202,CCCCCCCC(=O)OC[C@H](COP(=O)(O)O[C@@H]1[C@@H]([C@@H]([C@H]([C@@H]([C@H]1O)OP(=O)(O)O)OP(=O)(O)O)O)O)OC(=O)CCCCCCC
Human immunodeficiency virus 1,7OVR,PIO,b,202,CCCCCCCC(=O)OC[C@H](COP(=O)(O)O[C@@H]1[C@@H]([C@@H]([C@H]([C@@H]([C@H]1O)OP(=O)(O)O)OP(=O)(O)O)O)O)OC(=O)CCCCCCC
Human immunodeficiency virus 1,7OVR,PIO,I,202,CCCCCCCC(=O)OC[C@H](COP(=O)(O)O[C@@H]1[C@@H]([C@@H]([C@H]([C@@H]([C@H]1O)OP(=O)(O)O)OP(=O)(O)O)O)O)OC(=O)CCCCCCC
Human immunodeficiency virus 1,7OVR,PIO,f,202,CCCCCCCC(=O)OC[C@H](COP(=O)(O)O[C@@H]1[C@@H]([C@@H]([C@H]([C@@H]([C@H]1O)OP(=O)(O)O)OP(=O)(O)O)O)O)OC(=O)CCCCCCC
Human immunodeficiency virus 1,7OVR,PIO,A,202,CCCCCCCC(=O)OC[C@H](COP(=O)(O)O[C@@H]1[C@@H]([C@@H]([C@H]([C@@H]([C@H]1O)OP(=O)(O)O)OP(=O)(O)O)O)O)OC(=O)CCCCCCC
Human immunodeficiency virus 1,7OVR,PIO,c,202,CCCCCCCC(=O)OC[C@H](COP(=O)(O)O[C@@H]1[C@@H]([C@@H]([C@H]([C@@H]([C@H]1O)OP(=O)(O)O)OP(=O)(O)O)O)O)OC(=O)CCCCCCC
Human immunodeficiency virus 1,7OVR,PIO,U,202,CCCCCCCC(=O)OC[C@H](COP(=O)(O)O[C@@H]1[C@@H]([C@@H]([C@H]([C@@H]([C@H]1O)OP(=O)(O)O)OP(=O)(O)O)O)O)OC(=O)CCCCCCC
Human immunodeficiency virus 1,7OVR,PIO,Q,202,CCCCCCCC(=O)OC[C@H](COP(=O)(O)O[C@@H]1[C@@H]([C@@H]([C@H]([C@@H]([C@H]1O)OP(=O)(O)O)OP(=O)(O)O)O)O)OC(=O)CCCCCCC
Human immunodeficiency virus 1,7OVR,PIO,W,202,CCCCCCCC(=O)OC[C@H](COP(=O)(O)O[C@@H]1[C@@H]([C@@H]([C@H]([C@@H]([C@H]1O)OP(=O)(O)O)OP(=O)(O)O)O)O)OC(=O)CCCCCCC
Human immunodeficiency virus 1,7OVR,PIO,D,202,CCCCCCCC(=O)OC[C@H](COP(=O)(O)O[C@@H]1[C@@H]([C@@H]([C@H]([C@@H]([C@H]1O)OP(=O)(O)O)OP(=O)(O)O)O)O)OC(=O)CCCCCCC
Human immunodeficiency virus 1,7OVR,PIO,E,202,CCCCCCCC(=O)OC[C@H](COP(=O)(O)O[C@@H]1[C@@H]([C@@H]([C@H]([C@@H]([C@H]1O)OP(=O)(O)O)OP(=O)(O)O)O)O)OC(=O)CCCCCCC
Human immunodeficiency virus 1,7OVR,PIO,S,202,CCCCCCCC(=O)OC[C@H](COP(=O)(O)O[C@@H]1[C@@H]([C@@H]([C@H]([C@@H]([C@H]1O)OP(=O)(O)O)OP(=O)(O)O)O)O)OC(=O)CCCCCCC
Human immunodeficiency virus 1,7OVR,PIO,B,202,CCCCCCCC(=O)OC[C@H](COP(=O)(O)O[C@@H]1[C@@H]([C@@H]([C@H]([C@@H]([C@H]1O)OP(=O)(O)O)OP(=O)(O)O)O)O)OC(=O)CCCCCCC
Human immunodeficiency virus 1,7OXQ,2NU,C,601,CN(C1CC1)C(=O)Cn2cc(cn2)Br
Human immunodeficiency virus 1,7OZ5,3IR,F,901,c1ccc(cc1)[C@@H]2C[C@H]2C(=O)Nc3nccs3
Human immunodeficiency virus 1,7OZW,3IR,A,601,c1ccc(cc1)[C@@H]2C[C@H]2C(=O)Nc3nccs3
Human immunodeficiency virus 1,7P15,4OI,F,101,c1cc(cnc1)[C@@H]2C[C@H]2C(=O)Nc3c[nH]nc3
Human immunodeficiency virus 1,7R7P,2I4,I,301,CC(=C)[C@@H]1CC[C@]2([C@H]1[C@H]3CC[C@@H]4[C@]5(CC[C@@H](C([C@@H]5CC[C@]4([C@@]3(CC2)C)C)(C)C)OC(=O)CC(C)(C)C(=O)O)C)C(=O)O
Human immunodeficiency virus 1,7R7P,IHP,G,301,C1(C(C(C(C(C1OP(=O)(O)O)OP(=O)(O)O)OP(=O)(O)O)OP(=O)(O)O)OP(=O)(O)O)OP(=O)(O)O
Human immunodeficiency virus 1,7R7Q,IHP,G,301,C1(C(C(C(C(C1OP(=O)(O)O)OP(=O)(O)O)OP(=O)(O)O)OP(=O)(O)O)OP(=O)(O)O)OP(=O)(O)O
Human immunodeficiency virus 1,7RHN,QNG,C,301,CC(C)(C#Cc1ccc(c(n1)[C@H](Cc2cc(cc(c2)F)F)NC(=O)Cn3c4c(c(n3)C(F)(F)F)[C@H]5C[C@H]5C4(F)F)c6ccc(c7c6n(nc7NS(=O)(=O)C)CC(F)(F)F)Cl)S(=O)(=O)C
Human immunodeficiency virus 1,7RJ2,QNG,C,301,CC(C)(C#Cc1ccc(c(n1)[C@H](Cc2cc(cc(c2)F)F)NC(=O)Cn3c4c(c(n3)C(F)(F)F)[C@H]5C[C@H]5C4(F)F)c6ccc(c7c6n(nc7NS(=O)(=O)C)CC(F)(F)F)Cl)S(=O)(=O)C
Human immunodeficiency virus 1,7RJ4,QNG,A,301,CC(C)(C#Cc1ccc(c(n1)[C@H](Cc2cc(cc(c2)F)F)NC(=O)Cn3c4c(c(n3)C(F)(F)F)[C@H]5C[C@H]5C4(F)F)c6ccc(c7c6n(nc7NS(=O)(=O)C)CC(F)(F)F)Cl)S(=O)(=O)C
Human immunodeficiency virus 1,7RJ4,QNG,B,301,CC(C)(C#Cc1ccc(c(n1)[C@H](Cc2cc(cc(c2)F)F)NC(=O)Cn3c4c(c(n3)C(F)(F)F)[C@H]5C[C@H]5C4(F)F)c6ccc(c7c6n(nc7NS(=O)(=O)C)CC(F)(F)F)Cl)S(=O)(=O)C
Human immunodeficiency virus 1,7RJ4,QNG,C,301,CC(C)(C#Cc1ccc(c(n1)[C@H](Cc2cc(cc(c2)F)F)NC(=O)Cn3c4c(c(n3)C(F)(F)F)[C@H]5C[C@H]5C4(F)F)c6ccc(c7c6n(nc7NS(=O)(=O)C)CC(F)(F)F)Cl)S(=O)(=O)C
Human immunodeficiency virus 1,7RMJ,61F,B,301,CC(C)(C#Cc1ccc(c(n1)[C@H](Cc2cc(cc(c2)F)F)NC(=O)Cn3c4c(c(n3)C(F)(F)F)CCCC4)c5ccc(c6c5n(nc6NS(=O)(=O)C)CC(F)(F)F)Cl)S(=O)(=O)C
Human immunodeficiency virus 1,7RMJ,61F,C,301,CC(C)(C#Cc1ccc(c(n1)[C@H](Cc2cc(cc(c2)F)F)NC(=O)Cn3c4c(c(n3)C(F)(F)F)CCCC4)c5ccc(c6c5n(nc6NS(=O)(=O)C)CC(F)(F)F)Cl)S(=O)(=O)C
Human immunodeficiency virus 1,7RMJ,61F,A,301,CC(C)(C#Cc1ccc(c(n1)[C@H](Cc2cc(cc(c2)F)F)NC(=O)Cn3c4c(c(n3)C(F)(F)F)CCCC4)c5ccc(c6c5n(nc6NS(=O)(=O)C)CC(F)(F)F)Cl)S(=O)(=O)C
Human immunodeficiency virus 1,7RQ0,6I2,B,305,Cc1ccc2c(c1)c(c(o2)C#Cc3cccc(c3)CNCCN4CCN(CC4)Cc5cccc(c5)C#Cc6c(c7cc(ccc7o6)C)CC(=O)O)CC(=O)O
Human immunodeficiency virus 1,7SIA,9I4,A,301,Cc1ccc2c(c1)c(c(o2)C#Cc3cccc(c3)CN4CCN(CC4)CCNC(=O)c5cccc(c5)C#Cc6c(c7cc(ccc7o6)C)CC(=O)O)CC(=O)O
Human immunodeficiency virus 1,7SIF,BTB,C,101,C(CO)N(CCO)C(CO)(CO)CO
Human immunodeficiency virus 1,7SLR,9QI,A,4000,Cc1c(cc(cc1OC2=C(N=CN(C2=O)CC3=CC(=CNC3=O)F)C(C(F)F)(F)F)C(F)F)C#N
Human immunodeficiency virus 1,7SLS,9PJ,A,601,Cc1c(cc(cc1OC2=C(N=CN(C2=O)CC3C=C(C(=O)N=C3C)F)C(C(F)F)(F)F)C(F)F)C#N
Human immunodeficiency virus 1,7SNL,9VI,A,301,Cn1c2c(ccc(c2c(n1)NS(=O)(=O)C)Cl)N3C(=O)c4cccnc4N=C3[C@H](Cc5cc(cc(c5)F)F)NC(=O)Cn6c7c(c(n6)C(F)(F)F)C=CCC7
Human immunodeficiency virus 1,7SNN,9WW,A,304,Cn1c2c(ccc(c2c(n1)NS(=O)(=O)C)Cl)N3C(=O)c4ccccc4N=C3[C@H](Cc5cc(cc(c5)F)F)NC(=O)Cn6c-7cccc7c([nH]6)C(F)F
Human immunodeficiency virus 1,7SNP,9UV,A,601,c1cc(c(cc1OCCN2CCOCC2)OCCN3C=CC(=O)NC3=O)Oc4cc(cc(c4)Cl)/C=C/C#N
Human immunodeficiency virus 1,7SNQ,IHP,K,301,C1(C(C(C(C(C1OP(=O)(O)O)OP(=O)(O)O)OP(=O)(O)O)OP(=O)(O)O)OP(=O)(O)O)OP(=O)(O)O
Human immunodeficiency virus 1,7SNQ,IHP,G,301,C1(C(C(C(C(C1OP(=O)(O)O)OP(=O)(O)O)OP(=O)(O)O)OP(=O)(O)O)OP(=O)(O)O)OP(=O)(O)O
Human immunodeficiency virus 1,7SNQ,IHP,E,301,C1(C(C(C(C(C1OP(=O)(O)O)OP(=O)(O)O)OP(=O)(O)O)OP(=O)(O)O)OP(=O)(O)O)OP(=O)(O)O
Human immunodeficiency virus 1,7SNQ,IHP,B,301,C1(C(C(C(C(C1OP(=O)(O)O)OP(=O)(O)O)OP(=O)(O)O)OP(=O)(O)O)OP(=O)(O)O)OP(=O)(O)O
Human immunodeficiency virus 1,7SNZ,9WI,A,601,Cc1cc2cc(cn2c(c1Nc3ccnc(n3)Nc4ccc(cc4)C#N)C)C#N
Human immunodeficiency virus 1,7SO1,9W3,A,601,Cc1cc(cc(c1Nc2nc(nc(n2)OCCCN3CCOCC3)Nc4ccc(cc4)C#N)C)/C=C/C#N
Human immunodeficiency virus 1,7SO2,9W3,A,601,Cc1cc(cc(c1Nc2nc(nc(n2)OCCCN3CCOCC3)Nc4ccc(cc4)C#N)C)/C=C/C#N
Human immunodeficiency virus 1,7SO3,9W3,A,601,Cc1cc(cc(c1Nc2nc(nc(n2)OCCCN3CCOCC3)Nc4ccc(cc4)C#N)C)/C=C/C#N
Human immunodeficiency virus 1,7SO4,M9A,A,601,c1ccc(c(c1)OCCN2C=CC(=O)NC2=O)Oc3cc(cc4c3ccc(c4)C#N)F
Human immunodeficiency virus 1,7SO6,M9A,A,601,c1ccc(c(c1)OCCN2C=CC(=O)NC2=O)Oc3cc(cc4c3ccc(c4)C#N)F
Human immunodeficiency virus 1,7T9H,GE7,B,302,Cc1ccc(cc1)c2c3ccccc3nc(c2[C@@H](C(=O)O)OC(C)(C)C)C
Human immunodeficiency virus 1,7T9H,GE7,A,302,Cc1ccc(cc1)c2c3ccccc3nc(c2[C@@H](C(=O)O)OC(C)(C)C)C
Human immunodeficiency virus 1,7T9O,GEI,A,304,Cc1c(c(c(c(n1)C)[C@@H](C(=O)O)OC(C)(C)C)N2CCC(CC2)(C)C)c3ccc(cc3)OCCc4ccc(cc4)F
Human immunodeficiency virus 1,7TAZ,VM5,A,601,c1cc(c(cc1S(=O)(=O)N)Cl)NC(=O)Cc2ccc(c(c2F)Oc3cc(cc(c3)Cl)C#N)Br
Human immunodeficiency virus 1,7TJO,I6Q,B,501,[H]/N=C(\N)/NC[C@H]1Cc2cc(ccc2[C@@H]1NC(=O)C(=O)Nc3ccc(c(c3)F)Cl)CN4CC[C@H](C4)N
Human immunodeficiency virus 1,7TJO,I6Q,D,501,[H]/N=C(\N)/NC[C@H]1Cc2cc(ccc2[C@@H]1NC(=O)C(=O)Nc3ccc(c(c3)F)Cl)CN4CC[C@H](C4)N
Human immunodeficiency virus 1,7TJO,I6Q,C,501,[H]/N=C(\N)/NC[C@H]1Cc2cc(ccc2[C@@H]1NC(=O)C(=O)Nc3ccc(c(c3)F)Cl)CN4CC[C@H](C4)N
Human immunodeficiency virus 1,7TJO,I6Q,A,501,[H]/N=C(\N)/NC[C@H]1Cc2cc(ccc2[C@@H]1NC(=O)C(=O)Nc3ccc(c(c3)F)Cl)CN4CC[C@H](C4)N
Human immunodeficiency virus 1,7TJP,I6M,A,510,[H]/N=C(/N)\NC[C@H]1Cc2cc(ccc2[C@@H]1NC(=O)C(=O)Nc3ccc(c(c3)F)Cl)CN4CCC[C@@H]4CO
Human immunodeficiency virus 1,7TJP,I6M,B,509,[H]/N=C(/N)\NC[C@H]1Cc2cc(ccc2[C@@H]1NC(=O)C(=O)Nc3ccc(c(c3)F)Cl)CN4CCC[C@@H]4CO
Human immunodeficiency virus 1,7TJP,I6M,D,509,[H]/N=C(/N)\NC[C@H]1Cc2cc(ccc2[C@@H]1NC(=O)C(=O)Nc3ccc(c(c3)F)Cl)CN4CCC[C@@H]4CO
Human immunodeficiency virus 1,7TJP,I6M,C,509,[H]/N=C(/N)\NC[C@H]1Cc2cc(ccc2[C@@H]1NC(=O)C(=O)Nc3ccc(c(c3)F)Cl)CN4CCC[C@@H]4CO
Human immunodeficiency virus 1,7TO5,G8R,B,201,CC(C)CN(C[C@H]([C@H](Cc1ccccc1)NC(=O)O[C@H]2C[C@@H]3C[C@@H]4[C@H]2CO[C@@H]4O3)O)S(=O)(=O)c5ccc6c(c5)sc(n6)NC7CC7
Human immunodeficiency virus 1,7TO6,G77,B,201,CC(C)CN(C[C@H]([C@H](Cc1cc(cc(c1)F)F)NC(=O)O[C@@H]2C[C@H]3C[C@H]4[C@@H]2CO[C@H]4O3)O)S(=O)(=O)c5ccc6c(c5)sc(n6)NC7CC7
Human immunodeficiency virus 1,7U2U,KZD,A,301,Cc1cn2c(c(c(c(c2n1)c3ccc(cc3)OCCc4ccc(cc4)F)N5CCC(CC5)(C)C)[C@@H](C(=O)O)OC(C)(C)C)C
Human immunodeficiency virus 1,7U5Z,LE8,A,601,c1cc(c(c(c1)F)Cc2cnc(o2)Nc3ccc(c(c3)Cl)C#N)F
Human immunodeficiency virus 1,7UE1,7OA,B,301,CC(C)CN(C[C@H]([C@H](Cc1cc(cc(c1)F)F)NC(=O)O[C@H]2[C@@H]3C[C@@H]4[C@H]2CO[C@@H]4OC3)O)S(=O)(=O)c5ccc6c(c5)sc(n6)NC7CC7
Human immunodeficiency virus 1,7UOQ,O20,A,301,Cc1cccc(c1CN2CCc3cc(ccc3C2)c4cnc(c(c4N5CCC(CC5)(C)C)[C@@H](C(=O)O)OC(C)(C)C)C)Cl
Human immunodeficiency virus 1,7UPJ,INU,A,100,c1ccc(cc1)S(=O)(=O)Nc2cccc(c2)[C@H](C3CC3)C4=C(C5=C(CCCCCC5)OC4=O)O
Human immunodeficiency virus 1,7URN,IHP,A,401,C1(C(C(C(C(C1OP(=O)(O)O)OP(=O)(O)O)OP(=O)(O)O)OP(=O)(O)O)OP(=O)(O)O)OP(=O)(O)O
Human immunodeficiency virus 1,7URN,IHP,A,402,C1(C(C(C(C(C1OP(=O)(O)O)OP(=O)(O)O)OP(=O)(O)O)OP(=O)(O)O)OP(=O)(O)O)OP(=O)(O)O
Human immunodeficiency virus 1,7URT,IHP,A,402,C1(C(C(C(C(C1OP(=O)(O)O)OP(=O)(O)O)OP(=O)(O)O)OP(=O)(O)O)OP(=O)(O)O)OP(=O)(O)O
Human immunodeficiency virus 1,7URT,IHP,A,401,C1(C(C(C(C(C1OP(=O)(O)O)OP(=O)(O)O)OP(=O)(O)O)OP(=O)(O)O)OP(=O)(O)O)OP(=O)(O)O
Human immunodeficiency virus 1,7WBS,8LT,B,101,C[C@@H](CO)Oc1cc(ccc1[C@@]2([C@H](CN(C2=O)Cc3ccc(cc3)OC)O)CCC(C)C)S(=O)(=O)C
Human immunodeficiency virus 1,7WCE,8Z3,A,303,Cc1ccc(c(c1)O)c2c(c-3c(c(c2[C@@H](C(=O)O)OC(C)(C)C)C)N(Cc4c3c(ccc4)F)S(=O)(=O)C)C
Human immunodeficiency virus 1,7XIS,E58,A,203,COc1cc(ccc1OC(=O)c2ccc(o2)[N+](=O)[O-])C(=O)OC
Human immunodeficiency virus 1,7XIT,E6I,A,205,CCOC(=O)c1cc(c(o1)[N+](=O)[O-])Br
Human immunodeficiency virus 1,7XIU,E81,A,203,c1cc(ccc1CO)OC(=O)c2ccc(s2)[N+](=O)[O-]
Human immunodeficiency virus 1,7XJ4,E9B,A,205,c1ccc(cc1)/C=C/c2nnc(o2)SC(=O)c3ccc(s3)[N+](=O)[O-]
Human immunodeficiency virus 1,7XJ5,ECW,A,201,CC(C)(C)N(Cc1ccccc1)C(=O)COC(=O)c2cc(c(o2)[N+](=O)[O-])Br
Human immunodeficiency virus 1,7XJ7,EGI,A,205,CCOC(=O)c1ccc(s1)[N+](=O)[O-]
Human immunodeficiency virus 1,7Z24,NVP,A,901,Cc1ccnc2c1NC(=O)c3cccnc3N2C4CC4
Human immunodeficiency virus 1,7Z29,NVP,A,901,Cc1ccnc2c1NC(=O)c3cccnc3N2C4CC4
Human immunodeficiency virus 1,7Z2D,T27,A,601,Cc1cc(cc(c1Nc2ccnc(n2)Nc3ccc(cc3)C#N)C)/C=C/C#N
Human immunodeficiency virus 1,7Z2E,T27,A,601,Cc1cc(cc(c1Nc2ccnc(n2)Nc3ccc(cc3)C#N)C)/C=C/C#N
Human immunodeficiency virus 1,7Z2G,2KW,A,601,CN1C(=NNC1=O)CN2C=CC(=C(C2=O)Oc3cc(cc(c3)Cl)C#N)C(F)(F)F
Human immunodeficiency virus 1,7Z2H,2KW,A,601,CN1C(=NNC1=O)CN2C=CC(=C(C2=O)Oc3cc(cc(c3)Cl)C#N)C(F)(F)F
Human immunodeficiency virus 1,7ZUD,IHP,A,501,C1(C(C(C(C(C1OP(=O)(O)O)OP(=O)(O)O)OP(=O)(O)O)OP(=O)(O)O)OP(=O)(O)O)OP(=O)(O)O
Human immunodeficiency virus 1,7ZUD,IHP,A,502,C1(C(C(C(C(C1OP(=O)(O)O)OP(=O)(O)O)OP(=O)(O)O)OP(=O)(O)O)OP(=O)(O)O)OP(=O)(O)O
Human immunodeficiency virus 1,8A1P,LF0,B,604,Cc1c(c(c2ccccc2n1)c3ccc4c(c3)CCCO4)[C@@H](C(=O)O)OC(C)(C)C
Human immunodeficiency virus 1,8A1P,LF0,D,304,Cc1c(c(c2ccccc2n1)c3ccc4c(c3)CCCO4)[C@@H](C(=O)O)OC(C)(C)C
Human immunodeficiency virus 1,8A1Q,WBV,D,1301,Cc1c(n(c2c1c(c(c(n2)C)[C@@H](C(=O)O)OC(C)(C)C)c3ccc(cc3)Cl)Cc4cnn(c4)C)C
Human immunodeficiency virus 1,8A1Q,WBV,B,308,Cc1c(n(c2c1c(c(c(n2)C)[C@@H](C(=O)O)OC(C)(C)C)c3ccc(cc3)Cl)Cc4cnn(c4)C)C
Human immunodeficiency virus 1,8BUV,723,B,306,c1ccc(cc1)C2=C(C(=O)Nc3c2cc(cc3)Cl)CC(=O)O
Human immunodeficiency virus 1,8BUV,723,D,303,c1ccc(cc1)C2=C(C(=O)Nc3c2cc(cc3)Cl)CC(=O)O
Human immunodeficiency virus 1,8BV2,RWR,A,301,Cc1ccc(c(c1[C@@H](C(=O)O)OC(C)(C)C)c2ccc3c(c2)CCCO3)C4CC4
Human immunodeficiency virus 1,8CBR,RWR,B,501,Cc1ccc(c(c1[C@@H](C(=O)O)OC(C)(C)C)c2ccc3c(c2)CCCO3)C4CC4
Human immunodeficiency virus 1,8CBR,RWR,A,501,Cc1ccc(c(c1[C@@H](C(=O)O)OC(C)(C)C)c2ccc3c(c2)CCCO3)C4CC4
Human immunodeficiency virus 1,8CBS,U5L,D,301,Cc1ccc(c(c1[C@@H](C(=O)O)OC(C)(C)C)c2ccc3c(c2C)CCCO3)C4CC4
Human immunodeficiency virus 1,8CBS,U5L,B,605,Cc1ccc(c(c1[C@@H](C(=O)O)OC(C)(C)C)c2ccc3c(c2C)CCCO3)C4CC4
Human immunodeficiency virus 1,8CBT,W2Q,B,801,Cc1ccc(c(c1[C@@H](C(=O)O)OC2CC2)c3ccc4c(c3)CCCO4)C5CC5
Human immunodeficiency virus 1,8CBT,W2Q,D,801,Cc1ccc(c(c1[C@@H](C(=O)O)OC2CC2)c3ccc4c(c3)CCCO4)C5CC5
Human immunodeficiency virus 1,8CBU,U60,D,601,Cc1ccc(c(c1[C@@H](C(=O)O)OC2CC2)c3ccc4c(c3C)CCCO4)C5CC5
Human immunodeficiency virus 1,8CBU,U60,B,505,Cc1ccc(c(c1[C@@H](C(=O)O)OC2CC2)c3ccc4c(c3C)CCCO4)C5CC5
Human immunodeficiency virus 1,8CBV,U5S,D,501,Cc1ccc(c(c1[C@@H](C(=O)O)OC2CC2)c3cc(c4c(c3C)CCCO4)F)C5CC5
Human immunodeficiency virus 1,8CBV,U5S,B,506,Cc1ccc(c(c1[C@@H](C(=O)O)OC2CC2)c3cc(c4c(c3C)CCCO4)F)C5CC5
Human immunodeficiency virus 1,8CCW,ALY,B,50,CC(=O)NCCCC[C@@H](C(=O)O)N
Human immunodeficiency virus 1,8CT7,L3D,A,301,Cc1c(c(c2ccccc2n1)c3ccc4c5c3nccc5CCO4)[C@@H](C(=O)O)OC(C)(C)C
Human immunodeficiency virus 1,8CTA,L3D,B,301,Cc1c(c(c2ccccc2n1)c3ccc4c5c3nccc5CCO4)[C@@H](C(=O)O)OC(C)(C)C
Human immunodeficiency virus 1,8CTA,L3D,J,301,Cc1c(c(c2ccccc2n1)c3ccc4c5c3nccc5CCO4)[C@@H](C(=O)O)OC(C)(C)C
Human immunodeficiency virus 1,8CTA,L3D,F,502,Cc1c(c(c2ccccc2n1)c3ccc4c5c3nccc5CCO4)[C@@H](C(=O)O)OC(C)(C)C
Human immunodeficiency virus 1,8CTA,L3D,N,301,Cc1c(c(c2ccccc2n1)c3ccc4c5c3nccc5CCO4)[C@@H](C(=O)O)OC(C)(C)C
Human immunodeficiency virus 1,8CTA,L3D,M,301,Cc1c(c(c2ccccc2n1)c3ccc4c5c3nccc5CCO4)[C@@H](C(=O)O)OC(C)(C)C
Human immunodeficiency virus 1,8CTA,L3D,E,301,Cc1c(c(c2ccccc2n1)c3ccc4c5c3nccc5CCO4)[C@@H](C(=O)O)OC(C)(C)C
Human immunodeficiency virus 1,8CTA,L3D,I,301,Cc1c(c(c2ccccc2n1)c3ccc4c5c3nccc5CCO4)[C@@H](C(=O)O)OC(C)(C)C
Human immunodeficiency virus 1,8CTA,L3D,A,301,Cc1c(c(c2ccccc2n1)c3ccc4c5c3nccc5CCO4)[C@@H](C(=O)O)OC(C)(C)C
Human immunodeficiency virus 1,8CZZ,83J,E,607,Cc1ncn(n1)c2c3c(c(c[nH]3)C(=O)C(=O)N4CCN(CC4)C(=O)c5ccccc5)c(cn2)OC
Human immunodeficiency virus 1,8CZZ,83J,I,607,Cc1ncn(n1)c2c3c(c(c[nH]3)C(=O)C(=O)N4CCN(CC4)C(=O)c5ccccc5)c(cn2)OC
Human immunodeficiency virus 1,8CZZ,83J,A,601,Cc1ncn(n1)c2c3c(c(c[nH]3)C(=O)C(=O)N4CCN(CC4)C(=O)c5ccccc5)c(cn2)OC
Human immunodeficiency virus 1,8D3S,QD6,A,301,Cc1cc2c(c(c(nc2n1Cc3cnn(c3)C)C)[C@@H](C(=O)O)OC(C)(C)C)c4ccc(cc4)Cl
Human immunodeficiency virus 1,8D9R,GTP,P,1001,c1nc2c(n1[C@H]3[C@@H]([C@@H]([C@H](O3)CO[P@](=O)(O)O[P@](=O)(O)OP(=O)(O)O)O)O)N=C(NC2=O)N
Human immunodeficiency virus 1,8D9R,GTP,6,1001,c1nc2c(n1[C@H]3[C@@H]([C@@H]([C@H](O3)CO[P@](=O)(O)O[P@](=O)(O)OP(=O)(O)O)O)O)N=C(NC2=O)N
Human immunodeficiency virus 1,8D9R,GTP,J,1001,c1nc2c(n1[C@H]3[C@@H]([C@@H]([C@H](O3)CO[P@](=O)(O)O[P@](=O)(O)OP(=O)(O)O)O)O)N=C(NC2=O)N
Human immunodeficiency virus 1,8D9R,GTP,O,1001,c1nc2c(n1[C@H]3[C@@H]([C@@H]([C@H](O3)CO[P@](=O)(O)O[P@](=O)(O)OP(=O)(O)O)O)O)N=C(NC2=O)N
Human immunodeficiency virus 1,8D9R,GTP,Q,1001,c1nc2c(n1[C@H]3[C@@H]([C@@H]([C@H](O3)CO[P@](=O)(O)O[P@](=O)(O)OP(=O)(O)O)O)O)N=C(NC2=O)N
Human immunodeficiency virus 1,8D9R,GTP,K,1001,c1nc2c(n1[C@H]3[C@@H]([C@@H]([C@H](O3)CO[P@](=O)(O)O[P@](=O)(O)OP(=O)(O)O)O)O)N=C(NC2=O)N
Human immunodeficiency virus 1,8D9R,GTP,d,1001,c1nc2c(n1[C@H]3[C@@H]([C@@H]([C@H](O3)CO[P@](=O)(O)O[P@](=O)(O)OP(=O)(O)O)O)O)N=C(NC2=O)N
Human immunodeficiency virus 1,8D9R,GTP,7,1001,c1nc2c(n1[C@H]3[C@@H]([C@@H]([C@H](O3)CO[P@](=O)(O)O[P@](=O)(O)OP(=O)(O)O)O)O)N=C(NC2=O)N
Human immunodeficiency virus 1,8D9R,GTP,Z,1001,c1nc2c(n1[C@H]3[C@@H]([C@@H]([C@H](O3)CO[P@](=O)(O)O[P@](=O)(O)OP(=O)(O)O)O)O)N=C(NC2=O)N
Human immunodeficiency virus 1,8D9R,GTP,3,1001,c1nc2c(n1[C@H]3[C@@H]([C@@H]([C@H](O3)CO[P@](=O)(O)O[P@](=O)(O)OP(=O)(O)O)O)O)N=C(NC2=O)N
Human immunodeficiency virus 1,8D9R,GTP,5,1001,c1nc2c(n1[C@H]3[C@@H]([C@@H]([C@H](O3)CO[P@](=O)(O)O[P@](=O)(O)OP(=O)(O)O)O)O)N=C(NC2=O)N
Human immunodeficiency virus 1,8D9R,GTP,a,1001,c1nc2c(n1[C@H]3[C@@H]([C@@H]([C@H](O3)CO[P@](=O)(O)O[P@](=O)(O)OP(=O)(O)O)O)O)N=C(NC2=O)N
Human immunodeficiency virus 1,8D9R,GTP,C,1001,c1nc2c(n1[C@H]3[C@@H]([C@@H]([C@H](O3)CO[P@](=O)(O)O[P@](=O)(O)OP(=O)(O)O)O)O)N=C(NC2=O)N
Human immunodeficiency virus 1,8D9R,GTP,4,1001,c1nc2c(n1[C@H]3[C@@H]([C@@H]([C@H](O3)CO[P@](=O)(O)O[P@](=O)(O)OP(=O)(O)O)O)O)N=C(NC2=O)N
Human immunodeficiency virus 1,8D9R,GTP,b,1001,c1nc2c(n1[C@H]3[C@@H]([C@@H]([C@H](O3)CO[P@](=O)(O)O[P@](=O)(O)OP(=O)(O)O)O)O)N=C(NC2=O)N
Human immunodeficiency virus 1,8D9R,GTP,c,1001,c1nc2c(n1[C@H]3[C@@H]([C@@H]([C@H](O3)CO[P@](=O)(O)O[P@](=O)(O)OP(=O)(O)O)O)O)N=C(NC2=O)N
Human immunodeficiency virus 1,8D9R,GTP,H,1001,c1nc2c(n1[C@H]3[C@@H]([C@@H]([C@H](O3)CO[P@](=O)(O)O[P@](=O)(O)OP(=O)(O)O)O)O)N=C(NC2=O)N
Human immunodeficiency virus 1,8D9R,GTP,X,1001,c1nc2c(n1[C@H]3[C@@H]([C@@H]([C@H](O3)CO[P@](=O)(O)O[P@](=O)(O)OP(=O)(O)O)O)O)N=C(NC2=O)N
Human immunodeficiency virus 1,8D9S,GTP,K,1001,c1nc2c(n1[C@H]3[C@@H]([C@@H]([C@H](O3)CO[P@](=O)(O)O[P@](=O)(O)OP(=O)(O)O)O)O)N=C(NC2=O)N
Human immunodeficiency virus 1,8D9S,GTP,d,1001,c1nc2c(n1[C@H]3[C@@H]([C@@H]([C@H](O3)CO[P@](=O)(O)O[P@](=O)(O)OP(=O)(O)O)O)O)N=C(NC2=O)N
Human immunodeficiency virus 1,8D9S,GTP,C,1001,c1nc2c(n1[C@H]3[C@@H]([C@@H]([C@H](O3)CO[P@](=O)(O)O[P@](=O)(O)OP(=O)(O)O)O)O)N=C(NC2=O)N
Human immunodeficiency virus 1,8D9S,GTP,J,1001,c1nc2c(n1[C@H]3[C@@H]([C@@H]([C@H](O3)CO[P@](=O)(O)O[P@](=O)(O)OP(=O)(O)O)O)O)N=C(NC2=O)N
Human immunodeficiency virus 1,8D9S,GTP,a,1001,c1nc2c(n1[C@H]3[C@@H]([C@@H]([C@H](O3)CO[P@](=O)(O)O[P@](=O)(O)OP(=O)(O)O)O)O)N=C(NC2=O)N
Human immunodeficiency virus 1,8D9S,GTP,4,1001,c1nc2c(n1[C@H]3[C@@H]([C@@H]([C@H](O3)CO[P@](=O)(O)O[P@](=O)(O)OP(=O)(O)O)O)O)N=C(NC2=O)N
Human immunodeficiency virus 1,8D9S,GTP,b,1001,c1nc2c(n1[C@H]3[C@@H]([C@@H]([C@H](O3)CO[P@](=O)(O)O[P@](=O)(O)OP(=O)(O)O)O)O)N=C(NC2=O)N
Human immunodeficiency virus 1,8D9S,GTP,5,1001,c1nc2c(n1[C@H]3[C@@H]([C@@H]([C@H](O3)CO[P@](=O)(O)O[P@](=O)(O)OP(=O)(O)O)O)O)N=C(NC2=O)N
Human immunodeficiency virus 1,8D9S,GTP,c,1001,c1nc2c(n1[C@H]3[C@@H]([C@@H]([C@H](O3)CO[P@](=O)(O)O[P@](=O)(O)OP(=O)(O)O)O)O)N=C(NC2=O)N
Human immunodeficiency virus 1,8D9S,GTP,Q,1001,c1nc2c(n1[C@H]3[C@@H]([C@@H]([C@H](O3)CO[P@](=O)(O)O[P@](=O)(O)OP(=O)(O)O)O)O)N=C(NC2=O)N
Human immunodeficiency virus 1,8D9S,GTP,H,1001,c1nc2c(n1[C@H]3[C@@H]([C@@H]([C@H](O3)CO[P@](=O)(O)O[P@](=O)(O)OP(=O)(O)O)O)O)N=C(NC2=O)N
Human immunodeficiency virus 1,8D9S,GTP,Z,1001,c1nc2c(n1[C@H]3[C@@H]([C@@H]([C@H](O3)CO[P@](=O)(O)O[P@](=O)(O)OP(=O)(O)O)O)O)N=C(NC2=O)N
Human immunodeficiency virus 1,8D9S,GTP,7,1001,c1nc2c(n1[C@H]3[C@@H]([C@@H]([C@H](O3)CO[P@](=O)(O)O[P@](=O)(O)OP(=O)(O)O)O)O)N=C(NC2=O)N
Human immunodeficiency virus 1,8D9S,GTP,P,1001,c1nc2c(n1[C@H]3[C@@H]([C@@H]([C@H](O3)CO[P@](=O)(O)O[P@](=O)(O)OP(=O)(O)O)O)O)N=C(NC2=O)N
Human immunodeficiency virus 1,8D9S,GTP,6,1001,c1nc2c(n1[C@H]3[C@@H]([C@@H]([C@H](O3)CO[P@](=O)(O)O[P@](=O)(O)OP(=O)(O)O)O)O)N=C(NC2=O)N
Human immunodeficiency virus 1,8D9S,GTP,3,1001,c1nc2c(n1[C@H]3[C@@H]([C@@H]([C@H](O3)CO[P@](=O)(O)O[P@](=O)(O)OP(=O)(O)O)O)O)N=C(NC2=O)N
Human immunodeficiency virus 1,8D9S,GTP,O,1001,c1nc2c(n1[C@H]3[C@@H]([C@@H]([C@H](O3)CO[P@](=O)(O)O[P@](=O)(O)OP(=O)(O)O)O)O)N=C(NC2=O)N
Human immunodeficiency virus 1,8D9S,GTP,X,1001,c1nc2c(n1[C@H]3[C@@H]([C@@H]([C@H](O3)CO[P@](=O)(O)O[P@](=O)(O)OP(=O)(O)O)O)O)N=C(NC2=O)N
Human immunodeficiency virus 1,8DCH,G52,A,201,CC(C)C[N@@](C[C@H]([C@H](Cc1ccccc1)NC(=O)O[C@H]2CO[C@@H]3[C@H]2[C@H]4CCO[C@H]4O3)O)S(=O)(=O)c5ccc(cc5)OC
Human immunodeficiency virus 1,8DCQ,R5K,A,511,[H]/N=C(\N)/NCCCCC(=O)NCCN1C[C@@H](CCC12CCCCC2)NC(=O)C(=O)Nc3ccc(cc3)Cl
Human immunodeficiency virus 1,8DX2,V06,B,505,c1cncc(c1N)Br
Human immunodeficiency virus 1,8DX2,V06,A,608,c1cncc(c1N)Br
Human immunodeficiency virus 1,8DX2,T27,A,601,Cc1cc(cc(c1Nc2ccnc(n2)Nc3ccc(cc3)C#N)C)/C=C/C#N
Human immunodeficiency virus 1,8DX2,V06,B,506,c1cncc(c1N)Br
Human immunodeficiency virus 1,8DX2,V06,A,609,c1cncc(c1N)Br
Human immunodeficiency virus 1,8DX3,4JH,A,701,c1cc(cc(c1)Br)CN
Human immunodeficiency virus 1,8DX3,T27,A,702,Cc1cc(cc(c1Nc2ccnc(n2)Nc3ccc(cc3)C#N)C)/C=C/C#N
Human immunodeficiency virus 1,8DX8,W15,A,601,c1cc(c(c(c1)Cl)CCN)F
Human immunodeficiency virus 1,8DX8,T27,A,602,Cc1cc(cc(c1Nc2ccnc(n2)Nc3ccc(cc3)C#N)C)/C=C/C#N
Human immunodeficiency virus 1,8DXB,FIC,A,902,c1cc2c(cc1F)cc([nH]2)C(=O)O
Human immunodeficiency virus 1,8DXB,FIC,A,901,c1cc2c(cc1F)cc([nH]2)C(=O)O
Human immunodeficiency virus 1,8DXB,T27,A,903,Cc1cc(cc(c1Nc2ccnc(n2)Nc3ccc(cc3)C#N)C)/C=C/C#N
Human immunodeficiency virus 1,8DXE,0IF,A,601,c1cc(c(c(c1)F)C#N)N
Human immunodeficiency virus 1,8DXE,T27,A,602,Cc1cc(cc(c1Nc2ccnc(n2)Nc3ccc(cc3)C#N)C)/C=C/C#N
Human immunodeficiency virus 1,8DXG,U4D,A,601,c1cc(ncc1C(F)(F)F)O
Human immunodeficiency virus 1,8DXG,T27,A,602,Cc1cc(cc(c1Nc2ccnc(n2)Nc3ccc(cc3)C#N)C)/C=C/C#N
Human immunodeficiency virus 1,8DXH,T27,A,602,Cc1cc(cc(c1Nc2ccnc(n2)Nc3ccc(cc3)C#N)C)/C=C/C#N
Human immunodeficiency virus 1,8DXH,JBQ,A,601,c1cc2c(c(c1)F)C(NC=N2)O
Human immunodeficiency virus 1,8DXI,FMQ,A,609,Cc1c(cnn1c2ccc(cc2)F)CO
Human immunodeficiency virus 1,8DXI,FMQ,B,505,Cc1c(cnn1c2ccc(cc2)F)CO
Human immunodeficiency virus 1,8DXI,T27,A,601,Cc1cc(cc(c1Nc2ccnc(n2)Nc3ccc(cc3)C#N)C)/C=C/C#N
Human immunodeficiency virus 1,8DXJ,T27,A,601,Cc1cc(cc(c1Nc2ccnc(n2)Nc3ccc(cc3)C#N)C)/C=C/C#N
Human immunodeficiency virus 1,8DXJ,U43,A,608,CNc1ccc(cc1N)C(F)(F)F
Human immunodeficiency virus 1,8DXK,T27,A,601,Cc1cc(cc(c1Nc2ccnc(n2)Nc3ccc(cc3)C#N)C)/C=C/C#N
Human immunodeficiency virus 1,8DXL,T27,A,601,Cc1cc(cc(c1Nc2ccnc(n2)Nc3ccc(cc3)C#N)C)/C=C/C#N
Human immunodeficiency virus 1,8DXM,T27,A,602,Cc1cc(cc(c1Nc2ccnc(n2)Nc3ccc(cc3)C#N)C)/C=C/C#N
Human immunodeficiency virus 1,8DXM,BML,A,601,c1cc(ccc1O)Br
Human immunodeficiency virus 1,8EEP,IHP,A,402,C1(C(C(C(C(C1OP(=O)(O)O)OP(=O)(O)O)OP(=O)(O)O)OP(=O)(O)O)OP(=O)(O)O)OP(=O)(O)O
Human immunodeficiency virus 1,8EEP,IHP,A,401,C1(C(C(C(C(C1OP(=O)(O)O)OP(=O)(O)O)OP(=O)(O)O)OP(=O)(O)O)OP(=O)(O)O)OP(=O)(O)O
Human immunodeficiency virus 1,8EET,IHP,A,402,C1(C(C(C(C(C1OP(=O)(O)O)OP(=O)(O)O)OP(=O)(O)O)OP(=O)(O)O)OP(=O)(O)O)OP(=O)(O)O
Human immunodeficiency virus 1,8EET,IHP,A,401,C1(C(C(C(C(C1OP(=O)(O)O)OP(=O)(O)O)OP(=O)(O)O)OP(=O)(O)O)OP(=O)(O)O)OP(=O)(O)O
Human immunodeficiency virus 1,8ESX,X7B,B,203,[B-]1(c2ccc(cc2C(=O)O1)S(=O)(=O)N(C[C@H]([C@H](Cc3ccccc3)NC(=O)O[C@H]4CO[C@@H]5[C@H]4CCO5)O)CC(C)C)(O)O
Human immunodeficiency virus 1,8ESY,X7B,B,201,[B-]1(c2ccc(cc2C(=O)O1)S(=O)(=O)N(C[C@H]([C@H](Cc3ccccc3)NC(=O)O[C@H]4CO[C@@H]5[C@H]4CCO5)O)CC(C)C)(O)O
Human immunodeficiency virus 1,8F0F,X7H,B,201,CC(C)CN(C[C@H]([C@H](Cc1ccccc1)NC(=O)O[C@H]2CO[C@@H]3[C@H]2CCO3)O)S(=O)(=O)c4ccc(cc4)NC(=O)CCl
Human immunodeficiency virus 1,8F22,XBQ,C,300,CN(c1ccc(cc1)OC)C(=O)[C@H](Cc2ccccc2)NC(=O)CN3CCN(CC3=O)S(=O)(=O)c4ccc(cc4)N
Human immunodeficiency virus 1,8F22,XBQ,A,300,CN(c1ccc(cc1)OC)C(=O)[C@H](Cc2ccccc2)NC(=O)CN3CCN(CC3=O)S(=O)(=O)c4ccc(cc4)N
Human immunodeficiency virus 1,8F22,XBQ,B,300,CN(c1ccc(cc1)OC)C(=O)[C@H](Cc2ccccc2)NC(=O)CN3CCN(CC3=O)S(=O)(=O)c4ccc(cc4)N
Human immunodeficiency virus 1,8F22,XBQ,D,300,CN(c1ccc(cc1)OC)C(=O)[C@H](Cc2ccccc2)NC(=O)CN3CCN(CC3=O)S(=O)(=O)c4ccc(cc4)N
Human immunodeficiency virus 1,8F22,XBQ,F,300,CN(c1ccc(cc1)OC)C(=O)[C@H](Cc2ccccc2)NC(=O)CN3CCN(CC3=O)S(=O)(=O)c4ccc(cc4)N
Human immunodeficiency virus 1,8F22,XBQ,E,300,CN(c1ccc(cc1)OC)C(=O)[C@H](Cc2ccccc2)NC(=O)CN3CCN(CC3=O)S(=O)(=O)c4ccc(cc4)N
Human immunodeficiency virus 1,8FAD,83G,A,601,C[C@@H]1CN(CCN1C(=O)C(=O)c2c[nH]c3c2c(ccn3)OC)C(=O)c4ccccc4
Human immunodeficiency virus 1,8FAD,83G,C,601,C[C@@H]1CN(CCN1C(=O)C(=O)c2c[nH]c3c2c(ccn3)OC)C(=O)c4ccccc4
Human immunodeficiency virus 1,8FAD,83G,E,601,C[C@@H]1CN(CCN1C(=O)C(=O)c2c[nH]c3c2c(ccn3)OC)C(=O)c4ccccc4
Human immunodeficiency virus 1,8FE8,XRB,A,601,Cc1cc(cc(c1Oc2ccnc(n2)Nc3ccc(c(c3)C#N)N4CCN(CC4)S(=O)(=O)C)C)/C=C/C#N
Human immunodeficiency virus 1,8FFX,XU9,A,602,CCOC(=O)c1cnn2c1c(ccc2)C#CC3CC3
Human immunodeficiency virus 1,8FIU,Y05,C,303,C[C@@H]1CN(C[C@@H](O1)C)c2ccc3c(c2)N=C(N(C3=O)c4ccc(c5c4n(nc5NS(=O)(=O)C)C)Cl)[C@H](Cc6cc(cc(c6)F)F)NC(=O)Cn7c8c(c(n7)C(F)F)[C@H]9C[C@H]9C8(F)F
Human immunodeficiency virus 1,8FIU,Y05,A,304,C[C@@H]1CN(C[C@@H](O1)C)c2ccc3c(c2)N=C(N(C3=O)c4ccc(c5c4n(nc5NS(=O)(=O)C)C)Cl)[C@H](Cc6cc(cc(c6)F)F)NC(=O)Cn7c8c(c(n7)C(F)F)[C@H]9C[C@H]9C8(F)F
Human immunodeficiency virus 1,8FIU,Y05,B,303,C[C@@H]1CN(C[C@@H](O1)C)c2ccc3c(c2)N=C(N(C3=O)c4ccc(c5c4n(nc5NS(=O)(=O)C)C)Cl)[C@H](Cc6cc(cc(c6)F)F)NC(=O)Cn7c8c(c(n7)C(F)F)[C@H]9C[C@H]9C8(F)F
Human immunodeficiency virus 1,8FLY,5VG,B,507,[H]/N=C(/N)\NC[C@H]1Cc2cc(ccc2[C@@H]1NC(=O)C(=O)Nc3ccc(c(c3)F)Cl)CNC
Human immunodeficiency virus 1,8FLY,5VG,D,507,[H]/N=C(/N)\NC[C@H]1Cc2cc(ccc2[C@@H]1NC(=O)C(=O)Nc3ccc(c(c3)F)Cl)CNC
Human immunodeficiency virus 1,8FLY,5VG,C,507,[H]/N=C(/N)\NC[C@H]1Cc2cc(ccc2[C@@H]1NC(=O)C(=O)Nc3ccc(c(c3)F)Cl)CNC
Human immunodeficiency virus 1,8FLY,5VG,A,507,[H]/N=C(/N)\NC[C@H]1Cc2cc(ccc2[C@@H]1NC(=O)C(=O)Nc3ccc(c(c3)F)Cl)CNC
Human immunodeficiency virus 1,8FLZ,7IT,D,507,[H]/N=C(/N)\NC[C@H]1[C@@H](c2cc(ccc2[C@@H]1NC(=O)C(=O)Nc3ccc(c(c3)F)Cl)CNC)CC[C@@H](CO)O
Human immunodeficiency virus 1,8FLZ,7IT,C,507,[H]/N=C(/N)\NC[C@H]1[C@@H](c2cc(ccc2[C@@H]1NC(=O)C(=O)Nc3ccc(c(c3)F)Cl)CNC)CC[C@@H](CO)O
Human immunodeficiency virus 1,8FLZ,7IT,A,507,[H]/N=C(/N)\NC[C@H]1[C@@H](c2cc(ccc2[C@@H]1NC(=O)C(=O)Nc3ccc(c(c3)F)Cl)CNC)CC[C@@H](CO)O
Human immunodeficiency virus 1,8FLZ,7IT,B,507,[H]/N=C(/N)\NC[C@H]1[C@@H](c2cc(ccc2[C@@H]1NC(=O)C(=O)Nc3ccc(c(c3)F)Cl)CNC)CC[C@@H](CO)O
Human immunodeficiency virus 1,8FM0,Y1O,B,507,[H]/N=C(/N)\NC[C@@H]1[C@H](c2ccc(cc2N1C(=O)OC)CNC)NC(=O)C(=O)Nc3ccc(c(c3)F)Cl
Human immunodeficiency virus 1,8FM0,Y1O,D,507,[H]/N=C(/N)\NC[C@@H]1[C@H](c2ccc(cc2N1C(=O)OC)CNC)NC(=O)C(=O)Nc3ccc(c(c3)F)Cl
Human immunodeficiency virus 1,8FM0,Y1O,C,507,[H]/N=C(/N)\NC[C@@H]1[C@H](c2ccc(cc2N1C(=O)OC)CNC)NC(=O)C(=O)Nc3ccc(c(c3)F)Cl
Human immunodeficiency virus 1,8FM0,Y1O,A,507,[H]/N=C(/N)\NC[C@@H]1[C@H](c2ccc(cc2N1C(=O)OC)CNC)NC(=O)C(=O)Nc3ccc(c(c3)F)Cl
Human immunodeficiency virus 1,8FM2,Y1X,D,507,[H]/N=C(/N)\NC[C@@H]1[C@H](c2ccc(cc2N1C(=O)OCC)CNC)NC(=O)C(=O)Nc3ccc(c(c3)F)Cl
Human immunodeficiency virus 1,8FM2,Y1X,C,507,[H]/N=C(/N)\NC[C@@H]1[C@H](c2ccc(cc2N1C(=O)OCC)CNC)NC(=O)C(=O)Nc3ccc(c(c3)F)Cl
Human immunodeficiency virus 1,8FM2,Y1X,A,507,[H]/N=C(/N)\NC[C@@H]1[C@H](c2ccc(cc2N1C(=O)OCC)CNC)NC(=O)C(=O)Nc3ccc(c(c3)F)Cl
Human immunodeficiency virus 1,8FM2,Y1X,B,507,[H]/N=C(/N)\NC[C@@H]1[C@H](c2ccc(cc2N1C(=O)OCC)CNC)NC(=O)C(=O)Nc3ccc(c(c3)F)Cl
Human immunodeficiency virus 1,8FM3,Y26,D,507,[H]/N=C(/N)\NC[C@@H]1[C@H](c2ccc(cc2N1C(=O)OCCC)CNC)NC(=O)C(=O)Nc3ccc(c(c3)F)Cl
Human immunodeficiency virus 1,8FM3,Y26,C,507,[H]/N=C(/N)\NC[C@@H]1[C@H](c2ccc(cc2N1C(=O)OCCC)CNC)NC(=O)C(=O)Nc3ccc(c(c3)F)Cl
Human immunodeficiency virus 1,8FM3,Y26,A,507,[H]/N=C(/N)\NC[C@@H]1[C@H](c2ccc(cc2N1C(=O)OCCC)CNC)NC(=O)C(=O)Nc3ccc(c(c3)F)Cl
Human immunodeficiency virus 1,8FM3,Y26,B,507,[H]/N=C(/N)\NC[C@@H]1[C@H](c2ccc(cc2N1C(=O)OCCC)CNC)NC(=O)C(=O)Nc3ccc(c(c3)F)Cl
Human immunodeficiency virus 1,8FM4,Y2K,C,507,[H]/N=C(/N)\NC[C@@H]1[C@H](c2ccc(cc2N1C(=O)OCC(F)(F)F)CNC)NC(=O)C(=O)Nc3ccc(c(c3)F)Cl
Human immunodeficiency virus 1,8FM4,Y2K,A,507,[H]/N=C(/N)\NC[C@@H]1[C@H](c2ccc(cc2N1C(=O)OCC(F)(F)F)CNC)NC(=O)C(=O)Nc3ccc(c(c3)F)Cl
Human immunodeficiency virus 1,8FM4,Y2K,B,507,[H]/N=C(/N)\NC[C@@H]1[C@H](c2ccc(cc2N1C(=O)OCC(F)(F)F)CNC)NC(=O)C(=O)Nc3ccc(c(c3)F)Cl
Human immunodeficiency virus 1,8FM4,Y2K,D,507,[H]/N=C(/N)\NC[C@@H]1[C@H](c2ccc(cc2N1C(=O)OCC(F)(F)F)CNC)NC(=O)C(=O)Nc3ccc(c(c3)F)Cl
Human immunodeficiency virus 1,8FM5,Y2E,A,507,[H]/N=C(/N)\NC[C@@H]1[C@H](c2ccc(cc2N1C(=O)OCCC(F)(F)F)CNC)NC(=O)C(=O)Nc3ccc(c(c3)F)Cl
Human immunodeficiency virus 1,8FM5,Y2E,B,507,[H]/N=C(/N)\NC[C@@H]1[C@H](c2ccc(cc2N1C(=O)OCCC(F)(F)F)CNC)NC(=O)C(=O)Nc3ccc(c(c3)F)Cl
Human immunodeficiency virus 1,8FM5,Y2E,D,507,[H]/N=C(/N)\NC[C@@H]1[C@H](c2ccc(cc2N1C(=O)OCCC(F)(F)F)CNC)NC(=O)C(=O)Nc3ccc(c(c3)F)Cl
Human immunodeficiency virus 1,8FM5,Y2E,C,507,[H]/N=C(/N)\NC[C@@H]1[C@H](c2ccc(cc2N1C(=O)OCCC(F)(F)F)CNC)NC(=O)C(=O)Nc3ccc(c(c3)F)Cl
Human immunodeficiency virus 1,8FM7,Y2O,C,507,[H]/N=C(/N)\NC[C@@H]1[C@H](c2ccc(cc2N1C(=O)OCc3ccccc3)CNC)NC(=O)C(=O)Nc4ccc(c(c4)F)Cl
Human immunodeficiency virus 1,8FM7,Y2O,B,507,[H]/N=C(/N)\NC[C@@H]1[C@H](c2ccc(cc2N1C(=O)OCc3ccccc3)CNC)NC(=O)C(=O)Nc4ccc(c(c4)F)Cl
Human immunodeficiency virus 1,8FM7,Y2O,D,507,[H]/N=C(/N)\NC[C@@H]1[C@H](c2ccc(cc2N1C(=O)OCc3ccccc3)CNC)NC(=O)C(=O)Nc4ccc(c(c4)F)Cl
Human immunodeficiency virus 1,8FM7,Y2O,A,507,[H]/N=C(/N)\NC[C@@H]1[C@H](c2ccc(cc2N1C(=O)OCc3ccccc3)CNC)NC(=O)C(=O)Nc4ccc(c(c4)F)Cl
Human immunodeficiency virus 1,8FM8,Y1T,B,507,[H]/N=C(/N)\NC[C@@H]1[C@H](c2ccc(cc2N1C(=O)OCc3c(c(c(c(c3F)F)F)F)F)CNC)NC(=O)C(=O)Nc4ccc(c(c4)F)Cl
Human immunodeficiency virus 1,8FM8,Y1T,D,507,[H]/N=C(/N)\NC[C@@H]1[C@H](c2ccc(cc2N1C(=O)OCc3c(c(c(c(c3F)F)F)F)F)CNC)NC(=O)C(=O)Nc4ccc(c(c4)F)Cl
Human immunodeficiency virus 1,8FM8,Y1T,C,507,[H]/N=C(/N)\NC[C@@H]1[C@H](c2ccc(cc2N1C(=O)OCc3c(c(c(c(c3F)F)F)F)F)CNC)NC(=O)C(=O)Nc4ccc(c(c4)F)Cl
Human immunodeficiency virus 1,8FM8,Y1T,A,507,[H]/N=C(/N)\NC[C@@H]1[C@H](c2ccc(cc2N1C(=O)OCc3c(c(c(c(c3F)F)F)F)F)CNC)NC(=O)C(=O)Nc4ccc(c(c4)F)Cl
Human immunodeficiency virus 1,8FN7,DLU,A,304,C[C@@H]1CCO[C@@H]2N1C(=O)C3=C(C(=O)C(=CN3C2)C(=O)NCc4ccc(cc4F)F)O
Human immunodeficiency virus 1,8FN7,DLU,G,304,C[C@@H]1CCO[C@@H]2N1C(=O)C3=C(C(=O)C(=CN3C2)C(=O)NCc4ccc(cc4F)F)O
Human immunodeficiency virus 1,8FND,DLU,A,304,C[C@@H]1CCO[C@@H]2N1C(=O)C3=C(C(=O)C(=CN3C2)C(=O)NCc4ccc(cc4F)F)O
Human immunodeficiency virus 1,8FND,DLU,G,304,C[C@@H]1CCO[C@@H]2N1C(=O)C3=C(C(=O)C(=CN3C2)C(=O)NCc4ccc(cc4F)F)O
Human immunodeficiency virus 1,8FNG,DLU,A,304,C[C@@H]1CCO[C@@H]2N1C(=O)C3=C(C(=O)C(=CN3C2)C(=O)NCc4ccc(cc4F)F)O
Human immunodeficiency virus 1,8FNG,DLU,G,304,C[C@@H]1CCO[C@@H]2N1C(=O)C3=C(C(=O)C(=CN3C2)C(=O)NCc4ccc(cc4F)F)O
Human immunodeficiency virus 1,8FNH,DLU,G,304,C[C@@H]1CCO[C@@H]2N1C(=O)C3=C(C(=O)C(=CN3C2)C(=O)NCc4ccc(cc4F)F)O
Human immunodeficiency virus 1,8FNH,DLU,A,304,C[C@@H]1CCO[C@@H]2N1C(=O)C3=C(C(=O)C(=CN3C2)C(=O)NCc4ccc(cc4F)F)O
Human immunodeficiency virus 1,8FNJ,DLU,G,304,C[C@@H]1CCO[C@@H]2N1C(=O)C3=C(C(=O)C(=CN3C2)C(=O)NCc4ccc(cc4F)F)O
Human immunodeficiency virus 1,8FNJ,DLU,A,304,C[C@@H]1CCO[C@@H]2N1C(=O)C3=C(C(=O)C(=CN3C2)C(=O)NCc4ccc(cc4F)F)O
Human immunodeficiency virus 1,8FNL,DLU,F,101,C[C@@H]1CCO[C@@H]2N1C(=O)C3=C(C(=O)C(=CN3C2)C(=O)NCc4ccc(cc4F)F)O
Human immunodeficiency virus 1,8FNL,DLU,L,101,C[C@@H]1CCO[C@@H]2N1C(=O)C3=C(C(=O)C(=CN3C2)C(=O)NCc4ccc(cc4F)F)O
Human immunodeficiency virus 1,8FNM,DLU,G,304,C[C@@H]1CCO[C@@H]2N1C(=O)C3=C(C(=O)C(=CN3C2)C(=O)NCc4ccc(cc4F)F)O
Human immunodeficiency virus 1,8FNM,DLU,A,304,C[C@@H]1CCO[C@@H]2N1C(=O)C3=C(C(=O)C(=CN3C2)C(=O)NCc4ccc(cc4F)F)O
Human immunodeficiency virus 1,8FNN,DLU,F,101,C[C@@H]1CCO[C@@H]2N1C(=O)C3=C(C(=O)C(=CN3C2)C(=O)NCc4ccc(cc4F)F)O
Human immunodeficiency virus 1,8FNN,DLU,G,304,C[C@@H]1CCO[C@@H]2N1C(=O)C3=C(C(=O)C(=CN3C2)C(=O)NCc4ccc(cc4F)F)O
Human immunodeficiency virus 1,8FNO,DLU,F,101,C[C@@H]1CCO[C@@H]2N1C(=O)C3=C(C(=O)C(=CN3C2)C(=O)NCc4ccc(cc4F)F)O
Human immunodeficiency virus 1,8FNO,DLU,L,101,C[C@@H]1CCO[C@@H]2N1C(=O)C3=C(C(=O)C(=CN3C2)C(=O)NCc4ccc(cc4F)F)O
Human immunodeficiency virus 1,8FNP,DLU,F,101,C[C@@H]1CCO[C@@H]2N1C(=O)C3=C(C(=O)C(=CN3C2)C(=O)NCc4ccc(cc4F)F)O
Human immunodeficiency virus 1,8FNP,DLU,L,101,C[C@@H]1CCO[C@@H]2N1C(=O)C3=C(C(=O)C(=CN3C2)C(=O)NCc4ccc(cc4F)F)O
Human immunodeficiency virus 1,8FNQ,OZ1,A,301,c1cc(c(cc1F)F)CNC(=O)C2=C(c3cc(cnc3N(C2=O)O)CCCCCCO)N
Human immunodeficiency virus 1,8FNQ,OZ1,G,301,c1cc(c(cc1F)F)CNC(=O)C2=C(c3cc(cnc3N(C2=O)O)CCCCCCO)N
Human immunodeficiency virus 1,8FUI,Y9R,A,201,Cc1ccc(cc1Nc2nccc(n2)c3cccnc3)C(=O)N[C@@H](Cc4ccccc4)[C@@H](CN(CC(C)C)S(=O)(=O)c5ccc(cc5)N)O
Human immunodeficiency virus 1,8FUJ,Y9N,B,201,Cc1ccc(cc1Nc2nccc(n2)c3cccnc3)C(=O)N[C@@H](Cc4cc(cc(c4)F)F)[C@@H](CN(CC(C)C)S(=O)(=O)c5ccc(cc5)OC)O
Human immunodeficiency virus 1,8FYM,1HC,J,701,C=CC(=O)N
Human immunodeficiency virus 1,8FYM,1HC,I,302,C=CC(=O)N
Human immunodeficiency virus 1,8FYM,1HC,B,301,C=CC(=O)N
Human immunodeficiency virus 1,8G8D,F,L,304,[F-]
Human immunodeficiency virus 1,8GCZ,YZI,A,513,CN1CCN(CC1)C(=O)N2C[C@@H](C[C@@H](C2)C(=O)Nc3ccc(c(c3)F)Cl)CN
Human immunodeficiency virus 1,8GD0,Z3F,A,513,CN1CCN(CC1)C(=O)N2CCC[C@@H](C2)C(=O)Nc3ccc(c(c3)F)Cl
Human immunodeficiency virus 1,8GD1,Z1I,A,511,C[C@@H]1CN(C[C@@H](N1C)C)C(=O)N2C[C@@H](C[C@@H](C2)C(=O)Nc3ccc(c(c3)F)Cl)CN
Human immunodeficiency virus 1,8GD3,Z1Z,A,512,c1cc(c(cc1NC(=O)[C@H]2C[C@H](CN(C2)C(=O)N3CCN(CC3)C(=O)CN)CO)F)Cl
Human immunodeficiency virus 1,8GD5,Z2O,A,512,c1cc(c(cc1NC(=O)[C@H]2C[C@H](CN(C2)C(=O)N3CCN(CC3)CC(=O)O)CO)F)Cl
Human immunodeficiency virus 1,8GDJ,Z6F,A,513,CN1CCN(CC1)C(=O)N2C[C@@H](C[C@@H](C2)C(=O)Nc3ccc(c(c3)F)Cl)CO
Human immunodeficiency virus 1,8GDK,Z7N,A,514,C[C@@H]1CN(C[C@@H](N1C)C)C(=O)N2C[C@@H](C[C@@H](C2)C(=O)Nc3ccc(c(c3)F)Cl)CO
Human immunodeficiency virus 1,8GDV,IHP,A,302,C1(C(C(C(C(C1OP(=O)(O)O)OP(=O)(O)O)OP(=O)(O)O)OP(=O)(O)O)OP(=O)(O)O)OP(=O)(O)O
Human immunodeficiency virus 1,8GDV,IHP,A,301,C1(C(C(C(C(C1OP(=O)(O)O)OP(=O)(O)O)OP(=O)(O)O)OP(=O)(O)O)OP(=O)(O)O)OP(=O)(O)O
Human immunodeficiency virus 1,8GJT,ZNF,A,511,C[C@@H]1CN(C[C@@H](N1C)C)C(=O)N2CCC[C@@H](C2)C(=O)Nc3ccc(c(c3)F)Cl
Human immunodeficiency virus 1,8HVP,LOV,I,5,CC(C)C[C@@H]([C@H](C[C@@H](C(C)C)C(=O)O)O)N
Human immunodeficiency virus 1,8JYH,V96,A,203,c1cc(c(cc1C[C@@H](C(=O)O)N)c2c(c3c(c(c2O)O)C(=O)c4cc(c(c(c4C3=O)C(=O)O)C(=O)O)O)O)O
Human immunodeficiency virus 1,8JYI,V9O,A,203,c1cc(c(cc1CCN)c2c(c3c(c(c2O)O)C(=O)c4cc(c(c(c4C3=O)C(=O)O)C(=O)O)O)O)O
Human immunodeficiency virus 1,8JYJ,VA9,A,203,CC(=O)NCCc1ccc(c(c1)c2c(c3c(c(c2O)O)C(=O)c4cc(c(c(c4C3=O)C(=O)O)C(=O)O)O)O)O
Human immunodeficiency virus 1,8QUB,WVZ,A,301,c1ccc(cc1)[C@H]2c3ccccc3CC(=O)N2
Human immunodeficiency virus 1,8QUH,AJ2,A,301,Cc1cc(nc2c1cccc2)O
Human immunodeficiency virus 1,8QUI,XXL,A,301,CCOC(=O)CN1c2ccccc2OCC1=O
Human immunodeficiency virus 1,8QUJ,WWR,A,405,c1ccc(cc1)CN2C=CNC2=O
Human immunodeficiency virus 1,8QUK,WVU,A,303,c1ccc(cc1)COC(=O)N2CCNC(=O)C2
Human immunodeficiency virus 1,8QUL,3IP,A,301,c1ccc(cc1)COc2cccnc2N
Human immunodeficiency virus 1,8QUW,WZR,A,301,c1ccc(cc1)[C@H]2CC(=O)Nc3c2ccc(c3)O
Human immunodeficiency virus 1,8QUX,S0I,A,302,c1ccc(cc1)CN2CC(=O)Nc3c2cccc3
Human immunodeficiency virus 1,8QUY,X0L,A,301,Cc1ccc(cc1)CN2c3ccccc3NC(=O)C2=O
Human immunodeficiency virus 1,8QV1,X0H,A,301,COC(=O)CC1=CC(=O)Nc2c1cccc2
Human immunodeficiency virus 1,8QV4,WZX,A,303,CCOC(=O)CN1CC(=O)Nc2c1cccc2
Human immunodeficiency virus 1,8QV9,WZL,A,301,c1ccc(cc1)CN2c3cccc(c3NC2=O)Br
Human immunodeficiency virus 1,8QVA,WZ9,A,303,c1ccc(cc1)CN2c3cccc(c3NC2=O)N
Human immunodeficiency virus 1,8S9Q,WBV,A,301,Cc1c(n(c2c1c(c(c(n2)C)[C@@H](C(=O)O)OC(C)(C)C)c3ccc(cc3)Cl)Cc4cnn(c4)C)C
Human immunodeficiency virus 1,8STP,29T,A,601,c1ccc(c(c1)OCCN2C=CC(=O)NC2=O)Oc3cccn4c3cc(c4)C#N
Human immunodeficiency virus 1,8STQ,3LQ,A,601,c1ccc(c(c1)OCCN2C=CC(=O)NC2=O)Oc3cccc4c3ccc(c4)C#N
Human immunodeficiency virus 1,8STR,7N1,A,601,c1cc2c(cc1C#N)cc(cc2Oc3ccc(cc3OCCN4C=CC(=O)NC4=O)F)F
Human immunodeficiency virus 1,8STS,7N1,C,601,c1cc2c(cc1C#N)cc(cc2Oc3ccc(cc3OCCN4C=CC(=O)NC4=O)F)F
Human immunodeficiency virus 1,8STS,7N1,A,601,c1cc2c(cc1C#N)cc(cc2Oc3ccc(cc3OCCN4C=CC(=O)NC4=O)F)F
Human immunodeficiency virus 1,8STT,29T,C,602,c1ccc(c(c1)OCCN2C=CC(=O)NC2=O)Oc3cccn4c3cc(c4)C#N
Human immunodeficiency virus 1,8STT,29T,A,602,c1ccc(c(c1)OCCN2C=CC(=O)NC2=O)Oc3cccn4c3cc(c4)C#N
Human immunodeficiency virus 1,8STU,H9Y,A,602,c1cc(c(cc1F)OCCN2C=CC(=O)NC2=O)Oc3cc(cn4c3cc(c4)C#N)F
Human immunodeficiency virus 1,8STV,3LQ,C,603,c1ccc(c(c1)OCCN2C=CC(=O)NC2=O)Oc3cccc4c3ccc(c4)C#N
Human immunodeficiency virus 1,8STV,3LQ,A,604,c1ccc(c(c1)OCCN2C=CC(=O)NC2=O)Oc3cccc4c3ccc(c4)C#N
Human immunodeficiency virus 1,8T52,QD6,A,301,Cc1cc2c(c(c(nc2n1Cc3cnn(c3)C)C)[C@@H](C(=O)O)OC(C)(C)C)c4ccc(cc4)Cl
Human immunodeficiency virus 1,8T5A,WBV,A,301,Cc1c(n(c2c1c(c(c(n2)C)[C@@H](C(=O)O)OC(C)(C)C)c3ccc(cc3)Cl)Cc4cnn(c4)C)C
Human immunodeficiency virus 1,8T5B,QD6,A,301,Cc1cc2c(c(c(nc2n1Cc3cnn(c3)C)C)[C@@H](C(=O)O)OC(C)(C)C)c4ccc(cc4)Cl
Human immunodeficiency virus 1,8T5B,QD6,B,301,Cc1cc2c(c(c(nc2n1Cc3cnn(c3)C)C)[C@@H](C(=O)O)OC(C)(C)C)c4ccc(cc4)Cl
Human immunodeficiency virus 1,8TOV,J6U,G,301,c1ccc2c(c1)C(=O)N(C(=N2)[C@H](Cc3cc(cc(c3)F)F)NC(=O)CN4CCN(CC4=O)S(=O)(=O)c5ccc(cc5)N)c6ccc(cc6)S(=O)(=O)N7CCOCC7
Human immunodeficiency virus 1,8TOV,J6U,I,301,c1ccc2c(c1)C(=O)N(C(=N2)[C@H](Cc3cc(cc(c3)F)F)NC(=O)CN4CCN(CC4=O)S(=O)(=O)c5ccc(cc5)N)c6ccc(cc6)S(=O)(=O)N7CCOCC7
Human immunodeficiency virus 1,8TOV,J6U,A,301,c1ccc2c(c1)C(=O)N(C(=N2)[C@H](Cc3cc(cc(c3)F)F)NC(=O)CN4CCN(CC4=O)S(=O)(=O)c5ccc(cc5)N)c6ccc(cc6)S(=O)(=O)N7CCOCC7
Human immunodeficiency virus 1,8TOV,J6U,H,301,c1ccc2c(c1)C(=O)N(C(=N2)[C@H](Cc3cc(cc(c3)F)F)NC(=O)CN4CCN(CC4=O)S(=O)(=O)c5ccc(cc5)N)c6ccc(cc6)S(=O)(=O)N7CCOCC7
Human immunodeficiency virus 1,8TOV,J6U,D,301,c1ccc2c(c1)C(=O)N(C(=N2)[C@H](Cc3cc(cc(c3)F)F)NC(=O)CN4CCN(CC4=O)S(=O)(=O)c5ccc(cc5)N)c6ccc(cc6)S(=O)(=O)N7CCOCC7
Human immunodeficiency virus 1,8TOV,J6U,B,301,c1ccc2c(c1)C(=O)N(C(=N2)[C@H](Cc3cc(cc(c3)F)F)NC(=O)CN4CCN(CC4=O)S(=O)(=O)c5ccc(cc5)N)c6ccc(cc6)S(=O)(=O)N7CCOCC7
Human immunodeficiency virus 1,8TOV,J6U,J,301,c1ccc2c(c1)C(=O)N(C(=N2)[C@H](Cc3cc(cc(c3)F)F)NC(=O)CN4CCN(CC4=O)S(=O)(=O)c5ccc(cc5)N)c6ccc(cc6)S(=O)(=O)N7CCOCC7
Human immunodeficiency virus 1,8TOV,J6U,F,301,c1ccc2c(c1)C(=O)N(C(=N2)[C@H](Cc3cc(cc(c3)F)F)NC(=O)CN4CCN(CC4=O)S(=O)(=O)c5ccc(cc5)N)c6ccc(cc6)S(=O)(=O)N7CCOCC7
Human immunodeficiency virus 1,8TOV,J6U,K,301,c1ccc2c(c1)C(=O)N(C(=N2)[C@H](Cc3cc(cc(c3)F)F)NC(=O)CN4CCN(CC4=O)S(=O)(=O)c5ccc(cc5)N)c6ccc(cc6)S(=O)(=O)N7CCOCC7
Human immunodeficiency virus 1,8TOV,J6U,L,301,c1ccc2c(c1)C(=O)N(C(=N2)[C@H](Cc3cc(cc(c3)F)F)NC(=O)CN4CCN(CC4=O)S(=O)(=O)c5ccc(cc5)N)c6ccc(cc6)S(=O)(=O)N7CCOCC7
Human immunodeficiency virus 1,8TOV,J6U,C,301,c1ccc2c(c1)C(=O)N(C(=N2)[C@H](Cc3cc(cc(c3)F)F)NC(=O)CN4CCN(CC4=O)S(=O)(=O)c5ccc(cc5)N)c6ccc(cc6)S(=O)(=O)N7CCOCC7
Human immunodeficiency virus 1,8TOV,J6U,E,301,c1ccc2c(c1)C(=O)N(C(=N2)[C@H](Cc3cc(cc(c3)F)F)NC(=O)CN4CCN(CC4=O)S(=O)(=O)c5ccc(cc5)N)c6ccc(cc6)S(=O)(=O)N7CCOCC7
Human immunodeficiency virus 1,8TQP,K3L,D,301,COc1ccc(cc1)N2C(=O)c3ccccc3N=C2[C@H](Cc4cc(cc(c4)F)F)NC(=O)CN5CCN(CC5=O)S(=O)(=O)c6ccc(cc6)N
Human immunodeficiency virus 1,8TQP,K3L,E,301,COc1ccc(cc1)N2C(=O)c3ccccc3N=C2[C@H](Cc4cc(cc(c4)F)F)NC(=O)CN5CCN(CC5=O)S(=O)(=O)c6ccc(cc6)N
Human immunodeficiency virus 1,8TQP,K3L,F,301,COc1ccc(cc1)N2C(=O)c3ccccc3N=C2[C@H](Cc4cc(cc(c4)F)F)NC(=O)CN5CCN(CC5=O)S(=O)(=O)c6ccc(cc6)N
Human immunodeficiency virus 1,8TQP,K3L,H,301,COc1ccc(cc1)N2C(=O)c3ccccc3N=C2[C@H](Cc4cc(cc(c4)F)F)NC(=O)CN5CCN(CC5=O)S(=O)(=O)c6ccc(cc6)N
Human immunodeficiency virus 1,8TQP,K3L,C,301,COc1ccc(cc1)N2C(=O)c3ccccc3N=C2[C@H](Cc4cc(cc(c4)F)F)NC(=O)CN5CCN(CC5=O)S(=O)(=O)c6ccc(cc6)N
Human immunodeficiency virus 1,8TQP,K3L,B,301,COc1ccc(cc1)N2C(=O)c3ccccc3N=C2[C@H](Cc4cc(cc(c4)F)F)NC(=O)CN5CCN(CC5=O)S(=O)(=O)c6ccc(cc6)N
Human immunodeficiency virus 1,8TQP,K3L,J,301,COc1ccc(cc1)N2C(=O)c3ccccc3N=C2[C@H](Cc4cc(cc(c4)F)F)NC(=O)CN5CCN(CC5=O)S(=O)(=O)c6ccc(cc6)N
Human immunodeficiency virus 1,8TQP,K3L,G,301,COc1ccc(cc1)N2C(=O)c3ccccc3N=C2[C@H](Cc4cc(cc(c4)F)F)NC(=O)CN5CCN(CC5=O)S(=O)(=O)c6ccc(cc6)N
Human immunodeficiency virus 1,8TQP,K3L,K,301,COc1ccc(cc1)N2C(=O)c3ccccc3N=C2[C@H](Cc4cc(cc(c4)F)F)NC(=O)CN5CCN(CC5=O)S(=O)(=O)c6ccc(cc6)N
Human immunodeficiency virus 1,8TQP,K3L,I,301,COc1ccc(cc1)N2C(=O)c3ccccc3N=C2[C@H](Cc4cc(cc(c4)F)F)NC(=O)CN5CCN(CC5=O)S(=O)(=O)c6ccc(cc6)N
Human immunodeficiency virus 1,8TQP,K3L,A,301,COc1ccc(cc1)N2C(=O)c3ccccc3N=C2[C@H](Cc4cc(cc(c4)F)F)NC(=O)CN5CCN(CC5=O)S(=O)(=O)c6ccc(cc6)N
Human immunodeficiency virus 1,8TQP,K3L,L,301,COc1ccc(cc1)N2C(=O)c3ccccc3N=C2[C@H](Cc4cc(cc(c4)F)F)NC(=O)CN5CCN(CC5=O)S(=O)(=O)c6ccc(cc6)N
Human immunodeficiency virus 1,8TTW,83J,I,605,Cc1ncn(n1)c2c3c(c(c[nH]3)C(=O)C(=O)N4CCN(CC4)C(=O)c5ccccc5)c(cn2)OC
Human immunodeficiency virus 1,8TTW,83J,A,605,Cc1ncn(n1)c2c3c(c(c[nH]3)C(=O)C(=O)N4CCN(CC4)C(=O)c5ccccc5)c(cn2)OC
Human immunodeficiency virus 1,8TTW,83J,E,605,Cc1ncn(n1)c2c3c(c(c[nH]3)C(=O)C(=O)N4CCN(CC4)C(=O)c5ccccc5)c(cn2)OC
Human immunodeficiency virus 1,8U69,VQ0,A,601,c1cc(c(cc1Cl)OCCN2C=C(C(=O)NC2=O)Cl)Oc3cc(cc(c3)Cl)C#N
Human immunodeficiency virus 1,8U6A,VQK,A,601,C=CC(=O)Nc1cccc(c1)CCOc2cc(ccc2Oc3cc(cc(c3)Cl)C#N)Cl
Human immunodeficiency virus 1,8U6B,VTN,A,601,C=CC(=O)NCCc1ccc(c(c1)Oc2cc(cc(c2)Cl)C#N)Cl
Human immunodeficiency virus 1,8U6C,VWU,A,601,c1cc(c(cc1CCNC(=O)CCl)Oc2cc(cc(c2)Cl)C#N)Cl
Human immunodeficiency virus 1,8U6D,VTS,A,601,CN(CCOc1ccc(c(c1)Oc2cc(cc(c2)Cl)C#N)Cl)C(=O)C=C
Human immunodeficiency virus 1,8U6E,VTV,A,601,CN(CCc1ccc(c(c1)Oc2cc(cc(c2)Cl)C#N)Cl)C(=O)C=C
Human immunodeficiency virus 1,8U6F,VU8,A,601,CN(CCOc1cc(ccc1Oc2cc(cc(c2)Cl)C#N)Cl)C(=O)C=C
Human immunodeficiency virus 1,8U6G,VVE,A,601,CCC(=O)N1c2ccccc2N(C1=O)CCOc3cc(ccc3Oc4cc(cc(c4)Cl)C#N)Cl
Human immunodeficiency virus 1,8U6H,VVE,A,601,CCC(=O)N1c2ccccc2N(C1=O)CCOc3cc(ccc3Oc4cc(cc(c4)Cl)C#N)Cl
Human immunodeficiency virus 1,8U6H,VVE,C,601,CCC(=O)N1c2ccccc2N(C1=O)CCOc3cc(ccc3Oc4cc(cc(c4)Cl)C#N)Cl
Human immunodeficiency virus 1,8U6I,VVN,A,601,CCC(=O)N(C)CCOc1ccccc1Oc2cccn3c2cc(c3)C#N
Human immunodeficiency virus 1,8U6J,VR9,A,601,CCC(=O)N(C)CCOc1cc(ccc1Oc2cccn3c2cc(c3)C#N)Cl
Human immunodeficiency virus 1,8U6K,VRF,A,601,CN(CCOc1ccccc1Oc2cccc3c2ccc(c3)C#N)C(=O)C=C
Human immunodeficiency virus 1,8U6L,VRQ,A,601,CN(CCOc1cc(ccc1Oc2cccc3c2ccc(c3)C#N)Cl)C(=O)C=C
Human immunodeficiency virus 1,8U6M,VW2,A,601,CCC(=O)N(C)CCOc1ccccc1Oc2cc(cn3c2cc(c3)C#N)Cl
Human immunodeficiency virus 1,8U6N,VWK,A,601,CN(C)C(=O)CCOc1ccccc1Oc2cccc3c2ccc(c3)C#N
Human immunodeficiency virus 1,8U6O,VWB,A,601,c1ccc(c(c1)OCCC(=O)N2CCCC2)Oc3cccc4c3ccc(c4)C#N
Human immunodeficiency virus 1,8U6P,VOI,A,601,CN(C)C(=O)CCOc1ccccc1Oc2cccn3c2cc(c3)C#N
Human immunodeficiency virus 1,8U6Q,VOU,A,601,c1ccc(c(c1)OCCC(=O)N2CCCC2)Oc3cccn4c3cc(c4)C#N
Human immunodeficiency virus 1,8U6R,VP2,A,601,c1ccc(c(c1)OCCC(=O)NCC(F)F)Oc2cccn3c2cc(c3)C#N
Human immunodeficiency virus 1,8U6S,VPB,A,601,c1ccc(c(c1)OCCC(=O)N2CCOCC2)Oc3cccn4c3cc(c4)C#N
Human immunodeficiency virus 1,8U6T,VO8,A,601,CCC(=O)N1c2ccccc2N(C1=O)CCOc3ccccc3Oc4cccc5c4ccc(c5)C#N
Human immunodeficiency virus 1,8W09,DLU,I,304,C[C@@H]1CCO[C@@H]2N1C(=O)C3=C(C(=O)C(=CN3C2)C(=O)NCc4ccc(cc4F)F)O
Human immunodeficiency virus 1,8W09,DLU,A,304,C[C@@H]1CCO[C@@H]2N1C(=O)C3=C(C(=O)C(=CN3C2)C(=O)NCc4ccc(cc4F)F)O
Human immunodeficiency virus 1,8W2R,DLU,I,304,C[C@@H]1CCO[C@@H]2N1C(=O)C3=C(C(=O)C(=CN3C2)C(=O)NCc4ccc(cc4F)F)O
Human immunodeficiency virus 1,8W2R,DLU,A,304,C[C@@H]1CCO[C@@H]2N1C(=O)C3=C(C(=O)C(=CN3C2)C(=O)NCc4ccc(cc4F)F)O
Human immunodeficiency virus 1,8W34,DLU,I,302,C[C@@H]1CCO[C@@H]2N1C(=O)C3=C(C(=O)C(=CN3C2)C(=O)NCc4ccc(cc4F)F)O
Human immunodeficiency virus 1,8W34,DLU,A,302,C[C@@H]1CCO[C@@H]2N1C(=O)C3=C(C(=O)C(=CN3C2)C(=O)NCc4ccc(cc4F)F)O
Human immunodeficiency virus 1,8X1Z,XTE,C,602,c1nc2c(n1[C@H]\3C[C@@H]([C@](/C3=C\F)(COP(=O)(O)OP(=O)(O)OP(=O)(O)O)C#N)O)N=C(NC2=O)N
Human immunodeficiency virus 1,8X1Z,XTE,A,603,c1nc2c(n1[C@H]\3C[C@@H]([C@](/C3=C\F)(COP(=O)(O)OP(=O)(O)OP(=O)(O)O)C#N)O)N=C(NC2=O)N
Human immunodeficiency virus 1,8X20,XTE,C,601,c1nc2c(n1[C@H]\3C[C@@H]([C@](/C3=C\F)(COP(=O)(O)OP(=O)(O)OP(=O)(O)O)C#N)O)N=C(NC2=O)N
Human immunodeficiency virus 1,8X20,XTE,A,601,c1nc2c(n1[C@H]\3C[C@@H]([C@](/C3=C\F)(COP(=O)(O)OP(=O)(O)OP(=O)(O)O)C#N)O)N=C(NC2=O)N
Human immunodeficiency virus 1,8X21,ET9,C,601,C=C1[C@H](C[C@@H]([C@H]1COP(=O)(O)OP(=O)(O)OP(=O)(O)O)O)n2cnc3c2NC(=NC3=O)N
Human immunodeficiency virus 1,8X21,ET9,A,601,C=C1[C@H](C[C@@H]([C@H]1COP(=O)(O)OP(=O)(O)OP(=O)(O)O)O)n2cnc3c2NC(=NC3=O)N
Human immunodeficiency virus 1,8X22,DGT,A,601,c1nc2c(n1[C@H]3C[C@@H]([C@H](O3)CO[P@@](=O)(O)O[P@@](=O)(O)OP(=O)(O)O)O)N=C(NC2=O)N
Human immunodeficiency virus 1,8X22,DGT,C,601,c1nc2c(n1[C@H]3C[C@@H]([C@H](O3)CO[P@@](=O)(O)O[P@@](=O)(O)OP(=O)(O)O)O)N=C(NC2=O)N
Human immunodeficiency virus 1,9C9M,DLU,O,101,C[C@@H]1CCO[C@@H]2N1C(=O)C3=C(C(=O)C(=CN3C2)C(=O)NCc4ccc(cc4F)F)O
Human immunodeficiency virus 1,9C9M,DLU,F,101,C[C@@H]1CCO[C@@H]2N1C(=O)C3=C(C(=O)C(=CN3C2)C(=O)NCc4ccc(cc4F)F)O
Human immunodeficiency virus 1,9CTX,017,A,101,CC(C)C[N@@](C[C@H]([C@H](Cc1ccccc1)NC(=O)O[C@H]2CO[C@@H]3[C@H]2CCO3)O)S(=O)(=O)c4ccc(cc4)N
Human immunodeficiency virus 1,9HVP,0E9,A,100,
Human papillomavirus,5W1O,IDS,O,2,[C@@H]1([C@@H]([C@@H](O[C@H]([C@@H]1OS(=O)(=O)O)O)C(=O)O)O)O
Human papillomavirus,5W1O,JHM,N,1,C1[C@H]([C@@H]([C@H](O[C@@H]1O)COS(=O)(=O)O)O)O
Human papillomavirus,5W1O,IDS,M,2,[C@@H]1([C@@H]([C@@H](O[C@H]([C@@H]1OS(=O)(=O)O)O)C(=O)O)O)O
Human papillomavirus,5W1O,JHM,L,1,C1[C@H]([C@@H]([C@H](O[C@@H]1O)COS(=O)(=O)O)O)O
Human papillomavirus,5W1O,IDS,H,2,[C@@H]1([C@@H]([C@@H](O[C@H]([C@@H]1OS(=O)(=O)O)O)C(=O)O)O)O
Human papillomavirus,5W1O,JHM,M,1,C1[C@H]([C@@H]([C@H](O[C@@H]1O)COS(=O)(=O)O)O)O
Human papillomavirus,5W1O,IDS,P,2,[C@@H]1([C@@H]([C@@H](O[C@H]([C@@H]1OS(=O)(=O)O)O)C(=O)O)O)O
Human papillomavirus,5W1O,IDS,G,6,[C@@H]1([C@@H]([C@@H](O[C@H]([C@@H]1OS(=O)(=O)O)O)C(=O)O)O)O
Human papillomavirus,5W1O,IDS,G,2,[C@@H]1([C@@H]([C@@H](O[C@H]([C@@H]1OS(=O)(=O)O)O)C(=O)O)O)O
Human papillomavirus,5W1O,JHM,O,1,C1[C@H]([C@@H]([C@H](O[C@@H]1O)COS(=O)(=O)O)O)O
Human papillomavirus,5W1O,IDS,J,2,[C@@H]1([C@@H]([C@@H](O[C@H]([C@@H]1OS(=O)(=O)O)O)C(=O)O)O)O
Human papillomavirus,5W1O,IDS,F,2,[C@@H]1([C@@H]([C@@H](O[C@H]([C@@H]1OS(=O)(=O)O)O)C(=O)O)O)O
Human papillomavirus,5W1O,IDS,G,4,[C@@H]1([C@@H]([C@@H](O[C@H]([C@@H]1OS(=O)(=O)O)O)C(=O)O)O)O
Human papillomavirus,5W1O,IDS,K,2,[C@@H]1([C@@H]([C@@H](O[C@H]([C@@H]1OS(=O)(=O)O)O)C(=O)O)O)O
Human papillomavirus,5W1O,JHM,H,1,C1[C@H]([C@@H]([C@H](O[C@@H]1O)COS(=O)(=O)O)O)O
Human papillomavirus,5W1O,IDS,N,2,[C@@H]1([C@@H]([C@@H](O[C@H]([C@@H]1OS(=O)(=O)O)O)C(=O)O)O)O
Human papillomavirus,5W1O,IDS,I,2,[C@@H]1([C@@H]([C@@H](O[C@H]([C@@H]1OS(=O)(=O)O)O)C(=O)O)O)O
Human papillomavirus,5W1O,JHM,J,1,C1[C@H]([C@@H]([C@H](O[C@@H]1O)COS(=O)(=O)O)O)O
Human papillomavirus,5W1O,JHM,P,1,C1[C@H]([C@@H]([C@H](O[C@@H]1O)COS(=O)(=O)O)O)O
Human papillomavirus,5W1O,JHM,G,1,C1[C@H]([C@@H]([C@H](O[C@@H]1O)COS(=O)(=O)O)O)O
Human papillomavirus,5W1O,JHM,F,1,C1[C@H]([C@@H]([C@H](O[C@@H]1O)COS(=O)(=O)O)O)O
Human papillomavirus,5W1O,IDS,L,2,[C@@H]1([C@@H]([C@@H](O[C@H]([C@@H]1OS(=O)(=O)O)O)C(=O)O)O)O
Human papillomavirus,5W1O,JHM,K,1,C1[C@H]([C@@H]([C@H](O[C@@H]1O)COS(=O)(=O)O)O)O
Human papillomavirus,5W1O,JHM,I,1,C1[C@H]([C@@H]([C@H](O[C@@H]1O)COS(=O)(=O)O)O)O
Human papillomavirus,5W1O,JHM,G,5,C1[C@H]([C@@H]([C@H](O[C@@H]1O)COS(=O)(=O)O)O)O
Human papillomavirus,5W1O,JHM,G,3,C1[C@H]([C@@H]([C@H](O[C@@H]1O)COS(=O)(=O)O)O)O
Human papillomavirus 11,1R6N,ALQ,A,1113,CC(C)C(=O)O
Human papillomavirus 11,1R6N,434,A,1112,Cc1ccc2c(c1)C(=O)[C@]3(C2=O)[C@@H]([C@@H]([C@@H](O3)c4ccc(c(c4)Cl)Cl)C(=O)Nc5ccc(cc5)c6csnn6)C(=O)O
Human papillomavirus 11,1R6N,434,A,1111,Cc1ccc2c(c1)C(=O)[C@]3(C2=O)[C@@H]([C@@H]([C@@H](O3)c4ccc(c(c4)Cl)Cl)C(=O)Nc5ccc(cc5)c6csnn6)C(=O)O
Human papillomavirus 16,8B87,SDY,A,901,C([C@@H]1[C@@H]([C@@H]([C@@H]([C@@H](O1)O)O)O)O)O
Human papillomavirus 18,5W1X,JHM,R,3,C1[C@H]([C@@H]([C@H](O[C@@H]1O)COS(=O)(=O)O)O)O
Human papillomavirus 18,5W1X,JHM,Y,1,C1[C@H]([C@@H]([C@H](O[C@@H]1O)COS(=O)(=O)O)O)O
Human papillomavirus 18,5W1X,IDS,f,10,[C@@H]1([C@@H]([C@@H](O[C@H]([C@@H]1OS(=O)(=O)O)O)C(=O)O)O)O
Human papillomavirus 18,5W1X,JHM,p,1,C1[C@H]([C@@H]([C@H](O[C@@H]1O)COS(=O)(=O)O)O)O
Human papillomavirus 18,5W1X,IDS,U,2,[C@@H]1([C@@H]([C@@H](O[C@H]([C@@H]1OS(=O)(=O)O)O)C(=O)O)O)O
Human papillomavirus 18,5W1X,IDS,o,2,[C@@H]1([C@@H]([C@@H](O[C@H]([C@@H]1OS(=O)(=O)O)O)C(=O)O)O)O
Human papillomavirus 18,5W1X,IDS,R,4,[C@@H]1([C@@H]([C@@H](O[C@H]([C@@H]1OS(=O)(=O)O)O)C(=O)O)O)O
Human papillomavirus 18,5W1X,IDS,V,2,[C@@H]1([C@@H]([C@@H](O[C@H]([C@@H]1OS(=O)(=O)O)O)C(=O)O)O)O
Human papillomavirus 18,5W1X,IDS,X,2,[C@@H]1([C@@H]([C@@H](O[C@H]([C@@H]1OS(=O)(=O)O)O)C(=O)O)O)O
Human papillomavirus 18,5W1X,IDS,g,2,[C@@H]1([C@@H]([C@@H](O[C@H]([C@@H]1OS(=O)(=O)O)O)C(=O)O)O)O
Human papillomavirus 18,5W1X,JHM,e,5,C1[C@H]([C@@H]([C@H](O[C@@H]1O)COS(=O)(=O)O)O)O
Human papillomavirus 18,5W1X,IDS,c,4,[C@@H]1([C@@H]([C@@H](O[C@H]([C@@H]1OS(=O)(=O)O)O)C(=O)O)O)O
Human papillomavirus 18,5W1X,IDS,e,2,[C@@H]1([C@@H]([C@@H](O[C@H]([C@@H]1OS(=O)(=O)O)O)C(=O)O)O)O
Human papillomavirus 18,5W1X,JHM,m,1,C1[C@H]([C@@H]([C@H](O[C@@H]1O)COS(=O)(=O)O)O)O
Human papillomavirus 18,5W1X,IDS,p,4,[C@@H]1([C@@H]([C@@H](O[C@H]([C@@H]1OS(=O)(=O)O)O)C(=O)O)O)O
Human papillomavirus 18,5W1X,JHM,f,1,C1[C@H]([C@@H]([C@H](O[C@@H]1O)COS(=O)(=O)O)O)O
Human papillomavirus 18,5W1X,JHM,Q,1,C1[C@H]([C@@H]([C@H](O[C@@H]1O)COS(=O)(=O)O)O)O
Human papillomavirus 18,5W1X,JHM,W,1,C1[C@H]([C@@H]([C@H](O[C@@H]1O)COS(=O)(=O)O)O)O
Human papillomavirus 18,5W1X,JHM,X,1,C1[C@H]([C@@H]([C@H](O[C@@H]1O)COS(=O)(=O)O)O)O
Human papillomavirus 18,5W1X,IDS,s,2,[C@@H]1([C@@H]([C@@H](O[C@H]([C@@H]1OS(=O)(=O)O)O)C(=O)O)O)O
Human papillomavirus 18,5W1X,JHM,l,1,C1[C@H]([C@@H]([C@H](O[C@@H]1O)COS(=O)(=O)O)O)O
Human papillomavirus 18,5W1X,JHM,o,1,C1[C@H]([C@@H]([C@H](O[C@@H]1O)COS(=O)(=O)O)O)O
Human papillomavirus 18,5W1X,JHM,f,3,C1[C@H]([C@@H]([C@H](O[C@@H]1O)COS(=O)(=O)O)O)O
Human papillomavirus 18,5W1X,IDS,h,2,[C@@H]1([C@@H]([C@@H](O[C@H]([C@@H]1OS(=O)(=O)O)O)C(=O)O)O)O
Human papillomavirus 18,5W1X,JHM,V,1,C1[C@H]([C@@H]([C@H](O[C@@H]1O)COS(=O)(=O)O)O)O
Human papillomavirus 18,5W1X,JHM,Q,3,C1[C@H]([C@@H]([C@H](O[C@@H]1O)COS(=O)(=O)O)O)O
Human papillomavirus 18,5W1X,IDS,T,2,[C@@H]1([C@@H]([C@@H](O[C@H]([C@@H]1OS(=O)(=O)O)O)C(=O)O)O)O
Human papillomavirus 18,5W1X,IDS,P,2,[C@@H]1([C@@H]([C@@H](O[C@H]([C@@H]1OS(=O)(=O)O)O)C(=O)O)O)O
Human papillomavirus 18,5W1X,JHM,e,1,C1[C@H]([C@@H]([C@H](O[C@@H]1O)COS(=O)(=O)O)O)O
Human papillomavirus 18,5W1X,JHM,c,3,C1[C@H]([C@@H]([C@H](O[C@@H]1O)COS(=O)(=O)O)O)O
Human papillomavirus 18,5W1X,JHM,r,1,C1[C@H]([C@@H]([C@H](O[C@@H]1O)COS(=O)(=O)O)O)O
Human papillomavirus 18,5W1X,IDS,q,2,[C@@H]1([C@@H]([C@@H](O[C@H]([C@@H]1OS(=O)(=O)O)O)C(=O)O)O)O
Human papillomavirus 18,5W1X,IDS,V,4,[C@@H]1([C@@H]([C@@H](O[C@H]([C@@H]1OS(=O)(=O)O)O)C(=O)O)O)O
Human papillomavirus 18,5W1X,IDS,X,4,[C@@H]1([C@@H]([C@@H](O[C@H]([C@@H]1OS(=O)(=O)O)O)C(=O)O)O)O
Human papillomavirus 18,5W1X,IDS,g,4,[C@@H]1([C@@H]([C@@H](O[C@H]([C@@H]1OS(=O)(=O)O)O)C(=O)O)O)O
Human papillomavirus 18,5W1X,JHM,d,1,C1[C@H]([C@@H]([C@H](O[C@@H]1O)COS(=O)(=O)O)O)O
Human papillomavirus 18,5W1X,IDS,i,2,[C@@H]1([C@@H]([C@@H](O[C@H]([C@@H]1OS(=O)(=O)O)O)C(=O)O)O)O
Human papillomavirus 18,5W1X,IDS,S,2,[C@@H]1([C@@H]([C@@H](O[C@H]([C@@H]1OS(=O)(=O)O)O)C(=O)O)O)O
Human papillomavirus 18,5W1X,IDS,e,6,[C@@H]1([C@@H]([C@@H](O[C@H]([C@@H]1OS(=O)(=O)O)O)C(=O)O)O)O
Human papillomavirus 18,5W1X,JHM,p,3,C1[C@H]([C@@H]([C@H](O[C@@H]1O)COS(=O)(=O)O)O)O
Human papillomavirus 18,5W1X,IDS,n,2,[C@@H]1([C@@H]([C@@H](O[C@H]([C@@H]1OS(=O)(=O)O)O)C(=O)O)O)O
Human papillomavirus 18,5W1X,IDS,b,2,[C@@H]1([C@@H]([C@@H](O[C@H]([C@@H]1OS(=O)(=O)O)O)C(=O)O)O)O
Human papillomavirus 18,5W1X,JHM,h,1,C1[C@H]([C@@H]([C@H](O[C@@H]1O)COS(=O)(=O)O)O)O
Human papillomavirus 18,5W1X,IDS,e,4,[C@@H]1([C@@H]([C@@H](O[C@H]([C@@H]1OS(=O)(=O)O)O)C(=O)O)O)O
Human papillomavirus 18,5W1X,IDS,f,8,[C@@H]1([C@@H]([C@@H](O[C@H]([C@@H]1OS(=O)(=O)O)O)C(=O)O)O)O
Human papillomavirus 18,5W1X,JHM,T,1,C1[C@H]([C@@H]([C@H](O[C@@H]1O)COS(=O)(=O)O)O)O
Human papillomavirus 18,5W1X,IDS,f,2,[C@@H]1([C@@H]([C@@H](O[C@H]([C@@H]1OS(=O)(=O)O)O)C(=O)O)O)O
Human papillomavirus 18,5W1X,IDS,Z,2,[C@@H]1([C@@H]([C@@H](O[C@H]([C@@H]1OS(=O)(=O)O)O)C(=O)O)O)O
Human papillomavirus 18,5W1X,IDS,Q,2,[C@@H]1([C@@H]([C@@H](O[C@H]([C@@H]1OS(=O)(=O)O)O)C(=O)O)O)O
Human papillomavirus 18,5W1X,JHM,g,1,C1[C@H]([C@@H]([C@H](O[C@@H]1O)COS(=O)(=O)O)O)O
Human papillomavirus 18,5W1X,IDS,W,2,[C@@H]1([C@@H]([C@@H](O[C@H]([C@@H]1OS(=O)(=O)O)O)C(=O)O)O)O
Human papillomavirus 18,5W1X,IDS,j,2,[C@@H]1([C@@H]([C@@H](O[C@H]([C@@H]1OS(=O)(=O)O)O)C(=O)O)O)O
Human papillomavirus 18,5W1X,IDS,a,2,[C@@H]1([C@@H]([C@@H](O[C@H]([C@@H]1OS(=O)(=O)O)O)C(=O)O)O)O
Human papillomavirus 18,5W1X,JHM,n,1,C1[C@H]([C@@H]([C@H](O[C@@H]1O)COS(=O)(=O)O)O)O
Human papillomavirus 18,5W1X,JHM,X,3,C1[C@H]([C@@H]([C@H](O[C@@H]1O)COS(=O)(=O)O)O)O
Human papillomavirus 18,5W1X,IDS,h,4,[C@@H]1([C@@H]([C@@H](O[C@H]([C@@H]1OS(=O)(=O)O)O)C(=O)O)O)O
Human papillomavirus 18,5W1X,JHM,b,1,C1[C@H]([C@@H]([C@H](O[C@@H]1O)COS(=O)(=O)O)O)O
Human papillomavirus 18,5W1X,JHM,i,1,C1[C@H]([C@@H]([C@H](O[C@@H]1O)COS(=O)(=O)O)O)O
Human papillomavirus 18,5W1X,JHM,V,3,C1[C@H]([C@@H]([C@H](O[C@@H]1O)COS(=O)(=O)O)O)O
Human papillomavirus 18,5W1X,JHM,e,3,C1[C@H]([C@@H]([C@H](O[C@@H]1O)COS(=O)(=O)O)O)O
Human papillomavirus 18,5W1X,JHM,s,1,C1[C@H]([C@@H]([C@H](O[C@@H]1O)COS(=O)(=O)O)O)O
Human papillomavirus 18,5W1X,IDS,b,4,[C@@H]1([C@@H]([C@@H](O[C@H]([C@@H]1OS(=O)(=O)O)O)C(=O)O)O)O
Human papillomavirus 18,5W1X,JHM,R,1,C1[C@H]([C@@H]([C@H](O[C@@H]1O)COS(=O)(=O)O)O)O
Human papillomavirus 18,5W1X,IDS,f,6,[C@@H]1([C@@H]([C@@H](O[C@H]([C@@H]1OS(=O)(=O)O)O)C(=O)O)O)O
Human papillomavirus 18,5W1X,JHM,h,3,C1[C@H]([C@@H]([C@H](O[C@@H]1O)COS(=O)(=O)O)O)O
Human papillomavirus 18,5W1X,JHM,q,1,C1[C@H]([C@@H]([C@H](O[C@@H]1O)COS(=O)(=O)O)O)O
Human papillomavirus 18,5W1X,JHM,U,1,C1[C@H]([C@@H]([C@H](O[C@@H]1O)COS(=O)(=O)O)O)O
Human papillomavirus 18,5W1X,IDS,R,2,[C@@H]1([C@@H]([C@@H](O[C@H]([C@@H]1OS(=O)(=O)O)O)C(=O)O)O)O
Human papillomavirus 18,5W1X,IDS,f,4,[C@@H]1([C@@H]([C@@H](O[C@H]([C@@H]1OS(=O)(=O)O)O)C(=O)O)O)O
Human papillomavirus 18,5W1X,IDS,Q,4,[C@@H]1([C@@H]([C@@H](O[C@H]([C@@H]1OS(=O)(=O)O)O)C(=O)O)O)O
Human papillomavirus 18,5W1X,JHM,S,1,C1[C@H]([C@@H]([C@H](O[C@@H]1O)COS(=O)(=O)O)O)O
Human papillomavirus 18,5W1X,JHM,f,7,C1[C@H]([C@@H]([C@H](O[C@@H]1O)COS(=O)(=O)O)O)O
Human papillomavirus 18,5W1X,IDS,l,2,[C@@H]1([C@@H]([C@@H](O[C@H]([C@@H]1OS(=O)(=O)O)O)C(=O)O)O)O
Human papillomavirus 18,5W1X,JHM,k,1,C1[C@H]([C@@H]([C@H](O[C@@H]1O)COS(=O)(=O)O)O)O
Human papillomavirus 18,5W1X,IDS,c,2,[C@@H]1([C@@H]([C@@H](O[C@H]([C@@H]1OS(=O)(=O)O)O)C(=O)O)O)O
Human papillomavirus 18,5W1X,JHM,g,3,C1[C@H]([C@@H]([C@H](O[C@@H]1O)COS(=O)(=O)O)O)O
Human papillomavirus 18,5W1X,IDS,r,2,[C@@H]1([C@@H]([C@@H](O[C@H]([C@@H]1OS(=O)(=O)O)O)C(=O)O)O)O
Human papillomavirus 18,5W1X,IDS,d,2,[C@@H]1([C@@H]([C@@H](O[C@H]([C@@H]1OS(=O)(=O)O)O)C(=O)O)O)O
Human papillomavirus 18,5W1X,IDS,Y,2,[C@@H]1([C@@H]([C@@H](O[C@H]([C@@H]1OS(=O)(=O)O)O)C(=O)O)O)O
Human papillomavirus 18,5W1X,IDS,k,2,[C@@H]1([C@@H]([C@@H](O[C@H]([C@@H]1OS(=O)(=O)O)O)C(=O)O)O)O
Human papillomavirus 18,5W1X,IDS,p,2,[C@@H]1([C@@H]([C@@H](O[C@H]([C@@H]1OS(=O)(=O)O)O)C(=O)O)O)O
Human papillomavirus 18,5W1X,JHM,b,3,C1[C@H]([C@@H]([C@H](O[C@@H]1O)COS(=O)(=O)O)O)O
Human papillomavirus 18,5W1X,JHM,j,1,C1[C@H]([C@@H]([C@H](O[C@@H]1O)COS(=O)(=O)O)O)O
Human papillomavirus 18,5W1X,JHM,Z,1,C1[C@H]([C@@H]([C@H](O[C@@H]1O)COS(=O)(=O)O)O)O
Human papillomavirus 18,5W1X,JHM,P,1,C1[C@H]([C@@H]([C@H](O[C@@H]1O)COS(=O)(=O)O)O)O
Human papillomavirus 18,5W1X,JHM,c,1,C1[C@H]([C@@H]([C@H](O[C@@H]1O)COS(=O)(=O)O)O)O
Human papillomavirus 18,5W1X,JHM,f,9,C1[C@H]([C@@H]([C@H](O[C@@H]1O)COS(=O)(=O)O)O)O
Human papillomavirus 18,5W1X,JHM,f,5,C1[C@H]([C@@H]([C@H](O[C@@H]1O)COS(=O)(=O)O)O)O
Human papillomavirus 18,5W1X,IDS,m,2,[C@@H]1([C@@H]([C@@H](O[C@H]([C@@H]1OS(=O)(=O)O)O)C(=O)O)O)O
Human papillomavirus 18,5W1X,JHM,a,1,C1[C@H]([C@@H]([C@H](O[C@@H]1O)COS(=O)(=O)O)O)O
Human papillomavirus 18,6ZFG,FSC,A,302,C[C@@H]1[C@@H]\2CC[C@@H](/C2=C/[C@]3([C@H](CC(=C3[C@H]([C@@H]1O)O[C@@H]4[C@@H]([C@H]([C@@H]([C@H](O4)COC(C)(C)C=C)O)OC(=O)C)O)[C@H](C)COC(=O)C)O)C)COC
Human papillomavirus 18,6ZFG,FSC,B,301,C[C@@H]1[C@@H]\2CC[C@@H](/C2=C/[C@]3([C@H](CC(=C3[C@H]([C@@H]1O)O[C@@H]4[C@@H]([C@H]([C@@H]([C@H](O4)COC(C)(C)C=C)O)OC(=O)C)O)[C@H](C)COC(=O)C)O)C)COC
Human papillomavirus 6,1R6N,ALQ,A,1113,CC(C)C(=O)O
Human papillomavirus 6,1R6N,434,A,1112,Cc1ccc2c(c1)C(=O)[C@]3(C2=O)[C@@H]([C@@H]([C@@H](O3)c4ccc(c(c4)Cl)Cl)C(=O)Nc5ccc(cc5)c6csnn6)C(=O)O
Human papillomavirus 6,1R6N,434,A,1111,Cc1ccc2c(c1)C(=O)[C@]3(C2=O)[C@@H]([C@@H]([C@@H](O3)c4ccc(c(c4)Cl)Cl)C(=O)Nc5ccc(cc5)c6csnn6)C(=O)O
Human papillomavirus type 16,8B87,SDY,A,901,C([C@@H]1[C@@H]([C@@H]([C@@H]([C@@H](O1)O)O)O)O)O
Severe acute respiratory syndrome coronavirus 2,5R7Y,JFM,A,1001,CS(=O)(=O)NCCc1ccccc1
Severe acute respiratory syndrome coronavirus 2,5R7Z,HWH,A,404,CC(=O)NCCc1c[nH]c2c1cc(cc2)F
Severe acute respiratory syndrome coronavirus 2,5R80,RZG,A,404,COC(=O)c1ccc(cc1)S(=O)(=O)N
Severe acute respiratory syndrome coronavirus 2,5R81,RZJ,A,1001,CN1CCCc2c1cc(cc2)S(=O)(=O)N
Severe acute respiratory syndrome coronavirus 2,5R82,RZS,A,1001,CCNc1ccc(cn1)C#N
Severe acute respiratory syndrome coronavirus 2,5R83,K0G,A,404,c1ccc(cc1)NC(=O)Nc2cccnc2
Severe acute respiratory syndrome coronavirus 2,5R84,GWS,A,1001,c1cc(cnc1)NC(=O)CC2CCCCC2
Severe acute respiratory syndrome coronavirus 2,5RE4,SZY,A,404,Cc1ccncc1NC(=O)C
Severe acute respiratory syndrome coronavirus 2,5RE5,T0J,A,404,c1ccc(cc1)NC(=O)N2CCC(CC2)C(=O)N
Severe acute respiratory syndrome coronavirus 2,5RE6,O0S,A,404,CC(=O)Nc1ccc(cc1)Oc2ncccn2
Severe acute respiratory syndrome coronavirus 2,5RE7,T0S,A,404,CC(=O)NCc1ccc(cc1)S(=O)(=O)N
Severe acute respiratory syndrome coronavirus 2,5RE8,T0V,A,404,c1cc(cc(c1)F)CNCc2ccco2
Severe acute respiratory syndrome coronavirus 2,5RE9,LPZ,A,404,Cc1ccc(cc1)OCC(=O)N2CC[NH+](CC2)C
Severe acute respiratory syndrome coronavirus 2,5REA,JGP,A,404,c1cc2c(cc1C(=O)N3CCCCCC3)OCO2
Severe acute respiratory syndrome coronavirus 2,5REB,T0Y,A,404,c1cscc1CN2CCC(CC2)O
Severe acute respiratory syndrome coronavirus 2,5REC,T1J,A,404,c1ccc(c(c1)CNc2[nH]c3ccccc3n2)O
Severe acute respiratory syndrome coronavirus 2,5RED,JJG,A,404,c1ccc(cc1)SCCN2CCOCC2
Severe acute respiratory syndrome coronavirus 2,5REE,T1M,A,404,C[C@@H]1[C@H](CCCN1Cc2ccccc2)O
Severe acute respiratory syndrome coronavirus 2,5REF,6SU,A,404,COC(=O)c1cccc(c1)NS(=O)(=O)C
Severe acute respiratory syndrome coronavirus 2,5REG,LWA,A,404,c1cc(ccc1C(=O)N)NC(=O)[C@@H]2CCCO2
Severe acute respiratory syndrome coronavirus 2,5REH,AWP,A,404,c1cnccc1CCNC(=O)NC2CCCCC2
Severe acute respiratory syndrome coronavirus 2,5REI,T1S,A,404,c1cc(cc(c1)Cl)CN2CCOCC2
Severe acute respiratory syndrome coronavirus 2,5REJ,T1V,A,404,CC(=O)N1CCN(CC1)S(=O)(=O)c2cccs2
Severe acute respiratory syndrome coronavirus 2,5REK,T1Y,A,404,CC(=O)N1CCN(CC1)S(=O)(=O)c2cccc(c2)F
Severe acute respiratory syndrome coronavirus 2,5REL,T2G,A,404,Cc1cccc(c1)CN2CCN(CC2)C(=O)C
Severe acute respiratory syndrome coronavirus 2,5REM,T2J,A,404,CC(=O)N1CCN(CC1)c2ccccc2[N+](=O)[O-]
Severe acute respiratory syndrome coronavirus 2,5REN,T2V,A,404,CC(=O)N1CCC[C@H](C1)c2nc3ccccc3s2
Severe acute respiratory syndrome coronavirus 2,5REO,T2Y,A,404,CC(=O)NCc1ccc2c(c1)OCO2
Severe acute respiratory syndrome coronavirus 2,5REP,T3G,A,404,CC(=O)N1CCN(CC1)S(=O)(=O)c2c(cccc2F)F
Severe acute respiratory syndrome coronavirus 2,5RER,T3J,A,404,CC(=O)N1CCO[C@H](C1)c2ccc(cc2)F
Severe acute respiratory syndrome coronavirus 2,5RES,T3V,A,404,CC(=O)N1CCN(CC1)S(=O)(=O)c2ccccc2F
Severe acute respiratory syndrome coronavirus 2,5RET,T47,A,404,CC(=O)N1CCN(CC1)Cc2cccc(c2)Cl
Severe acute respiratory syndrome coronavirus 2,5REU,T4D,A,404,CC(=O)N1CCN(CC1)S(=O)(=O)c2ccccc2C#N
Severe acute respiratory syndrome coronavirus 2,5REV,T4J,A,404,CC(=O)Nc1cccc(c1)C(=O)N2CCSCC2
Severe acute respiratory syndrome coronavirus 2,5REW,T4M,A,404,C[C@@H](c1cccc2c1cccc2)NC(=O)C
Severe acute respiratory syndrome coronavirus 2,5REX,T4V,A,404,CC(=O)N1CCN(CC1)Cc2cccc3c2cccc3
Severe acute respiratory syndrome coronavirus 2,5REY,T4Y,A,404,Cc1ccccc1CN2CCCN(CC2)C(=O)C
Severe acute respiratory syndrome coronavirus 2,5REZ,T54,A,404,c1cscc1[C@@H]2CCC[C@@H]2C(=O)N
Severe acute respiratory syndrome coronavirus 2,5RF0,T5D,A,404,c1ccnc(c1)C2(CCCC2)CO
Severe acute respiratory syndrome coronavirus 2,5RF1,T5G,A,404,c1cc(ccc1S(=O)(=O)N)Br
Severe acute respiratory syndrome coronavirus 2,5RF2,HVB,A,404,CCC(=[NH2+])N
Severe acute respiratory syndrome coronavirus 2,5RF3,T5V,A,404,c1c(cncn1)N
Severe acute respiratory syndrome coronavirus 2,5RF4,T5Y,A,404,c1ccnc(c1)O
Severe acute respiratory syndrome coronavirus 2,5RF5,HV2,A,404,C1C(CS1(=O)=O)O
Severe acute respiratory syndrome coronavirus 2,5RF6,NTG,A,404,c1cc(ncc1N2CCCOCC2)C#N
Severe acute respiratory syndrome coronavirus 2,5RF7,T67,A,404,CN1CCN(CC1)C(=O)Cc2c[nH]c3c2cccn3
Severe acute respiratory syndrome coronavirus 2,5RF8,SFY,A,404,c1ccnc(c1)NS(=O)(=O)c2ccc(cc2)N
Severe acute respiratory syndrome coronavirus 2,5RF9,S7D,A,404,C[C@H]1CN(CCO1)C(=O)Cn2cccn2
Severe acute respiratory syndrome coronavirus 2,5RFA,JGY,A,403,Cn1ccc(n1)C(=O)NC[C@@H]2CCCO2
Severe acute respiratory syndrome coronavirus 2,5RFB,K3S,A,404,CCNCc1cn(nn1)C
Severe acute respiratory syndrome coronavirus 2,5RFC,K1Y,A,404,Cc1nc(c(s1)NC(=O)OC)c2ccccc2
Severe acute respiratory syndrome coronavirus 2,5RFD,T6J,A,404,CS(=O)(=O)Cc1[nH]c2ccccc2n1
Severe acute respiratory syndrome coronavirus 2,5RFE,JGG,A,404,c1cc(ccc1CNC(=O)N2CCOCC2)C#N
Severe acute respiratory syndrome coronavirus 2,5RFF,T6M,A,404,CC(=O)N1CCN(CC1)S(=O)(=O)c2ccc(cc2)Cl
Severe acute respiratory syndrome coronavirus 2,5RFG,T6V,A,404,CC(=O)N(c1ccccc1)[C@@H]2CS(=O)(=O)C=C2
Severe acute respiratory syndrome coronavirus 2,5RFH,T6Y,A,404,CC(=O)N1CCN(CC1)Cc2ccc(s2)Cl
Severe acute respiratory syndrome coronavirus 2,5RFI,T71,A,404,Cc1ccc(c(c1)S(=O)(=O)N2CCN(CC2)C(=O)C)C
Severe acute respiratory syndrome coronavirus 2,5RFJ,T7A,A,404,CC(=O)Nc1nc2c(cccc2s1)OC
Severe acute respiratory syndrome coronavirus 2,5RFK,T7D,A,404,CC(=O)N1CCC(CC1)NC(=O)c2ccccc2
Severe acute respiratory syndrome coronavirus 2,5RFL,T7G,A,404,CC(=O)N1CCC(CC1)C(=O)Nc2ccccc2O
Severe acute respiratory syndrome coronavirus 2,5RFM,T7J,A,404,Cc1ccc(cc1)N([C@H]2CS(=O)(=O)C=C2)C(=O)C
Severe acute respiratory syndrome coronavirus 2,5RFN,T7P,A,404,CC(=O)N(c1ccc(cc1)F)[C@H]2CS(=O)(=O)C=C2
Severe acute respiratory syndrome coronavirus 2,5RFO,T7S,A,404,CC(=O)N1CCC(CC1)C(=O)N2CCCCC2
Severe acute respiratory syndrome coronavirus 2,5RFP,T7V,A,404,C[C@H](c1cccc(c1)Cl)NC(=O)C
Severe acute respiratory syndrome coronavirus 2,5RFQ,T7Y,A,404,CC(=O)Nc1cccc(c1)N2CCCC2=O
Severe acute respiratory syndrome coronavirus 2,5RFR,T81,A,404,CC(=O)N1CCN(CC1)Cc2ccc(s2)Br
Severe acute respiratory syndrome coronavirus 2,5RFS,T84,A,405,CC(=O)N1CCN(CC1)Cc2ccsc2
Severe acute respiratory syndrome coronavirus 2,5RFT,T8A,A,404,CC(=O)N1Cc2ccccc2[C@@H](C1)c3ccccc3
Severe acute respiratory syndrome coronavirus 2,5RFU,T8D,A,405,CC(=O)N1CCN(CC1)S(=O)(=O)c2ccc(s2)Cl
Severe acute respiratory syndrome coronavirus 2,5RFV,T8J,A,404,CC(=O)N1CCN(CC1)C(=O)c2cccs2
Severe acute respiratory syndrome coronavirus 2,5RFW,T8M,A,405,CC(=O)N1CCN(CC1)Cc2cccs2
Severe acute respiratory syndrome coronavirus 2,5RFX,T8P,A,404,CC(=O)N1CCN(CC1)c2ccc(cc2)OC
Severe acute respiratory syndrome coronavirus 2,5RFY,T8S,A,404,CC(C)N(C)C(=O)C1CCN(CC1)C(=O)C
Severe acute respiratory syndrome coronavirus 2,5RFZ,T8V,A,404,CC(=O)Nc1cccnc1Cl
Severe acute respiratory syndrome coronavirus 2,5RG0,T8Y,A,405,CC(=O)N1CCN(CC1)C(=O)C
Severe acute respiratory syndrome coronavirus 2,5RG1,T9J,A,404,CC(=O)N[C@@H](Cc1ccc(cc1)O)C(=O)NCC#CBr
Severe acute respiratory syndrome coronavirus 2,5RG2,T9M,A,404,C[C@H]([C@H](C(=O)NCC=C)NC(=O)C)O
Severe acute respiratory syndrome coronavirus 2,5RG3,T9P,A,405,CC(=O)N[C@@H](CC(=O)N)C(=O)NCC=C
Severe acute respiratory syndrome coronavirus 2,5RGG,NZD,A,404,CN1CCN(CC1)C(=O)Nc2ccccc2
Severe acute respiratory syndrome coronavirus 2,5RGH,U0M,A,404,Cc1nnc(s1)CN2CCC=C(C2)F
Severe acute respiratory syndrome coronavirus 2,5RGI,U0P,A,404,Cc1cc(no1)CN(C)C(=O)NC2CC2
Severe acute respiratory syndrome coronavirus 2,5RGJ,U0S,A,404,c1cnc(cn1)N2CC[C@@]3(C2)CCOC3
Severe acute respiratory syndrome coronavirus 2,5RGK,U0V,A,404,c1ccc(c(c1)C(=O)NCCc2ccncc2)F
Severe acute respiratory syndrome coronavirus 2,5RGL,U0Y,A,404,Cc1ccc(cc1)C(=O)N2CCN(CC2)C(=O)C
Severe acute respiratory syndrome coronavirus 2,5RGM,U1D,A,404,CC(=O)NNC(=O)c1cc2c(s1)CCCC2
Severe acute respiratory syndrome coronavirus 2,5RGN,U1A,A,404,Cc1ccc(cc1)S(=O)(=O)N2CCN(CC2)C(=O)C
Severe acute respiratory syndrome coronavirus 2,5RGO,U1G,A,404,CC(=O)N1CCN(CC1)C(=O)c2ccco2
Severe acute respiratory syndrome coronavirus 2,5RGP,U1M,A,404,Cc1ccc(c(c1)C)S(=O)(=O)N2CCN(CC2)C(=O)C
Severe acute respiratory syndrome coronavirus 2,5RGQ,U1V,A,403,Cc1cc(ccc1CS(=O)(=O)N)F
Severe acute respiratory syndrome coronavirus 2,5RGR,K1G,A,404,CC(C)N(C)c1c2cnn(c2ncn1)C
Severe acute respiratory syndrome coronavirus 2,5RGR,K1G,A,403,CC(C)N(C)c1c2cnn(c2ncn1)C
Severe acute respiratory syndrome coronavirus 2,5RGS,S7V,A,404,c1ccc(cc1)CN2CCO[C@H](C2)CO
Severe acute respiratory syndrome coronavirus 2,5RGT,UHS,A,405,CCC(=O)N(c1cc(on1)C(C)(C)C)[C@H](c2cccnc2)C(=O)NC(C)(C)C
Severe acute respiratory syndrome coronavirus 2,5RGU,UGD,A,1001,c1cc(cc(c1)O[C@@H]2CC(=O)N2)NC(=O)Cc3cncnc3
Severe acute respiratory syndrome coronavirus 2,5RGV,UGG,A,1001,c1ccc(cc1)NC(=O)Cc2cncc3c2cccc3
Severe acute respiratory syndrome coronavirus 2,5RGW,UGM,A,1001,c1cc(cnc1)NC(=O)Cc2cc(cnc2)C#N
Severe acute respiratory syndrome coronavirus 2,5RGX,UGP,A,1001,Cc1ccncc1NC(=O)Cc2cccc(c2)C#N
Severe acute respiratory syndrome coronavirus 2,5RGY,UGS,A,1001,COc1ccnc(c1)NC(=O)Cc2ccc3ccccc3c2
Severe acute respiratory syndrome coronavirus 2,5RGZ,UH1,A,1001,c1cc(cc(c1)C#N)CC(=O)Nc2cccnc2
Severe acute respiratory syndrome coronavirus 2,5RH0,UH4,A,1001,Cc1ccc(s1)NC(=O)Nc2cccnc2
Severe acute respiratory syndrome coronavirus 2,5RH1,UGV,A,1001,c1cc(cnc1)NC(=O)Cc2ccc(s2)Cl
Severe acute respiratory syndrome coronavirus 2,5RH2,UH7,A,1001,Cc1ccncc1NC(=O)Cc2cccc(c2)Cl
Severe acute respiratory syndrome coronavirus 2,5RH3,UHA,A,1001,Cc1ccncc1NC(=O)[C@H](C)c2cccc(c2)Cl
Severe acute respiratory syndrome coronavirus 2,5RH4,UHG,A,1001,C[C@H](c1ccc2c3cc(ccc3[nH]c2c1)Cl)C(=O)O
Severe acute respiratory syndrome coronavirus 2,5RH5,UHV,A,1001,CCC(=O)N(c1cc(on1)C(C)(C)C)[C@H](c2cccnc2)C(=O)Nc3ccc(cc3C)OC
Severe acute respiratory syndrome coronavirus 2,5RH6,UHY,A,405,CCc1cccc(c1NC(=O)[C@@H](c2cccnc2)N(c3ccc(nc3)C(C)C)C(=O)CC)C
Severe acute respiratory syndrome coronavirus 2,5RH7,UJ1,A,405,CCc1cccc(c1NC(=O)[C@@H](c2cccnc2)N(c3cc([nH]n3)C(C)(C)C)C(=O)CC)C
Severe acute respiratory syndrome coronavirus 2,5RH8,UHM,A,405,c1ccc(c(c1)C(=O)NCc2cnsc2)OCC#N
Severe acute respiratory syndrome coronavirus 2,5RH9,UJ4,A,405,CCC(=O)N(c1ccc(cc1)[C@H](C)OC)[C@H](c2cccnc2)C(=O)Nc3ccc(cc3C)OC
Severe acute respiratory syndrome coronavirus 2,5RHA,T8M,A,1001,CC(=O)N1CCN(CC1)Cc2cccs2
Severe acute respiratory syndrome coronavirus 2,5RHB,USD,A,406,[H]/N=C/c1ncccn1
Severe acute respiratory syndrome coronavirus 2,5RHC,USA,A,1001,[H]/N=C/c1[nH]ccn1
Severe acute respiratory syndrome coronavirus 2,5RHD,US7,A,408,CS(=O)(=O)c1ccc(cc1)N2CCNCC2
Severe acute respiratory syndrome coronavirus 2,5RHE,UPD,A,1001,CC(=O)N1CCC(CC1)C(=O)Nc2ccc(nc2)OC
Severe acute respiratory syndrome coronavirus 2,5RHF,UPJ,A,405,CC(=O)N1CCC(CC1)C(=O)N(C)c2ccccc2
Severe acute respiratory syndrome coronavirus 2,5RL0,VEG,A,1001,CCC(=O)N(c1ccc(cc1)C(C)(C)C)[C@H](c2cccnc2)C(=O)NCCC(=O)OCC
Severe acute respiratory syndrome coronavirus 2,5RL1,VEJ,A,1001,CCC(=O)N(c1ccc(cc1)C(C)(C)C)[C@H](c2cccnc2)C(=O)NCCCOC
Severe acute respiratory syndrome coronavirus 2,5RL2,VEM,A,1001,CCC(=O)N(c1ccc(cc1)C(C)(C)C)[C@H](c2cccnc2)C(=O)NCCOC
Severe acute respiratory syndrome coronavirus 2,5RL3,VEP,A,405,CCC(=O)N(c1ccc(cc1)C(C)(C)C)[C@H](c2cccnc2)C(=O)NC3CCOCC3
Severe acute respiratory syndrome coronavirus 2,5RL4,VEV,A,405,CCC(=O)N(c1ccc(cc1)C(C)(C)C)[C@H](c2cccnc2)C(=O)NC
Severe acute respiratory syndrome coronavirus 2,5RL5,VEY,A,405,CCC(=O)N(c1ccc(cc1)C(C)(C)C)[C@H](c2cccnc2)C(=O)NCC
Severe acute respiratory syndrome coronavirus 2,5RL6,LJA,B,701,CC(=O)Nc1cccc(c1)NC(=O)N
Severe acute respiratory syndrome coronavirus 2,5RL7,VVD,A,701,CC(=O)Nc1ccc(c(c1)C(=O)O)F
Severe acute respiratory syndrome coronavirus 2,5RL7,VVD,B,701,CC(=O)Nc1ccc(c(c1)C(=O)O)F
Severe acute respiratory syndrome coronavirus 2,5RL8,VVG,B,702,CCS(=O)(=O)Nc1ccccc1F
Severe acute respiratory syndrome coronavirus 2,5RL8,VVG,B,701,CCS(=O)(=O)Nc1ccccc1F
Severe acute respiratory syndrome coronavirus 2,5RL9,UR7,B,701,Cc1ccc(cc1F)CS(=O)(=O)N
Severe acute respiratory syndrome coronavirus 2,5RLB,VVJ,A,701,CN(C1CCCCCC1)S(=O)(=O)C
Severe acute respiratory syndrome coronavirus 2,5RLC,VVM,B,701,c1ccc(cc1)NS(=O)(=O)c2ccc(cc2)N
Severe acute respiratory syndrome coronavirus 2,5RLD,VVY,B,701,c1ccc(cc1)OCC(=O)N2CCCC2
Severe acute respiratory syndrome coronavirus 2,5RLE,VVP,B,701,COc1cccc2c1cc[nH]2
Severe acute respiratory syndrome coronavirus 2,5RLF,NY7,A,701,Cc1ccc(c(c1)NC(=O)CN)OC
Severe acute respiratory syndrome coronavirus 2,5RLG,VW1,B,701,C[C@@H](C(=O)N)Oc1ccc(cc1)C#N
Severe acute respiratory syndrome coronavirus 2,5RLH,K2P,B,701,c1ccc(c(c1)C(=O)O)OC(F)(F)F
Severe acute respiratory syndrome coronavirus 2,5RLI,JFM,B,701,CS(=O)(=O)NCCc1ccccc1
Severe acute respiratory syndrome coronavirus 2,5RLI,JFM,B,702,CS(=O)(=O)NCCc1ccccc1
Severe acute respiratory syndrome coronavirus 2,5RLI,JFM,A,701,CS(=O)(=O)NCCc1ccccc1
Severe acute respiratory syndrome coronavirus 2,5RLJ,VW4,B,701,C[C@H](CS(=O)(=O)N)c1ccccc1
Severe acute respiratory syndrome coronavirus 2,5RLK,NYV,B,701,CC(C)n1cc(nc1)S(=O)(=O)N
Severe acute respiratory syndrome coronavirus 2,5RLL,H04,B,701,CCOc1ccccc1N2CCNCC2
Severe acute respiratory syndrome coronavirus 2,5RLM,VW7,B,701,Cc1ccc(c2c1NCCC2)NC(=O)C
Severe acute respiratory syndrome coronavirus 2,5RLN,NZG,A,701,CC(=O)Nc1cc(ccc1F)C(=O)O
Severe acute respiratory syndrome coronavirus 2,5RLO,UQS,B,701,c1ccc(c(c1)CNc2c[nH]nc2)F
Severe acute respiratory syndrome coronavirus 2,5RLP,VWA,B,701,C[C@@H](c1ccc(cc1)F)NC
Severe acute respiratory syndrome coronavirus 2,5RLQ,UVA,A,701,CNc1ccccc1S(=O)(=O)C
Severe acute respiratory syndrome coronavirus 2,5RLR,VWD,B,701,CS(=O)(=O)C[C@@H](c1ccccc1)O
Severe acute respiratory syndrome coronavirus 2,5RLS,VWG,A,701,c1ccc2c(c1)ccc(n2)C(=O)NO
Severe acute respiratory syndrome coronavirus 2,5RLT,UVJ,B,701,Cc1nc2ccccc2n1CCC(=O)N
Severe acute respiratory syndrome coronavirus 2,5RLU,JG4,A,701,c1cc(sc1)c2[nH]ccn2
Severe acute respiratory syndrome coronavirus 2,5RLU,JG4,B,701,c1cc(sc1)c2[nH]ccn2
Severe acute respiratory syndrome coronavirus 2,5RLV,VWJ,A,702,CC(C)Nc1[nH]c2ccccc2n1
Severe acute respiratory syndrome coronavirus 2,5RLV,VWJ,B,701,CC(C)Nc1[nH]c2ccccc2n1
Severe acute respiratory syndrome coronavirus 2,5RLV,VWJ,A,701,CC(C)Nc1[nH]c2ccccc2n1
Severe acute respiratory syndrome coronavirus 2,5RLW,S9S,A,701,CS(=O)(=O)NCCc1ccc(cc1)F
Severe acute respiratory syndrome coronavirus 2,5RLW,S9S,B,701,CS(=O)(=O)NCCc1ccc(cc1)F
Severe acute respiratory syndrome coronavirus 2,5RLY,K34,B,702,c1csc(n1)c2[nH]ncn2
Severe acute respiratory syndrome coronavirus 2,5RLY,K34,A,701,c1csc(n1)c2[nH]ncn2
Severe acute respiratory syndrome coronavirus 2,5RLY,K34,B,701,c1csc(n1)c2[nH]ncn2
Severe acute respiratory syndrome coronavirus 2,5RLZ,VWM,B,701,CC(=O)N1CCC[C@@](C1)(C(=O)O)O
Severe acute respiratory syndrome coronavirus 2,5RM0,S7G,B,701,CC(=O)N[C@@H]1Cc2ccccc2NC1
Severe acute respiratory syndrome coronavirus 2,5RM1,RY4,B,701,CS(=O)(=O)Nc1ccc(cc1)CN
Severe acute respiratory syndrome coronavirus 2,5RM2,UXG,B,702,c1ccc(cc1)C(c2ccccc2)N3CC(C3)O
Severe acute respiratory syndrome coronavirus 2,5RM2,UXG,B,701,c1ccc(cc1)C(c2ccccc2)N3CC(C3)O
Severe acute respiratory syndrome coronavirus 2,5RM3,S7J,B,701,c1c(cnc(n1)C(F)(F)F)C(=O)N
Severe acute respiratory syndrome coronavirus 2,5RM4,PK4,A,701,Cc1cccc(c1F)S(=O)(=O)NC
Severe acute respiratory syndrome coronavirus 2,5RM5,NUA,B,701,CCn1cc(cn1)NC(=O)C2CCC2
Severe acute respiratory syndrome coronavirus 2,5RM6,HR5,B,701,Cc1c(cnn1C)C(=O)NCC2CCC2
Severe acute respiratory syndrome coronavirus 2,5RM7,N0E,B,701,c1ccc(cc1)CCC(=O)Nc2ccc(cc2)O
Severe acute respiratory syndrome coronavirus 2,5RM8,GQJ,A,701,COC(=O)[C@@H]1C[C@H](CN1C(=O)c2ccco2)O
Severe acute respiratory syndrome coronavirus 2,5RM9,EJQ,B,701,c1cc(ccc1NC(=O)CN2CCCC2)F
Severe acute respiratory syndrome coronavirus 2,5RMA,JHJ,B,701,COc1ccc(cc1)NC(=O)Nc2ccncc2
Severe acute respiratory syndrome coronavirus 2,5RMB,VWV,A,701,CCOC(=O)CN1CCS(=O)(=O)CC1
Severe acute respiratory syndrome coronavirus 2,5RMC,6SU,B,701,COC(=O)c1cccc(c1)NS(=O)(=O)C
Severe acute respiratory syndrome coronavirus 2,5RMD,VWY,A,701,CCNC(=O)c1ccc(cc1)NS(=O)(=O)C
Severe acute respiratory syndrome coronavirus 2,5RMD,VWY,B,701,CCNC(=O)c1ccc(cc1)NS(=O)(=O)C
Severe acute respiratory syndrome coronavirus 2,5RME,RYM,B,701,c1ccc2c(c1)ncn2Cc3ccc(cc3)C#N
Severe acute respiratory syndrome coronavirus 2,5RMF,NX7,A,701,c1cc(c(c(c1)F)C(=O)N2CCCC2)F
Severe acute respiratory syndrome coronavirus 2,5RMG,MUK,B,701,Cc1cc(nc(n1)Nc2ccccc2)C
Severe acute respiratory syndrome coronavirus 2,5RMH,VX4,A,701,C[C@H]1CCCN(CC1)C(=O)c2cscn2
Severe acute respiratory syndrome coronavirus 2,5RMI,STV,A,701,CCS(=O)(=O)NCc1ccc2c(c1)OCO2
Severe acute respiratory syndrome coronavirus 2,5RMJ,JOV,B,701,CC(C)(CO)NC(=O)c1cccc(c1)Cl
Severe acute respiratory syndrome coronavirus 2,5RMK,O2A,B,701,CNC(=O)c1cccc2c1[nH]cc2
Severe acute respiratory syndrome coronavirus 2,5RML,VXD,A,701,Cc1c(cccc1Cl)NC(=O)CN
Severe acute respiratory syndrome coronavirus 2,5RMM,VXG,B,701,CC(=O)N1C[C@H]([C@@H](C1)C(=O)O)c2ccccc2
Severe acute respiratory syndrome coronavirus 2,5RS7,W4Y,A,201,CC(C)OCCN1c2cc[nH]c2C(=O)NC1=S
Severe acute respiratory syndrome coronavirus 2,5RS8,H35,A,201,c1cc(oc1)CNc2c3c(nc[nH]3)ncn2
Severe acute respiratory syndrome coronavirus 2,5RS9,W4V,A,201,c1nc2nc3c(c(n2n1)N)CCC3
Severe acute respiratory syndrome coronavirus 2,5RSB,W4S,A,201,Cn1ccc2c1ncnc2N
Severe acute respiratory syndrome coronavirus 2,5RSC,W5S,A,201,Cc1c(n(c2c1c(ncn2)N)Cc3ccco3)C
Severe acute respiratory syndrome coronavirus 2,5RSD,1LQ,A,201,c1ccc2c(c1)c(ncn2)N
Severe acute respiratory syndrome coronavirus 2,5RSE,W5P,A,201,c1c[nH]c2c1c(ncn2)N3CCC[C@H](C3)F
Severe acute respiratory syndrome coronavirus 2,5RSF,W5M,A,201,Cn1cnc2c1nc(nc2N)N
Severe acute respiratory syndrome coronavirus 2,5RSG,W5J,A,201,CN(CCC(=O)O)c1c2cc[nH]c2ncn1
Severe acute respiratory syndrome coronavirus 2,5RSH,W5G,A,201,c1c[nH]c2c1c(ncn2)N3CCCC4(C3)CC4
Severe acute respiratory syndrome coronavirus 2,5RSI,W5D,A,201,c1c[nH]c2c1c(ncn2)N3CCCCCOCC3
Severe acute respiratory syndrome coronavirus 2,5RSJ,W5A,A,201,Cc1nc(cs1)Cn2cnc(c-3ncnc23)N
Severe acute respiratory syndrome coronavirus 2,5RSK,W57,A,201,COc1cc(on1)Cn2cnc(c-3ncnc23)N
Severe acute respiratory syndrome coronavirus 2,5RSL,W51,A,201,c1nc(c(c(n1)N2CC3CCC2CC3)Cl)N
Severe acute respiratory syndrome coronavirus 2,5RSM,4SO,A,201,c1cc(ccc1C(=O)O)S(=O)(=O)N
Severe acute respiratory syndrome coronavirus 2,5RSN,51X,A,201,c1ccc2c(c1)C(=O)N(C2=O)CC(=O)O
Severe acute respiratory syndrome coronavirus 2,5RSO,TYZ,A,201,CC(=O)Nc1ccc(cc1)C(=O)O
Severe acute respiratory syndrome coronavirus 2,5RSP,LSA,A,201,c1ccc2c(c1)C(=O)NS2(=O)=O
Severe acute respiratory syndrome coronavirus 2,5RSQ,MOK,A,201,Cc1c(c(no1)c2ccccc2)C(=O)O
Severe acute respiratory syndrome coronavirus 2,5RSR,XIY,A,201,c1ccc2c(c1)[nH]c(n2)CO
Severe acute respiratory syndrome coronavirus 2,5RSS,NC3,A,201,C1CCC(CC1)NC(=O)NCC(=O)O
Severe acute respiratory syndrome coronavirus 2,5RST,5HN,A,201,c1c(cncc1O)C(=O)O
Severe acute respiratory syndrome coronavirus 2,5RSU,OHB,A,201,c1ccc(c(c1)C(=O)N)O
Severe acute respiratory syndrome coronavirus 2,5RSV,4MB,A,201,CS(=O)(=O)Nc1ccc(cc1)C(=O)O
Severe acute respiratory syndrome coronavirus 2,5RSW,6FZ,A,201,c1ccc2c(c1)CC(C2)C(=O)O
Severe acute respiratory syndrome coronavirus 2,5RSX,YTX,A,201,COc1cc(ccc1O)CC(=O)O
Severe acute respiratory syndrome coronavirus 2,5RSY,3R6,A,201,CSc1ccc(c(c1)C(=O)O)O
Severe acute respiratory syndrome coronavirus 2,5RSZ,ZZA,A,201,c1ccc(cc1)n2cc(cn2)C(=O)O
Severe acute respiratory syndrome coronavirus 2,5RT0,4BL,A,201,Cc1ccc2cc([nH]c2c1)C(=O)O
Severe acute respiratory syndrome coronavirus 2,5RT1,3A9,A,201,c1cc2c(cc1C(=O)O)CCO2
Severe acute respiratory syndrome coronavirus 2,5RT2,5OF,A,201,c1ccc2c(c1)C(=NNC2=O)CC(=O)O
Severe acute respiratory syndrome coronavirus 2,5RT4,4BX,A,201,c1ccc2c(c1)[nH]c(n2)CCC(=O)O
Severe acute respiratory syndrome coronavirus 2,5RT5,07L,A,201,c1cc2c(cc1O)OC(=O)C=C2
Severe acute respiratory syndrome coronavirus 2,5RT6,05R,A,201,c1cc(c(cc1CC(=O)O)Cl)Cl
Severe acute respiratory syndrome coronavirus 2,5RT7,GVH,A,201,c1cc2cc[nH]c2nc1
Severe acute respiratory syndrome coronavirus 2,5RT8,HLR,A,201,c1ccc2c(c1)c(no2)N
Severe acute respiratory syndrome coronavirus 2,5RT9,54G,A,201,Cc1ccc(c(c1)C(=O)O)O
Severe acute respiratory syndrome coronavirus 2,5RTA,Q6T,A,201,c1cc(c2c(c1)OCO2)C(=O)O
Severe acute respiratory syndrome coronavirus 2,5RTB,3XH,A,201,c1cc(cc(c1)O)C(=O)NCC(=O)O
Severe acute respiratory syndrome coronavirus 2,5RTC,EVE,A,201,c1ccc2c(c1)[nH]c(n2)S(=O)(=O)N
Severe acute respiratory syndrome coronavirus 2,5RTD,MHW,A,201,c1cc(c(nc1)C(=O)O)O
Severe acute respiratory syndrome coronavirus 2,5RTE,4FL,A,201,c1cnccc1c2[nH]ccn2
Severe acute respiratory syndrome coronavirus 2,5RTF,ISN,B,201,c1ccc2c(c1)C(=O)C(=O)N2
Severe acute respiratory syndrome coronavirus 2,5RTG,3HP,A,201,c1cc(cc(c1)O)CC(=O)O
Severe acute respiratory syndrome coronavirus 2,5RTH,3BZ,A,201,c1cc(cc(c1)Cl)C(=O)O
Severe acute respiratory syndrome coronavirus 2,5RTI,6U6,A,201,c1cc2c(cc1Cl)nc(s2)CCC(=O)O
Severe acute respiratory syndrome coronavirus 2,5RTJ,PHB,A,201,c1cc(ccc1C(=O)O)O
Severe acute respiratory syndrome coronavirus 2,5RTK,BZX,A,201,c1cc2c(cc1O)OCO2
Severe acute respiratory syndrome coronavirus 2,5RTL,4J8,A,201,Cc1ccc(cc1)S(=O)(=O)N
Severe acute respiratory syndrome coronavirus 2,5RTM,PZA,A,201,c1cnc(cn1)C(=O)N
Severe acute respiratory syndrome coronavirus 2,5RTN,AQO,A,201,c1ccc2c(c1)C(=O)NC(=N2)N
Severe acute respiratory syndrome coronavirus 2,5RTO,4PN,B,201,C1CCN(CC1)C2CCNCC2
Severe acute respiratory syndrome coronavirus 2,5RTP,AOT,A,201,c1ccc(cc1)NC(=O)C(=O)O
Severe acute respiratory syndrome coronavirus 2,5RTQ,4JO,A,201,Cc1c(ccc(n1)N)Br
Severe acute respiratory syndrome coronavirus 2,5RTR,SHA,A,201,c1ccc(c(c1)C(=O)NO)O
Severe acute respiratory syndrome coronavirus 2,5RTS,0LO,A,201,c1ccc(cc1)c2cc(cnc2)C(=O)O
Severe acute respiratory syndrome coronavirus 2,5RTT,NMI,A,201,Cn1cc(c2c1cccc2)CCC(=O)O
Severe acute respiratory syndrome coronavirus 2,5RTU,1FF,A,201,Cn1c(c(cn1)C(=O)O)c2ccccc2
Severe acute respiratory syndrome coronavirus 2,5RTV,PF0,A,201,Cc1c(cccc1O)C(=O)O
Severe acute respiratory syndrome coronavirus 2,5RTW,OHP,A,201,c1ccc(c(c1)CC(=O)O)O
Severe acute respiratory syndrome coronavirus 2,5RTX,6OT,A,201,c1c(cc(cc1Cl)Cl)S(=O)(=O)N
Severe acute respiratory syndrome coronavirus 2,5RTY,HBD,A,201,c1cc(ccc1C(=O)N)O
Severe acute respiratory syndrome coronavirus 2,5RTZ,FHB,A,201,c1cc(c(cc1C(=O)O)F)O
Severe acute respiratory syndrome coronavirus 2,5RU0,2CL,B,201,c1cc(c(c(c1)Cl)CC(=O)O)Cl
Severe acute respiratory syndrome coronavirus 2,5RU0,2CL,A,201,c1cc(c(c(c1)Cl)CC(=O)O)Cl
Severe acute respiratory syndrome coronavirus 2,5RU1,DFA,A,201,c1ccc(cc1)C(c2ccccc2)C(=O)O
Severe acute respiratory syndrome coronavirus 2,5RU2,06Y,A,201,c1ccc(cc1)OCC(=O)O
Severe acute respiratory syndrome coronavirus 2,5RU3,8H8,B,201,c1cc(c(cc1O)F)C#N
Severe acute respiratory syndrome coronavirus 2,5RU4,6V9,A,201,Cc1ncc(s1)C(=O)O
Severe acute respiratory syndrome coronavirus 2,5RU5,BXW,A,201,c1cc2c(cc1C(=O)O)SCC(=O)N2
Severe acute respiratory syndrome coronavirus 2,5RU6,2UP,B,201,[H]/N=C(\c1ccc2ccccc2c1)/N
Severe acute respiratory syndrome coronavirus 2,5RU7,PYD,A,201,Cc1cnc(nc1N)C
Severe acute respiratory syndrome coronavirus 2,5RU8,1SQ,A,201,c1ccc2c(c1)ccnc2N
Severe acute respiratory syndrome coronavirus 2,5RU9,4SV,A,201,c1cncc(c1C(=O)O)N
Severe acute respiratory syndrome coronavirus 2,5RUA,3EU,A,201,c1c(cc(cc1Cl)Cl)CC(=O)O
Severe acute respiratory syndrome coronavirus 2,5RUC,NCA,A,201,c1cc(cnc1)C(=O)N
Severe acute respiratory syndrome coronavirus 2,5RUD,2D0,A,201,c1cc2c(c(c1)Cl)nc(s2)N
Severe acute respiratory syndrome coronavirus 2,5RUE,BHA,A,201,c1cc(c(cc1N)O)C(=O)O
Severe acute respiratory syndrome coronavirus 2,5RUF,54T,A,201,c1cc2c(cc1Cl)sc(n2)N
Severe acute respiratory syndrome coronavirus 2,5RUG,NOA,A,201,c1ccc2c(c1)cccc2OCC(=O)O
Severe acute respiratory syndrome coronavirus 2,5RUH,KNL,A,201,c1cc(c(c(c1)Cl)OCC(=O)O)Cl
Severe acute respiratory syndrome coronavirus 2,5RUI,4YS,A,201,c1ccc2c(c1)C=CNC2=O
Severe acute respiratory syndrome coronavirus 2,5RUJ,2SX,A,201,c1cc2c(cc1Br)c(c[nH]2)CC(=O)O
Severe acute respiratory syndrome coronavirus 2,5RUK,NVU,A,201,c1ccc2c(c1)c(no2)CC(=O)O
Severe acute respiratory syndrome coronavirus 2,5RUL,5ZE,A,201,Cc1cc(nc(n1)N)C
Severe acute respiratory syndrome coronavirus 2,5RUM,52F,A,201,c1ccc2c(c1)NC(=O)C(=N2)CCC(=O)O
Severe acute respiratory syndrome coronavirus 2,5RUN,EXB,A,201,c1ccc2c(c1)ncn2CCC(=O)O
Severe acute respiratory syndrome coronavirus 2,5RUO,W6A,A,201,c1cc2c(cc([nH]2)C(=O)O)c(c1)Cl
Severe acute respiratory syndrome coronavirus 2,5RUP,04R,A,201,C1CCc2c(c(nn2CC(=O)O)C(F)(F)F)C1
Severe acute respiratory syndrome coronavirus 2,5RUQ,W6D,A,201,c1cc(c2cc[nH]c2c1)C(=O)N
Severe acute respiratory syndrome coronavirus 2,5RUR,FBB,A,201,c1cc2c(cc1F)sc(n2)N
Severe acute respiratory syndrome coronavirus 2,5RUS,HSM,A,201,c1c(nc[nH]1)CCN
Severe acute respiratory syndrome coronavirus 2,5RUT,APG,A,201,C[C@](c1ccccc1)(C(=O)O)O
Severe acute respiratory syndrome coronavirus 2,5RUU,W6G,A,201,c1ccc(cc1)S(=O)(=O)Nc2nncs2
Severe acute respiratory syndrome coronavirus 2,5RUV,W6J,B,201,c1ccnc(c1)N2CCCNCC2
Severe acute respiratory syndrome coronavirus 2,5RUW,W6M,A,201,Cc1nc(on1)CNC(=O)c2cccc(c2)C(=O)O
Severe acute respiratory syndrome coronavirus 2,5RUX,W6P,A,201,c1ccc2c(c1)CC(=O)N2
Severe acute respiratory syndrome coronavirus 2,5RUY,XAN,A,201,c1[nH]c2c(n1)C(=O)NC(=O)N2
Severe acute respiratory syndrome coronavirus 2,5RUZ,W6S,A,201,c1c[nH]nc1C2CCNCC2
Severe acute respiratory syndrome coronavirus 2,5RV0,W6V,A,201,c1ccc(cc1)C(=O)Nc2nccs2
Severe acute respiratory syndrome coronavirus 2,5RV1,TFA,A,201,C(=O)(C(F)(F)F)O
Severe acute respiratory syndrome coronavirus 2,5RV2,W7S,A,201,c1ccc(cc1)CNC(=O)c2cnccn2
Severe acute respiratory syndrome coronavirus 2,5RV3,MYI,A,201,COc1ccc2c(c1)c(c[nH]2)CC(=O)O
Severe acute respiratory syndrome coronavirus 2,5RV4,4FS,A,201,c1ccc2c(c1)cc(cn2)N
Severe acute respiratory syndrome coronavirus 2,5RV5,JG8,A,201,c1ccc2c(c1)c3c(o2)C(=O)NC=N3
Severe acute respiratory syndrome coronavirus 2,5RV6,0HN,A,201,c1cc2c(cc1C(=O)O)OCO2
Severe acute respiratory syndrome coronavirus 2,5RV7,JNZ,A,201,c1ccc2c(c1)c(n[nH]2)N
Severe acute respiratory syndrome coronavirus 2,5RV8,8EJ,A,201,Cc1ccc(cn1)C(=O)N
Severe acute respiratory syndrome coronavirus 2,5RV9,EKZ,B,201,CC(C)(C)c1ccc(c(c1)O)O
Severe acute respiratory syndrome coronavirus 2,5RV9,EKZ,A,201,CC(C)(C)c1ccc(c(c1)O)O
Severe acute respiratory syndrome coronavirus 2,5RVA,HQD,A,201,CC1=C(C(=O)c2ccccc2N1)O
Severe acute respiratory syndrome coronavirus 2,5RVB,7PD,A,201,C1=NC2=C(NC1=O)N=C(NC2=O)N
Severe acute respiratory syndrome coronavirus 2,5RVC,W7V,A,201,CN(c1c[nH]nc1)C(=O)C23CCC[C@@H]2C3
Severe acute respiratory syndrome coronavirus 2,5RVD,W7Y,A,201,c1c[nH]c2c1c(ncn2)N3CCC[C@@H]3C4CCC4
Severe acute respiratory syndrome coronavirus 2,5RVE,W8A,A,201,C[C@@H](C(=O)N1CCNC1=O)SCC(=O)O
Severe acute respiratory syndrome coronavirus 2,5RVF,W8D,A,201,c1nc-2c(ncn(c2n1)C[C@H]3CCCO3)N
Severe acute respiratory syndrome coronavirus 2,5RVG,W8J,A,201,c1nc-2c(ncn(c2n1)CCC[C@H]3CCOC3)N
Severe acute respiratory syndrome coronavirus 2,5RVG,W8J,A,202,c1nc-2c(ncn(c2n1)CCC[C@H]3CCOC3)N
Severe acute respiratory syndrome coronavirus 2,5RVH,Q3C,A,201,c1ccc2c(c1)cc(cn2)C(=O)O
Severe acute respiratory syndrome coronavirus 2,5RVI,CLW,B,201,c1cc2c(cc1Cl)NC(=O)O2
Severe acute respiratory syndrome coronavirus 2,5RVI,CLW,A,201,c1cc2c(cc1Cl)NC(=O)O2
Severe acute respiratory syndrome coronavirus 2,5RVJ,4JQ,A,201,c1cc2c(cc1N)C=CC(=O)O2
Severe acute respiratory syndrome coronavirus 2,5RVK,2AK,A,201,Cc1cc2c(c(c1)Br)NC(=O)C2=O
Severe acute respiratory syndrome coronavirus 2,5RVL,BVF,A,201,Cc1ccnc(c1)N
Severe acute respiratory syndrome coronavirus 2,5RVM,HBD,A,201,c1cc(ccc1C(=O)N)O
Severe acute respiratory syndrome coronavirus 2,5RVN,ANN,A,201,COc1ccc(cc1)C(=O)O
Severe acute respiratory syndrome coronavirus 2,5RVO,AQO,A,201,c1ccc2c(c1)C(=O)NC(=N2)N
Severe acute respiratory syndrome coronavirus 2,5RVP,1SQ,A,201,c1ccc2c(c1)ccnc2N
Severe acute respiratory syndrome coronavirus 2,5RVQ,4BY,A,201,Cc1ccc2c(c1)cc([nH]2)C(=O)O
Severe acute respiratory syndrome coronavirus 2,5RVR,LZ1,A,201,c1ccc2c(c1)cn[nH]2
Severe acute respiratory syndrome coronavirus 2,5RVS,0LO,A,201,c1ccc(cc1)c2cc(cnc2)C(=O)O
Severe acute respiratory syndrome coronavirus 2,5RVT,4BL,A,201,Cc1ccc2cc([nH]c2c1)C(=O)O
Severe acute respiratory syndrome coronavirus 2,5RVU,6P3,A,201,c1ccc(cc1)c2ccc(cn2)C(=O)O
Severe acute respiratory syndrome coronavirus 2,5RVV,WB1,A,201,Cc1ccc2c(c1)[nH]cc2C(=O)O
Severe acute respiratory syndrome coronavirus 2,5S18,WOY,A,201,c1c2c(ncn1)NCC2
Severe acute respiratory syndrome coronavirus 2,5S1A,WPS,A,201,Cc1c(c([nH]n1)N)C#N
Severe acute respiratory syndrome coronavirus 2,5S1A,WPS,B,201,Cc1c(c([nH]n1)N)C#N
Severe acute respiratory syndrome coronavirus 2,5S1C,WPV,A,201,c1c(cncc1Br)CN
Severe acute respiratory syndrome coronavirus 2,5S1E,WPY,A,201,CC(=O)Nc1nccs1
Severe acute respiratory syndrome coronavirus 2,5S1G,WQ1,A,201,Cc1ccncc1CO
Severe acute respiratory syndrome coronavirus 2,5S1I,WQ4,A,201,Cc1nc(c(o1)N)C#N
Severe acute respiratory syndrome coronavirus 2,5S1K,WQ7,A,201,C1=CC(=O)N(C=C1)CCN
Severe acute respiratory syndrome coronavirus 2,5S1M,DE5,A,201,c1csc(n1)NC(=O)CN
Severe acute respiratory syndrome coronavirus 2,5S1O,WQA,A,201,c1c2c[nH]nc2ncc1N
Severe acute respiratory syndrome coronavirus 2,5S1Q,WQG,A,201,c1ccc2c(c1)C(=O)NC=N2
Severe acute respiratory syndrome coronavirus 2,5S1S,WQJ,A,201,c1c(cnc2c1COCC2)N
Severe acute respiratory syndrome coronavirus 2,5S1U,WQM,A,201,CNC(=O)C1C=CC(=O)N=C1
Severe acute respiratory syndrome coronavirus 2,5S1W,WQV,A,201,CC(=O)NC1=CC(=CNC1=O)Br
Severe acute respiratory syndrome coronavirus 2,5S1Y,WQY,A,201,c1ccc2c(c1)cc(cn2)CN
Severe acute respiratory syndrome coronavirus 2,5S20,WRD,A,201,c1cc2c(c(c1)O)CCC[C@H]2N
Severe acute respiratory syndrome coronavirus 2,5S22,WRJ,A,201,c1ccc2c(c1)C=C(CO2)C(=O)N
Severe acute respiratory syndrome coronavirus 2,5S24,WRM,A,201,CNC(=O)Cn1cnc2c1cccc2
Severe acute respiratory syndrome coronavirus 2,5S26,L46,A,201,CCc1c(c([nH]c1C(=O)NC)C)C(=O)C
Severe acute respiratory syndrome coronavirus 2,5S27,WSM,B,201,c1ccc2c(c1)N(C(=O)CO2)CCCN
Severe acute respiratory syndrome coronavirus 2,5S28,WRV,A,201,Cc1ccc(cc1F)NC(=O)N[C@@H](C)CO
Severe acute respiratory syndrome coronavirus 2,5S29,WRY,A,201,Cc1c(cc2ccc(cc2n1)F)C(=O)NC
Severe acute respiratory syndrome coronavirus 2,5S2A,WS4,A,201,Cn1cc(cn1)C(=O)Nc2ccc(cc2)O
Severe acute respiratory syndrome coronavirus 2,5S2B,WSG,A,201,CCn1cc(cn1)NC(=O)c2ccc(cc2)F
Severe acute respiratory syndrome coronavirus 2,5S2C,WSJ,A,201,CC1=C(C(=O)N(N1C)c2ccccc2)NS(=O)(=O)C
Severe acute respiratory syndrome coronavirus 2,5S2D,U0P,B,601,Cc1cc(no1)CN(C)C(=O)NC2CC2
Severe acute respiratory syndrome coronavirus 2,5S2E,VZM,A,401,COc1ccc(cn1)NC(=O)Nc2cccs2
Severe acute respiratory syndrome coronavirus 2,5S2F,K0G,A,502,c1ccc(cc1)NC(=O)Nc2cccnc2
Severe acute respiratory syndrome coronavirus 2,5S2F,K0G,A,501,c1ccc(cc1)NC(=O)Nc2cccnc2
Severe acute respiratory syndrome coronavirus 2,5S2G,JHJ,A,501,COc1ccc(cc1)NC(=O)Nc2ccncc2
Severe acute respiratory syndrome coronavirus 2,5S2H,VWV,B,601,CCOC(=O)CN1CCS(=O)(=O)CC1
Severe acute respiratory syndrome coronavirus 2,5S2I,LUY,B,601,c1ccc(cc1)CCNc2[nH]c3ccccc3n2
Severe acute respiratory syndrome coronavirus 2,5S2J,JGG,B,601,c1cc(ccc1CNC(=O)N2CCOCC2)C#N
Severe acute respiratory syndrome coronavirus 2,5S2K,VZP,A,501,CC(C)NC(=O)N(C)[C@@H]1CCS(=O)(=O)C1
Severe acute respiratory syndrome coronavirus 2,5S2L,VZS,B,601,Cc1ccc(c(c1)NC(=O)Nn2cnnc2)OC
Severe acute respiratory syndrome coronavirus 2,5S2L,VZS,A,501,Cc1ccc(c(c1)NC(=O)Nn2cnnc2)OC
Severe acute respiratory syndrome coronavirus 2,5S2M,VZY,A,501,Cc1cccc(c1)C(=O)NCC(=O)O
Severe acute respiratory syndrome coronavirus 2,5S2N,GWY,A,501,CN(C[C@@H]1CCOC1)c2c(cncn2)Cl
Severe acute respiratory syndrome coronavirus 2,5S2O,NXS,A,401,c1cnc(nc1)N2CCC(CC2)CO
Severe acute respiratory syndrome coronavirus 2,5S2P,W04,A,401,Cc1ccnc(c1)NC(=O)CNC
Severe acute respiratory syndrome coronavirus 2,5S2Q,W0A,A,501,CCCC(=O)NCc1[nH]c2ccccc2n1
Severe acute respiratory syndrome coronavirus 2,5S2R,K41,A,601,CC(C)C(=O)Nc1nnn(n1)C
Severe acute respiratory syndrome coronavirus 2,5S2S,GWV,A,501,CC(C)NCc1ccc(cc1)N(C)C
Severe acute respiratory syndrome coronavirus 2,5S2T,W0D,A,401,c1ccc2c(c1)[nH]c(n2)CNC(=O)c3ccco3
Severe acute respiratory syndrome coronavirus 2,5S2U,VXD,B,601,Cc1c(cccc1Cl)NC(=O)CN
Severe acute respiratory syndrome coronavirus 2,5S2V,W0G,B,601,CN[C@@H]1CCN(C1=O)c2ccccc2F
Severe acute respiratory syndrome coronavirus 2,5S2W,GWP,A,401,c1c(nc([nH]1)C2CC2)C(=O)N
Severe acute respiratory syndrome coronavirus 2,5S2X,W0J,B,601,CN[C@@H]1CCCN(C1)c2cccnn2
Severe acute respiratory syndrome coronavirus 2,5S2Y,W0M,B,601,C[C@H](C(=O)N)Oc1ccc(cc1)Cl
Severe acute respiratory syndrome coronavirus 2,5S2Z,T6J,A,401,CS(=O)(=O)Cc1[nH]c2ccccc2n1
Severe acute respiratory syndrome coronavirus 2,5S30,W0P,A,501,C[C@H](C(=O)O)Oc1ccccc1F
Severe acute respiratory syndrome coronavirus 2,5S31,W0S,B,601,COc1cc(cc(c1OC)OC)CN
Severe acute respiratory syndrome coronavirus 2,5S32,W0V,A,401,CC(C)C(=O)NCc1[nH]c2ccccc2n1
Severe acute respiratory syndrome coronavirus 2,5S33,K2G,A,501,CC(C)c1ncc(c(n1)C(=O)N)Cl
Severe acute respiratory syndrome coronavirus 2,5S34,GOV,A,501,C[C@@H](CNCc1ccc2c(c1)OCO2)O
Severe acute respiratory syndrome coronavirus 2,5S35,B1A,A,501,CC(=O)Nc1ccc(cc1)Nc2ccccc2
Severe acute respiratory syndrome coronavirus 2,5S36,7ZC,B,601,CN(C)Cc1c[nH]c2c1cc(cc2)OC
Severe acute respiratory syndrome coronavirus 2,5S36,7ZC,A,501,CN(C)Cc1c[nH]c2c1cc(cc2)OC
Severe acute respiratory syndrome coronavirus 2,5S37,NZ1,A,401,COc1ccc2c(c1)nc(s2)N
Severe acute respiratory syndrome coronavirus 2,5S38,S7J,A,401,c1c(cnc(n1)C(F)(F)F)C(=O)N
Severe acute respiratory syndrome coronavirus 2,5S39,W0Y,A,401,CNC(=O)c1ccc(cc1)S(=O)(=O)N
Severe acute respiratory syndrome coronavirus 2,5S3A,W17,A,401,c1c(cn(n1)CCO)C(=O)N
Severe acute respiratory syndrome coronavirus 2,5S3B,W1A,A,501,CS(=O)(=O)NCC1CCNCC1
Severe acute respiratory syndrome coronavirus 2,5S3C,W1D,A,501,CC(=O)c1ccc(cc1)OCC(=O)O
Severe acute respiratory syndrome coronavirus 2,5S3D,JFP,A,401,CCC(=O)Nc1nc(cs1)C
Severe acute respiratory syndrome coronavirus 2,5S3E,WSY,A,501,Cc1nc(n(n1)CCC(=O)O)C
Severe acute respiratory syndrome coronavirus 2,5S3F,W1J,A,501,CCCn1nc(nn1)NC(=O)c2ccco2
Severe acute respiratory syndrome coronavirus 2,5S3G,JHS,A,601,CC(=O)NCC1(CCOCC1)c2ccccc2
Severe acute respiratory syndrome coronavirus 2,5S3H,W1M,A,501,Cn1ccc(n1)C(=O)Nc2cccc(c2)C(=O)O
Severe acute respiratory syndrome coronavirus 2,5S3I,W1P,B,601,CC1=NN(C(=O)C1)c2ccccc2
Severe acute respiratory syndrome coronavirus 2,5S3J,W1S,A,401,c1cn2c(n1)[C@H](CCC2)C(=O)N
Severe acute respiratory syndrome coronavirus 2,5S3K,RZS,A,501,CCNc1ccc(cn1)C#N
Severe acute respiratory syndrome coronavirus 2,5S3L,JH4,A,401,CNc1ncccn1
Severe acute respiratory syndrome coronavirus 2,5S3M,S2S,A,401,CS(=O)(=O)Nc1ccc(cc1)C(=O)N
Severe acute respiratory syndrome coronavirus 2,5S3N,W1V,A,401,Cc1c(c(n(n1)C)C)CC(=O)N
Severe acute respiratory syndrome coronavirus 2,5S3O,W1Y,A,401,CNCc1cnn(c1)c2ccccc2
Severe acute respiratory syndrome coronavirus 2,5S3P,W21,A,501,C[C@@H](C(=O)O)NC(=O)C1CCCC1
Severe acute respiratory syndrome coronavirus 2,5S3Q,W2A,B,601,C[C@@H]1[C@@H](CCCN1S(=O)(=O)C)C#N
Severe acute respiratory syndrome coronavirus 2,5S3Q,W2A,B,602,C[C@@H]1[C@@H](CCCN1S(=O)(=O)C)C#N
Severe acute respiratory syndrome coronavirus 2,5S3Q,W2A,A,501,C[C@@H]1[C@@H](CCCN1S(=O)(=O)C)C#N
Severe acute respiratory syndrome coronavirus 2,5S3R,W24,B,201,C[C@H]1[C@H](CCCN1S(=O)(=O)C)C(=O)NC
Severe acute respiratory syndrome coronavirus 2,5S3S,W27,A,401,CC(=O)N1[C@@H]2CC[C@H]1c3cccnc3C2
Severe acute respiratory syndrome coronavirus 2,5S3T,W2G,A,401,c1cscc1[C@H]2CCC[C@H]2C(=O)O
Severe acute respiratory syndrome coronavirus 2,5S3T,W2G,B,601,c1cscc1[C@H]2CCC[C@H]2C(=O)O
Severe acute respiratory syndrome coronavirus 2,5S3U,W2J,A,501,C[C@@H]1C[C@H](CNC1)CO
Severe acute respiratory syndrome coronavirus 2,5S3V,W2M,B,601,c1ccc2c(c1)C[C@]3(CCCN3)C(=O)N2
Severe acute respiratory syndrome coronavirus 2,5S3W,W2S,B,601,Cc1ccccc1[C@@H]2COC[C@@H]2C(=O)O
Severe acute respiratory syndrome coronavirus 2,5S3X,W2V,A,401,COc1cccc(c1)[C@H]2CCOC[C@H]2C(=O)O
Severe acute respiratory syndrome coronavirus 2,5S3Y,W2Y,B,601,C[C@H]1[C@H](CCCN1S(=O)(=O)C)C(=O)N
Severe acute respiratory syndrome coronavirus 2,5S3Z,W34,A,501,COc1cccc(c1)[C@@H]2CCOC[C@@H]2N
Severe acute respiratory syndrome coronavirus 2,5S40,HHQ,A,401,C1C(=CC=NC1=O)I
Severe acute respiratory syndrome coronavirus 2,5S41,HGQ,A,401,C1=CNC(=O)C=C1Br
Severe acute respiratory syndrome coronavirus 2,5S42,HH8,A,401,c1cc2c(ccnc2nc1)Br
Severe acute respiratory syndrome coronavirus 2,5S43,UUJ,B,601,c1cc(c(cc1Br)C#N)O
Severe acute respiratory syndrome coronavirus 2,5S44,W3A,A,501,c1c(cn(n1)CC(=O)O)Br
Severe acute respiratory syndrome coronavirus 2,5S45,W3D,A,501,C1=CN(C(=O)C=C1Br)CC(=O)O
Severe acute respiratory syndrome coronavirus 2,5S46,HYN,A,401,C1C(=O)NC(=O)N1
Severe acute respiratory syndrome coronavirus 2,5S47,BAQ,A,401,C1CC(=O)NC1
Severe acute respiratory syndrome coronavirus 2,5S47,BAQ,A,402,C1CC(=O)NC1
Severe acute respiratory syndrome coronavirus 2,5S48,HRZ,A,401,C1=CC(=O)NC=C1
Severe acute respiratory syndrome coronavirus 2,5S48,HRZ,B,601,C1=CC(=O)NC=C1
Severe acute respiratory syndrome coronavirus 2,5S49,3TR,A,401,c1[nH]nc(n1)N
Severe acute respiratory syndrome coronavirus 2,5S49,3TR,A,402,c1[nH]nc(n1)N
Severe acute respiratory syndrome coronavirus 2,5S49,3TR,B,201,c1[nH]nc(n1)N
Severe acute respiratory syndrome coronavirus 2,5S4A,4AP,B,601,c1c[nH+]ccc1N
Severe acute respiratory syndrome coronavirus 2,5S4A,4AP,B,602,c1c[nH+]ccc1N
Severe acute respiratory syndrome coronavirus 2,5S4A,4AP,A,201,c1c[nH+]ccc1N
Severe acute respiratory syndrome coronavirus 2,5S4A,4AP,B,603,c1c[nH+]ccc1N
Severe acute respiratory syndrome coronavirus 2,5S4B,W3G,A,401,C1=CC(=O)NN=C1
Severe acute respiratory syndrome coronavirus 2,5S4C,W3J,A,501,C1CNC(=NC1)N
Severe acute respiratory syndrome coronavirus 2,5S4C,W3J,B,602,C1CNC(=NC1)N
Severe acute respiratory syndrome coronavirus 2,5S4C,W3J,B,601,C1CNC(=NC1)N
Severe acute respiratory syndrome coronavirus 2,5S4C,W3J,A,503,C1CNC(=NC1)N
Severe acute respiratory syndrome coronavirus 2,5S4C,W3J,A,502,C1CNC(=NC1)N
Severe acute respiratory syndrome coronavirus 2,5S4D,2OP,A,501,C[C@@H](C(=O)O)O
Severe acute respiratory syndrome coronavirus 2,5S4E,W3M,B,201,c1c([nH]cn1)C#N
Severe acute respiratory syndrome coronavirus 2,5S4E,W3M,A,902,c1c([nH]cn1)C#N
Severe acute respiratory syndrome coronavirus 2,5S4E,W3M,A,903,c1c([nH]cn1)C#N
Severe acute respiratory syndrome coronavirus 2,5S4F,W3P,A,401,c1cc2cccnc2nc1
Severe acute respiratory syndrome coronavirus 2,5S4G,W3S,A,401,c1ccn2c(c1)nnc2N
Severe acute respiratory syndrome coronavirus 2,5S4H,W3V,A,501,C1CN(CCC1C(=O)O)C(=O)N
Severe acute respiratory syndrome coronavirus 2,5S4I,W3Y,A,501,C[C@H]1C(=O)NC(=O)N1c2ccc(cc2)Cl
Severe acute respiratory syndrome coronavirus 2,5S4J,W41,A,401,c1cc(nn2c1nnn2)Cl
Severe acute respiratory syndrome coronavirus 2,5S4K,W44,B,601,Cn1c2ccccc2c3c1[C@H]4C[C@@H](C3)NC[C@@H]4O
Severe acute respiratory syndrome coronavirus 2,5S6X,WUG,A,402,Cc1c([nH]c(n1)C)CN
Severe acute respiratory syndrome coronavirus 2,5S6X,WUG,B,402,Cc1c([nH]c(n1)C)CN
Severe acute respiratory syndrome coronavirus 2,5S6Y,WUJ,A,402,c1cc(oc1)CNC(=O)N
Severe acute respiratory syndrome coronavirus 2,5S6Y,WUJ,B,402,c1cc(oc1)CNC(=O)N
Severe acute respiratory syndrome coronavirus 2,5S6Z,WUM,A,402,CN(C)Cc1csc(n1)N
Severe acute respiratory syndrome coronavirus 2,5S6Z,WUM,B,402,CN(C)Cc1csc(n1)N
Severe acute respiratory syndrome coronavirus 2,5S70,WUS,B,402,Cc1[nH]c2c(n1)C[C@@H](CC2)N
Severe acute respiratory syndrome coronavirus 2,5S71,WUV,A,402,CC1=CN(C(=O)NC1=O)[C@H]2C[C@@H]([C@H](O2)CS)O
Severe acute respiratory syndrome coronavirus 2,5S71,WUV,B,402,CC1=CN(C(=O)NC1=O)[C@H]2C[C@@H]([C@H](O2)CS)O
Severe acute respiratory syndrome coronavirus 2,5S72,WUY,A,402,c1ccc(cc1)NC(=O)NCCN
Severe acute respiratory syndrome coronavirus 2,5SA4,K3A,B,401,Cc1cc(n[nH]1)NC(=O)C
Severe acute respiratory syndrome coronavirus 2,5SA5,ZQA,B,402,CCc1csc(n1)c2cnc[nH]2
Severe acute respiratory syndrome coronavirus 2,5SA6,O3G,B,401,c1ccc(cc1)CNCc2ccc(cc2)F
Severe acute respiratory syndrome coronavirus 2,5SA6,O3G,A,401,c1ccc(cc1)CNCc2ccc(cc2)F
Severe acute respiratory syndrome coronavirus 2,5SA7,WL7,A,401,CN(CCO)S(=O)(=O)c1ccc(cc1)N
Severe acute respiratory syndrome coronavirus 2,5SA8,JOV,B,401,CC(C)(CO)NC(=O)c1cccc(c1)Cl
Severe acute respiratory syndrome coronavirus 2,5SA8,JOV,A,401,CC(C)(CO)NC(=O)c1cccc(c1)Cl
Severe acute respiratory syndrome coronavirus 2,5SA9,GWG,B,401,Cn1c2ccccc2c(n1)C(=O)N
Severe acute respiratory syndrome coronavirus 2,5SAA,ZQD,B,402,Cc1cc(no1)[C@@H]2CCCN2S(=O)(=O)C
Severe acute respiratory syndrome coronavirus 2,5SAA,ZQD,A,402,Cc1cc(no1)[C@@H]2CCCN2S(=O)(=O)C
Severe acute respiratory syndrome coronavirus 2,5SAB,WJD,B,402,COCC(=O)Nc1ccccc1
Severe acute respiratory syndrome coronavirus 2,5SAC,VWG,B,402,c1ccc2c(c1)ccc(n2)C(=O)NO
Severe acute respiratory syndrome coronavirus 2,5SAD,EJW,B,401,c1ccc(cc1)c2cc(on2)C[NH3+]
Severe acute respiratory syndrome coronavirus 2,5SAE,W3G,B,402,C1=CC(=O)NN=C1
Severe acute respiratory syndrome coronavirus 2,5SAE,W3G,A,402,C1=CC(=O)NN=C1
Severe acute respiratory syndrome coronavirus 2,5SAF,WOY,B,401,c1c2c(ncn1)NCC2
Severe acute respiratory syndrome coronavirus 2,5SAF,WOY,A,402,c1c2c(ncn1)NCC2
Severe acute respiratory syndrome coronavirus 2,5SAG,ZQG,B,401,c1cnc([nH]1)CCCN
Severe acute respiratory syndrome coronavirus 2,5SAH,ZQJ,B,401,CN1C(=O)C=C2CNCCC2=N1
Severe acute respiratory syndrome coronavirus 2,5SAH,ZQJ,A,501,CN1C(=O)C=C2CNCCC2=N1
Severe acute respiratory syndrome coronavirus 2,5SAI,ZQM,B,401,CC(C)Sc1ccccc1NC(=O)N
Severe acute respiratory syndrome coronavirus 2,5SKW,LF6,D,601,CC1=N/C(=N/[C@@H]2CCC[C@H]2CO)/SN1
Severe acute respiratory syndrome coronavirus 2,5SKX,T6J,D,601,CS(=O)(=O)Cc1[nH]c2ccccc2n1
Severe acute respiratory syndrome coronavirus 2,5SKY,O2M,D,606,Cc1csc(n1)CNC(=O)c2ccn[nH]2
Severe acute respiratory syndrome coronavirus 2,5SKZ,NVD,D,606,CN(C)c1ccc(cc1)CNn2cnnc2
Severe acute respiratory syndrome coronavirus 2,5SL0,B0V,D,607,Cc1cc(c(c(c1)C)NC(=O)COC)C
Severe acute respiratory syndrome coronavirus 2,5SL0,B0V,D,606,Cc1cc(c(c(c1)C)NC(=O)COC)C
Severe acute respiratory syndrome coronavirus 2,5SL1,O2A,D,606,CNC(=O)c1cccc2c1[nH]cc2
Severe acute respiratory syndrome coronavirus 2,5SL2,LFO,D,606,CNC(=O)c1cn(c2c1cccc2)C
Severe acute respiratory syndrome coronavirus 2,5SL3,LGR,D,606,CC(=O)N(C)c1ccccc1C(=O)O
Severe acute respiratory syndrome coronavirus 2,5SL4,LHR,D,607,CC(=O)Nc1ccc2cn[nH]c2c1
Severe acute respiratory syndrome coronavirus 2,5SL4,LHR,D,606,CC(=O)Nc1ccc2cn[nH]c2c1
Severe acute respiratory syndrome coronavirus 2,5SL5,WNV,D,606,Cc1cccc(c1C)C(=O)N(C)C
Severe acute respiratory syndrome coronavirus 2,5SL6,60P,D,606,Cc1ccsc1C(=O)O
Severe acute respiratory syndrome coronavirus 2,5SL6,60P,D,607,Cc1ccsc1C(=O)O
Severe acute respiratory syndrome coronavirus 2,5SL7,W0G,D,606,CN[C@@H]1CCN(C1=O)c2ccccc2F
Severe acute respiratory syndrome coronavirus 2,5SL8,JGD,D,606,CN(C)c1ccncc1
Severe acute respiratory syndrome coronavirus 2,5SL9,O0S,D,606,CC(=O)Nc1ccc(cc1)Oc2ncccn2
Severe acute respiratory syndrome coronavirus 2,5SLA,LJR,D,607,CNS(=O)(=O)CC1CCCCC1
Severe acute respiratory syndrome coronavirus 2,5SLA,LJR,D,606,CNS(=O)(=O)CC1CCCCC1
Severe acute respiratory syndrome coronavirus 2,5SLB,LJK,D,606,CCC(C)(C)NC(=O)c1cc(n[nH]1)C
Severe acute respiratory syndrome coronavirus 2,5SLC,U1V,D,606,Cc1cc(ccc1CS(=O)(=O)N)F
Severe acute respiratory syndrome coronavirus 2,5SLD,LJ6,D,606,Cc1c(c(on1)C)C[C@@H](C)C(=O)N(C)C
Severe acute respiratory syndrome coronavirus 2,5SLE,JGA,D,607,CCNC(=O)Nc1cc(on1)C
Severe acute respiratory syndrome coronavirus 2,5SLE,JGA,D,606,CCNC(=O)Nc1cc(on1)C
Severe acute respiratory syndrome coronavirus 2,5SLF,LJA,D,607,CC(=O)Nc1cccc(c1)NC(=O)N
Severe acute respiratory syndrome coronavirus 2,5SLF,LJA,D,606,CC(=O)Nc1cccc(c1)NC(=O)N
Severe acute respiratory syndrome coronavirus 2,5SLG,NZJ,D,606,Cc1cccc(c1)C(=O)N2CCC(CC2)C(=O)N
Severe acute respiratory syndrome coronavirus 2,5SLH,LLU,D,606,C[C@@H](C(=O)O)Oc1ccccc1F
Severe acute respiratory syndrome coronavirus 2,5SLI,LL0,D,606,c1ccc(c(c1)OC(F)F)S(=O)(=O)N
Severe acute respiratory syndrome coronavirus 2,5SLI,LL0,D,608,c1ccc(c(c1)OC(F)F)S(=O)(=O)N
Severe acute respiratory syndrome coronavirus 2,5SLI,LL0,D,607,c1ccc(c(c1)OC(F)F)S(=O)(=O)N
Severe acute respiratory syndrome coronavirus 2,5SLJ,LKU,D,606,Cc1ccc(cc1O)NC(=O)c2cccc(c2)F
Severe acute respiratory syndrome coronavirus 2,5SLK,LKL,D,606,CN(CCO)c1c(cc(cn1)Cl)F
Severe acute respiratory syndrome coronavirus 2,5SLL,LK6,D,606,C[C@]1(CCS(=O)(=O)C1)NC(=O)C2CC2
Severe acute respiratory syndrome coronavirus 2,5SLM,WN1,D,606,COc1cccc(c1)C(=O)Nc2ccccc2F
Severe acute respiratory syndrome coronavirus 2,5SLN,LUY,D,606,c1ccc(cc1)CCNc2[nH]c3ccccc3n2
Severe acute respiratory syndrome coronavirus 2,5SLO,JJM,D,606,Cc1cccc(c1)Nc2c3cnn(c3ncn2)C
Severe acute respiratory syndrome coronavirus 2,5SLP,UWY,D,606,CCn1cc(cn1)NC(=O)C2CCCC2
Severe acute respiratory syndrome coronavirus 2,5SLQ,ELQ,D,606,CN1CCN(CC1)C(=O)c2ccc(c(c2)F)F
Severe acute respiratory syndrome coronavirus 2,5SLR,LO6,D,606,C[C@@H]1CN(C[C@@H](O1)C)C(=O)COC(F)F
Severe acute respiratory syndrome coronavirus 2,5SLS,SZE,D,606,CN1CC[N@](CC1=O)c2c(cccn2)F
Severe acute respiratory syndrome coronavirus 2,5SLT,LNS,D,606,CNC(=O)c1cccc(n1)C(=O)O
Severe acute respiratory syndrome coronavirus 2,5SLU,UX1,D,607,CNC(=O)C1(CC1)Cc2ccccc2F
Severe acute respiratory syndrome coronavirus 2,5SLU,UX1,D,606,CNC(=O)C1(CC1)Cc2ccccc2F
Severe acute respiratory syndrome coronavirus 2,5SLV,EJQ,D,606,c1cc(ccc1NC(=O)CN2CCCC2)F
Severe acute respiratory syndrome coronavirus 2,5SLW,U0V,D,606,c1ccc(c(c1)C(=O)NCCc2ccncc2)F
Severe acute respiratory syndrome coronavirus 2,5SLW,U0V,D,607,c1ccc(c(c1)C(=O)NCCc2ccncc2)F
Severe acute respiratory syndrome coronavirus 2,5SLX,LMW,D,606,CCN(CCO)c1ccc(cc1)N
Severe acute respiratory syndrome coronavirus 2,5SLX,LMW,D,607,CCN(CCO)c1ccc(cc1)N
Severe acute respiratory syndrome coronavirus 2,5SLY,LM6,D,606,CCn1c(ccn1)CNC
Severe acute respiratory syndrome coronavirus 2,5SLZ,LQP,D,606,C1C[C@@H]2CN(C[C@@H]2C1)C(=O)COC(F)F
Severe acute respiratory syndrome coronavirus 2,5SM0,LQI,D,606,CC1CCN(CC1)C(=O)c2cc3ccccc3o2
Severe acute respiratory syndrome coronavirus 2,5SM1,WH1,D,606,CN(CCc1ccccn1)C(=O)c2ccccc2
Severe acute respiratory syndrome coronavirus 2,5SM2,LQ3,D,606,C1=CC(=O)N=CC1OC(F)F
Severe acute respiratory syndrome coronavirus 2,5SM2,LQ3,D,607,C1=CC(=O)N=CC1OC(F)F
Severe acute respiratory syndrome coronavirus 2,5SM3,GT4,D,606,COCC(=O)Nc1ccc(cc1)O
Severe acute respiratory syndrome coronavirus 2,5SM4,AWD,D,606,CN1CCN(CC1)C(=O)Nc2ccc(cc2)F
Severe acute respiratory syndrome coronavirus 2,5SM5,S5J,D,606,COc1ccccc1N2CCN(CC2)CC#N
Severe acute respiratory syndrome coronavirus 2,5SM6,K1A,D,606,Cc1c(c(on1)C)CN2C(=O)SC(=N2)C
Severe acute respiratory syndrome coronavirus 2,5SM7,LPU,D,606,CS(=O)(=O)N1CCC(CC1)O
Severe acute respiratory syndrome coronavirus 2,5SM8,WKA,D,606,CC(=O)Nc1cccc2c1non2
Severe acute respiratory syndrome coronavirus 2,5SM9,VZS,D,606,Cc1ccc(c(c1)NC(=O)Nn2cnnc2)OC
Severe acute respiratory syndrome coronavirus 2,5SMA,NZD,D,606,CN1CCN(CC1)C(=O)Nc2ccccc2
Severe acute respiratory syndrome coronavirus 2,5SMB,LRR,D,606,c1ccc(cc1)CCCC(=O)N2CCOCC2
Severe acute respiratory syndrome coronavirus 2,5SMC,LRF,D,607,Cc1c(c(sn1)N(C)CC(=O)N)C#N
Severe acute respiratory syndrome coronavirus 2,5SMC,LRF,D,606,Cc1c(c(sn1)N(C)CC(=O)N)C#N
Severe acute respiratory syndrome coronavirus 2,5SMD,WKS,D,606,Cc1cc(nc(n1)C)N2CCNCC2
Severe acute respiratory syndrome coronavirus 2,5SME,I8D,D,606,c1cc(ccc1C(=O)N2CCSCC2)Cl
Severe acute respiratory syndrome coronavirus 2,5SMF,K1S,D,607,CCN(CC)c1cc(nc2n1ncn2)C
Severe acute respiratory syndrome coronavirus 2,5SMF,K1S,D,606,CCN(CC)c1cc(nc2n1ncn2)C
Severe acute respiratory syndrome coronavirus 2,5SMG,LR9,D,606,CCN(C)C(=O)c1cccc(c1)N
Severe acute respiratory syndrome coronavirus 2,5SMH,7ZC,D,606,CN(C)Cc1c[nH]c2c1cc(cc2)OC
Severe acute respiratory syndrome coronavirus 2,5SMI,LQV,D,606,Cc1ccc(nc1)NC(=O)[C@@H]2CCCO2
Severe acute respiratory syndrome coronavirus 2,5SML,O3R,A,404,CN(Cc1ccc(c(c1)Cl)Cl)c2ccc(cn2)S(=O)(=O)N
Severe acute respiratory syndrome coronavirus 2,5SMM,O46,A,404,c1cc(cc(c1)O)CC(=O)NC2(CCOCC2)c3cccc(c3)F
Severe acute respiratory syndrome coronavirus 2,5SMN,O4F,A,404,Cc1cnccc1N2CCC(CC2)C(=O)NC3(CC3)C#N
Severe acute respiratory syndrome coronavirus 2,5SOI,WYY,A,202,c1c[nH]c2c1c(ncn2)N3CCC[C@H](C3)CCC(=O)O
Severe acute respiratory syndrome coronavirus 2,5SOI,WVG,A,201,c1c[nH]c2c1c(ncn2)N3CCC[C@@H](C3)CCC(=O)O
Severe acute respiratory syndrome coronavirus 2,5SOJ,RWQ,A,201,c1cc2c(cc1F)[nH]c3c2c(ncn3)N4CCC[C@H](C4)CO
Severe acute respiratory syndrome coronavirus 2,5SOK,RVO,A,201,c1cnccc1O[C@@H]2CCN(C2)c3c(c(ncn3)N)Cl
Severe acute respiratory syndrome coronavirus 2,5SOL,WVM,A,201,C[C@H](CNc1cc(ncn1)N2C[C@@](C3(C2)CCC3)(C(=O)O)F)O
Severe acute respiratory syndrome coronavirus 2,5SOM,WVY,A,201,c1cnn(c1)c2ccc(cc2)CC(=O)OC[C@@H]3CCCNC3=O
Severe acute respiratory syndrome coronavirus 2,5SON,WW1,A,201,C[C@@H](CSc1nnc2n1nc[nH]2)c3ccccc3
Severe acute respiratory syndrome coronavirus 2,5SOO,WW4,A,201,c1c[nH]c2c1c(ncn2)N3CC[C@@H](C3)Cc4nccs4
Severe acute respiratory syndrome coronavirus 2,5SOP,RYI,A,201,c1c[nH]c2c1c(ncn2)N3CCC[C@]4(C3)CCS(=O)(=O)C4
Severe acute respiratory syndrome coronavirus 2,5SOQ,WWJ,A,201,CCc1c[nH]c2c1c(ncn2)N3CCC[C@@H](C3)Cc4nc(no4)C
Severe acute respiratory syndrome coronavirus 2,5SOR,WWP,A,201,c1cc(cc(c1)C(F)(F)F)Cn2cnc(c-3ncnc23)N
Severe acute respiratory syndrome coronavirus 2,5SOS,WWS,A,201,c1cc(ncc1Cl)Cn2cnc(c-3ncnc23)N
Severe acute respiratory syndrome coronavirus 2,5SOT,S1O,A,202,c1c[nH]c2c1c(ncn2)N3CCC[C@@H](C3)n4cc(nn4)CO
Severe acute respiratory syndrome coronavirus 2,5SOT,WX4,A,201,c1c[nH]c2c1c(ncn2)N3CCC[C@H](C3)n4cc(nn4)CO
Severe acute respiratory syndrome coronavirus 2,5SOU,RZ9,A,202,c1c[nH]c2c1c(ncn2)N3CCC[C@@H](C3)C4=NNC(=O)O4
Severe acute respiratory syndrome coronavirus 2,5SOU,WX7,A,201,c1c[nH]c2c1c(ncn2)N3CCC[C@H](C3)C4=NNC(=O)O4
Severe acute respiratory syndrome coronavirus 2,5SOV,WXD,A,201,CCc1c[nH]c2c1c(ncn2)N3CCC[C@@H](C3)S(=O)(=O)C
Severe acute respiratory syndrome coronavirus 2,5SOV,WXA,A,202,CCc1c[nH]c2c1c(ncn2)N3CCC[C@H](C3)S(=O)(=O)C
Severe acute respiratory syndrome coronavirus 2,5SOW,WXG,A,201,c1[nH]c2c(n1)c(ncn2)SCCN3CCCC3=O
Severe acute respiratory syndrome coronavirus 2,5SOX,WXJ,A,201,c1cc(ccc1C#N)OCCn2cnc(c-3ncnc23)N
Severe acute respiratory syndrome coronavirus 2,5SOY,WXS,A,201,CC1=C(OC(=O)O1)CSc2c3c([nH]cn3)ncn2
Severe acute respiratory syndrome coronavirus 2,5SOZ,WXY,A,201,c1c[nH]c2c1c(ncn2)C(=O)N3CCCC34CCCCC4
Severe acute respiratory syndrome coronavirus 2,5SP0,WY7,A,201,c1cc(oc1)c2cc(no2)Cn3cnc(c-4ncnc34)N
Severe acute respiratory syndrome coronavirus 2,5SP1,WYA,A,201,CN(Cc1nnc2n1C=CNC2=O)c3ccc4c(n3)nccn4
Severe acute respiratory syndrome coronavirus 2,5SP2,S3E,A,202,c1c[nH]c2c1c(ncn2)N3CCO[C@H](C3)CC(=O)O
Severe acute respiratory syndrome coronavirus 2,5SP2,WYG,A,201,c1c[nH]c2c1c(ncn2)N3CCO[C@@H](C3)CC(=O)O
Severe acute respiratory syndrome coronavirus 2,5SP3,WYJ,A,201,C[C@@H]1CN(C[C@H](O1)CO)c2c3c4ccccc4[nH]c3ncn2
Severe acute respiratory syndrome coronavirus 2,5SP4,RWL,A,201,c1c(nc(s1)Cl)Cn2cnc3c2nc(nc3N)N
Severe acute respiratory syndrome coronavirus 2,5SP6,RXX,A,201,Cc1ccc(o1)c2nc(cs2)Cn3cnc4c3nc(nc4N)N
Severe acute respiratory syndrome coronavirus 2,5SP6,RXX,A,202,Cc1ccc(o1)c2nc(cs2)Cn3cnc4c3nc(nc4N)N
Severe acute respiratory syndrome coronavirus 2,5SP7,RVS,A,201,c1ccc2c(c1)CC[C@@H]([C@@H]2NC(=O)c3ccc(cc3)NC(=O)NC4CC4)C(=O)O
Severe acute respiratory syndrome coronavirus 2,5SP7,RVS,A,202,c1ccc2c(c1)CC[C@@H]([C@@H]2NC(=O)c3ccc(cc3)NC(=O)NC4CC4)C(=O)O
Severe acute respiratory syndrome coronavirus 2,5SP8,RXI,A,201,Cc1nnc2n1C[C@H](N(C2)C(=O)c3ccc(cc3)NC(=O)NC4CC4)C(=O)O
Severe acute respiratory syndrome coronavirus 2,5SP9,RWC,B,201,c1ccc2c(c1)C[C@@H](CN2C(=O)c3ccc(cc3)NC(=O)NC4CC4)C(=O)O
Severe acute respiratory syndrome coronavirus 2,5SPA,RY6,A,201,c1cc2c(c(c1)O)C[C@@H]([C@@H]2NC(=O)c3ccc(cc3)NC(=O)N)C(=O)O
Severe acute respiratory syndrome coronavirus 2,5SPA,RYC,A,203,c1cc2c(c(c1)O)C[C@H]([C@H]2NC(=O)c3ccc(cc3)NC(=O)N)C(=O)O
Severe acute respiratory syndrome coronavirus 2,5SPA,RY6,A,202,c1cc2c(c(c1)O)C[C@@H]([C@@H]2NC(=O)c3ccc(cc3)NC(=O)N)C(=O)O
Severe acute respiratory syndrome coronavirus 2,5SPB,S09,A,201,c1ccc(cc1)NC(=O)Nc2ccc(cc2)C(=O)N[C@H]3c4cccc(c4C[C@H]3C(=O)O)O
Severe acute respiratory syndrome coronavirus 2,5SPB,S0T,A,202,c1ccc(cc1)NC(=O)Nc2ccc(cc2)C(=O)N[C@@H]3c4cccc(c4C[C@@H]3C(=O)O)O
Severe acute respiratory syndrome coronavirus 2,5SPC,QLF,A,201,c1cc2c(c(c1)O)C[C@@H]([C@@H]2NC(=O)c3cc4c(nc3)NCCC4)C(=O)O
Severe acute respiratory syndrome coronavirus 2,5SPC,QLU,A,202,c1cc2c(c(c1)O)C[C@H]([C@H]2NC(=O)c3cc4c(nc3)NCCC4)C(=O)O
Severe acute respiratory syndrome coronavirus 2,5SPD,QYJ,A,202,c1cc2c(c(c1)O)C[C@@H]([C@@H]2NC(=O)c3ccc(cc3)NC(=O)NC4CC4)C(=O)O
Severe acute respiratory syndrome coronavirus 2,5SPD,QYJ,A,201,c1cc2c(c(c1)O)C[C@@H]([C@@H]2NC(=O)c3ccc(cc3)NC(=O)NC4CC4)C(=O)O
Severe acute respiratory syndrome coronavirus 2,5SPD,QRU,A,203,c1cc2c(c(c1)O)C[C@H]([C@H]2NC(=O)c3ccc(cc3)NC(=O)NC4CC4)C(=O)O
Severe acute respiratory syndrome coronavirus 2,5SPE,S1F,A,201,COC(=O)Nc1ccc(cc1)C(=O)N[C@@H]2c3ccccc3C[C@@H]2C(=O)O
Severe acute respiratory syndrome coronavirus 2,5SPF,RYQ,A,201,Cc1nc(cs1)Cn2cnc3c2nc(nc3N)N
Severe acute respiratory syndrome coronavirus 2,5SPG,RZI,A,202,c1c(nc(s1)C2CC2)Cn3cnc4c3nc(nc4N)N
Severe acute respiratory syndrome coronavirus 2,5SPG,RZI,A,201,c1c(nc(s1)C2CC2)Cn3cnc4c3nc(nc4N)N
Severe acute respiratory syndrome coronavirus 2,5SPH,RZR,A,201,CNC(=O)Nc1ccc(cc1)C(=O)N[C@H]2c3ccccc3C[C@@H]2C(=O)O
Severe acute respiratory syndrome coronavirus 2,5SPI,S1X,A,201,c1ccc2c(c1)C[C@@H]([C@@H]2NC(=O)c3ccc(cc3)NC(=O)C4CC4)C(=O)O
Severe acute respiratory syndrome coronavirus 2,5SPI,S2R,A,202,c1ccc2c(c1)C[C@H]([C@H]2NC(=O)c3ccc(cc3)NC(=O)C4CC4)C(=O)O
Severe acute respiratory syndrome coronavirus 2,5SPJ,S3R,A,201,Cc1nnc(n1C2CC2)CNc3c(ncc(n3)Cl)N
Severe acute respiratory syndrome coronavirus 2,5SPK,S4F,A,201,c1nc(c(c(n1)N2CCC[C@@H](C2)CCC(=O)O)Cl)N
Severe acute respiratory syndrome coronavirus 2,5SPL,RW5,A,201,Cc1ccc(o1)[C@@H]2C[C@H](CCN2C(=O)c3c4cc[nH]c4ncn3)C
Severe acute respiratory syndrome coronavirus 2,5SPM,S4O,A,201,Cn1c2c(c(n1)O)CCN(C2)C(=O)C3=CC(=CC(=O)O3)O
Severe acute respiratory syndrome coronavirus 2,5SPN,S50,A,201,Cc1cc(n(n1)C2CCCC2)S(=O)(=O)Nc3cc4cc[nH]c4nc3
Severe acute respiratory syndrome coronavirus 2,5SPO,S5F,B,201,c1nncn1C[C@H]2CN(CC23CCC3)C4=NC(=O)NC(=C4)Cl
Severe acute respiratory syndrome coronavirus 2,5SPP,S5U,A,202,CN(CCCC(=O)O)C(=O)c1c2cc[nH]c2ncn1
Severe acute respiratory syndrome coronavirus 2,5SPP,S5U,A,201,CN(CCCC(=O)O)C(=O)c1c2cc[nH]c2ncn1
Severe acute respiratory syndrome coronavirus 2,5SPQ,S63,A,201,C[C@]1(CCN(C1)C(=O)Cc2c[nH]c3c2c(ccn3)Cl)C(=O)O
Severe acute respiratory syndrome coronavirus 2,5SPR,S6C,A,201,c1[nH]c2c(n1)ncnc2N3CCC[C@H](C3)CC(=O)O
Severe acute respiratory syndrome coronavirus 2,5SPS,S6N,A,201,CC1(CC[C@@H](CN1C(=O)c2c3cc[nH]c3ncn2)C(=O)O)C
Severe acute respiratory syndrome coronavirus 2,5SPT,S6U,A,303,c1c[nH]c2c1c(ncn2)C(=O)OCCN3CCOC3=O
Severe acute respiratory syndrome coronavirus 2,5SPU,S7F,A,201,Cc1cc(cnc1N)S(=O)(=O)N2CCC[C@@H](C2)C(=O)N
Severe acute respiratory syndrome coronavirus 2,5SPV,S7O,A,201,CN(CC(=O)O)C(=O)c1ccc2[n+](c1)C(=O)NN2
Severe acute respiratory syndrome coronavirus 2,5SPW,S5O,A,201,c1[nH]c2c(n1)ncnc2N3C[C@@H]4CC[C@H](C3)[C@@H](C4)C(=O)O
Severe acute respiratory syndrome coronavirus 2,5SPX,QIW,A,202,CCc1c[nH]c2c1cc(cn2)c3c(c(nn3C)C)C(=O)O
Severe acute respiratory syndrome coronavirus 2,5SPX,QIW,A,201,CCc1c[nH]c2c1cc(cn2)c3c(c(nn3C)C)C(=O)O
Severe acute respiratory syndrome coronavirus 2,5SPY,QJ0,A,201,c1c(cnc2c1c(c[nH]2)C(=O)CSc3[nH]nnn3)Br
Severe acute respiratory syndrome coronavirus 2,5SPZ,QJC,A,201,C1CN(C[C@]1(CF)C(=O)O)C(=O)C2=CC(=O)NN=C2
Severe acute respiratory syndrome coronavirus 2,5SQ0,QJG,A,201,C[C@H]1C[C@H](N1C(=O)c2cc(nc3c2cc(cc3)F)O)C(=O)O
Severe acute respiratory syndrome coronavirus 2,5SQ1,QJO,A,201,c1c(cnc(n1)N)S(=O)(=O)N2CC(C[C@H]2C(=O)O)(F)F
Severe acute respiratory syndrome coronavirus 2,5SQ2,QJU,A,201,Cc1nc(on1)C[C@H]2CCCN(C2)c3c4c5ccc(cc5[nH]c4ncn3)F
Severe acute respiratory syndrome coronavirus 2,5SQ3,QK6,A,201,c1cc2c(cc1F)[nH]c3c2c(ncn3)N4CCO[C@@H](C4)CC(=O)O
Severe acute respiratory syndrome coronavirus 2,5SQ4,QKC,A,202,CS(=O)(=O)[C@@H]1CCCN(C1)c2c3c4ccc(cc4[nH]c3ncn2)F
Severe acute respiratory syndrome coronavirus 2,5SQ4,QKC,A,201,CS(=O)(=O)[C@@H]1CCCN(C1)c2c3c4ccc(cc4[nH]c3ncn2)F
Severe acute respiratory syndrome coronavirus 2,5SQ5,QKX,A,202,c1ccc2c(c1)C[C@@H]([C@@H]2NC(=O)c3ccc(cc3)NC(=O)NC4CC4)C(=O)O
Severe acute respiratory syndrome coronavirus 2,5SQ5,QKL,A,201,c1ccc2c(c1)C[C@@H]([C@H]2NC(=O)c3ccc(cc3)NC(=O)NC4CC4)C(=O)O
Severe acute respiratory syndrome coronavirus 2,5SQ6,QL6,A,201,c1ccc2c(c1)c(c([nH]2)C(=O)O)CNC(=O)c3ccc(cc3)NC(=O)NC4CC4
Severe acute respiratory syndrome coronavirus 2,5SQ7,QM6,A,201,c1ccc2c(c1)c(c(o2)C(=O)O)CNC(=O)c3ccc(cc3)NC(=O)NC4CC4
Severe acute respiratory syndrome coronavirus 2,5SQ8,QMF,A,201,c1ccc2c(c1)c(c(s2)C(=O)O)CNC(=O)c3ccc(cc3)NC(=O)NC4CC4
Severe acute respiratory syndrome coronavirus 2,5SQ9,QN0,A,202,CC(C)NC(=O)Nc1ccc(cc1)C(=O)N[C@@H]2c3cccc(c3C[C@@H]2C(=O)O)O
Severe acute respiratory syndrome coronavirus 2,5SQ9,QMO,A,201,CC(C)NC(=O)Nc1ccc(cc1)C(=O)N[C@H]2c3cccc(c3C[C@H]2C(=O)O)O
Severe acute respiratory syndrome coronavirus 2,5SQA,QNV,A,203,c1cc2c(c(c1)O)C[C@@H]([C@@H]2NC(=O)c3ccc4c(c3)OCC(=O)N4)C(=O)O
Severe acute respiratory syndrome coronavirus 2,5SQA,QNF,A,201,c1cc2c(c(c1)O)C[C@H]([C@H]2NC(=O)c3ccc4c(c3)OCC(=O)N4)C(=O)O
Severe acute respiratory syndrome coronavirus 2,5SQA,QNV,A,202,c1cc2c(c(c1)O)C[C@@H]([C@@H]2NC(=O)c3ccc4c(c3)OCC(=O)N4)C(=O)O
Severe acute respiratory syndrome coronavirus 2,5SQB,QOF,A,202,c1cc2c(c(c1)O)C[C@@H]([C@@H]2NC(=O)c3ccc(nc3)NCC4CC4)C(=O)O
Severe acute respiratory syndrome coronavirus 2,5SQB,QO3,A,201,c1cc2c(c(c1)O)C[C@H]([C@H]2NC(=O)c3ccc(nc3)NCC4CC4)C(=O)O
Severe acute respiratory syndrome coronavirus 2,5SQC,QOR,A,201,c1cc2c(c(c1)O)C[C@H]([C@H]2NC(=O)c3cnc(cn3)NC4CCOCC4)C(=O)O
Severe acute respiratory syndrome coronavirus 2,5SQC,QP9,A,202,c1cc2c(c(c1)O)C[C@@H]([C@@H]2NC(=O)c3cnc(cn3)NC4CCOCC4)C(=O)O
Severe acute respiratory syndrome coronavirus 2,5SQD,QPX,A,202,c1cc2c(c(c1)O)C[C@@H]([C@@H]2NC(=O)c3ccc4c(c3)nc([nH]4)CO)C(=O)O
Severe acute respiratory syndrome coronavirus 2,5SQD,QPX,A,203,c1cc2c(c(c1)O)C[C@@H]([C@@H]2NC(=O)c3ccc4c(c3)nc([nH]4)CO)C(=O)O
Severe acute respiratory syndrome coronavirus 2,5SQD,QPL,A,201,c1cc2c(c(c1)O)C[C@H]([C@H]2NC(=O)c3ccc4c(c3)nc([nH]4)CO)C(=O)O
Severe acute respiratory syndrome coronavirus 2,5SQE,QR0,A,201,c1cc2c(c(c1)O)C[C@@H]([C@@H]2NC(=O)c3ccc(cc3)Nn4ccnc4)C(=O)O
Severe acute respiratory syndrome coronavirus 2,5SQF,QQ9,A,201,c1c[nH]c2c1c(ccn2)C(=O)N3CCC[C@H](C3)C(=O)O
Severe acute respiratory syndrome coronavirus 2,5SQG,QQI,A,201,c1cc2c(c(c1)O)C[C@H]([C@H]2NC(=O)c3ccc(nc3)NC(=O)NC4CC4)C(=O)O
Severe acute respiratory syndrome coronavirus 2,5SQG,QQR,A,202,c1cc2c(c(c1)O)C[C@@H]([C@@H]2NC(=O)c3ccc(nc3)NC(=O)NC4CC4)C(=O)O
Severe acute respiratory syndrome coronavirus 2,5SQH,QR6,A,201,c1cc2c(c(c1)O)C[C@@H]([C@@H]2NC(=O)c3ccc(cc3Cl)NC(=O)NC4CC4)C(=O)O
Severe acute respiratory syndrome coronavirus 2,5SQI,QRC,A,202,CNC(=O)Nc1ccc(cc1)C(=O)N[C@@H]2c3cccc(c3C[C@@H]2C(=O)O)O
Severe acute respiratory syndrome coronavirus 2,5SQI,QRC,A,201,CNC(=O)Nc1ccc(cc1)C(=O)N[C@@H]2c3cccc(c3C[C@@H]2C(=O)O)O
Severe acute respiratory syndrome coronavirus 2,5SQI,QRI,A,203,CNC(=O)Nc1ccc(cc1)C(=O)N[C@H]2c3cccc(c3C[C@H]2C(=O)O)O
Severe acute respiratory syndrome coronavirus 2,5SQJ,QRU,A,302,c1cc2c(c(c1)O)C[C@H]([C@H]2NC(=O)c3ccc(cc3)NC(=O)NC4CC4)C(=O)O
Severe acute respiratory syndrome coronavirus 2,5SQK,QS6,A,201,c1c[nH]c2c1c(ncn2)N[C@H]3CC[C@H](C3)O
Severe acute respiratory syndrome coronavirus 2,5SQL,QSL,B,201,c1c[nH]c2c1c(ncn2)NCC3CS(=O)(=O)C3
Severe acute respiratory syndrome coronavirus 2,5SQL,QSL,A,201,c1c[nH]c2c1c(ncn2)NCC3CS(=O)(=O)C3
Severe acute respiratory syndrome coronavirus 2,5SQM,QT0,A,201,c1cc2c(cc1F)[nH]c3c2c(ncn3)N4CCC[C@H](C4)C5=NNC(=O)O5
Severe acute respiratory syndrome coronavirus 2,5SQN,QT6,A,201,c1cc2c(cc1F)[nH]c3c2c(ncn3)N4CCC[C@H](C4)CCC(=O)O
Severe acute respiratory syndrome coronavirus 2,5SQO,QTF,A,201,c1cc2c(cc1F)[nH]c3c2c(ncn3)N4C[C@](C5(C4)CCC5)(C(=O)O)F
Severe acute respiratory syndrome coronavirus 2,5SQP,QTO,A,201,c1ccc(cc1)Nc2cc(ncn2)N3C[C@@](C4(C3)CCC4)(C(=O)O)F
Severe acute respiratory syndrome coronavirus 2,5SQQ,QU3,A,201,CNS(=O)(=O)c1cc(co1)C(=O)N2CCc3c(cnc(n3)N)C2
Severe acute respiratory syndrome coronavirus 2,5SQR,QUC,A,201,C[C@@H]1[C@H](CCCN1S(=O)(=O)c2c[nH]c3c2cc(cn3)Cl)C(=O)O
Severe acute respiratory syndrome coronavirus 2,5SQS,QVC,A,201,Cc1nc(on1)c2ccnc(c2)c3ccnc4c3cc[nH]4
Severe acute respiratory syndrome coronavirus 2,5SQT,QV1,B,201,C[C@@H]1CN(C[C@H]1C(=O)O)C(=O)c2cccc3c2OC(=O)N3
Severe acute respiratory syndrome coronavirus 2,5SQT,QUR,A,201,C[C@H]1CN(C[C@@H]1C(=O)O)C(=O)c2cccc3c2OC(=O)N3
Severe acute respiratory syndrome coronavirus 2,5SQU,QVL,A,402,Cc1c[nH]c2c1cc(cn2)C(=O)N(C)c3[nH]nnn3
Severe acute respiratory syndrome coronavirus 2,5SQU,QVL,A,403,Cc1c[nH]c2c1cc(cn2)C(=O)N(C)c3[nH]nnn3
Severe acute respiratory syndrome coronavirus 2,5SQV,QVX,A,201,c1cc2c(c(c1)O)C[C@@H]([C@@H]2NC(=O)c3ccc(cc3)Nc4cccnc4)C(=O)O
Severe acute respiratory syndrome coronavirus 2,5SQW,QWC,A,202,c1cc2c(c(c1)O)C[C@@H]([C@@H]2NC(=O)c3ccc(cc3O)NC(=O)NC4CC4)C(=O)O
Severe acute respiratory syndrome coronavirus 2,5SQW,QW3,A,201,c1cc2c(c(c1)O)C[C@H]([C@H]2NC(=O)c3ccc(cc3O)NC(=O)NC4CC4)C(=O)O
Severe acute respiratory syndrome coronavirus 2,5SQX,QX5,A,202,c1cc2c(c(c1)O)C[C@@H]([C@@H]2NC(=O)c3ccc(cc3N)NC(=O)NC4CC4)C(=O)O
Severe acute respiratory syndrome coronavirus 2,5SQX,QWX,A,201,c1cc2c(c(c1)O)C[C@H]([C@H]2NC(=O)c3ccc(cc3N)NC(=O)NC4CC4)C(=O)O
Severe acute respiratory syndrome coronavirus 2,5SQY,QWO,A,201,c1cc2c(c(c1)O)C[C@@H]([C@@H]2NC(=O)c3ccc(c4c3scn4)NC(=O)NC5CC5)C(=O)O
Severe acute respiratory syndrome coronavirus 2,5SQZ,QXC,A,202,c1ccnc(c1)CNc2c3cc[nH]c3ncn2
Severe acute respiratory syndrome coronavirus 2,5SQZ,QXC,A,201,c1ccnc(c1)CNc2c3cc[nH]c3ncn2
Severe acute respiratory syndrome coronavirus 2,5SR0,QXS,A,201,c1c[nH]c2c1c(ncn2)N[C@@H]3CCCC[C@@H]3O
Severe acute respiratory syndrome coronavirus 2,5SR0,QY0,A,202,c1c[nH]c2c1c(ncn2)N[C@H]3CCCC[C@H]3O
Severe acute respiratory syndrome coronavirus 2,5SR1,QXL,B,202,c1c[nH]c2c1c(ncn2)N[C@@H]3CCCS(=O)(=O)C3
Severe acute respiratory syndrome coronavirus 2,5SR1,QXL,A,201,c1c[nH]c2c1c(ncn2)N[C@@H]3CCCS(=O)(=O)C3
Severe acute respiratory syndrome coronavirus 2,5SR1,QXL,B,201,c1c[nH]c2c1c(ncn2)N[C@@H]3CCCS(=O)(=O)C3
Severe acute respiratory syndrome coronavirus 2,5SR2,QYC,A,201,c1cc2c(c(c1)O)C[C@@H]([C@H]2NC(=O)c3ccc(cc3)NC(=O)NC4CC4)C(=O)O
Severe acute respiratory syndrome coronavirus 2,5SR3,QYJ,A,202,c1cc2c(c(c1)O)C[C@@H]([C@@H]2NC(=O)c3ccc(cc3)NC(=O)NC4CC4)C(=O)O
Severe acute respiratory syndrome coronavirus 2,5SR3,QYJ,A,201,c1cc2c(c(c1)O)C[C@@H]([C@@H]2NC(=O)c3ccc(cc3)NC(=O)NC4CC4)C(=O)O
Severe acute respiratory syndrome coronavirus 2,5SR4,QYU,A,202,c1cc2c(cc1F)[nH]c3c2c(ncn3)N[C@H]4CC[C@H](C4)O
Severe acute respiratory syndrome coronavirus 2,5SR4,QYO,A,201,c1cc2c(cc1F)[nH]c3c2c(ncn3)N[C@@H]4CC[C@@H](C4)O
Severe acute respiratory syndrome coronavirus 2,5SR5,QZ6,A,201,c1cc2c(cc1F)[nH]c3c2c(ncn3)NC[C@H]4CCS4(=O)=O
Severe acute respiratory syndrome coronavirus 2,5SR6,QZF,A,202,c1ccc2c(c1)c3c([nH]2)ncnc3N4C[C@](C5(C4)CCC5)(C(=O)O)F
Severe acute respiratory syndrome coronavirus 2,5SR6,QZF,A,201,c1ccc2c(c1)c3c([nH]2)ncnc3N4C[C@](C5(C4)CCC5)(C(=O)O)F
Severe acute respiratory syndrome coronavirus 2,5SR7,QZX,A,202,c1cc2c(cc1F)[nH]c3c2c(ncn3)N4CC[C@H]5[C@@H](C4)[C@@H]5C(=O)O
Severe acute respiratory syndrome coronavirus 2,5SR7,QZO,A,201,c1cc2c(cc1F)[nH]c3c2c(ncn3)N4CC[C@@H]5[C@H](C4)[C@H]5C(=O)O
Severe acute respiratory syndrome coronavirus 2,5SR8,R0A,A,201,c1cc2c(cc1F)[nH]c3c2c(ncn3)N4C[C@@H](OC5(C4)CCC5)CC(=O)O
Severe acute respiratory syndrome coronavirus 2,5SR9,R0H,A,201,COC(=O)[C@@]1(CCN(C1)c2c3c4ccc(cc4[nH]c3ncn2)F)CO
Severe acute respiratory syndrome coronavirus 2,5SRA,R0L,A,202,c1cc2c(cc1F)[nH]c3c2c(ncn3)N4CCO[C@H](C4)C(=O)O
Severe acute respiratory syndrome coronavirus 2,5SRA,R0L,A,201,c1cc2c(cc1F)[nH]c3c2c(ncn3)N4CCO[C@H](C4)C(=O)O
Severe acute respiratory syndrome coronavirus 2,5SRB,R0R,A,201,c1cc2c(cc1F)[nH]c3c2c(ncn3)N4C[C@](C5(C4)COC5)(C(=O)O)F
Severe acute respiratory syndrome coronavirus 2,5SRB,R0W,A,202,c1cc2c(cc1F)[nH]c3c2c(ncn3)N4C[C@@](C5(C4)COC5)(C(=O)O)F
Severe acute respiratory syndrome coronavirus 2,5SRC,QIR,A,202,c1cc2c(cc1F)[nH]c3c2c(ncn3)N4CCC[C@H](C4)[C@@H](C(=O)O)O
Severe acute respiratory syndrome coronavirus 2,5SRC,QIO,A,201,c1cc2c(cc1F)[nH]c3c2c(ncn3)N4CCC[C@H](C4)[C@H](C(=O)O)O
Severe acute respiratory syndrome coronavirus 2,5SRD,R8K,A,201,CS(=O)(=O)NC(=O)[C@]1(CN(CC12CCC2)c3c4c5ccc(cc5[nH]c4ncn3)F)F
Severe acute respiratory syndrome coronavirus 2,5SRE,R8R,A,202,c1cc2c(cc1F)[nH]c3c2c(ncn3)N4CCC5(CCC5)[C@H](C4)C(=O)O
Severe acute respiratory syndrome coronavirus 2,5SRE,R8R,A,201,c1cc2c(cc1F)[nH]c3c2c(ncn3)N4CCC5(CCC5)[C@H](C4)C(=O)O
Severe acute respiratory syndrome coronavirus 2,5SRF,R8Z,A,201,CN(c1c2c3ccc(cc3[nH]c2ncn1)F)[C@@H]4CCCS(=O)(=O)C4
Severe acute respiratory syndrome coronavirus 2,5SRG,R98,A,201,CN(Cc1ccccn1)c2c3c4ccc(cc4[nH]c3ncn2)F
Severe acute respiratory syndrome coronavirus 2,5SRG,R98,A,202,CN(Cc1ccccn1)c2c3c4ccc(cc4[nH]c3ncn2)F
Severe acute respiratory syndrome coronavirus 2,5SRH,TFA,A,301,C(=O)(C(F)(F)F)O
Severe acute respiratory syndrome coronavirus 2,5SRH,R9F,A,303,c1cc2c(cc1F)[nH]c3c2c(ncn3)N
Severe acute respiratory syndrome coronavirus 2,5SRI,R9F,A,201,c1cc2c(cc1F)[nH]c3c2c(ncn3)N
Severe acute respiratory syndrome coronavirus 2,5SRJ,R9L,A,201,c1cc2c(cc1F)[nH]c3c2c(ncn3)NCC4CS(=O)(=O)C4
Severe acute respiratory syndrome coronavirus 2,5SRK,R9U,A,201,CS(=O)(=O)NC(=O)[C@H]1CN(CCO1)c2c3c4ccc(cc4[nH]c3ncn2)F
Severe acute respiratory syndrome coronavirus 2,5SRL,RA3,A,201,c1cc2c(cc1F)[nH]c3c2c(ncn3)N4C[C@H](O[C@H](C4)CO)CC(=O)O
Severe acute respiratory syndrome coronavirus 2,5SRM,RBB,A,202,CC1(CN(C[C@H](O1)CC(=O)O)c2c3c4ccccc4[nH]c3ncn2)C
Severe acute respiratory syndrome coronavirus 2,5SRM,RBB,A,201,CC1(CN(C[C@H](O1)CC(=O)O)c2c3c4ccccc4[nH]c3ncn2)C
Severe acute respiratory syndrome coronavirus 2,5SRN,RBO,A,201,c1ccc2c(c1)c3c([nH]2)ncnc3N4CCO[C@@H](C4)CC(=O)O
Severe acute respiratory syndrome coronavirus 2,5SRN,RC3,A,202,c1ccc2c(c1)c3c([nH]2)ncnc3N4CCO[C@H](C4)CC(=O)O
Severe acute respiratory syndrome coronavirus 2,5SRO,RCR,A,201,c1cc2c(cc1Br)[nH]c3c2c(ncn3)N4C[C@](C5(C4)CCC5)(C(=O)O)F
Severe acute respiratory syndrome coronavirus 2,5SRO,RD6,A,202,c1cc2c(cc1Br)[nH]c3c2c(ncn3)N4C[C@@](C5(C4)CCC5)(C(=O)O)F
Severe acute respiratory syndrome coronavirus 2,5SRP,TFA,A,202,C(=O)(C(F)(F)F)O
Severe acute respiratory syndrome coronavirus 2,5SRP,RDN,A,201,c1ccc2c(c1)c3c([nH]2)ncnc3N4C[C@@H](C5(C4)CCC5)C(=O)O
Severe acute respiratory syndrome coronavirus 2,5SRQ,RDU,A,201,c1cc2c(cc1F)[nH]c3c2c(ncn3)N4C[C@@H](OC5(C4)CCC5)CO
Severe acute respiratory syndrome coronavirus 2,5SRR,RF0,A,201,CO[C@@H]1CN(C[C@H](O1)CO)c2c3c4ccc(cc4[nH]c3ncn2)F
Severe acute respiratory syndrome coronavirus 2,5SRS,RFI,A,201,c1cc2c(cc1F)[nH]c3c2c(ncn3)N4CC[C@@H](C4)N5CCOC5=O
Severe acute respiratory syndrome coronavirus 2,5SRS,RFU,A,202,c1cc2c(cc1F)[nH]c3c2c(ncn3)N4CC[C@H](C4)N5CCOC5=O
Severe acute respiratory syndrome coronavirus 2,5SRT,RG5,A,201,c1cc2c(cc1F)[nH]c3c2c(ncn3)N4CCO[C@H](C4)c5[nH]nnn5
Severe acute respiratory syndrome coronavirus 2,5SRU,RGF,A,201,c1cc2c(cc1F)[nH]c3c2c(ncn3)N4C[C@H](C5(C4)CCC5)C(=O)O
Severe acute respiratory syndrome coronavirus 2,5SRV,RI3,A,201,c1cc2c(cc1F)[nH]c3c2c(ncn3)N4C[C@H]([C@@](C4)(C(=O)O)F)C5CC5
Severe acute respiratory syndrome coronavirus 2,5SRW,RI7,A,201,COC(=O)C[C@H]1CN(CCO1)c2c3c4ccc(cc4[nH]c3ncn2)F
Severe acute respiratory syndrome coronavirus 2,5SRX,RIK,A,201,c1cc2c(cc1F)[nH]c3c2c(ncn3)N4CCO[C@@H](C4)CCC(=O)O
Severe acute respiratory syndrome coronavirus 2,5SRY,RIW,A,201,c1cc2c(cc1F)[nH]c3c2c(ncn3)NN4CCCC4=O
Severe acute respiratory syndrome coronavirus 2,5SRZ,RIZ,A,201,c1cc2c(cc1F)[nH]c3c2c(ncn3)N[C@H]4CCCC[C@H]4C(=O)O
Severe acute respiratory syndrome coronavirus 2,5SRZ,RJ9,A,202,c1cc2c(cc1F)[nH]c3c2c(ncn3)N[C@@H]4CCCC[C@@H]4C(=O)O
Severe acute respiratory syndrome coronavirus 2,5SS0,RJL,A,201,COc1cc(cnc1)C(=O)NCCNC(=O)c2c(cccn2)O
Severe acute respiratory syndrome coronavirus 2,5SS1,RJS,A,201,c1ccn2c(c1)c(cn2)C(=O)NS(=O)(=O)Cc3ccc(c(c3)F)Br
Severe acute respiratory syndrome coronavirus 2,5SS2,RK0,A,201,Cc1ccc(cc1C#N)NS(=O)(=O)c2c(nc(s2)NC(=O)C)C
Severe acute respiratory syndrome coronavirus 2,5SS3,RK9,A,201,CCC(=O)Nc1nc(c(s1)S(=O)(=O)Nc2cccc(c2)C#N)C
Severe acute respiratory syndrome coronavirus 2,5SS4,RKI,A,201,c1cc(cc(c1)CNC(=O)c2c3c(ccs3)ncn2)CC(=O)O
Severe acute respiratory syndrome coronavirus 2,5SS5,RKU,A,201,c1cc(ccc1[C@H](CC(=O)O)NC(=O)c2cc(cc3c2nc[nH]3)F)Br
Severe acute respiratory syndrome coronavirus 2,5SS6,RL5,A,201,CCNc1ncc(s1)C(=O)NCCn2cc(nc2)C(=O)O
Severe acute respiratory syndrome coronavirus 2,5SS7,RL9,B,201,c1cc2c(cc[nH]2)cc1C(=O)NCc3cc(ccc3F)C(=O)O
Severe acute respiratory syndrome coronavirus 2,5SS8,RLN,A,201,c1cc(ccc1CC(=O)O)CNC(=O)c2ccnc3c2scc3
Severe acute respiratory syndrome coronavirus 2,5SS9,RLU,A,201,c1cc(ccc1[C@@H](CC(=O)O)NC(=O)c2c3cc[nH]c3ncn2)Br
Severe acute respiratory syndrome coronavirus 2,5SSA,RM6,A,201,c1csc2c1cc(nc2)C(=O)NCC3CC(C3)CC(=O)O
Severe acute respiratory syndrome coronavirus 2,5SSB,RMU,A,201,Cc1c(cc(o1)C(=O)N)S(=O)(=O)Nc2cc(c(nc2)Cl)C#N
Severe acute respiratory syndrome coronavirus 2,5SSC,RNC,A,201,CNc1cnc(cn1)C(=O)N2CC(C2)c3nc(on3)O
Severe acute respiratory syndrome coronavirus 2,5SSD,RNL,A,201,CN1C=Cn2c(nnc2C1=O)CCNC(=O)[C@H]3C[C@H]3C(=O)O
Severe acute respiratory syndrome coronavirus 2,5SSE,ROO,A,201,Cc1c(cc(o1)CNc2c3c4ccccc4[nH]c3ncn2)C(=O)O
Severe acute respiratory syndrome coronavirus 2,5SSF,RP0,A,201,Cc1c(cc(o1)C(=O)N)S(=O)(=O)Nc2ccc(c(c2)C#N)Br
Severe acute respiratory syndrome coronavirus 2,5SSG,RPU,A,201,C[C@H](Cc1ccco1)C(=O)N[C@H](CC(=O)O)c2ccc3c(c2)OCO3
Severe acute respiratory syndrome coronavirus 2,5SSH,RQ8,A,201,CC(c1cc(cnc1)C(=O)N[C@@H](Cc2cc(cnc2)Br)C(=O)O)(F)F
Severe acute respiratory syndrome coronavirus 2,5SSI,RQC,A,201,Cn1c2c(cn1)C(=O)NC(=N2)CCC(=O)N3CC[C@H](C3)C(=O)O
Severe acute respiratory syndrome coronavirus 2,5SSJ,RQI,A,201,c1c(c(cc2c1nc[nH]2)F)C(=O)NCCc3nc(cs3)C(=O)O
Severe acute respiratory syndrome coronavirus 2,5SSK,RQR,A,201,c1csc2c1c(ncn2)C(=O)N[C@@H]3C[C@@H](C=C3)C(=O)O
Severe acute respiratory syndrome coronavirus 2,5SSL,RR3,A,202,Cn1c2c(cn1)ncnc2NS(=O)(=O)Cc3ccc(cc3)CC#N
Severe acute respiratory syndrome coronavirus 2,5SSL,RR3,A,201,Cn1c2c(cn1)ncnc2NS(=O)(=O)Cc3ccc(cc3)CC#N
Severe acute respiratory syndrome coronavirus 2,5SSM,RS0,A,202,c1cc2c(c(c1)O)C[C@@H]([C@@H]2NC(=O)c3ccc4c(c3)nc[nH]4)C(=O)O
Severe acute respiratory syndrome coronavirus 2,5SSM,RRF,A,201,c1cc2c(c(c1)O)C[C@H]([C@H]2NC(=O)c3ccc4c(c3)nc[nH]4)C(=O)O
Severe acute respiratory syndrome coronavirus 2,5SSN,RS9,A,201,c1cc2c(c(c1)O)C[C@@H]([C@H]2NC(=O)c3ccc4c(c3)nc([nH]4)CO)C(=O)O
Severe acute respiratory syndrome coronavirus 2,5SSO,RSR,A,201,c1cc2c(cc1F)[nH]c3c2c(nc(n3)N)N4C[C@](C5(C4)CCC5)(C(=O)O)F
Severe acute respiratory syndrome coronavirus 2,5SSO,RT5,A,202,c1cc2c(cc1F)[nH]c3c2c(nc(n3)N)N4C[C@@](C5(C4)CCC5)(C(=O)O)F
Severe acute respiratory syndrome coronavirus 2,5SSP,RTI,A,201,c1cc2c(c(c1)O)C[C@@H]([C@@H]2NC(=O)c3ccc4c(c3)cc[nH]4)C(=O)O
Severe acute respiratory syndrome coronavirus 2,5SSP,RTU,A,202,c1cc2c(c(c1)O)C[C@H]([C@H]2NC(=O)c3ccc4c(c3)cc[nH]4)C(=O)O
Severe acute respiratory syndrome coronavirus 2,5SSQ,RV3,A,201,c1ccc2c(c1)c(c([nH]2)C(=O)O)CNC(=O)c3ccc4c(c3)nc[nH]4
Severe acute respiratory syndrome coronavirus 2,5SSR,RVF,A,201,c1ccc2c(c1)c(c([nH]2)C(=O)O)CNC(=O)c3ccc4c(c3)nc([nH]4)O
Severe acute respiratory syndrome coronavirus 2,6LU7,PJE,C,5,C1CNC(=O)[C@@H]1C[C@@H](/C=C/C(=O)O)N
Severe acute respiratory syndrome coronavirus 2,6LU7,010,C,6,c1ccc(cc1)CO
Severe acute respiratory syndrome coronavirus 2,6LU7,02J,C,1,Cc1cc(no1)C(=O)O
Severe acute respiratory syndrome coronavirus 2,6LZE,FHR,A,405,c1ccc2c(c1)cc([nH]2)C(=O)N[C@@H](CC3CCCCC3)C(=O)N[C@@H](C[C@@H]4CCNC4=O)C=O
Severe acute respiratory syndrome coronavirus 2,6M0K,FJC,A,405,c1ccc2c(c1)cc([nH]2)C(=O)N[C@@H](Cc3cccc(c3)F)C(=O)N[C@@H](C[C@@H]4CCNC4=O)C=O
Severe acute respiratory syndrome coronavirus 2,6M2N,3WL,A,401,c1ccc(cc1)C2=CC(=O)c3c(cc(c(c3O)O)O)O2
Severe acute respiratory syndrome coronavirus 2,6M2N,3WL,C,401,c1ccc(cc1)C2=CC(=O)c3c(cc(c(c3O)O)O)O2
Severe acute respiratory syndrome coronavirus 2,6M2N,3WL,D,401,c1ccc(cc1)C2=CC(=O)c3c(cc(c(c3O)O)O)O2
Severe acute respiratory syndrome coronavirus 2,6M2N,3WL,B,401,c1ccc(cc1)C2=CC(=O)c3c(cc(c(c3O)O)O)O2
Severe acute respiratory syndrome coronavirus 2,6W02,APR,A,201,c1nc(c2c(n1)n(cn2)[C@H]3[C@@H]([C@@H]([C@H](O3)CO[P@](=O)(O)O[P@](=O)(O)OC[C@@H]4[C@H]([C@H]([C@@H](O4)O)O)O)O)O)N
Severe acute respiratory syndrome coronavirus 2,6W02,APR,B,201,c1nc(c2c(n1)n(cn2)[C@H]3[C@@H]([C@@H]([C@H](O3)CO[P@](=O)(O)O[P@](=O)(O)OC[C@@H]4[C@H]([C@H]([C@@H](O4)O)O)O)O)O)N
Severe acute respiratory syndrome coronavirus 2,6W4H,SAM,A,7102,C[S@@+](CC[C@@H](C(=O)[O-])N)C[C@@H]1[C@H]([C@H]([C@@H](O1)n2cnc3c2ncnc3N)O)O
Severe acute respiratory syndrome coronavirus 2,6W61,SAM,A,7104,C[S@@+](CC[C@@H](C(=O)[O-])N)C[C@@H]1[C@H]([C@H]([C@@H](O1)n2cnc3c2ncnc3N)O)O
Severe acute respiratory syndrome coronavirus 2,6W63,X77,A,401,CC(C)(C)c1ccc(cc1)N([C@H](c2cccnc2)C(=O)NC3CCCCC3)C(=O)c4c[nH]cn4
Severe acute respiratory syndrome coronavirus 2,6W75,SAM,A,7102,C[S@@+](CC[C@@H](C(=O)[O-])N)C[C@@H]1[C@H]([C@H]([C@@H](O1)n2cnc3c2ncnc3N)O)O
Severe acute respiratory syndrome coronavirus 2,6W75,SAM,C,7105,C[S@@+](CC[C@@H](C(=O)[O-])N)C[C@@H]1[C@H]([C@H]([C@@H](O1)n2cnc3c2ncnc3N)O)O
Severe acute respiratory syndrome coronavirus 2,6W79,X77,A,402,CC(C)(C)c1ccc(cc1)N([C@H](c2cccnc2)C(=O)NC3CCCCC3)C(=O)c4c[nH]cn4
Severe acute respiratory syndrome coronavirus 2,6WJT,SAH,C,7102,c1nc(c2c(n1)n(cn2)[C@H]3[C@@H]([C@@H]([C@H](O3)CSCC[C@@H](C(=O)O)N)O)O)N
Severe acute respiratory syndrome coronavirus 2,6WJT,SAH,A,7102,c1nc(c2c(n1)n(cn2)[C@H]3[C@@H]([C@@H]([C@H](O3)CSCC[C@@H](C(=O)O)N)O)O)N
Severe acute respiratory syndrome coronavirus 2,6WKQ,SFG,C,7103,c1nc(c2c(n1)n(cn2)[C@H]3[C@@H]([C@@H]([C@H](O3)C[C@H](CC[C@@H](C(=O)O)N)N)O)O)N
Severe acute respiratory syndrome coronavirus 2,6WKQ,SFG,A,7103,c1nc(c2c(n1)n(cn2)[C@H]3[C@@H]([C@@H]([C@H](O3)C[C@H](CC[C@@H](C(=O)O)N)N)O)O)N
Severe acute respiratory syndrome coronavirus 2,6WLC,U5P,A,401,C1=CN(C(=O)NC1=O)[C@H]2[C@@H]([C@@H]([C@H](O2)COP(=O)(O)O)O)O
Severe acute respiratory syndrome coronavirus 2,6WLC,U5P,B,401,C1=CN(C(=O)NC1=O)[C@H]2[C@@H]([C@@H]([C@H](O2)COP(=O)(O)O)O)O
Severe acute respiratory syndrome coronavirus 2,6WNP,U5G,A,401,CC1([C@@H]2[C@H]1[C@H](N(C2)C(=O)[C@H](C(C)(C)C)NC(=O)NC(C)(C)C)C(=O)N[C@@H](CC3CCC3)[C@H](C(=O)N)O)C
Severe acute respiratory syndrome coronavirus 2,6WOJ,APR,B,201,c1nc(c2c(n1)n(cn2)[C@H]3[C@@H]([C@@H]([C@H](O3)CO[P@](=O)(O)O[P@](=O)(O)OC[C@@H]4[C@H]([C@H]([C@@H](O4)O)O)O)O)O)N
Severe acute respiratory syndrome coronavirus 2,6WOJ,APR,D,201,c1nc(c2c(n1)n(cn2)[C@H]3[C@@H]([C@@H]([C@H](O3)CO[P@](=O)(O)O[P@](=O)(O)OC[C@@H]4[C@H]([C@H]([C@@H](O4)O)O)O)O)O)N
Severe acute respiratory syndrome coronavirus 2,6WOJ,APR,A,201,c1nc(c2c(n1)n(cn2)[C@H]3[C@@H]([C@@H]([C@H](O3)CO[P@](=O)(O)O[P@](=O)(O)OC[C@@H]4[C@H]([C@H]([C@@H](O4)O)O)O)O)O)N
Severe acute respiratory syndrome coronavirus 2,6WOJ,APR,C,201,c1nc(c2c(n1)n(cn2)[C@H]3[C@@H]([C@@H]([C@H](O3)CO[P@](=O)(O)O[P@](=O)(O)OC[C@@H]4[C@H]([C@H]([C@@H](O4)O)O)O)O)O)N
Severe acute respiratory syndrome coronavirus 2,6WQ3,SAH,A,7101,c1nc(c2c(n1)n(cn2)[C@H]3[C@@H]([C@@H]([C@H](O3)CSCC[C@@H](C(=O)O)N)O)O)N
Severe acute respiratory syndrome coronavirus 2,6WQ3,GTA,A,7102,C[n+]1cn(c2c1C(=O)NC(=N2)N)[C@H]3[C@@H]([C@@H]([C@H](O3)CO[P@@](=O)(O)O[P@@](=O)(O)O[P@@](=O)(O)OC[C@@H]4[C@H]([C@H]([C@@H](O4)n5cnc6c5ncnc6N)O)O)O)O
Severe acute respiratory syndrome coronavirus 2,6WRZ,SAH,A,7101,c1nc(c2c(n1)n(cn2)[C@H]3[C@@H]([C@@H]([C@H](O3)CSCC[C@@H](C(=O)O)N)O)O)N
Severe acute respiratory syndrome coronavirus 2,6WRZ,GTA,A,7102,C[n+]1cn(c2c1C(=O)NC(=N2)N)[C@H]3[C@@H]([C@@H]([C@H](O3)CO[P@@](=O)(O)O[P@@](=O)(O)O[P@@](=O)(O)OC[C@@H]4[C@H]([C@H]([C@@H](O4)n5cnc6c5ncnc6N)O)O)O)O
Severe acute respiratory syndrome coronavirus 2,6WRZ,MGP,A,7103,C[n+]1cn(c2c1C(=O)NC(=N2)N)[C@H]3[C@@H]([C@@H]([C@H](O3)CO[P@@](=O)(O)O[P@@](=O)(O)OP(=O)(O)O)O)O
Severe acute respiratory syndrome coronavirus 2,6WTJ,K36,A,401,CC(C)C[C@@H](C(=O)N[C@@H](C[C@@H]1CCNC1=O)[C@@H](O)S(=O)(=O)O)NC(=O)OCc2ccccc2
Severe acute respiratory syndrome coronavirus 2,6WTK,UED,A,401,CC(C)C[C@@H](C(=O)N[C@@H](C[C@@H]1CCNC1=O)CO)NC(=O)OCc2ccccc2
Severe acute respiratory syndrome coronavirus 2,6WTT,K36,B,401,CC(C)C[C@@H](C(=O)N[C@@H](C[C@@H]1CCNC1=O)[C@@H](O)S(=O)(=O)O)NC(=O)OCc2ccccc2
Severe acute respiratory syndrome coronavirus 2,6WTT,K36,A,401,CC(C)C[C@@H](C(=O)N[C@@H](C[C@@H]1CCNC1=O)[C@@H](O)S(=O)(=O)O)NC(=O)OCc2ccccc2
Severe acute respiratory syndrome coronavirus 2,6WTT,B1S,C,401,CC(C)C[C@@H](C(=O)N[C@@H](C[C@@H]1CCNC1=O)C(O)S(=O)(=O)O)NC(=O)OCc2ccccc2
Severe acute respiratory syndrome coronavirus 2,6WVN,MGP,A,7114,C[n+]1cn(c2c1C(=O)NC(=N2)N)[C@H]3[C@@H]([C@@H]([C@H](O3)CO[P@@](=O)(O)O[P@@](=O)(O)OP(=O)(O)O)O)O
Severe acute respiratory syndrome coronavirus 2,6WVN,GTA,A,7113,C[n+]1cn(c2c1C(=O)NC(=N2)N)[C@H]3[C@@H]([C@@H]([C@H](O3)CO[P@@](=O)(O)O[P@@](=O)(O)O[P@@](=O)(O)OC[C@@H]4[C@H]([C@H]([C@@H](O4)n5cnc6c5ncnc6N)O)O)O)O
Severe acute respiratory syndrome coronavirus 2,6WVN,SAM,A,7112,C[S@@+](CC[C@@H](C(=O)[O-])N)C[C@@H]1[C@H]([C@H]([C@@H](O1)n2cnc3c2ncnc3N)O)O
Severe acute respiratory syndrome coronavirus 2,6WXC,CMU,A,401,[H]/N=C\1/CCCN1CC2=C(C(=O)NC(=O)N2)Cl
Severe acute respiratory syndrome coronavirus 2,6WXC,CMU,B,401,[H]/N=C\1/CCCN1CC2=C(C(=O)NC(=O)N2)Cl
Severe acute respiratory syndrome coronavirus 2,6X4I,U3P,B,401,C1=CN(C(=O)NC1=O)[C@H]2[C@@H]([C@@H]([C@H](O2)CO)OP(=O)(O)O)O
Severe acute respiratory syndrome coronavirus 2,6X4I,U3P,A,401,C1=CN(C(=O)NC1=O)[C@H]2[C@@H]([C@@H]([C@H](O2)CO)OP(=O)(O)O)O
Severe acute respiratory syndrome coronavirus 2,6XA4,UXS,B,4,CSCC[C@@H](CO)N
Severe acute respiratory syndrome coronavirus 2,6XA9,AYE,D,157,C=CCN
Severe acute respiratory syndrome coronavirus 2,6XA9,AYE,B,157,C=CCN
Severe acute respiratory syndrome coronavirus 2,6XA9,AYE,F,157,C=CCN
Severe acute respiratory syndrome coronavirus 2,6XAA,AYE,B,76,C=CCN
Severe acute respiratory syndrome coronavirus 2,6XBH,ELL,C,3,C1CNC(=O)[C@@H]1C[C@@H](C=O)N
Severe acute respiratory syndrome coronavirus 2,6XCH,AR7,C,4,C(C[C@@H](C(O)O)N)CNC(=[NH2+])N
Severe acute respiratory syndrome coronavirus 2,6XEZ,AF3,F,1004,F[Al](F)F
Severe acute respiratory syndrome coronavirus 2,6XEZ,1N7,A,1006,C[C@H](CCC(=O)NCCC[N+](C)(C)CC(CS(=O)(=O)O)O)[C@H]1CC[C@@H]2[C@@]1([C@H](C[C@H]3[C@H]2[C@@H](C[C@H]4[C@@]3(CC[C@H](C4)O)C)O)O)C
Severe acute respiratory syndrome coronavirus 2,6XEZ,AF3,E,705,F[Al](F)F
Severe acute respiratory syndrome coronavirus 2,6XEZ,1N7,A,1005,C[C@H](CCC(=O)NCCC[N+](C)(C)CC(CS(=O)(=O)O)O)[C@H]1CC[C@@H]2[C@@]1([C@H](C[C@H]3[C@H]2[C@@H](C[C@H]4[C@@]3(CC[C@H](C4)O)C)O)O)C
Severe acute respiratory syndrome coronavirus 2,6XEZ,1N7,E,707,C[C@H](CCC(=O)NCCC[N+](C)(C)CC(CS(=O)(=O)O)O)[C@H]1CC[C@@H]2[C@@]1([C@H](C[C@H]3[C@H]2[C@@H](C[C@H]4[C@@]3(CC[C@H](C4)O)C)O)O)C
Severe acute respiratory syndrome coronavirus 2,6XFN,V1V,B,3,CCC[C@@H]([C@@H](C(=O)O)O)N
Severe acute respiratory syndrome coronavirus 2,6XFN,APY,B,4,c1ccnc(c1)CN
Severe acute respiratory syndrome coronavirus 2,6XHM,V2M,A,9001,CC(C)C[C@@H](C(=O)N[C@@H](C[C@@H]1CCNC1=O)[C@@H](CO)O)NC(=O)c2cc3c([nH]2)cccc3OC
Severe acute respiratory syndrome coronavirus 2,6XHM,V2M,B,9001,CC(C)C[C@@H](C(=O)N[C@@H](C[C@@H]1CCNC1=O)[C@@H](CO)O)NC(=O)c2cc3c([nH]2)cccc3OC
Severe acute respiratory syndrome coronavirus 2,6XKF,CSX,B,145,C([C@@H](C(=O)O)N)[S@H]=O
Severe acute respiratory syndrome coronavirus 2,6XKF,CSX,A,145,C([C@@H](C(=O)O)N)[S@H]=O
Severe acute respiratory syndrome coronavirus 2,6XKM,SAM,A,7102,C[S@@+](CC[C@@H](C(=O)[O-])N)C[C@@H]1[C@H]([C@H]([C@@H](O1)n2cnc3c2ncnc3N)O)O
Severe acute respiratory syndrome coronavirus 2,6XMK,QYS,A,401,CC(C)C[C@@H](C(=O)N[C@@H](C[C@@H]1CCNC1=O)C(O)S(=O)(=O)O)NC(=O)OCC2CCC(CC2)(F)F
Severe acute respiratory syndrome coronavirus 2,6XMK,QYS,B,401,CC(C)C[C@@H](C(=O)N[C@@H](C[C@@H]1CCNC1=O)C(O)S(=O)(=O)O)NC(=O)OCC2CCC(CC2)(F)F
Severe acute respiratory syndrome coronavirus 2,6XQS,SV6,A,401,CCC[C@@H]([C@H](C(=O)NC1CC1)O)NC(=O)[C@@H]2[C@H]3CCC[C@H]3CN2C(=O)[C@H](C(C)(C)C)NC(=O)[C@H](C4CCCCC4)NC(=O)c5cnccn5
Severe acute respiratory syndrome coronavirus 2,6XQT,NNA,B,401,CCCC[C@@H]([C@H](C(=O)NC1CC1)O)NC(=O)[C@@H]2[C@@H]3[C@@H](C3(C)C)CN2C(=O)[C@H](C(C)(C)C)NC(=O)NC4(CCCCC4)CS(=O)(=O)C(C)(C)C
Severe acute respiratory syndrome coronavirus 2,6XQT,NNA,A,401,CCCC[C@@H]([C@H](C(=O)NC1CC1)O)NC(=O)[C@@H]2[C@@H]3[C@@H](C3(C)C)CN2C(=O)[C@H](C(C)(C)C)NC(=O)NC4(CCCCC4)CS(=O)(=O)C(C)(C)C
Severe acute respiratory syndrome coronavirus 2,6XQU,U5G,A,401,CC1([C@@H]2[C@H]1[C@H](N(C2)C(=O)[C@H](C(C)(C)C)NC(=O)NC(C)(C)C)C(=O)N[C@@H](CC3CCC3)[C@H](C(=O)N)O)C
Severe acute respiratory syndrome coronavirus 2,6XR3,V7G,A,401,CC(C)C[C@@H](C(=O)N[C@@H](C[C@@H]1CCNC1=O)[C@@H](c2nc3ccccc3s2)O)NC(=O)c4cc5c([nH]4)cccc5OC
Severe acute respiratory syndrome coronavirus 2,6Y2F,O6K,A,502,CC(C)(C)OC(=O)NC1=CC=CN(C1=O)[C@@H](CC2CC2)C(=O)N[C@@H](C[C@@H]3CCNC3=O)[C@H](C(=O)NCc4ccccc4)O
Severe acute respiratory syndrome coronavirus 2,6Y2G,O6K,A,694,CC(C)(C)OC(=O)NC1=CC=CN(C1=O)[C@@H](CC2CC2)C(=O)N[C@@H](C[C@@H]3CCNC3=O)[C@H](C(=O)NCc4ccccc4)O
Severe acute respiratory syndrome coronavirus 2,6Y2G,O6K,B,621,CC(C)(C)OC(=O)NC1=CC=CN(C1=O)[C@@H](CC2CC2)C(=O)N[C@@H](C[C@@H]3CCNC3=O)[C@H](C(=O)NCc4ccccc4)O
Severe acute respiratory syndrome coronavirus 2,6YLA,MLI,H,305,C(C(=O)[O-])C(=O)[O-]
Severe acute respiratory syndrome coronavirus 2,6YLA,MLI,C,304,C(C(=O)[O-])C(=O)[O-]
Severe acute respiratory syndrome coronavirus 2,6YLA,MLI,H,301,C(C(=O)[O-])C(=O)[O-]
Severe acute respiratory syndrome coronavirus 2,6YLA,MLI,B,302,C(C(=O)[O-])C(=O)[O-]
Severe acute respiratory syndrome coronavirus 2,6YLA,MLI,C,306,C(C(=O)[O-])C(=O)[O-]
Severe acute respiratory syndrome coronavirus 2,6YLA,MLI,H,304,C(C(=O)[O-])C(=O)[O-]
Severe acute respiratory syndrome coronavirus 2,6YLA,MLI,C,305,C(C(=O)[O-])C(=O)[O-]
Severe acute respiratory syndrome coronavirus 2,6YLA,MLI,E,903,C(C(=O)[O-])C(=O)[O-]
Severe acute respiratory syndrome coronavirus 2,6YLA,MLI,E,908,C(C(=O)[O-])C(=O)[O-]
Severe acute respiratory syndrome coronavirus 2,6YLA,PG0,A,902,COCCOCCO
Severe acute respiratory syndrome coronavirus 2,6YLA,MLI,B,303,C(C(=O)[O-])C(=O)[O-]
Severe acute respiratory syndrome coronavirus 2,6YLA,MLI,B,301,C(C(=O)[O-])C(=O)[O-]
Severe acute respiratory syndrome coronavirus 2,6YLA,MLI,B,304,C(C(=O)[O-])C(=O)[O-]
Severe acute respiratory syndrome coronavirus 2,6YNQ,P6N,A,401,C[C@H]1CCc2ccccc2C1=O
Severe acute respiratory syndrome coronavirus 2,6YVF,A82,A,401,CC1=CN2C(=O)C=C(N=C2C(=C1)[C@@H](C)Nc3ccccc3C(=O)O)N4CCOCC4
Severe acute respiratory syndrome coronavirus 2,6YWL,APR,D,201,c1nc(c2c(n1)n(cn2)[C@H]3[C@@H]([C@@H]([C@H](O3)CO[P@](=O)(O)O[P@](=O)(O)OC[C@@H]4[C@H]([C@H]([C@@H](O4)O)O)O)O)O)N
Severe acute respiratory syndrome coronavirus 2,6YWL,APR,C,201,c1nc(c2c(n1)n(cn2)[C@H]3[C@@H]([C@@H]([C@H](O3)CO[P@](=O)(O)O[P@](=O)(O)OC[C@@H]4[C@H]([C@H]([C@@H](O4)O)O)O)O)O)N
Severe acute respiratory syndrome coronavirus 2,6YWL,APR,A,201,c1nc(c2c(n1)n(cn2)[C@H]3[C@@H]([C@@H]([C@H](O3)CO[P@](=O)(O)O[P@](=O)(O)OC[C@@H]4[C@H]([C@H]([C@@H](O4)O)O)O)O)O)N
Severe acute respiratory syndrome coronavirus 2,6YWL,APR,B,201,c1nc(c2c(n1)n(cn2)[C@H]3[C@@H]([C@@H]([C@H](O3)CO[P@](=O)(O)O[P@](=O)(O)OC[C@@H]4[C@H]([C@H]([C@@H](O4)O)O)O)O)O)N
Severe acute respiratory syndrome coronavirus 2,6YWL,APR,E,201,c1nc(c2c(n1)n(cn2)[C@H]3[C@@H]([C@@H]([C@H](O3)CO[P@](=O)(O)O[P@](=O)(O)OC[C@@H]4[C@H]([C@H]([C@@H](O4)O)O)O)O)O)N
Severe acute respiratory syndrome coronavirus 2,6YZ1,SFG,A,301,c1nc(c2c(n1)n(cn2)[C@H]3[C@@H]([C@@H]([C@H](O3)C[C@H](CC[C@@H](C(=O)O)N)N)O)O)N
Severe acute respiratory syndrome coronavirus 2,6Z4U,15P,B,100,COCCOCCOCCOCCOCCOCCOCCOCCOCCOCCOCCOCCOCCOCCOCCOCCOCCOCCOCCOCCOCCOCCOCCOCCOCCOCCOCCOCCOCCOCCOCCOCCOCCOCCO
Severe acute respiratory syndrome coronavirus 2,6Z5T,APR,A,401,c1nc(c2c(n1)n(cn2)[C@H]3[C@@H]([C@@H]([C@H](O3)CO[P@](=O)(O)O[P@](=O)(O)OC[C@@H]4[C@H]([C@H]([C@@H](O4)O)O)O)O)O)N
Severe acute respiratory syndrome coronavirus 2,6Z5T,APR,B,401,c1nc(c2c(n1)n(cn2)[C@H]3[C@@H]([C@@H]([C@H](O3)CO[P@](=O)(O)O[P@](=O)(O)OC[C@@H]4[C@H]([C@H]([C@@H](O4)O)O)O)O)O)N
Severe acute respiratory syndrome coronavirus 2,6Z6I,A1R,D,401,c1nc(c2c(n1)n(cn2)[C@H]3[C@@H]([C@@H]([C@H](O3)CO[P@](=O)(O)O[P@@](=O)(O)OC[C@@H]4[C@H]([C@H](CN4)O)O)O)O)N
Severe acute respiratory syndrome coronavirus 2,6Z6I,A1R,B,401,c1nc(c2c(n1)n(cn2)[C@H]3[C@@H]([C@@H]([C@H](O3)CO[P@](=O)(O)O[P@@](=O)(O)OC[C@@H]4[C@H]([C@H](CN4)O)O)O)O)N
Severe acute respiratory syndrome coronavirus 2,6Z6I,A1R,A,406,c1nc(c2c(n1)n(cn2)[C@H]3[C@@H]([C@@H]([C@H](O3)CO[P@](=O)(O)O[P@@](=O)(O)OC[C@@H]4[C@H]([C@H](CN4)O)O)O)O)N
Severe acute respiratory syndrome coronavirus 2,6Z6I,MPO,B,403,C1COCCN1CCCS(=O)(=O)O
Severe acute respiratory syndrome coronavirus 2,6Z6I,A1R,C,401,c1nc(c2c(n1)n(cn2)[C@H]3[C@@H]([C@@H]([C@H](O3)CO[P@](=O)(O)O[P@@](=O)(O)OC[C@@H]4[C@H]([C@H](CN4)O)O)O)O)N
Severe acute respiratory syndrome coronavirus 2,6Z6I,A1R,C,407,c1nc(c2c(n1)n(cn2)[C@H]3[C@@H]([C@@H]([C@H](O3)CO[P@](=O)(O)O[P@@](=O)(O)OC[C@@H]4[C@H]([C@H](CN4)O)O)O)O)N
Severe acute respiratory syndrome coronavirus 2,6Z6I,A1R,A,401,c1nc(c2c(n1)n(cn2)[C@H]3[C@@H]([C@@H]([C@H](O3)CO[P@](=O)(O)O[P@@](=O)(O)OC[C@@H]4[C@H]([C@H](CN4)O)O)O)O)N
Severe acute respiratory syndrome coronavirus 2,6Z72,A3R,B,401,c1nc(c2c(n1)n(cn2)[C@H]3[C@@H]([C@@H]([C@H](O3)COP(=O)(O)OP(=O)(O)OC[C@@H]4C[C@H](CN4)O)O)O)N
Severe acute respiratory syndrome coronavirus 2,6Z72,A3R,A,401,c1nc(c2c(n1)n(cn2)[C@H]3[C@@H]([C@@H]([C@H](O3)COP(=O)(O)OP(=O)(O)OC[C@@H]4C[C@H](CN4)O)O)O)N
Severe acute respiratory syndrome coronavirus 2,6Z72,A3R,C,401,c1nc(c2c(n1)n(cn2)[C@H]3[C@@H]([C@@H]([C@H](O3)COP(=O)(O)OP(=O)(O)OC[C@@H]4C[C@H](CN4)O)O)O)N
Severe acute respiratory syndrome coronavirus 2,6Z72,A3R,D,401,c1nc(c2c(n1)n(cn2)[C@H]3[C@@H]([C@@H]([C@H](O3)COP(=O)(O)OP(=O)(O)OC[C@@H]4C[C@H](CN4)O)O)O)N
Severe acute respiratory syndrome coronavirus 2,6Z72,MLT,D,402,C([C@H](C(=O)O)O)C(=O)O
Severe acute respiratory syndrome coronavirus 2,6ZB4,EIC,C,1407,CCCCC\C=C/C\C=C/CCCCCCCC(=O)O
Severe acute respiratory syndrome coronavirus 2,6ZB4,EIC,A,2110,CCCCC\C=C/C\C=C/CCCCCCCC(=O)O
Severe acute respiratory syndrome coronavirus 2,6ZB4,EIC,B,1311,CCCCC\C=C/C\C=C/CCCCCCCC(=O)O
Severe acute respiratory syndrome coronavirus 2,6ZB5,EIC,C,1407,CCCCC\C=C/C\C=C/CCCCCCCC(=O)O
Severe acute respiratory syndrome coronavirus 2,6ZB5,EIC,B,1310,CCCCC\C=C/C\C=C/CCCCCCCC(=O)O
Severe acute respiratory syndrome coronavirus 2,6ZB5,EIC,B,1309,CCCCC\C=C/C\C=C/CCCCCCCC(=O)O
Severe acute respiratory syndrome coronavirus 2,6ZOZ,BLA,B,1314,Cc1c(c([nH]c1\C=C/2\C(=C(C(=O)N2)C=C)C)\C=C/3\C(=C(C(=N3)\C=C/4\C(=C(C(=O)N4)C)C=C)C)CCC(=O)O)CCC(=O)O
Severe acute respiratory syndrome coronavirus 2,6ZOZ,BLA,C,1314,Cc1c(c([nH]c1\C=C/2\C(=C(C(=O)N2)C=C)C)\C=C/3\C(=C(C(=N3)\C=C/4\C(=C(C(=O)N4)C)C=C)C)CCC(=O)O)CCC(=O)O
Severe acute respiratory syndrome coronavirus 2,6ZOZ,BLA,A,1314,Cc1c(c([nH]c1\C=C/2\C(=C(C(=O)N2)C=C)C)\C=C/3\C(=C(C(=N3)\C=C/4\C(=C(C(=O)N4)C)C=C)C)CCC(=O)O)CCC(=O)O
Severe acute respiratory syndrome coronavirus 2,6ZP2,BLA,C,2101,Cc1c(c([nH]c1\C=C/2\C(=C(C(=O)N2)C=C)C)\C=C/3\C(=C(C(=N3)\C=C/4\C(=C(C(=O)N4)C)C=C)C)CCC(=O)O)CCC(=O)O
Severe acute respiratory syndrome coronavirus 2,6ZP2,EIC,A,2116,CCCCC\C=C/C\C=C/CCCCCCCC(=O)O
Severe acute respiratory syndrome coronavirus 2,6ZP2,EIC,B,2112,CCCCC\C=C/C\C=C/CCCCCCCC(=O)O
Severe acute respiratory syndrome coronavirus 2,6ZP2,EIC,A,2112,CCCCC\C=C/C\C=C/CCCCCCCC(=O)O
Severe acute respiratory syndrome coronavirus 2,6ZP2,BLA,B,2101,Cc1c(c([nH]c1\C=C/2\C(=C(C(=O)N2)C=C)C)\C=C/3\C(=C(C(=N3)\C=C/4\C(=C(C(=O)N4)C)C=C)C)CCC(=O)O)CCC(=O)O
Severe acute respiratory syndrome coronavirus 2,6ZP2,BLA,A,2101,Cc1c(c([nH]c1\C=C/2\C(=C(C(=O)N2)C=C)C)\C=C/3\C(=C(C(=N3)\C=C/4\C(=C(C(=O)N4)C)C=C)C)CCC(=O)O)CCC(=O)O
Severe acute respiratory syndrome coronavirus 2,6ZRT,SV6,A,602,CCC[C@@H]([C@H](C(=O)NC1CC1)O)NC(=O)[C@@H]2[C@H]3CCC[C@H]3CN2C(=O)[C@H](C(C)(C)C)NC(=O)[C@H](C4CCCCC4)NC(=O)c5cnccn5
Severe acute respiratory syndrome coronavirus 2,6ZRU,U5G,A,503,CC1([C@@H]2[C@H]1[C@H](N(C2)C(=O)[C@H](C(C)(C)C)NC(=O)NC(C)(C)C)C(=O)N[C@@H](CC3CCC3)[C@H](C(=O)N)O)C
Severe acute respiratory syndrome coronavirus 2,7A1U,FUA,A,401,C[C@H]1[C@@H]2CC[C@]3([C@H]([C@]2(CC[C@H]1O)C)[C@@H](C[C@@H]\4[C@@]3(C[C@@H](/C4=C(/CCC=C(C)C)\C(=O)O)OC(=O)C)C)O)C
Severe acute respiratory syndrome coronavirus 2,7AAP,POP,A,1005,O[P@@](=O)([O-])O[P@@](=O)(O)[O-]
Severe acute respiratory syndrome coronavirus 2,7AAP,GE6,T,1601,C1=C(N=C(C(=O)N1[C@H]2[C@@H]([C@@H]([C@H](O2)COP(=O)(O)OP(=O)(O)OP(=O)(O)O)O)O)C(=O)N)F
Severe acute respiratory syndrome coronavirus 2,7ABU,R6Q,A,401,c1ccc2c(c1)C3(CCN(CC3)CCc4ccc(cc4)C(F)(F)F)OC(=O)N2
Severe acute respiratory syndrome coronavirus 2,7ADW,R7Q,A,504,Cc1ccc(cc1)C(=O)C(C)C
Severe acute respiratory syndrome coronavirus 2,7AEG,CF0,B,5,CF
Severe acute respiratory syndrome coronavirus 2,7AEG,PHQ,B,1,c1ccc(cc1)COC(=O)Cl
Severe acute respiratory syndrome coronavirus 2,7AEH,R8H,A,405,c1ccc(cc1)C[C@H]([C@@H](C(=O)NCc2ccccn2)O)NC(=O)[C@H]3CCC(=O)N3Cc4ccccc4
Severe acute respiratory syndrome coronavirus 2,7AF0,R9W,A,504,C1CCc2c(c(c3c(n2)CCC3)N)C1
Severe acute respiratory syndrome coronavirus 2,7AGA,LZE,A,401,c1cc(c(c(c1)Cl)C(=O)Nc2c[nH]nc2C(=O)NC3CCNCC3)Cl
Severe acute respiratory syndrome coronavirus 2,7AHA,SIN,A,409,C(CC(=O)O)C(=O)O
Severe acute respiratory syndrome coronavirus 2,7AKU,EJM,C,3,CCCC[C@@H](C=O)N
Severe acute respiratory syndrome coronavirus 2,7AMJ,RMZ,A,409,Cc1ccc(cc1C)N2CCN(CC2)CC[C@H]3c4ccccc4C(=O)N3
Severe acute respiratory syndrome coronavirus 2,7ANS,RNW,A,405,c1ccc(cc1)C(c2ccccc2)S(=O)CC(=O)NO
Severe acute respiratory syndrome coronavirus 2,7AOL,RQH,A,403,CC(C)(C)C(=O)[C@@H](n1ccnc1)Oc2ccc(cc2)Cl
Severe acute respiratory syndrome coronavirus 2,7AP6,RQN,A,401,CCc1cc(c(cc1F)Oc2ccc(cc2F)C(=O)N)O
Severe acute respiratory syndrome coronavirus 2,7AQE,RV5,A,404,c1cc2c(cc1NC(=O)NCC(=O)N3CCCCC3)snn2
Severe acute respiratory syndrome coronavirus 2,7AQI,QEL,A,401,C[C@@H](C(c1ccc(cc1)O)O)N2CCC(CC2)Cc3ccccc3
Severe acute respiratory syndrome coronavirus 2,7AQJ,RV8,A,402,C1[C@@H](O1)CN2C(=O)N(C(=O)N(C2=O)C[C@H]3CO3)C[C@H]4CO4
Severe acute respiratory syndrome coronavirus 2,7AQJ,S7H,A,401,C[C@H](CN1C(=O)N(C(=O)N(C1=O)C[C@@H]2CO2)C[C@H]3CO3)O
Severe acute respiratory syndrome coronavirus 2,7ARF,RVW,A,401,C([C@H]1[C@@H]([C@H]([C@@H]([C@@H](O1)S)O)O)O)O
Severe acute respiratory syndrome coronavirus 2,7AU4,RY5,A,403,c1cc2c(cc1Cl)CC[C@@]23C(=O)N(C(=O)N3)Cc4ccon4
Severe acute respiratory syndrome coronavirus 2,7AVD,S1W,B,401,CN(C)c1cccc(c1)Oc2cnc(nc2)Nc3cccc(c3)O
Severe acute respiratory syndrome coronavirus 2,7AWR,S7W,A,401,C1C[C@@H](OC1)N2C=C(C(=O)NC2=O)F
Severe acute respiratory syndrome coronavirus 2,7AWS,S8E,A,401,CCN[P@](=O)(NCCBr)OCc1cnc(n1C)N(O)O
Severe acute respiratory syndrome coronavirus 2,7AWU,S8B,A,501,CC(C)NC(=O)c1ccc(cn1)C#Cc2ccncc2
Severe acute respiratory syndrome coronavirus 2,7AWW,CLU,A,401,c1cc(c(c(c1)Cl)N=C2NCCN2)Cl
Severe acute respiratory syndrome coronavirus 2,7AX6,S8H,A,401,CC(C)OC(=O)CNC(=O)[C@@H](CS)NC(=O)CC[C@@H](C(=O)O)N
Severe acute respiratory syndrome coronavirus 2,7AXM,93J,A,502,CCOc1cc2c(cc1NC(=O)/C=C/CN(C)C)c(c(cn2)C#N)Nc3ccc(c(c3)Cl)F
Severe acute respiratory syndrome coronavirus 2,7AXO,QCP,A,506,CC(C)[C@@H](c1ccccc1)C(=O)Nc2ccc(cc2)C(=O)NO
Severe acute respiratory syndrome coronavirus 2,7AY7,S8T,A,401,CC(C)c1ccc2c(c1)CCc3ccc(cc3S2)F
Severe acute respiratory syndrome coronavirus 2,7AY7,S8T,A,402,CC(C)c1ccc2c(c1)CCc3ccc(cc3S2)F
Severe acute respiratory syndrome coronavirus 2,7B2J,SQ2,A,401,CC1CCN(CC1)C(=O)Cn2c3ccccc3nn2
Severe acute respiratory syndrome coronavirus 2,7B2U,SQ5,A,401,c1c(cncc1F)N2C(=O)[C@@H](NC2=O)CC3CCCCC3
Severe acute respiratory syndrome coronavirus 2,7B2U,SQ5,B,401,c1c(cncc1F)N2C(=O)[C@@H](NC2=O)CC3CCCCC3
Severe acute respiratory syndrome coronavirus 2,7B3B,F86,P,13,c1cc(n2c1c(ncn2)N)[C@]3([C@@H]([C@@H]([C@H](O3)COP(=O)(O)O)O)O)C#N
Severe acute respiratory syndrome coronavirus 2,7B3C,F86,P,12,c1cc(n2c1c(ncn2)N)[C@]3([C@@H]([C@@H]([C@H](O3)COP(=O)(O)O)O)O)C#N
Severe acute respiratory syndrome coronavirus 2,7B3E,MYC,A,407,c1c(cc(c(c1O)O)O)C2=C(C(=O)c3c(cc(cc3O2)O)O)O
Severe acute respiratory syndrome coronavirus 2,7B3E,MYC,B,606,c1c(cc(c(c1O)O)O)C2=C(C(=O)c3c(cc(cc3O2)O)O)O
Severe acute respiratory syndrome coronavirus 2,7B5Z,SYH,A,405,C=C1CCN(CC1)C(=O)Cn2c3ccccc3nn2
Severe acute respiratory syndrome coronavirus 2,7B62,BLA,A,1301,Cc1c(c([nH]c1\C=C/2\C(=C(C(=O)N2)C=C)C)\C=C/3\C(=C(C(=N3)\C=C/4\C(=C(C(=O)N4)C)C=C)C)CCC(=O)O)CCC(=O)O
Severe acute respiratory syndrome coronavirus 2,7B77,T0W,A,405,CCN(Cc1ccoc1)C(=O)Cn2c3ccccc3nn2
Severe acute respiratory syndrome coronavirus 2,7B83,PK8,A,401,c1cc[n+]2c(c1)S[Zn]O2
Severe acute respiratory syndrome coronavirus 2,7BAK,SE,A,401,[SeH2]
Severe acute respiratory syndrome coronavirus 2,7BAL,SE,A,401,[SeH2]
Severe acute respiratory syndrome coronavirus 2,7BE7,ALD,A,401,CC(C)C[C@@H](CO)NC(=O)[C@H](CC(C)C)NC(=O)[C@H](CC(C)C)NC(=O)OCc1ccccc1
Severe acute respiratory syndrome coronavirus 2,7BE7,ALD,B,702,CC(C)C[C@@H](CO)NC(=O)[C@H](CC(C)C)NC(=O)[C@H](CC(C)C)NC(=O)OCc1ccccc1
Severe acute respiratory syndrome coronavirus 2,7BEM,PRO,E,803,C1C[C@H](NC1)C(=O)O
Severe acute respiratory syndrome coronavirus 2,7BEM,PRO,E,802,C1C[C@H](NC1)C(=O)O
Severe acute respiratory syndrome coronavirus 2,7BEM,PRO,E,805,C1C[C@H](NC1)C(=O)O
Severe acute respiratory syndrome coronavirus 2,7BEM,PRO,E,804,C1C[C@H](NC1)C(=O)O
Severe acute respiratory syndrome coronavirus 2,7BEN,PG6,F,402,COCCOCCOCCOCCOCCOC
Severe acute respiratory syndrome coronavirus 2,7BEN,PG6,L,301,COCCOCCOCCOCCOCCOC
Severe acute respiratory syndrome coronavirus 2,7BF4,5GP,A,201,c1nc2c(n1[C@H]3[C@@H]([C@@H]([C@H](O3)COP(=O)(O)O)O)O)N=C(NC2=O)N
Severe acute respiratory syndrome coronavirus 2,7BF5,A2R,C,202,c1nc(c2c(n1)n(cn2)[C@H]3[C@@H]([C@@H]([C@H](O3)CO[P@](=O)(O)O[P@@](=O)(O)OC[C@@H]4[C@H]([C@H]([C@@H](O4)O)O)O)O)OP(=O)(O)O)N
Severe acute respiratory syndrome coronavirus 2,7BF5,A2R,A,202,c1nc(c2c(n1)n(cn2)[C@H]3[C@@H]([C@@H]([C@H](O3)CO[P@](=O)(O)O[P@@](=O)(O)OC[C@@H]4[C@H]([C@H]([C@@H](O4)O)O)O)O)OP(=O)(O)O)N
Severe acute respiratory syndrome coronavirus 2,7BF5,A2R,E,202,c1nc(c2c(n1)n(cn2)[C@H]3[C@@H]([C@@H]([C@H](O3)CO[P@](=O)(O)O[P@@](=O)(O)OC[C@@H]4[C@H]([C@H]([C@@H](O4)O)O)O)O)OP(=O)(O)O)N
Severe acute respiratory syndrome coronavirus 2,7BF5,A2R,B,201,c1nc(c2c(n1)n(cn2)[C@H]3[C@@H]([C@@H]([C@H](O3)CO[P@](=O)(O)O[P@@](=O)(O)OC[C@@H]4[C@H]([C@H]([C@@H](O4)O)O)O)O)OP(=O)(O)O)N
Severe acute respiratory syndrome coronavirus 2,7BF6,U08,B,201,c1cc(n2c1c(ncn2)N)[C@]3([C@@H]([C@@H]([C@H](O3)CO)O)O)C#N
Severe acute respiratory syndrome coronavirus 2,7BF6,U08,A,201,c1cc(n2c1c(ncn2)N)[C@]3([C@@H]([C@@H]([C@H](O3)CO)O)O)C#N
Severe acute respiratory syndrome coronavirus 2,7BF6,U08,C,201,c1cc(n2c1c(ncn2)N)[C@]3([C@@H]([C@@H]([C@H](O3)CO)O)O)C#N
Severe acute respiratory syndrome coronavirus 2,7BFB,9JT,B,1002,c1ccc(cc1)NC(=O)c2ccccc2[SeH]
Severe acute respiratory syndrome coronavirus 2,7BFB,9JT,A,402,c1ccc(cc1)NC(=O)c2ccccc2[SeH]
Severe acute respiratory syndrome coronavirus 2,7BFB,9JT,A,403,c1ccc(cc1)NC(=O)c2ccccc2[SeH]
Severe acute respiratory syndrome coronavirus 2,7BFB,9JT,A,401,c1ccc(cc1)NC(=O)c2ccccc2[SeH]
Severe acute respiratory syndrome coronavirus 2,7BFB,9JT,B,1005,c1ccc(cc1)NC(=O)c2ccccc2[SeH]
Severe acute respiratory syndrome coronavirus 2,7BGP,ALD,B,401,CC(C)C[C@@H](CO)NC(=O)[C@H](CC(C)C)NC(=O)[C@H](CC(C)C)NC(=O)OCc1ccccc1
Severe acute respiratory syndrome coronavirus 2,7BGP,ALD,A,402,CC(C)C[C@@H](CO)NC(=O)[C@H](CC(C)C)NC(=O)[C@H](CC(C)C)NC(=O)OCc1ccccc1
Severe acute respiratory syndrome coronavirus 2,7BQ7,SAM,A,301,C[S@@+](CC[C@@H](C(=O)[O-])N)C[C@@H]1[C@H]([C@H]([C@@H](O1)n2cnc3c2ncnc3N)O)O
Severe acute respiratory syndrome coronavirus 2,7BQY,02J,C,1,Cc1cc(no1)C(=O)O
Severe acute respiratory syndrome coronavirus 2,7BQY,010,C,6,c1ccc(cc1)CO
Severe acute respiratory syndrome coronavirus 2,7BQY,PJE,C,5,C1CNC(=O)[C@@H]1C[C@@H](/C=C/C(=O)O)N
Severe acute respiratory syndrome coronavirus 2,7BRP,U5G,B,401,CC1([C@@H]2[C@H]1[C@H](N(C2)C(=O)[C@H](C(C)(C)C)NC(=O)NC(C)(C)C)C(=O)N[C@@H](CC3CCC3)[C@H](C(=O)N)O)C
Severe acute respiratory syndrome coronavirus 2,7BRP,U5G,A,401,CC1([C@@H]2[C@H]1[C@H](N(C2)C(=O)[C@H](C(C)(C)C)NC(=O)NC(C)(C)C)C(=O)N[C@@H](CC3CCC3)[C@H](C(=O)N)O)C
Severe acute respiratory syndrome coronavirus 2,7BUY,JRY,A,401,CCCCCCNC(=O)O
Severe acute respiratory syndrome coronavirus 2,7BV2,POP,A,1003,O[P@@](=O)([O-])O[P@@](=O)(O)[O-]
Severe acute respiratory syndrome coronavirus 2,7BV2,F86,P,101,c1cc(n2c1c(ncn2)N)[C@]3([C@@H]([C@@H]([C@H](O3)COP(=O)(O)O)O)O)C#N
Severe acute respiratory syndrome coronavirus 2,7C2I,SAM,A,301,C[S@@+](CC[C@@H](C(=O)[O-])N)C[C@@H]1[C@H]([C@H]([C@@H](O1)n2cnc3c2ncnc3N)O)O
Severe acute respiratory syndrome coronavirus 2,7C2J,SAM,A,301,C[S@@+](CC[C@@H](C(=O)[O-])N)C[C@@H]1[C@H]([C@H]([C@@H](O1)n2cnc3c2ncnc3N)O)O
Severe acute respiratory syndrome coronavirus 2,7C2K,F86,G,4,c1cc(n2c1c(ncn2)N)[C@]3([C@@H]([C@@H]([C@H](O3)COP(=O)(O)O)O)O)C#N
Severe acute respiratory syndrome coronavirus 2,7C33,APR,D,201,c1nc(c2c(n1)n(cn2)[C@H]3[C@@H]([C@@H]([C@H](O3)CO[P@](=O)(O)O[P@](=O)(O)OC[C@@H]4[C@H]([C@H]([C@@H](O4)O)O)O)O)O)N
Severe acute respiratory syndrome coronavirus 2,7C33,APR,C,201,c1nc(c2c(n1)n(cn2)[C@H]3[C@@H]([C@@H]([C@H](O3)CO[P@](=O)(O)O[P@](=O)(O)OC[C@@H]4[C@H]([C@H]([C@@H](O4)O)O)O)O)O)N
Severe acute respiratory syndrome coronavirus 2,7C33,APR,B,201,c1nc(c2c(n1)n(cn2)[C@H]3[C@@H]([C@@H]([C@H](O3)CO[P@](=O)(O)O[P@](=O)(O)OC[C@@H]4[C@H]([C@H]([C@@H](O4)O)O)O)O)O)N
Severe acute respiratory syndrome coronavirus 2,7C33,APR,A,201,c1nc(c2c(n1)n(cn2)[C@H]3[C@@H]([C@@H]([C@H](O3)CO[P@](=O)(O)O[P@](=O)(O)OC[C@@H]4[C@H]([C@H]([C@@H](O4)O)O)O)O)O)N
Severe acute respiratory syndrome coronavirus 2,7C6S,U5G,A,401,CC1([C@@H]2[C@H]1[C@H](N(C2)C(=O)[C@H](C(C)(C)C)NC(=O)NC(C)(C)C)C(=O)N[C@@H](CC3CCC3)[C@H](C(=O)N)O)C
Severe acute respiratory syndrome coronavirus 2,7C6U,K36,A,401,CC(C)C[C@@H](C(=O)N[C@@H](C[C@@H]1CCNC1=O)[C@@H](O)S(=O)(=O)O)NC(=O)OCc2ccccc2
Severe acute respiratory syndrome coronavirus 2,7C7P,SV6,A,401,CCC[C@@H]([C@H](C(=O)NC1CC1)O)NC(=O)[C@@H]2[C@H]3CCC[C@H]3CN2C(=O)[C@H](C(C)(C)C)NC(=O)[C@H](C4CCCCC4)NC(=O)c5cnccn5
Severe acute respiratory syndrome coronavirus 2,7C7P,SV6,B,401,CCC[C@@H]([C@H](C(=O)NC1CC1)O)NC(=O)[C@@H]2[C@H]3CCC[C@H]3CN2C(=O)[C@H](C(C)(C)C)NC(=O)[C@H](C4CCCCC4)NC(=O)c5cnccn5
Severe acute respiratory syndrome coronavirus 2,7C8B,CF0,D,5,CF
Severe acute respiratory syndrome coronavirus 2,7C8B,FL6,D,4,COC(=O)C[C@@H](C(=O)O)N
Severe acute respiratory syndrome coronavirus 2,7C8B,PHQ,D,1,c1ccc(cc1)COC(=O)Cl
Severe acute respiratory syndrome coronavirus 2,7C8R,TG3,A,401,CCOC(=O)CC[C@H](C[C@@H]1CCNC1=O)NC(=O)[C@H](CC(C)C)NC(=O)[C@H]([C@@H](C)OC(C)(C)C)NC(=O)OCc2ccccc2
Severe acute respiratory syndrome coronavirus 2,7C8T,NOL,A,401,C[C@H]([C@@H](C(=O)N[C@@H](CC1CCCCC1)C(=O)N[C@@H](C[C@@H]2CCNC2=O)CO)NC(=O)OCc3ccccc3)OC(C)(C)C
Severe acute respiratory syndrome coronavirus 2,7C8U,K36,A,401,CC(C)C[C@@H](C(=O)N[C@@H](C[C@@H]1CCNC1=O)[C@@H](O)S(=O)(=O)O)NC(=O)OCc2ccccc2
Severe acute respiratory syndrome coronavirus 2,7CA8,FNO,A,301,CC(=CC[C@H](C1=CC(=O)c2c(ccc(c2C1=O)O)O)O)C
Severe acute respiratory syndrome coronavirus 2,7CB7,K36,B,402,CC(C)C[C@@H](C(=O)N[C@@H](C[C@@H]1CCNC1=O)[C@@H](O)S(=O)(=O)O)NC(=O)OCc2ccccc2
Severe acute respiratory syndrome coronavirus 2,7CB7,B1S,B,401,CC(C)C[C@@H](C(=O)N[C@@H](C[C@@H]1CCNC1=O)C(O)S(=O)(=O)O)NC(=O)OCc2ccccc2
Severe acute respiratory syndrome coronavirus 2,7CB7,B1S,A,403,CC(C)C[C@@H](C(=O)N[C@@H](C[C@@H]1CCNC1=O)C(O)S(=O)(=O)O)NC(=O)OCc2ccccc2
Severe acute respiratory syndrome coronavirus 2,7CB7,K36,A,402,CC(C)C[C@@H](C(=O)N[C@@H](C[C@@H]1CCNC1=O)[C@@H](O)S(=O)(=O)O)NC(=O)OCc2ccccc2
Severe acute respiratory syndrome coronavirus 2,7CBT,K36,A,401,CC(C)C[C@@H](C(=O)N[C@@H](C[C@@H]1CCNC1=O)[C@@H](O)S(=O)(=O)O)NC(=O)OCc2ccccc2
Severe acute respiratory syndrome coronavirus 2,7CBT,K36,B,401,CC(C)C[C@@H](C(=O)N[C@@H](C[C@@H]1CCNC1=O)[C@@H](O)S(=O)(=O)O)NC(=O)OCc2ccccc2
Severe acute respiratory syndrome coronavirus 2,7CJM,TTT,B,401,Cc1ccc(cc1C(=O)N[C@H](C)c2cccc3c2cccc3)N
Severe acute respiratory syndrome coronavirus 2,7CMD,TTT,A,601,Cc1ccc(cc1C(=O)N[C@H](C)c2cccc3c2cccc3)N
Severe acute respiratory syndrome coronavirus 2,7CMD,TTT,B,502,Cc1ccc(cc1C(=O)N[C@H](C)c2cccc3c2cccc3)N
Severe acute respiratory syndrome coronavirus 2,7CMD,TTT,C,601,Cc1ccc(cc1C(=O)N[C@H](C)c2cccc3c2cccc3)N
Severe acute respiratory syndrome coronavirus 2,7CMD,TTT,D,601,Cc1ccc(cc1C(=O)N[C@H](C)c2cccc3c2cccc3)N
Severe acute respiratory syndrome coronavirus 2,7COM,U5G,A,401,CC1([C@@H]2[C@H]1[C@H](N(C2)C(=O)[C@H](C(C)(C)C)NC(=O)NC(C)(C)C)C(=O)N[C@@H](CC3CCC3)[C@H](C(=O)N)O)C
Severe acute respiratory syndrome coronavirus 2,7COM,U5G,B,401,CC1([C@@H]2[C@H]1[C@H](N(C2)C(=O)[C@H](C(C)(C)C)NC(=O)NC(C)(C)C)C(=O)N[C@@H](CC3CCC3)[C@H](C(=O)N)O)C
Severe acute respiratory syndrome coronavirus 2,7CTT,GE6,A,1004,C1=C(N=C(C(=O)N1[C@H]2[C@@H]([C@@H]([C@H](O2)COP(=O)(O)OP(=O)(O)OP(=O)(O)O)O)O)C(=O)N)F
Severe acute respiratory syndrome coronavirus 2,7CUT,CF0,B,5,CF
Severe acute respiratory syndrome coronavirus 2,7CUT,FL6,B,4,COC(=O)C[C@@H](C(=O)O)N
Severe acute respiratory syndrome coronavirus 2,7CUT,PHQ,B,1,c1ccc(cc1)COC(=O)Cl
Severe acute respiratory syndrome coronavirus 2,7CUU,ALD,A,502,CC(C)C[C@@H](CO)NC(=O)[C@H](CC(C)C)NC(=O)[C@H](CC(C)C)NC(=O)OCc1ccccc1
Severe acute respiratory syndrome coronavirus 2,7CUU,ALD,B,505,CC(C)C[C@@H](CO)NC(=O)[C@H](CC(C)C)NC(=O)[C@H](CC(C)C)NC(=O)OCc1ccccc1
Severe acute respiratory syndrome coronavirus 2,7CX9,GKF,A,401,c1cc(c2c(c1)c(n[nH]2)I)C=O
Severe acute respiratory syndrome coronavirus 2,7CYQ,GDP,A,1003,c1nc2c(n1[C@H]3[C@@H]([C@@H]([C@H](O3)CO[P@](=O)(O)OP(=O)(O)O)O)O)N=C(NC2=O)N
Severe acute respiratory syndrome coronavirus 2,7CZ4,APR,B,201,c1nc(c2c(n1)n(cn2)[C@H]3[C@@H]([C@@H]([C@H](O3)CO[P@](=O)(O)O[P@](=O)(O)OC[C@@H]4[C@H]([C@H]([C@@H](O4)O)O)O)O)O)N
Severe acute respiratory syndrome coronavirus 2,7CZ4,APR,A,201,c1nc(c2c(n1)n(cn2)[C@H]3[C@@H]([C@@H]([C@H](O3)CO[P@](=O)(O)O[P@](=O)(O)OC[C@@H]4[C@H]([C@H]([C@@H](O4)O)O)O)O)O)N
Severe acute respiratory syndrome coronavirus 2,7D1M,K36,B,401,CC(C)C[C@@H](C(=O)N[C@@H](C[C@@H]1CCNC1=O)[C@@H](O)S(=O)(=O)O)NC(=O)OCc2ccccc2
Severe acute respiratory syndrome coronavirus 2,7D1M,K36,A,401,CC(C)C[C@@H](C(=O)N[C@@H](C[C@@H]1CCNC1=O)[C@@H](O)S(=O)(=O)O)NC(=O)OCc2ccccc2
Severe acute respiratory syndrome coronavirus 2,7D1O,NNA,A,401,CCCC[C@@H]([C@H](C(=O)NC1CC1)O)NC(=O)[C@@H]2[C@@H]3[C@@H](C3(C)C)CN2C(=O)[C@H](C(C)(C)C)NC(=O)NC4(CCCCC4)CS(=O)(=O)C(C)(C)C
Severe acute respiratory syndrome coronavirus 2,7D30,BU2,B,2111,C[C@@H](CCO)O
Severe acute respiratory syndrome coronavirus 2,7D30,BU2,A,1310,C[C@@H](CCO)O
Severe acute respiratory syndrome coronavirus 2,7D30,BU2,A,1311,C[C@@H](CCO)O
Severe acute respiratory syndrome coronavirus 2,7D30,BU2,B,2110,C[C@@H](CCO)O
Severe acute respiratory syndrome coronavirus 2,7D30,BU2,A,1309,C[C@@H](CCO)O
Severe acute respiratory syndrome coronavirus 2,7D3I,GQU,A,401,c1c(cc(cc1F)F)CCC(=O)N2C[C@@H]3CCC[C@@H]3[C@H]2C(=O)N[C@@H](C[C@@H]4CCNC4=O)C=O
Severe acute respiratory syndrome coronavirus 2,7D4F,H3U,A,1003,Cc1ccc(cc1NC(=O)c2cccc(c2)N)C(=O)Nc3ccc(c4c3c(cc(c4)S(=O)(=O)O)S(=O)(=O)O)S(=O)(=O)O
Severe acute respiratory syndrome coronavirus 2,7D4F,H3U,A,1004,Cc1ccc(cc1NC(=O)c2cccc(c2)N)C(=O)Nc3ccc(c4c3c(cc(c4)S(=O)(=O)O)S(=O)(=O)O)S(=O)(=O)O
Severe acute respiratory syndrome coronavirus 2,7D7K,CFF,B,402,Cn1cnc2c1C(=O)N(C(=O)N2C)C
Severe acute respiratory syndrome coronavirus 2,7D7K,CFF,A,402,Cn1cnc2c1C(=O)N(C(=O)N2C)C
Severe acute respiratory syndrome coronavirus 2,7D7L,GXU,B,403,Cc1n(c2c([n+]1Cc3cnccn3)C(=O)c4ccccc4C2=O)CCOC
Severe acute respiratory syndrome coronavirus 2,7D7L,CFF,B,402,Cn1cnc2c1C(=O)N(C(=O)N2C)C
Severe acute respiratory syndrome coronavirus 2,7D7L,CFF,A,402,Cn1cnc2c1C(=O)N(C(=O)N2C)C
Severe acute respiratory syndrome coronavirus 2,7D7L,GXU,A,404,Cc1n(c2c([n+]1Cc3cnccn3)C(=O)c4ccccc4C2=O)CCOC
Severe acute respiratory syndrome coronavirus 2,7D7L,GXU,A,403,Cc1n(c2c([n+]1Cc3cnccn3)C(=O)c4ccccc4C2=O)CCOC
Severe acute respiratory syndrome coronavirus 2,7D7L,GXU,B,404,Cc1n(c2c([n+]1Cc3cnccn3)C(=O)c4ccccc4C2=O)CCOC
Severe acute respiratory syndrome coronavirus 2,7D7L,GXU,B,405,Cc1n(c2c([n+]1Cc3cnccn3)C(=O)c4ccccc4C2=O)CCOC
Severe acute respiratory syndrome coronavirus 2,7DAT,AU,A,802,[Au+]
Severe acute respiratory syndrome coronavirus 2,7DAT,AU,A,801,[Au+]
Severe acute respiratory syndrome coronavirus 2,7DAU,AU,A,801,[Au+]
Severe acute respiratory syndrome coronavirus 2,7DAU,AU,A,802,[Au+]
Severe acute respiratory syndrome coronavirus 2,7DDC,H3F,A,401,Cc1cc(nc2c1c(c(cc2N[C@@H](C)CCCN)OC)Oc3cccc(c3)C(F)(F)F)OC
Severe acute respiratory syndrome coronavirus 2,7DFG,POP,A,1006,O[P@@](=O)([O-])O[P@@](=O)(O)[O-]
Severe acute respiratory syndrome coronavirus 2,7DFG,POP,A,1003,O[P@@](=O)([O-])O[P@@](=O)(O)[O-]
Severe acute respiratory syndrome coronavirus 2,7DFG,1RP,P,1201,C1=C(N=C(C(=O)N1[C@H]2[C@@H]([C@@H]([C@H](O2)COP(=O)(O)O)O)O)C(=O)N)F
Severe acute respiratory syndrome coronavirus 2,7DFH,POP,A,1006,O[P@@](=O)([O-])O[P@@](=O)(O)[O-]
Severe acute respiratory syndrome coronavirus 2,7DFH,RVP,P,1201,c1nc(nn1[C@H]2[C@@H]([C@@H]([C@H](O2)COP(=O)(O)O)O)O)C(=O)N
Severe acute respiratory syndrome coronavirus 2,7DFH,POP,A,1007,O[P@@](=O)([O-])O[P@@](=O)(O)[O-]
Severe acute respiratory syndrome coronavirus 2,7DGB,EOF,A,401,CC(C)C[C@@H](C(=O)N[C@@H](C[C@@H]1CCNC1=O)C=O)NC(=O)/C=C/c2ccccc2
Severe acute respiratory syndrome coronavirus 2,7DGF,H60,A,401,CCCC[C@@H](C(=O)N[C@@H](C[C@@H]1CCCNC1=O)C=O)NC(=O)/C=C/c2ccccc2
Severe acute respiratory syndrome coronavirus 2,7DGG,H63,A,600,CCCC[C@@H](C(=O)N[C@@H](C[C@@H]1CCNC1=O)C=O)NC(=O)/C=C/c2ccccc2
Severe acute respiratory syndrome coronavirus 2,7DGG,H63,B,601,CCCC[C@@H](C(=O)N[C@@H](C[C@@H]1CCNC1=O)C=O)NC(=O)/C=C/c2ccccc2
Severe acute respiratory syndrome coronavirus 2,7DGH,H6F,A,401,CC(C)C[C@@H](C(=O)N[C@@H](C[C@@H]1CCCNC1=O)C=O)NC(=O)[C@H](C(C)C)NC(=O)c2ccc3ccccc3c2
Severe acute respiratory syndrome coronavirus 2,7DGI,H6L,B,401,CC(C)C[C@@H](C(=O)N[C@@H](C[C@@H]1CCCNC1=O)C=O)NC(=O)[C@H](C(C)C)NC(=O)c2ccc(cc2)[N+](=O)[O-]
Severe acute respiratory syndrome coronavirus 2,7DGI,H6L,A,401,CC(C)C[C@@H](C(=O)N[C@@H](C[C@@H]1CCCNC1=O)C=O)NC(=O)[C@H](C(C)C)NC(=O)c2ccc(cc2)[N+](=O)[O-]
Severe acute respiratory syndrome coronavirus 2,7DHJ,H6R,A,401,C#CC[C@@H](C(=O)N[C@@H](C[C@@H]1CCNC1=O)C=O)NC(=O)/C=C/c2ccccc2
Severe acute respiratory syndrome coronavirus 2,7DK1,BTB,B,406,C(CO)N(CCO)C(CO)(CO)CO
Severe acute respiratory syndrome coronavirus 2,7DOI,POP,A,1008,O[P@@](=O)([O-])O[P@@](=O)(O)[O-]
Severe acute respiratory syndrome coronavirus 2,7DOI,POP,A,1003,O[P@@](=O)([O-])O[P@@](=O)(O)[O-]
Severe acute respiratory syndrome coronavirus 2,7DOI,HCU,P,1201,c1nc2c(n1CC[C@H](CO)COP(=O)(O)O)NC(=NC2=O)N
Severe acute respiratory syndrome coronavirus 2,7DOK,POP,A,1003,O[P@@](=O)([O-])O[P@@](=O)(O)[O-]
Severe acute respiratory syndrome coronavirus 2,7DOK,HCU,P,1201,c1nc2c(n1CC[C@H](CO)COP(=O)(O)O)NC(=NC2=O)N
Severe acute respiratory syndrome coronavirus 2,7DOK,POP,A,1007,O[P@@](=O)([O-])O[P@@](=O)(O)[O-]
Severe acute respiratory syndrome coronavirus 2,7DPP,MYC,A,401,c1c(cc(c(c1O)O)O)C2=C(C(=O)c3c(cc(cc3O2)O)O)O
Severe acute respiratory syndrome coronavirus 2,7DPU,HER,A,401,COc1cc(c2c(c1)OC(=C(C2=O)O)c3cc(c(c(c3)O)O)O)O
Severe acute respiratory syndrome coronavirus 2,7DPU,HER,B,401,COc1cc(c2c(c1)OC(=C(C2=O)O)c3cc(c(c(c3)O)O)O)O
Severe acute respiratory syndrome coronavirus 2,7DPV,HF0,C,401,COc1cc(c2c(c1)O[C@H]([C@@H](C2=O)O)c3cc(c(c(c3)O)O)O)O
Severe acute respiratory syndrome coronavirus 2,7DPV,HF0,D,401,COc1cc(c2c(c1)O[C@H]([C@@H](C2=O)O)c3cc(c(c(c3)O)O)O)O
Severe acute respiratory syndrome coronavirus 2,7DPV,HF0,A,401,COc1cc(c2c(c1)O[C@H]([C@@H](C2=O)O)c3cc(c(c(c3)O)O)O)O
Severe acute respiratory syndrome coronavirus 2,7DPV,HF0,B,401,COc1cc(c2c(c1)O[C@H]([C@@H](C2=O)O)c3cc(c(c(c3)O)O)O)O
Severe acute respiratory syndrome coronavirus 2,7DWY,EIC,B,1422,CCCCC\C=C/C\C=C/CCCCCCCC(=O)O
Severe acute respiratory syndrome coronavirus 2,7DWY,EIC,A,1420,CCCCC\C=C/C\C=C/CCCCCCCC(=O)O
Severe acute respiratory syndrome coronavirus 2,7DWY,EIC,C,1420,CCCCC\C=C/C\C=C/CCCCCCCC(=O)O
Severe acute respiratory syndrome coronavirus 2,7E18,HUR,A,401,CC(C)C[C@@H](C(=O)N[C@@H](C[C@@H]1CCNC1=O)C(=O)c2nc3ccccc3s2)NC(=O)c4cc5c([nH]4)cccc5OC
Severe acute respiratory syndrome coronavirus 2,7E19,HUO,A,401,CC(C)C[C@@H](C(=O)N[C@@H](C[C@@H]1CCNC1=O)C(=O)c2nc3ccccc3s2)NC(=O)[C@H](C(C)C)NC(=O)OCc4ccccc4
Severe acute respiratory syndrome coronavirus 2,7E35,GYX,A,402,C[C@H](c1cccc2c1cccc2)N3CCC(CC3)C(=O)NCc4cccc(c4)NC(=O)C
Severe acute respiratory syndrome coronavirus 2,7E35,GYX,B,402,C[C@H](c1cccc2c1cccc2)N3CCC(CC3)C(=O)NCc4cccc(c4)NC(=O)C
Severe acute respiratory syndrome coronavirus 2,7E6K,HYR,A,401,c1ccc(cc1)OCCNC=S
Severe acute respiratory syndrome coronavirus 2,7E6K,HYR,A,402,c1ccc(cc1)OCCNC=S
Severe acute respiratory syndrome coronavirus 2,7E6K,HYR,A,403,c1ccc(cc1)OCCNC=S
Severe acute respiratory syndrome coronavirus 2,7E7B,ELA,B,1606,CCCCCCCC\C=C\CCCCCCCC(=O)O
Severe acute respiratory syndrome coronavirus 2,7E7B,ELA,A,1606,CCCCCCCC\C=C\CCCCCCCC(=O)O
Severe acute respiratory syndrome coronavirus 2,7E7B,ELA,A,1607,CCCCCCCC\C=C\CCCCCCCC(=O)O
Severe acute respiratory syndrome coronavirus 2,7E7B,VCG,A,1608,CCCCCCCC/C=C/CCCCCCCC(=O)OCCOC[C@@H]([C@@H]1[C@@H](C[C@@H](O1)OCCO)OCCO)OCCO
Severe acute respiratory syndrome coronavirus 2,7E7B,VCG,B,1607,CCCCCCCC/C=C/CCCCCCCC(=O)OCCOC[C@@H]([C@@H]1[C@@H](C[C@@H](O1)OCCO)OCCO)OCCO
Severe acute respiratory syndrome coronavirus 2,7E7B,VCG,A,1609,CCCCCCCC/C=C/CCCCCCCC(=O)OCCOC[C@@H]([C@@H]1[C@@H](C[C@@H](O1)OCCO)OCCO)OCCO
Severe acute respiratory syndrome coronavirus 2,7E7D,ELA,B,1601,CCCCCCCC\C=C\CCCCCCCC(=O)O
Severe acute respiratory syndrome coronavirus 2,7E7D,ELA,A,1606,CCCCCCCC\C=C\CCCCCCCC(=O)O
Severe acute respiratory syndrome coronavirus 2,7E7D,ELA,A,1607,CCCCCCCC\C=C\CCCCCCCC(=O)O
Severe acute respiratory syndrome coronavirus 2,7ED5,AT9,A,1005,C[C@]1([C@@H]([C@H](O[C@H]1n2cnc3c2N=C(NC3=O)N)COP(=O)(O)OP(=O)(O)OP(=O)(O)O)O)F
Severe acute respiratory syndrome coronavirus 2,7ED5,AT9,I,101,C[C@]1([C@@H]([C@H](O[C@H]1n2cnc3c2N=C(NC3=O)N)COP(=O)(O)OP(=O)(O)OP(=O)(O)O)O)F
Severe acute respiratory syndrome coronavirus 2,7ED5,AT9,A,1004,C[C@]1([C@@H]([C@H](O[C@H]1n2cnc3c2N=C(NC3=O)N)COP(=O)(O)OP(=O)(O)OP(=O)(O)O)O)F
Severe acute respiratory syndrome coronavirus 2,7EIN,OAR,C,4,[H]/N=C(/N)\NCCC[C@@H](CO)N
Severe acute respiratory syndrome coronavirus 2,7EIN,OAR,D,4,[H]/N=C(/N)\NCCC[C@@H](CO)N
Severe acute respiratory syndrome coronavirus 2,7EN8,J7R,A,401,CNC(=O)c1cc(cc(c1N[C@@H]2CCCC[C@@H]2NC(=O)c3cncc4c3cccc4)N(=O)=O)Br
Severe acute respiratory syndrome coronavirus 2,7EN8,J7R,B,401,CNC(=O)c1cc(cc(c1N[C@@H]2CCCC[C@@H]2NC(=O)c3cncc4c3cccc4)N(=O)=O)Br
Severe acute respiratory syndrome coronavirus 2,7EN9,J7O,A,401,CNC(=O)c1cc(cc(c1N2CC[C@]3(C2)CN(C[C@@H]3c4ccccc4)C(=O)c5cncc6c5ccc(c6)O)[N+](=O)[O-])Br
Severe acute respiratory syndrome coronavirus 2,7FAY,2XI,A,401,C[C@H](C(=O)N(c1ccc(cc1)C(C)(C)C)[C@H](c2cccnc2)C(=O)NC(C)(C)C)O
Severe acute respiratory syndrome coronavirus 2,7FAZ,2RI,A,401,C[C@@H](c1ccc(cc1)F)NC(=O)[C@@H](c2cccnc2)N(c3ccc4c5ccccc5oc4c3)C(=O)[C@@H](C)O
Severe acute respiratory syndrome coronavirus 2,7FAZ,2RI,B,401,C[C@@H](c1ccc(cc1)F)NC(=O)[C@@H](c2cccnc2)N(c3ccc4c5ccccc5oc4c3)C(=O)[C@@H](C)O
Severe acute respiratory syndrome coronavirus 2,7FR0,WW0,A,202,CCC(CC)NC(=O)c1ccnc2c1nc([nH]2)O
Severe acute respiratory syndrome coronavirus 2,7FR0,WW0,A,201,CCC(CC)NC(=O)c1ccnc2c1nc([nH]2)O
Severe acute respiratory syndrome coronavirus 2,7FR1,WWC,A,202,CC1(CC1)C(=O)NNc2c3c(nc[nH]3)ncn2
Severe acute respiratory syndrome coronavirus 2,7FR1,WWC,A,201,CC1(CC1)C(=O)NNc2c3c(nc[nH]3)ncn2
Severe acute respiratory syndrome coronavirus 2,7FR2,WWH,A,201,CC[C@@H](CNc1c2c([nH]cn2)ncn1)NC(=O)CCC3CCCCC3
Severe acute respiratory syndrome coronavirus 2,7FR3,WWH,A,201,CC[C@@H](CNc1c2c([nH]cn2)ncn1)NC(=O)CCC3CCCCC3
Severe acute respiratory syndrome coronavirus 2,7FR4,WWN,A,302,CC[C@@H](CNc1c2c(nc[nH]2)ncn1)NC(=O)CC3CCCCC3
Severe acute respiratory syndrome coronavirus 2,7FR5,WWT,A,201,CCCNC(=O)c1ccnc2c1nc([nH]2)O
Severe acute respiratory syndrome coronavirus 2,7FR6,WX6,B,201,c1cnc2c(c1C(=O)N3CCCCCC3)nc([nH]2)O
Severe acute respiratory syndrome coronavirus 2,7FR7,WXB,A,201,c1c(cnc2c1C(=O)NC(=O)N2)C(=O)N3CCCCCC3
Severe acute respiratory syndrome coronavirus 2,7FR8,WXF,B,201,C[C@@H]1CN(CCO1)C(=O)c2ccnc3c2nc([nH]3)O
Severe acute respiratory syndrome coronavirus 2,7FR9,WXK,A,201,CC1(CC1)NS(=O)(=O)c2cc3c(nc2)NC(=O)NC3=O
Severe acute respiratory syndrome coronavirus 2,7FRA,WXO,A,201,c1c(cnc2c1C(=O)NC(=O)N2)S(=O)(=O)N3CCCCCC3
Severe acute respiratory syndrome coronavirus 2,7FRB,WXT,A,201,CC(C)[C@@H](CNC(=O)C1(CCC1)C)Nc2c3c([nH]cn3)ncn2
Severe acute respiratory syndrome coronavirus 2,7FRC,WXX,A,201,CC[C@H](CNC(=O)CCC1CCCCC1)Nc2c3cn[nH]c3ncn2
Severe acute respiratory syndrome coronavirus 2,7FRD,WY6,A,201,CC[C@@H](CNc1c2c(nc[nH]2)ncn1)NC(=O)CCc3ccccc3
Severe acute respiratory syndrome coronavirus 2,7GAV,KFU,A,407,c1ccc2c(c1)cncc2NC(=O)[C@@H]3COc4c3cc(cc4)Cl
Severe acute respiratory syndrome coronavirus 2,7GAV,KFU,B,405,c1ccc2c(c1)cncc2NC(=O)[C@@H]3COc4c3cc(cc4)Cl
Severe acute respiratory syndrome coronavirus 2,7GAW,KG9,A,406,c1ccc2c(c1)cncc2NC(=O)[C@@H]3CN(Cc4c3cc(cc4)Cl)S(=O)(=O)CC5(CC5)C#N
Severe acute respiratory syndrome coronavirus 2,7GAW,KG9,B,402,c1ccc2c(c1)cncc2NC(=O)[C@@H]3CN(Cc4c3cc(cc4)Cl)S(=O)(=O)CC5(CC5)C#N
Severe acute respiratory syndrome coronavirus 2,7GAX,KJI,A,1001,Cc1ccncc1NC(=O)CNc2ccnc3c2cccc3
Severe acute respiratory syndrome coronavirus 2,7GAY,KJO,A,1001,C=C(c1cccnc1)C(=O)Nc2ccccc2
Severe acute respiratory syndrome coronavirus 2,7GAZ,KL6,A,1001,CS(=O)(=O)NCCN1CCCc2c1cc(cc2)S(=O)(=O)N
Severe acute respiratory syndrome coronavirus 2,7GB0,KLR,A,1001,CC(C)(C)NC(=O)[C@H](c1cccnc1)Nc2ccc(cc2)CCC#N
Severe acute respiratory syndrome coronavirus 2,7GB1,KMF,A,405,CC(=O)N1CCN(CC1)CCNC(=O)c2cccc3c2cccc3
Severe acute respiratory syndrome coronavirus 2,7GB2,KMX,A,406,CC(=O)N1CCN(CC1)Cc2cnc(s2)Cc3ccccc3
Severe acute respiratory syndrome coronavirus 2,7GB3,KNU,A,406,C[C@@H](c1cc(cc(c1)Cl)F)NC(=O)C
Severe acute respiratory syndrome coronavirus 2,7GB4,KO9,A,405,c1cc(cnc1)CC(=O)Nc2cc(cnc2)C#N
Severe acute respiratory syndrome coronavirus 2,7GB5,KOI,A,1001,c1cc(cc(c1)Cl)CC(=O)Nc2cccnc2
Severe acute respiratory syndrome coronavirus 2,7GB6,KP0,A,405,c1cc(cc(c1)Cl)N(CCC2CCCCC2)C(=O)Nc3cccnc3
Severe acute respiratory syndrome coronavirus 2,7GB7,KQ3,A,1001,c1cc(cc(c1)Cl)N(CCN2CCOCC2)C(=O)Nc3cccnc3
Severe acute respiratory syndrome coronavirus 2,7GB8,KQL,A,405,Cc1ccncc1NC(=O)Cc2cccc(c2)C(F)(F)F
Severe acute respiratory syndrome coronavirus 2,7GB9,KQX,A,405,Cc1ccc(cc1)CC(=O)Nc2cnccc2C
Severe acute respiratory syndrome coronavirus 2,7GBA,KS0,A,404,CCC(=O)N1CCN(CC1)Cc2ccc(cc2)F
Severe acute respiratory syndrome coronavirus 2,7GBB,KSI,A,1001,CC(C)C[C@H]1CN(CCN1Cc2cccc(c2)Cl)C(=O)C
Severe acute respiratory syndrome coronavirus 2,7GBC,KSX,A,404,Cc1ccncc1NC(=O)Cc2cc(cnc2)C#N
Severe acute respiratory syndrome coronavirus 2,7GBD,KT9,A,404,Cc1cc(cc(c1)O[C@H]2CC(=O)N2)NC(=O)Cc3cncnc3
Severe acute respiratory syndrome coronavirus 2,7GBE,KU6,A,1001,c1cc2c(cc1Cl)[C@@H](CCO2)C(=O)Nc3nncn3C4CC4
Severe acute respiratory syndrome coronavirus 2,7GBF,KUU,A,405,Cc1ccncc1NC(=O)[C@@H](c2cccc(c2)Cl)C(C)C
Severe acute respiratory syndrome coronavirus 2,7GBG,KVF,A,404,CC[C@@H](c1cccc(c1)Cl)C(=O)Nc2cnncc2C
Severe acute respiratory syndrome coronavirus 2,7GBH,KVO,A,404,Cc1ccnc(c1NC(=O)Cc2cccc(c2)Cl)C
Severe acute respiratory syndrome coronavirus 2,7GBI,KVX,A,403,c1cc2c(cc1Cl)[C@@H](CO2)C(=O)Nc3cnccc3CO
Severe acute respiratory syndrome coronavirus 2,7GBJ,KW9,A,404,COc1ccccc1OCCNC(=O)C2=CC(=O)Nc3c2ccc(c3)F
Severe acute respiratory syndrome coronavirus 2,7GBK,KXF,A,1001,Cc1ccncc1NC(=O)Cc2cccc(c2)O
Severe acute respiratory syndrome coronavirus 2,7GBL,KWR,A,405,c1cc(cc(c1)O[C@H]2CC(=O)N2)NC(=O)Cc3cccnc3
Severe acute respiratory syndrome coronavirus 2,7GBM,KX9,A,404,C[C@H](c1cccc(c1)Cl)C(=O)Nc2cnccc2n3cccn3
Severe acute respiratory syndrome coronavirus 2,7GBN,KXR,A,404,c1c(cc(cc1O[C@H]2CC(=O)N2)F)NC(=O)Cc3cncnc3
Severe acute respiratory syndrome coronavirus 2,7GBO,KY0,A,404,Cc1ccncc1NC(=O)C2(CC2)c3cccc(c3)Cl
Severe acute respiratory syndrome coronavirus 2,7GBP,KYC,A,405,Cc1ccncc1NC(=O)[C@H](c2cccc(c2)Cl)N(C)C
Severe acute respiratory syndrome coronavirus 2,7GBQ,KYU,A,404,Cc1ccncc1NC(=O)C(c2cccc(c2)Cl)(F)F
Severe acute respiratory syndrome coronavirus 2,7GBR,KZC,A,405,c1ccc(cc1)NCCNC(=O)C2=CC(=O)Nc3c2cccc3
Severe acute respiratory syndrome coronavirus 2,7GBS,KZX,A,404,Cc1ccncc1NC(=O)Cc2cccc(c2)F
Severe acute respiratory syndrome coronavirus 2,7GBT,L1F,A,1001,CN(CCOc1ccccc1OC)C(=O)C2=CC(=O)Nc3c2cccc3
Severe acute respiratory syndrome coronavirus 2,7GBU,L2I,A,1001,CNCC[C@@H](c1ccccc1)C(=O)Nc2cccnc2
Severe acute respiratory syndrome coronavirus 2,7GBV,L3I,A,404,Cc1ccncc1NC(=O)C(C)(C)c2cccc(c2)Cl
Severe acute respiratory syndrome coronavirus 2,7GBW,L6R,A,405,CCC[C@H](c1cccc(c1)Cl)C(=O)Nc2cnccc2C
Severe acute respiratory syndrome coronavirus 2,7GBX,L6D,A,405,c1ccc2c(c1)ncn2NC(=O)Cc3cccc(c3)Cl
Severe acute respiratory syndrome coronavirus 2,7GBY,L5I,A,404,Cc1ccncc1NC(=O)[C@H](C)CC2CC2
Severe acute respiratory syndrome coronavirus 2,7GBZ,L4U,A,405,Cc1ccncc1NC(=O)C[C@H](C)C(C)C
Severe acute respiratory syndrome coronavirus 2,7GC0,L4N,A,404,Cc1ccncc1NC(=O)[C@@H]2CCC3(C2)CC3
Severe acute respiratory syndrome coronavirus 2,7GC1,L7F,A,404,Cc1ccncc1NC(=O)C[C@@]23CCC[C@@H]2C3
Severe acute respiratory syndrome coronavirus 2,7GC2,L7Q,A,404,Cc1ccncc1NC(=O)CC(C)(C)c2ccccc2
Severe acute respiratory syndrome coronavirus 2,7GC3,L7V,A,405,c1cc(cnc1)CC(=O)N2CCC[C@H]2c3nc(on3)C4CC4
Severe acute respiratory syndrome coronavirus 2,7GC4,L83,A,405,Cc1ccnc(c1NC(=O)Cc2cccc(c2)Cl)N
Severe acute respiratory syndrome coronavirus 2,7GC5,L8F,A,404,CC(=O)NCCc1c[nH]c2c1cccc2CN3CCN(CC3)C(=O)C
Severe acute respiratory syndrome coronavirus 2,7GC6,L8O,A,405,Cc1cccc(c1)[C@H]2CN(Cc3c2cccc3)C(=O)C
Severe acute respiratory syndrome coronavirus 2,7GC7,L93,A,405,C[C@H](CNC(=O)C1=CC(=O)Nc2c1cc(cc2)F)Oc3ccccc3OC
Severe acute respiratory syndrome coronavirus 2,7GC8,L9F,A,404,c1cc(cc(c1)Cl)N2C(=O)[C@H](NC2=O)c3cccnc3
Severe acute respiratory syndrome coronavirus 2,7GC9,L9O,A,405,Cc1ccncc1NC(=O)[C@H]2CCC23CCC3
Severe acute respiratory syndrome coronavirus 2,7GCA,LB0,A,405,Cc1ccncc1NC(=O)C2CC(C2)C3CC3
Severe acute respiratory syndrome coronavirus 2,7GCB,LBC,A,404,Cc1ccncc1NC(=O)Cc2cccc(c2)I
Severe acute respiratory syndrome coronavirus 2,7GCC,LBO,A,405,Cc1ccncc1NC(=O)Cc2cccc(c2)C3CC3
Severe acute respiratory syndrome coronavirus 2,7GCD,LCU,A,405,Cc1ccncc1NC(=O)CC2C[C@H]3C[C@H]3C2
Severe acute respiratory syndrome coronavirus 2,7GCE,LDX,A,404,Cc1ccncc1NC(=O)CCc2ccccc2F
Severe acute respiratory syndrome coronavirus 2,7GCF,LKX,A,404,c1cc(cc(c1)Cl)CC(=O)NN2C=NNC2=O
Severe acute respiratory syndrome coronavirus 2,7GCG,LKI,A,405,Cc1ccncc1NS(=O)(=O)c2cccc(c2)Cl
Severe acute respiratory syndrome coronavirus 2,7GCI,LJO,A,405,Cc1ccncc1NC(=O)[C@]2(CCOC2)C#N
Severe acute respiratory syndrome coronavirus 2,7GCJ,LJ0,A,404,Cc1ccncc1NC(=O)C2[C@H]3[C@@H]2CCCC3
Severe acute respiratory syndrome coronavirus 2,7GCK,LF3,A,404,Cc1ccncc1NC(=O)CN2c3cc(ccc3OCC2=O)Cl
Severe acute respiratory syndrome coronavirus 2,7GCL,LR0,A,405,CC(=O)Nc1ccncc1NC(=O)[C@@H]2Cc3c2cc(cc3)F
Severe acute respiratory syndrome coronavirus 2,7GCM,LQU,A,403,CC(=O)N1Cc2ccccc2[C@H](C1)c3cccc(c3)C#N
Severe acute respiratory syndrome coronavirus 2,7GCN,LQ0,A,405,Cc1ccncc1NC(=O)Cn2ccc3c2cc(cc3)Cl
Severe acute respiratory syndrome coronavirus 2,7GCO,LO0,A,404,COc1ccccc1OCCNC(=O)C2=CC=NC(=O)C2
Severe acute respiratory syndrome coronavirus 2,7GCP,LM0,A,405,CC(=O)NNC(=O)[C@@H]1Cc2ccccc2CN1C(=O)C
Severe acute respiratory syndrome coronavirus 2,7GCQ,LRC,A,405,Cc1ccncc1NC(=O)Cc2cc(cnc2)Cl
Severe acute respiratory syndrome coronavirus 2,7GCR,LRN,A,405,CC(=O)N1CCC[C@H](C1)N(CC2CCCCC2)C3CCC(CC3)O
Severe acute respiratory syndrome coronavirus 2,7GCS,LS0,A,404,Cc1ccncc1NC(=O)Cn2ccc3c2cc(cc3)F
Severe acute respiratory syndrome coronavirus 2,7GCT,LSF,A,404,Cc1ccncc1NC(=O)Cc2cccc(c2)O[C@@H]3CC(=O)N3
Severe acute respiratory syndrome coronavirus 2,7GCU,LT9,A,404,Cc1ccncc1NC(=O)C2(CC(=O)C2)c3cccc(c3)Cl
Severe acute respiratory syndrome coronavirus 2,7GCV,LUC,A,404,Cc1ccncc1NC(=O)Cc2cc(cc(c2)Cl)O[C@@H]3CC(=O)N3
Severe acute respiratory syndrome coronavirus 2,7GCW,LV9,A,404,c1ccc(cc1)CC2(CCOCC2)NC(=O)Nc3cccnc3
Severe acute respiratory syndrome coronavirus 2,7GCX,LVM,A,404,Cc1ccncc1NC(=O)CC2CC3(C2)CC3
Severe acute respiratory syndrome coronavirus 2,7GCY,LW6,A,405,c1cc(c2cc[nH]c2c1)C=O
Severe acute respiratory syndrome coronavirus 2,7GCZ,LWO,A,404,CNc1ccc(cc1)N(Cc2ccsc2)C(=O)Cn3c4ccccc4nn3
Severe acute respiratory syndrome coronavirus 2,7GD0,M4L,A,405,COc1ccncc1NC(=O)[C@H](c2cccc(c2)Br)O
Severe acute respiratory syndrome coronavirus 2,7GD1,M2X,A,404,Cc1ccncc1NC(=O)[C@@H](c2cc(ccc2OC)Br)N
Severe acute respiratory syndrome coronavirus 2,7GD2,M26,A,404,COC[C@@H](c1cccc(c1)Br)NC(=O)C[C@H]2c3cc(ccc3NC2=O)F
Severe acute respiratory syndrome coronavirus 2,7GD3,Y6J,A,404,c1ccc2c(c1)nnn2CC(=O)N(Cc3ccsc3)c4ccc(cc4)NC(=O)C5CC5
Severe acute respiratory syndrome coronavirus 2,7GD4,R30,A,405,CCC(=O)Nc1ccc(cc1)N(Cc2ccsc2)C(=O)Cn3c4ccccc4nn3
Severe acute respiratory syndrome coronavirus 2,7GD5,M0X,A,405,CN(C)c1ccc(cc1)N(Cc2ccsc2)C(=O)Cn3c4ccccc4nn3
Severe acute respiratory syndrome coronavirus 2,7GD6,M0G,A,404,CC[C@](c1cccc(c1)Cl)(C(=O)Nc2cnccc2C)O
Severe acute respiratory syndrome coronavirus 2,7GD7,LZX,A,404,CS(=O)(=O)NCC[C@H](c1ccccc1)C(=O)Nc2cccnc2
Severe acute respiratory syndrome coronavirus 2,7GD8,KU6,A,405,c1cc2c(cc1Cl)[C@@H](CCO2)C(=O)Nc3nncn3C4CC4
Severe acute respiratory syndrome coronavirus 2,7GD9,LXF,A,405,CC(=O)Nc1nc2c(s1)cccc2S(=O)(=O)NCCc3ccccc3
Severe acute respiratory syndrome coronavirus 2,7GDA,MF0,A,403,Cc1ccncc1NC(=O)[C@H](C)c2cc(cnc2)Cl
Severe acute respiratory syndrome coronavirus 2,7GDB,M9U,A,404,c1cc2c(cc1Cl)[C@H](CCO2)C(=O)Nc3nncn3C4CC4
Severe acute respiratory syndrome coronavirus 2,7GDC,M93,A,403,c1cc2c(cc1Cl)[C@@H](CCO2)C(=O)Nc3cnccc3CO
Severe acute respiratory syndrome coronavirus 2,7GDD,860,A,403,c1ccc2c(c1)cncc2NC(=O)Cc3cccc(c3)Cl
Severe acute respiratory syndrome coronavirus 2,7GDE,M7X,A,404,Cc1cc(cnc1)NC(=O)Cc2cccc(c2)Cl
Severe acute respiratory syndrome coronavirus 2,7GDF,M6U,A,404,CCc1ccncc1NC(=O)Cc2cccc(n2)C(F)(F)F
Severe acute respiratory syndrome coronavirus 2,7GDG,M6I,A,405,c1cc(cc(c1)Cl)NC(=O)Nc2cccnc2
Severe acute respiratory syndrome coronavirus 2,7GDH,M5X,A,405,c1cc2c(cc1S(=O)(=O)N)[C@@H](C(=O)N2)O
Severe acute respiratory syndrome coronavirus 2,7GDI,M5I,A,404,Cc1ccncc1CC(=O)Nc2cccc(c2)Cl
Severe acute respiratory syndrome coronavirus 2,7GDJ,M50,A,404,Cc1cnncc1NC(=O)Cc2cccc(c2)Cl
Severe acute respiratory syndrome coronavirus 2,7GDK,MJR,A,404,Cc1c(c[nH]n1)NC(=O)Cc2cccc(c2)Cl
Severe acute respiratory syndrome coronavirus 2,7GDL,MKI,A,404,Cc1ccncc1N(C)C(=O)Cc2cccc(c2)Cl
Severe acute respiratory syndrome coronavirus 2,7GDM,MQ3,A,404,Cc1ccncc1NC(=O)[C@H](C)C2CCCCC2
Severe acute respiratory syndrome coronavirus 2,7GDN,MU3,A,405,c1ccc2c(c1)[C@@H](CCO2)C(=O)Nc3nncn3C4CC4
Severe acute respiratory syndrome coronavirus 2,7GDO,MVR,A,405,Cn1ccc(n1)CN(c2ccc(cc2)c3ccccn3)C(=O)Cc4cccnc4
Severe acute respiratory syndrome coronavirus 2,7GDP,MVX,A,405,c1cc2c(cc1Cl)[C@@H](CO2)C(=O)Nc3nncn3C4CC4
Severe acute respiratory syndrome coronavirus 2,7GDQ,MWN,A,406,COC(=O)c1cc(cc2c1NC(=O)[C@@H]2O)Br
Severe acute respiratory syndrome coronavirus 2,7GDR,MX9,A,406,Cc1cccc(c1)COC(=O)c2cccc3c2NC(=O)[C@@H]3O
Severe acute respiratory syndrome coronavirus 2,7GDS,MZF,A,405,c1cc2c(cc1Br)[C@H](C(=O)N2Cc3ncon3)O
Severe acute respiratory syndrome coronavirus 2,7GDT,N00,A,406,Cc1c(ccc2c1[nH]c3c2cc(cc3)Cl)[C@@H](C)C(=O)O
Severe acute respiratory syndrome coronavirus 2,7GDU,N0F,A,405,Cc1ccncc1NC(=O)C[C@H](c2ccsc2)N3CCC(CC3)O
Severe acute respiratory syndrome coronavirus 2,7GDV,N0O,A,405,c1ccc(cc1)n2cnnc2NC(=O)[C@@H]3COc4c3cc(cc4)Cl
Severe acute respiratory syndrome coronavirus 2,7GDW,N0X,A,405,C[C@]1(CCOc2c1cccc2)C(=O)Nc3nncn3C4CC4
Severe acute respiratory syndrome coronavirus 2,7GDX,N1U,A,405,Cc1cc(cc2c1N(C(=O)[C@H]2O)Cc3ccc(c(c3)OC)OC)Br
Severe acute respiratory syndrome coronavirus 2,7GDY,N2X,A,405,CCOc1ccccc1CN2c3ccc(cc3[C@@H](C2=O)O)Br
Severe acute respiratory syndrome coronavirus 2,7GDZ,N3I,A,404,Cc1ccncc1NC(=O)Cc2cc(cc(c2)Cl)OC
Severe acute respiratory syndrome coronavirus 2,7GE0,N3R,A,404,COc1ccccc1OCCNC(=O)C2=CC(=O)Nc3c2c(ccc3)F
Severe acute respiratory syndrome coronavirus 2,7GE1,N43,A,404,COc1ccccc1OCCNC(=O)C2=CC(=O)Nc3c2c(ccc3)OC
Severe acute respiratory syndrome coronavirus 2,7GE2,N4L,A,404,Cc1cccc2c1C(=CC(=O)N2)C(=O)NCCOc3ccccc3OC
Severe acute respiratory syndrome coronavirus 2,7GE3,N5L,A,403,Cc1c(cncc1NC(=O)Cc2cccc(c2)Cl)N
Severe acute respiratory syndrome coronavirus 2,7GE4,N6X,A,405,Cc1c(cncc1NC(=O)Cc2cccc(c2)C#N)N
Severe acute respiratory syndrome coronavirus 2,7GE5,N7L,A,404,Cc1ccncc1NC(=O)[C@@H]2C[C@H]2CF
Severe acute respiratory syndrome coronavirus 2,7GE6,N8X,A,405,Cc1cc(cc(c1)CC(=O)Nc2nncn2C)C
Severe acute respiratory syndrome coronavirus 2,7GE7,N9I,A,404,Cc1ccncc1CC(=O)Nc2cccc3c2CNCC3
Severe acute respiratory syndrome coronavirus 2,7GE8,NB0,A,404,c1ccc2c(c1)C(=CC(=O)N2)C(=O)N3CCN(CC3)c4ccccc4F
Severe acute respiratory syndrome coronavirus 2,7GE9,NB6,A,404,Cc1ccncc1NC(=O)Cc2cccc(c2)Br
Severe acute respiratory syndrome coronavirus 2,7GEA,N6F,A,404,C[C@@H](c1cccc(c1)Cl)C(=O)Nc2cnccc2NC(=O)C
Severe acute respiratory syndrome coronavirus 2,7GEB,NDI,A,404,Cc1ccncc1NC(=O)CN2CCN(CC2)C(=O)C
Severe acute respiratory syndrome coronavirus 2,7GEC,NEL,A,404,c1cc(cc(c1)Cl)CC(=O)Nc2cccc3c2cn[nH]3
Severe acute respiratory syndrome coronavirus 2,7GED,NGX,A,404,c1cc(cc(c1)Cl)C[C@@H](Cn2cncn2)O
Severe acute respiratory syndrome coronavirus 2,7GEE,NIJ,A,404,Cc1ccncc1NC(=O)CCc2cccc(c2)F
Severe acute respiratory syndrome coronavirus 2,7GEF,NJE,A,403,Cc1ccncc1NC(=O)CN2CCCCC2
Severe acute respiratory syndrome coronavirus 2,7GEG,NJU,A,404,c1cc(cc(c1)Cl)CC(=O)Nc2cncc3c2CCCC3
Severe acute respiratory syndrome coronavirus 2,7GEH,NKU,A,404,CN(Cc1cccc(c1)Cl)C(=O)Cn2c3ccccc3nn2
Severe acute respiratory syndrome coronavirus 2,7GEI,NM0,A,404,c1ccn2c(c1)ncc2NC(=O)Cc3cccc(c3)Cl
Severe acute respiratory syndrome coronavirus 2,7GEJ,NO0,A,404,C#Cc1cccc(c1)CC(=O)Nc2cncc3c2cccc3
Severe acute respiratory syndrome coronavirus 2,7GEK,NOI,A,404,Cn1cncc1NC(=O)Cc2cccc(c2)Cl
Severe acute respiratory syndrome coronavirus 2,7GEL,NQ3,A,404,Cc1ccncc1N2C=CN(C2=O)c3cccc(c3)Cl
Severe acute respiratory syndrome coronavirus 2,7GEM,NQO,A,404,Cc1ccnnc1NC(=O)Cc2cccc(c2)Cl
Severe acute respiratory syndrome coronavirus 2,7GEN,NRC,A,404,Cc1ccncc1NC(=O)[C@@H](c2cccc(c2)Cl)C(=O)OC
Severe acute respiratory syndrome coronavirus 2,7GEO,NRX,A,404,c1ccn2cnc(c2c1)NC(=O)Cc3cccc(c3)Cl
Severe acute respiratory syndrome coronavirus 2,7GEQ,NSR,A,404,c1ccc2c(c1)cncc2NC(=O)[C@@H]3CCOc4c3cc(cc4)Cl
Severe acute respiratory syndrome coronavirus 2,7GER,NU0,A,404,c1cc(cc(c1)Cl)CC(=O)Nc2cncc3c2cncc3
Severe acute respiratory syndrome coronavirus 2,7GES,NUR,A,404,CN(c1cncc2c1cccc2)C(=O)Cc3cccc(c3)Cl
Severe acute respiratory syndrome coronavirus 2,7GET,NV9,A,404,c1ccc(cc1)c2ccncc2NC(=O)Cc3cccc(c3)Cl
Severe acute respiratory syndrome coronavirus 2,7GEU,NVO,A,404,c1ccc2c(c1)cnnc2NC(=O)Cc3cccc(c3)Cl
Severe acute respiratory syndrome coronavirus 2,7GEV,NW0,A,404,Cc1ccncc1NC(=O)CCc2cccc(c2)Cl
Severe acute respiratory syndrome coronavirus 2,7GEW,NWI,A,404,c1cc(cc(c1)Cl)CC(=O)Nc2cncc3c2nccc3
Severe acute respiratory syndrome coronavirus 2,7GEX,NX9,A,404,c1cc(cc(c1)Cl)CC(=O)Nc2c[nH]nc2
Severe acute respiratory syndrome coronavirus 2,7GEY,NYR,A,404,Cc1c(c[nH]n1)CC(=O)Nc2cccc(c2)Cl
Severe acute respiratory syndrome coronavirus 2,7GEZ,NZK,A,404,CC(=O)N1CCN(CC1)CC(=O)Nc2cncc3c2cccc3
Severe acute respiratory syndrome coronavirus 2,7GF0,O0C,A,404,c1cc(cc(c1)Cl)CC(=O)Nc2cncc3c2ccnc3
Severe acute respiratory syndrome coronavirus 2,7GF1,O0R,A,404,c1cc(cc(c1)Cl)CC(=O)Nc2cnccc2C3CC3
Severe acute respiratory syndrome coronavirus 2,7GF2,O0X,A,404,c1cc(cc(c1)Cl)CC(=O)Nc2cncc3c2cccn3
Severe acute respiratory syndrome coronavirus 2,7GF3,O1I,A,404,Cc1ccncc1NC(=O)[C@H](CO)c2cccc(c2)Cl
Severe acute respiratory syndrome coronavirus 2,7GF4,O1X,A,404,Cc1ccncc1NC(=O)[C@H](C)OC(F)F
Severe acute respiratory syndrome coronavirus 2,7GF5,O2R,A,404,CCCCOc1ccc(cc1CC(=O)Nc2cnccc2C)Cl
Severe acute respiratory syndrome coronavirus 2,7GF6,O3I,A,404,Cc1ccc(c(c1F)F)c2cc(cc(c2)Cl)CC(=O)Nc3cnccc3C
Severe acute respiratory syndrome coronavirus 2,7GF7,O3U,A,404,CC(=O)NC1=NC(=C(C2(C1C#N)CCCCC2)C#N)SC
Severe acute respiratory syndrome coronavirus 2,7GF8,O4L,A,404,Cc1cc(c(n1NC(=O)C2=NNC(=O)c3c2cccc3)C)C(=O)C
Severe acute respiratory syndrome coronavirus 2,7GF9,O5C,A,404,Cc1c(c2ccccn2c1C(=O)c3ccc(cc3)F)C(=O)C
Severe acute respiratory syndrome coronavirus 2,7GFA,Z26,A,404,COc1ccc(cc1CC(=O)Nc2cncc3c2cccc3)Cl
Severe acute respiratory syndrome coronavirus 2,7GFB,NSR,A,404,c1ccc2c(c1)cncc2NC(=O)[C@@H]3CCOc4c3cc(cc4)Cl
Severe acute respiratory syndrome coronavirus 2,7GFC,O87,A,404,c1ccc2c(c1)C(=CC(=O)N2)C(=O)N3CCN(CC3)c4cccc(c4)C(F)(F)F
Severe acute respiratory syndrome coronavirus 2,7GFD,O8L,A,404,Cc1ccncc1NC(=O)[C@@H](C)c2cc(cc(c2)Cl)O[C@@H]3CC(=O)N3
Severe acute respiratory syndrome coronavirus 2,7GFE,O9O,A,404,COc1cccc(n1)Oc2cc(cc(c2)Cl)NC(=O)Cc3cncc4c3cccc4
Severe acute respiratory syndrome coronavirus 2,7GFF,O9X,A,404,Cc1ccncc1NC(=O)[C@@H](C)OC(F)F
Severe acute respiratory syndrome coronavirus 2,7GFG,OAO,A,404,Cc1ccncc1NC(=O)Cc2cc(cc(c2)Cl)OCc3nc(no3)C
Severe acute respiratory syndrome coronavirus 2,7GFH,OBO,A,404,c1cc(cc(c1)Cl)CC(=O)Nc2cncc3c2[nH]cn3
Severe acute respiratory syndrome coronavirus 2,7GFI,OCI,A,404,Cc1ccncc1NC(=O)Cc2cc(cc(c2)Cl)NS(=O)(=O)N
Severe acute respiratory syndrome coronavirus 2,7GFJ,OD7,A,404,COc1ccc2c(c1)n(nn2)CC(=O)N(Cc3ccccn3)c4ccc(cc4)C5CCNCC5
Severe acute respiratory syndrome coronavirus 2,7GFK,ODX,A,404,Cc1ccncc1NC(=O)Cc2cc(cc(c2)Cl)N[C@H]3CCC[C@@H]3O
Severe acute respiratory syndrome coronavirus 2,7GFL,OE6,A,404,c1ccc2c(c1)nnn2NC(=O)Cc3cccc(c3)Cl
Severe acute respiratory syndrome coronavirus 2,7GFM,OEO,A,404,CN(C)c1ccc(cc1)N(Cc2ccsc2)C(=O)Cc3cncc4c3cccc4
Severe acute respiratory syndrome coronavirus 2,7GFN,OFX,A,404,CN(C)c1ccc(cc1)N(Cc2ccn[nH]2)C(=O)Cn3c4ccccc4nn3
Severe acute respiratory syndrome coronavirus 2,7GFO,OGF,A,404,CNC(=O)Nc1ccc(cc1)N(Cc2ccsc2)C(=O)Cn3c4ccccc4nn3
Severe acute respiratory syndrome coronavirus 2,7GFP,OHC,A,404,Cc1ccncc1NC(=O)Cc2cc(cc(c2)Cl)CNC(=O)C
Severe acute respiratory syndrome coronavirus 2,7GFQ,OI4,A,404,Cc1ccncc1NC(=O)[C@@H]2CCOc3c2cc(cc3)Cl
Severe acute respiratory syndrome coronavirus 2,7GFR,OIE,A,404,c1ccc2c(c1)cncc2NC(=O)Cc3cc(ccn3)Cl
Severe acute respiratory syndrome coronavirus 2,7GFS,OIK,A,404,c1ccc(cc1)N2CCN(CC2)C(=O)c3cncc4c3cccc4
Severe acute respiratory syndrome coronavirus 2,7GFT,OIX,A,404,COc1ccccc1OCCNC(=O)c2cncc3c2cccc3
Severe acute respiratory syndrome coronavirus 2,7GFU,OJ9,A,404,c1ccc2c(c1)cncc2NC(=O)Cc3cc(cc4c3occ4)Cl
Severe acute respiratory syndrome coronavirus 2,7GFV,OJO,A,404,CC(=O)N1CCN(CC1)Cc2cc(cc(c2)Cl)O
Severe acute respiratory syndrome coronavirus 2,7GFW,OK9,A,404,c1cc(sc1)C(=O)N/C(=C\c2ccc(s2)N3CCOCC3)/C=O
Severe acute respiratory syndrome coronavirus 2,7GFX,OKW,A,404,c1cc(cc(c1)Cl)CC(=O)Nc2cncc3c2CCC3
Severe acute respiratory syndrome coronavirus 2,7GFY,OLX,A,404,CCc1ccc2c(c1)[C@H](C(=O)N2CC(=O)O)O
Severe acute respiratory syndrome coronavirus 2,7GFZ,ONU,A,404,COc1ccccc1NC2CN(C2)C(=O)C3=CC(=O)Nc4c3cccc4
Severe acute respiratory syndrome coronavirus 2,7GFZ,ONU,A,405,COc1ccccc1NC2CN(C2)C(=O)C3=CC(=O)Nc4c3cccc4
Severe acute respiratory syndrome coronavirus 2,7GG0,OGV,A,404,c1ccn2c(c1)nnc2NC(=O)Cc3cccc(c3)Cl
Severe acute respiratory syndrome coronavirus 2,7GG1,OGO,A,404,COc1ccccc1OC2CN(C2)C(=O)C3=CC(=O)Nc4c3cccc4
Severe acute respiratory syndrome coronavirus 2,7GG2,OO6,A,404,C[C@@H]1COc2ccc(cc2[C@@H]1C(=O)Nc3cncc4c3cccc4)Cl
Severe acute respiratory syndrome coronavirus 2,7GG3,OOL,A,404,[H]/N=C/c1nc(cc(n1)OC)OC
Severe acute respiratory syndrome coronavirus 2,7GG4,OPU,A,404,Cc1ccn2cnnc2c1NC(=O)[C@@H]3CCOc4c3cc(cc4)Cl
Severe acute respiratory syndrome coronavirus 2,7GG5,OQF,A,404,CN(C)c1ccc(cc1)N(Cc2cscn2)C(=O)Cn3c4ccccc4nn3
Severe acute respiratory syndrome coronavirus 2,7GG6,OQL,A,404,c1ccc2c(c1)cncc2NC(=O)[C@@H]3CCNc4c3cc(cc4)Cl
Severe acute respiratory syndrome coronavirus 2,7GG7,OQX,A,404,COc1ccc(cc1)N(Cc2cccc(c2)Cl)C(=O)Cn3c4ccccc4nn3
Severe acute respiratory syndrome coronavirus 2,7GG8,ORR,A,404,c1cc(cc(c1)Cl)CC(=O)N2CCCc3c2cncc3N
Severe acute respiratory syndrome coronavirus 2,7GG9,SQ2,A,404,CC1CCN(CC1)C(=O)Cn2c3ccccc3nn2
Severe acute respiratory syndrome coronavirus 2,7GGA,OSI,A,404,C[C@]1(CCOc2c1cc(cc2)Cl)C(=O)Nc3cncc4c3cccc4
Severe acute respiratory syndrome coronavirus 2,7GGB,OT6,A,404,Cc1ccncc1NC(=O)Cc2cc(cc(c2)Cl)NCC(C)(C)C#N
Severe acute respiratory syndrome coronavirus 2,7GGC,OTV,A,404,Cc1ccncc1NC(=O)Cc2cc(cc(c2)Cl)N[C@H]3C[C@H]3C(F)(F)F
Severe acute respiratory syndrome coronavirus 2,7GGD,OUF,A,404,CC(C)OCCCN(Cc1ccco1)C(=O)NC2=CN(C(=O)c3c2cccc3)C
Severe acute respiratory syndrome coronavirus 2,7GGE,OV4,A,404,CN(C)c1ccc(cc1)N(Cc2ccccc2)C(=O)Cn3c4ccccc4nn3
Severe acute respiratory syndrome coronavirus 2,7GGF,OVF,A,404,CN(C)c1ccc(cc1)N(Cc2cccc(c2)Cl)C(=O)Cn3c4ccccc4nn3
Severe acute respiratory syndrome coronavirus 2,7GGG,OVX,A,404,c1ccc2c(c1)cncc2C(=O)N3CCN(C(=O)C3)c4cccc(c4)Cl
Severe acute respiratory syndrome coronavirus 2,7GGH,OWC,A,404,c1ccc2c(c1)cncc2N3CCC[C@H](C3=O)c4cccc(c4)Cl
Severe acute respiratory syndrome coronavirus 2,7GGI,OWX,A,404,c1cc(cc(c1)Cl)CC(=O)Nc2cncc3c2CCCN3
Severe acute respiratory syndrome coronavirus 2,7GGJ,OYF,A,404,c1cc2c(cc1Cl)[C@@H](CCO2)C(=O)Nc3cncc4c3ccnc4
Severe acute respiratory syndrome coronavirus 2,7GGK,OYX,A,404,c1ccc2c(c1)cncc2CC(=O)N(CCC3CCCCC3)Cc4cccs4
Severe acute respiratory syndrome coronavirus 2,7GGL,OZC,A,404,c1ccc2c(c1)cncc2N3CCC[C@H](C3=O)c4ccc(cc4)Cl
Severe acute respiratory syndrome coronavirus 2,7GGM,OZX,A,404,c1ccc2c(c1)cncc2NC(=O)Cc3cccc(n3)Cl
Severe acute respiratory syndrome coronavirus 2,7GGN,P0X,A,404,c1ccc2c(c1)C(=CC(=O)N2)C(=O)N3CCN(C(=O)C3)c4cccc(c4)Cl
Severe acute respiratory syndrome coronavirus 2,7GGO,P3L,A,404,c1cc2c(cc1Cl)[C@@H](CCO2)C(=O)N[C@@H]3CCNC(=O)C3
Severe acute respiratory syndrome coronavirus 2,7GGP,P4R,A,404,c1ccc2c(c1)cncc2N3C(=O)[C@@]4(CCOc5c4cc(cc5)Cl)NC3=O
Severe acute respiratory syndrome coronavirus 2,7GGQ,OQL,A,404,c1ccc2c(c1)cncc2NC(=O)[C@@H]3CCNc4c3cc(cc4)Cl
Severe acute respiratory syndrome coronavirus 2,7GGR,P6O,A,404,c1ccc2c(c1)cncc2NC(=O)[C@@]3(CC(=O)Nc4c3cc(cc4)Cl)O
Severe acute respiratory syndrome coronavirus 2,7GGS,P7R,A,404,CN1c2c(cncc2NC(=O)[C@@H]3CCOc4c3cc(cc4)Cl)NC1=O
Severe acute respiratory syndrome coronavirus 2,7GGT,P9O,A,404,c1cc2c(cc1Cl)[C@@H](CCO2)C(=O)Nc3cncc4c3CNCC4
Severe acute respiratory syndrome coronavirus 2,7GGU,PJ6,A,404,CO[C@]1(CCOc2c1cc(cc2)Cl)C(=O)Nc3cncc4c3cccc4
Severe acute respiratory syndrome coronavirus 2,7GGV,PJX,A,404,CN1CC[C@H](c2c1ccc(c2)Cl)C(=O)Nc3cncc4c3cccc4
Severe acute respiratory syndrome coronavirus 2,7GGW,PKW,A,404,Cn1cnc2c1c(cnc2)NC(=O)[C@@H]3CCOc4c3cc(cc4)Cl
Severe acute respiratory syndrome coronavirus 2,7GGX,PQ6,A,404,c1ccc2c(c1)cncc2NC(=O)[C@@]3(CCOc4c3cc(cc4)Cl)CN
Severe acute respiratory syndrome coronavirus 2,7GGY,PUU,A,404,CC(=O)N1CC[C@H](c2c1ccc(c2)Cl)C(=O)Nc3cncc4c3cccc4
Severe acute respiratory syndrome coronavirus 2,7GGZ,PVR,A,404,CC(=O)N1CCN(CC1)CC(=O)Nc2cnccc2C3CC3
Severe acute respiratory syndrome coronavirus 2,7GH0,PWR,A,404,c1ccc2c(c1)c[n+](cc2NC(=O)[C@@H]3CCOc4c3cc(cc4)Cl)[O-]
Severe acute respiratory syndrome coronavirus 2,7GH1,PZ6,A,404,c1ccc2c(c1)cncc2NC(=O)[C@]3(CCOc4c3cc(cc4)Cl)CN
Severe acute respiratory syndrome coronavirus 2,7GH2,Q0I,A,404,CCC(=O)N(c1cncc2c1cccc2)C(=O)[C@@H]3CCOc4c3cc(cc4)Cl
Severe acute respiratory syndrome coronavirus 2,7GH3,Q1C,A,404,Cc1ccncc1NC(=O)CN2CCC(CC2)C
Severe acute respiratory syndrome coronavirus 2,7GH4,Q1U,A,404,COc1ccc2cncc(c2c1)NC(=O)Cc3cccc(c3)Cl
Severe acute respiratory syndrome coronavirus 2,7GH5,Q2G,A,1001,Cc1ccncc1NC(=O)Nc2cccc(c2)Cl
Severe acute respiratory syndrome coronavirus 2,7GH6,Q2U,A,1001,COc1ccccc1OCCNC(=O)C2=CC(=O)Nc3c2cccc3
Severe acute respiratory syndrome coronavirus 2,7GH7,Q36,A,1001,Cc1ccncc1NC(=O)[C@H](C)c2cccc(c2)C#N
Severe acute respiratory syndrome coronavirus 2,7GH8,Q3U,A,1001,c1cc(cc(c1)Cl)NC(=O)Nc2cc(cnc2)N
Severe acute respiratory syndrome coronavirus 2,7GH9,Q45,A,1001,CS(=O)(=O)NCC[C@@H]1CCCCN1CC(=O)Nc2cccnc2
Severe acute respiratory syndrome coronavirus 2,7GHA,Q4F,A,1001,CC(=O)N1C[C@@H]2C[C@H]1CN2Cc3cccc(c3)Cl
Severe acute respiratory syndrome coronavirus 2,7GHB,Q4R,A,1001,Cc1ccncc1NC(=O)CN(C)S(=O)(=O)c2cccc3c2nccc3
Severe acute respiratory syndrome coronavirus 2,7GHC,Q5C,A,1001,Cc1ccncc1NC(=O)CNC(=O)Cc2cccnc2
Severe acute respiratory syndrome coronavirus 2,7GHD,Q5K,A,1001,c1ccc(c(c1)NC(=O)[C@H](c2cccnc2)O)NS(=O)(=O)c3ccc(cc3)F
Severe acute respiratory syndrome coronavirus 2,7GHE,Q5R,A,1001,c1ccc(cc1)N2CCN(CC2)C(=O)C3=CC(=O)Nc4c3cccc4
Severe acute respiratory syndrome coronavirus 2,7GHF,Q60,A,1001,Cn1cc(nn1)CNC(=O)N(CCc2ccccc2)Cc3cccnc3
Severe acute respiratory syndrome coronavirus 2,7GHG,Q69,A,1001,CC(=O)N[C@@H](CO)c1cccc(c1)Cl
Severe acute respiratory syndrome coronavirus 2,7GHH,Q6U,A,1001,CC(=O)N1CCN(CC1)CC#C
Severe acute respiratory syndrome coronavirus 2,7GHI,Q7C,A,405,CC(=O)N(CCC(=O)N)[C@H]1CCS(=O)(=O)C1
Severe acute respiratory syndrome coronavirus 2,7GHJ,Q7R,A,405,CC(=O)N1CCN(CC1)C(c2ccccc2)c3ccccc3
Severe acute respiratory syndrome coronavirus 2,7GHK,Q8I,A,1001,CNCc1c[nH]c2c1cc(cc2)F
Severe acute respiratory syndrome coronavirus 2,7GHL,Q8O,A,1001,Cc1ccncc1NC(=O)Cc2ccc3c(c2)[nH]cn3
Severe acute respiratory syndrome coronavirus 2,7GHM,Q99,A,403,c1ccc2c(c1)C(=CC(=O)N2)C(=O)NCCOc3cc(cc(c3)Cl)O[C@H]4CC(=O)N4
Severe acute respiratory syndrome coronavirus 2,7GHM,Q99,B,403,c1ccc2c(c1)C(=CC(=O)N2)C(=O)NCCOc3cc(cc(c3)Cl)O[C@H]4CC(=O)N4
Severe acute respiratory syndrome coronavirus 2,7GHN,QBR,A,403,CC(C)(C)c1ccc(cc1)N([C@H](c2cccnc2)C(=O)NCCc3cccc(c3)F)C(=O)c4ccco4
Severe acute respiratory syndrome coronavirus 2,7GHN,QBR,B,403,CC(C)(C)c1ccc(cc1)N([C@H](c2cccnc2)C(=O)NCCc3cccc(c3)F)C(=O)c4ccco4
Severe acute respiratory syndrome coronavirus 2,7GHO,QC3,A,404,c1ccc2c(c1)cncc2N3CC[C@H](C3=O)c4cccc(c4)Cl
Severe acute respiratory syndrome coronavirus 2,7GHO,QC3,B,403,c1ccc2c(c1)cncc2N3CC[C@H](C3=O)c4cccc(c4)Cl
Severe acute respiratory syndrome coronavirus 2,7GHP,OYF,A,404,c1cc2c(cc1Cl)[C@@H](CCO2)C(=O)Nc3cncc4c3ccnc4
Severe acute respiratory syndrome coronavirus 2,7GHP,OYF,B,403,c1cc2c(cc1Cl)[C@@H](CCO2)C(=O)Nc3cncc4c3ccnc4
Severe acute respiratory syndrome coronavirus 2,7GHQ,OYX,B,404,c1ccc2c(c1)cncc2CC(=O)N(CCC3CCCCC3)Cc4cccs4
Severe acute respiratory syndrome coronavirus 2,7GHQ,OYX,A,403,c1ccc2c(c1)cncc2CC(=O)N(CCC3CCCCC3)Cc4cccs4
Severe acute respiratory syndrome coronavirus 2,7GHR,OZC,B,403,c1ccc2c(c1)cncc2N3CCC[C@H](C3=O)c4ccc(cc4)Cl
Severe acute respiratory syndrome coronavirus 2,7GHR,OZC,A,403,c1ccc2c(c1)cncc2N3CCC[C@H](C3=O)c4ccc(cc4)Cl
Severe acute respiratory syndrome coronavirus 2,7GHS,OVX,A,404,c1ccc2c(c1)cncc2C(=O)N3CCN(C(=O)C3)c4cccc(c4)Cl
Severe acute respiratory syndrome coronavirus 2,7GHS,OVX,B,404,c1ccc2c(c1)cncc2C(=O)N3CCN(C(=O)C3)c4cccc(c4)Cl
Severe acute respiratory syndrome coronavirus 2,7GHT,OWC,A,404,c1ccc2c(c1)cncc2N3CCC[C@H](C3=O)c4cccc(c4)Cl
Severe acute respiratory syndrome coronavirus 2,7GHT,OWC,B,403,c1ccc2c(c1)cncc2N3CCC[C@H](C3=O)c4cccc(c4)Cl
Severe acute respiratory syndrome coronavirus 2,7GHU,P4R,B,403,c1ccc2c(c1)cncc2N3C(=O)[C@@]4(CCOc5c4cc(cc5)Cl)NC3=O
Severe acute respiratory syndrome coronavirus 2,7GHU,P4R,A,404,c1ccc2c(c1)cncc2N3C(=O)[C@@]4(CCOc5c4cc(cc5)Cl)NC3=O
Severe acute respiratory syndrome coronavirus 2,7GHV,OZX,A,404,c1ccc2c(c1)cncc2NC(=O)Cc3cccc(n3)Cl
Severe acute respiratory syndrome coronavirus 2,7GHV,OZX,B,403,c1ccc2c(c1)cncc2NC(=O)Cc3cccc(n3)Cl
Severe acute respiratory syndrome coronavirus 2,7GHW,P3L,B,404,c1cc2c(cc1Cl)[C@@H](CCO2)C(=O)N[C@@H]3CCNC(=O)C3
Severe acute respiratory syndrome coronavirus 2,7GHW,P3L,A,404,c1cc2c(cc1Cl)[C@@H](CCO2)C(=O)N[C@@H]3CCNC(=O)C3
Severe acute respiratory syndrome coronavirus 2,7GHX,P7R,A,404,CN1c2c(cncc2NC(=O)[C@@H]3CCOc4c3cc(cc4)Cl)NC1=O
Severe acute respiratory syndrome coronavirus 2,7GHX,P7R,B,404,CN1c2c(cncc2NC(=O)[C@@H]3CCOc4c3cc(cc4)Cl)NC1=O
Severe acute respiratory syndrome coronavirus 2,7GHY,P9O,A,404,c1cc2c(cc1Cl)[C@@H](CCO2)C(=O)Nc3cncc4c3CNCC4
Severe acute respiratory syndrome coronavirus 2,7GHY,P9O,B,403,c1cc2c(cc1Cl)[C@@H](CCO2)C(=O)Nc3cncc4c3CNCC4
Severe acute respiratory syndrome coronavirus 2,7GHZ,PJX,B,403,CN1CC[C@H](c2c1ccc(c2)Cl)C(=O)Nc3cncc4c3cccc4
Severe acute respiratory syndrome coronavirus 2,7GHZ,PJX,A,403,CN1CC[C@H](c2c1ccc(c2)Cl)C(=O)Nc3cncc4c3cccc4
Severe acute respiratory syndrome coronavirus 2,7GI0,OQL,B,404,c1ccc2c(c1)cncc2NC(=O)[C@@H]3CCNc4c3cc(cc4)Cl
Severe acute respiratory syndrome coronavirus 2,7GI0,OQL,A,403,c1ccc2c(c1)cncc2NC(=O)[C@@H]3CCNc4c3cc(cc4)Cl
Severe acute respiratory syndrome coronavirus 2,7GI1,PJ6,B,405,CO[C@]1(CCOc2c1cc(cc2)Cl)C(=O)Nc3cncc4c3cccc4
Severe acute respiratory syndrome coronavirus 2,7GI1,PJ6,A,404,CO[C@]1(CCOc2c1cc(cc2)Cl)C(=O)Nc3cncc4c3cccc4
Severe acute respiratory syndrome coronavirus 2,7GI2,PQ6,A,404,c1ccc2c(c1)cncc2NC(=O)[C@@]3(CCOc4c3cc(cc4)Cl)CN
Severe acute respiratory syndrome coronavirus 2,7GI2,PQ6,B,403,c1ccc2c(c1)cncc2NC(=O)[C@@]3(CCOc4c3cc(cc4)Cl)CN
Severe acute respiratory syndrome coronavirus 2,7GI3,Q0I,B,404,CCC(=O)N(c1cncc2c1cccc2)C(=O)[C@@H]3CCOc4c3cc(cc4)Cl
Severe acute respiratory syndrome coronavirus 2,7GI3,Q0I,A,404,CCC(=O)N(c1cncc2c1cccc2)C(=O)[C@@H]3CCOc4c3cc(cc4)Cl
Severe acute respiratory syndrome coronavirus 2,7GI4,QCC,B,404,Cc1ccncc1NC(=O)Cc2cc(cc(c2)Cl)O[C@H]3CC(=O)N3
Severe acute respiratory syndrome coronavirus 2,7GI4,QCC,A,402,Cc1ccncc1NC(=O)Cc2cc(cc(c2)Cl)O[C@H]3CC(=O)N3
Severe acute respiratory syndrome coronavirus 2,7GI5,QCO,A,403,CC(C)Oc1ccc(cc1)N([C@H](c2cccnc2)C(=O)NCCc3cccc(c3)F)C(=O)c4c[nH]cn4
Severe acute respiratory syndrome coronavirus 2,7GI6,QD4,A,402,c1ccc2c(c1)cncc2NC(=O)[C@@H]3CCN(c4c3cc(cc4)Cl)C(=O)N
Severe acute respiratory syndrome coronavirus 2,7GI6,QD4,B,404,c1ccc2c(c1)cncc2NC(=O)[C@@H]3CCN(c4c3cc(cc4)Cl)C(=O)N
Severe acute respiratory syndrome coronavirus 2,7GI7,QD9,B,404,CN(C)c1ccc(nc1)N(Cc2cccc(c2)Cl)C(=O)Cc3cncc4c3cccc4
Severe acute respiratory syndrome coronavirus 2,7GI7,QD9,A,403,CN(C)c1ccc(nc1)N(Cc2cccc(c2)Cl)C(=O)Cc3cncc4c3cccc4
Severe acute respiratory syndrome coronavirus 2,7GI8,QDF,A,404,c1ccc2c(c1)cncc2NC(=O)[C@@H]3CC(=O)Nc4c3cc(cc4)Cl
Severe acute respiratory syndrome coronavirus 2,7GI8,QDF,B,403,c1ccc2c(c1)cncc2NC(=O)[C@@H]3CC(=O)Nc4c3cc(cc4)Cl
Severe acute respiratory syndrome coronavirus 2,7GI9,QDU,A,404,c1ccc2c(c1)cncc2NC(=O)Cc3cc(ccc3F)F
Severe acute respiratory syndrome coronavirus 2,7GI9,QDU,B,403,c1ccc2c(c1)cncc2NC(=O)Cc3cc(ccc3F)F
Severe acute respiratory syndrome coronavirus 2,7GIA,QE3,A,404,c1ccc2c(c1)cncc2NC(=O)Cc3ccc(cn3)Cl
Severe acute respiratory syndrome coronavirus 2,7GIA,QE3,B,403,c1ccc2c(c1)cncc2NC(=O)Cc3ccc(cn3)Cl
Severe acute respiratory syndrome coronavirus 2,7GIB,QER,A,404,c1ccc2c(c1)cncc2NC(=O)Cc3cccc(c3)F
Severe acute respiratory syndrome coronavirus 2,7GIB,QER,B,404,c1ccc2c(c1)cncc2NC(=O)Cc3cccc(c3)F
Severe acute respiratory syndrome coronavirus 2,7GIC,QEX,A,404,Cc1cccc(c1)CC(=O)Nc2cncc3c2cccc3
Severe acute respiratory syndrome coronavirus 2,7GIC,QEX,B,403,Cc1cccc(c1)CC(=O)Nc2cncc3c2cccc3
Severe acute respiratory syndrome coronavirus 2,7GID,QF5,A,404,c1ccc(cc1)CC(=O)Nc2cncc3c2cccc3
Severe acute respiratory syndrome coronavirus 2,7GID,QF5,B,403,c1ccc(cc1)CC(=O)Nc2cncc3c2cccc3
Severe acute respiratory syndrome coronavirus 2,7GIE,QF9,A,403,c1ccc2c(c1)cncc2NC(=O)Cc3cc(cc(c3)Cl)C#N
Severe acute respiratory syndrome coronavirus 2,7GIF,QFL,A,404,c1ccc2c(c1)cncc2NC(=O)Cc3ccc(cc3)F
Severe acute respiratory syndrome coronavirus 2,7GIF,QFL,B,403,c1ccc2c(c1)cncc2NC(=O)Cc3ccc(cc3)F
Severe acute respiratory syndrome coronavirus 2,7GIG,QFU,A,404,c1ccc2c(c1)cncc2NC(=O)Cc3cccc(c3)C#N
Severe acute respiratory syndrome coronavirus 2,7GIH,QG3,A,404,c1ccc2c(c1)cncc2NC(=O)Cc3cc(cc(c3)F)F
Severe acute respiratory syndrome coronavirus 2,7GIH,QG3,B,403,c1ccc2c(c1)cncc2NC(=O)Cc3cc(cc(c3)F)F
Severe acute respiratory syndrome coronavirus 2,7GII,QGC,A,404,c1ccc2c(c1)cncc2NC(=O)[C@@H]3CCN(c4c3cc(cc4)Cl)Cc5[nH]cnn5
Severe acute respiratory syndrome coronavirus 2,7GII,QGC,B,403,c1ccc2c(c1)cncc2NC(=O)[C@@H]3CCN(c4c3cc(cc4)Cl)Cc5[nH]cnn5
Severe acute respiratory syndrome coronavirus 2,7GIJ,QGO,A,405,CN(C)C(=O)C[C@]1(CCOc2c1cc(cc2)Cl)C(=O)Nc3cncc4c3cccc4
Severe acute respiratory syndrome coronavirus 2,7GIJ,QGO,A,404,CN(C)C(=O)C[C@]1(CCOc2c1cc(cc2)Cl)C(=O)Nc3cncc4c3cccc4
Severe acute respiratory syndrome coronavirus 2,7GIK,QGX,A,404,c1ccc2c(c1)cncc2NC(=O)[C@@H](c3ccc(c(c3)Cl)Cl)N
Severe acute respiratory syndrome coronavirus 2,7GIK,QGX,B,403,c1ccc2c(c1)cncc2NC(=O)[C@@H](c3ccc(c(c3)Cl)Cl)N
Severe acute respiratory syndrome coronavirus 2,7GIL,QH6,A,404,c1ccc2c(c1)cncc2NC(=O)Cc3ccc(c(c3)Cl)F
Severe acute respiratory syndrome coronavirus 2,7GIL,QH6,B,403,c1ccc2c(c1)cncc2NC(=O)Cc3ccc(c(c3)Cl)F
Severe acute respiratory syndrome coronavirus 2,7GIM,QHI,A,404,c1ccc2c(c1)cncc2NC(=O)[C@@H]3CCOc4c3cc(cc4Cl)Cl
Severe acute respiratory syndrome coronavirus 2,7GIM,QHI,B,404,c1ccc2c(c1)cncc2NC(=O)[C@@H]3CCOc4c3cc(cc4Cl)Cl
Severe acute respiratory syndrome coronavirus 2,7GIN,QHU,A,404,c1ccc2c(c1)cncc2NC(=O)[C@@H]3CCOc4c3cc(c(c4)Cl)Cl
Severe acute respiratory syndrome coronavirus 2,7GIO,QI4,A,404,C[C@@H](c1ccc(c(c1)Cl)Cl)C(=O)Nc2cncc3c2cccc3
Severe acute respiratory syndrome coronavirus 2,7GIO,QI4,B,403,C[C@@H](c1ccc(c(c1)Cl)Cl)C(=O)Nc2cncc3c2cccc3
Severe acute respiratory syndrome coronavirus 2,7GIP,QI7,A,404,c1ccc2c(c1)cncc2NC(=O)[C@@H]3CCN(c4c3cc(cc4)Cl)Cc5[nH]ccn5
Severe acute respiratory syndrome coronavirus 2,7GIP,QI7,B,404,c1ccc2c(c1)cncc2NC(=O)[C@@H]3CCN(c4c3cc(cc4)Cl)Cc5[nH]ccn5
Severe acute respiratory syndrome coronavirus 2,7GIQ,QIM,A,404,CS(=O)(=O)c1ccc2cncc(c2c1)NC(=O)[C@@H]3CCOc4c3cc(cc4)Cl
Severe acute respiratory syndrome coronavirus 2,7GIQ,QIM,B,403,CS(=O)(=O)c1ccc2cncc(c2c1)NC(=O)[C@@H]3CCOc4c3cc(cc4)Cl
Severe acute respiratory syndrome coronavirus 2,7GIR,QIB,B,404,c1ccc2c(c1)cncc2NC(=O)[C@@]3(CCOc4c3cc(cc4)Cl)O
Severe acute respiratory syndrome coronavirus 2,7GIR,QIB,A,404,c1ccc2c(c1)cncc2NC(=O)[C@@]3(CCOc4c3cc(cc4)Cl)O
Severe acute respiratory syndrome coronavirus 2,7GIS,QIQ,A,404,c1ccc2c(c1)cncc2NC(=O)Cc3cc(cnc3)Cl
Severe acute respiratory syndrome coronavirus 2,7GIS,QIQ,B,403,c1ccc2c(c1)cncc2NC(=O)Cc3cc(cnc3)Cl
Severe acute respiratory syndrome coronavirus 2,7GIT,QIT,B,404,CN[C@@H](c1ccc(c(c1)Cl)Cl)C(=O)Nc2cncc3c2cccc3
Severe acute respiratory syndrome coronavirus 2,7GIT,QIT,A,404,CN[C@@H](c1ccc(c(c1)Cl)Cl)C(=O)Nc2cncc3c2cccc3
Severe acute respiratory syndrome coronavirus 2,7GIU,QIZ,B,404,c1ccc2c(c1)cncc2NC(=O)[C@@H]3CCOc4c3cc(c(c4)F)Cl
Severe acute respiratory syndrome coronavirus 2,7GIU,QIZ,A,404,c1ccc2c(c1)cncc2NC(=O)[C@@H]3CCOc4c3cc(c(c4)F)Cl
Severe acute respiratory syndrome coronavirus 2,7GIV,QJ6,A,404,CO[C@H](c1ccc(c(c1)Cl)Cl)C(=O)Nc2cncc3c2cccc3
Severe acute respiratory syndrome coronavirus 2,7GIV,QJ6,B,403,CO[C@H](c1ccc(c(c1)Cl)Cl)C(=O)Nc2cncc3c2cccc3
Severe acute respiratory syndrome coronavirus 2,7GIW,QJF,A,404,COc1ccc2cncc(c2c1)NC(=O)[C@@H]3CCOc4c3cc(cc4)Cl
Severe acute respiratory syndrome coronavirus 2,7GIX,P4R,A,404,c1ccc2c(c1)cncc2N3C(=O)[C@@]4(CCOc5c4cc(cc5)Cl)NC3=O
Severe acute respiratory syndrome coronavirus 2,7GIX,P4R,B,403,c1ccc2c(c1)cncc2N3C(=O)[C@@]4(CCOc5c4cc(cc5)Cl)NC3=O
Severe acute respiratory syndrome coronavirus 2,7GIY,OI4,A,404,Cc1ccncc1NC(=O)[C@@H]2CCOc3c2cc(cc3)Cl
Severe acute respiratory syndrome coronavirus 2,7GIY,OI4,B,403,Cc1ccncc1NC(=O)[C@@H]2CCOc3c2cc(cc3)Cl
Severe acute respiratory syndrome coronavirus 2,7GIZ,PUU,B,403,CC(=O)N1CC[C@H](c2c1ccc(c2)Cl)C(=O)Nc3cncc4c3cccc4
Severe acute respiratory syndrome coronavirus 2,7GIZ,PUU,A,404,CC(=O)N1CC[C@H](c2c1ccc(c2)Cl)C(=O)Nc3cncc4c3cccc4
Severe acute respiratory syndrome coronavirus 2,7GJ0,QJL,A,404,CN(C)CC(=O)NC[C@]1(CCOc2c1cc(cc2)Cl)C(=O)Nc3cncc4c3cccc4
Severe acute respiratory syndrome coronavirus 2,7GJ0,QJL,B,403,CN(C)CC(=O)NC[C@]1(CCOc2c1cc(cc2)Cl)C(=O)Nc3cncc4c3cccc4
Severe acute respiratory syndrome coronavirus 2,7GJ1,QJR,A,404,c1cc(c(cc1CC(=O)Nc2cncc3c2ccnc3)Cl)Cl
Severe acute respiratory syndrome coronavirus 2,7GJ1,QJR,B,403,c1cc(c(cc1CC(=O)Nc2cncc3c2ccnc3)Cl)Cl
Severe acute respiratory syndrome coronavirus 2,7GJ2,QK3,A,404,c1ccc2c(c1)cncc2NC(=O)[C@@]3(CCOc4c3cc(cc4)Cl)CNC(=O)Cn5ccnc5
Severe acute respiratory syndrome coronavirus 2,7GJ2,QK3,B,403,c1ccc2c(c1)cncc2NC(=O)[C@@]3(CCOc4c3cc(cc4)Cl)CNC(=O)Cn5ccnc5
Severe acute respiratory syndrome coronavirus 2,7GJ3,PJ6,A,404,CO[C@]1(CCOc2c1cc(cc2)Cl)C(=O)Nc3cncc4c3cccc4
Severe acute respiratory syndrome coronavirus 2,7GJ3,PJ6,B,403,CO[C@]1(CCOc2c1cc(cc2)Cl)C(=O)Nc3cncc4c3cccc4
Severe acute respiratory syndrome coronavirus 2,7GJ4,QKB,A,404,c1cc2cncc(c2cc1F)NC(=O)[C@@H]3CCOc4c3cc(cc4)Cl
Severe acute respiratory syndrome coronavirus 2,7GJ5,PJX,A,404,CN1CC[C@H](c2c1ccc(c2)Cl)C(=O)Nc3cncc4c3cccc4
Severe acute respiratory syndrome coronavirus 2,7GJ6,QKI,B,404,c1ccc2c(c1)cncc2NC(=O)[C@H](c3ccc(c(c3)Cl)Cl)O
Severe acute respiratory syndrome coronavirus 2,7GJ6,QKI,A,404,c1ccc2c(c1)cncc2NC(=O)[C@H](c3ccc(c(c3)Cl)Cl)O
Severe acute respiratory syndrome coronavirus 2,7GJ7,Q0I,B,404,CCC(=O)N(c1cncc2c1cccc2)C(=O)[C@@H]3CCOc4c3cc(cc4)Cl
Severe acute respiratory syndrome coronavirus 2,7GJ7,Q0I,A,403,CCC(=O)N(c1cncc2c1cccc2)C(=O)[C@@H]3CCOc4c3cc(cc4)Cl
Severe acute respiratory syndrome coronavirus 2,7GJ8,QKR,A,404,c1ccc2c(c1)cncc2NC(=O)C(c3ccc(c(c3)Cl)Cl)(F)F
Severe acute respiratory syndrome coronavirus 2,7GJ8,QKR,B,403,c1ccc2c(c1)cncc2NC(=O)C(c3ccc(c(c3)Cl)Cl)(F)F
Severe acute respiratory syndrome coronavirus 2,7GJ9,QL3,B,406,CC(=O)Nc1ccc(cn1)N(Cc2cccc(c2)Cl)C(=O)Cc3cncc4c3cccc4
Severe acute respiratory syndrome coronavirus 2,7GJ9,QL3,A,403,CC(=O)Nc1ccc(cn1)N(Cc2cccc(c2)Cl)C(=O)Cc3cncc4c3cccc4
Severe acute respiratory syndrome coronavirus 2,7GJA,QLC,A,404,COCCO[C@H](c1ccc(c(c1)Cl)Cl)C(=O)Nc2cncc3c2cccc3
Severe acute respiratory syndrome coronavirus 2,7GJA,QLC,B,403,COCCO[C@H](c1ccc(c(c1)Cl)Cl)C(=O)Nc2cncc3c2cccc3
Severe acute respiratory syndrome coronavirus 2,7GJB,QLO,A,404,CNC(=O)C[C@]1(CCOc2c1cc(cc2)Cl)C(=O)Nc3cncc4c3cccc4
Severe acute respiratory syndrome coronavirus 2,7GJB,QLO,B,404,CNC(=O)C[C@]1(CCOc2c1cc(cc2)Cl)C(=O)Nc3cncc4c3cccc4
Severe acute respiratory syndrome coronavirus 2,7GJC,QM3,B,403,c1ccc2c(c1)cncc2N3C(=O)C[C@@]4(C3=O)CCOc5c4cc(cc5)Cl
Severe acute respiratory syndrome coronavirus 2,7GJC,QM3,A,403,c1ccc2c(c1)cncc2N3C(=O)C[C@@]4(C3=O)CCOc5c4cc(cc5)Cl
Severe acute respiratory syndrome coronavirus 2,7GJD,QM9,A,404,c1ccc2c(c1)cncc2NC(=O)[C@@]3(CCOc4c3cc(cc4)Cl)N
Severe acute respiratory syndrome coronavirus 2,7GJD,QM9,B,403,c1ccc2c(c1)cncc2NC(=O)[C@@]3(CCOc4c3cc(cc4)Cl)N
Severe acute respiratory syndrome coronavirus 2,7GJE,QML,B,404,CCC(=O)N(c1cncc2c1cccc2)C(=O)[C@@H]3COc4c3cc(cc4)Cl
Severe acute respiratory syndrome coronavirus 2,7GJE,QML,A,404,CCC(=O)N(c1cncc2c1cccc2)C(=O)[C@@H]3COc4c3cc(cc4)Cl
Severe acute respiratory syndrome coronavirus 2,7GJF,QMX,A,404,Cn1ccc(n1)CNC[C@]2(CCOc3c2cc(cc3)Cl)C(=O)Nc4cncc5c4cccc5
Severe acute respiratory syndrome coronavirus 2,7GJF,QMX,B,403,Cn1ccc(n1)CNC[C@]2(CCOc3c2cc(cc3)Cl)C(=O)Nc4cncc5c4cccc5
Severe acute respiratory syndrome coronavirus 2,7GJG,QN9,A,404,c1ccc2c(c1)cncc2NC(=O)[C@@]3(CCOc4c3cc(cc4)Cl)CC(=O)N5CCN(CC5)CCCO
Severe acute respiratory syndrome coronavirus 2,7GJH,QNU,A,404,c1ccc2c(c1)cncc2NC(=O)[C@@H]3CNCc4c3cc(cc4)Cl
Severe acute respiratory syndrome coronavirus 2,7GJH,QNU,B,403,c1ccc2c(c1)cncc2NC(=O)[C@@H]3CNCc4c3cc(cc4)Cl
Severe acute respiratory syndrome coronavirus 2,7GJI,QO0,B,404,CO[C@]1(CCOc2c1cc(c(c2)Cl)Cl)C(=O)Nc3cncc4c3cccc4
Severe acute respiratory syndrome coronavirus 2,7GJI,QO0,A,402,CO[C@]1(CCOc2c1cc(c(c2)Cl)Cl)C(=O)Nc3cncc4c3cccc4
Severe acute respiratory syndrome coronavirus 2,7GJJ,QOO,A,403,CCS(=O)(=O)N1CCN(CC1)c2cc(cc(c2)Cl)CC(=O)Nc3cncc4c3cccc4
Severe acute respiratory syndrome coronavirus 2,7GJK,QOU,A,404,COCC[C@]1(CCNc2c1cc(cc2)Cl)C(=O)Nc3cncc4c3cccc4
Severe acute respiratory syndrome coronavirus 2,7GJL,QOC,A,403,c1ccc2c(c1)cncc2N3CCC[C@@H](C3=O)c4ccc(c(c4)Cl)Cl
Severe acute respiratory syndrome coronavirus 2,7GJM,QP0,A,404,C[C@H]1COc2ccc(cc2[C@@H]1C(=O)Nc3cncc4c3cccc4)Cl
Severe acute respiratory syndrome coronavirus 2,7GJN,QP6,A,404,CO[C@]1(CCOc2c1cc(cc2F)F)C(=O)Nc3cncc4c3cccc4
Severe acute respiratory syndrome coronavirus 2,7GJN,QP6,B,404,CO[C@]1(CCOc2c1cc(cc2F)F)C(=O)Nc3cncc4c3cccc4
Severe acute respiratory syndrome coronavirus 2,7GJO,QIZ,A,404,c1ccc2c(c1)cncc2NC(=O)[C@@H]3CCOc4c3cc(c(c4)F)Cl
Severe acute respiratory syndrome coronavirus 2,7GJP,QPQ,A,404,CO[C@]1(CCOc2c1cc(c(c2)F)Cl)C(=O)Nc3cncc4c3cccc4
Severe acute respiratory syndrome coronavirus 2,7GJQ,QQ6,A,404,c1ccc2c(c1)cncc2NC(=O)[C@@H]3CCSc4c3cc(cc4)Cl
Severe acute respiratory syndrome coronavirus 2,7GJR,QQF,A,403,C[C@@](c1ccc(c(c1)Cl)Cl)(C(=O)Nc2cncc3c2cccc3)NC(=O)COC
Severe acute respiratory syndrome coronavirus 2,7GJS,QQO,A,404,CC(C)N1CCO[C@H](C1)C(=O)N[C@](C)(c2ccc(c(c2)Cl)Cl)C(=O)Nc3cncc4c3cccc4
Severe acute respiratory syndrome coronavirus 2,7GJT,QQU,A,403,c1ccc2c(c1)cncc2NC(=O)[C@@]3(CCOc4c3cc(cc4)Cl)CC(=O)N5CCCC[C@@H]5c6c[nH]nc6
Severe acute respiratory syndrome coronavirus 2,7GJU,QR5,A,404,C[C@@](c1ccc(c(c1)Cl)Cl)(C(=O)Nc2cncc3c2cccc3)NC(=O)CN4CCN(C4=O)C5CC5
Severe acute respiratory syndrome coronavirus 2,7GJV,QP6,B,403,CO[C@]1(CCOc2c1cc(cc2F)F)C(=O)Nc3cncc4c3cccc4
Severe acute respiratory syndrome coronavirus 2,7GJV,QP6,A,404,CO[C@]1(CCOc2c1cc(cc2F)F)C(=O)Nc3cncc4c3cccc4
Severe acute respiratory syndrome coronavirus 2,7GJW,QR9,A,408,CC(=O)N1C[C@H]2C[C@@H]1CN2C(=O)C[C@]3(CCOc4c3cc(cc4)Cl)C(=O)Nc5cncc6c5cccc6
Severe acute respiratory syndrome coronavirus 2,7GJX,QNU,A,408,c1ccc2c(c1)cncc2NC(=O)[C@@H]3CNCc4c3cc(cc4)Cl
Severe acute respiratory syndrome coronavirus 2,7GJY,QRS,A,406,C[C@@](c1ccc(c(c1)Cl)Cl)(C(=O)Nc2cncc3c2cccc3)NC(=O)[C@H]4CCN(C4)C
Severe acute respiratory syndrome coronavirus 2,7GJZ,QRF,B,403,c1ccc2c(c1)cncc2NC(=O)Cc3cc(cc(c3)Cl)N4CCN(CC4)C(=O)c5ccco5
Severe acute respiratory syndrome coronavirus 2,7GJZ,QRF,A,407,c1ccc2c(c1)cncc2NC(=O)Cc3cc(cc(c3)Cl)N4CCN(CC4)C(=O)c5ccco5
Severe acute respiratory syndrome coronavirus 2,7GK0,QS3,A,408,CN1C(=O)N(C(=O)[C@@]12CCOc3c2cc(cc3)Cl)c4cncc5c4cccc5
Severe acute respiratory syndrome coronavirus 2,7GK1,QSF,A,407,C[C@@]1(c2cc(ccc2NC1=O)Cl)C(=O)Nc3cncc4c3cccc4
Severe acute respiratory syndrome coronavirus 2,7GK2,QSX,A,408,CN1C[C@@H]2C[C@H]1CN2C(=O)C[C@]3(CCOc4c3cc(cc4)Cl)C(=O)Nc5cncc6c5cccc6
Severe acute respiratory syndrome coronavirus 2,7GK3,QT3,A,408,CN1CCc2ccc(cc2[C@@H]1C(=O)Nc3cncc4c3cccc4)Cl
Severe acute respiratory syndrome coronavirus 2,7GK4,QTC,A,408,CCc1cc(cc(c1)Cl)CC(=O)Nc2cncc3c2cccc3
Severe acute respiratory syndrome coronavirus 2,7GK5,QC3,B,403,c1ccc2c(c1)cncc2N3CC[C@H](C3=O)c4cccc(c4)Cl
Severe acute respiratory syndrome coronavirus 2,7GK5,QC3,A,408,c1ccc2c(c1)cncc2N3CC[C@H](C3=O)c4cccc(c4)Cl
Severe acute respiratory syndrome coronavirus 2,7GK6,QTL,A,408,c1ccc2c(c1)cncc2NC(=O)[C@H]3c4cc(ccc4CCN3)Cl
Severe acute respiratory syndrome coronavirus 2,7GK7,QU9,A,406,c1ccc2c(c1)cncc2NC(=O)[C@@]3(CCOc4c3cc(cc4)Cl)CC(=O)N5CCC[C@@H]5Cn6ccnc6
Severe acute respiratory syndrome coronavirus 2,7GK8,QUQ,A,406,CC(=O)N1Cc2ccc(cc2[C@@H](C1)C(=O)Nc3cncc4c3cccc4)Cl
Severe acute respiratory syndrome coronavirus 2,7GK8,QUQ,B,404,CC(=O)N1Cc2ccc(cc2[C@@H](C1)C(=O)Nc3cncc4c3cccc4)Cl
Severe acute respiratory syndrome coronavirus 2,7GK9,QV0,B,403,c1ccc2c(c1)cncc2N3CCC[C@@]4(C3=O)CCOc5c4cc(cc5)Cl
Severe acute respiratory syndrome coronavirus 2,7GK9,QV0,A,408,c1ccc2c(c1)cncc2N3CCC[C@@]4(C3=O)CCOc5c4cc(cc5)Cl
Severe acute respiratory syndrome coronavirus 2,7GKA,QV9,B,403,c1ccc2c(c1)cncc2N3CC[C@@H](C3=O)c4cccc(c4)Cl
Severe acute respiratory syndrome coronavirus 2,7GKA,QV9,A,408,c1ccc2c(c1)cncc2N3CC[C@@H](C3=O)c4cccc(c4)Cl
Severe acute respiratory syndrome coronavirus 2,7GKB,QVG,B,403,c1cc2cncc(c2cc1F)NC(=O)[C@@H]3CCOc4c3cc(c(c4)F)Cl
Severe acute respiratory syndrome coronavirus 2,7GKB,QVG,A,408,c1cc2cncc(c2cc1F)NC(=O)[C@@H]3CCOc4c3cc(c(c4)F)Cl
Severe acute respiratory syndrome coronavirus 2,7GKC,QVJ,A,408,CNC(=O)COC[C@]1(CCOc2c1cc(cc2)Cl)C(=O)Nc3cncc4c3cccc4
Severe acute respiratory syndrome coronavirus 2,7GKC,QVJ,B,403,CNC(=O)COC[C@]1(CCOc2c1cc(cc2)Cl)C(=O)Nc3cncc4c3cccc4
Severe acute respiratory syndrome coronavirus 2,7GKD,QVU,A,407,c1cncc2c1c(cnc2)NC(=O)[C@@H]3CCNc4c3cc(c(c4)Cl)Cl
Severe acute respiratory syndrome coronavirus 2,7GKE,QW1,B,403,c1ccc2c(c1)cncc2NC(=O)[C@@H]3CN(Cc4c3cc(cc4)Cl)C(=O)N
Severe acute respiratory syndrome coronavirus 2,7GKE,QW1,A,408,c1ccc2c(c1)cncc2NC(=O)[C@@H]3CN(Cc4c3cc(cc4)Cl)C(=O)N
Severe acute respiratory syndrome coronavirus 2,7GKF,QWL,A,408,c1cc2cncc(c2cc1F)NC(=O)[C@@H]3CCNc4c3cc(c(c4)Cl)Cl
Severe acute respiratory syndrome coronavirus 2,7GKG,QWU,A,408,C[C@]1(CNc2c1cc(cc2)Cl)C(=O)Nc3cncc4c3cccc4
Severe acute respiratory syndrome coronavirus 2,7GKH,QX3,A,408,c1cncc(c1C2CC2)NC(=O)[C@@H]3CCNc4c3cc(c(c4)Cl)Cl
Severe acute respiratory syndrome coronavirus 2,7GKI,QX9,A,407,Cc1ccc2cncc(c2c1)NC(=O)Cc3cccc(c3)Cl
Severe acute respiratory syndrome coronavirus 2,7GKJ,QXI,B,403,C[C@H]1c2nncn2CCN1C(=O)C[C@]3(CCOc4c3cc(cc4)Cl)C(=O)Nc5cncc6c5cccc6
Severe acute respiratory syndrome coronavirus 2,7GKJ,QXI,A,408,C[C@H]1c2nncn2CCN1C(=O)C[C@]3(CCOc4c3cc(cc4)Cl)C(=O)Nc5cncc6c5cccc6
Severe acute respiratory syndrome coronavirus 2,7GKK,QXR,B,403,CC(C)(C)Oc1ccncc1NC(=O)Cc2cccc(c2)Cl
Severe acute respiratory syndrome coronavirus 2,7GKK,QXR,A,408,CC(C)(C)Oc1ccncc1NC(=O)Cc2cccc(c2)Cl
Severe acute respiratory syndrome coronavirus 2,7GKL,QXX,A,408,c1cc(cc(c1)Cl)CC(=O)Nc2cnccc2C(F)(F)F
Severe acute respiratory syndrome coronavirus 2,7GKM,QY6,B,405,c1ccc2c(c1)cncc2N3CCC[C@@]4(C3=O)CCNc5c4cc(cc5)Cl
Severe acute respiratory syndrome coronavirus 2,7GKM,QY6,A,407,c1ccc2c(c1)cncc2N3CCC[C@@]4(C3=O)CCNc5c4cc(cc5)Cl
Severe acute respiratory syndrome coronavirus 2,7GKN,QYI,A,407,CO[C@]1(CCOc2c1cc(cc2)Cl)C(=O)Nc3cncc4c3cc(cc4)F
Severe acute respiratory syndrome coronavirus 2,7GKN,QYI,B,404,CO[C@]1(CCOc2c1cc(cc2)Cl)C(=O)Nc3cncc4c3cc(cc4)F
Severe acute respiratory syndrome coronavirus 2,7GKO,QYN,A,407,c1ccc2c(c1)cncc2NC(=O)[C@@H]3CN(Cc4c3cc(cc4)Cl)S(=O)(=O)c5[nH]ccn5
Severe acute respiratory syndrome coronavirus 2,7GKO,QYN,B,403,c1ccc2c(c1)cncc2NC(=O)[C@@H]3CN(Cc4c3cc(cc4)Cl)S(=O)(=O)c5[nH]ccn5
Severe acute respiratory syndrome coronavirus 2,7GKP,QYR,A,407,c1ccc2c(c1)cncc2NC(=O)[C@@H]3CN(Cc4c3cc(cc4)Cl)S(=O)(=O)C5CC5
Severe acute respiratory syndrome coronavirus 2,7GKQ,QZ0,A,408,CN(C)C(=O)N1Cc2ccc(cc2[C@@H](C1)C(=O)Nc3cncc4c3cccc4)Cl
Severe acute respiratory syndrome coronavirus 2,7GKQ,QZ0,B,403,CN(C)C(=O)N1Cc2ccc(cc2[C@@H](C1)C(=O)Nc3cncc4c3cccc4)Cl
Severe acute respiratory syndrome coronavirus 2,7GKR,QZC,B,403,CN(C)S(=O)(=O)N1Cc2ccc(cc2[C@@H](C1)C(=O)Nc3cncc4c3cccc4)Cl
Severe acute respiratory syndrome coronavirus 2,7GKR,QZC,A,408,CN(C)S(=O)(=O)N1Cc2ccc(cc2[C@@H](C1)C(=O)Nc3cncc4c3cccc4)Cl
Severe acute respiratory syndrome coronavirus 2,7GKS,QZL,B,403,C[C@@H]1CCN(C1)S(=O)(=O)N2Cc3ccc(cc3[C@@H](C2)C(=O)Nc4cncc5c4cccc5)Cl
Severe acute respiratory syndrome coronavirus 2,7GKS,QZL,A,406,C[C@@H]1CCN(C1)S(=O)(=O)N2Cc3ccc(cc3[C@@H](C2)C(=O)Nc4cncc5c4cccc5)Cl
Severe acute respiratory syndrome coronavirus 2,7GKT,QZU,A,408,C=CC(=O)NC[C@]1(CCOc2c1cc(cc2)Cl)C(=O)Nc3cncc4c3cccc4
Severe acute respiratory syndrome coronavirus 2,7GKU,R08,A,407,Cn1c(ccn1)C(=O)N2Cc3ccc(cc3[C@@H](C2)C(=O)Nc4cncc5c4cccc5)Cl
Severe acute respiratory syndrome coronavirus 2,7GKU,R08,B,403,Cn1c(ccn1)C(=O)N2Cc3ccc(cc3[C@@H](C2)C(=O)Nc4cncc5c4cccc5)Cl
Severe acute respiratory syndrome coronavirus 2,7GKV,R0F,A,406,CNC(=O)CN1Cc2ccc(cc2[C@@H](C1)C(=O)Nc3cncc4c3cccc4)Cl
Severe acute respiratory syndrome coronavirus 2,7GKV,R0F,B,404,CNC(=O)CN1Cc2ccc(cc2[C@@H](C1)C(=O)Nc3cncc4c3cccc4)Cl
Severe acute respiratory syndrome coronavirus 2,7GKW,R0Q,A,408,COC(=O)NC[C@]1(CCOc2c1cc(cc2)Cl)C(=O)Nc3cncc4c3cccc4
Severe acute respiratory syndrome coronavirus 2,7GKX,R1I,A,407,COCCN1Cc2ccc(cc2[C@@H](C1)C(=O)Nc3cncc4c3cccc4)Cl
Severe acute respiratory syndrome coronavirus 2,7GKY,R1U,B,403,Cn1c2c(cncc2NC(=O)Cc3cccc(c3)Cl)cn1
Severe acute respiratory syndrome coronavirus 2,7GKY,R1U,A,408,Cn1c2c(cncc2NC(=O)Cc3cccc(c3)Cl)cn1
Severe acute respiratory syndrome coronavirus 2,7GKZ,R2L,A,408,Cc1c(cncc1NC(=O)[C@@H]2CCOc3c2cc(cc3)Cl)NC
Severe acute respiratory syndrome coronavirus 2,7GL0,R2X,A,407,c1ccc2c(c1)cncc2NC(=O)[C@@H](c3cccc(c3)Cl)NC(=O)[C@@H]4CC[C@@H](O4)C(=O)N5CCCC5
Severe acute respiratory syndrome coronavirus 2,7GL1,R3I,A,407,c1cc2cncc(c2cc1F)N3CC[C@@]4(C3=O)COc5c4cc(cc5)Cl
Severe acute respiratory syndrome coronavirus 2,7GL1,R3I,B,404,c1cc2cncc(c2cc1F)N3CC[C@@]4(C3=O)COc5c4cc(cc5)Cl
Severe acute respiratory syndrome coronavirus 2,7GL2,R43,A,406,c1ccc2c(c1)cncc2NC(=O)[C@@H]3CN(Cc4c3cc(cc4)Cl)S(=O)(=O)N5CC(C5)C#N
Severe acute respiratory syndrome coronavirus 2,7GL2,R43,B,403,c1ccc2c(c1)cncc2NC(=O)[C@@H]3CN(Cc4c3cc(cc4)Cl)S(=O)(=O)N5CC(C5)C#N
Severe acute respiratory syndrome coronavirus 2,7GL3,R4X,A,406,c1ccc2c(c1)cncc2NC(=O)[C@@H]3CN(Cc4c3cc(cc4)Cl)S(=O)(=O)N5CCC5
Severe acute respiratory syndrome coronavirus 2,7GL3,R4X,B,403,c1ccc2c(c1)cncc2NC(=O)[C@@H]3CN(Cc4c3cc(cc4)Cl)S(=O)(=O)N5CCC5
Severe acute respiratory syndrome coronavirus 2,7GL4,R5H,A,406,COC1CN(C1)S(=O)(=O)N2Cc3ccc(cc3[C@@H](C2)C(=O)Nc4cncc5c4cccc5)Cl
Severe acute respiratory syndrome coronavirus 2,7GL4,R5H,B,403,COC1CN(C1)S(=O)(=O)N2Cc3ccc(cc3[C@@H](C2)C(=O)Nc4cncc5c4cccc5)Cl
Severe acute respiratory syndrome coronavirus 2,7GL5,R5O,A,407,CO[C@]1(CCOc2c1cc(cc2)Cl)C(=O)Nc3cncc4c3cc(cc4)NS(=O)(=O)C
Severe acute respiratory syndrome coronavirus 2,7GL5,R5O,B,403,CO[C@]1(CCOc2c1cc(cc2)Cl)C(=O)Nc3cncc4c3cc(cc4)NS(=O)(=O)C
Severe acute respiratory syndrome coronavirus 2,7GL6,R66,B,403,c1ccc2c(c1)cncc2N3CC[C@](C3=O)(c4cccc(c4)Cl)O
Severe acute respiratory syndrome coronavirus 2,7GL6,R66,A,408,c1ccc2c(c1)cncc2N3CC[C@](C3=O)(c4cccc(c4)Cl)O
Severe acute respiratory syndrome coronavirus 2,7GL7,R6L,A,408,CNS(=O)(=O)c1ccc2c(c1)cncc2NC(=O)[C@@]3(CCOc4c3cc(cc4)Cl)OC
Severe acute respiratory syndrome coronavirus 2,7GL7,R6L,B,403,CNS(=O)(=O)c1ccc2c(c1)cncc2NC(=O)[C@@]3(CCOc4c3cc(cc4)Cl)OC
Severe acute respiratory syndrome coronavirus 2,7GL8,KG9,A,407,c1ccc2c(c1)cncc2NC(=O)[C@@H]3CN(Cc4c3cc(cc4)Cl)S(=O)(=O)CC5(CC5)C#N
Severe acute respiratory syndrome coronavirus 2,7GL8,KG9,B,403,c1ccc2c(c1)cncc2NC(=O)[C@@H]3CN(Cc4c3cc(cc4)Cl)S(=O)(=O)CC5(CC5)C#N
Severe acute respiratory syndrome coronavirus 2,7GL9,QM3,A,408,c1ccc2c(c1)cncc2N3C(=O)C[C@@]4(C3=O)CCOc5c4cc(cc5)Cl
Severe acute respiratory syndrome coronavirus 2,7GL9,QM3,B,403,c1ccc2c(c1)cncc2N3C(=O)C[C@@]4(C3=O)CCOc5c4cc(cc5)Cl
Severe acute respiratory syndrome coronavirus 2,7GLA,R7F,A,407,CC(C)(c1ccc2cncc(c2c1)NC(=O)[C@@H]3CCNc4c3cc(cc4)Cl)O
Severe acute respiratory syndrome coronavirus 2,7GLA,R7F,B,403,CC(C)(c1ccc2cncc(c2c1)NC(=O)[C@@H]3CCNc4c3cc(cc4)Cl)O
Severe acute respiratory syndrome coronavirus 2,7GLB,R76,B,403,CNC(=O)CN1C[C@H](c2cc(ccc2C1=O)Cl)C(=O)Nc3cncc4c3cccc4
Severe acute respiratory syndrome coronavirus 2,7GLB,R76,A,407,CNC(=O)CN1C[C@H](c2cc(ccc2C1=O)Cl)C(=O)Nc3cncc4c3cccc4
Severe acute respiratory syndrome coronavirus 2,7GLC,R87,A,407,CO[C@]1(CCOc2c1cc(cc2)Cl)C(=O)Nc3cncc4c3ccc(c4)F
Severe acute respiratory syndrome coronavirus 2,7GLD,R8I,A,406,c1ccc2c(c1)cncc2NC(=O)[C@@H]3CN(Cc4c3cc(cc4)Cl)CC(=O)NCC#N
Severe acute respiratory syndrome coronavirus 2,7GLE,R8O,A,406,c1ccc2c(c1)cncc2NC(=O)[C@@H]3CN(Cc4c3cc(cc4)Cl)CC(=O)NC5CC5
Severe acute respiratory syndrome coronavirus 2,7GLF,R8X,A,407,CN(CCOC)S(=O)(=O)N1Cc2ccc(cc2[C@@H](C1)C(=O)Nc3cncc4c3cccc4)Cl
Severe acute respiratory syndrome coronavirus 2,7GLF,R8X,B,404,CN(CCOC)S(=O)(=O)N1Cc2ccc(cc2[C@@H](C1)C(=O)Nc3cncc4c3cccc4)Cl
Severe acute respiratory syndrome coronavirus 2,7GLG,R95,B,404,CN(CC#N)S(=O)(=O)N1Cc2ccc(cc2[C@@H](C1)C(=O)Nc3cncc4c3cccc4)Cl
Severe acute respiratory syndrome coronavirus 2,7GLG,R95,A,406,CN(CC#N)S(=O)(=O)N1Cc2ccc(cc2[C@@H](C1)C(=O)Nc3cncc4c3cccc4)Cl
Severe acute respiratory syndrome coronavirus 2,7GLH,R9E,A,407,COc1cc2c(cc1F)cncc2NC(=O)Cc3cccc(c3)Cl
Severe acute respiratory syndrome coronavirus 2,7GLI,R9I,B,403,CN(CC(=O)OC)S(=O)(=O)N1Cc2ccc(cc2[C@@H](C1)C(=O)Nc3cncc4c3cccc4)Cl
Severe acute respiratory syndrome coronavirus 2,7GLI,R9I,A,406,CN(CC(=O)OC)S(=O)(=O)N1Cc2ccc(cc2[C@@H](C1)C(=O)Nc3cncc4c3cccc4)Cl
Severe acute respiratory syndrome coronavirus 2,7GLJ,R9R,B,405,CC1(CS(=O)(=O)C1)CS(=O)(=O)N2Cc3ccc(cc3[C@@H](C2)C(=O)Nc4cncc5c4cccc5)Cl
Severe acute respiratory syndrome coronavirus 2,7GLJ,R9R,A,407,CC1(CS(=O)(=O)C1)CS(=O)(=O)N2Cc3ccc(cc3[C@@H](C2)C(=O)Nc4cncc5c4cccc5)Cl
Severe acute respiratory syndrome coronavirus 2,7GLK,R9Z,B,403,COC1(CC1)CS(=O)(=O)N2Cc3ccc(cc3[C@@H](C2)C(=O)Nc4cncc5c4cccc5)Cl
Severe acute respiratory syndrome coronavirus 2,7GLK,R9Z,A,406,COC1(CC1)CS(=O)(=O)N2Cc3ccc(cc3[C@@H](C2)C(=O)Nc4cncc5c4cccc5)Cl
Severe acute respiratory syndrome coronavirus 2,7GLL,RAQ,A,406,c1ccc2c(c1)cncc2NC(=O)[C@@H]3CN(Cc4c3cc(cc4)Cl)S(=O)(=O)CC5CCOCC5
Severe acute respiratory syndrome coronavirus 2,7GLL,RAQ,B,404,c1ccc2c(c1)cncc2NC(=O)[C@@H]3CN(Cc4c3cc(cc4)Cl)S(=O)(=O)CC5CCOCC5
Severe acute respiratory syndrome coronavirus 2,7GLM,RBM,B,404,CN(CCC#N)S(=O)(=O)N1Cc2ccc(cc2[C@@H](C1)C(=O)Nc3cncc4c3cccc4)Cl
Severe acute respiratory syndrome coronavirus 2,7GLM,RBM,A,407,CN(CCC#N)S(=O)(=O)N1Cc2ccc(cc2[C@@H](C1)C(=O)Nc3cncc4c3cccc4)Cl
Severe acute respiratory syndrome coronavirus 2,7GLN,RBX,A,407,CCN(C)S(=O)(=O)N1Cc2ccc(cc2[C@@H](C1)C(=O)Nc3cncc4c3cccc4)Cl
Severe acute respiratory syndrome coronavirus 2,7GLN,RBX,B,404,CCN(C)S(=O)(=O)N1Cc2ccc(cc2[C@@H](C1)C(=O)Nc3cncc4c3cccc4)Cl
Severe acute respiratory syndrome coronavirus 2,7GLO,L6D,A,408,c1ccc2c(c1)ncn2NC(=O)Cc3cccc(c3)Cl
Severe acute respiratory syndrome coronavirus 2,7GLO,L6D,B,405,c1ccc2c(c1)ncn2NC(=O)Cc3cccc(c3)Cl
Severe acute respiratory syndrome coronavirus 2,7GLP,860,A,408,c1ccc2c(c1)cncc2NC(=O)Cc3cccc(c3)Cl
Severe acute respiratory syndrome coronavirus 2,7GLQ,NM0,A,408,c1ccn2c(c1)ncc2NC(=O)Cc3cccc(c3)Cl
Severe acute respiratory syndrome coronavirus 2,7GLQ,NM0,B,405,c1ccn2c(c1)ncc2NC(=O)Cc3cccc(c3)Cl
Severe acute respiratory syndrome coronavirus 2,7GLR,O0X,A,408,c1cc(cc(c1)Cl)CC(=O)Nc2cncc3c2cccn3
Severe acute respiratory syndrome coronavirus 2,7GLS,OE6,A,407,c1ccc2c(c1)nnn2NC(=O)Cc3cccc(c3)Cl
Severe acute respiratory syndrome coronavirus 2,7GLT,RC9,A,407,c1ccc2c(c1)cncc2NC(=O)[C@@H]3CN(Cc4c3cc(cc4)Cl)S(=O)(=O)CC5(CCC5)C#N
Severe acute respiratory syndrome coronavirus 2,7GLT,RC9,B,405,c1ccc2c(c1)cncc2NC(=O)[C@@H]3CN(Cc4c3cc(cc4)Cl)S(=O)(=O)CC5(CCC5)C#N
Severe acute respiratory syndrome coronavirus 2,7GLU,RD5,A,408,CS(=O)(=O)NCc1ccc(cc1CC(=O)Nc2cncc3c2cccc3)Cl
Severe acute respiratory syndrome coronavirus 2,7GLU,RD5,B,404,CS(=O)(=O)NCc1ccc(cc1CC(=O)Nc2cncc3c2cccc3)Cl
Severe acute respiratory syndrome coronavirus 2,7GLV,R76,A,408,CNC(=O)CN1C[C@H](c2cc(ccc2C1=O)Cl)C(=O)Nc3cncc4c3cccc4
Severe acute respiratory syndrome coronavirus 2,7GLV,R76,B,405,CNC(=O)CN1C[C@H](c2cc(ccc2C1=O)Cl)C(=O)Nc3cncc4c3cccc4
Severe acute respiratory syndrome coronavirus 2,7GLW,RDK,A,409,C[C@]1(CNS(=O)(=O)c2c1cc(cc2)Cl)C(=O)Nc3cncc4c3cccc4
Severe acute respiratory syndrome coronavirus 2,7GLW,RDK,B,404,C[C@]1(CNS(=O)(=O)c2c1cc(cc2)Cl)C(=O)Nc3cncc4c3cccc4
Severe acute respiratory syndrome coronavirus 2,7GLX,RDQ,A,408,CNC(=O)CN1C[C@H](c2cc(ccc2C1=O)Cl)C(=O)Nc3cncc4c3cc(cc4)NS(=O)(=O)C
Severe acute respiratory syndrome coronavirus 2,7GLX,RDQ,B,405,CNC(=O)CN1C[C@H](c2cc(ccc2C1=O)Cl)C(=O)Nc3cncc4c3cc(cc4)NS(=O)(=O)C
Severe acute respiratory syndrome coronavirus 2,7GLY,RDX,A,407,CN(CCO)S(=O)(=O)N1Cc2ccc(cc2[C@@H](C1)C(=O)Nc3cncc4c3cccc4)Cl
Severe acute respiratory syndrome coronavirus 2,7GLY,RDX,B,405,CN(CCO)S(=O)(=O)N1Cc2ccc(cc2[C@@H](C1)C(=O)Nc3cncc4c3cccc4)Cl
Severe acute respiratory syndrome coronavirus 2,7GLZ,REU,A,408,C[C@@H](C(=O)NC)N1Cc2ccc(cc2[C@@H](C1)C(=O)Nc3cncc4c3cccc4)Cl
Severe acute respiratory syndrome coronavirus 2,7GLZ,REU,B,405,C[C@@H](C(=O)NC)N1Cc2ccc(cc2[C@@H](C1)C(=O)Nc3cncc4c3cccc4)Cl
Severe acute respiratory syndrome coronavirus 2,7GM0,RFF,B,405,Cn1c2c(cncc2NC(=O)[C@@H]3CN(Cc4c3cc(cc4)Cl)S(=O)(=O)CC5(CC5)C#N)cn1
Severe acute respiratory syndrome coronavirus 2,7GM0,RFF,A,407,Cn1c2c(cncc2NC(=O)[C@@H]3CN(Cc4c3cc(cc4)Cl)S(=O)(=O)CC5(CC5)C#N)cn1
Severe acute respiratory syndrome coronavirus 2,7GM1,RFR,A,407,CNC(=O)CN1Cc2ccc(cc2[C@@H](C1)C(=O)Nc3cncc4c3cc(cc4)NS(=O)(=O)C)Cl
Severe acute respiratory syndrome coronavirus 2,7GM2,RG3,B,405,CNC(=O)CN1C[C@H](c2cc(ccc2C1=O)Cl)C(=O)Nc3cncc4c3ccc(c4)S(=O)(=O)C
Severe acute respiratory syndrome coronavirus 2,7GM2,RG3,A,407,CNC(=O)CN1C[C@H](c2cc(ccc2C1=O)Cl)C(=O)Nc3cncc4c3ccc(c4)S(=O)(=O)C
Severe acute respiratory syndrome coronavirus 2,7GM3,RG9,B,405,CC(C)(c1ccc2c(c1)cncc2NC(=O)Cc3cccc(c3)Cl)O
Severe acute respiratory syndrome coronavirus 2,7GM3,RG9,A,407,CC(C)(c1ccc2c(c1)cncc2NC(=O)Cc3cccc(c3)Cl)O
Severe acute respiratory syndrome coronavirus 2,7GM4,RGQ,A,407,CNC(=O)CN1Cc2ccc(cc2[C@@H](C1)C(=O)Nc3cncc4c3ccc(c4)F)Cl
Severe acute respiratory syndrome coronavirus 2,7GM4,RGQ,B,405,CNC(=O)CN1Cc2ccc(cc2[C@@H](C1)C(=O)Nc3cncc4c3ccc(c4)F)Cl
Severe acute respiratory syndrome coronavirus 2,7GM5,RGX,A,407,c1ccc2c(c1)cncc2NC(=O)[C@@H]3CN(Cc4c3cc(cc4)Cl)S(=O)(=O)NC5CC5
Severe acute respiratory syndrome coronavirus 2,7GM5,RGX,B,404,c1ccc2c(c1)cncc2NC(=O)[C@@H]3CN(Cc4c3cc(cc4)Cl)S(=O)(=O)NC5CC5
Severe acute respiratory syndrome coronavirus 2,7GM6,RHI,B,406,CNC(=O)CN1Cc2ccc(cc2[C@@H](C1)C(=O)Nc3cncc4c3ccc(c4)S(=O)(=O)C)Cl
Severe acute respiratory syndrome coronavirus 2,7GM6,RHI,A,406,CNC(=O)CN1Cc2ccc(cc2[C@@H](C1)C(=O)Nc3cncc4c3ccc(c4)S(=O)(=O)C)Cl
Severe acute respiratory syndrome coronavirus 2,7GM7,RI1,B,405,c1ccc2c(c1)cncc2NC(=O)[C@@H]3CNS(=O)(=O)c4c3cc(cc4)Cl
Severe acute respiratory syndrome coronavirus 2,7GM7,RI1,A,407,c1ccc2c(c1)cncc2NC(=O)[C@@H]3CNS(=O)(=O)c4c3cc(cc4)Cl
Severe acute respiratory syndrome coronavirus 2,7GM8,RI6,A,407,CNC(=O)CN1Cc2ccc(cc2[C@@H](C1)C(=O)Nc3cncc4c3ccc(c4)Cl)Cl
Severe acute respiratory syndrome coronavirus 2,7GM9,RIJ,A,407,CNC(=O)CN1Cc2ccc(cc2[C@]3(C1)CC(=O)N(C3=O)c4cncc5c4cccc5)Cl
Severe acute respiratory syndrome coronavirus 2,7GM9,RIJ,B,403,CNC(=O)CN1Cc2ccc(cc2[C@]3(C1)CC(=O)N(C3=O)c4cncc5c4cccc5)Cl
Severe acute respiratory syndrome coronavirus 2,7GMA,R2X,A,408,c1ccc2c(c1)cncc2NC(=O)[C@@H](c3cccc(c3)Cl)NC(=O)[C@@H]4CC[C@@H](O4)C(=O)N5CCCC5
Severe acute respiratory syndrome coronavirus 2,7GMB,RIU,A,407,CN(C)CCOc1ccc2cncc(c2c1)NC(=O)Cc3cccc(c3)Cl
Severe acute respiratory syndrome coronavirus 2,7GMB,RIU,B,405,CN(C)CCOc1ccc2cncc(c2c1)NC(=O)Cc3cccc(c3)Cl
Severe acute respiratory syndrome coronavirus 2,7GMC,RIY,A,406,CCNS(=O)(=O)N1Cc2ccc(cc2[C@@H](C1)C(=O)Nc3cncc4c3cccc4)Cl
Severe acute respiratory syndrome coronavirus 2,7GMC,RIY,B,405,CCNS(=O)(=O)N1Cc2ccc(cc2[C@@H](C1)C(=O)Nc3cncc4c3cccc4)Cl
Severe acute respiratory syndrome coronavirus 2,7GMD,R2X,A,408,c1ccc2c(c1)cncc2NC(=O)[C@@H](c3cccc(c3)Cl)NC(=O)[C@@H]4CC[C@@H](O4)C(=O)N5CCCC5
Severe acute respiratory syndrome coronavirus 2,7GME,RJ3,B,406,c1cc(cc(c1)Cl)CC(=O)Nc2cncc3c2ccc(c3)C(=O)O
Severe acute respiratory syndrome coronavirus 2,7GME,RJ3,A,407,c1cc(cc(c1)Cl)CC(=O)Nc2cncc3c2ccc(c3)C(=O)O
Severe acute respiratory syndrome coronavirus 2,7GMF,RJF,A,408,Cc1cccc2c1c(cnc2)NC(=O)[C@@H]3CN(C(=O)c4c3cc(cc4)Cl)CC(=O)NC
Severe acute respiratory syndrome coronavirus 2,7GMF,RJF,B,405,Cc1cccc2c1c(cnc2)NC(=O)[C@@H]3CN(C(=O)c4c3cc(cc4)Cl)CC(=O)NC
Severe acute respiratory syndrome coronavirus 2,7GMG,RJO,B,404,CNC(=O)CN1C[C@H](c2cc(ccc2C1=O)Cl)C(=O)Nc3cncc4c3cc(cc4)F
Severe acute respiratory syndrome coronavirus 2,7GMG,RJO,A,407,CNC(=O)CN1C[C@H](c2cc(ccc2C1=O)Cl)C(=O)Nc3cncc4c3cc(cc4)F
Severe acute respiratory syndrome coronavirus 2,7GMH,RJX,B,404,c1cc(cc(c1)Cl)CC(=O)Nc2cncc3c2cc(cc3)C(=O)O
Severe acute respiratory syndrome coronavirus 2,7GMH,RJX,A,408,c1cc(cc(c1)Cl)CC(=O)Nc2cncc3c2cc(cc3)C(=O)O
Severe acute respiratory syndrome coronavirus 2,7GMI,RK6,B,406,CNC(=O)c1ccc2c(c1)cncc2NC(=O)Cc3cccc(c3)Cl
Severe acute respiratory syndrome coronavirus 2,7GMI,RK6,A,407,CNC(=O)c1ccc2c(c1)cncc2NC(=O)Cc3cccc(c3)Cl
Severe acute respiratory syndrome coronavirus 2,7GMJ,RKC,A,409,c1ccc2c(c1)cncc2N3CC[C@@]4(C3=O)CCOc5c4cc(cc5)Cl
Severe acute respiratory syndrome coronavirus 2,7GMJ,RKC,B,404,c1ccc2c(c1)cncc2N3CC[C@@]4(C3=O)CCOc5c4cc(cc5)Cl
Severe acute respiratory syndrome coronavirus 2,7GMK,RKR,B,404,CN(C)c1ccc2cncc(c2c1)NC(=O)Cc3cccc(c3)Cl
Severe acute respiratory syndrome coronavirus 2,7GMK,RKR,A,408,CN(C)c1ccc2cncc(c2c1)NC(=O)Cc3cccc(c3)Cl
Severe acute respiratory syndrome coronavirus 2,7GML,RL0,A,408,CN(c1ccc2cncc(c2c1)NC(=O)Cc3cccc(c3)Cl)S(=O)(=O)C
Severe acute respiratory syndrome coronavirus 2,7GML,RL0,B,405,CN(c1ccc2cncc(c2c1)NC(=O)Cc3cccc(c3)Cl)S(=O)(=O)C
Severe acute respiratory syndrome coronavirus 2,7GMM,RL8,B,405,CNC(=O)c1ccc2cncc(c2c1)NC(=O)Cc3cccc(c3)Cl
Severe acute respiratory syndrome coronavirus 2,7GMM,RL8,A,408,CNC(=O)c1ccc2cncc(c2c1)NC(=O)Cc3cccc(c3)Cl
Severe acute respiratory syndrome coronavirus 2,7GMN,RLH,A,408,c1cc(cc(c1)Cl)CC(=O)Nc2cncc3c2ccc(c3)OCCN4CCCC4
Severe acute respiratory syndrome coronavirus 2,7GMO,RLR,A,408,c1ccc2c(c1)cncc2NC(=O)[C@@H]3CN(Cc4c3cc(cc4)Cl)[C@@H]5CCNC5=O
Severe acute respiratory syndrome coronavirus 2,7GMP,RM3,A,407,CN(C)c1ccc2c(c1)cncc2NC(=O)Cc3cccc(c3)Cl
Severe acute respiratory syndrome coronavirus 2,7GMQ,RMI,A,407,CN(C)CCOc1ccc2c(c1)cncc2NC(=O)Cc3cccc(c3)Cl
Severe acute respiratory syndrome coronavirus 2,7GMQ,RMI,B,405,CN(C)CCOc1ccc2c(c1)cncc2NC(=O)Cc3cccc(c3)Cl
Severe acute respiratory syndrome coronavirus 2,7GMR,RN0,A,407,CS(=O)(=O)Oc1ccc2cncc(c2c1)NC(=O)Cc3cccc(c3)Cl
Severe acute respiratory syndrome coronavirus 2,7GMR,RN0,B,406,CS(=O)(=O)Oc1ccc2cncc(c2c1)NC(=O)Cc3cccc(c3)Cl
Severe acute respiratory syndrome coronavirus 2,7GMS,RNI,A,407,CS(=O)(=O)Nc1ccc2c(c1)cncc2NC(=O)[C@@H]3CN(Cc4c3cc(cc4)Cl)S(=O)(=O)CC5(CC5)C#N
Severe acute respiratory syndrome coronavirus 2,7GMT,ROZ,A,408,c1cc(cc(c1)Cl)CC(=O)Nc2cncc3c2cc(cc3)C(=O)N
Severe acute respiratory syndrome coronavirus 2,7GMU,RPK,A,407,CC(=O)Nc1ccc2cncc(c2c1)NC(=O)Cc3cccc(c3)Cl
Severe acute respiratory syndrome coronavirus 2,7GMV,RPZ,B,405,CNC(=O)CN1Cc2ccc(cc2[C@]3(C1)CCN(C3=O)c4cncc5c4cccc5)Cl
Severe acute respiratory syndrome coronavirus 2,7GMV,RPZ,A,407,CNC(=O)CN1Cc2ccc(cc2[C@]3(C1)CCN(C3=O)c4cncc5c4cccc5)Cl
Severe acute respiratory syndrome coronavirus 2,7GMW,RQ6,A,408,CNC(=O)CN1C[C@H](c2cc(ccc2C1=O)Cl)C(=O)Nc3cncc4c3ccc(c4)F
Severe acute respiratory syndrome coronavirus 2,7GMX,RQO,A,407,CN(C)C(=O)c1ccc2cncc(c2c1)NC(=O)Cc3cccc(c3)Cl
Severe acute respiratory syndrome coronavirus 2,7GMY,RQF,A,407,CCCNC(=O)CN1C[C@H](c2cc(ccc2C1=O)Cl)C(=O)Nc3cncc4c3ccc(c4)F
Severe acute respiratory syndrome coronavirus 2,7GMZ,RR0,A,407,c1cc2c(cc1F)cncc2NC(=O)C34CC(C3)Oc5c4cc(cc5)Cl
Severe acute respiratory syndrome coronavirus 2,7GMZ,RR0,B,404,c1cc2c(cc1F)cncc2NC(=O)C34CC(C3)Oc5c4cc(cc5)Cl
Severe acute respiratory syndrome coronavirus 2,7GN0,RRD,A,407,c1ccc2c(c1)cncc2NC(=O)[C@@H]3CN(C(=O)c4c3cc(cc4)Cl)CC(=O)NC5COC5
Severe acute respiratory syndrome coronavirus 2,7GN1,RRU,A,407,c1ccc2c(c1)cncc2N3CC[C@@]4(C3=O)CN(Cc5c4cc(cc5)Cl)S(=O)(=O)CC6(CC6)C#N
Severe acute respiratory syndrome coronavirus 2,7GN2,RS6,A,408,CC(C)NC(=O)CN1C[C@H](c2cc(ccc2C1=O)Cl)C(=O)Nc3cncc4c3ccc(c4)F
Severe acute respiratory syndrome coronavirus 2,7GN2,RS6,B,405,CC(C)NC(=O)CN1C[C@H](c2cc(ccc2C1=O)Cl)C(=O)Nc3cncc4c3ccc(c4)F
Severe acute respiratory syndrome coronavirus 2,7GN3,RSL,A,407,CS(=O)(=O)Oc1ccc2c(c1)cncc2NC(=O)Cc3cccc(c3)Cl
Severe acute respiratory syndrome coronavirus 2,7GN4,RT4,A,408,c1ccc2c(c1)cncc2NC(=O)[C@@H]3CN(C(=O)c4c3cc(cc4)Cl)CC(=O)NC5CC5
Severe acute respiratory syndrome coronavirus 2,7GN4,RT4,B,405,c1ccc2c(c1)cncc2NC(=O)[C@@H]3CN(C(=O)c4c3cc(cc4)Cl)CC(=O)NC5CC5
Severe acute respiratory syndrome coronavirus 2,7GN5,RT9,B,405,COC1(CC1)CS(=O)(=O)N2C[C@H](c3cc(ccc3C2=O)Cl)C(=O)Nc4cncc5c4cccc5
Severe acute respiratory syndrome coronavirus 2,7GN5,RT9,A,407,COC1(CC1)CS(=O)(=O)N2C[C@H](c3cc(ccc3C2=O)Cl)C(=O)Nc4cncc5c4cccc5
Severe acute respiratory syndrome coronavirus 2,7GN6,RTS,A,406,C[C@]1(CN(S(=O)(=O)c2c1cc(cc2)Cl)CC(=O)NC)C(=O)Nc3cncc4c3cccc4
Severe acute respiratory syndrome coronavirus 2,7GN7,RV0,A,407,CC[C@]1(CNS(=O)(=O)c2c1cc(cc2)Cl)C(=O)Nc3cncc4c3cccc4
Severe acute respiratory syndrome coronavirus 2,7GN8,RPZ,A,407,CNC(=O)CN1Cc2ccc(cc2[C@]3(C1)CCN(C3=O)c4cncc5c4cccc5)Cl
Severe acute respiratory syndrome coronavirus 2,7GN8,RPZ,B,404,CNC(=O)CN1Cc2ccc(cc2[C@]3(C1)CCN(C3=O)c4cncc5c4cccc5)Cl
Severe acute respiratory syndrome coronavirus 2,7GN9,RVL,A,406,CNC(=O)C1(CC1)N2C[C@H](c3cc(ccc3C2=O)Cl)C(=O)Nc4cncc5c4cccc5
Severe acute respiratory syndrome coronavirus 2,7GN9,RVL,B,404,CNC(=O)C1(CC1)N2C[C@H](c3cc(ccc3C2=O)Cl)C(=O)Nc4cncc5c4cccc5
Severe acute respiratory syndrome coronavirus 2,7GNA,RVR,A,406,c1cc2c(cc1Cl)[C@@H](CNS2(=O)=O)C(=O)Nc3cncc4c3CCCC4
Severe acute respiratory syndrome coronavirus 2,7GNB,RW0,A,406,C[C@@H]1[C@H](c2cc(ccc2C(=O)N1CC(=O)NC)Cl)C(=O)Nc3cncc4c3ccc(c4)S(=O)(=O)C
Severe acute respiratory syndrome coronavirus 2,7GNB,RW0,B,402,C[C@@H]1[C@H](c2cc(ccc2C(=O)N1CC(=O)NC)Cl)C(=O)Nc3cncc4c3ccc(c4)S(=O)(=O)C
Severe acute respiratory syndrome coronavirus 2,7GNC,RW9,A,408,CNC(=O)CN1C[C@]2(CCN(C2=O)c3cncc4c3cccc4)c5cc(ccc5C1=O)Cl
Severe acute respiratory syndrome coronavirus 2,7GNC,RW9,B,404,CNC(=O)CN1C[C@]2(CCN(C2=O)c3cncc4c3cccc4)c5cc(ccc5C1=O)Cl
Severe acute respiratory syndrome coronavirus 2,7GND,RVR,B,404,c1cc2c(cc1Cl)[C@@H](CNS2(=O)=O)C(=O)Nc3cncc4c3CCCC4
Severe acute respiratory syndrome coronavirus 2,7GND,RVR,A,408,c1cc2c(cc1Cl)[C@@H](CNS2(=O)=O)C(=O)Nc3cncc4c3CCCC4
Severe acute respiratory syndrome coronavirus 2,7GNE,RWO,A,407,C[C@@]1(CNS(=O)(=O)c2c1cc(cc2)Cl)C(=O)Nc3cncc4c3CCCC4
Severe acute respiratory syndrome coronavirus 2,7GNE,RWO,B,405,C[C@@]1(CNS(=O)(=O)c2c1cc(cc2)Cl)C(=O)Nc3cncc4c3CCCC4
Severe acute respiratory syndrome coronavirus 2,7GNF,RWT,B,405,C[C@]1(CNS(=O)(=O)c2c1cc(cc2)Cl)C(=O)Nc3cncc4c3CCCC4
Severe acute respiratory syndrome coronavirus 2,7GNF,RWT,A,408,C[C@]1(CNS(=O)(=O)c2c1cc(cc2)Cl)C(=O)Nc3cncc4c3CCCC4
Severe acute respiratory syndrome coronavirus 2,7GNG,RXU,B,404,CNC(=O)CN1Cc2ccc(cc2[C@]3(C1)CCN(C3=O)c4cncc5c4CCCC5)Cl
Severe acute respiratory syndrome coronavirus 2,7GNG,RXU,A,408,CNC(=O)CN1Cc2ccc(cc2[C@]3(C1)CCN(C3=O)c4cncc5c4CCCC5)Cl
Severe acute respiratory syndrome coronavirus 2,7GNH,RYB,A,406,CN(C)CCOc1ccc2cncc(c2c1)N3CC[C@@]4(C3=O)CN(Cc5c4cc(cc5)Cl)S(=O)(=O)CC6(CC6)C#N
Severe acute respiratory syndrome coronavirus 2,7GNH,RYB,B,404,CN(C)CCOc1ccc2cncc(c2c1)N3CC[C@@]4(C3=O)CN(Cc5c4cc(cc5)Cl)S(=O)(=O)CC6(CC6)C#N
Severe acute respiratory syndrome coronavirus 2,7GNI,RZF,B,404,CNC(=O)CN1C[C@]2(CCN(C2=O)c3cncc4c3cc(cc4)Cl)c5cc(ccc5C1=O)Cl
Severe acute respiratory syndrome coronavirus 2,7GNI,RZF,A,408,CNC(=O)CN1C[C@]2(CCN(C2=O)c3cncc4c3cc(cc4)Cl)c5cc(ccc5C1=O)Cl
Severe acute respiratory syndrome coronavirus 2,7GNJ,RZU,A,407,CNC(=O)C1(CC1)N2C[C@]3(CCN(C3=O)c4cncc5c4cccc5)c6cc(ccc6C2=O)Cl
Severe acute respiratory syndrome coronavirus 2,7GNJ,RZU,B,404,CNC(=O)C1(CC1)N2C[C@]3(CCN(C3=O)c4cncc5c4cccc5)c6cc(ccc6C2=O)Cl
Severe acute respiratory syndrome coronavirus 2,7GNK,S0X,B,404,c1ccc2c(c1)cncc2N3CC[C@@]4(C3=O)CN(Cc5c4cc(cc5)Cl)CC(=O)NCC6CC6
Severe acute respiratory syndrome coronavirus 2,7GNK,S0X,A,407,c1ccc2c(c1)cncc2N3CC[C@@]4(C3=O)CN(Cc5c4cc(cc5)Cl)CC(=O)NCC6CC6
Severe acute respiratory syndrome coronavirus 2,7GNL,S1U,A,407,CCN1CCN(CC1)c2ccc(cc2)NC(=O)CN3Cc4ccc(cc4[C@@H](C3)C(=O)Nc5cncc6c5cccc6)Cl
Severe acute respiratory syndrome coronavirus 2,7GNL,S1U,B,404,CCN1CCN(CC1)c2ccc(cc2)NC(=O)CN3Cc4ccc(cc4[C@@H](C3)C(=O)Nc5cncc6c5cccc6)Cl
Severe acute respiratory syndrome coronavirus 2,7GNM,S1L,B,407,c1ccc2c(c1)cncc2NC(=O)[C@@H]3CN(Cc4c3cc(cc4)Cl)CC(=O)Nc5cccc(c5)N6CCOCC6
Severe acute respiratory syndrome coronavirus 2,7GNM,S1L,A,408,c1ccc2c(c1)cncc2NC(=O)[C@@H]3CN(Cc4c3cc(cc4)Cl)CC(=O)Nc5cccc(c5)N6CCOCC6
Severe acute respiratory syndrome coronavirus 2,7GNN,S39,A,407,c1ccc2c(c1)cncc2NC(=O)[C@@H]3CN(Cc4c3cc(cc4)Cl)CC(=O)Nc5ccc6c(c5)ncs6
Severe acute respiratory syndrome coronavirus 2,7GNN,S39,B,404,c1ccc2c(c1)cncc2NC(=O)[C@@H]3CN(Cc4c3cc(cc4)Cl)CC(=O)Nc5ccc6c(c5)ncs6
Severe acute respiratory syndrome coronavirus 2,7GNO,S3X,B,405,C[C@@H](c1ccc(cc1)[N+](=O)[O-])NC(=O)CN2Cc3ccc(cc3[C@@H](C2)C(=O)Nc4cncc5c4cccc5)Cl
Severe acute respiratory syndrome coronavirus 2,7GNO,S3X,A,406,C[C@@H](c1ccc(cc1)[N+](=O)[O-])NC(=O)CN2Cc3ccc(cc3[C@@H](C2)C(=O)Nc4cncc5c4cccc5)Cl
Severe acute respiratory syndrome coronavirus 2,7GNP,S4X,A,406,c1ccc2c(c1)cncc2NC(=O)[C@@H]3CN(Cc4c3cc(cc4)Cl)CC(=O)NC56C[C@H]7C[C@@H](C5)CC(C7)(C6)O
Severe acute respiratory syndrome coronavirus 2,7GNP,S4X,B,405,c1ccc2c(c1)cncc2NC(=O)[C@@H]3CN(Cc4c3cc(cc4)Cl)CC(=O)NC56C[C@H]7C[C@@H](C5)CC(C7)(C6)O
Severe acute respiratory syndrome coronavirus 2,7GNQ,S5L,B,404,CC(=O)Nc1ccc(cc1)NC(=O)CN2Cc3ccc(cc3[C@@H](C2)C(=O)Nc4cncc5c4cccc5)Cl
Severe acute respiratory syndrome coronavirus 2,7GNQ,S5L,A,405,CC(=O)Nc1ccc(cc1)NC(=O)CN2Cc3ccc(cc3[C@@H](C2)C(=O)Nc4cncc5c4cccc5)Cl
Severe acute respiratory syndrome coronavirus 2,7GNR,RZU,A,408,CNC(=O)C1(CC1)N2C[C@]3(CCN(C3=O)c4cncc5c4cccc5)c6cc(ccc6C2=O)Cl
Severe acute respiratory syndrome coronavirus 2,7GNR,RZU,B,404,CNC(=O)C1(CC1)N2C[C@]3(CCN(C3=O)c4cncc5c4cccc5)c6cc(ccc6C2=O)Cl
Severe acute respiratory syndrome coronavirus 2,7GNS,S6K,A,406,C[C@H]1CN(C(=O)[C@@]12CN(Cc3c2cc(cc3)Cl)S(=O)(=O)CC4(CC4)C#N)c5cncc6c5cccc6
Severe acute respiratory syndrome coronavirus 2,7GNS,S6K,B,404,C[C@H]1CN(C(=O)[C@@]12CN(Cc3c2cc(cc3)Cl)S(=O)(=O)CC4(CC4)C#N)c5cncc6c5cccc6
Severe acute respiratory syndrome coronavirus 2,7GNT,S7C,A,408,CC[C@H]1CN(C(=O)[C@@]12CN(Cc3c2cc(cc3)Cl)S(=O)(=O)CC4(CC4)C#N)c5cncc6c5cccc6
Severe acute respiratory syndrome coronavirus 2,7GNT,S7C,B,404,CC[C@H]1CN(C(=O)[C@@]12CN(Cc3c2cc(cc3)Cl)S(=O)(=O)CC4(CC4)C#N)c5cncc6c5cccc6
Severe acute respiratory syndrome coronavirus 2,7GNU,S7U,A,407,c1ccc2c(c1)cncc2N3CCC[C@@]4(C3=O)CN(Cc5c4cc(cc5)Cl)S(=O)(=O)CC6(CC6)C#N
Severe acute respiratory syndrome coronavirus 2,7GNU,S7U,B,404,c1ccc2c(c1)cncc2N3CCC[C@@]4(C3=O)CN(Cc5c4cc(cc5)Cl)S(=O)(=O)CC6(CC6)C#N
Severe acute respiratory syndrome coronavirus 2,7GRE,XWH,A,501,c1cnccc1c2cc(n[nH]2)C(F)(F)F
Severe acute respiratory syndrome coronavirus 2,7GRF,XWZ,A,501,c1c(cncc1Br)N
Severe acute respiratory syndrome coronavirus 2,7GRF,XWZ,B,401,c1c(cncc1Br)N
Severe acute respiratory syndrome coronavirus 2,7GRG,Y2C,B,602,c1c(c(c(cn1)Cl)N)Cl
Severe acute respiratory syndrome coronavirus 2,7GRG,Y2C,A,1501,c1c(c(c(cn1)Cl)N)Cl
Severe acute respiratory syndrome coronavirus 2,7GRH,Y25,B,512,c1c(cncc1Cl)O
Severe acute respiratory syndrome coronavirus 2,7GRH,Y25,A,509,c1c(cncc1Cl)O
Severe acute respiratory syndrome coronavirus 2,7GRI,Y1R,A,503,C[C@@H](c1ccn[nH]1)O
Severe acute respiratory syndrome coronavirus 2,7GRI,Y1R,B,603,C[C@@H](c1ccn[nH]1)O
Severe acute respiratory syndrome coronavirus 2,7GRJ,Y1L,A,403,c1cc2c(cc1Cl)c(cs2)CO
Severe acute respiratory syndrome coronavirus 2,7GRJ,Y1L,B,405,c1cc2c(cc1Cl)c(cs2)CO
Severe acute respiratory syndrome coronavirus 2,7GRK,Y1H,A,402,c1c(cc(c2c1COCO2)CO)F
Severe acute respiratory syndrome coronavirus 2,7GRL,Y1C,A,401,CC(=O)CCn1nc(c(n1)Br)Br
Severe acute respiratory syndrome coronavirus 2,7GRM,ZHA,B,402,CC(=O)Nc1ccc2c(c1)CCCC2=O
Severe acute respiratory syndrome coronavirus 2,7GRN,Y0W,B,502,c1cc2c(cc1C(F)(F)F)nc([nH]2)[C@H]3CCNC3
Severe acute respiratory syndrome coronavirus 2,7GRO,Y3N,A,401,CC(=O)Nc1ccc(cc1C(F)(F)F)C#N
Severe acute respiratory syndrome coronavirus 2,7GRP,VXQ,A,401,c1cc2c(cc1CN)CCO2
Severe acute respiratory syndrome coronavirus 2,7GRQ,Y0S,A,402,Cc1ccsc1CNC(=O)c2ccccc2
Severe acute respiratory syndrome coronavirus 2,7GRR,Y0O,A,502,c1c(cncc1C(=O)O)C#CCC2CCCCC2
Severe acute respiratory syndrome coronavirus 2,7GRS,NT9,B,402,CNCc1ccc(cc1)c2cccs2
Severe acute respiratory syndrome coronavirus 2,7GRS,NT9,B,403,CNCc1ccc(cc1)c2cccs2
Severe acute respiratory syndrome coronavirus 2,7GRT,Y0L,A,601,c1ccc(cc1)C(=O)NCc2ccc3c(c2)CCO3
Severe acute respiratory syndrome coronavirus 2,7GRU,Y0H,B,402,Cn1c(cc(n1)c2ccc(cc2)Cl)N
Severe acute respiratory syndrome coronavirus 2,7GRV,Y0C,B,401,c1ccc(c(c1)[C@H]2NC(=O)CS2)F
Severe acute respiratory syndrome coronavirus 2,7GRV,Y0C,A,401,c1ccc(c(c1)[C@H]2NC(=O)CS2)F
Severe acute respiratory syndrome coronavirus 2,7GRW,XZX,A,502,C[C@@H](C(=O)Nc1cc(cc(c1)Cl)Cl)O
Severe acute respiratory syndrome coronavirus 2,7GRW,XZX,B,603,C[C@@H](C(=O)Nc1cc(cc(c1)Cl)Cl)O
Severe acute respiratory syndrome coronavirus 2,7GRX,XZT,B,403,c1cc(c(cc1F)F)N2C(=O)CCC2=O
Severe acute respiratory syndrome coronavirus 2,7GRY,XZO,B,405,c1c(cc(cc1Cl)Cl)N2C(=O)CCC2=O
Severe acute respiratory syndrome coronavirus 2,7GRZ,XZI,B,1502,CN(C)C(=O)COc1ccc2ccccc2c1
Severe acute respiratory syndrome coronavirus 2,7GS0,XZE,A,402,c1ccc2c(c1)ccc(n2)C(=O)c3ccccn3
Severe acute respiratory syndrome coronavirus 2,7GS1,GT7,A,1503,C1CCC(CC1)NC(=O)CC#N
Severe acute respiratory syndrome coronavirus 2,7GS2,5F8,A,1501,c1cc(cc(c1)C(=O)O)c2cccnc2
Severe acute respiratory syndrome coronavirus 2,7GS3,JAH,A,402,c1ccc(cc1)c2ccc(cn2)CN
Severe acute respiratory syndrome coronavirus 2,7GS4,XZ6,A,702,CC1=CSC2=[N]1C(=O)CC(=N2)CO
Severe acute respiratory syndrome coronavirus 2,7GS5,0TI,B,402,c1cc2c(cc1F)[C@H](C(=O)N2)O
Severe acute respiratory syndrome coronavirus 2,7GS5,0TI,B,401,c1cc2c(cc1F)[C@H](C(=O)N2)O
Severe acute respiratory syndrome coronavirus 2,7GS5,0TI,A,401,c1cc2c(cc1F)[C@H](C(=O)N2)O
Severe acute respiratory syndrome coronavirus 2,7GS6,XXN,A,602,c1cc(c2c(c1Cl)[C@@H](C(=O)N2)O)Cl
Severe acute respiratory syndrome coronavirus 2,7GS6,XXN,B,405,c1cc(c2c(c1Cl)[C@@H](C(=O)N2)O)Cl
Severe acute respiratory syndrome coronavirus 2,7GS6,XXN,B,404,c1cc(c2c(c1Cl)[C@@H](C(=O)N2)O)Cl
Severe acute respiratory syndrome coronavirus 2,7GZ7,QL6,A,201,c1ccc2c(c1)c(c([nH]2)C(=O)O)CNC(=O)c3ccc(cc3)NC(=O)NC4CC4
Severe acute respiratory syndrome coronavirus 2,7JHE,V9G,A,7103,CN1C=[N](C2=C1C(=O)NC(=N2)N)[C@H]3[C@@H]([C@@H]([C@H](O3)COP(=O)(O)OP(=O)(O)OP(=O)(O)OC[C@@H]4[C@H]([C@H]([C@@H](O4)n5cnc6c5ncnc6N)OC)O)O)O
Severe acute respiratory syndrome coronavirus 2,7JHE,MGP,A,7104,C[n+]1cn(c2c1C(=O)NC(=N2)N)[C@H]3[C@@H]([C@@H]([C@H](O3)CO[P@@](=O)(O)O[P@@](=O)(O)OP(=O)(O)O)O)O
Severe acute respiratory syndrome coronavirus 2,7JHE,SAH,A,7102,c1nc(c2c(n1)n(cn2)[C@H]3[C@@H]([C@@H]([C@H](O3)CSCC[C@@H](C(=O)O)N)O)O)N
Severe acute respiratory syndrome coronavirus 2,7JIB,MGP,A,7107,C[n+]1cn(c2c1C(=O)NC(=N2)N)[C@H]3[C@@H]([C@@H]([C@H](O3)CO[P@@](=O)(O)O[P@@](=O)(O)OP(=O)(O)O)O)O
Severe acute respiratory syndrome coronavirus 2,7JIB,V9G,A,7106,CN1C=[N](C2=C1C(=O)NC(=N2)N)[C@H]3[C@@H]([C@@H]([C@H](O3)COP(=O)(O)OP(=O)(O)OP(=O)(O)OC[C@@H]4[C@H]([C@H]([C@@H](O4)n5cnc6c5ncnc6N)OC)O)O)O
Severe acute respiratory syndrome coronavirus 2,7JIB,GTA,A,7105,C[n+]1cn(c2c1C(=O)NC(=N2)N)[C@H]3[C@@H]([C@@H]([C@H](O3)CO[P@@](=O)(O)O[P@@](=O)(O)O[P@@](=O)(O)OC[C@@H]4[C@H]([C@H]([C@@H](O4)n5cnc6c5ncnc6N)O)O)O)O
Severe acute respiratory syndrome coronavirus 2,7JIB,SAH,A,7104,c1nc(c2c(n1)n(cn2)[C@H]3[C@@H]([C@@H]([C@H](O3)CSCC[C@@H](C(=O)O)N)O)O)N
Severe acute respiratory syndrome coronavirus 2,7JIB,SAM,A,7103,C[S@@+](CC[C@@H](C(=O)[O-])N)C[C@@H]1[C@H]([C@H]([C@@H](O1)n2cnc3c2ncnc3N)O)O
Severe acute respiratory syndrome coronavirus 2,7JIR,TTT,A,501,Cc1ccc(cc1C(=O)N[C@H](C)c2cccc3c2cccc3)N
Severe acute respiratory syndrome coronavirus 2,7JIT,Y95,A,501,Cc1ccc(cc1C(=O)N[C@H](C)c2cccc3c2cccc3)NC(=O)NC(=O)N
Severe acute respiratory syndrome coronavirus 2,7JIV,VBY,A,501,Cc1ccc(cc1C(=O)N[C@H](C)c2cccc3c2cccc3)NC(=O)C=C
Severe acute respiratory syndrome coronavirus 2,7JIW,VBY,A,501,Cc1ccc(cc1C(=O)N[C@H](C)c2cccc3c2cccc3)NC(=O)C=C
Severe acute respiratory syndrome coronavirus 2,7JJI,VCG,B,1503,CCCCCCCC/C=C/CCCCCCCC(=O)OCCOC[C@@H]([C@@H]1[C@@H](C[C@@H](O1)OCCO)OCCO)OCCO
Severe acute respiratory syndrome coronavirus 2,7JJI,VCG,A,1302,CCCCCCCC/C=C/CCCCCCCC(=O)OCCOC[C@@H]([C@@H]1[C@@H](C[C@@H](O1)OCCO)OCCO)OCCO
Severe acute respiratory syndrome coronavirus 2,7JJI,EIC,C,1501,CCCCC\C=C/C\C=C/CCCCCCCC(=O)O
Severe acute respiratory syndrome coronavirus 2,7JJI,EIC,B,1501,CCCCC\C=C/C\C=C/CCCCCCCC(=O)O
Severe acute respiratory syndrome coronavirus 2,7JJI,VCG,C,1503,CCCCCCCC/C=C/CCCCCCCC(=O)OCCOC[C@@H]([C@@H]1[C@@H](C[C@@H](O1)OCCO)OCCO)OCCO
Severe acute respiratory syndrome coronavirus 2,7JJI,EIC,A,1303,CCCCC\C=C/C\C=C/CCCCCCCC(=O)O
Severe acute respiratory syndrome coronavirus 2,7JKV,V7G,A,401,CC(C)C[C@@H](C(=O)N[C@@H](C[C@@H]1CCNC1=O)[C@@H](c2nc3ccccc3s2)O)NC(=O)c4cc5c([nH]4)cccc5OC
Severe acute respiratory syndrome coronavirus 2,7JKV,V7G,B,401,CC(C)C[C@@H](C(=O)N[C@@H](C[C@@H]1CCNC1=O)[C@@H](c2nc3ccccc3s2)O)NC(=O)c4cc5c([nH]4)cccc5OC
Severe acute respiratory syndrome coronavirus 2,7JME,CMP,A,401,c1nc(c2c(n1)n(cn2)[C@H]3[C@@H]([C@H]4[C@H](O3)CO[P@](=O)(O4)O)O)N
Severe acute respiratory syndrome coronavirus 2,7JN2,Y41,A,501,Cc1c(cccc1N)C(=O)N[C@H](C)c2cccc3c2cccc3
Severe acute respiratory syndrome coronavirus 2,7JP0,VJA,A,401,CC(C)C[C@@H](C(=O)N[C@H](C[C@@H]1CCNC1=O)CO)NC(=O)[C@H](C(C)C)NC(=O)OCc2ccccc2
Severe acute respiratory syndrome coronavirus 2,7JPE,SAM,A,302,C[S@@+](CC[C@@H](C(=O)[O-])N)C[C@@H]1[C@H]([C@H]([C@@H](O1)n2cnc3c2ncnc3N)O)O
Severe acute respiratory syndrome coronavirus 2,7JPE,GTA,A,301,C[n+]1cn(c2c1C(=O)NC(=N2)N)[C@H]3[C@@H]([C@@H]([C@H](O3)CO[P@@](=O)(O)O[P@@](=O)(O)O[P@@](=O)(O)OC[C@@H]4[C@H]([C@H]([C@@H](O4)n5cnc6c5ncnc6N)O)O)O)O
Severe acute respiratory syndrome coronavirus 2,7JPZ,GHX,A,401,c1ccc(cc1)C[C@@H](C(=O)N[C@@H](C[C@@H]2CCNC2=O)CO)NC(=O)OCc3ccccc3
Severe acute respiratory syndrome coronavirus 2,7JQ0,VHV,A,401,CC(C)C[C@@H](C(=O)N[C@@H](C[C@@H]1CCNC1=O)CO)NC(=O)[C@H](C(C)C)NC(=O)OCc2ccccc2
Severe acute respiratory syndrome coronavirus 2,7JQ1,VHJ,A,401,CC(C)[C@@H](C(=O)N[C@@H](Cc1ccccc1)C(=O)N[C@@H](C[C@@H]2CCNC2=O)CO)NC(=O)OCc3ccccc3
Severe acute respiratory syndrome coronavirus 2,7JQ2,VHM,A,401,CC(C)[C@@H](C(=O)N[C@@H](CC1CCCCC1)C(=O)N[C@@H](C[C@@H]2CCNC2=O)CO)NC(=O)OCc3ccccc3
Severe acute respiratory syndrome coronavirus 2,7JQ3,VHP,A,401,C[C@H]([C@@H](C(=O)N[C@@H](CC(C)C)C(=O)N[C@@H](C[C@@H]1CCNC1=O)CO)NC(=O)OCc2ccccc2)OC(C)(C)C
Severe acute respiratory syndrome coronavirus 2,7JQ4,XM2,A,401,C[C@H]([C@@H](C(=O)N[C@@H](Cc1ccccc1)C(=O)N[C@@H](C[C@@H]2CCNC2=O)CO)NC(=O)OCc3ccccc3)OC(C)(C)C
Severe acute respiratory syndrome coronavirus 2,7JQ5,NOL,A,401,C[C@H]([C@@H](C(=O)N[C@@H](CC1CCCCC1)C(=O)N[C@@H](C[C@@H]2CCNC2=O)CO)NC(=O)OCc3ccccc3)OC(C)(C)C
Severe acute respiratory syndrome coronavirus 2,7JR4,MLZ,A,61,CNCCCC[C@@H](C(=O)O)N
Severe acute respiratory syndrome coronavirus 2,7JRN,TTT,A,401,Cc1ccc(cc1C(=O)N[C@H](C)c2cccc3c2cccc3)N
Severe acute respiratory syndrome coronavirus 2,7JRN,TTT,J,401,Cc1ccc(cc1C(=O)N[C@H](C)c2cccc3c2cccc3)N
Severe acute respiratory syndrome coronavirus 2,7JSU,UED,A,401,CC(C)C[C@@H](C(=O)N[C@@H](C[C@@H]1CCNC1=O)CO)NC(=O)OCc2ccccc2
Severe acute respiratory syndrome coronavirus 2,7JT0,LW1,A,401,c1cc(sc1)C=O
Severe acute respiratory syndrome coronavirus 2,7JT7,TG3,A,401,CCOC(=O)CC[C@H](C[C@@H]1CCNC1=O)NC(=O)[C@H](CC(C)C)NC(=O)[C@H]([C@@H](C)OC(C)(C)C)NC(=O)OCc2ccccc2
Severe acute respiratory syndrome coronavirus 2,7JU7,G65,A,401,Cc1ccc(cc1Nc2nc(cs2)c3cccnc3)NC(=O)c4ccc(cc4)CN5CCN(CC5)C
Severe acute respiratory syndrome coronavirus 2,7JW8,TG3,A,401,CCOC(=O)CC[C@H](C[C@@H]1CCNC1=O)NC(=O)[C@H](CC(C)C)NC(=O)[C@H]([C@@H](C)OC(C)(C)C)NC(=O)OCc2ccccc2
Severe acute respiratory syndrome coronavirus 2,7JW8,TG3,B,401,CCOC(=O)CC[C@H](C[C@@H]1CCNC1=O)NC(=O)[C@H](CC(C)C)NC(=O)[C@H]([C@@H](C)OC(C)(C)C)NC(=O)OCc2ccccc2
Severe acute respiratory syndrome coronavirus 2,7JW8,TG3,C,401,CCOC(=O)CC[C@H](C[C@@H]1CCNC1=O)NC(=O)[C@H](CC(C)C)NC(=O)[C@H]([C@@H](C)OC(C)(C)C)NC(=O)OCc2ccccc2
Severe acute respiratory syndrome coronavirus 2,7JW8,TG3,D,401,CCOC(=O)CC[C@H](C[C@@H]1CCNC1=O)NC(=O)[C@H](CC(C)C)NC(=O)[C@H]([C@@H](C)OC(C)(C)C)NC(=O)OCc2ccccc2
Severe acute respiratory syndrome coronavirus 2,7JW8,BTB,A,402,C(CO)N(CCO)C(CO)(CO)CO
Severe acute respiratory syndrome coronavirus 2,7JW8,BTB,D,402,C(CO)N(CCO)C(CO)(CO)CO
Severe acute respiratory syndrome coronavirus 2,7JYC,NNA,A,401,CCCC[C@@H]([C@H](C(=O)NC1CC1)O)NC(=O)[C@@H]2[C@@H]3[C@@H](C3(C)C)CN2C(=O)[C@H](C(C)(C)C)NC(=O)NC4(CCCCC4)CS(=O)(=O)C(C)(C)C
Severe acute respiratory syndrome coronavirus 2,7JYY,SAM,A,7101,C[S@@+](CC[C@@H](C(=O)[O-])N)C[C@@H]1[C@H]([C@H]([C@@H](O1)n2cnc3c2ncnc3N)O)O
Severe acute respiratory syndrome coronavirus 2,7JYY,SAM,C,7101,C[S@@+](CC[C@@H](C(=O)[O-])N)C[C@@H]1[C@H]([C@H]([C@@H](O1)n2cnc3c2ncnc3N)O)O
Severe acute respiratory syndrome coronavirus 2,7JZ0,SAH,A,7101,c1nc(c2c(n1)n(cn2)[C@H]3[C@@H]([C@@H]([C@H](O3)CSCC[C@@H](C(=O)O)N)O)O)N
Severe acute respiratory syndrome coronavirus 2,7JZ0,A2M,F,1,CO[C@@H]1[C@@H]([C@H](O[C@H]1n2cnc3c2ncnc3N)COP(=O)(O)O)O
Severe acute respiratory syndrome coronavirus 2,7JZ0,SAH,C,7101,c1nc(c2c(n1)n(cn2)[C@H]3[C@@H]([C@@H]([C@H](O3)CSCC[C@@H](C(=O)O)N)O)O)N
Severe acute respiratory syndrome coronavirus 2,7JZ0,A2M,E,1,CO[C@@H]1[C@@H]([C@H](O[C@H]1n2cnc3c2ncnc3N)COP(=O)(O)O)O
Severe acute respiratory syndrome coronavirus 2,7K0E,K36,B,402,CC(C)C[C@@H](C(=O)N[C@@H](C[C@@H]1CCNC1=O)[C@@H](O)S(=O)(=O)O)NC(=O)OCc2ccccc2
Severe acute respiratory syndrome coronavirus 2,7K0E,K36,A,401,CC(C)C[C@@H](C(=O)N[C@@H](C[C@@H]1CCNC1=O)[C@@H](O)S(=O)(=O)O)NC(=O)OCc2ccccc2
Severe acute respiratory syndrome coronavirus 2,7K0F,VR4,B,401,CC(C)C[C@@H](C(=O)N[C@@H](C[C@@H]1CCNC1=O)[C@H](C(=O)NCc2ccccc2)O)NC(=O)OCc3ccccc3
Severe acute respiratory syndrome coronavirus 2,7K0F,VR4,A,401,CC(C)C[C@@H](C(=O)N[C@@H](C[C@@H]1CCNC1=O)[C@H](C(=O)NCc2ccccc2)O)NC(=O)OCc3ccccc3
Severe acute respiratory syndrome coronavirus 2,7K0R,U5P,E,401,C1=CN(C(=O)NC1=O)[C@H]2[C@@H]([C@@H]([C@H](O2)COP(=O)(O)O)O)O
Severe acute respiratory syndrome coronavirus 2,7K0R,U5P,A,401,C1=CN(C(=O)NC1=O)[C@H]2[C@@H]([C@@H]([C@H](O2)COP(=O)(O)O)O)O
Severe acute respiratory syndrome coronavirus 2,7K0R,U5P,B,401,C1=CN(C(=O)NC1=O)[C@H]2[C@@H]([C@@H]([C@H](O2)COP(=O)(O)O)O)O
Severe acute respiratory syndrome coronavirus 2,7K0R,U5P,C,401,C1=CN(C(=O)NC1=O)[C@H]2[C@@H]([C@@H]([C@H](O2)COP(=O)(O)O)O)O
Severe acute respiratory syndrome coronavirus 2,7K0R,U5P,F,401,C1=CN(C(=O)NC1=O)[C@H]2[C@@H]([C@@H]([C@H](O2)COP(=O)(O)O)O)O
Severe acute respiratory syndrome coronavirus 2,7K0R,U5P,D,401,C1=CN(C(=O)NC1=O)[C@H]2[C@@H]([C@@H]([C@H](O2)COP(=O)(O)O)O)O
Severe acute respiratory syndrome coronavirus 2,7K1L,UVC,A,401,C1=CN(C(=O)NC1=O)[C@H]2[C@H]3[C@@H]([C@H](O2)CO)O[V](=O)(O3)(O)O
Severe acute respiratory syndrome coronavirus 2,7K1L,UVC,B,401,C1=CN(C(=O)NC1=O)[C@H]2[C@H]3[C@@H]([C@H](O2)CO)O[V](=O)(O3)(O)O
Severe acute respiratory syndrome coronavirus 2,7K1O,VQV,B,401,C1=CN(C(=O)NC1=O)[C@H]2[C@H]([C@@H]([C@@H](O2)COP(=O)(O)O)OP(=O)(O)O)O
Severe acute respiratory syndrome coronavirus 2,7K1O,VQV,A,401,C1=CN(C(=O)NC1=O)[C@H]2[C@H]([C@@H]([C@@H](O2)COP(=O)(O)O)OP(=O)(O)O)O
Severe acute respiratory syndrome coronavirus 2,7K1O,VQV,C,401,C1=CN(C(=O)NC1=O)[C@H]2[C@H]([C@@H]([C@@H](O2)COP(=O)(O)O)OP(=O)(O)O)O
Severe acute respiratory syndrome coronavirus 2,7K40,U5G,A,401,CC1([C@@H]2[C@H]1[C@H](N(C2)C(=O)[C@H](C(C)(C)C)NC(=O)NC(C)(C)C)C(=O)N[C@@H](CC3CCC3)[C@H](C(=O)N)O)C
Severe acute respiratory syndrome coronavirus 2,7K6D,SV6,A,402,CCC[C@@H]([C@H](C(=O)NC1CC1)O)NC(=O)[C@@H]2[C@H]3CCC[C@H]3CN2C(=O)[C@H](C(C)(C)C)NC(=O)[C@H](C4CCCCC4)NC(=O)c5cnccn5
Severe acute respiratory syndrome coronavirus 2,7K6E,SV6,A,402,CCC[C@@H]([C@H](C(=O)NC1CC1)O)NC(=O)[C@@H]2[C@H]3CCC[C@H]3CN2C(=O)[C@H](C(C)(C)C)NC(=O)[C@H](C4CCCCC4)NC(=O)c5cnccn5
Severe acute respiratory syndrome coronavirus 2,7KG3,MLI,A,201,C(C(=O)[O-])C(=O)[O-]
Severe acute respiratory syndrome coronavirus 2,7KG3,MLI,A,202,C(C(=O)[O-])C(=O)[O-]
Severe acute respiratory syndrome coronavirus 2,7KGO,3NI,A,302,[Ni+3]
Severe acute respiratory syndrome coronavirus 2,7KGO,3NI,A,301,[Ni+3]
Severe acute respiratory syndrome coronavirus 2,7KGO,3NI,B,101,[Ni+3]
Severe acute respiratory syndrome coronavirus 2,7KJR,PEE,B,301,CCCCCCCC/C=C\CCCCCCCC(=O)OC[C@H](COP(=O)(O)OCCN)OC(=O)CCCCCCC/C=C\CCCCCCCC
Severe acute respiratory syndrome coronavirus 2,7KJR,PEE,A,301,CCCCCCCC/C=C\CCCCCCCC(=O)OC[C@H](COP(=O)(O)OCCN)OC(=O)CCCCCCC/C=C\CCCCCCCC
Severe acute respiratory syndrome coronavirus 2,7KMH,PRO,C,603,C1C[C@H](NC1)C(=O)O
Severe acute respiratory syndrome coronavirus 2,7KOA,GTA,A,301,C[n+]1cn(c2c1C(=O)NC(=N2)N)[C@H]3[C@@H]([C@@H]([C@H](O3)CO[P@@](=O)(O)O[P@@](=O)(O)O[P@@](=O)(O)OC[C@@H]4[C@H]([C@H]([C@@H](O4)n5cnc6c5ncnc6N)O)O)O)O
Severe acute respiratory syndrome coronavirus 2,7KOA,SAM,A,302,C[S@@+](CC[C@@H](C(=O)[O-])N)C[C@@H]1[C@H]([C@H]([C@@H](O1)n2cnc3c2ncnc3N)O)O
Severe acute respiratory syndrome coronavirus 2,7KOA,GTA,A,303,C[n+]1cn(c2c1C(=O)NC(=N2)N)[C@H]3[C@@H]([C@@H]([C@H](O3)CO[P@@](=O)(O)O[P@@](=O)(O)O[P@@](=O)(O)OC[C@@H]4[C@H]([C@H]([C@@H](O4)n5cnc6c5ncnc6N)O)O)O)O
Severe acute respiratory syndrome coronavirus 2,7KOJ,Y94,A,501,Cc1ccc(cc1C(=O)N[C@H](C)c2cccc3c2cccc3)NC(=O)NCC=C
Severe acute respiratory syndrome coronavirus 2,7KOK,Y96,A,501,Cc1ccc(cc1C(=O)N[C@H](C)c2cccc3c2cccc3)/C=N/O
Severe acute respiratory syndrome coronavirus 2,7KOL,Y96,A,501,Cc1ccc(cc1C(=O)N[C@H](C)c2cccc3c2cccc3)/C=N/O
Severe acute respiratory syndrome coronavirus 2,7KQP,AR6,A,201,c1nc(c2c(n1)n(cn2)[C@H]3[C@@H]([C@@H]([C@H](O3)COP(=O)(O)OP(=O)(O)OC[C@@H]4[C@H]([C@H]([C@H](O4)O)O)O)O)O)N
Severe acute respiratory syndrome coronavirus 2,7KQW,MLY,A,158,CN(C)CCCC[C@@H](C(=O)O)N
Severe acute respiratory syndrome coronavirus 2,7KQW,MLY,A,11,CN(C)CCCC[C@@H](C(=O)O)N
Severe acute respiratory syndrome coronavirus 2,7KQW,MLY,A,28,CN(C)CCCC[C@@H](C(=O)O)N
Severe acute respiratory syndrome coronavirus 2,7KQW,SNM,A,-2,CN(C)[C@@H](CO)C(=O)O
Severe acute respiratory syndrome coronavirus 2,7KQW,MLY,A,163,CN(C)CCCC[C@@H](C(=O)O)N
Severe acute respiratory syndrome coronavirus 2,7KRI,X0Y,C,204,CN1c2c[nH]cc2C(=O)N(C1=O)C
Severe acute respiratory syndrome coronavirus 2,7KRI,MLI,C,202,C(C(=O)[O-])C(=O)[O-]
Severe acute respiratory syndrome coronavirus 2,7KRI,X0Y,C,203,CN1c2c[nH]cc2C(=O)N(C1=O)C
Severe acute respiratory syndrome coronavirus 2,7KRI,X0Y,B,202,CN1c2c[nH]cc2C(=O)N(C1=O)C
Severe acute respiratory syndrome coronavirus 2,7KRI,X0Y,A,202,CN1c2c[nH]cc2C(=O)N(C1=O)C
Severe acute respiratory syndrome coronavirus 2,7KRI,X0Y,A,203,CN1c2c[nH]cc2C(=O)N(C1=O)C
Severe acute respiratory syndrome coronavirus 2,7KRI,X0Y,B,203,CN1c2c[nH]cc2C(=O)N(C1=O)C
Severe acute respiratory syndrome coronavirus 2,7KRN,1N7,E,707,C[C@H](CCC(=O)NCCC[N+](C)(C)CC(CS(=O)(=O)O)O)[C@H]1CC[C@@H]2[C@@]1([C@H](C[C@H]3[C@H]2[C@@H](C[C@H]4[C@@]3(CC[C@H](C4)O)C)O)O)C
Severe acute respiratory syndrome coronavirus 2,7KRN,1N7,A,1006,C[C@H](CCC(=O)NCCC[N+](C)(C)CC(CS(=O)(=O)O)O)[C@H]1CC[C@@H]2[C@@]1([C@H](C[C@H]3[C@H]2[C@@H](C[C@H]4[C@@]3(CC[C@H](C4)O)C)O)O)C
Severe acute respiratory syndrome coronavirus 2,7KRN,AF3,E,706,F[Al](F)F
Severe acute respiratory syndrome coronavirus 2,7KRN,1N7,A,1005,C[C@H](CCC(=O)NCCC[N+](C)(C)CC(CS(=O)(=O)O)O)[C@H]1CC[C@@H]2[C@@]1([C@H](C[C@H]3[C@H]2[C@@H](C[C@H]4[C@@]3(CC[C@H](C4)O)C)O)O)C
Severe acute respiratory syndrome coronavirus 2,7KRO,1N7,A,1006,C[C@H](CCC(=O)NCCC[N+](C)(C)CC(CS(=O)(=O)O)O)[C@H]1CC[C@@H]2[C@@]1([C@H](C[C@H]3[C@H]2[C@@H](C[C@H]4[C@@]3(CC[C@H](C4)O)C)O)O)C
Severe acute respiratory syndrome coronavirus 2,7KRO,AF3,F,1005,F[Al](F)F
Severe acute respiratory syndrome coronavirus 2,7KRO,1N7,E,707,C[C@H](CCC(=O)NCCC[N+](C)(C)CC(CS(=O)(=O)O)O)[C@H]1CC[C@@H]2[C@@]1([C@H](C[C@H]3[C@H]2[C@@H](C[C@H]4[C@@]3(CC[C@H](C4)O)C)O)O)C
Severe acute respiratory syndrome coronavirus 2,7KRO,1N7,A,1005,C[C@H](CCC(=O)NCCC[N+](C)(C)CC(CS(=O)(=O)O)O)[C@H]1CC[C@@H]2[C@@]1([C@H](C[C@H]3[C@H]2[C@@H](C[C@H]4[C@@]3(CC[C@H](C4)O)C)O)O)C
Severe acute respiratory syndrome coronavirus 2,7KRO,AF3,E,706,F[Al](F)F
Severe acute respiratory syndrome coronavirus 2,7KRP,1N7,A,1005,C[C@H](CCC(=O)NCCC[N+](C)(C)CC(CS(=O)(=O)O)O)[C@H]1CC[C@@H]2[C@@]1([C@H](C[C@H]3[C@H]2[C@@H](C[C@H]4[C@@]3(CC[C@H](C4)O)C)O)O)C
Severe acute respiratory syndrome coronavirus 2,7KRP,1N7,A,1006,C[C@H](CCC(=O)NCCC[N+](C)(C)CC(CS(=O)(=O)O)O)[C@H]1CC[C@@H]2[C@@]1([C@H](C[C@H]3[C@H]2[C@@H](C[C@H]4[C@@]3(CC[C@H](C4)O)C)O)O)C
Severe acute respiratory syndrome coronavirus 2,7KRP,1N7,D,201,C[C@H](CCC(=O)NCCC[N+](C)(C)CC(CS(=O)(=O)O)O)[C@H]1CC[C@@H]2[C@@]1([C@H](C[C@H]3[C@H]2[C@@H](C[C@H]4[C@@]3(CC[C@H](C4)O)C)O)O)C
Severe acute respiratory syndrome coronavirus 2,7KRX,Y41,A,501,Cc1c(cccc1N)C(=O)N[C@H](C)c2cccc3c2cccc3
Severe acute respiratory syndrome coronavirus 2,7KVL,SER,B,702,C([C@@H](C(=O)O)N)O
Severe acute respiratory syndrome coronavirus 2,7KVL,X4P,A,503,c1cnc(cc1C(=O)N)Cl
Severe acute respiratory syndrome coronavirus 2,7KVR,X4V,B,703,CN(C)c1ccnc(c1)N
Severe acute respiratory syndrome coronavirus 2,7KX5,X7V,A,401,C[C@@H](c1ccccc1)NC(=O)[C@@H](c2cccnc2)N(c3ccc(cc3)c4ccccc4)C(=O)c5ccco5
Severe acute respiratory syndrome coronavirus 2,7KXB,XB1,A,201,CN1c2c(nc([nH]2)SCCCNC(=S)NCCN3CCOCC3)C(=O)N(C1=O)C
Severe acute respiratory syndrome coronavirus 2,7KYU,XC4,A,501,c1ccc2c(c1)nnn2OC(=O)c3ccc4c(c3)cc[nH]4
Severe acute respiratory syndrome coronavirus 2,7L0D,0EN,A,401,CC(C)(C)c1ccc(cc1)N([C@H](c2cccnc2)C(=O)NC(C)(C)C)C(=O)c3ccco3
Severe acute respiratory syndrome coronavirus 2,7L0N,PG5,H,702,COCCOCCOCCOC
Severe acute respiratory syndrome coronavirus 2,7L10,XEY,A,400,c1ccc(c(c1)C#N)C2=CN(C(=O)C(=C2)c3cc(cc(c3)Cl)Cl)c4cccnc4
Severe acute respiratory syndrome coronavirus 2,7L11,XF1,B,400,CCCOc1cc(cc(c1)Cl)C2=CC(=CN(C2=O)c3cccnc3)c4ccccc4C#N
Severe acute respiratory syndrome coronavirus 2,7L11,XF1,A,400,CCCOc1cc(cc(c1)Cl)C2=CC(=CN(C2=O)c3cccnc3)c4ccccc4C#N
Severe acute respiratory syndrome coronavirus 2,7L12,XF4,A,401,c1ccc(cc1)COc2cc(cc(c2)Cl)C3=CC(=CN(C3=O)c4cccnc4)C5=CNC(=O)NC5=O
Severe acute respiratory syndrome coronavirus 2,7L13,XF7,A,401,c1ccc(c(c1)COc2cc(cc(c2)Cl)C3=CC(=CN(C3=O)c4cccnc4)C5=CNC(=O)NC5=O)Cl
Severe acute respiratory syndrome coronavirus 2,7L14,XFD,A,400,c1ccc(c(c1)C#N)C2=CN(C(=O)C(=C2)c3cc(cc(c3)Cl)OCC4CC4)c5cccnc5
Severe acute respiratory syndrome coronavirus 2,7L14,XFD,B,400,c1ccc(c(c1)C#N)C2=CN(C(=O)C(=C2)c3cc(cc(c3)Cl)OCC4CC4)c5cccnc5
Severe acute respiratory syndrome coronavirus 2,7L1F,F86,P,16,c1cc(n2c1c(ncn2)N)[C@]3([C@@H]([C@@H]([C@H](O3)COP(=O)(O)O)O)O)C#N
Severe acute respiratory syndrome coronavirus 2,7L1F,F86,P,15,c1cc(n2c1c(ncn2)N)[C@]3([C@@H]([C@@H]([C@H](O3)COP(=O)(O)O)O)O)C#N
Severe acute respiratory syndrome coronavirus 2,7L1F,F86,P,14,c1cc(n2c1c(ncn2)N)[C@]3([C@@H]([C@@H]([C@H](O3)COP(=O)(O)O)O)O)C#N
Severe acute respiratory syndrome coronavirus 2,7L1F,F86,P,17,c1cc(n2c1c(ncn2)N)[C@]3([C@@H]([C@@H]([C@H](O3)COP(=O)(O)O)O)O)C#N
Severe acute respiratory syndrome coronavirus 2,7L5D,XNJ,A,401,Cc1ccc(cc1Nc2nc(cs2)c3cccnc3)NC(=O)c4ccc(cc4)CN5CCNCC5
Severe acute respiratory syndrome coronavirus 2,7L6R,A2M,C,1,CO[C@@H]1[C@@H]([C@H](O[C@H]1n2cnc3c2ncnc3N)COP(=O)(O)O)O
Severe acute respiratory syndrome coronavirus 2,7L6R,SAH,A,7105,c1nc(c2c(n1)n(cn2)[C@H]3[C@@H]([C@@H]([C@H](O3)CSCC[C@@H](C(=O)O)N)O)O)N
Severe acute respiratory syndrome coronavirus 2,7L6T,SAH,A,7104,c1nc(c2c(n1)n(cn2)[C@H]3[C@@H]([C@@H]([C@H](O3)CSCC[C@@H](C(=O)O)N)O)O)N
Severe acute respiratory syndrome coronavirus 2,7L6T,A2M,C,1,CO[C@@H]1[C@@H]([C@H](O[C@H]1n2cnc3c2ncnc3N)COP(=O)(O)O)O
Severe acute respiratory syndrome coronavirus 2,7L8I,AG7,A,401,CCOC(=O)CC[C@H](C[C@@H]1CCNC1=O)NC(=O)[C@H](Cc2ccc(cc2)F)CC(=O)[C@H](C(C)C)NC(=O)c3cc(on3)C
Severe acute respiratory syndrome coronavirus 2,7L8I,AG7,B,401,CCOC(=O)CC[C@H](C[C@@H]1CCNC1=O)NC(=O)[C@H](Cc2ccc(cc2)F)CC(=O)[C@H](C(C)C)NC(=O)c3cc(on3)C
Severe acute respiratory syndrome coronavirus 2,7L8J,AG7,A,401,CCOC(=O)CC[C@H](C[C@@H]1CCNC1=O)NC(=O)[C@H](Cc2ccc(cc2)F)CC(=O)[C@H](C(C)C)NC(=O)c3cc(on3)C
Severe acute respiratory syndrome coronavirus 2,7LB7,SV6,A,401,CCC[C@@H]([C@H](C(=O)NC1CC1)O)NC(=O)[C@@H]2[C@H]3CCC[C@H]3CN2C(=O)[C@H](C(C)(C)C)NC(=O)[C@H](C4CCCCC4)NC(=O)c5cnccn5
Severe acute respiratory syndrome coronavirus 2,7LBN,2DO,D,4,CCCC[C@@H](C(O)O)N
Severe acute respiratory syndrome coronavirus 2,7LBR,XT7,B,404,Cc1ccc(cc1C(=O)N[C@H](C)c2cccc(c2)c3ccc(s3)CN[C@H]4CC[C@H](C4)O)NC5CNC5
Severe acute respiratory syndrome coronavirus 2,7LBR,XT7,A,404,Cc1ccc(cc1C(=O)N[C@H](C)c2cccc(c2)c3ccc(s3)CN[C@H]4CC[C@H](C4)O)NC5CNC5
Severe acute respiratory syndrome coronavirus 2,7LBS,BO3,A,404,B(O)(O)O
Severe acute respiratory syndrome coronavirus 2,7LBS,BO3,A,405,B(O)(O)O
Severe acute respiratory syndrome coronavirus 2,7LBS,BO3,B,406,B(O)(O)O
Severe acute respiratory syndrome coronavirus 2,7LBS,XR8,A,401,Cc1ccc(cc1C(=O)N[C@H](C)c2cccc(c2)c3ccc(s3)CN4CCCC4)NC5CNC5
Severe acute respiratory syndrome coronavirus 2,7LBS,XR8,B,401,Cc1ccc(cc1C(=O)N[C@H](C)c2cccc(c2)c3ccc(s3)CN4CCCC4)NC5CNC5
Severe acute respiratory syndrome coronavirus 2,7LBS,BO3,A,407,B(O)(O)O
Severe acute respiratory syndrome coronavirus 2,7LCO,XTJ,A,401,c1cc(cc(c1)F)COC(=O)N[C@@H](CC2CC2)C(=O)N[C@@H](C[C@@H]3CCNC3=O)CO
Severe acute respiratory syndrome coronavirus 2,7LCR,XTM,A,401,CC(C)C[C@@H](C(=O)N[C@@H](C[C@@H]1CCNC1=O)CO)NC(=O)OCc2cccc(c2)F
Severe acute respiratory syndrome coronavirus 2,7LCR,XTM,B,401,CC(C)C[C@@H](C(=O)N[C@@H](C[C@@H]1CCNC1=O)CO)NC(=O)OCc2cccc(c2)F
Severe acute respiratory syndrome coronavirus 2,7LCS,XTP,A,401,c1ccc(cc1)COC(=O)N[C@@H](CC2CC2)C(=O)N[C@@H](C[C@@H]3CCNC3=O)CO
Severe acute respiratory syndrome coronavirus 2,7LCT,XU4,A,401,C[C@@H](c1ccccc1)OC(=O)N[C@@H](CC(C)C)C(=O)N[C@@H](C[C@@H]2CCNC2=O)CO
Severe acute respiratory syndrome coronavirus 2,7LDJ,FUL,J,6,C[C@H]1[C@H]([C@H]([C@@H]([C@H](O1)O)O)O)O
Severe acute respiratory syndrome coronavirus 2,7LDJ,FUL,K,4,C[C@H]1[C@H]([C@H]([C@@H]([C@H](O1)O)O)O)O
Severe acute respiratory syndrome coronavirus 2,7LDJ,FUL,I,4,C[C@H]1[C@H]([C@H]([C@@H]([C@H](O1)O)O)O)O
Severe acute respiratory syndrome coronavirus 2,7LDL,XV4,A,401,CC(C)C[C@@H](C(=O)N[C@@H](C[C@@H]1CCNC1=O)CO)NC(=O)c2cc3c([nH]2)cccc3OC
Severe acute respiratory syndrome coronavirus 2,7LDL,XV4,B,401,CC(C)C[C@@H](C(=O)N[C@@H](C[C@@H]1CCNC1=O)CO)NC(=O)c2cc3c([nH]2)cccc3OC
Severe acute respiratory syndrome coronavirus 2,7LDX,R9V,B,402,c1ccc(cc1)CN2[C@@H]3CC[C@H]2CC(C3)O
Severe acute respiratory syndrome coronavirus 2,7LDX,R9V,A,509,c1ccc(cc1)CN2[C@@H]3CC[C@H]2CC(C3)O
Severe acute respiratory syndrome coronavirus 2,7LFE,XWS,A,406,c1ccc(cc1)N2CC[C@H](N[C@H]2O)O
Severe acute respiratory syndrome coronavirus 2,7LFP,XY4,A,406,CC(C)NC(=O)Nc1ccccc1
Severe acute respiratory syndrome coronavirus 2,7LG7,XYJ,A,201,CN1c2c(nc([nH]2)SCCC(=O)NS(=O)(=O)CCN3CCOCC3)C(=O)N(C1=O)C
Severe acute respiratory syndrome coronavirus 2,7LKR,Y8Y,B,401,CC(C)C[C@@H](C(=O)N[C@@H](C[C@@H]1CCNC1=O)C(O)S(=O)(=O)O)NC(=O)OCC2C[C@@H]3CCC[C@@H](C3)C2
Severe acute respiratory syndrome coronavirus 2,7LKR,Y4D,A,401,CC(C)C[C@@H](C(=O)N[C@@H](C[C@@H]1CCNC1=O)[C@H](O)S(=O)(=O)O)NC(=O)OCC2C[C@@H]3CCC[C@@H](C3)C2
Severe acute respiratory syndrome coronavirus 2,7LKR,Y91,B,402,CC(C)C[C@@H](C(=O)N[C@@H](C[C@@H]1CCNC1=O)C(O)S(=O)(=O)O)NC(=O)OCC2C[C@@H]3CCC[C@@H](C3)C2
Severe acute respiratory syndrome coronavirus 2,7LKR,Y5S,A,402,CC(C)C[C@@H](C(=O)N[C@@H](C[C@@H]1CCNC1=O)[C@@H](O)S(=O)(=O)O)NC(=O)OCC2C[C@@H]3CCC[C@@H](C3)C2
Severe acute respiratory syndrome coronavirus 2,7LKS,Y4P,B,402,CC(C)C[C@@H](C(=O)N[C@@H](C[C@@H]1CCNC1=O)C(O)S(=O)(=O)O)NC(=O)OC[C@H]2C[C@H]3CC[C@@H]2C3
Severe acute respiratory syndrome coronavirus 2,7LKS,Y7G,A,401,CC(C)C[C@@H](C(=O)N[C@@H](C[C@@H]1CCNC1=O)C(O)S(=O)(=O)O)NC(=O)OC[C@H]2C[C@H]3CC[C@@H]2C3
Severe acute respiratory syndrome coronavirus 2,7LKS,Y7G,B,401,CC(C)C[C@@H](C(=O)N[C@@H](C[C@@H]1CCNC1=O)C(O)S(=O)(=O)O)NC(=O)OC[C@H]2C[C@H]3CC[C@@H]2C3
Severe acute respiratory syndrome coronavirus 2,7LKS,Y4P,A,402,CC(C)C[C@@H](C(=O)N[C@@H](C[C@@H]1CCNC1=O)C(O)S(=O)(=O)O)NC(=O)OC[C@H]2C[C@H]3CC[C@@H]2C3
Severe acute respiratory syndrome coronavirus 2,7LKT,Y4V,A,402,CC(C)C[C@@H](C(=O)N[C@@H](C[C@@H]1CCNC1=O)[C@H](O)S(=O)(=O)O)NC(=O)OCC23CC4CC(C2)CC(C4)C3
Severe acute respiratory syndrome coronavirus 2,7LKT,Y4V,B,403,CC(C)C[C@@H](C(=O)N[C@@H](C[C@@H]1CCNC1=O)[C@H](O)S(=O)(=O)O)NC(=O)OCC23CC4CC(C2)CC(C4)C3
Severe acute respiratory syndrome coronavirus 2,7LKT,Y7M,A,401,CC(C)C[C@@H](C(=O)N[C@@H](C[C@@H]1CCNC1=O)C(O)S(=O)(=O)O)NC(=O)OCC23CC4CC(C2)CC(C4)C3
Severe acute respiratory syndrome coronavirus 2,7LKT,Y7M,B,402,CC(C)C[C@@H](C(=O)N[C@@H](C[C@@H]1CCNC1=O)C(O)S(=O)(=O)O)NC(=O)OCC23CC4CC(C2)CC(C4)C3
Severe acute respiratory syndrome coronavirus 2,7LKU,Y91,B,402,CC(C)C[C@@H](C(=O)N[C@@H](C[C@@H]1CCNC1=O)C(O)S(=O)(=O)O)NC(=O)OCC2C[C@@H]3CCC[C@@H](C3)C2
Severe acute respiratory syndrome coronavirus 2,7LKU,Y8Y,B,401,CC(C)C[C@@H](C(=O)N[C@@H](C[C@@H]1CCNC1=O)C(O)S(=O)(=O)O)NC(=O)OCC2C[C@@H]3CCC[C@@H](C3)C2
Severe acute respiratory syndrome coronavirus 2,7LKU,Y4D,A,401,CC(C)C[C@@H](C(=O)N[C@@H](C[C@@H]1CCNC1=O)[C@H](O)S(=O)(=O)O)NC(=O)OCC2C[C@@H]3CCC[C@@H](C3)C2
Severe acute respiratory syndrome coronavirus 2,7LKU,Y5S,A,402,CC(C)C[C@@H](C(=O)N[C@@H](C[C@@H]1CCNC1=O)[C@@H](O)S(=O)(=O)O)NC(=O)OCC2C[C@@H]3CCC[C@@H](C3)C2
Severe acute respiratory syndrome coronavirus 2,7LKV,Y64,B,403,CC(C)C[C@@H](C(=O)N[C@@H](C[C@@H]1CCNC1=O)C(O)S(=O)(=O)O)NC(=O)OC[C@@H]2C[C@@H]3CC=C[C@@H](C3)C2
Severe acute respiratory syndrome coronavirus 2,7LKV,Y4J,A,401,CC(C)C[C@@H](C(=O)N[C@@H](C[C@@H]1CCNC1=O)[C@H](O)S(=O)(=O)O)NC(=O)OC[C@@H]2C[C@@H]3CC=C[C@@H](C3)C2
Severe acute respiratory syndrome coronavirus 2,7LKV,Y4J,B,402,CC(C)C[C@@H](C(=O)N[C@@H](C[C@@H]1CCNC1=O)[C@H](O)S(=O)(=O)O)NC(=O)OC[C@@H]2C[C@@H]3CC=C[C@@H](C3)C2
Severe acute respiratory syndrome coronavirus 2,7LKV,Y64,A,402,CC(C)C[C@@H](C(=O)N[C@@H](C[C@@H]1CCNC1=O)C(O)S(=O)(=O)O)NC(=O)OC[C@@H]2C[C@@H]3CC=C[C@@H](C3)C2
Severe acute respiratory syndrome coronavirus 2,7LKW,Y8S,B,402,CC(C)C[C@@H](C(=O)N[C@@H](C[C@@H]1CCNC1=O)C(O)S(=O)(=O)O)NC(=O)OC[C@H]2C[C@@H]3CC=C[C@@H](C3)C2
Severe acute respiratory syndrome coronavirus 2,7LKW,Y8V,A,402,CC(C)C[C@@H](C(=O)N[C@@H](C[C@@H]1CCNC1=O)[C@@H](O)S(=O)(=O)O)NC(=O)OC[C@H]2C[C@@H]3CC=C[C@@H](C3)C2
Severe acute respiratory syndrome coronavirus 2,7LKW,Y8V,B,403,CC(C)C[C@@H](C(=O)N[C@@H](C[C@@H]1CCNC1=O)[C@@H](O)S(=O)(=O)O)NC(=O)OC[C@H]2C[C@@H]3CC=C[C@@H](C3)C2
Severe acute respiratory syndrome coronavirus 2,7LKW,Y8S,A,401,CC(C)C[C@@H](C(=O)N[C@@H](C[C@@H]1CCNC1=O)C(O)S(=O)(=O)O)NC(=O)OC[C@H]2C[C@@H]3CC=C[C@@H](C3)C2
Severe acute respiratory syndrome coronavirus 2,7LKX,Y51,A,401,CC(C)C[C@@H](C(=O)N[C@@H](C[C@@H]1CCNC1=O)C(O)S(=O)(=O)O)NC(=O)OC[C@H]2C[C@@H]3C[C@H]2C=C3
Severe acute respiratory syndrome coronavirus 2,7LKX,Y71,A,402,CC(C)C[C@@H](C(=O)N[C@@H](C[C@@H]1CCNC1=O)C(O)S(=O)(=O)O)NC(=O)OC[C@H]2C[C@@H]3C[C@H]2C=C3
Severe acute respiratory syndrome coronavirus 2,7LKX,Y71,B,402,CC(C)C[C@@H](C(=O)N[C@@H](C[C@@H]1CCNC1=O)C(O)S(=O)(=O)O)NC(=O)OC[C@H]2C[C@@H]3C[C@H]2C=C3
Severe acute respiratory syndrome coronavirus 2,7LKX,Y51,B,401,CC(C)C[C@@H](C(=O)N[C@@H](C[C@@H]1CCNC1=O)C(O)S(=O)(=O)O)NC(=O)OC[C@H]2C[C@@H]3C[C@H]2C=C3
Severe acute respiratory syndrome coronavirus 2,7LLF,BO3,A,404,B(O)(O)O
Severe acute respiratory syndrome coronavirus 2,7LLF,BO3,A,403,B(O)(O)O
Severe acute respiratory syndrome coronavirus 2,7LLF,Y54,A,407,Cc1ccc(cc1C(=O)N[C@H](C)c2cccc(c2)c3ccc(s3)CN[C@@H]4CC[C@@H](C4)O)NC5CNC5
Severe acute respiratory syndrome coronavirus 2,7LLF,Y54,B,404,Cc1ccc(cc1C(=O)N[C@H](C)c2cccc(c2)c3ccc(s3)CN[C@@H]4CC[C@@H](C4)O)NC5CNC5
Severe acute respiratory syndrome coronavirus 2,7LLZ,Y61,A,401,Cc1ccc(cc1C(=O)N[C@H](C)c2cccc(c2)c3ccc(s3)CNC(=O)C)NC4CNC4
Severe acute respiratory syndrome coronavirus 2,7LLZ,Y61,B,401,Cc1ccc(cc1C(=O)N[C@H](C)c2cccc(c2)c3ccc(s3)CNC(=O)C)NC4CNC4
Severe acute respiratory syndrome coronavirus 2,7LMD,Y6A,A,401,c1ccc2c(c1)nnn2CC(=O)N(Cc3ccsc3)c4ccc(cc4)c5c[nH]nc5
Severe acute respiratory syndrome coronavirus 2,7LME,Y6J,B,401,c1ccc2c(c1)nnn2CC(=O)N(Cc3ccsc3)c4ccc(cc4)NC(=O)C5CC5
Severe acute respiratory syndrome coronavirus 2,7LME,Y6J,A,401,c1ccc2c(c1)nnn2CC(=O)N(Cc3ccsc3)c4ccc(cc4)NC(=O)C5CC5
Severe acute respiratory syndrome coronavirus 2,7LMF,Y6G,B,401,c1ccc2c(c1)nnn2CC(=O)N(Cc3ccsc3)c4ccc(cc4)c5c[nH]cn5
Severe acute respiratory syndrome coronavirus 2,7LMF,Y6G,A,401,c1ccc2c(c1)nnn2CC(=O)N(Cc3ccsc3)c4ccc(cc4)c5c[nH]cn5
Severe acute respiratory syndrome coronavirus 2,7LOS,Y97,B,404,Cc1ccc(cc1C(=O)N[C@H](C)c2cccc(c2)c3ccc(s3)CN[C@@H]4CCOC4)NC5CNC5
Severe acute respiratory syndrome coronavirus 2,7LOS,Y97,A,403,Cc1ccc(cc1C(=O)N[C@H](C)c2cccc(c2)c3ccc(s3)CN[C@@H]4CCOC4)NC5CNC5
Severe acute respiratory syndrome coronavirus 2,7LTJ,YD1,A,401,c1cc(c(cc1N2CCN(CC2)C(=O)C3=CC(=O)NC(=O)N3)Cl)Cl
Severe acute respiratory syndrome coronavirus 2,7LTN,YCV,A,401,CN(C)C(=O)COc1c(cc(cc1OC)c2cccc3c2cn[nH]3)C=O
Severe acute respiratory syndrome coronavirus 2,7LTU,TFA,A,302,C(=O)(C(F)(F)F)O
Severe acute respiratory syndrome coronavirus 2,7LTU,TFA,A,301,C(=O)(C(F)(F)F)O
Severe acute respiratory syndrome coronavirus 2,7LTU,TFA,B,301,C(=O)(C(F)(F)F)O
Severe acute respiratory syndrome coronavirus 2,7LW3,SAH,A,703,c1nc(c2c(n1)n(cn2)[C@H]3[C@@H]([C@@H]([C@H](O3)CSCC[C@@H](C(=O)O)N)O)O)N
Severe acute respiratory syndrome coronavirus 2,7LW3,YG4,A,704,CN1CN(C2=C1C(=O)NC(=N2)N)[C@H]3[C@@H]([C@@H]([C@H](O3)COP(=O)(O)OP(=O)(O)OP(=O)(O)OC[C@@H]4[C@H]([C@H]([C@@H](O4)N5CNc6c5ncnc6N)OC)OP(=O)(O)OC[C@@H]7[C@H]([C@H]([C@H](O7)N8C=CC(=O)NC8=O)O)O)O)O
Severe acute respiratory syndrome coronavirus 2,7LW4,SAH,A,312,c1nc(c2c(n1)n(cn2)[C@H]3[C@@H]([C@@H]([C@H](O3)CSCC[C@@H](C(=O)O)N)O)O)N
Severe acute respiratory syndrome coronavirus 2,7LY3,XYL,B,405,C([C@@H](C([C@@H](CO)O)O)O)O
Severe acute respiratory syndrome coronavirus 2,7LY3,XYL,A,1704,C([C@@H](C([C@@H](CO)O)O)O)O
Severe acute respiratory syndrome coronavirus 2,7LYH,YHJ,A,401,c1ccc(cc1)COC(=O)N2C[C@@H]3CCCC3[C@H]2C(=O)N[C@@H](C[C@@H]4CCNC4=O)CO
Severe acute respiratory syndrome coronavirus 2,7LYI,YHI,A,503,CC1([C@@H]2[C@H]1[C@H](N(C2)C(=O)OCc3ccccc3)C(=O)N[C@@H](C[C@@H]4CCNC4=O)CO)C
Severe acute respiratory syndrome coronavirus 2,7LYJ,IRI,A,101,[NH3][Ir+3]([NH3])([NH3])([NH3])([NH3])[NH3]
Severe acute respiratory syndrome coronavirus 2,7LYJ,IRI,A,102,[NH3][Ir+3]([NH3])([NH3])([NH3])([NH3])[NH3]
Severe acute respiratory syndrome coronavirus 2,7LZT,YN1,A,403,CCCC1CCC(CC1)COC(=O)N[C@@H](CC(C)C)C(=O)N[C@@H](C[C@@H]2CCNC2=O)C(O)S(=O)(=O)O
Severe acute respiratory syndrome coronavirus 2,7LZT,YMY,A,402,CCCC1CCC(CC1)COC(=O)N[C@@H](CC(C)C)C(=O)N[C@@H](C[C@@H]2CCNC2=O)C(O)S(=O)(=O)O
Severe acute respiratory syndrome coronavirus 2,7LZU,YKM,A,401,C[C@@H](C1CCC(CC1)(F)F)OC(=O)N[C@@H](CC(C)C)C(=O)N[C@@H](C[C@@H]2CCNC2=O)C(O)S(=O)(=O)O
Severe acute respiratory syndrome coronavirus 2,7LZU,YKM,B,402,C[C@@H](C1CCC(CC1)(F)F)OC(=O)N[C@@H](CC(C)C)C(=O)N[C@@H](C[C@@H]2CCNC2=O)C(O)S(=O)(=O)O
Severe acute respiratory syndrome coronavirus 2,7LZU,YKP,B,401,C[C@@H](C1CCC(CC1)(F)F)OC(=O)N[C@@H](CC(C)C)C(=O)N[C@@H](C[C@@H]2CCNC2=O)C(O)S(=O)(=O)O
Severe acute respiratory syndrome coronavirus 2,7LZU,YKP,A,402,C[C@@H](C1CCC(CC1)(F)F)OC(=O)N[C@@H](CC(C)C)C(=O)N[C@@H](C[C@@H]2CCNC2=O)C(O)S(=O)(=O)O
Severe acute respiratory syndrome coronavirus 2,7LZV,YLM,A,401,CC(C)C[C@@H](C(=O)N[C@@H](C[C@@H]1CCNC1=O)C(O)S(=O)(=O)O)NC(=O)OCc2ccc(cc2)F
Severe acute respiratory syndrome coronavirus 2,7LZV,YLM,B,401,CC(C)C[C@@H](C(=O)N[C@@H](C[C@@H]1CCNC1=O)C(O)S(=O)(=O)O)NC(=O)OCc2ccc(cc2)F
Severe acute respiratory syndrome coronavirus 2,7LZV,YLS,A,402,CC(C)C[C@@H](C(=O)N[C@@H](C[C@@H]1CCNC1=O)[C@@H](O)S(=O)(=O)O)NC(=O)OCc2ccc(cc2)F
Severe acute respiratory syndrome coronavirus 2,7LZV,YLS,B,402,CC(C)C[C@@H](C(=O)N[C@@H](C[C@@H]1CCNC1=O)[C@@H](O)S(=O)(=O)O)NC(=O)OCc2ccc(cc2)F
Severe acute respiratory syndrome coronavirus 2,7LZW,YLS,A,402,CC(C)C[C@@H](C(=O)N[C@@H](C[C@@H]1CCNC1=O)[C@@H](O)S(=O)(=O)O)NC(=O)OCc2ccc(cc2)F
Severe acute respiratory syndrome coronavirus 2,7LZW,YLS,B,402,CC(C)C[C@@H](C(=O)N[C@@H](C[C@@H]1CCNC1=O)[C@@H](O)S(=O)(=O)O)NC(=O)OCc2ccc(cc2)F
Severe acute respiratory syndrome coronavirus 2,7LZW,YLM,B,401,CC(C)C[C@@H](C(=O)N[C@@H](C[C@@H]1CCNC1=O)C(O)S(=O)(=O)O)NC(=O)OCc2ccc(cc2)F
Severe acute respiratory syndrome coronavirus 2,7LZW,YLM,A,401,CC(C)C[C@@H](C(=O)N[C@@H](C[C@@H]1CCNC1=O)C(O)S(=O)(=O)O)NC(=O)OCc2ccc(cc2)F
Severe acute respiratory syndrome coronavirus 2,7LZX,YMG,A,401,CC(C)C[C@@H](C(=O)N[C@@H](C[C@@H]1CCNC1=O)C(O)S(=O)(=O)O)NC(=O)OC2CCC(CC2)(C)C
Severe acute respiratory syndrome coronavirus 2,7LZX,YMD,A,402,CC(C)C[C@@H](C(=O)N[C@@H](C[C@@H]1CCNC1=O)C(O)S(=O)(=O)O)NC(=O)OC2CCC(CC2)(C)C
Severe acute respiratory syndrome coronavirus 2,7LZX,YMG,B,401,CC(C)C[C@@H](C(=O)N[C@@H](C[C@@H]1CCNC1=O)C(O)S(=O)(=O)O)NC(=O)OC2CCC(CC2)(C)C
Severe acute respiratory syndrome coronavirus 2,7LZX,YMD,B,402,CC(C)C[C@@H](C(=O)N[C@@H](C[C@@H]1CCNC1=O)C(O)S(=O)(=O)O)NC(=O)OC2CCC(CC2)(C)C
Severe acute respiratory syndrome coronavirus 2,7LZY,YMJ,A,401,CCCC1CCC(CC1)OC(=O)N[C@@H](CC(C)C)C(=O)N[C@@H](C[C@@H]2CCNC2=O)C(O)S(=O)(=O)O
Severe acute respiratory syndrome coronavirus 2,7LZY,YMM,A,402,CCCC1CCC(CC1)OC(=O)N[C@@H](CC(C)C)C(=O)N[C@@H](C[C@@H]2CCNC2=O)C(O)S(=O)(=O)O
Severe acute respiratory syndrome coronavirus 2,7LZZ,YMS,A,401,CC(C)C[C@@H](C(=O)N[C@@H](C[C@@H]1CCNC1=O)C(O)S(=O)(=O)O)NC(=O)OC2CCC(CC2)c3ccccc3
Severe acute respiratory syndrome coronavirus 2,7LZZ,YMV,A,402,CC(C)C[C@@H](C(=O)N[C@@H](C[C@@H]1CCNC1=O)C(O)S(=O)(=O)O)NC(=O)OC2CCC(CC2)c3ccccc3
Severe acute respiratory syndrome coronavirus 2,7M00,YKD,A,402,CC(C)C[C@@H](C(=O)N[C@@H](C[C@@H]1CC=NC1=O)C(O)S(=O)(=O)O)NC(=O)OC(C)(C)C2CCC(CC2)(F)F
Severe acute respiratory syndrome coronavirus 2,7M00,YKA,B,401,CC(C)C[C@@H](C(=O)N[C@@H](C[C@@H]1CC=NC1=O)C(O)S(=O)(=O)O)NC(=O)OC(C)(C)C2CCC(CC2)(F)F
Severe acute respiratory syndrome coronavirus 2,7M00,YKD,B,402,CC(C)C[C@@H](C(=O)N[C@@H](C[C@@H]1CC=NC1=O)C(O)S(=O)(=O)O)NC(=O)OC(C)(C)C2CCC(CC2)(F)F
Severe acute respiratory syndrome coronavirus 2,7M00,YKA,A,401,CC(C)C[C@@H](C(=O)N[C@@H](C[C@@H]1CC=NC1=O)C(O)S(=O)(=O)O)NC(=O)OC(C)(C)C2CCC(CC2)(F)F
Severe acute respiratory syndrome coronavirus 2,7M01,YKS,A,402,CC(C)C[C@@H](C(=O)N[C@@H](C[C@@H]1CCNC1=O)C(O)S(=O)(=O)O)NC(=O)O[C@@H](Cc2ccccc2)C3CCC(CC3)(F)F
Severe acute respiratory syndrome coronavirus 2,7M01,YKV,B,402,CC(C)C[C@@H](C(=O)N[C@@H](C[C@@H]1CCNC1=O)C(O)S(=O)(=O)O)NC(=O)O[C@@H](Cc2ccccc2)C3CCC(CC3)(F)F
Severe acute respiratory syndrome coronavirus 2,7M01,YKV,A,401,CC(C)C[C@@H](C(=O)N[C@@H](C[C@@H]1CCNC1=O)C(O)S(=O)(=O)O)NC(=O)O[C@@H](Cc2ccccc2)C3CCC(CC3)(F)F
Severe acute respiratory syndrome coronavirus 2,7M01,YKS,B,401,CC(C)C[C@@H](C(=O)N[C@@H](C[C@@H]1CCNC1=O)C(O)S(=O)(=O)O)NC(=O)O[C@@H](Cc2ccccc2)C3CCC(CC3)(F)F
Severe acute respiratory syndrome coronavirus 2,7M02,YL7,B,401,CC(C)C[C@@H](C(=O)N[C@@H](C[C@@H]1CC=NC1=O)C(O)S(=O)(=O)O)NC(=O)OCc2ccccc2F
Severe acute respiratory syndrome coronavirus 2,7M02,YKY,B,402,CC(C)C[C@@H](C(=O)N[C@@H](C[C@@H]1CC=NC1=O)C(O)S(=O)(=O)O)NC(=O)OCc2ccccc2F
Severe acute respiratory syndrome coronavirus 2,7M02,YKY,A,402,CC(C)C[C@@H](C(=O)N[C@@H](C[C@@H]1CC=NC1=O)C(O)S(=O)(=O)O)NC(=O)OCc2ccccc2F
Severe acute respiratory syndrome coronavirus 2,7M02,YL7,A,401,CC(C)C[C@@H](C(=O)N[C@@H](C[C@@H]1CC=NC1=O)C(O)S(=O)(=O)O)NC(=O)OCc2ccccc2F
Severe acute respiratory syndrome coronavirus 2,7M03,YLD,A,401,CC(C)C[C@@H](C(=O)N[C@@H](C[C@@H]1CCNC1=O)C(O)S(=O)(=O)O)NC(=O)OCc2cccc(c2)F
Severe acute respiratory syndrome coronavirus 2,7M03,YLJ,A,402,CC(C)C[C@@H](C(=O)N[C@@H](C[C@@H]1CCNC1=O)C(O)S(=O)(=O)O)NC(=O)OCc2cccc(c2)F
Severe acute respiratory syndrome coronavirus 2,7M03,YLD,B,402,CC(C)C[C@@H](C(=O)N[C@@H](C[C@@H]1CCNC1=O)C(O)S(=O)(=O)O)NC(=O)OCc2cccc(c2)F
Severe acute respiratory syndrome coronavirus 2,7M03,YLJ,B,401,CC(C)C[C@@H](C(=O)N[C@@H](C[C@@H]1CCNC1=O)C(O)S(=O)(=O)O)NC(=O)OCc2cccc(c2)F
Severe acute respiratory syndrome coronavirus 2,7M04,YLV,B,401,CC(C)C[C@@H](C(=O)N[C@@H](C[C@@H]1C=CNC1=O)C(O)S(=O)(=O)O)NC(=O)OCc2c(c(c(c(c2F)F)F)F)F
Severe acute respiratory syndrome coronavirus 2,7M04,YLV,A,401,CC(C)C[C@@H](C(=O)N[C@@H](C[C@@H]1C=CNC1=O)C(O)S(=O)(=O)O)NC(=O)OCc2c(c(c(c(c2F)F)F)F)F
Severe acute respiratory syndrome coronavirus 2,7M04,YM1,B,402,CC(C)C[C@@H](C(=O)N[C@@H](C[C@@H]1C=CNC1=O)C(O)S(=O)(=O)O)NC(=O)OCc2c(c(c(c(c2F)F)F)F)F
Severe acute respiratory syndrome coronavirus 2,7M04,YM1,A,402,CC(C)C[C@@H](C(=O)N[C@@H](C[C@@H]1C=CNC1=O)C(O)S(=O)(=O)O)NC(=O)OCc2c(c(c(c(c2F)F)F)F)F
Severe acute respiratory syndrome coronavirus 2,7M1Y,9JT,B,403,c1ccc(cc1)NC(=O)c2ccccc2[SeH]
Severe acute respiratory syndrome coronavirus 2,7M1Y,9JT,A,501,c1ccc(cc1)NC(=O)c2ccccc2[SeH]
Severe acute respiratory syndrome coronavirus 2,7M2P,YOP,B,4,C1=CNC(=O)C(=C1)C[C@@H](CO)N
Severe acute respiratory syndrome coronavirus 2,7M2P,ALC,B,3,C1CCC(CC1)C[C@@H](C(=O)O)N
Severe acute respiratory syndrome coronavirus 2,7M8M,YSG,A,401,CCCOc1cc(cc(c1)Cl)C2=CC(=CN(C2=O)c3cccnc3)C4=CNC(=O)NC4=O
Severe acute respiratory syndrome coronavirus 2,7M8N,YSP,A,401,Cc1ccccc1COc2cc(cc(c2)Cl)C3=CC(=CN(C3=O)c4cccnc4)C5=CNC(=O)NC5=O
Severe acute respiratory syndrome coronavirus 2,7M8N,YSP,B,401,Cc1ccccc1COc2cc(cc(c2)Cl)C3=CC(=CN(C3=O)c4cccnc4)C5=CNC(=O)NC5=O
Severe acute respiratory syndrome coronavirus 2,7M8O,YSM,A,401,c1cc(cc(c1)F)COc2cc(cc(c2)Cl)C3=CC(=CN(C3=O)c4cccnc4)C5=CNC(=O)NC5=O
Severe acute respiratory syndrome coronavirus 2,7M8P,YSJ,A,401,c1ccc(c(c1)COc2cc(cc(c2F)Cl)C3=CC(=CN(C3=O)c4cccnc4)C5=CNC(=O)NC5=O)Cl
Severe acute respiratory syndrome coronavirus 2,7M8X,YTJ,A,401,COCCOc1cc(cc(c1)Cl)C2=CC(=CN(C2=O)c3cccnc3)c4ccccc4C#N
Severe acute respiratory syndrome coronavirus 2,7M8Y,YTM,A,401,c1ccc(cc1)CCOc2cc(cc(c2)Cl)C3=CC(=CN(C3=O)c4cccnc4)C5=CNC(=O)NC5=O
Severe acute respiratory syndrome coronavirus 2,7M8Z,YTV,A,401,CC(C)(CCOc1cc(cc(c1)Cl)C2=CC(=CN(C2=O)c3cccnc3)C4=CNC(=O)NC4=O)O
Severe acute respiratory syndrome coronavirus 2,7M90,YTS,A,401,c1cc(cnc1)N2C=C(C=C(C2=O)c3cc(cc(c3)Cl)OCCN4CCNC(=O)C4)C5=CNC(=O)NC5=O
Severe acute respiratory syndrome coronavirus 2,7M91,YU4,A,401,c1cc(cnc1)N2C=C(C=C(C2=O)c3cc(cc(c3)Cl)OCCC(F)(F)F)C4=CNC(=O)NC4=O
Severe acute respiratory syndrome coronavirus 2,7MAT,H37,A,401,[H]/N=C(\N)/NCCC[C@@H](C(=O)CCl)NC(=O)[C@H](Cc1ccccc1)NC(=O)[C@@H](Cc2ccccc2)N
Severe acute respiratory syndrome coronavirus 2,7MAT,H37,B,402,[H]/N=C(\N)/NCCC[C@@H](C(=O)CCl)NC(=O)[C@H](Cc1ccccc1)NC(=O)[C@@H](Cc2ccccc2)N
Severe acute respiratory syndrome coronavirus 2,7MAU,YVP,B,503,[H]/N=C(/N)\NCCC[C@@H](C(=O)C)NC(=O)[C@H](Cc1ccccc1)NC(=O)[C@@H](Cc2ccccc2)NC(=O)CCOCC#C
Severe acute respiratory syndrome coronavirus 2,7MAU,YVP,A,403,[H]/N=C(/N)\NCCC[C@@H](C(=O)C)NC(=O)[C@H](Cc1ccccc1)NC(=O)[C@@H](Cc2ccccc2)NC(=O)CCOCC#C
Severe acute respiratory syndrome coronavirus 2,7MAU,DIO,B,501,C1COCCO1
Severe acute respiratory syndrome coronavirus 2,7MAV,YVY,B,401,CC(=O)[C@H](CCCNC(=O)N)NC(=O)[C@H](Cc1ccccc1)NC(=O)[C@@H](Cc2ccccc2)NC(=O)CCOCC#C
Severe acute respiratory syndrome coronavirus 2,7MAV,YVY,A,401,CC(=O)[C@H](CCCNC(=O)N)NC(=O)[C@H](Cc1ccccc1)NC(=O)[C@@H](Cc2ccccc2)NC(=O)CCOCC#C
Severe acute respiratory syndrome coronavirus 2,7MAW,YVA,B,401,CCOC(=O)CC[C@H](C[C@@H]1CCNC1=O)NC(=O)[C@H](CC2CC2)NC(=O)/C=C/c3ccc(cc3)C#C
Severe acute respiratory syndrome coronavirus 2,7MAW,YVA,A,401,CCOC(=O)CC[C@H](C[C@@H]1CCNC1=O)NC(=O)[C@H](CC2CC2)NC(=O)/C=C/c3ccc(cc3)C#C
Severe acute respiratory syndrome coronavirus 2,7MAX,YV7,B,401,CCOC(=O)CC[C@H](C[C@@H]1CCNC1=O)NC(=O)[C@H](Cc2ccc(cc2)F)NC(=O)[C@@H](Cc3ccccc3)N
Severe acute respiratory syndrome coronavirus 2,7MAX,YV7,A,401,CCOC(=O)CC[C@H](C[C@@H]1CCNC1=O)NC(=O)[C@H](Cc2ccc(cc2)F)NC(=O)[C@@H](Cc3ccccc3)N
Severe acute respiratory syndrome coronavirus 2,7MAZ,YVD,A,401,CCOC(=O)CC[C@H](C[C@@H]1CCNC1=O)NC(=O)[C@H](Cc2ccc(cc2)F)NC(=O)[C@@H](Cc3ccc(cc3)F)N
Severe acute respiratory syndrome coronavirus 2,7MAZ,YVD,B,401,CCOC(=O)CC[C@H](C[C@@H]1CCNC1=O)NC(=O)[C@H](Cc2ccc(cc2)F)NC(=O)[C@@H](Cc3ccc(cc3)F)N
Severe acute respiratory syndrome coronavirus 2,7MB0,YVG,A,401,CCOC(=O)CC[C@H](C[C@@H]1CCNC1=O)NC(=O)[C@H](Cc2ccccc2)NC(=O)[C@@H](Cc3ccccc3)N
Severe acute respiratory syndrome coronavirus 2,7MB0,YVG,B,401,CCOC(=O)CC[C@H](C[C@@H]1CCNC1=O)NC(=O)[C@H](Cc2ccccc2)NC(=O)[C@@H](Cc3ccccc3)N
Severe acute respiratory syndrome coronavirus 2,7MB1,YVJ,B,401,CCOC(=O)CC[C@H](C[C@@H]1CCNC1=O)NC(=O)[C@H](Cc2ccccc2)NC(=O)[C@@H](Cc3ccc(cc3)F)N
Severe acute respiratory syndrome coronavirus 2,7MB1,YVJ,A,401,CCOC(=O)CC[C@H](C[C@@H]1CCNC1=O)NC(=O)[C@H](Cc2ccccc2)NC(=O)[C@@H](Cc3ccc(cc3)F)N
Severe acute respiratory syndrome coronavirus 2,7MB2,YVM,A,401,CCOC(=O)CC[C@H](C[C@@H]1CCNC1=O)NC(=O)[C@H](Cc2ccccc2)NC(=O)[C@@H](Cc3ccc(cc3)F)NC(=O)CCOCC#C
Severe acute respiratory syndrome coronavirus 2,7MB2,YVM,B,401,CCOC(=O)CC[C@H](C[C@@H]1CCNC1=O)NC(=O)[C@H](Cc2ccccc2)NC(=O)[C@@H](Cc3ccc(cc3)F)NC(=O)CCOCC#C
Severe acute respiratory syndrome coronavirus 2,7MB3,YVV,D,401,CCOC(=O)CC[C@H](C[C@@H]1CCNC1=O)NC(=O)[C@H](Cc2ccccc2)NC(=O)[C@@H](Cc3ccccc3)NC(=O)CCOCC#C
Severe acute respiratory syndrome coronavirus 2,7MB3,YVV,B,401,CCOC(=O)CC[C@H](C[C@@H]1CCNC1=O)NC(=O)[C@H](Cc2ccccc2)NC(=O)[C@@H](Cc3ccccc3)NC(=O)CCOCC#C
Severe acute respiratory syndrome coronavirus 2,7MB3,YVV,A,401,CCOC(=O)CC[C@H](C[C@@H]1CCNC1=O)NC(=O)[C@H](Cc2ccccc2)NC(=O)[C@@H](Cc3ccccc3)NC(=O)CCOCC#C
Severe acute respiratory syndrome coronavirus 2,7MB3,YVV,C,401,CCOC(=O)CC[C@H](C[C@@H]1CCNC1=O)NC(=O)[C@H](Cc2ccccc2)NC(=O)[C@@H](Cc3ccccc3)NC(=O)CCOCC#C
Severe acute respiratory syndrome coronavirus 2,7MB3,YVV,E,401,CCOC(=O)CC[C@H](C[C@@H]1CCNC1=O)NC(=O)[C@H](Cc2ccccc2)NC(=O)[C@@H](Cc3ccccc3)NC(=O)CCOCC#C
Severe acute respiratory syndrome coronavirus 2,7MB3,YVV,F,401,CCOC(=O)CC[C@H](C[C@@H]1CCNC1=O)NC(=O)[C@H](Cc2ccccc2)NC(=O)[C@@H](Cc3ccccc3)NC(=O)CCOCC#C
Severe acute respiratory syndrome coronavirus 2,7MBI,YWJ,A,401,CC(C)C[C@@H](C(=O)N[C@@H](C[C@@H]1CCCNC1=O)C(=O)C)NC(=O)c2cc3c([nH]2)cccc3OC
Severe acute respiratory syndrome coronavirus 2,7MBI,YWJ,C,401,CC(C)C[C@@H](C(=O)N[C@@H](C[C@@H]1CCCNC1=O)C(=O)C)NC(=O)c2cc3c([nH]2)cccc3OC
Severe acute respiratory syndrome coronavirus 2,7MBI,FN7,B,402,Cc1cc(nc(c1C(=O)O)C)C
Severe acute respiratory syndrome coronavirus 2,7MBI,YWJ,B,401,CC(C)C[C@@H](C(=O)N[C@@H](C[C@@H]1CCCNC1=O)C(=O)C)NC(=O)c2cc3c([nH]2)cccc3OC
Severe acute respiratory syndrome coronavirus 2,7MBI,YWJ,D,401,CC(C)C[C@@H](C(=O)N[C@@H](C[C@@H]1CCCNC1=O)C(=O)C)NC(=O)c2cc3c([nH]2)cccc3OC
Severe acute respiratory syndrome coronavirus 2,7MC5,TLA,A,315,[C@@H]([C@H](C(=O)O)O)(C(=O)O)O
Severe acute respiratory syndrome coronavirus 2,7MC5,TLA,A,314,[C@@H]([C@H](C(=O)O)O)(C(=O)O)O
Severe acute respiratory syndrome coronavirus 2,7MKY,NCO,A,101,[NH3][Co+3]([NH3])([NH3])([NH3])([NH3])[NH3]
Severe acute respiratory syndrome coronavirus 2,7MLF,C7A,A,401,CC(C)(C)c1ccc(cc1)N([C@H](c2cccnc2)C(=O)NC3CCCCC3)C(=O)CCl
Severe acute respiratory syndrome coronavirus 2,7MLG,ZJ1,A,401,CCS(=O)(=O)N(c1ccc(cc1)C(C)(C)C)[C@H](c2cccnc2)C(=O)NC3CCCCC3
Severe acute respiratory syndrome coronavirus 2,7MNG,ZL7,A,401,CC[C@@H]([C@H](C(=O)NC1CC1)O)NC(=O)[C@H](CS(=O)(=O)CC2CC2)N[C@@H](c3ccc(cc3)F)C(F)(F)F
Severe acute respiratory syndrome coronavirus 2,7MPB,ETF,B,402,C(C(F)(F)F)O
Severe acute respiratory syndrome coronavirus 2,7MPB,ASC,A,401,C([C@@H]([C@@H]1C(=C(C(=O)O1)O)O)O)O
Severe acute respiratory syndrome coronavirus 2,7MPB,ASC,B,401,C([C@@H]([C@@H]1C(=C(C(=O)O1)O)O)O)O
Severe acute respiratory syndrome coronavirus 2,7MPB,ETF,A,402,C(C(F)(F)F)O
Severe acute respiratory syndrome coronavirus 2,7MRR,AR7,B,4,C(C[C@@H](C(O)O)N)CNC(=[NH2+])N
Severe acute respiratory syndrome coronavirus 2,7MSQ,SCN,L,303,C(#N)[S-]
Severe acute respiratory syndrome coronavirus 2,7MSQ,SCN,L,301,C(#N)[S-]
Severe acute respiratory syndrome coronavirus 2,7MSQ,SCN,E,303,C(#N)[S-]
Severe acute respiratory syndrome coronavirus 2,7MSQ,SCN,B,602,C(#N)[S-]
Severe acute respiratory syndrome coronavirus 2,7MSQ,SCN,L,302,C(#N)[S-]
Severe acute respiratory syndrome coronavirus 2,7N0D,1N7,D,605,C[C@H](CCC(=O)NCCC[N+](C)(C)CC(CS(=O)(=O)O)O)[C@H]1CC[C@@H]2[C@@]1([C@H](C[C@H]3[C@H]2[C@@H](C[C@H]4[C@@]3(CC[C@H](C4)O)C)O)O)C
Severe acute respiratory syndrome coronavirus 2,7N0D,1N7,H,701,C[C@H](CCC(=O)NCCC[N+](C)(C)CC(CS(=O)(=O)O)O)[C@H]1CC[C@@H]2[C@@]1([C@H](C[C@H]3[C@H]2[C@@H](C[C@H]4[C@@]3(CC[C@H](C4)O)C)O)O)C
Severe acute respiratory syndrome coronavirus 2,7N33,UFT,H,401,C1=CN(C(=O)NC1=O)[C@H]2[C@@H]([C@@H]([C@H](O2)COP(=O)(O)O)O)F
Severe acute respiratory syndrome coronavirus 2,7N33,UFT,J,401,C1=CN(C(=O)NC1=O)[C@H]2[C@@H]([C@@H]([C@H](O2)COP(=O)(O)O)O)F
Severe acute respiratory syndrome coronavirus 2,7N33,UFT,G,401,C1=CN(C(=O)NC1=O)[C@H]2[C@@H]([C@@H]([C@H](O2)COP(=O)(O)O)O)F
Severe acute respiratory syndrome coronavirus 2,7N33,UFT,L,401,C1=CN(C(=O)NC1=O)[C@H]2[C@@H]([C@@H]([C@H](O2)COP(=O)(O)O)O)F
Severe acute respiratory syndrome coronavirus 2,7N33,UFT,I,401,C1=CN(C(=O)NC1=O)[C@H]2[C@@H]([C@@H]([C@H](O2)COP(=O)(O)O)O)F
Severe acute respiratory syndrome coronavirus 2,7N33,UFT,K,401,C1=CN(C(=O)NC1=O)[C@H]2[C@@H]([C@@H]([C@H](O2)COP(=O)(O)O)O)F
Severe acute respiratory syndrome coronavirus 2,7N3K,ODN,D,201,C[C@@H]1[C@@H]2CC[C@H]3[C@@]45CO[C@@]([C@]3([C@@H]2O)C1=O)([C@H]([C@@H]4C(CC[C@@H]5O)(C)C)O)O
Severe acute respiratory syndrome coronavirus 2,7N3K,ODN,E,201,C[C@@H]1[C@@H]2CC[C@H]3[C@@]45CO[C@@]([C@]3([C@@H]2O)C1=O)([C@H]([C@@H]4C(CC[C@@H]5O)(C)C)O)O
Severe acute respiratory syndrome coronavirus 2,7N3K,ODN,B,201,C[C@@H]1[C@@H]2CC[C@H]3[C@@]45CO[C@@]([C@]3([C@@H]2O)C1=O)([C@H]([C@@H]4C(CC[C@@H]5O)(C)C)O)O
Severe acute respiratory syndrome coronavirus 2,7N3K,ODN,H,201,C[C@@H]1[C@@H]2CC[C@H]3[C@@]45CO[C@@]([C@]3([C@@H]2O)C1=O)([C@H]([C@@H]4C(CC[C@@H]5O)(C)C)O)O
Severe acute respiratory syndrome coronavirus 2,7N3K,ODN,F,201,C[C@@H]1[C@@H]2CC[C@H]3[C@@]45CO[C@@]([C@]3([C@@H]2O)C1=O)([C@H]([C@@H]4C(CC[C@@H]5O)(C)C)O)O
Severe acute respiratory syndrome coronavirus 2,7N3K,ODN,G,201,C[C@@H]1[C@@H]2CC[C@H]3[C@@]45CO[C@@]([C@]3([C@@H]2O)C1=O)([C@H]([C@@H]4C(CC[C@@H]5O)(C)C)O)O
Severe acute respiratory syndrome coronavirus 2,7N3K,ODN,C,201,C[C@@H]1[C@@H]2CC[C@H]3[C@@]45CO[C@@]([C@]3([C@@H]2O)C1=O)([C@H]([C@@H]4C(CC[C@@H]5O)(C)C)O)O
Severe acute respiratory syndrome coronavirus 2,7N3K,ODN,A,201,C[C@@H]1[C@@H]2CC[C@H]3[C@@]45CO[C@@]([C@]3([C@@H]2O)C1=O)([C@H]([C@@H]4C(CC[C@@H]5O)(C)C)O)O
Severe acute respiratory syndrome coronavirus 2,7N44,06I,A,401,Cc1c(ncs1)COc2cc(cc(c2)Cl)C3=CC(=CN(C3=O)c4cccnc4)C5=CNC(=O)NC5=O
Severe acute respiratory syndrome coronavirus 2,7N7R,S6V,B,401,c1ccc(cc1)NC(=O)NCCN2CCCC2=O
Severe acute respiratory syndrome coronavirus 2,7N7U,0MI,A,401,CC1=CN(C(=O)NC1=O)[C@H]2C[C@@H]([C@H](O2)CN=[N]=N)O
Severe acute respiratory syndrome coronavirus 2,7N7U,0MI,B,401,CC1=CN(C(=O)NC1=O)[C@H]2C[C@@H]([C@H](O2)CN=[N]=N)O
Severe acute respiratory syndrome coronavirus 2,7N7W,0OI,B,401,CNC(=O)Nc1ccccc1F
Severe acute respiratory syndrome coronavirus 2,7N7Y,RZG,B,401,COC(=O)c1ccc(cc1)S(=O)(=O)N
Severe acute respiratory syndrome coronavirus 2,7N7Y,RZG,A,401,COC(=O)c1ccc(cc1)S(=O)(=O)N
Severe acute respiratory syndrome coronavirus 2,7N83,WNM,A,402,c1ccc(cc1)S(=O)(=O)N2CC[C@@H](C2)N
Severe acute respiratory syndrome coronavirus 2,7N83,WNM,B,402,c1ccc(cc1)S(=O)(=O)N2CC[C@@H](C2)N
Severe acute respiratory syndrome coronavirus 2,7N83,WNM,B,404,c1ccc(cc1)S(=O)(=O)N2CC[C@@H](C2)N
Severe acute respiratory syndrome coronavirus 2,7N83,WNM,B,403,c1ccc(cc1)S(=O)(=O)N2CC[C@@H](C2)N
Severe acute respiratory syndrome coronavirus 2,7N83,WNM,A,404,c1ccc(cc1)S(=O)(=O)N2CC[C@@H](C2)N
Severe acute respiratory syndrome coronavirus 2,7N83,WNM,A,403,c1ccc(cc1)S(=O)(=O)N2CC[C@@H](C2)N
Severe acute respiratory syndrome coronavirus 2,7N83,WNM,A,405,c1ccc(cc1)S(=O)(=O)N2CC[C@@H](C2)N
Severe acute respiratory syndrome coronavirus 2,7N8C,YD1,A,401,c1cc(c(cc1N2CCN(CC2)C(=O)C3=CC(=O)NC(=O)N3)Cl)Cl
Severe acute respiratory syndrome coronavirus 2,7NBY,U88,B,406,c1c(scn1)N(=O)=O
Severe acute respiratory syndrome coronavirus 2,7NBY,U88,A,403,c1c(scn1)N(=O)=O
Severe acute respiratory syndrome coronavirus 2,7NBY,U88,B,403,c1c(scn1)N(=O)=O
Severe acute respiratory syndrome coronavirus 2,7NBY,U88,B,401,c1c(scn1)N(=O)=O
Severe acute respiratory syndrome coronavirus 2,7NBY,U88,A,401,c1c(scn1)N(=O)=O
Severe acute respiratory syndrome coronavirus 2,7NBY,U88,A,402,c1c(scn1)N(=O)=O
Severe acute respiratory syndrome coronavirus 2,7NBY,U88,B,402,c1c(scn1)N(=O)=O
Severe acute respiratory syndrome coronavirus 2,7NBY,U88,A,406,c1c(scn1)N(=O)=O
Severe acute respiratory syndrome coronavirus 2,7NEV,AR7,B,4,C(C[C@@H](C(O)O)N)CNC(=[NH2+])N
Severe acute respiratory syndrome coronavirus 2,7NF5,ALD,A,401,CC(C)C[C@@H](CO)NC(=O)[C@H](CC(C)C)NC(=O)[C@H](CC(C)C)NC(=O)OCc1ccccc1
Severe acute respiratory syndrome coronavirus 2,7NG3,ALD,B,401,CC(C)C[C@@H](CO)NC(=O)[C@H](CC(C)C)NC(=O)[C@H](CC(C)C)NC(=O)OCc1ccccc1
Severe acute respiratory syndrome coronavirus 2,7NG3,ALD,A,402,CC(C)C[C@@H](CO)NC(=O)[C@H](CC(C)C)NC(=O)[C@H](CC(C)C)NC(=O)OCc1ccccc1
Severe acute respiratory syndrome coronavirus 2,7NG6,ALD,A,701,CC(C)C[C@@H](CO)NC(=O)[C@H](CC(C)C)NC(=O)[C@H](CC(C)C)NC(=O)OCc1ccccc1
Severe acute respiratory syndrome coronavirus 2,7NG6,ALD,B,401,CC(C)C[C@@H](CO)NC(=O)[C@H](CC(C)C)NC(=O)[C@H](CC(C)C)NC(=O)OCc1ccccc1
Severe acute respiratory syndrome coronavirus 2,7NNG,UJK,A,701,Cc1ccccc1n2cc(nn2)C(=O)O
Severe acute respiratory syndrome coronavirus 2,7NNG,UJK,B,701,Cc1ccccc1n2cc(nn2)C(=O)O
Severe acute respiratory syndrome coronavirus 2,7NT1,UQW,B,504,CC[C@H](C(=O)NCCc1c[nH]c2c1cccc2)OC(=O)C=C
Severe acute respiratory syndrome coronavirus 2,7NT2,URK,B,604,COc1cccc(c1OC)CNC(=O)[C@H](c2ccc(cc2)[N+](=O)[O-])OC(=O)C=C
Severe acute respiratory syndrome coronavirus 2,7NT3,UQZ,B,703,CCCN([C@@H](c1cccc(c1)O)C(=O)NCc2ccc3c(c2)OCO3)C(=O)C=C
Severe acute respiratory syndrome coronavirus 2,7NT4,PRL,B,402,c1cc(cc2c1cc3ccc(cc3n2)N)N
Severe acute respiratory syndrome coronavirus 2,7NT4,PRL,A,402,c1cc(cc2c1cc3ccc(cc3n2)N)N
Severe acute respiratory syndrome coronavirus 2,7NT4,PRL,A,403,c1cc(cc2c1cc3ccc(cc3n2)N)N
Severe acute respiratory syndrome coronavirus 2,7NT4,PRL,B,403,c1cc(cc2c1cc3ccc(cc3n2)N)N
Severe acute respiratory syndrome coronavirus 2,7NT4,PRL,A,401,c1cc(cc2c1cc3ccc(cc3n2)N)N
Severe acute respiratory syndrome coronavirus 2,7NT4,PRL,B,401,c1cc(cc2c1cc3ccc(cc3n2)N)N
Severe acute respiratory syndrome coronavirus 2,7NT9,BLA,C,1301,Cc1c(c([nH]c1\C=C/2\C(=C(C(=O)N2)C=C)C)\C=C/3\C(=C(C(=N3)\C=C/4\C(=C(C(=O)N4)C)C=C)C)CCC(=O)O)CCC(=O)O
Severe acute respiratory syndrome coronavirus 2,7NT9,BLA,A,1301,Cc1c(c([nH]c1\C=C/2\C(=C(C(=O)N2)C=C)C)\C=C/3\C(=C(C(=N3)\C=C/4\C(=C(C(=O)N4)C)C=C)C)CCC(=O)O)CCC(=O)O
Severe acute respiratory syndrome coronavirus 2,7NT9,BLA,B,1301,Cc1c(c([nH]c1\C=C/2\C(=C(C(=O)N2)C=C)C)\C=C/3\C(=C(C(=N3)\C=C/4\C(=C(C(=O)N4)C)C=C)C)CCC(=O)O)CCC(=O)O
Severe acute respiratory syndrome coronavirus 2,7NTA,BLA,A,1301,Cc1c(c([nH]c1\C=C/2\C(=C(C(=O)N2)C=C)C)\C=C/3\C(=C(C(=N3)\C=C/4\C(=C(C(=O)N4)C)C=C)C)CCC(=O)O)CCC(=O)O
Severe acute respiratory syndrome coronavirus 2,7NTA,BLA,B,1301,Cc1c(c([nH]c1\C=C/2\C(=C(C(=O)N2)C=C)C)\C=C/3\C(=C(C(=N3)\C=C/4\C(=C(C(=O)N4)C)C=C)C)CCC(=O)O)CCC(=O)O
Severe acute respiratory syndrome coronavirus 2,7NTA,BLA,C,1301,Cc1c(c([nH]c1\C=C/2\C(=C(C(=O)N2)C=C)C)\C=C/3\C(=C(C(=N3)\C=C/4\C(=C(C(=O)N4)C)C=C)C)CCC(=O)O)CCC(=O)O
Severe acute respiratory syndrome coronavirus 2,7NTC,BLA,A,1301,Cc1c(c([nH]c1\C=C/2\C(=C(C(=O)N2)C=C)C)\C=C/3\C(=C(C(=N3)\C=C/4\C(=C(C(=O)N4)C)C=C)C)CCC(=O)O)CCC(=O)O
Severe acute respiratory syndrome coronavirus 2,7NTC,BLA,B,1301,Cc1c(c([nH]c1\C=C/2\C(=C(C(=O)N2)C=C)C)\C=C/3\C(=C(C(=N3)\C=C/4\C(=C(C(=O)N4)C)C=C)C)CCC(=O)O)CCC(=O)O
Severe acute respiratory syndrome coronavirus 2,7NTQ,35J,A,401,c1cc(cnc1)CNC=S
Severe acute respiratory syndrome coronavirus 2,7NTV,US8,B,506,CC(=O)Nc1c(cc(s1)c2ccccc2)C(=O)NC3CC3
Severe acute respiratory syndrome coronavirus 2,7NUK,USH,B,704,CCCN(CC(=O)Nc1ccccc1OC)C(=O)CCl
Severe acute respiratory syndrome coronavirus 2,7NW2,USZ,A,401,CCC(=O)N(c1ccc(cc1)C(C)(C)C)[C@H](c2cccnc2)C(=O)NCCc3cccc(c3)F
Severe acute respiratory syndrome coronavirus 2,7O35,GTP,C,401,c1nc2c(n1[C@H]3[C@@H]([C@@H]([C@H](O3)CO[P@](=O)(O)O[P@](=O)(O)OP(=O)(O)O)O)O)N=C(NC2=O)N
Severe acute respiratory syndrome coronavirus 2,7O36,GTP,D,401,c1nc2c(n1[C@H]3[C@@H]([C@@H]([C@H](O3)CO[P@](=O)(O)O[P@](=O)(O)OP(=O)(O)O)O)O)N=C(NC2=O)N
Severe acute respiratory syndrome coronavirus 2,7O36,GTP,A,401,c1nc2c(n1[C@H]3[C@@H]([C@@H]([C@H](O3)CO[P@](=O)(O)O[P@](=O)(O)OP(=O)(O)O)O)O)N=C(NC2=O)N
Severe acute respiratory syndrome coronavirus 2,7O46,V18,A,401,c1ccc2c(c1)cncc2N3C(=O)C4(CC(C4)C5CCC5)NC3=O
Severe acute respiratory syndrome coronavirus 2,7OD3,EIC,B,1302,CCCCC\C=C/C\C=C/CCCCCCCC(=O)O
Severe acute respiratory syndrome coronavirus 2,7OD3,EIC,A,1301,CCCCC\C=C/C\C=C/CCCCCCCC(=O)O
Severe acute respiratory syndrome coronavirus 2,7OD3,EIC,C,1301,CCCCC\C=C/C\C=C/CCCCCCCC(=O)O
Severe acute respiratory syndrome coronavirus 2,7ODL,EIC,A,1301,CCCCC\C=C/C\C=C/CCCCCCCC(=O)O
Severe acute respiratory syndrome coronavirus 2,7ODL,EIC,B,1301,CCCCC\C=C/C\C=C/CCCCCCCC(=O)O
Severe acute respiratory syndrome coronavirus 2,7ODL,EIC,C,1301,CCCCC\C=C/C\C=C/CCCCCCCC(=O)O
Severe acute respiratory syndrome coronavirus 2,7OFS,YRL,A,404,c1cc(ccc1CCO)O
Severe acute respiratory syndrome coronavirus 2,7OFT,HBA,A,410,c1cc(ccc1C=O)O
Severe acute respiratory syndrome coronavirus 2,7OLZ,DMX,C,201,C[N+](C)(CCCS(=O)(=O)[O-])Cc1ccccc1
Severe acute respiratory syndrome coronavirus 2,7ORB,BTB,E,404,C(CO)N(CCO)C(CO)(CO)CO
Severe acute respiratory syndrome coronavirus 2,7ORR,PIM,A,206,c1ccc(cc1)c2cnc[nH]2
Severe acute respiratory syndrome coronavirus 2,7ORR,PIM,A,205,c1ccc(cc1)c2cnc[nH]2
Severe acute respiratory syndrome coronavirus 2,7ORU,2AQ,A,204,c1ccc2c(c1)ccc(n2)N
Severe acute respiratory syndrome coronavirus 2,7ORV,X4V,A,205,CN(C)c1ccnc(c1)N
Severe acute respiratory syndrome coronavirus 2,7ORW,7WA,A,203,c1cc(c2c(c1)[nH]cn2)N
Severe acute respiratory syndrome coronavirus 2,7OZU,7OK,T,9,C\1=CN(C(=O)N/C1=N/O)[C@H]2[C@@H]([C@@H]([C@H](O2)COP(=O)(O)O)O)O
Severe acute respiratory syndrome coronavirus 2,7OZV,16B,T,9,C1=CN(C(=O)N=C1NO)[C@H]2[C@@H]([C@@H]([C@H](O2)COP(=O)(O)O)O)O
Severe acute respiratory syndrome coronavirus 2,7P2G,4N0,A,401,c1ccc2c(c1)[C@@H](CC(=O)N2)C(=O)Nc3ccc(cc3)I
Severe acute respiratory syndrome coronavirus 2,7P51,5P9,A,403,c1ccc2c(c1)[C@@H](CC2=O)C(=O)Nc3ccc(cn3)Cl
Severe acute respiratory syndrome coronavirus 2,7PFM,7IL,A,401,CC(C)(C)c1ccc(cc1)N([C@H](c2cccnc2)C(=O)NC(C)(C)C)C(=O)c3cnc[nH]3
Severe acute respiratory syndrome coronavirus 2,7PFM,7IL,B,401,CC(C)(C)c1ccc(cc1)N([C@H](c2cccnc2)C(=O)NC(C)(C)C)C(=O)c3cnc[nH]3
Severe acute respiratory syndrome coronavirus 2,7PHZ,X77,B,401,CC(C)(C)c1ccc(cc1)N([C@H](c2cccnc2)C(=O)NC3CCCCC3)C(=O)c4c[nH]cn4
Severe acute respiratory syndrome coronavirus 2,7PHZ,X77,A,401,CC(C)(C)c1ccc(cc1)N([C@H](c2cccnc2)C(=O)NC3CCCCC3)C(=O)c4c[nH]cn4
Severe acute respiratory syndrome coronavirus 2,7PS6,PG0,H,301,COCCOCCO
Severe acute respiratory syndrome coronavirus 2,7Q5E,90I,A,401,c1ccc(cc1)CCNC(=O)[C@@H]([C@H](C[C@@H]2CCNC2=O)NC(=O)[C@@H]3CCCN3C(=O)OCc4ccccc4)O
Severe acute respiratory syndrome coronavirus 2,7Q5E,90I,B,401,c1ccc(cc1)CCNC(=O)[C@@H]([C@H](C[C@@H]2CCNC2=O)NC(=O)[C@@H]3CCCN3C(=O)OCc4ccccc4)O
Severe acute respiratory syndrome coronavirus 2,7Q5F,90X,B,401,c1ccc(cc1)CCNC(=O)[C@@H]([C@H](C[C@@H]2CCNC2=O)NC(=O)[C@@H]3CCCN3C(=O)COc4ccc(cc4Cl)Cl)O
Severe acute respiratory syndrome coronavirus 2,7Q5F,90X,A,401,c1ccc(cc1)CCNC(=O)[C@@H]([C@H](C[C@@H]2CCNC2=O)NC(=O)[C@@H]3CCCN3C(=O)COc4ccc(cc4Cl)Cl)O
Severe acute respiratory syndrome coronavirus 2,7QBB,V1B,A,402,c1ccc(cc1)C2CC3(C2)C(=O)N(C(=O)N3)c4cncc5c4cccc5
Severe acute respiratory syndrome coronavirus 2,7QCG,DZI,A,401,c1cc([nH]c1)/C=N/NC(=O)c2cc(c(c(c2)O)O)O
Severe acute respiratory syndrome coronavirus 2,7QCH,A5I,A,401,COc1cc(cc(c1O)OC)/C=N/NC(=S)N
Severe acute respiratory syndrome coronavirus 2,7QCI,A6Q,A,401,CCNC(=S)N/N=C/c1ccc(c(c1)O)O
Severe acute respiratory syndrome coronavirus 2,7QCJ,A4O,A,405,c1cc(c(cc1O)O)/C=N/NC(=S)N
Severe acute respiratory syndrome coronavirus 2,7QCK,A7L,A,401,CCNC(=S)N/N=C/c1cc(ccc1O)O
Severe acute respiratory syndrome coronavirus 2,7QCM,A3X,A,401,C/C(=N\NC(=S)N)/c1ccc(c(c1)OC)O
Severe acute respiratory syndrome coronavirus 2,7QDG,NDG,Q,1,CC(=O)N[C@@H]1[C@H]([C@@H]([C@H](O[C@@H]1O)CO)O)O
Severe acute respiratory syndrome coronavirus 2,7QG7,U08,B,201,c1cc(n2c1c(ncn2)N)[C@]3([C@@H]([C@@H]([C@H](O3)CO)O)O)C#N
Severe acute respiratory syndrome coronavirus 2,7QG7,U08,A,201,c1cc(n2c1c(ncn2)N)[C@]3([C@@H]([C@@H]([C@H](O3)CO)O)O)C#N
Severe acute respiratory syndrome coronavirus 2,7QIF,GTG,D,601,C[n+]1cn(c2c1C(=O)NC(=N2)N)[C@H]3[C@@H]([C@@H]([C@H](O3)CO[P@@](=O)(O)OP(=O)(O)O[P@](=O)(O)OC[C@@H]4[C@H]([C@H]([C@@H](O4)n5cnc6c5N=C(NC6=O)N)O)O)O)O
Severe acute respiratory syndrome coronavirus 2,7QIK,SEP,E,197,C([C@@H](C(=O)O)N)OP(=O)(O)O
Severe acute respiratory syndrome coronavirus 2,7QIK,SEP,F,197,C([C@@H](C(=O)O)N)OP(=O)(O)O
Severe acute respiratory syndrome coronavirus 2,7QKA,UED,A,404,CC(C)C[C@@H](C(=O)N[C@@H](C[C@@H]1CCNC1=O)CO)NC(=O)OCc2ccccc2
Severe acute respiratory syndrome coronavirus 2,7QT5,GWS,A,401,c1cc(cnc1)NC(=O)CC2CCCCC2
Severe acute respiratory syndrome coronavirus 2,7QT6,RZJ,A,401,CN1CCCc2c1cc(cc2)S(=O)(=O)N
Severe acute respiratory syndrome coronavirus 2,7QT7,UHV,A,401,CCC(=O)N(c1cc(on1)C(C)(C)C)[C@H](c2cccnc2)C(=O)Nc3ccc(cc3C)OC
Severe acute respiratory syndrome coronavirus 2,7QT8,R8H,A,401,c1ccc(cc1)C[C@H]([C@@H](C(=O)NCc2ccccn2)O)NC(=O)[C@H]3CCC(=O)N3Cc4ccccc4
Severe acute respiratory syndrome coronavirus 2,7QT8,R8H,B,401,c1ccc(cc1)C[C@H]([C@@H](C(=O)NCc2ccccn2)O)NC(=O)[C@H]3CCC(=O)N3Cc4ccccc4
Severe acute respiratory syndrome coronavirus 2,7QUR,GE9,A,1313,c1c(cc(c(c1C(=O)N)I)I)I
Severe acute respiratory syndrome coronavirus 2,7QUR,EIC,B,1315,CCCCC\C=C/C\C=C/CCCCCCCC(=O)O
Severe acute respiratory syndrome coronavirus 2,7QUR,EIC,A,1315,CCCCC\C=C/C\C=C/CCCCCCCC(=O)O
Severe acute respiratory syndrome coronavirus 2,7QUR,GE9,B,1313,c1c(cc(c(c1C(=O)N)I)I)I
Severe acute respiratory syndrome coronavirus 2,7QUR,EIC,C,1301,CCCCC\C=C/C\C=C/CCCCCCCC(=O)O
Severe acute respiratory syndrome coronavirus 2,7QUR,GE9,C,1314,c1c(cc(c(c1C(=O)N)I)I)I
Severe acute respiratory syndrome coronavirus 2,7QUS,EIC,A,1313,CCCCC\C=C/C\C=C/CCCCCCCC(=O)O
Severe acute respiratory syndrome coronavirus 2,7QUS,EIC,B,1313,CCCCC\C=C/C\C=C/CCCCCCCC(=O)O
Severe acute respiratory syndrome coronavirus 2,7QUS,EIC,C,1301,CCCCC\C=C/C\C=C/CCCCCCCC(=O)O
Severe acute respiratory syndrome coronavirus 2,7R1T,6NR,A,301,c1c(c2c(ncnc2n1[C@H]3[C@@H]([C@@H]([C@H](O3)CSCC[C@@H](C(=O)O)N)O)O)N)C#N
Severe acute respiratory syndrome coronavirus 2,7R1U,GTA,A,302,C[n+]1cn(c2c1C(=O)NC(=N2)N)[C@H]3[C@@H]([C@@H]([C@H](O3)CO[P@@](=O)(O)O[P@@](=O)(O)O[P@@](=O)(O)OC[C@@H]4[C@H]([C@H]([C@@H](O4)n5cnc6c5ncnc6N)O)O)O)O
Severe acute respiratory syndrome coronavirus 2,7R1U,4IK,A,301,c1nc(c2c(n1)n(cn2)[C@H]3[C@@H]([C@@H]([C@H](O3)C[C@H](CC[C@@H](C(=O)O)N)CN)O)O)N
Severe acute respiratory syndrome coronavirus 2,7R2V,SAH,B,802,c1nc(c2c(n1)n(cn2)[C@H]3[C@@H]([C@@H]([C@H](O3)CSCC[C@@H](C(=O)O)N)O)O)N
Severe acute respiratory syndrome coronavirus 2,7R2V,SAH,A,601,c1nc(c2c(n1)n(cn2)[C@H]3[C@@H]([C@@H]([C@H](O3)CSCC[C@@H](C(=O)O)N)O)O)N
Severe acute respiratory syndrome coronavirus 2,7R6W,POL,R,604,CCCO
Severe acute respiratory syndrome coronavirus 2,7R6W,POL,R,603,CCCO
Severe acute respiratory syndrome coronavirus 2,7R7H,4IT,A,401,[H]/N=C/[C@H](CC1CCNC1=O)NC(=O)[C@H](CC(C)C)NC(=O)c2cc3c([nH]2)cccc3OC
Severe acute respiratory syndrome coronavirus 2,7R7H,4IT,B,401,[H]/N=C/[C@H](CC1CCNC1=O)NC(=O)[C@H](CC(C)C)NC(=O)c2cc3c([nH]2)cccc3OC
Severe acute respiratory syndrome coronavirus 2,7RBZ,4IJ,A,401,c1cc(c2c(c1)NCC2)C(=O)Oc3cc(cnc3)Cl
Severe acute respiratory syndrome coronavirus 2,7RC0,4I9,A,401,Cc1c(cncc1Cl)OC(=O)c2cccc3c2cc[nH]3
Severe acute respiratory syndrome coronavirus 2,7RDX,AF3,F,1005,F[Al](F)F
Severe acute respiratory syndrome coronavirus 2,7RDX,1N7,A,1005,C[C@H](CCC(=O)NCCC[N+](C)(C)CC(CS(=O)(=O)O)O)[C@H]1CC[C@@H]2[C@@]1([C@H](C[C@H]3[C@H]2[C@@H](C[C@H]4[C@@]3(CC[C@H](C4)O)C)O)O)C
Severe acute respiratory syndrome coronavirus 2,7RDX,1N7,E,707,C[C@H](CCC(=O)NCCC[N+](C)(C)CC(CS(=O)(=O)O)O)[C@H]1CC[C@@H]2[C@@]1([C@H](C[C@H]3[C@H]2[C@@H](C[C@H]4[C@@]3(CC[C@H](C4)O)C)O)O)C
Severe acute respiratory syndrome coronavirus 2,7RDX,1N7,A,1006,C[C@H](CCC(=O)NCCC[N+](C)(C)CC(CS(=O)(=O)O)O)[C@H]1CC[C@@H]2[C@@]1([C@H](C[C@H]3[C@H]2[C@@H](C[C@H]4[C@@]3(CC[C@H](C4)O)C)O)O)C
Severe acute respiratory syndrome coronavirus 2,7RDX,AF3,E,706,F[Al](F)F
Severe acute respiratory syndrome coronavirus 2,7RDY,1N7,A,1006,C[C@H](CCC(=O)NCCC[N+](C)(C)CC(CS(=O)(=O)O)O)[C@H]1CC[C@@H]2[C@@]1([C@H](C[C@H]3[C@H]2[C@@H](C[C@H]4[C@@]3(CC[C@H](C4)O)C)O)O)C
Severe acute respiratory syndrome coronavirus 2,7RDY,1N7,A,1007,C[C@H](CCC(=O)NCCC[N+](C)(C)CC(CS(=O)(=O)O)O)[C@H]1CC[C@@H]2[C@@]1([C@H](C[C@H]3[C@H]2[C@@H](C[C@H]4[C@@]3(CC[C@H](C4)O)C)O)O)C
Severe acute respiratory syndrome coronavirus 2,7RDY,AF3,E,1005,F[Al](F)F
Severe acute respiratory syndrome coronavirus 2,7RDY,1N7,A,1005,C[C@H](CCC(=O)NCCC[N+](C)(C)CC(CS(=O)(=O)O)O)[C@H]1CC[C@@H]2[C@@]1([C@H](C[C@H]3[C@H]2[C@@H](C[C@H]4[C@@]3(CC[C@H](C4)O)C)O)O)C
Severe acute respiratory syndrome coronavirus 2,7RDY,AF3,F,1005,F[Al](F)F
Severe acute respiratory syndrome coronavirus 2,7RE0,AF3,F,1005,F[Al](F)F
Severe acute respiratory syndrome coronavirus 2,7RE0,AF3,E,1005,F[Al](F)F
Severe acute respiratory syndrome coronavirus 2,7RE1,AF3,F,1005,F[Al](F)F
Severe acute respiratory syndrome coronavirus 2,7RE1,1N7,A,1006,C[C@H](CCC(=O)NCCC[N+](C)(C)CC(CS(=O)(=O)O)O)[C@H]1CC[C@@H]2[C@@]1([C@H](C[C@H]3[C@H]2[C@@H](C[C@H]4[C@@]3(CC[C@H](C4)O)C)O)O)C
Severe acute respiratory syndrome coronavirus 2,7RE1,1N7,A,1005,C[C@H](CCC(=O)NCCC[N+](C)(C)CC(CS(=O)(=O)O)O)[C@H]1CC[C@@H]2[C@@]1([C@H](C[C@H]3[C@H]2[C@@H](C[C@H]4[C@@]3(CC[C@H](C4)O)C)O)O)C
Severe acute respiratory syndrome coronavirus 2,7RE1,AF3,E,706,F[Al](F)F
Severe acute respiratory syndrome coronavirus 2,7RE1,1N7,E,707,C[C@H](CCC(=O)NCCC[N+](C)(C)CC(CS(=O)(=O)O)O)[C@H]1CC[C@@H]2[C@@]1([C@H](C[C@H]3[C@H]2[C@@H](C[C@H]4[C@@]3(CC[C@H](C4)O)C)O)O)C
Severe acute respiratory syndrome coronavirus 2,7RE2,1N7,E,707,C[C@H](CCC(=O)NCCC[N+](C)(C)CC(CS(=O)(=O)O)O)[C@H]1CC[C@@H]2[C@@]1([C@H](C[C@H]3[C@H]2[C@@H](C[C@H]4[C@@]3(CC[C@H](C4)O)C)O)O)C
Severe acute respiratory syndrome coronavirus 2,7RE2,1N7,A,1006,C[C@H](CCC(=O)NCCC[N+](C)(C)CC(CS(=O)(=O)O)O)[C@H]1CC[C@@H]2[C@@]1([C@H](C[C@H]3[C@H]2[C@@H](C[C@H]4[C@@]3(CC[C@H](C4)O)C)O)O)C
Severe acute respiratory syndrome coronavirus 2,7RE2,AF3,E,706,F[Al](F)F
Severe acute respiratory syndrome coronavirus 2,7RE2,1N7,A,1005,C[C@H](CCC(=O)NCCC[N+](C)(C)CC(CS(=O)(=O)O)O)[C@H]1CC[C@@H]2[C@@]1([C@H](C[C@H]3[C@H]2[C@@H](C[C@H]4[C@@]3(CC[C@H](C4)O)C)O)O)C
Severe acute respiratory syndrome coronavirus 2,7RE3,AF3,L,1005,F[Al](F)F
Severe acute respiratory syndrome coronavirus 2,7RE3,1N7,K,707,C[C@H](CCC(=O)NCCC[N+](C)(C)CC(CS(=O)(=O)O)O)[C@H]1CC[C@@H]2[C@@]1([C@H](C[C@H]3[C@H]2[C@@H](C[C@H]4[C@@]3(CC[C@H](C4)O)C)O)O)C
Severe acute respiratory syndrome coronavirus 2,7RE3,AF3,E,706,F[Al](F)F
Severe acute respiratory syndrome coronavirus 2,7RE3,AF3,F,1005,F[Al](F)F
Severe acute respiratory syndrome coronavirus 2,7RE3,AF3,K,706,F[Al](F)F
Severe acute respiratory syndrome coronavirus 2,7RE3,1N7,E,707,C[C@H](CCC(=O)NCCC[N+](C)(C)CC(CS(=O)(=O)O)O)[C@H]1CC[C@@H]2[C@@]1([C@H](C[C@H]3[C@H]2[C@@H](C[C@H]4[C@@]3(CC[C@H](C4)O)C)O)O)C
Severe acute respiratory syndrome coronavirus 2,7RFR,4W8,A,9001,CC1([C@@H]2[C@H]1[C@H](N(C2)C(=O)c3cc4c([nH]3)cccc4OC)C(=O)N[C@@H](C[C@@H]5CCNC5=O)[C@@H](c6nc7ccccc7s6)O)C
Severe acute respiratory syndrome coronavirus 2,7RFR,4W8,B,9001,CC1([C@@H]2[C@H]1[C@H](N(C2)C(=O)c3cc4c([nH]3)cccc4OC)C(=O)N[C@@H](C[C@@H]5CCNC5=O)[C@@H](c6nc7ccccc7s6)O)C
Severe acute respiratory syndrome coronavirus 2,7RFS,4WI,A,401,[H]/N=C/[C@H](C[C@@H]1CCNC1=O)NC(=O)[C@@H]2[C@@H]3[C@@H](C3(C)C)CN2C(=O)[C@H](C(C)(C)C)NC(=O)C(F)(F)F
Severe acute respiratory syndrome coronavirus 2,7RFU,4YG,A,401,CC(C)[C@@H](C(=O)N1C[C@H]2[C@@H]([C@H]1C(=O)N[C@@H](C[C@@H]3CCNC3=O)[C@@H](c4nc5ccccc5s4)O)C2(C)C)NS(=O)(=O)C
Severe acute respiratory syndrome coronavirus 2,7RFW,4WI,A,401,[H]/N=C/[C@H](C[C@@H]1CCNC1=O)NC(=O)[C@@H]2[C@@H]3[C@@H](C3(C)C)CN2C(=O)[C@H](C(C)(C)C)NC(=O)C(F)(F)F
Severe acute respiratory syndrome coronavirus 2,7RLS,5YN,A,401,c1c(cc(c(c1Cl)Cl)Cl)N2CCN(CC2)C(=O)C3=CC(=O)NC(=O)N3
Severe acute respiratory syndrome coronavirus 2,7RM2,5YJ,A,401,Cc1c(cc(cc1Cl)N2CCN(CC2)C(=O)C3=CC(=O)NC(=O)N3)Cl
Severe acute respiratory syndrome coronavirus 2,7RMB,5Z7,A,401,c1cc(c(cc1N2CCN(CC2)C(=O)C3=CC(=O)NC(=O)N3)Cl)Br
Severe acute respiratory syndrome coronavirus 2,7RME,5Z3,A,401,c1cc(c(cc1N2CCN(CC2)C(=O)C3=CC(=O)NC(=O)N3)C(F)(F)F)Cl
Severe acute respiratory syndrome coronavirus 2,7RMT,5ZN,A,401,c1cc(c(cc1N2CCN(CC2)C(=O)C3=NC(=O)NC(=O)C3)Cl)C=O
Severe acute respiratory syndrome coronavirus 2,7RMZ,5ZJ,A,401,c1cc(c(cc1N2CCN(CC2)C(=O)C3=CC(=O)NC(=O)N3)Cl)C(F)(F)F
Severe acute respiratory syndrome coronavirus 2,7RN0,5ZB,A,503,C[C@@H](c1ccccc1)NC(=O)[C@@H](c2cccnc2)N(c3ccc(cc3)n4cccc4)C(=O)C
Severe acute respiratory syndrome coronavirus 2,7RN1,5ZF,A,503,C[C@@H](c1ccccc1)NC(=O)[C@@H](c2cccnc2)N(c3ccc(cc3)c4ccccc4)C(=O)CCl
Severe acute respiratory syndrome coronavirus 2,7RN4,H69,A,401,c1cc(c(cc1C2CCN(CC2)C(=O)C3=CC(=O)NC(=O)N3)Cl)Cl
Severe acute respiratory syndrome coronavirus 2,7RNH,5ZW,A,401,c1cc(ccc1N2CCN(CC2)C(=O)C3=CC(=O)NC(=O)N3)Cl
Severe acute respiratory syndrome coronavirus 2,7RNK,5ZT,A,401,c1cc(c(cc1N2CCN(CC2)C(=O)C3=NC(=O)NC(=O)C3)Cl)CO
Severe acute respiratory syndrome coronavirus 2,7RNW,9OW,Z,14,C([C@@H](C(=O)N)N)[SeH]
Severe acute respiratory syndrome coronavirus 2,7RNW,9OW,X,14,C([C@@H](C(=O)N)N)[SeH]
Severe acute respiratory syndrome coronavirus 2,7RNW,9OW,Y,14,C([C@@H](C(=O)N)N)[SeH]
Severe acute respiratory syndrome coronavirus 2,7RNW,9OW,W,14,C([C@@H](C(=O)N)N)[SeH]
Severe acute respiratory syndrome coronavirus 2,7RVM,7V2,A,401,CC(C)[C@@H](C(=O)N[C@@H](CC(C)(C)C)C(=O)N[C@@H](C[C@@H]1CCNC1=O)CO)NC(=O)OCc2ccccc2
Severe acute respiratory syndrome coronavirus 2,7RVN,7VB,A,401,CC(C)[C@@H](C(=O)N[C@@H](CC(=C)C)C(=O)N[C@@H](C[C@@H]1CCNC1=O)CO)NC(=O)OCc2ccccc2
Severe acute respiratory syndrome coronavirus 2,7RVO,7VI,A,401,CC(C)[C@@H](C(=O)N[C@@H](CC1CC1)C(=O)N[C@@H](C[C@@H]2CCNC2=O)CO)NC(=O)OCc3ccccc3
Severe acute respiratory syndrome coronavirus 2,7RVO,7VI,B,401,CC(C)[C@@H](C(=O)N[C@@H](CC1CC1)C(=O)N[C@@H](C[C@@H]2CCNC2=O)CO)NC(=O)OCc3ccccc3
Severe acute respiratory syndrome coronavirus 2,7RVP,7VQ,B,401,CC(C)[C@@H](C(=O)N[C@@H](Cc1ccco1)C(=O)N[C@@H](C[C@@H]2CCNC2=O)CO)NC(=O)OCc3ccccc3
Severe acute respiratory syndrome coronavirus 2,7RVP,7VQ,A,401,CC(C)[C@@H](C(=O)N[C@@H](Cc1ccco1)C(=O)N[C@@H](C[C@@H]2CCNC2=O)CO)NC(=O)OCc3ccccc3
Severe acute respiratory syndrome coronavirus 2,7RVQ,7VW,A,401,C[C@H]([C@@H](C(=O)N[C@@H](CC(C)(C)C)C(=O)N[C@@H](C[C@@H]1CCNC1=O)CO)NC(=O)OCc2ccccc2)OC(C)(C)C
Severe acute respiratory syndrome coronavirus 2,7RVR,7W5,A,401,CC(C)(C)C[C@@H](C(=O)N[C@@H](C[C@@H]1CCNC1=O)CO)NC(=O)[C@H](C(C)(C)C)NC(=O)OCc2ccccc2
Severe acute respiratory syndrome coronavirus 2,7RVS,81L,A,401,CC(C)(C)[C@@H](C(=O)N[C@@H](CC1CC1)C(=O)N[C@@H](C[C@@H]2CCNC2=O)CO)NC(=O)OCc3ccccc3
Severe acute respiratory syndrome coronavirus 2,7RVT,7XK,A,401,CC(C)(C)C[C@@H](C(=O)N[C@@H](C[C@@H]1CCNC1=O)CO)NC(=O)[C@H](C2CC2)NC(=O)OCc3ccccc3
Severe acute respiratory syndrome coronavirus 2,7RVT,7XK,B,401,CC(C)(C)C[C@@H](C(=O)N[C@@H](C[C@@H]1CCNC1=O)CO)NC(=O)[C@H](C2CC2)NC(=O)OCc3ccccc3
Severe acute respiratory syndrome coronavirus 2,7RVU,7XT,A,401,CC(C)[C@@](C)(C(=O)N[C@@H](CC(C)(C)C)C(=O)N[C@@H](C[C@@H]1CCNC1=O)CO)NC(=O)OCc2ccccc2
Severe acute respiratory syndrome coronavirus 2,7RVV,7Y2,A,401,CC(C)(C)C[C@@H](C(=O)N[C@@H](C[C@@H]1CCNC1=O)CO)NC(=O)C(C)(C)NC(=O)OCc2ccccc2
Severe acute respiratory syndrome coronavirus 2,7RVW,7YB,A,401,c1ccc(cc1)COC(=O)NC2(CC2)C(=O)N[C@@H](CC3CCCCC3)C(=O)N[C@@H](C[C@@H]4CCNC4=O)CO
Severe acute respiratory syndrome coronavirus 2,7RVX,7YI,B,401,c1ccc(cc1)COC(=O)N[C@@H](C2CC2)C(=O)N[C@@H](CC3CC3)C(=O)N[C@@H](C[C@@H]4CCNC4=O)CO
Severe acute respiratory syndrome coronavirus 2,7RVX,7YI,A,401,c1ccc(cc1)COC(=O)N[C@@H](C2CC2)C(=O)N[C@@H](CC3CC3)C(=O)N[C@@H](C[C@@H]4CCNC4=O)CO
Severe acute respiratory syndrome coronavirus 2,7RVY,7YQ,A,401,C[C@H]([C@@H](C(=O)N[C@@H](CC1CCCCC1)C(=O)N[C@@H](C[C@@H]2CCNC2=O)CO)NC(=O)OCc3cccc(c3)Cl)OC(C)(C)C
Severe acute respiratory syndrome coronavirus 2,7RVZ,7YW,A,401,C[C@H]([C@@H](C(=O)N[C@@H](CC(C)C)C(=O)N[C@@H](C[C@@H]1CCNC1=O)CO)NC(=O)OCc2cccc(c2)Cl)OC(C)(C)C
Severe acute respiratory syndrome coronavirus 2,7RW0,7YZ,A,401,CC(C)[C@@H](C(=O)N[C@@H](CC1CCCCC1)C(=O)N[C@@H](C[C@@H]2CCNC2=O)CO)NC(=O)OCc3cccc(c3)Cl
Severe acute respiratory syndrome coronavirus 2,7RW1,800,A,401,CC(C)C[C@@H](C(=O)N[C@@H](C[C@@H]1CCNC1=O)CO)NC(=O)[C@H](C(C)C)NC(=O)c2cc3ccccc3[nH]2
Severe acute respiratory syndrome coronavirus 2,7RW1,800,B,401,CC(C)C[C@@H](C(=O)N[C@@H](C[C@@H]1CCNC1=O)CO)NC(=O)[C@H](C(C)C)NC(=O)c2cc3ccccc3[nH]2
Severe acute respiratory syndrome coronavirus 2,7RZC,JWX,B,501,C[C@H](c1cccc2c1cccc2)N(C)Cc3c[nH]c4c3cccc4
Severe acute respiratory syndrome coronavirus 2,7RZC,JWX,A,501,C[C@H](c1cccc2c1cccc2)N(C)Cc3c[nH]c4c3cccc4
Severe acute respiratory syndrome coronavirus 2,7RZC,JWX,C,501,C[C@H](c1cccc2c1cccc2)N(C)Cc3c[nH]c4c3cccc4
Severe acute respiratory syndrome coronavirus 2,7S3K,Z26,A,401,COc1ccc(cc1CC(=O)Nc2cncc3c2cccc3)Cl
Severe acute respiratory syndrome coronavirus 2,7S3S,860,A,401,c1ccc2c(c1)cncc2NC(=O)Cc3cccc(c3)Cl
Severe acute respiratory syndrome coronavirus 2,7S4B,87H,A,401,C[C@H](c1cccc(c1)F)C(=O)Nc2cncc3c2cccc3
Severe acute respiratory syndrome coronavirus 2,7S6W,8G9,B,401,CC1([C@@H]2[C@H]1[C@H](N(C2)C(=O)[C@H](C(C)(C)C)NC(=O)NC(C)(C)C)C(=O)N[C@@H](C[C@@H]3CCNC3=O)CO)C
Severe acute respiratory syndrome coronavirus 2,7S6W,8G9,A,401,CC1([C@@H]2[C@H]1[C@H](N(C2)C(=O)[C@H](C(C)(C)C)NC(=O)NC(C)(C)C)C(=O)N[C@@H](C[C@@H]3CCNC3=O)CO)C
Severe acute respiratory syndrome coronavirus 2,7S6X,I70,A,401,CC1([C@@H]2[C@H]1[C@H](N(C2)C(=O)[C@H](C(C)(C)C)NC(=O)NC(C)(C)C)C(=O)N[C@@H](C[C@@H]3CCNC3=O)[C@H](C(=O)N)O)C
Severe acute respiratory syndrome coronavirus 2,7S6Y,8GW,A,401,CC1([C@@H]2[C@H]1[C@H](N(C2)C(=O)[C@H](C(C)(C)C)NC(=O)NC(C)(C)C)C(=O)N[C@@H](C[C@@H]3CCNC3=O)[C@H](C(=O)NCC4CC4)O)C
Severe acute respiratory syndrome coronavirus 2,7S6Z,I71,A,401,CCNC(=O)[C@@H]([C@H](C[C@@H]1CCNC1=O)NC(=O)[C@@H]2[C@@H]3[C@@H](C3(C)C)CN2C(=O)[C@H](C(C)(C)C)NC(=O)NC(C)(C)C)O
Severe acute respiratory syndrome coronavirus 2,7S70,8H3,A,401,CCCCNC(=O)[C@@H]([C@H](C[C@@H]1CCNC1=O)NC(=O)[C@@H]2[C@@H]3[C@@H](C3(C)C)CN2C(=O)[C@H](C(C)(C)C)NC(=O)NC(C)(C)C)O
Severe acute respiratory syndrome coronavirus 2,7S71,8H9,A,401,CCCCCCNC(=O)[C@@H]([C@H](C[C@@H]1CCNC1=O)NC(=O)[C@@H]2[C@@H]3[C@@H](C3(C)C)CN2C(=O)[C@H](C(C)(C)C)NC(=O)NC(C)(C)C)O
Severe acute respiratory syndrome coronavirus 2,7S72,8I0,A,401,CC1([C@@H]2[C@H]1[C@H](N(C2)C(=O)[C@H](C(C)(C)C)NC(=O)NC(C)(C)C)C(=O)N[C@@H](C[C@@H]3CCNC3=O)[C@H](C(=O)NCc4ccccc4)O)C
Severe acute respiratory syndrome coronavirus 2,7S73,I69,A,401,CC(C)(C)[C@@H](C(=O)N1CC2(CC2)C[C@H]1C(=O)N[C@@H](C[C@@H]3CCNC3=O)CO)NC(=O)NC(C)(C)C
Severe acute respiratory syndrome coronavirus 2,7S74,I68,A,401,CC(C)(C)C[C@@H](C(=O)N[C@@H](C[C@@H]1CCNC1=O)CO)NC(=O)[C@H](C(C)(C)C)NC(=O)NC(C)(C)C
Severe acute respiratory syndrome coronavirus 2,7S74,I68,B,401,CC(C)(C)C[C@@H](C(=O)N[C@@H](C[C@@H]1CCNC1=O)CO)NC(=O)[C@H](C(C)(C)C)NC(=O)NC(C)(C)C
Severe acute respiratory syndrome coronavirus 2,7S75,8I7,A,401,CC(C)CC(=O)N[C@H](C(=O)N1C[C@H]2[C@@H]([C@H]1C(=O)N[C@@H](C[C@@H]3CCNC3=O)CO)C2(C)C)C(C)(C)C
Severe acute respiratory syndrome coronavirus 2,7SD9,8T6,A,401,CC(C)(C)C[C@@H](C(=O)N[C@@H](C[C@@H]1CCNC1=O)CO)NC(=O)c2cc3ccccc3[nH]2
Severe acute respiratory syndrome coronavirus 2,7SDA,8UI,A,401,CC(C)(C)C[C@@H](C(=O)N[C@@H](C[C@@H]1CCNC1=O)CO)NC(=O)c2cc3c([nH]2)cccc3OC
Severe acute respiratory syndrome coronavirus 2,7SDC,I80,A,401,CC1([C@@H]2[C@H]1[C@H](N(C2)C(=O)COc3ccc(cc3)OC(F)(F)F)C(=O)N[C@@H](C[C@@H]4CCNC4=O)CO)C
Severe acute respiratory syndrome coronavirus 2,7SDR,JW9,C,501,C[C@H](c1cccc2c1cccc2)N(C)Cc3ccc(cc3)O
Severe acute respiratory syndrome coronavirus 2,7SDR,JW9,B,501,C[C@H](c1cccc2c1cccc2)N(C)Cc3ccc(cc3)O
Severe acute respiratory syndrome coronavirus 2,7SDR,JW9,A,501,C[C@H](c1cccc2c1cccc2)N(C)Cc3ccc(cc3)O
Severe acute respiratory syndrome coronavirus 2,7SET,I70,A,401,CC1([C@@H]2[C@H]1[C@H](N(C2)C(=O)[C@H](C(C)(C)C)NC(=O)NC(C)(C)C)C(=O)N[C@@H](C[C@@H]3CCNC3=O)[C@H](C(=O)N)O)C
Severe acute respiratory syndrome coronavirus 2,7SF1,8ZI,A,401,CC1([C@@H]2[C@H]1[C@H](N(C2)C(=O)[C@H](C(C)(C)C)NC(=O)CC(C)(C)C)C(=O)N[C@@H](C[C@@H]3CCNC3=O)[C@H](C(=O)N)O)C
Severe acute respiratory syndrome coronavirus 2,7SF3,90H,A,401,CC1([C@@H]2[C@H]1[C@H](N(C2)C(=O)[C@H](C(C)(C)C)NC(=O)C(F)(F)F)C(=O)N[C@@H](C[C@@H]3CCNC3=O)[C@H](C(=O)NC)O)C
Severe acute respiratory syndrome coronavirus 2,7SFB,90U,A,401,CC1([C@@H]2[C@H]1[C@H](N(C2)C(=O)OCc3ccccc3)C(=O)N[C@@H](C[C@@H]4CCNC4=O)[C@H](C(=O)N)O)C
Severe acute respiratory syndrome coronavirus 2,7SFH,91I,A,401,CC1([C@@H]2[C@H]1[C@H](N(C2)C(=O)CCc3ccccc3)C(=O)N[C@@H](C[C@@H]4CCNC4=O)[C@H](C(=O)N)O)C
Severe acute respiratory syndrome coronavirus 2,7SFI,91Z,A,401,CC1([C@@H]2[C@H]1[C@H](N(C2)C(=O)CNc3c(cc(cc3F)F)F)C(=O)N[C@@H](C[C@@H]4CCNC4=O)[C@H](C(=O)N)O)C
Severe acute respiratory syndrome coronavirus 2,7SGH,99W,C,401,[H]/N=C\[C@H](C[C@@H]1CCNC1=O)NC(=O)[C@H](CC(C)C)NC(=O)CNc2c(cc(cc2F)F)F
Severe acute respiratory syndrome coronavirus 2,7SGH,99W,B,401,[H]/N=C\[C@H](C[C@@H]1CCNC1=O)NC(=O)[C@H](CC(C)C)NC(=O)CNc2c(cc(cc2F)F)F
Severe acute respiratory syndrome coronavirus 2,7SGH,99W,D,401,[H]/N=C\[C@H](C[C@@H]1CCNC1=O)NC(=O)[C@H](CC(C)C)NC(=O)CNc2c(cc(cc2F)F)F
Severe acute respiratory syndrome coronavirus 2,7SGH,99W,A,401,[H]/N=C\[C@H](C[C@@H]1CCNC1=O)NC(=O)[C@H](CC(C)C)NC(=O)CNc2c(cc(cc2F)F)F
Severe acute respiratory syndrome coronavirus 2,7SGU,9EI,A,501,c1ccc2c(c1)cccc2NC(=O)c3cc(cnc3)N
Severe acute respiratory syndrome coronavirus 2,7SGV,L30,A,501,c1ccc2c(c1)cccc2NC(=O)c3cccnc3
Severe acute respiratory syndrome coronavirus 2,7SGW,L30,A,501,c1ccc2c(c1)cccc2NC(=O)c3cccnc3
Severe acute respiratory syndrome coronavirus 2,7SH7,9GI,A,401,CCC(=O)N(C[C@@H]1CCNC1=O)NC(=O)[C@H](CC2CCCCC2)NC(=O)[C@H]([C@@H](C)OC(C)(C)C)NC(=O)OCc3ccccc3
Severe acute respiratory syndrome coronavirus 2,7SH8,GJ3,A,401,C[C@H]([C@@H](C(=O)N[C@@H](CC1CCCCC1)C(=O)NN(C[C@@H]2CCNC2=O)C(=O)C)NC(=O)OCc3ccccc3)OC(C)(C)C
Severe acute respiratory syndrome coronavirus 2,7SH9,9HA,A,401,C[C@H]([C@@H](C(=O)N[C@@H](CC1CCCCC1)C(=O)NN(CCC(=O)N)C(=O)C)NC(=O)OCc2ccccc2)OC(C)(C)C
Severe acute respiratory syndrome coronavirus 2,7SHB,I64,A,401,CCC(=O)N(CCC(=O)N)NC(=O)[C@H](CC(C)C)NC(=O)[C@H](C(C)C)NC(=O)OCc1ccccc1
Severe acute respiratory syndrome coronavirus 2,7SI9,4WI,A,401,[H]/N=C/[C@H](C[C@@H]1CCNC1=O)NC(=O)[C@@H]2[C@@H]3[C@@H](C3(C)C)CN2C(=O)[C@H](C(C)(C)C)NC(=O)C(F)(F)F
Severe acute respiratory syndrome coronavirus 2,7SQE,JWX,A,501,C[C@H](c1cccc2c1cccc2)N(C)Cc3c[nH]c4c3cccc4
Severe acute respiratory syndrome coronavirus 2,7SQE,JWX,C,501,C[C@H](c1cccc2c1cccc2)N(C)Cc3c[nH]c4c3cccc4
Severe acute respiratory syndrome coronavirus 2,7SQE,JWX,B,501,C[C@H](c1cccc2c1cccc2)N(C)Cc3c[nH]c4c3cccc4
Severe acute respiratory syndrome coronavirus 2,7T42,FIW,B,404,CC(C)C[C@@H](C(=O)N[C@@H](C[C@@H]1CCNC1=O)[C@H](O)S(=O)(=O)O)NC(=O)OC2CC3(C2)CN(C3)C(=O)C(C)C
Severe acute respiratory syndrome coronavirus 2,7T42,FIW,A,502,CC(C)C[C@@H](C(=O)N[C@@H](C[C@@H]1CCNC1=O)[C@H](O)S(=O)(=O)O)NC(=O)OC2CC3(C2)CN(C3)C(=O)C(C)C
Severe acute respiratory syndrome coronavirus 2,7T42,FIK,A,501,CC(C)C[C@@H](C(=O)N[C@@H](C[C@@H]1CCNC1=O)[C@@H](O)S(=O)(=O)O)NC(=O)OC2CC3(C2)CN(C3)C(=O)C(C)C
Severe acute respiratory syndrome coronavirus 2,7T42,FIK,B,403,CC(C)C[C@@H](C(=O)N[C@@H](C[C@@H]1CCNC1=O)[C@@H](O)S(=O)(=O)O)NC(=O)OC2CC3(C2)CN(C3)C(=O)C(C)C
Severe acute respiratory syndrome coronavirus 2,7T43,FN2,B,402,CC(C)C[C@@H](C(=O)N[C@@H](C[C@@H]1CCNC1=O)[C@@H](O)S(=O)(=O)O)NC(=O)OC2CC3(C2)CN(C3)C(=O)Cc4ccccc4
Severe acute respiratory syndrome coronavirus 2,7T43,FP8,B,403,CC(C)C[C@@H](C(=O)N[C@@H](C[C@@H]1CCNC1=O)[C@H](O)S(=O)(=O)O)NC(=O)OC2CC3(C2)CN(C3)C(=O)Cc4ccccc4
Severe acute respiratory syndrome coronavirus 2,7T43,FN2,A,501,CC(C)C[C@@H](C(=O)N[C@@H](C[C@@H]1CCNC1=O)[C@@H](O)S(=O)(=O)O)NC(=O)OC2CC3(C2)CN(C3)C(=O)Cc4ccccc4
Severe acute respiratory syndrome coronavirus 2,7T43,FP8,A,502,CC(C)C[C@@H](C(=O)N[C@@H](C[C@@H]1CCNC1=O)[C@H](O)S(=O)(=O)O)NC(=O)OC2CC3(C2)CN(C3)C(=O)Cc4ccccc4
Severe acute respiratory syndrome coronavirus 2,7T44,ESS,B,401,CC(C)C[C@@H](C(=O)N[C@@H](C[C@@H]1CCNC1=O)[C@H](O)S(=O)(=O)O)NC(=O)OC2CC3(C2)CN(C3)S(=O)(=O)C
Severe acute respiratory syndrome coronavirus 2,7T44,ET6,A,502,CC(C)C[C@@H](C(=O)N[C@@H](C[C@@H]1CCNC1=O)[C@@H](O)S(=O)(=O)O)NC(=O)OC2CC3(C2)CN(C3)S(=O)(=O)C
Severe acute respiratory syndrome coronavirus 2,7T44,ESS,A,501,CC(C)C[C@@H](C(=O)N[C@@H](C[C@@H]1CCNC1=O)[C@H](O)S(=O)(=O)O)NC(=O)OC2CC3(C2)CN(C3)S(=O)(=O)C
Severe acute respiratory syndrome coronavirus 2,7T44,ET6,B,402,CC(C)C[C@@H](C(=O)N[C@@H](C[C@@H]1CCNC1=O)[C@@H](O)S(=O)(=O)O)NC(=O)OC2CC3(C2)CN(C3)S(=O)(=O)C
Severe acute respiratory syndrome coronavirus 2,7T45,EW9,A,401,CC(C)C[C@@H](C(=O)N[C@@H](C[C@@H]1CCNC1=O)[C@@H](O)S(=O)(=O)O)NC(=O)OC2CC3(C2)CCN(CC3)C(=O)OC(C)(C)C
Severe acute respiratory syndrome coronavirus 2,7T45,EW9,B,401,CC(C)C[C@@H](C(=O)N[C@@H](C[C@@H]1CCNC1=O)[C@@H](O)S(=O)(=O)O)NC(=O)OC2CC3(C2)CCN(CC3)C(=O)OC(C)(C)C
Severe acute respiratory syndrome coronavirus 2,7T46,F5L,A,402,CC(C)C[C@@H](C(=O)N[C@@H](C[C@@H]1CCNC1=O)C(O)S(=O)(=O)O)NC(=O)OC2CC3(C2)CCN(CC3)C(=O)C(C)C
Severe acute respiratory syndrome coronavirus 2,7T46,F5L,B,402,CC(C)C[C@@H](C(=O)N[C@@H](C[C@@H]1CCNC1=O)C(O)S(=O)(=O)O)NC(=O)OC2CC3(C2)CCN(CC3)C(=O)C(C)C
Severe acute respiratory syndrome coronavirus 2,7T46,F8C,A,401,CC(C)C[C@@H](C(=O)N[C@@H](C[C@@H]1CCNC1=O)[C@@H](O)S(=O)(=O)O)NC(=O)OC2CC3(C2)CCN(CC3)C(=O)C(C)C
Severe acute respiratory syndrome coronavirus 2,7T46,F8C,B,401,CC(C)C[C@@H](C(=O)N[C@@H](C[C@@H]1CCNC1=O)[C@@H](O)S(=O)(=O)O)NC(=O)OC2CC3(C2)CCN(CC3)C(=O)C(C)C
Severe acute respiratory syndrome coronavirus 2,7T48,FEY,A,403,CC(C)C[C@@H](C(=O)N[C@@H](C[C@@H]1CCNC1=O)[C@@H](O)S(=O)(=O)O)NC(=O)OC2CC3(C2)CCN(CC3)C(=O)Cc4ccccc4
Severe acute respiratory syndrome coronavirus 2,7T48,FHS,A,402,CC(C)C[C@@H](C(=O)N[C@@H](C[C@@H]1CCNC1=O)C(O)S(=O)(=O)O)NC(=O)OC2CC3(C2)CCN(CC3)C(=O)Cc4ccccc4
Severe acute respiratory syndrome coronavirus 2,7T49,FVE,A,402,CC(C)C[C@@H](C(=O)N[C@@H](C[C@@H]1CCNC1=O)[C@@H](O)S(=O)(=O)O)NC(=O)OC2CC3(C2)CCN(CC3)S(=O)(=O)C
Severe acute respiratory syndrome coronavirus 2,7T49,FVE,B,402,CC(C)C[C@@H](C(=O)N[C@@H](C[C@@H]1CCNC1=O)[C@@H](O)S(=O)(=O)O)NC(=O)OC2CC3(C2)CCN(CC3)S(=O)(=O)C
Severe acute respiratory syndrome coronavirus 2,7T49,FV5,B,401,CC(C)C[C@@H](C(=O)N[C@@H](C[C@@H]1CCNC1=O)[C@H](O)S(=O)(=O)O)NC(=O)OC2CC3(C2)CCN(CC3)S(=O)(=O)C
Severe acute respiratory syndrome coronavirus 2,7T49,FV5,A,401,CC(C)C[C@@H](C(=O)N[C@@H](C[C@@H]1CCNC1=O)[C@H](O)S(=O)(=O)O)NC(=O)OC2CC3(C2)CCN(CC3)S(=O)(=O)C
Severe acute respiratory syndrome coronavirus 2,7T4A,EQS,B,402,CC(C)C[C@@H](C(=O)N[C@@H](C[C@@H]1CCNC1=O)[C@@H](O)S(=O)(=O)O)NC(=O)OC2CC3(C2)CCN(CC3)C#N
Severe acute respiratory syndrome coronavirus 2,7T4A,EO6,A,502,CC(C)C[C@@H](C(=O)N[C@@H](C[C@@H]1CCNC1=O)[C@H](O)S(=O)(=O)O)NC(=O)OC2CC3(C2)CCN(CC3)C#N
Severe acute respiratory syndrome coronavirus 2,7T4A,EQS,A,501,CC(C)C[C@@H](C(=O)N[C@@H](C[C@@H]1CCNC1=O)[C@@H](O)S(=O)(=O)O)NC(=O)OC2CC3(C2)CCN(CC3)C#N
Severe acute respiratory syndrome coronavirus 2,7T4A,EO6,B,403,CC(C)C[C@@H](C(=O)N[C@@H](C[C@@H]1CCNC1=O)[C@H](O)S(=O)(=O)O)NC(=O)OC2CC3(C2)CCN(CC3)C#N
Severe acute respiratory syndrome coronavirus 2,7T4B,FWI,A,401,CC(C)C[C@@H](C(=O)N[C@@H](C[C@@H]1C=CNC1=O)C(O)S(=O)(=O)O)NC(=O)OCC2CN(C2)C(=O)OC(C)(C)C
Severe acute respiratory syndrome coronavirus 2,7T4B,FWI,B,402,CC(C)C[C@@H](C(=O)N[C@@H](C[C@@H]1C=CNC1=O)C(O)S(=O)(=O)O)NC(=O)OCC2CN(C2)C(=O)OC(C)(C)C
Severe acute respiratory syndrome coronavirus 2,7T4B,FZI,A,402,CC(C)C[C@@H](C(=O)N[C@@H](C[C@@H]1C=CNC1=O)[C@@H](O)S(=O)(=O)O)NC(=O)OCC2CN(C2)C(=O)OC(C)(C)C
Severe acute respiratory syndrome coronavirus 2,7T4B,FZI,B,403,CC(C)C[C@@H](C(=O)N[C@@H](C[C@@H]1C=CNC1=O)[C@@H](O)S(=O)(=O)O)NC(=O)OCC2CN(C2)C(=O)OC(C)(C)C
Severe acute respiratory syndrome coronavirus 2,7TCQ,I2J,C,1158,C(COCCO)N
Severe acute respiratory syndrome coronavirus 2,7TCQ,I2J,D,1158,C(COCCO)N
Severe acute respiratory syndrome coronavirus 2,7TDU,I1W,A,401,CC1([C@@H]2[C@H]1[C@H](N(C2)C(=O)[C@H](C(C)(C)C)NC(=O)NC(C)(C)C)C(=O)N[C@@H](C[C@@H]3CCNC3=O)[C@@H](c4nc5ccccc5s4)O)C
Severe acute respiratory syndrome coronavirus 2,7TE0,4WI,A,401,[H]/N=C/[C@H](C[C@@H]1CCNC1=O)NC(=O)[C@@H]2[C@@H]3[C@@H](C3(C)C)CN2C(=O)[C@H](C(C)(C)C)NC(=O)C(F)(F)F
Severe acute respiratory syndrome coronavirus 2,7TEH,I1Z,A,401,[H]/N=C\[C@H](C[C@@H]1CCNC1=O)NC(=O)[C@@H]2[C@@H]3[C@@H](C3(C)C)CN2C(=O)[C@H](C(C)(C)C)NC(=O)NC(C)(C)C
Severe acute respiratory syndrome coronavirus 2,7TEK,I2D,A,401,c1cc(cc(c1)Cl)CN(c2ccc(cc2)c3c[nH]nc3)C(=O)Cc4cccnc4
Severe acute respiratory syndrome coronavirus 2,7TEL,I2N,A,401,c1ccc2c(c1)cncc2CC(=O)N(Cc3cc(cc(c3)Cl)F)c4ccc(cc4)c5c[nH]cn5
Severe acute respiratory syndrome coronavirus 2,7TFR,NB2,A,401,[H]/N=C\[C@H](C[C@@H]1CCNC1=O)NC(=O)[C@@H]2[C@@H]3[C@@H](C3(C)C)CN2C(=O)[C@H](C(C)(C)C)NC(=O)NC4(CCCCC4)CS(=O)(=O)C(C)(C)C
Severe acute respiratory syndrome coronavirus 2,7TGR,B1S,A,402,CC(C)C[C@@H](C(=O)N[C@@H](C[C@@H]1CCNC1=O)C(O)S(=O)(=O)O)NC(=O)OCc2ccccc2
Severe acute respiratory syndrome coronavirus 2,7TGR,K36,A,401,CC(C)C[C@@H](C(=O)N[C@@H](C[C@@H]1CCNC1=O)[C@@H](O)S(=O)(=O)O)NC(=O)OCc2ccccc2
Severe acute respiratory syndrome coronavirus 2,7THM,POP,A,1004,O[P@@](=O)([O-])O[P@@](=O)(O)[O-]
Severe acute respiratory syndrome coronavirus 2,7TIA,SCN,A,402,C(#N)[S-]
Severe acute respiratory syndrome coronavirus 2,7TIA,XTP,A,401,c1ccc(cc1)COC(=O)N[C@@H](CC2CC2)C(=O)N[C@@H](C[C@@H]3CCNC3=O)CO
Severe acute respiratory syndrome coronavirus 2,7TIU,V46,A,401,CC(C)C[C@@H](C(=O)N[C@@H](C[C@@H]1CCNC1=O)[C@H](O)S(=O)(=O)O)NC(=O)OCc2cccc(c2)Cl
Severe acute respiratory syndrome coronavirus 2,7TIV,W48,A,401,c1cc(cc(c1)Cl)COC(=O)N[C@@H](CC2CCCCC2)C(=O)N[C@@H](C[C@@H]3C=CNC3=O)[C@H](O)S(=O)(=O)O
Severe acute respiratory syndrome coronavirus 2,7TIW,I54,A,401,CC(C)C[C@@H](C(=O)N[C@@H](C[C@@H]1CCNC1=O)[C@H](O)S(=O)(=O)O)NC(=O)OCc2ccccc2Cl
Severe acute respiratory syndrome coronavirus 2,7TIX,Q56,A,401,CC(C)C[C@@H](C(=O)N[C@@H](C[C@@H]1CCNC1=O)[C@H](O)S(=O)(=O)O)NC(=O)OCc2ccc3ccccc3c2
Severe acute respiratory syndrome coronavirus 2,7TIY,Y48,A,401,CC(C)C[C@@H](C(=O)N[C@@H](C[C@@H]1CCNC1=O)[C@@H](O)S(=O)(=O)O)NC(=O)OCc2cc(c(cc2F)F)F
Severe acute respiratory syndrome coronavirus 2,7TIZ,SCN,A,404,C(#N)[S-]
Severe acute respiratory syndrome coronavirus 2,7TIZ,N63,A,401,CC(C)C[C@@H](C(=O)N[C@@H](C[C@@H]1CCNC1=O)[C@H](O)S(=O)(=O)O)NC(=O)OCc2cccc(c2)C(F)(F)F
Severe acute respiratory syndrome coronavirus 2,7TJ0,S4L,A,401,c1ccc(cc1)COC(=O)N[C@@H](CC2CCCCC2)C(=O)N[C@@H](C[C@@H]3CCNC3=O)[C@H](O)S(=O)(=O)O
Severe acute respiratory syndrome coronavirus 2,7TLL,4WI,A,401,[H]/N=C/[C@H](C[C@@H]1CCNC1=O)NC(=O)[C@@H]2[C@@H]3[C@@H](C3(C)C)CN2C(=O)[C@H](C(C)(C)C)NC(=O)C(F)(F)F
Severe acute respiratory syndrome coronavirus 2,7TLL,4WI,B,401,[H]/N=C/[C@H](C[C@@H]1CCNC1=O)NC(=O)[C@@H]2[C@@H]3[C@@H](C3(C)C)CN2C(=O)[C@H](C(C)(C)C)NC(=O)C(F)(F)F
Severe acute respiratory syndrome coronavirus 2,7TOB,K36,A,401,CC(C)C[C@@H](C(=O)N[C@@H](C[C@@H]1CCNC1=O)[C@@H](O)S(=O)(=O)O)NC(=O)OCc2ccccc2
Severe acute respiratory syndrome coronavirus 2,7TQ2,ISG,B,401,CC(C)C[C@@H](C(=O)N[C@@H](C[C@@H]1CCNC1=O)C=O)NC(=O)OC[C@@H]2C[C@H]2c3ccccc3
Severe acute respiratory syndrome coronavirus 2,7TQ2,ISG,A,401,CC(C)C[C@@H](C(=O)N[C@@H](C[C@@H]1CCNC1=O)C=O)NC(=O)OC[C@@H]2C[C@H]2c3ccccc3
Severe acute respiratory syndrome coronavirus 2,7TQ3,IS5,A,401,CC(C)C[C@@H](C(=O)N[C@@H](C[C@@H]1CCNC1=O)C=O)NC(=O)OC[C@@H]2C[C@H]2c3cccc(c3)F
Severe acute respiratory syndrome coronavirus 2,7TQ3,IS5,B,401,CC(C)C[C@@H](C(=O)N[C@@H](C[C@@H]1CCNC1=O)C=O)NC(=O)OC[C@@H]2C[C@H]2c3cccc(c3)F
Severe acute respiratory syndrome coronavirus 2,7TQ4,IRZ,A,401,CC(C)C[C@@H](C(=O)N[C@@H](C[C@@H]1CCNC1=O)C=O)NC(=O)OC[C@@H]2C[C@H]2c3cccc(c3)Cl
Severe acute respiratory syndrome coronavirus 2,7TQ5,IRW,B,402,CC(C)C[C@@H](C(=O)N[C@@H](C[C@@H]1CCNC1=O)[C@@H](O)S(=O)(=O)O)NC(=O)OC[C@@H]2C[C@H]2c3ccc(cc3)OC
Severe acute respiratory syndrome coronavirus 2,7TQ5,IRW,A,401,CC(C)C[C@@H](C(=O)N[C@@H](C[C@@H]1CCNC1=O)[C@@H](O)S(=O)(=O)O)NC(=O)OC[C@@H]2C[C@H]2c3ccc(cc3)OC
Severe acute respiratory syndrome coronavirus 2,7TQ5,ITX,A,402,CC(C)C[C@@H](C(=O)N[C@@H](C[C@@H]1CCNC1=O)[C@H](O)S(=O)(=O)O)NC(=O)OC[C@@H]2C[C@H]2c3ccc(cc3)OC
Severe acute respiratory syndrome coronavirus 2,7TQ5,ITX,B,403,CC(C)C[C@@H](C(=O)N[C@@H](C[C@@H]1CCNC1=O)[C@H](O)S(=O)(=O)O)NC(=O)OC[C@@H]2C[C@H]2c3ccc(cc3)OC
Severe acute respiratory syndrome coronavirus 2,7TQ6,IT3,B,402,CCC[C@@H]1C[C@H]1COC(=O)N[C@@H](CC(C)C)C(=O)N[C@@H](C[C@@H]2CCNC2=O)[C@@H](O)S(=O)(=O)O
Severe acute respiratory syndrome coronavirus 2,7TQ6,ITG,B,401,CCC[C@@H]1C[C@H]1COC(=O)N[C@@H](CC(C)C)C(=O)N[C@@H](C[C@@H]2CCNC2=O)[C@H](O)S(=O)(=O)O
Severe acute respiratory syndrome coronavirus 2,7TQ6,ITG,A,402,CCC[C@@H]1C[C@H]1COC(=O)N[C@@H](CC(C)C)C(=O)N[C@@H](C[C@@H]2CCNC2=O)[C@H](O)S(=O)(=O)O
Severe acute respiratory syndrome coronavirus 2,7TQ6,IT3,A,401,CCC[C@@H]1C[C@H]1COC(=O)N[C@@H](CC(C)C)C(=O)N[C@@H](C[C@@H]2CCNC2=O)[C@@H](O)S(=O)(=O)O
Severe acute respiratory syndrome coronavirus 2,7TUQ,ALY,C,63,CC(=O)NCCCC[C@@H](C(=O)O)N
Severe acute respiratory syndrome coronavirus 2,7TUU,U88,A,401,c1c(scn1)N(=O)=O
Severe acute respiratory syndrome coronavirus 2,7TUU,U88,A,402,c1c(scn1)N(=O)=O
Severe acute respiratory syndrome coronavirus 2,7TUU,U88,A,403,c1c(scn1)N(=O)=O
Severe acute respiratory syndrome coronavirus 2,7TV0,ALY,G,15,CC(=O)NCCCC[C@@H](C(=O)O)N
Severe acute respiratory syndrome coronavirus 2,7TV0,ALY,G,5,CC(=O)NCCCC[C@@H](C(=O)O)N
Severe acute respiratory syndrome coronavirus 2,7TV0,ALY,E,15,CC(=O)NCCCC[C@@H](C(=O)O)N
Severe acute respiratory syndrome coronavirus 2,7TV0,ALY,E,5,CC(=O)NCCCC[C@@H](C(=O)O)N
Severe acute respiratory syndrome coronavirus 2,7TVX,G65,A,401,Cc1ccc(cc1Nc2nc(cs2)c3cccnc3)NC(=O)c4ccc(cc4)CN5CCN(CC5)C
Severe acute respiratory syndrome coronavirus 2,7TW7,SAM,A,602,C[S@@+](CC[C@@H](C(=O)[O-])N)C[C@@H]1[C@H]([C@H]([C@@H](O1)n2cnc3c2ncnc3N)O)O
Severe acute respiratory syndrome coronavirus 2,7TW8,SAH,A,601,c1nc(c2c(n1)n(cn2)[C@H]3[C@@H]([C@@H]([C@H](O3)CSCC[C@@H](C(=O)O)N)O)O)N
Severe acute respiratory syndrome coronavirus 2,7TW9,MOH,A,605,CO
Severe acute respiratory syndrome coronavirus 2,7TW9,SFG,A,601,c1nc(c2c(n1)n(cn2)[C@H]3[C@@H]([C@@H]([C@H](O3)C[C@H](CC[C@@H](C(=O)O)N)N)O)O)N
Severe acute respiratory syndrome coronavirus 2,7TW9,MOH,A,607,CO
Severe acute respiratory syndrome coronavirus 2,7TW9,MOH,A,606,CO
Severe acute respiratory syndrome coronavirus 2,7TW9,MOH,A,609,CO
Severe acute respiratory syndrome coronavirus 2,7TW9,EOH,A,604,CCO
Severe acute respiratory syndrome coronavirus 2,7TW9,MOH,A,608,CO
Severe acute respiratory syndrome coronavirus 2,7TWT,AR6,A,201,c1nc(c2c(n1)n(cn2)[C@H]3[C@@H]([C@@H]([C@H](O3)COP(=O)(O)OP(=O)(O)OC[C@@H]4[C@H]([C@H]([C@H](O4)O)O)O)O)O)N
Severe acute respiratory syndrome coronavirus 2,7TWV,AR6,A,201,c1nc(c2c(n1)n(cn2)[C@H]3[C@@H]([C@@H]([C@H](O3)COP(=O)(O)OP(=O)(O)OC[C@@H]4[C@H]([C@H]([C@H](O4)O)O)O)O)O)N
Severe acute respiratory syndrome coronavirus 2,7TWW,AR6,A,201,c1nc(c2c(n1)n(cn2)[C@H]3[C@@H]([C@@H]([C@H](O3)COP(=O)(O)OP(=O)(O)OC[C@@H]4[C@H]([C@H]([C@H](O4)O)O)O)O)O)N
Severe acute respiratory syndrome coronavirus 2,7TWX,AR6,A,201,c1nc(c2c(n1)n(cn2)[C@H]3[C@@H]([C@@H]([C@H](O3)COP(=O)(O)OP(=O)(O)OC[C@@H]4[C@H]([C@H]([C@H](O4)O)O)O)O)O)N
Severe acute respiratory syndrome coronavirus 2,7TWY,AR6,A,201,c1nc(c2c(n1)n(cn2)[C@H]3[C@@H]([C@@H]([C@H](O3)COP(=O)(O)OP(=O)(O)OC[C@@H]4[C@H]([C@H]([C@H](O4)O)O)O)O)O)N
Severe acute respiratory syndrome coronavirus 2,7TX0,AR6,A,201,c1nc(c2c(n1)n(cn2)[C@H]3[C@@H]([C@@H]([C@H](O3)COP(=O)(O)OP(=O)(O)OC[C@@H]4[C@H]([C@H]([C@H](O4)O)O)O)O)O)N
Severe acute respiratory syndrome coronavirus 2,7TX1,AR6,A,201,c1nc(c2c(n1)n(cn2)[C@H]3[C@@H]([C@@H]([C@H](O3)COP(=O)(O)OP(=O)(O)OC[C@@H]4[C@H]([C@H]([C@H](O4)O)O)O)O)O)N
Severe acute respiratory syndrome coronavirus 2,7TX5,APR,A,201,c1nc(c2c(n1)n(cn2)[C@H]3[C@@H]([C@@H]([C@H](O3)CO[P@](=O)(O)O[P@](=O)(O)OC[C@@H]4[C@H]([C@H]([C@@H](O4)O)O)O)O)O)N
Severe acute respiratory syndrome coronavirus 2,7TZJ,S88,B,401,C[C@H](c1cccc2c1cccc2)N3CCC(CC3)C(=O)NCc4cccc(c4)F
Severe acute respiratory syndrome coronavirus 2,7TZJ,S88,A,401,C[C@H](c1cccc2c1cccc2)N3CCC(CC3)C(=O)NCc4cccc(c4)F
Severe acute respiratory syndrome coronavirus 2,7U28,4WI,A,401,[H]/N=C/[C@H](C[C@@H]1CCNC1=O)NC(=O)[C@@H]2[C@@H]3[C@@H](C3(C)C)CN2C(=O)[C@H](C(C)(C)C)NC(=O)C(F)(F)F
Severe acute respiratory syndrome coronavirus 2,7U28,4WI,B,401,[H]/N=C/[C@H](C[C@@H]1CCNC1=O)NC(=O)[C@@H]2[C@@H]3[C@@H](C3(C)C)CN2C(=O)[C@H](C(C)(C)C)NC(=O)C(F)(F)F
Severe acute respiratory syndrome coronavirus 2,7U29,4WI,B,401,[H]/N=C/[C@H](C[C@@H]1CCNC1=O)NC(=O)[C@@H]2[C@@H]3[C@@H](C3(C)C)CN2C(=O)[C@H](C(C)(C)C)NC(=O)C(F)(F)F
Severe acute respiratory syndrome coronavirus 2,7U29,4WI,A,401,[H]/N=C/[C@H](C[C@@H]1CCNC1=O)NC(=O)[C@@H]2[C@@H]3[C@@H](C3(C)C)CN2C(=O)[C@H](C(C)(C)C)NC(=O)C(F)(F)F
Severe acute respiratory syndrome coronavirus 2,7U92,M0C,A,401,CC1([C@@H]2[C@H]1[C@H](N(C2)C(=O)[C@H](C(C)(C)C)NC(=O)C(F)(F)F)C(=O)N[C@@H](C[C@@H]3CCNC3=O)[C@H](C(=O)N4CCC4)O)C
Severe acute respiratory syndrome coronavirus 2,7UJG,K36,B,401,CC(C)C[C@@H](C(=O)N[C@@H](C[C@@H]1CCNC1=O)[C@@H](O)S(=O)(=O)O)NC(=O)OCc2ccccc2
Severe acute respiratory syndrome coronavirus 2,7UJG,K36,A,401,CC(C)C[C@@H](C(=O)N[C@@H](C[C@@H]1CCNC1=O)[C@@H](O)S(=O)(=O)O)NC(=O)OCc2ccccc2
Severe acute respiratory syndrome coronavirus 2,7UJU,4WI,B,401,[H]/N=C/[C@H](C[C@@H]1CCNC1=O)NC(=O)[C@@H]2[C@@H]3[C@@H](C3(C)C)CN2C(=O)[C@H](C(C)(C)C)NC(=O)C(F)(F)F
Severe acute respiratory syndrome coronavirus 2,7UJU,4WI,A,401,[H]/N=C/[C@H](C[C@@H]1CCNC1=O)NC(=O)[C@@H]2[C@@H]3[C@@H](C3(C)C)CN2C(=O)[C@H](C(C)(C)C)NC(=O)C(F)(F)F
Severe acute respiratory syndrome coronavirus 2,7UKK,K36,A,401,CC(C)C[C@@H](C(=O)N[C@@H](C[C@@H]1CCNC1=O)[C@@H](O)S(=O)(=O)O)NC(=O)OCc2ccccc2
Severe acute respiratory syndrome coronavirus 2,7UO4,NWX,A,1001,c1cc(n2c1c(ncn2)N)[C@]3([C@@H]([C@@H]([C@H](O3)COP(=O)(O)OP(=O)(O)OP(=O)(O)O)O)O)C#N
Severe acute respiratory syndrome coronavirus 2,7UO9,3DA,P,35,c1nc(c2c(n1)n(cn2)[C@H]3[C@@H](C[C@H](O3)COP(=O)(O)O)O)N
Severe acute respiratory syndrome coronavirus 2,7UO9,UTP,A,1004,C1=CN(C(=O)NC1=O)[C@H]2[C@@H]([C@@H]([C@H](O2)CO[P@@](=O)(O)O[P@@](=O)(O)OP(=O)(O)O)O)O
Severe acute respiratory syndrome coronavirus 2,7UOB,GTP,A,1007,c1nc2c(n1[C@H]3[C@@H]([C@@H]([C@H](O3)CO[P@](=O)(O)O[P@](=O)(O)OP(=O)(O)O)O)O)N=C(NC2=O)N
Severe acute respiratory syndrome coronavirus 2,7UOB,L2B,P,101,C1[C@H](O[C@H]([C@@H]1O)N2C=CC(=O)NC2=O)COP(=O)(O)O
Severe acute respiratory syndrome coronavirus 2,7UOB,GTP,A,1006,c1nc2c(n1[C@H]3[C@@H]([C@@H]([C@H](O3)CO[P@](=O)(O)O[P@](=O)(O)OP(=O)(O)O)O)O)N=C(NC2=O)N
Severe acute respiratory syndrome coronavirus 2,7UOE,CTP,A,1005,C1=CN(C(=O)N=C1N)[C@H]2[C@@H]([C@@H]([C@H](O2)CO[P@](=O)(O)O[P@](=O)(O)OP(=O)(O)O)O)O
Severe acute respiratory syndrome coronavirus 2,7UOE,L2B,P,101,C1[C@H](O[C@H]([C@@H]1O)N2C=CC(=O)NC2=O)COP(=O)(O)O
Severe acute respiratory syndrome coronavirus 2,7UR9,O5F,A,401,C[C@@H](c1ccc2ccccc2c1)NC(=O)c3cccc4c3n(c(n4)c5cncc6c5cccc6)CCCC(=O)NC
Severe acute respiratory syndrome coronavirus 2,7UR9,O5F,B,401,C[C@@H](c1ccc2ccccc2c1)NC(=O)c3cccc4c3n(c(n4)c5cncc6c5cccc6)CCCC(=O)NC
Severe acute respiratory syndrome coronavirus 2,7URB,O5O,B,401,CCC[C@@H](c1ccc(cc1)C(F)(F)F)NC(=O)c2cccc3c2n(c(n3)c4cncc5c4cccc5)C6CC(C6)C(=O)NC
Severe acute respiratory syndrome coronavirus 2,7US4,O69,A,401,C[C@@H](c1ccc2ccccc2c1)NC(=O)c3cccc4c3n(c(n4)c5cncc6c5cccc6)C7CC(C7)C(=O)NC
Severe acute respiratory syndrome coronavirus 2,7UUA,NOL,A,401,C[C@H]([C@@H](C(=O)N[C@@H](CC1CCCCC1)C(=O)N[C@@H](C[C@@H]2CCNC2=O)CO)NC(=O)OCc3ccccc3)OC(C)(C)C
Severe acute respiratory syndrome coronavirus 2,7UUB,7VB,A,401,CC(C)[C@@H](C(=O)N[C@@H](CC(=C)C)C(=O)N[C@@H](C[C@@H]1CCNC1=O)CO)NC(=O)OCc2ccccc2
Severe acute respiratory syndrome coronavirus 2,7UUC,81L,A,401,CC(C)(C)[C@@H](C(=O)N[C@@H](CC1CC1)C(=O)N[C@@H](C[C@@H]2CCNC2=O)CO)NC(=O)OCc3ccccc3
Severe acute respiratory syndrome coronavirus 2,7UUD,I71,A,401,CCNC(=O)[C@@H]([C@H](C[C@@H]1CCNC1=O)NC(=O)[C@@H]2[C@@H]3[C@@H](C3(C)C)CN2C(=O)[C@H](C(C)(C)C)NC(=O)NC(C)(C)C)O
Severe acute respiratory syndrome coronavirus 2,7UUE,I65,A,401,CCC(=O)N(CCC(=O)N)NC(=O)[C@H](CC1CCCCC1)NC(=O)[C@H]([C@@H](C)OC(C)(C)C)NC(=O)OCc2ccccc2
Severe acute respiratory syndrome coronavirus 2,7UUG,M0C,A,401,CC1([C@@H]2[C@H]1[C@H](N(C2)C(=O)[C@H](C(C)(C)C)NC(=O)C(F)(F)F)C(=O)N[C@@H](C[C@@H]3CCNC3=O)[C@H](C(=O)N4CCC4)O)C
Severe acute respiratory syndrome coronavirus 2,7UUP,4WI,A,401,[H]/N=C/[C@H](C[C@@H]1CCNC1=O)NC(=O)[C@@H]2[C@@H]3[C@@H](C3(C)C)CN2C(=O)[C@H](C(C)(C)C)NC(=O)C(F)(F)F
Severe acute respiratory syndrome coronavirus 2,7V1T,5IL,A,401,c1ccc(c(c1)NC2=CC(=O)c3cccc(c3C2=O)S(=O)(=O)N)N4CCNCC4
Severe acute respiratory syndrome coronavirus 2,7VH8,4WI,A,401,[H]/N=C/[C@H](C[C@@H]1CCNC1=O)NC(=O)[C@@H]2[C@@H]3[C@@H](C3(C)C)CN2C(=O)[C@H](C(C)(C)C)NC(=O)C(F)(F)F
Severe acute respiratory syndrome coronavirus 2,7VIC,ODN,A,401,C[C@@H]1[C@@H]2CC[C@H]3[C@@]45CO[C@@]([C@]3([C@@H]2O)C1=O)([C@H]([C@@H]4C(CC[C@@H]5O)(C)C)O)O
Severe acute respiratory syndrome coronavirus 2,7VLP,4WI,A,401,[H]/N=C/[C@H](C[C@@H]1CCNC1=O)NC(=O)[C@@H]2[C@@H]3[C@@H](C3(C)C)CN2C(=O)[C@H](C(C)(C)C)NC(=O)C(F)(F)F
Severe acute respiratory syndrome coronavirus 2,7VLP,4WI,B,401,[H]/N=C/[C@H](C[C@@H]1CCNC1=O)NC(=O)[C@@H]2[C@@H]3[C@@H](C3(C)C)CN2C(=O)[C@H](C(C)(C)C)NC(=O)C(F)(F)F
Severe acute respiratory syndrome coronavirus 2,7VLQ,4WI,A,401,[H]/N=C/[C@H](C[C@@H]1CCNC1=O)NC(=O)[C@@H]2[C@@H]3[C@@H](C3(C)C)CN2C(=O)[C@H](C(C)(C)C)NC(=O)C(F)(F)F
Severe acute respiratory syndrome coronavirus 2,7VLQ,4WI,B,401,[H]/N=C/[C@H](C[C@@H]1CCNC1=O)NC(=O)[C@@H]2[C@@H]3[C@@H](C3(C)C)CN2C(=O)[C@H](C(C)(C)C)NC(=O)C(F)(F)F
Severe acute respiratory syndrome coronavirus 2,7VTH,7XB,B,401,Cc1cc(ccc1NC2=NC(=O)N(C(=O)N2Cc3cc(c(c(c3)F)F)F)CC(=O)NC)OC(F)F
Severe acute respiratory syndrome coronavirus 2,7VTH,7XB,A,501,Cc1cc(ccc1NC2=NC(=O)N(C(=O)N2Cc3cc(c(c(c3)F)F)F)CC(=O)NC)OC(F)F
Severe acute respiratory syndrome coronavirus 2,7VU6,7YY,B,501,Cn1cc2cc(c(cc2n1)Cl)NC3=NC(=O)N(C(=O)N3Cc4cc(c(cc4F)F)F)Cc5ncn(n5)C
Severe acute respiratory syndrome coronavirus 2,7VU6,7YY,A,501,Cn1cc2cc(c(cc2n1)Cl)NC3=NC(=O)N(C(=O)N3Cc4cc(c(cc4F)F)F)Cc5ncn(n5)C
Severe acute respiratory syndrome coronavirus 2,7VVP,80I,B,301,CC(C)C[C@@H](C(=O)N[C@@H](C[C@@H]1CCNC1=O)C(=O)COP(=O)(O)O)NC(=O)c2cc3c([nH]2)cccc3OC
Severe acute respiratory syndrome coronavirus 2,7VVT,80X,B,401,CC(=O)N1CCNC(=O)[C@H]1CC(=O)Nc2cccc(c2)Cl
Severe acute respiratory syndrome coronavirus 2,7VVT,80X,A,401,CC(=O)N1CCNC(=O)[C@H]1CC(=O)Nc2cccc(c2)Cl
Severe acute respiratory syndrome coronavirus 2,7W9G,SE,A,401,[SeH2]
Severe acute respiratory syndrome coronavirus 2,7WBQ,FUL,F,2,C[C@H]1[C@H]([C@H]([C@@H]([C@H](O1)O)O)O)O
Severe acute respiratory syndrome coronavirus 2,7WGV,EIC,A,1309,CCCCC\C=C/C\C=C/CCCCCCCC(=O)O
Severe acute respiratory syndrome coronavirus 2,7WGV,EIC,B,1309,CCCCC\C=C/C\C=C/CCCCCCCC(=O)O
Severe acute respiratory syndrome coronavirus 2,7WGV,BLR,A,1313,Cc1c(c([nH]c1/C=C\2/C(=C(C(=O)N2)C=C)C)Cc3c(c(c([nH]3)/C=C\4/C(=C(C(=O)N4)C)C=C)C)CCC(=O)O)CCC(=O)O
Severe acute respiratory syndrome coronavirus 2,7WGV,EIC,C,1309,CCCCC\C=C/C\C=C/CCCCCCCC(=O)O
Severe acute respiratory syndrome coronavirus 2,7WGV,BLR,B,1313,Cc1c(c([nH]c1/C=C\2/C(=C(C(=O)N2)C=C)C)Cc3c(c(c([nH]3)/C=C\4/C(=C(C(=O)N4)C)C=C)C)CCC(=O)O)CCC(=O)O
Severe acute respiratory syndrome coronavirus 2,7WGV,BLR,C,1313,Cc1c(c([nH]c1/C=C\2/C(=C(C(=O)N2)C=C)C)Cc3c(c(c([nH]3)/C=C\4/C(=C(C(=O)N4)C)C=C)C)CCC(=O)O)CCC(=O)O
Severe acute respiratory syndrome coronavirus 2,7WGX,BLR,A,1610,Cc1c(c([nH]c1/C=C\2/C(=C(C(=O)N2)C=C)C)Cc3c(c(c([nH]3)/C=C\4/C(=C(C(=O)N4)C)C=C)C)CCC(=O)O)CCC(=O)O
Severe acute respiratory syndrome coronavirus 2,7WGX,BLR,C,1610,Cc1c(c([nH]c1/C=C\2/C(=C(C(=O)N2)C=C)C)Cc3c(c(c([nH]3)/C=C\4/C(=C(C(=O)N4)C)C=C)C)CCC(=O)O)CCC(=O)O
Severe acute respiratory syndrome coronavirus 2,7WGX,BLR,B,1610,Cc1c(c([nH]c1/C=C\2/C(=C(C(=O)N2)C=C)C)Cc3c(c(c([nH]3)/C=C\4/C(=C(C(=O)N4)C)C=C)C)CCC(=O)O)CCC(=O)O
Severe acute respiratory syndrome coronavirus 2,7WO1,3XI,A,401,CC(C)C[C@@H](C(=O)N[C@@H](C[C@@H]1CCCNC1=O)C=O)NC(=O)[C@H](C(C)C)NC(=O)C2CCCCC2
Severe acute respiratory syndrome coronavirus 2,7WO2,40I,A,401,CC(C)C[C@@H](C(=O)N[C@@H](C[C@@H]1CCCNC1=O)C=O)NC(=O)[C@H](C(C)C)NC(=O)c2ccco2
Severe acute respiratory syndrome coronavirus 2,7WO3,59S,A,401,CC(C)C[C@@H](C(=O)N[C@@H](C[C@@H]1CCCNC1=O)C=O)NC(=O)[C@H](C(C)C)NC(=O)/C=C/c2ccc(cc2)OC
Severe acute respiratory syndrome coronavirus 2,7WOF,5IZ,A,401,CC[C@H](C)[C@@H](C(=O)N[C@@H](C[C@@H]1CCCNC1=O)C=O)NC(=O)/C=C/c2ccccc2
Severe acute respiratory syndrome coronavirus 2,7WOH,5IW,A,401,CC(C)C[C@@H](C(=O)N[C@@H](C[C@@H]1CCCNC1=O)C=O)NC(=O)[C@H](Cc2ccccc2)NC(=O)/C=C/c3ccccc3
Severe acute respiratory syndrome coronavirus 2,7WOH,5IW,B,401,CC(C)C[C@@H](C(=O)N[C@@H](C[C@@H]1CCCNC1=O)C=O)NC(=O)[C@H](Cc2ccccc2)NC(=O)/C=C/c3ccccc3
Severe acute respiratory syndrome coronavirus 2,7WQ8,GME,B,3,COC(=O)CC[C@@H](C(=O)O)N
Severe acute respiratory syndrome coronavirus 2,7WQ8,CF0,B,6,CF
Severe acute respiratory syndrome coronavirus 2,7WQ8,FL6,B,2,COC(=O)C[C@@H](C(=O)O)N
Severe acute respiratory syndrome coronavirus 2,7WQ8,FL6,B,5,COC(=O)C[C@@H](C(=O)O)N
Severe acute respiratory syndrome coronavirus 2,7WQ9,FL6,B,5,COC(=O)C[C@@H](C(=O)O)N
Severe acute respiratory syndrome coronavirus 2,7WQ9,CF0,B,6,CF
Severe acute respiratory syndrome coronavirus 2,7WQ9,GME,B,3,COC(=O)CC[C@@H](C(=O)O)N
Severe acute respiratory syndrome coronavirus 2,7WQA,CF0,B,5,CF
Severe acute respiratory syndrome coronavirus 2,7WQA,FL6,B,4,COC(=O)C[C@@H](C(=O)O)N
Severe acute respiratory syndrome coronavirus 2,7WQA,PHQ,B,1,c1ccc(cc1)COC(=O)Cl
Severe acute respiratory syndrome coronavirus 2,7WQB,ALD,A,401,CC(C)C[C@@H](CO)NC(=O)[C@H](CC(C)C)NC(=O)[C@H](CC(C)C)NC(=O)OCc1ccccc1
Severe acute respiratory syndrome coronavirus 2,7WQK,ALD,A,401,CC(C)C[C@@H](CO)NC(=O)[C@H](CC(C)C)NC(=O)[C@H](CC(C)C)NC(=O)OCc1ccccc1
Severe acute respiratory syndrome coronavirus 2,7WYM,G7L,A,401,CN(Cc1nc(cs1)C(F)(F)F)C(=O)C=C
Severe acute respiratory syndrome coronavirus 2,7WYP,G7O,A,401,C=CC(=O)N(Cc1nc2ccccc2s1)C3CC3
Severe acute respiratory syndrome coronavirus 2,7WYP,G7O,B,401,C=CC(=O)N(Cc1nc2ccccc2s1)C3CC3
Severe acute respiratory syndrome coronavirus 2,7X6K,9FF,A,701,c1ccc2c(c1)cc([nH]2)C=O
Severe acute respiratory syndrome coronavirus 2,7XAR,BOV,A,406,CC(C)C[C@@H](C(=O)NN(C[C@@H]1CCNC1=O)C(=O)CF)NC(=O)c2cc3c([nH]2)cccc3F
Severe acute respiratory syndrome coronavirus 2,7XAR,BOV,B,403,CC(C)C[C@@H](C(=O)NN(C[C@@H]1CCNC1=O)C(=O)CF)NC(=O)c2cc3c([nH]2)cccc3F
Severe acute respiratory syndrome coronavirus 2,7XB4,4WI,B,401,[H]/N=C/[C@H](C[C@@H]1CCNC1=O)NC(=O)[C@@H]2[C@@H]3[C@@H](C3(C)C)CN2C(=O)[C@H](C(C)(C)C)NC(=O)C(F)(F)F
Severe acute respiratory syndrome coronavirus 2,7XB4,4WI,A,401,[H]/N=C/[C@H](C[C@@H]1CCNC1=O)NC(=O)[C@@H]2[C@@H]3[C@@H](C3(C)C)CN2C(=O)[C@H](C(C)(C)C)NC(=O)C(F)(F)F
Severe acute respiratory syndrome coronavirus 2,7XC4,BJ6,B,701,c1ccc(cc1)c2c(oc(n2)CCC(=O)O)c3ccccc3
Severe acute respiratory syndrome coronavirus 2,7XC4,BJ6,A,701,c1ccc(cc1)c2c(oc(n2)CCC(=O)O)c3ccccc3
Severe acute respiratory syndrome coronavirus 2,7XMN,NNH,B,202,[H]/N=C(/NCC[C@@H](C(=O)O)N)\NO
Severe acute respiratory syndrome coronavirus 2,7XRS,HUR,B,401,CC(C)C[C@@H](C(=O)N[C@@H](C[C@@H]1CCNC1=O)C(=O)c2nc3ccccc3s2)NC(=O)c4cc5c([nH]4)cccc5OC
Severe acute respiratory syndrome coronavirus 2,7XRS,HUR,A,401,CC(C)C[C@@H](C(=O)N[C@@H](C[C@@H]1CCNC1=O)C(=O)c2nc3ccccc3s2)NC(=O)c4cc5c([nH]4)cccc5OC
Severe acute respiratory syndrome coronavirus 2,7XTZ,EIC,C,1601,CCCCC\C=C/C\C=C/CCCCCCCC(=O)O
Severe acute respiratory syndrome coronavirus 2,7XTZ,EIC,B,1601,CCCCC\C=C/C\C=C/CCCCCCCC(=O)O
Severe acute respiratory syndrome coronavirus 2,7XTZ,BLA,A,1214,Cc1c(c([nH]c1\C=C/2\C(=C(C(=O)N2)C=C)C)\C=C/3\C(=C(C(=N3)\C=C/4\C(=C(C(=O)N4)C)C=C)C)CCC(=O)O)CCC(=O)O
Severe acute respiratory syndrome coronavirus 2,7XTZ,EIC,A,1215,CCCCC\C=C/C\C=C/CCCCCCCC(=O)O
Severe acute respiratory syndrome coronavirus 2,7XTZ,BLA,B,1615,Cc1c(c([nH]c1\C=C/2\C(=C(C(=O)N2)C=C)C)\C=C/3\C(=C(C(=N3)\C=C/4\C(=C(C(=O)N4)C)C=C)C)CCC(=O)O)CCC(=O)O
Severe acute respiratory syndrome coronavirus 2,7XTZ,BLA,C,1615,Cc1c(c([nH]c1\C=C/2\C(=C(C(=O)N2)C=C)C)\C=C/3\C(=C(C(=N3)\C=C/4\C(=C(C(=O)N4)C)C=C)C)CCC(=O)O)CCC(=O)O
Severe acute respiratory syndrome coronavirus 2,7XU0,BLA,A,1314,Cc1c(c([nH]c1\C=C/2\C(=C(C(=O)N2)C=C)C)\C=C/3\C(=C(C(=N3)\C=C/4\C(=C(C(=O)N4)C)C=C)C)CCC(=O)O)CCC(=O)O
Severe acute respiratory syndrome coronavirus 2,7XU0,EIC,A,1315,CCCCC\C=C/C\C=C/CCCCCCCC(=O)O
Severe acute respiratory syndrome coronavirus 2,7XU0,BLA,B,1215,Cc1c(c([nH]c1\C=C/2\C(=C(C(=O)N2)C=C)C)\C=C/3\C(=C(C(=N3)\C=C/4\C(=C(C(=O)N4)C)C=C)C)CCC(=O)O)CCC(=O)O
Severe acute respiratory syndrome coronavirus 2,7XU0,EIC,A,1313,CCCCC\C=C/C\C=C/CCCCCCCC(=O)O
Severe acute respiratory syndrome coronavirus 2,7XU0,BLA,C,1214,Cc1c(c([nH]c1\C=C/2\C(=C(C(=O)N2)C=C)C)\C=C/3\C(=C(C(=N3)\C=C/4\C(=C(C(=O)N4)C)C=C)C)CCC(=O)O)CCC(=O)O
Severe acute respiratory syndrome coronavirus 2,7XU0,EIC,B,1211,CCCCC\C=C/C\C=C/CCCCCCCC(=O)O
Severe acute respiratory syndrome coronavirus 2,7XU1,BLA,C,1313,Cc1c(c([nH]c1\C=C/2\C(=C(C(=O)N2)C=C)C)\C=C/3\C(=C(C(=N3)\C=C/4\C(=C(C(=O)N4)C)C=C)C)CCC(=O)O)CCC(=O)O
Severe acute respiratory syndrome coronavirus 2,7XU1,EIC,C,1314,CCCCC\C=C/C\C=C/CCCCCCCC(=O)O
Severe acute respiratory syndrome coronavirus 2,7XU1,BLA,A,1816,Cc1c(c([nH]c1\C=C/2\C(=C(C(=O)N2)C=C)C)\C=C/3\C(=C(C(=N3)\C=C/4\C(=C(C(=O)N4)C)C=C)C)CCC(=O)O)CCC(=O)O
Severe acute respiratory syndrome coronavirus 2,7XU1,BLA,B,1313,Cc1c(c([nH]c1\C=C/2\C(=C(C(=O)N2)C=C)C)\C=C/3\C(=C(C(=N3)\C=C/4\C(=C(C(=O)N4)C)C=C)C)CCC(=O)O)CCC(=O)O
Severe acute respiratory syndrome coronavirus 2,7XU1,EIC,A,1812,CCCCC\C=C/C\C=C/CCCCCCCC(=O)O
Severe acute respiratory syndrome coronavirus 2,7XU1,EIC,A,1801,CCCCC\C=C/C\C=C/CCCCCCCC(=O)O
Severe acute respiratory syndrome coronavirus 2,7XU2,BLA,A,1313,Cc1c(c([nH]c1\C=C/2\C(=C(C(=O)N2)C=C)C)\C=C/3\C(=C(C(=N3)\C=C/4\C(=C(C(=O)N4)C)C=C)C)CCC(=O)O)CCC(=O)O
Severe acute respiratory syndrome coronavirus 2,7XU2,EIC,A,1314,CCCCC\C=C/C\C=C/CCCCCCCC(=O)O
Severe acute respiratory syndrome coronavirus 2,7XU2,EIC,B,1801,CCCCC\C=C/C\C=C/CCCCCCCC(=O)O
Severe acute respiratory syndrome coronavirus 2,7XU2,BLA,C,1313,Cc1c(c([nH]c1\C=C/2\C(=C(C(=O)N2)C=C)C)\C=C/3\C(=C(C(=N3)\C=C/4\C(=C(C(=O)N4)C)C=C)C)CCC(=O)O)CCC(=O)O
Severe acute respiratory syndrome coronavirus 2,7XU2,EIC,C,1314,CCCCC\C=C/C\C=C/CCCCCCCC(=O)O
Severe acute respiratory syndrome coronavirus 2,7XU2,BLA,B,1814,Cc1c(c([nH]c1\C=C/2\C(=C(C(=O)N2)C=C)C)\C=C/3\C(=C(C(=N3)\C=C/4\C(=C(C(=O)N4)C)C=C)C)CCC(=O)O)CCC(=O)O
Severe acute respiratory syndrome coronavirus 2,7XU3,BLA,B,1401,Cc1c(c([nH]c1\C=C/2\C(=C(C(=O)N2)C=C)C)\C=C/3\C(=C(C(=N3)\C=C/4\C(=C(C(=O)N4)C)C=C)C)CCC(=O)O)CCC(=O)O
Severe acute respiratory syndrome coronavirus 2,7XU3,BLA,C,1401,Cc1c(c([nH]c1\C=C/2\C(=C(C(=O)N2)C=C)C)\C=C/3\C(=C(C(=N3)\C=C/4\C(=C(C(=O)N4)C)C=C)C)CCC(=O)O)CCC(=O)O
Severe acute respiratory syndrome coronavirus 2,7XU3,BLA,A,1401,Cc1c(c([nH]c1\C=C/2\C(=C(C(=O)N2)C=C)C)\C=C/3\C(=C(C(=N3)\C=C/4\C(=C(C(=O)N4)C)C=C)C)CCC(=O)O)CCC(=O)O
Severe acute respiratory syndrome coronavirus 2,7XU4,EIC,A,1315,CCCCC\C=C/C\C=C/CCCCCCCC(=O)O
Severe acute respiratory syndrome coronavirus 2,7XU4,BLA,B,1815,Cc1c(c([nH]c1\C=C/2\C(=C(C(=O)N2)C=C)C)\C=C/3\C(=C(C(=N3)\C=C/4\C(=C(C(=O)N4)C)C=C)C)CCC(=O)O)CCC(=O)O
Severe acute respiratory syndrome coronavirus 2,7XU4,BLA,A,1314,Cc1c(c([nH]c1\C=C/2\C(=C(C(=O)N2)C=C)C)\C=C/3\C(=C(C(=N3)\C=C/4\C(=C(C(=O)N4)C)C=C)C)CCC(=O)O)CCC(=O)O
Severe acute respiratory syndrome coronavirus 2,7XU4,BLA,C,1314,Cc1c(c([nH]c1\C=C/2\C(=C(C(=O)N2)C=C)C)\C=C/3\C(=C(C(=N3)\C=C/4\C(=C(C(=O)N4)C)C=C)C)CCC(=O)O)CCC(=O)O
Severe acute respiratory syndrome coronavirus 2,7XU4,EIC,C,1315,CCCCC\C=C/C\C=C/CCCCCCCC(=O)O
Severe acute respiratory syndrome coronavirus 2,7XU4,EIC,B,1801,CCCCC\C=C/C\C=C/CCCCCCCC(=O)O
Severe acute respiratory syndrome coronavirus 2,7XU5,BLA,C,1401,Cc1c(c([nH]c1\C=C/2\C(=C(C(=O)N2)C=C)C)\C=C/3\C(=C(C(=N3)\C=C/4\C(=C(C(=O)N4)C)C=C)C)CCC(=O)O)CCC(=O)O
Severe acute respiratory syndrome coronavirus 2,7XU5,BLA,A,1401,Cc1c(c([nH]c1\C=C/2\C(=C(C(=O)N2)C=C)C)\C=C/3\C(=C(C(=N3)\C=C/4\C(=C(C(=O)N4)C)C=C)C)CCC(=O)O)CCC(=O)O
Severe acute respiratory syndrome coronavirus 2,7XU5,BLA,B,1401,Cc1c(c([nH]c1\C=C/2\C(=C(C(=O)N2)C=C)C)\C=C/3\C(=C(C(=N3)\C=C/4\C(=C(C(=O)N4)C)C=C)C)CCC(=O)O)CCC(=O)O
Severe acute respiratory syndrome coronavirus 2,7XU6,BLA,A,1314,Cc1c(c([nH]c1\C=C/2\C(=C(C(=O)N2)C=C)C)\C=C/3\C(=C(C(=N3)\C=C/4\C(=C(C(=O)N4)C)C=C)C)CCC(=O)O)CCC(=O)O
Severe acute respiratory syndrome coronavirus 2,7XU6,BLA,B,1314,Cc1c(c([nH]c1\C=C/2\C(=C(C(=O)N2)C=C)C)\C=C/3\C(=C(C(=N3)\C=C/4\C(=C(C(=O)N4)C)C=C)C)CCC(=O)O)CCC(=O)O
Severe acute respiratory syndrome coronavirus 2,7XU6,BLA,C,1314,Cc1c(c([nH]c1\C=C/2\C(=C(C(=O)N2)C=C)C)\C=C/3\C(=C(C(=N3)\C=C/4\C(=C(C(=O)N4)C)C=C)C)CCC(=O)O)CCC(=O)O
Severe acute respiratory syndrome coronavirus 2,7XXK,SCN,A,401,C(#N)[S-]
Severe acute respiratory syndrome coronavirus 2,7XXK,GUN,C,401,c1[nH]c2c(n1)C(=O)NC(=N2)N
Severe acute respiratory syndrome coronavirus 2,7XXK,GMP,F,401,c1nc2c(n1[C@H]3[C@@H]([C@@H]([C@H](O3)CO)O)O)N=C(NC2=O)N
Severe acute respiratory syndrome coronavirus 2,7XXK,5GP,C,402,c1nc2c(n1[C@H]3[C@@H]([C@@H]([C@H](O3)COP(=O)(O)O)O)O)N=C(NC2=O)N
Severe acute respiratory syndrome coronavirus 2,7XXK,5GP,A,403,c1nc2c(n1[C@H]3[C@@H]([C@@H]([C@H](O3)COP(=O)(O)O)O)O)N=C(NC2=O)N
Severe acute respiratory syndrome coronavirus 2,7XXK,5GP,A,402,c1nc2c(n1[C@H]3[C@@H]([C@@H]([C@H](O3)COP(=O)(O)O)O)O)N=C(NC2=O)N
Severe acute respiratory syndrome coronavirus 2,7Y42,REA,A,1310,CC1=C(C(CCC1)(C)C)/C=C/C(=C/C=C/C(=C/C(=O)O)/C)/C
Severe acute respiratory syndrome coronavirus 2,7Y42,REA,B,1310,CC1=C(C(CCC1)(C)C)/C=C/C(=C/C=C/C(=C/C(=O)O)/C)/C
Severe acute respiratory syndrome coronavirus 2,7Y42,REA,D,1310,CC1=C(C(CCC1)(C)C)/C=C/C(=C/C=C/C(=C/C(=O)O)/C)/C
Severe acute respiratory syndrome coronavirus 2,7Y75,3PH,B,1003,CCCCCCCCCCCCCCCCCC(=O)OC[C@H](COP(=O)(O)O)OC(=O)CCCCCCCCCCCCCCCCC
Severe acute respiratory syndrome coronavirus 2,7Y75,3PH,D,1004,CCCCCCCCCCCCCCCCCC(=O)OC[C@H](COP(=O)(O)O)OC(=O)CCCCCCCCCCCCCCCCC
Severe acute respiratory syndrome coronavirus 2,7Y75,3PH,B,1004,CCCCCCCCCCCCCCCCCC(=O)OC[C@H](COP(=O)(O)O)OC(=O)CCCCCCCCCCCCCCCCC
Severe acute respiratory syndrome coronavirus 2,7Y75,3PH,D,1005,CCCCCCCCCCCCCCCCCC(=O)OC[C@H](COP(=O)(O)O)OC(=O)CCCCCCCCCCCCCCCCC
Severe acute respiratory syndrome coronavirus 2,7Y75,3PH,B,1005,CCCCCCCCCCCCCCCCCC(=O)OC[C@H](COP(=O)(O)O)OC(=O)CCCCCCCCCCCCCCCCC
Severe acute respiratory syndrome coronavirus 2,7Y75,3PH,D,1003,CCCCCCCCCCCCCCCCCC(=O)OC[C@H](COP(=O)(O)O)OC(=O)CCCCCCCCCCCCCCCCC
Severe acute respiratory syndrome coronavirus 2,7Y76,3PH,D,1003,CCCCCCCCCCCCCCCCCC(=O)OC[C@H](COP(=O)(O)O)OC(=O)CCCCCCCCCCCCCCCCC
Severe acute respiratory syndrome coronavirus 2,7Y76,3PH,B,1004,CCCCCCCCCCCCCCCCCC(=O)OC[C@H](COP(=O)(O)O)OC(=O)CCCCCCCCCCCCCCCCC
Severe acute respiratory syndrome coronavirus 2,7Y76,3PH,D,1004,CCCCCCCCCCCCCCCCCC(=O)OC[C@H](COP(=O)(O)O)OC(=O)CCCCCCCCCCCCCCCCC
Severe acute respiratory syndrome coronavirus 2,7Y76,3PH,B,1005,CCCCCCCCCCCCCCCCCC(=O)OC[C@H](COP(=O)(O)O)OC(=O)CCCCCCCCCCCCCCCCC
Severe acute respiratory syndrome coronavirus 2,7Y76,3PH,D,1005,CCCCCCCCCCCCCCCCCC(=O)OC[C@H](COP(=O)(O)O)OC(=O)CCCCCCCCCCCCCCCCC
Severe acute respiratory syndrome coronavirus 2,7Y76,3PH,B,1003,CCCCCCCCCCCCCCCCCC(=O)OC[C@H](COP(=O)(O)O)OC(=O)CCCCCCCCCCCCCCCCC
Severe acute respiratory syndrome coronavirus 2,7YE7,DD9,D,101,CCCCCCCCC
Severe acute respiratory syndrome coronavirus 2,7YE7,OCT,A,101,CCCCCCCC
Severe acute respiratory syndrome coronavirus 2,7YE8,OCT,A,101,CCCCCCCC
Severe acute respiratory syndrome coronavirus 2,7YE8,OCT,C,101,CCCCCCCC
Severe acute respiratory syndrome coronavirus 2,7Z2K,MLI,B,401,C(C(=O)[O-])C(=O)[O-]
Severe acute respiratory syndrome coronavirus 2,7Z3U,EJM,F,3,CCCC[C@@H](C=O)N
Severe acute respiratory syndrome coronavirus 2,7Z3U,EJM,G,3,CCCC[C@@H](C=O)N
Severe acute respiratory syndrome coronavirus 2,7Z3Z,STE,B,1313,CCCCCCCCCCCCCCCCCC(=O)O
Severe acute respiratory syndrome coronavirus 2,7Z3Z,STE,C,1313,CCCCCCCCCCCCCCCCCC(=O)O
Severe acute respiratory syndrome coronavirus 2,7Z3Z,STE,A,1313,CCCCCCCCCCCCCCCCCC(=O)O
Severe acute respiratory syndrome coronavirus 2,7Z4S,II7,C,4,C1C(CC1N)C(=O)O
Severe acute respiratory syndrome coronavirus 2,7Z4S,II7,D,4,C1C(CC1N)C(=O)O
Severe acute respiratory syndrome coronavirus 2,7Z59,IFO,A,401,CC(C)([C@H](C(=O)OCc1ccc(cc1F)F)N/C=C(/C=O)\NC(=O)COc2ccccc2)S(=O)O
Severe acute respiratory syndrome coronavirus 2,7Z8O,4J5,B,273,C(CNC(=[NH2+])N)[C@@H](C(=O)O)N
Severe acute respiratory syndrome coronavirus 2,7Z8O,CY3,B,279,C([C@@H](C(=O)N)N)S
Severe acute respiratory syndrome coronavirus 2,7Z8O,0JY,B,278,CC(C)(C)C[C@@H](C(=O)O)N
Severe acute respiratory syndrome coronavirus 2,7Z8O,KZ0,B,303,C(c1nc(nc(n1)CCl)CCl)Cl
Severe acute respiratory syndrome coronavirus 2,7ZBU,3Q9,A,1309,CCC1=C(C(=NC1=O)Cc2c(c(c([nH]2)Cc3c(c(c([nH]3)CC4=NC(=O)C(=C4CC)C)C)CCC(=O)O)CCC(=O)O)C)C
Severe acute respiratory syndrome coronavirus 2,7ZIT,SEP,D,197,C([C@@H](C(=O)O)N)OP(=O)(O)O
Severe acute respiratory syndrome coronavirus 2,7ZIT,BEZ,B,301,c1ccc(cc1)C(=O)O
Severe acute respiratory syndrome coronavirus 2,7ZIT,SEP,C,197,C([C@@H](C(=O)O)N)OP(=O)(O)O
Severe acute respiratory syndrome coronavirus 2,7ZQV,XNV,A,401,CCOC(=O)CC[C@H](C[C@@H]1CCNC1=O)NC(=O)[C@H](CC#C)N2C=CC=C(C2=O)NC(=O)c3cc(on3)C
Severe acute respiratory syndrome coronavirus 2,7ZQV,XNV,B,401,CCOC(=O)CC[C@H](C[C@@H]1CCNC1=O)NC(=O)[C@H](CC#C)N2C=CC=C(C2=O)NC(=O)c3cc(on3)C
Severe acute respiratory syndrome coronavirus 2,7ZV5,HSV,B,4,c1c([nH+]c[nH]1)C[C@@H](C=O)N
Severe acute respiratory syndrome coronavirus 2,7ZV7,HSV,B,4,c1c([nH+]c[nH]1)C[C@@H](C=O)N
Severe acute respiratory syndrome coronavirus 2,7ZV7,BOC,B,1,CC(C)(C)OC(=O)O
Severe acute respiratory syndrome coronavirus 2,7ZV8,HSV,D,4,c1c([nH+]c[nH]1)C[C@@H](C=O)N
Severe acute respiratory syndrome coronavirus 2,7ZV8,OCA,C,101,CCCCCCCC(=O)O
Severe acute respiratory syndrome coronavirus 2,7ZV8,HSV,C,4,c1c([nH+]c[nH]1)C[C@@H](C=O)N
Severe acute respiratory syndrome coronavirus 2,7ZV8,OCA,D,101,CCCCCCCC(=O)O
Severe acute respiratory syndrome coronavirus 2,8A23,KW6,A,301,c1ccc2c(c1)cc(cn2)C#Cc3cn(c4c3c(ncn4)N)[C@H]5[C@@H]([C@@H]([C@H](O5)CO)O)O
Severe acute respiratory syndrome coronavirus 2,8A4Q,V9R,A,401,CC(C)(C)OC(=O)NC1=CC=CN(C1=O)[C@H](CC2CC2)C(=O)N[C@@H](C[C@@H]3CCNC3=O)[C@@H](C(=O)NCc4ccccc4)O
Severe acute respiratory syndrome coronavirus 2,8A4T,O6K,A,401,CC(C)(C)OC(=O)NC1=CC=CN(C1=O)[C@@H](CC2CC2)C(=O)N[C@@H](C[C@@H]3CCNC3=O)[C@H](C(=O)NCc4ccccc4)O
Severe acute respiratory syndrome coronavirus 2,8A4T,O6K,B,401,CC(C)(C)OC(=O)NC1=CC=CN(C1=O)[C@@H](CC2CC2)C(=O)N[C@@H](C[C@@H]3CCNC3=O)[C@H](C(=O)NCc4ccccc4)O
Severe acute respiratory syndrome coronavirus 2,8A4Y,QO6,A,201,CC(=O)Nc1ccc2c(c1)CCC2
Severe acute respiratory syndrome coronavirus 2,8AAA,29N,B,101,CCC(=O)N1CN(CN(C1)C(=O)CC)C(=O)CC
Severe acute respiratory syndrome coronavirus 2,8ACD,LQ6,A,401,c1cc(sc1)CNC(=O)[C@@H]2CN(CCN2c3ccc(c(c3)Cl)Cl)C(=O)C4=CC(=O)NC(=O)N4
Severe acute respiratory syndrome coronavirus 2,8ACL,LQL,A,401,c1cc(cnc1)C(=O)N2CCN([C@@H](C2)C(=O)NCc3cccs3)c4ccc(c(c4)Cl)Cl
Severe acute respiratory syndrome coronavirus 2,8AEB,35J,A,402,c1cc(cnc1)CNC=S
Severe acute respiratory syndrome coronavirus 2,8AYS,92G,B,201,c1cc(ccc1c2csc(n2)N)O
Severe acute respiratory syndrome coronavirus 2,8AZ8,OEI,B,201,c1ccc(cc1)CNCCO
Severe acute respiratory syndrome coronavirus 2,8AZC,MPO,A,202,C1COCCN1CCCS(=O)(=O)O
Severe acute respiratory syndrome coronavirus 2,8AZD,APR,B,201,c1nc(c2c(n1)n(cn2)[C@H]3[C@@H]([C@@H]([C@H](O3)CO[P@](=O)(O)O[P@](=O)(O)OC[C@@H]4[C@H]([C@H]([C@@H](O4)O)O)O)O)O)N
Severe acute respiratory syndrome coronavirus 2,8AZD,APR,A,201,c1nc(c2c(n1)n(cn2)[C@H]3[C@@H]([C@@H]([C@H](O3)CO[P@](=O)(O)O[P@](=O)(O)OC[C@@H]4[C@H]([C@H]([C@@H](O4)O)O)O)O)O)N
Severe acute respiratory syndrome coronavirus 2,8AZI,OHR,B,201,c1nc(c2c(n1)n(cn2)[C@H]3C[C@@H]([C@H](O3)COP(=O)(O)OP(=O)(O)OC[C@@H]4[C@H]([C@H]([C@H](O4)O)O)O)O)N
Severe acute respiratory syndrome coronavirus 2,8AZI,OHR,A,201,c1nc(c2c(n1)n(cn2)[C@H]3C[C@@H]([C@H](O3)COP(=O)(O)OP(=O)(O)OC[C@@H]4[C@H]([C@H]([C@H](O4)O)O)O)O)N
Severe acute respiratory syndrome coronavirus 2,8AZL,OI3,A,201,c1nc(c2c(n1)n(cn2)[C@H]3[C@@H]([C@@H]([C@H](O3)COP(=O)(O)OP(=O)(O)OC[C@@H]4[C@H]([C@H]([C@@H](O4)O)O)O)O)F)N
Severe acute respiratory syndrome coronavirus 2,8AZL,OI3,B,201,c1nc(c2c(n1)n(cn2)[C@H]3[C@@H]([C@@H]([C@H](O3)COP(=O)(O)OP(=O)(O)OC[C@@H]4[C@H]([C@H]([C@@H](O4)O)O)O)O)F)N
Severe acute respiratory syndrome coronavirus 2,8AZM,OI6,B,201,c1nc(c2c(n1)n(c(n2)Br)[C@H]3[C@@H]([C@@H]([C@H](O3)COP(=O)(O)OP(=O)(O)OC[C@@H]4[C@H]([C@H]([C@@H](O4)O)O)O)O)O)N
Severe acute respiratory syndrome coronavirus 2,8AZM,OI6,A,201,c1nc(c2c(n1)n(c(n2)Br)[C@H]3[C@@H]([C@@H]([C@H](O3)COP(=O)(O)OP(=O)(O)OC[C@@H]4[C@H]([C@H]([C@@H](O4)O)O)O)O)O)N
Severe acute respiratory syndrome coronavirus 2,8AZN,RVK,A,201,CO[C@@H]1[C@@H]([C@@H]([C@H](O1)COP(=O)(O)OP(=O)(O)OC[C@@H]2[C@H]([C@H]([C@@H](O2)n3cnc4c3ncnc4N)O)O)O)O
Severe acute respiratory syndrome coronavirus 2,8AZO,OIG,A,201,CCOP(=O)(O)OP(=O)(O)OC[C@@H]1[C@H]([C@H]([C@@H](O1)n2cnc3c2ncnc3N)O)O
Severe acute respiratory syndrome coronavirus 2,8AZO,OIG,B,201,CCOP(=O)(O)OP(=O)(O)OC[C@@H]1[C@H]([C@H]([C@@H](O1)n2cnc3c2ncnc3N)O)O
Severe acute respiratory syndrome coronavirus 2,8AZP,OH9,B,201,COP(=O)(O)OP(=O)(O)OC[C@@H]1[C@H]([C@H]([C@@H](O1)n2cnc3c2ncnc3N)O)O
Severe acute respiratory syndrome coronavirus 2,8AZP,OH9,A,201,COP(=O)(O)OP(=O)(O)OC[C@@H]1[C@H]([C@H]([C@@H](O1)n2cnc3c2ncnc3N)O)O
Severe acute respiratory syndrome coronavirus 2,8B0S,AU,A,401,[Au+]
Severe acute respiratory syndrome coronavirus 2,8B0T,AU,A,401,[Au+]
Severe acute respiratory syndrome coronavirus 2,8B0T,AU,A,402,[Au+]
Severe acute respiratory syndrome coronavirus 2,8B2T,OW1,A,401,CC1([C@@H]2[C@H]1[C@H](N(C2)C(=O)[C@H](C(C)(C)C)NC(=O)C(F)(F)F)C(=O)N[C@@H](C[C@@H]3CCNC3=O)C=C)C
Severe acute respiratory syndrome coronavirus 2,8BGA,QQL,B,401,CC(C)C[C@@H](C(=O)N[C@H](CC[N+](=O)[O-])C[C@@H]1CCNC1=O)NC(=O)c2cc3c([nH]2)cccc3OC
Severe acute respiratory syndrome coronavirus 2,8BGA,QQL,A,401,CC(C)C[C@@H](C(=O)N[C@H](CC[N+](=O)[O-])C[C@@H]1CCNC1=O)NC(=O)c2cc3c([nH]2)cccc3OC
Severe acute respiratory syndrome coronavirus 2,8BGD,QH0,A,401,CC(C)C[C@@H](C(=O)N[C@H](CC[N+](=O)[O-])C[C@H]1CCNC1=O)NC(=O)OCc2ccccc2
Severe acute respiratory syndrome coronavirus 2,8BSD,TBN,A,7220,c1cn(c2c1c(ncn2)N)[C@H]3[C@@H]([C@@H]([C@H](O3)CO)O)O
Severe acute respiratory syndrome coronavirus 2,8BWU,6NR,A,601,c1c(c2c(ncnc2n1[C@H]3[C@@H]([C@@H]([C@H](O3)CSCC[C@@H](C(=O)O)N)O)O)N)C#N
Severe acute respiratory syndrome coronavirus 2,8C19,T6B,A,202,Cn1ccc2c1nccc2c3ccc(o3)C(=O)N4CCOCC4
Severe acute respiratory syndrome coronavirus 2,8C1A,T6O,A,201,CC1C(C(=O)N1S(=O)(=O)O)NC(=O)C(=NOC(C)(C)C(=O)O)c2csc(n2)N
Severe acute respiratory syndrome coronavirus 2,8C3V,PG0,R,603,COCCOCCO
Severe acute respiratory syndrome coronavirus 2,8C3V,PG0,J,203,COCCOCCO
Severe acute respiratory syndrome coronavirus 2,8C5M,MTA,A,7216,CSC[C@@H]1[C@H]([C@H]([C@@H](O1)n2cnc3c2ncnc3N)O)O
Severe acute respiratory syndrome coronavirus 2,8CMB,DHL,C,101,C(CS)N
Severe acute respiratory syndrome coronavirus 2,8CMF,SIN,B,202,C(CC(=O)O)C(=O)O
Severe acute respiratory syndrome coronavirus 2,8CMF,SIN,E,203,C(CC(=O)O)C(=O)O
Severe acute respiratory syndrome coronavirus 2,8CMH,DHL,C,101,C(CS)N
Severe acute respiratory syndrome coronavirus 2,8CRF,NT9,A,201,CNCc1ccc(cc1)c2cccs2
Severe acute respiratory syndrome coronavirus 2,8CRK,OG3,B,201,C[C@H](c1ccc(cc1)Cl)N
Severe acute respiratory syndrome coronavirus 2,8CRM,OF6,A,201,CNCc1csc(n1)c2cccc(c2)Cl
Severe acute respiratory syndrome coronavirus 2,8CYB,AH2,A,1312,C1[C@H]([C@H]([C@@H]([C@H](O1)CO)O)O)O
Severe acute respiratory syndrome coronavirus 2,8CYU,P5X,A,401,CN(C)c1ccc(cc1)N(Cc2cc(cs2)Cl)C(=O)Cc3cncc4c3cccc4
Severe acute respiratory syndrome coronavirus 2,8CYU,P5X,C,401,CN(C)c1ccc(cc1)N(Cc2cc(cs2)Cl)C(=O)Cc3cncc4c3cccc4
Severe acute respiratory syndrome coronavirus 2,8CYU,P5X,D,401,CN(C)c1ccc(cc1)N(Cc2cc(cs2)Cl)C(=O)Cc3cncc4c3cccc4
Severe acute respiratory syndrome coronavirus 2,8CYU,P5X,B,401,CN(C)c1ccc(cc1)N(Cc2cc(cs2)Cl)C(=O)Cc3cncc4c3cccc4
Severe acute respiratory syndrome coronavirus 2,8CYZ,P6I,C,401,CSc1ccc(cc1)N(Cc2cc(cs2)Cl)C(=O)Cc3cncc4c3cccc4
Severe acute respiratory syndrome coronavirus 2,8CYZ,P6I,D,401,CSc1ccc(cc1)N(Cc2cc(cs2)Cl)C(=O)Cc3cncc4c3cccc4
Severe acute respiratory syndrome coronavirus 2,8CYZ,P6I,A,401,CSc1ccc(cc1)N(Cc2cc(cs2)Cl)C(=O)Cc3cncc4c3cccc4
Severe acute respiratory syndrome coronavirus 2,8CYZ,P6I,B,401,CSc1ccc(cc1)N(Cc2cc(cs2)Cl)C(=O)Cc3cncc4c3cccc4
Severe acute respiratory syndrome coronavirus 2,8CZ4,P6R,A,401,CC(C)(C)c1ccc(cc1)N(Cc2cc(cs2)Cl)C(=O)Cc3cncc4c3cccc4
Severe acute respiratory syndrome coronavirus 2,8CZ4,P6R,B,401,CC(C)(C)c1ccc(cc1)N(Cc2cc(cs2)Cl)C(=O)Cc3cncc4c3cccc4
Severe acute respiratory syndrome coronavirus 2,8CZ4,P6R,D,401,CC(C)(C)c1ccc(cc1)N(Cc2cc(cs2)Cl)C(=O)Cc3cncc4c3cccc4
Severe acute respiratory syndrome coronavirus 2,8CZ4,P6R,C,401,CC(C)(C)c1ccc(cc1)N(Cc2cc(cs2)Cl)C(=O)Cc3cncc4c3cccc4
Severe acute respiratory syndrome coronavirus 2,8CZ7,P7L,B,401,COc1ccc(cc1)N(Cc2cc(cs2)Cl)C(=O)Cc3cncc4c3cccc4
Severe acute respiratory syndrome coronavirus 2,8CZ7,P7L,A,401,COc1ccc(cc1)N(Cc2cc(cs2)Cl)C(=O)Cc3cncc4c3cccc4
Severe acute respiratory syndrome coronavirus 2,8CZ7,P7L,D,401,COc1ccc(cc1)N(Cc2cc(cs2)Cl)C(=O)Cc3cncc4c3cccc4
Severe acute respiratory syndrome coronavirus 2,8CZ7,P7L,C,401,COc1ccc(cc1)N(Cc2cc(cs2)Cl)C(=O)Cc3cncc4c3cccc4
Severe acute respiratory syndrome coronavirus 2,8CZW,P8L,B,402,CC(C)C[C@@H](C(=O)N[C@@H](C[C@@H]1CCNC1=O)[C@H](O)[S+](=O)(O)O)NC(=O)OC[C@H]2C[C@@H]2C3CCCCC3
Severe acute respiratory syndrome coronavirus 2,8CZW,P8L,A,402,CC(C)C[C@@H](C(=O)N[C@@H](C[C@@H]1CCNC1=O)[C@H](O)[S+](=O)(O)O)NC(=O)OC[C@H]2C[C@@H]2C3CCCCC3
Severe acute respiratory syndrome coronavirus 2,8CZW,P8U,B,401,CC(C)C[C@@H](C(=O)N[C@@H](C[C@@H]1CCNC1=O)[C@@H](O)[S+](=O)(O)O)NC(=O)OC[C@H]2C[C@@H]2C3CCCCC3
Severe acute respiratory syndrome coronavirus 2,8CZW,P8U,A,401,CC(C)C[C@@H](C(=O)N[C@@H](C[C@@H]1CCNC1=O)[C@@H](O)[S+](=O)(O)O)NC(=O)OC[C@H]2C[C@@H]2C3CCCCC3
Severe acute respiratory syndrome coronavirus 2,8CZX,P8C,A,402,CC(C)C[C@@H](C(=O)N[C@@H](C[C@@H]1CCNC1=O)[C@H](O)[S+](=O)(O)O)NC(=O)OC[C@H]2C[C@@H]2C3CCC(CC3)(F)F
Severe acute respiratory syndrome coronavirus 2,8CZX,PJR,B,401,CC(C)C[C@@H](C(=O)N[C@@H](C[C@@H]1CCNC1=O)[C@@H](O)[S+](=O)(O)O)NC(=O)OC[C@H]2C[C@@H]2C3CCC(CC3)(F)F
Severe acute respiratory syndrome coronavirus 2,8CZX,P8C,B,402,CC(C)C[C@@H](C(=O)N[C@@H](C[C@@H]1CCNC1=O)[C@H](O)[S+](=O)(O)O)NC(=O)OC[C@H]2C[C@@H]2C3CCC(CC3)(F)F
Severe acute respiratory syndrome coronavirus 2,8CZX,PJR,A,401,CC(C)C[C@@H](C(=O)N[C@@H](C[C@@H]1CCNC1=O)[C@@H](O)[S+](=O)(O)O)NC(=O)OC[C@H]2C[C@@H]2C3CCC(CC3)(F)F
Severe acute respiratory syndrome coronavirus 2,8D4K,K36,A,401,CC(C)C[C@@H](C(=O)N[C@@H](C[C@@H]1CCNC1=O)[C@@H](O)S(=O)(=O)O)NC(=O)OCc2ccccc2
Severe acute respiratory syndrome coronavirus 2,8D4M,K36,A,401,CC(C)C[C@@H](C(=O)N[C@@H](C[C@@H]1CCNC1=O)[C@@H](O)S(=O)(=O)O)NC(=O)OCc2ccccc2
Severe acute respiratory syndrome coronavirus 2,8D4P,QAO,A,401,c1cc(cc(c1)F)CCNC(=O)[C@@H](c2cccnc2)N(c3ccc(cc3)S(F)(F)(F)(F)F)C(=O)C(Cl)Cl
Severe acute respiratory syndrome coronavirus 2,8DCZ,4WI,A,401,[H]/N=C/[C@H](C[C@@H]1CCNC1=O)NC(=O)[C@@H]2[C@@H]3[C@@H](C3(C)C)CN2C(=O)[C@H](C(C)(C)C)NC(=O)C(F)(F)F
Severe acute respiratory syndrome coronavirus 2,8DCZ,4WI,B,401,[H]/N=C/[C@H](C[C@@H]1CCNC1=O)NC(=O)[C@@H]2[C@@H]3[C@@H](C3(C)C)CN2C(=O)[C@H](C(C)(C)C)NC(=O)C(F)(F)F
Severe acute respiratory syndrome coronavirus 2,8DD1,K36,A,401,CC(C)C[C@@H](C(=O)N[C@@H](C[C@@H]1CCNC1=O)[C@@H](O)S(=O)(=O)O)NC(=O)OCc2ccccc2
Severe acute respiratory syndrome coronavirus 2,8DD6,K36,A,502,CC(C)C[C@@H](C(=O)N[C@@H](C[C@@H]1CCNC1=O)[C@@H](O)S(=O)(=O)O)NC(=O)OCc2ccccc2
Severe acute respiratory syndrome coronavirus 2,8DD9,B1S,A,401,CC(C)C[C@@H](C(=O)N[C@@H](C[C@@H]1CCNC1=O)C(O)S(=O)(=O)O)NC(=O)OCc2ccccc2
Severe acute respiratory syndrome coronavirus 2,8DDM,K36,A,401,CC(C)C[C@@H](C(=O)N[C@@H](C[C@@H]1CCNC1=O)[C@@H](O)S(=O)(=O)O)NC(=O)OCc2ccccc2
Severe acute respiratory syndrome coronavirus 2,8DGB,B1S,A,401,CC(C)C[C@@H](C(=O)N[C@@H](C[C@@H]1CCNC1=O)C(O)S(=O)(=O)O)NC(=O)OCc2ccccc2
Severe acute respiratory syndrome coronavirus 2,8DGB,B1S,B,401,CC(C)C[C@@H](C(=O)N[C@@H](C[C@@H]1CCNC1=O)C(O)S(=O)(=O)O)NC(=O)OCc2ccccc2
Severe acute respiratory syndrome coronavirus 2,8DIB,TKX,A,401,c1cc(c(cc1COc2cc(cnc2C=O)Br)[N+](=O)[O-])Cl
Severe acute respiratory syndrome coronavirus 2,8DIB,TKX,B,401,c1cc(c(cc1COc2cc(cnc2C=O)Br)[N+](=O)[O-])Cl
Severe acute respiratory syndrome coronavirus 2,8DIC,TNI,B,401,c1cc(c(cc1COc2cc(cnc2C=O)Br)Br)Cl
Severe acute respiratory syndrome coronavirus 2,8DIC,TNI,A,401,c1cc(c(cc1COc2cc(cnc2C=O)Br)Br)Cl
Severe acute respiratory syndrome coronavirus 2,8DID,U0R,A,401,c1cc(c(cc1Br)COc2cc(cnc2C=O)Br)Cl
Severe acute respiratory syndrome coronavirus 2,8DID,U0R,B,401,c1cc(c(cc1Br)COc2cc(cnc2C=O)Br)Cl
Severe acute respiratory syndrome coronavirus 2,8DIE,U1J,A,401,Cc1ccc(cc1[N+](=O)[O-])COc2cc(cnc2C=O)Br
Severe acute respiratory syndrome coronavirus 2,8DIE,U1J,B,401,Cc1ccc(cc1[N+](=O)[O-])COc2cc(cnc2C=O)Br
Severe acute respiratory syndrome coronavirus 2,8DIF,U1R,A,401,c1ccc2cc(ccc2c1)COc3cc(cnc3C=O)Br
Severe acute respiratory syndrome coronavirus 2,8DIF,U1R,B,401,c1ccc2cc(ccc2c1)COc3cc(cnc3C=O)Br
Severe acute respiratory syndrome coronavirus 2,8DIG,U26,A,401,c1ccc2c(c1)cncc2N3C(=O)CN(C3=O)Cc4ccc(cc4)F
Severe acute respiratory syndrome coronavirus 2,8DIH,U2B,A,401,c1ccc2c(c1)cncc2N3C(=O)[C@]4(CCc5c4cccc5)NC3=O
Severe acute respiratory syndrome coronavirus 2,8DII,U2I,A,401,C[C@H]1CN(Cc2ccccc2O1)C(=O)Nc3cncc4c3cccc4
Severe acute respiratory syndrome coronavirus 2,8DL9,T4V,A,401,CC(=O)N1CCN(CC1)Cc2cccc3c2cccc3
Severe acute respiratory syndrome coronavirus 2,8DLB,SRU,A,401,CC(=O)N1[C@@H](CC(=N1)c2ccccc2)c3ccc(c(c3)OC)OC
Severe acute respiratory syndrome coronavirus 2,8DMD,SVL,A,401,CC(C)C[C@@H]1CN(CCN1Cc2cccc(c2)Cl)C(=O)C
Severe acute respiratory syndrome coronavirus 2,8DOX,T2L,A,401,CC1([C@@H]2[C@H]1[C@H](N(C2)C(=O)[C@H](C(C)(C)C)NC(=O)C(F)(F)F)C(=O)N[C@@H](C[C@@H]3CCNC3=O)[C@@H](c4nc5c(cccc5s4)F)O)C
Severe acute respiratory syndrome coronavirus 2,8DOY,PG0,A,404,COCCOCCO
Severe acute respiratory syndrome coronavirus 2,8DOY,T1X,B,402,CC(C)C[C@@H](C(=O)N[C@@H](C[C@@H]1CCNC1=O)[C@@H](c2nc3c(cccc3s2)F)O)NC(=O)c4cc5c(ccc(c5[nH]4)F)OC
Severe acute respiratory syndrome coronavirus 2,8DOY,T1X,A,405,CC(C)C[C@@H](C(=O)N[C@@H](C[C@@H]1CCNC1=O)[C@@H](c2nc3c(cccc3s2)F)O)NC(=O)c4cc5c(ccc(c5[nH]4)F)OC
Severe acute respiratory syndrome coronavirus 2,8DPR,T43,A,401,CC1([C@@H]2[C@H]1[C@H](N(C2)C(=O)[C@H](C(C)(C)C)NC(=O)C(F)(F)F)C(=S)N[C@@H](C[C@@H]3CCNC3=O)C(=O)c4nc5c(cccc5s4)F)C
Severe acute respiratory syndrome coronavirus 2,8DSU,V2M,B,504,CC(C)C[C@@H](C(=O)N[C@@H](C[C@@H]1CCNC1=O)[C@@H](CO)O)NC(=O)c2cc3c([nH]2)cccc3OC
Severe acute respiratory syndrome coronavirus 2,8DSU,V2M,A,502,CC(C)C[C@@H](C(=O)N[C@@H](C[C@@H]1CCNC1=O)[C@@H](CO)O)NC(=O)c2cc3c([nH]2)cccc3OC
Severe acute respiratory syndrome coronavirus 2,8DT9,V2M,B,502,CC(C)C[C@@H](C(=O)N[C@@H](C[C@@H]1CCNC1=O)[C@@H](CO)O)NC(=O)c2cc3c([nH]2)cccc3OC
Severe acute respiratory syndrome coronavirus 2,8DT9,V2M,A,502,CC(C)C[C@@H](C(=O)N[C@@H](C[C@@H]1CCNC1=O)[C@@H](CO)O)NC(=O)c2cc3c([nH]2)cccc3OC
Severe acute respiratory syndrome coronavirus 2,8DZ0,7YY,B,402,Cn1cc2cc(c(cc2n1)Cl)NC3=NC(=O)N(C(=O)N3Cc4cc(c(cc4F)F)F)Cc5ncn(n5)C
Severe acute respiratory syndrome coronavirus 2,8DZ0,7YY,A,403,Cn1cc2cc(c(cc2n1)Cl)NC3=NC(=O)N(C(=O)N3Cc4cc(c(cc4F)F)F)Cc5ncn(n5)C
Severe acute respiratory syndrome coronavirus 2,8DZ1,7YY,B,402,Cn1cc2cc(c(cc2n1)Cl)NC3=NC(=O)N(C(=O)N3Cc4cc(c(cc4F)F)F)Cc5ncn(n5)C
Severe acute respiratory syndrome coronavirus 2,8DZ1,7YY,A,403,Cn1cc2cc(c(cc2n1)Cl)NC3=NC(=O)N(C(=O)N3Cc4cc(c(cc4F)F)F)Cc5ncn(n5)C
Severe acute respiratory syndrome coronavirus 2,8DZ2,4WI,A,401,[H]/N=C/[C@H](C[C@@H]1CCNC1=O)NC(=O)[C@@H]2[C@@H]3[C@@H](C3(C)C)CN2C(=O)[C@H](C(C)(C)C)NC(=O)C(F)(F)F
Severe acute respiratory syndrome coronavirus 2,8DZ2,4WI,B,401,[H]/N=C/[C@H](C[C@@H]1CCNC1=O)NC(=O)[C@@H]2[C@@H]3[C@@H](C3(C)C)CN2C(=O)[C@H](C(C)(C)C)NC(=O)C(F)(F)F
Severe acute respiratory syndrome coronavirus 2,8DZ6,4WI,B,401,[H]/N=C/[C@H](C[C@@H]1CCNC1=O)NC(=O)[C@@H]2[C@@H]3[C@@H](C3(C)C)CN2C(=O)[C@H](C(C)(C)C)NC(=O)C(F)(F)F
Severe acute respiratory syndrome coronavirus 2,8DZ6,4WI,A,401,[H]/N=C/[C@H](C[C@@H]1CCNC1=O)NC(=O)[C@@H]2[C@@H]3[C@@H](C3(C)C)CN2C(=O)[C@H](C(C)(C)C)NC(=O)C(F)(F)F
Severe acute respiratory syndrome coronavirus 2,8DZ9,4WI,D,401,[H]/N=C/[C@H](C[C@@H]1CCNC1=O)NC(=O)[C@@H]2[C@@H]3[C@@H](C3(C)C)CN2C(=O)[C@H](C(C)(C)C)NC(=O)C(F)(F)F
Severe acute respiratory syndrome coronavirus 2,8DZ9,4WI,A,401,[H]/N=C/[C@H](C[C@@H]1CCNC1=O)NC(=O)[C@@H]2[C@@H]3[C@@H](C3(C)C)CN2C(=O)[C@H](C(C)(C)C)NC(=O)C(F)(F)F
Severe acute respiratory syndrome coronavirus 2,8DZ9,4WI,B,401,[H]/N=C/[C@H](C[C@@H]1CCNC1=O)NC(=O)[C@@H]2[C@@H]3[C@@H](C3(C)C)CN2C(=O)[C@H](C(C)(C)C)NC(=O)C(F)(F)F
Severe acute respiratory syndrome coronavirus 2,8DZ9,4WI,C,401,[H]/N=C/[C@H](C[C@@H]1CCNC1=O)NC(=O)[C@@H]2[C@@H]3[C@@H](C3(C)C)CN2C(=O)[C@H](C(C)(C)C)NC(=O)C(F)(F)F
Severe acute respiratory syndrome coronavirus 2,8DZA,4WI,B,401,[H]/N=C/[C@H](C[C@@H]1CCNC1=O)NC(=O)[C@@H]2[C@@H]3[C@@H](C3(C)C)CN2C(=O)[C@H](C(C)(C)C)NC(=O)C(F)(F)F
Severe acute respiratory syndrome coronavirus 2,8DZA,4WI,A,402,[H]/N=C/[C@H](C[C@@H]1CCNC1=O)NC(=O)[C@@H]2[C@@H]3[C@@H](C3(C)C)CN2C(=O)[C@H](C(C)(C)C)NC(=O)C(F)(F)F
Severe acute respiratory syndrome coronavirus 2,8DZB,U6Y,A,502,CC(C)C[C@@H](C(=O)N[C@@H](C[C@@H]1CCNC1=O)[C@H](C(=O)NC2CC2)O)N3C[C@H](CC3=O)NC(=O)OCc4ccccc4
Severe acute respiratory syndrome coronavirus 2,8DZC,U76,A,401,CC(C)C[C@@H](C(=O)N[C@@H](C[C@@H]1CCNC1=O)[C@H](C(=O)NC2CC2)O)N3C[C@H](CCC3=O)NC(=O)OCc4cc(cc(c4)F)F
Severe acute respiratory syndrome coronavirus 2,8E1Y,4WI,B,402,[H]/N=C/[C@H](C[C@@H]1CCNC1=O)NC(=O)[C@@H]2[C@@H]3[C@@H](C3(C)C)CN2C(=O)[C@H](C(C)(C)C)NC(=O)C(F)(F)F
Severe acute respiratory syndrome coronavirus 2,8E1Y,4WI,A,401,[H]/N=C/[C@H](C[C@@H]1CCNC1=O)NC(=O)[C@@H]2[C@@H]3[C@@H](C3(C)C)CN2C(=O)[C@H](C(C)(C)C)NC(=O)C(F)(F)F
Severe acute respiratory syndrome coronavirus 2,8E25,4WI,B,401,[H]/N=C/[C@H](C[C@@H]1CCNC1=O)NC(=O)[C@@H]2[C@@H]3[C@@H](C3(C)C)CN2C(=O)[C@H](C(C)(C)C)NC(=O)C(F)(F)F
Severe acute respiratory syndrome coronavirus 2,8E25,4WI,A,401,[H]/N=C/[C@H](C[C@@H]1CCNC1=O)NC(=O)[C@@H]2[C@@H]3[C@@H](C3(C)C)CN2C(=O)[C@H](C(C)(C)C)NC(=O)C(F)(F)F
Severe acute respiratory syndrome coronavirus 2,8E26,4WI,A,401,[H]/N=C/[C@H](C[C@@H]1CCNC1=O)NC(=O)[C@@H]2[C@@H]3[C@@H](C3(C)C)CN2C(=O)[C@H](C(C)(C)C)NC(=O)C(F)(F)F
Severe acute respiratory syndrome coronavirus 2,8E26,4WI,B,401,[H]/N=C/[C@H](C[C@@H]1CCNC1=O)NC(=O)[C@@H]2[C@@H]3[C@@H](C3(C)C)CN2C(=O)[C@H](C(C)(C)C)NC(=O)C(F)(F)F
Severe acute respiratory syndrome coronavirus 2,8E4R,K36,B,401,CC(C)C[C@@H](C(=O)N[C@@H](C[C@@H]1CCNC1=O)[C@@H](O)S(=O)(=O)O)NC(=O)OCc2ccccc2
Severe acute respiratory syndrome coronavirus 2,8E4R,K36,A,401,CC(C)C[C@@H](C(=O)N[C@@H](C[C@@H]1CCNC1=O)[C@@H](O)S(=O)(=O)O)NC(=O)OCc2ccccc2
Severe acute respiratory syndrome coronavirus 2,8E4W,V2M,B,401,CC(C)C[C@@H](C(=O)N[C@@H](C[C@@H]1CCNC1=O)[C@@H](CO)O)NC(=O)c2cc3c([nH]2)cccc3OC
Severe acute respiratory syndrome coronavirus 2,8E4W,V2M,A,401,CC(C)C[C@@H](C(=O)N[C@@H](C[C@@H]1CCNC1=O)[C@@H](CO)O)NC(=O)c2cc3c([nH]2)cccc3OC
Severe acute respiratory syndrome coronavirus 2,8E5C,4WI,A,502,[H]/N=C/[C@H](C[C@@H]1CCNC1=O)NC(=O)[C@@H]2[C@@H]3[C@@H](C3(C)C)CN2C(=O)[C@H](C(C)(C)C)NC(=O)C(F)(F)F
Severe acute respiratory syndrome coronavirus 2,8E5X,URR,B,402,CC(C)C[C@@H](C(=O)N[C@@H](C[C@@H]1CCNC1=O)[C@@H](O)S(=O)(=O)O)NC(=O)OCC(C)(C)S(=O)c2ccccc2
Severe acute respiratory syndrome coronavirus 2,8E5X,UO9,A,401,CC(C)C[C@@H](C(=O)N[C@@H](C[C@@H]1CCNC1=O)[C@H](O)S(=O)(=O)O)NC(=O)OCC(C)(C)S(=O)c2ccccc2
Severe acute respiratory syndrome coronavirus 2,8E5X,URR,A,402,CC(C)C[C@@H](C(=O)N[C@@H](C[C@@H]1CCNC1=O)[C@@H](O)S(=O)(=O)O)NC(=O)OCC(C)(C)S(=O)c2ccccc2
Severe acute respiratory syndrome coronavirus 2,8E5X,UO9,B,401,CC(C)C[C@@H](C(=O)N[C@@H](C[C@@H]1CCNC1=O)[C@H](O)S(=O)(=O)O)NC(=O)OCC(C)(C)S(=O)c2ccccc2
Severe acute respiratory syndrome coronavirus 2,8E5Z,WJB,A,401,CC(C)C[C@@H](C(=O)N[C@@H](C[C@@H]1CCNC1=O)[C@H](O)S(=O)(=O)O)NC(=O)OCC(C)(C)S(=O)(=O)c2ccccc2
Severe acute respiratory syndrome coronavirus 2,8E5Z,UQO,A,402,CC(C)C[C@@H](C(=O)N[C@@H](C[C@@H]1CCNC1=O)[C@@H](O)S(=O)(=O)O)NC(=O)OCC(C)(C)S(=O)(=O)c2ccccc2
Severe acute respiratory syndrome coronavirus 2,8E5Z,UQO,B,402,CC(C)C[C@@H](C(=O)N[C@@H](C[C@@H]1CCNC1=O)[C@@H](O)S(=O)(=O)O)NC(=O)OCC(C)(C)S(=O)(=O)c2ccccc2
Severe acute respiratory syndrome coronavirus 2,8E5Z,WJB,B,401,CC(C)C[C@@H](C(=O)N[C@@H](C[C@@H]1CCNC1=O)[C@H](O)S(=O)(=O)O)NC(=O)OCC(C)(C)S(=O)(=O)c2ccccc2
Severe acute respiratory syndrome coronavirus 2,8E61,VM0,B,402,CC(C)C[C@@H](C(=O)N[C@@H](C[C@@H]1CCNC1=O)[C@@H](O)S(=O)(=O)O)NC(=O)OCC(C)(C)Sc2cccc(c2)Cl
Severe acute respiratory syndrome coronavirus 2,8E61,VM0,A,403,CC(C)C[C@@H](C(=O)N[C@@H](C[C@@H]1CCNC1=O)[C@@H](O)S(=O)(=O)O)NC(=O)OCC(C)(C)Sc2cccc(c2)Cl
Severe acute respiratory syndrome coronavirus 2,8E61,VLU,B,401,CC(C)C[C@@H](C(=O)N[C@@H](C[C@@H]1CCNC1=O)[C@H](O)S(=O)(=O)O)NC(=O)OCC(C)(C)Sc2cccc(c2)Cl
Severe acute respiratory syndrome coronavirus 2,8E61,VLU,A,402,CC(C)C[C@@H](C(=O)N[C@@H](C[C@@H]1CCNC1=O)[C@H](O)S(=O)(=O)O)NC(=O)OCC(C)(C)Sc2cccc(c2)Cl
Severe acute respiratory syndrome coronavirus 2,8E63,UUR,B,402,CC(C)C[C@@H](C(=O)N[C@@H](C[C@@H]1CCNC1=O)[C@@H](O)S(=O)(=O)O)NC(=O)OCCSc2ccccc2
Severe acute respiratory syndrome coronavirus 2,8E63,UV2,B,401,CC(C)C[C@@H](C(=O)N[C@@H](C[C@@H]1CCNC1=O)[C@H](O)S(=O)(=O)O)NC(=O)OCCSc2ccccc2
Severe acute respiratory syndrome coronavirus 2,8E63,UV2,A,401,CC(C)C[C@@H](C(=O)N[C@@H](C[C@@H]1CCNC1=O)[C@H](O)S(=O)(=O)O)NC(=O)OCCSc2ccccc2
Severe acute respiratory syndrome coronavirus 2,8E63,UUR,A,402,CC(C)C[C@@H](C(=O)N[C@@H](C[C@@H]1CCNC1=O)[C@@H](O)S(=O)(=O)O)NC(=O)OCCSc2ccccc2
Severe acute respiratory syndrome coronavirus 2,8E64,WEQ,B,401,CC(C)C[C@@H](C(=O)N[C@@H](C[C@@H]1CCNC1=O)[C@H](O)S(=O)(=O)O)NC(=O)OCC(C)(C)Sc2[nH]c3ccccc3n2
Severe acute respiratory syndrome coronavirus 2,8E64,WEL,A,401,CC(C)C[C@@H](C(=O)N[C@@H](C[C@@H]1CCNC1=O)[C@@H](O)S(=O)(=O)O)NC(=O)OCC(C)(C)Sc2[nH]c3ccccc3n2
Severe acute respiratory syndrome coronavirus 2,8E64,WEL,B,402,CC(C)C[C@@H](C(=O)N[C@@H](C[C@@H]1CCNC1=O)[C@@H](O)S(=O)(=O)O)NC(=O)OCC(C)(C)Sc2[nH]c3ccccc3n2
Severe acute respiratory syndrome coronavirus 2,8E65,WF5,A,401,CC(C)C[C@@H](C(=O)N[C@@H](C[C@@H]1CCNC1=O)[C@@H](O)S(=O)(=O)O)NC(=O)OCC(C)(C)Oc2ccc(cc2)Cl
Severe acute respiratory syndrome coronavirus 2,8E68,WGO,B,401,CC(C)C[C@@H](C(=O)N[C@@H](C[C@@H]1CCNC1=O)[C@H](O)S(=O)(=O)O)NC(=O)OCC(C)(C)Oc2ccc(cc2)F
Severe acute respiratory syndrome coronavirus 2,8E68,WGU,A,402,CC(C)C[C@@H](C(=O)N[C@@H](C[C@@H]1CCNC1=O)[C@@H](O)S(=O)(=O)O)NC(=O)OCC(C)(C)Oc2ccc(cc2)F
Severe acute respiratory syndrome coronavirus 2,8E68,WGO,A,401,CC(C)C[C@@H](C(=O)N[C@@H](C[C@@H]1CCNC1=O)[C@H](O)S(=O)(=O)O)NC(=O)OCC(C)(C)Oc2ccc(cc2)F
Severe acute respiratory syndrome coronavirus 2,8E68,WGU,B,402,CC(C)C[C@@H](C(=O)N[C@@H](C[C@@H]1CCNC1=O)[C@@H](O)S(=O)(=O)O)NC(=O)OCC(C)(C)Oc2ccc(cc2)F
Severe acute respiratory syndrome coronavirus 2,8E69,WIO,B,401,CC(C)C[C@@H](C(=O)N[C@@H](C[C@@H]1CCNC1=O)[C@H](O)S(=O)(=O)O)NC(=O)OCC(C)(C)Oc2cccc(c2)F
Severe acute respiratory syndrome coronavirus 2,8E69,WIO,A,401,CC(C)C[C@@H](C(=O)N[C@@H](C[C@@H]1CCNC1=O)[C@H](O)S(=O)(=O)O)NC(=O)OCC(C)(C)Oc2cccc(c2)F
Severe acute respiratory syndrome coronavirus 2,8E6A,WIX,B,401,CC(C)C[C@@H](C(=O)N[C@@H](C[C@@H]1CCNC1=O)[C@@H](O)S(=O)(=O)O)NC(=O)OC[C@@](C)(c2cccc(c2)Cl)O
Severe acute respiratory syndrome coronavirus 2,8E6A,WJ0,B,402,CC(C)C[C@@H](C(=O)N[C@@H](C[C@@H]1CC=NC1=O)[C@H](O)S(=O)(=O)O)NC(=O)OC[C@](C)(c2cccc(c2)Cl)O
Severe acute respiratory syndrome coronavirus 2,8E6A,WIX,A,402,CC(C)C[C@@H](C(=O)N[C@@H](C[C@@H]1CCNC1=O)[C@@H](O)S(=O)(=O)O)NC(=O)OC[C@@](C)(c2cccc(c2)Cl)O
Severe acute respiratory syndrome coronavirus 2,8E6A,WJ0,A,403,CC(C)C[C@@H](C(=O)N[C@@H](C[C@@H]1CC=NC1=O)[C@H](O)S(=O)(=O)O)NC(=O)OC[C@](C)(c2cccc(c2)Cl)O
Severe acute respiratory syndrome coronavirus 2,8EOY,WOH,B,401,CC(C)C[C@@H](C(=O)NN(CCC(=O)N)C(=O)CCl)NC(=O)OCc1ccccc1
Severe acute respiratory syndrome coronavirus 2,8EOY,WOH,A,401,CC(C)C[C@@H](C(=O)NN(CCC(=O)N)C(=O)CCl)NC(=O)OCc1ccccc1
Severe acute respiratory syndrome coronavirus 2,8EQJ,PEE,A,401,CCCCCCCC/C=C\CCCCCCCC(=O)OC[C@H](COP(=O)(O)OCCN)OC(=O)CCCCCCC/C=C\CCCCCCCC
Severe acute respiratory syndrome coronavirus 2,8EQJ,PEE,A,402,CCCCCCCC/C=C\CCCCCCCC(=O)OC[C@H](COP(=O)(O)OCCN)OC(=O)CCCCCCC/C=C\CCCCCCCC
Severe acute respiratory syndrome coronavirus 2,8EQJ,PEE,B,402,CCCCCCCC/C=C\CCCCCCCC(=O)OC[C@H](COP(=O)(O)OCCN)OC(=O)CCCCCCC/C=C\CCCCCCCC
Severe acute respiratory syndrome coronavirus 2,8EQJ,PEE,B,401,CCCCCCCC/C=C\CCCCCCCC(=O)OC[C@H](COP(=O)(O)OCCN)OC(=O)CCCCCCC/C=C\CCCCCCCC
Severe acute respiratory syndrome coronavirus 2,8EQT,PEE,B,401,CCCCCCCC/C=C\CCCCCCCC(=O)OC[C@H](COP(=O)(O)OCCN)OC(=O)CCCCCCC/C=C\CCCCCCCC
Severe acute respiratory syndrome coronavirus 2,8EQT,PEE,B,402,CCCCCCCC/C=C\CCCCCCCC(=O)OC[C@H](COP(=O)(O)OCCN)OC(=O)CCCCCCC/C=C\CCCCCCCC
Severe acute respiratory syndrome coronavirus 2,8EQT,PEE,A,401,CCCCCCCC/C=C\CCCCCCCC(=O)OC[C@H](COP(=O)(O)OCCN)OC(=O)CCCCCCC/C=C\CCCCCCCC
Severe acute respiratory syndrome coronavirus 2,8EQT,PEE,A,402,CCCCCCCC/C=C\CCCCCCCC(=O)OC[C@H](COP(=O)(O)OCCN)OC(=O)CCCCCCC/C=C\CCCCCCCC
Severe acute respiratory syndrome coronavirus 2,8EQU,PEE,A,401,CCCCCCCC/C=C\CCCCCCCC(=O)OC[C@H](COP(=O)(O)OCCN)OC(=O)CCCCCCC/C=C\CCCCCCCC
Severe acute respiratory syndrome coronavirus 2,8EQU,PEE,B,401,CCCCCCCC/C=C\CCCCCCCC(=O)OC[C@H](COP(=O)(O)OCCN)OC(=O)CCCCCCC/C=C\CCCCCCCC
Severe acute respiratory syndrome coronavirus 2,8ERS,WQO,A,201,c1ccc2c(c1)C[C@@H]([C@H]2OC(=O)c3ccc(cc3O)N)C(=O)O
Severe acute respiratory syndrome coronavirus 2,8EUA,WUK,A,401,C[C@H](c1cccc2c1cccc2)NC(=O)c3ccccc3CCC(=O)NNC(=O)CCC(=O)OC
Severe acute respiratory syndrome coronavirus 2,8EYJ,4WI,B,401,[H]/N=C/[C@H](C[C@@H]1CCNC1=O)NC(=O)[C@@H]2[C@@H]3[C@@H](C3(C)C)CN2C(=O)[C@H](C(C)(C)C)NC(=O)C(F)(F)F
Severe acute respiratory syndrome coronavirus 2,8EYJ,4WI,A,401,[H]/N=C/[C@H](C[C@@H]1CCNC1=O)NC(=O)[C@@H]2[C@@H]3[C@@H](C3(C)C)CN2C(=O)[C@H](C(C)(C)C)NC(=O)C(F)(F)F
Severe acute respiratory syndrome coronavirus 2,8EZV,X6O,A,401,CC1([C@@H]2[C@H]1[C@H](N(C2)C(=O)[C@H](C(C)(C)C)NC(=O)C(F)(F)F)C(=O)N[C@@H](C[C@@H]3CCCNC3=O)[C@H](C(=O)N4CCC4)O)C
Severe acute respiratory syndrome coronavirus 2,8EZZ,X70,A,401,CC1([C@@H]2[C@H]1[C@H](N(C2)C(=O)[C@H](C(C)(C)C)NC(=O)C(F)(F)F)C(=O)N[C@@H](C[C@@H]3CCCNC3=O)[C@H](C(=O)N4CC(C4)(F)F)O)C
Severe acute respiratory syndrome coronavirus 2,8F02,X6T,A,401,CC1(CN(C1)C(=O)[C@@H]([C@H](C[C@@H]2CCCNC2=O)NC(=O)[C@@H]3[C@@H]4[C@@H](C4(C)C)CN3C(=O)[C@H](C(C)(C)C)NC(=O)C(F)(F)F)O)C
Severe acute respiratory syndrome coronavirus 2,8F2C,X9Z,A,401,CC1([C@@H]2[C@H]1[C@H](N(C2)C(=O)[C@H](C(C)(C)C)NC(=O)C(F)(F)F)C(=O)N[C@@H](CN3CCCC3=O)[C@H](C(=O)N4CCC4)O)C
Severe acute respiratory syndrome coronavirus 2,8F2D,XA8,A,401,CC1([C@@H]2[C@H]1[C@H](N(C2)C(=O)[C@H](C(C)(C)C)NC(=O)C(F)(F)F)C(=O)N[C@@H](CN3CCCCC3=O)[C@H](C(=O)N4CCC4)O)C
Severe acute respiratory syndrome coronavirus 2,8F44,XFF,A,401,CC(C)C[C@@H](C(=O)N[C@@H](C[C@@H]1CCNC1=O)[C@@H](O)S(=O)(=O)O)NC(=O)OCC(C)(C)Sc2ccccc2
Severe acute respiratory syndrome coronavirus 2,8F44,XFR,B,402,CC(C)C[C@@H](C(=O)N[C@@H](C[C@@H]1CCNC1=O)[C@H](O)S(=O)(=O)O)NC(=O)OCC(C)(C)Sc2ccccc2
Severe acute respiratory syndrome coronavirus 2,8F44,XFF,B,401,CC(C)C[C@@H](C(=O)N[C@@H](C[C@@H]1CCNC1=O)[C@@H](O)S(=O)(=O)O)NC(=O)OCC(C)(C)Sc2ccccc2
Severe acute respiratory syndrome coronavirus 2,8F44,XFR,A,402,CC(C)C[C@@H](C(=O)N[C@@H](C[C@@H]1CCNC1=O)[C@H](O)S(=O)(=O)O)NC(=O)OCC(C)(C)Sc2ccccc2
Severe acute respiratory syndrome coronavirus 2,8F45,XF8,A,401,CC(C)C[C@@H](C(=O)N[C@@H](C[C@@H]1CCNC1=O)[C@](C(=O)NC2CC2)(O)S(=O)(=O)O)NC(=O)OCC(C)(C)Sc3ccccc3
Severe acute respiratory syndrome coronavirus 2,8F45,XF8,B,401,CC(C)C[C@@H](C(=O)N[C@@H](C[C@@H]1CCNC1=O)[C@](C(=O)NC2CC2)(O)S(=O)(=O)O)NC(=O)OCC(C)(C)Sc3ccccc3
Severe acute respiratory syndrome coronavirus 2,8F46,XCK,A,401,[H]/N=C\[C@H](C[C@@H]1CCNC1=O)NC(=O)[C@H](CC(C)C)NC(=O)OCC(C)(C)Sc2ccccc2
Severe acute respiratory syndrome coronavirus 2,8F46,XCK,B,401,[H]/N=C\[C@H](C[C@@H]1CCNC1=O)NC(=O)[C@H](CC(C)C)NC(=O)OCC(C)(C)Sc2ccccc2
Severe acute respiratory syndrome coronavirus 2,8F4S,XDU,A,7102,c1cc(c(cc1Cl)Cl)/C=C/c2cc(nc(n2)O)C(F)(F)F
Severe acute respiratory syndrome coronavirus 2,8F4Y,XDU,A,7102,c1cc(c(cc1Cl)Cl)/C=C/c2cc(nc(n2)O)C(F)(F)F
Severe acute respiratory syndrome coronavirus 2,8F4Y,XE0,B,4405,c1cc(c(cc1Cl)Cl)CCc2cc(nc(n2)O)C(F)(F)F
Severe acute respiratory syndrome coronavirus 2,8F4Y,XE0,B,4404,c1cc(c(cc1Cl)Cl)CCc2cc(nc(n2)O)C(F)(F)F
Severe acute respiratory syndrome coronavirus 2,8F4Y,XE0,A,7103,c1cc(c(cc1Cl)Cl)CCc2cc(nc(n2)O)C(F)(F)F
Severe acute respiratory syndrome coronavirus 2,8FHY,MLI,D,602,C(C(=O)[O-])C(=O)[O-]
Severe acute respiratory syndrome coronavirus 2,8FIG,UED,A,401,CC(C)C[C@@H](C(=O)N[C@@H](C[C@@H]1CCNC1=O)CO)NC(=O)OCc2ccccc2
Severe acute respiratory syndrome coronavirus 2,8FIV,Y0I,A,401,C[C@@H](c1ccccc1)NC(=O)[C@@H](c2cccnc2)N(c3ccc(cc3)c4ccccc4)C(=O)CC=N
Severe acute respiratory syndrome coronavirus 2,8FIW,Y0E,A,401,C[C@@H](c1ccccc1)NC(=O)[C@@H](c2cccnc2)N(c3ccc(cc3)c4ccccc4)C(=O)C=C
Severe acute respiratory syndrome coronavirus 2,8FIW,Y0E,B,401,C[C@@H](c1ccccc1)NC(=O)[C@@H](c2cccnc2)N(c3ccc(cc3)c4ccccc4)C(=O)C=C
Severe acute respiratory syndrome coronavirus 2,8FIW,Y1E,B,402,C[C@@H](c1ccccc1)NC(=O)[C@H](c2cccnc2)N(c3ccc(cc3)c4ccccc4)C(=O)C=C
Severe acute respiratory syndrome coronavirus 2,8FRJ,AW2,A,602,CC(C)[N@](CCCNC(=O)Nc1ccc(cc1)C(C)(C)C)C[C@@H]2[C@H]([C@H]([C@@H](O2)n3cc(c4c3ncnc4N)Br)O)O
Severe acute respiratory syndrome coronavirus 2,8FRK,EOH,A,602,CCO
Severe acute respiratory syndrome coronavirus 2,8FRK,MJ7,A,603,c1cc(cc(c1)c2ccc(cc2)Cl)CNCCCCSC[C@@H]3[C@H]([C@H]([C@@H](O3)n4cnc5c4ncnc5N)O)O
Severe acute respiratory syndrome coronavirus 2,8FTC,Y8O,A,401,[H]/N=C\[C@H](C[C@@H]1CCCNC1=O)NC(=O)[C@@H]2[C@@H]3[C@@H](C3(C)C)CN2C(=O)[C@H](C(C)(C)C)NC(=O)C(F)F
Severe acute respiratory syndrome coronavirus 2,8FTL,5ZF,A,401,C[C@@H](c1ccccc1)NC(=O)[C@@H](c2cccnc2)N(c3ccc(cc3)c4ccccc4)C(=O)CCl
Severe acute respiratory syndrome coronavirus 2,8FTL,5ZF,B,401,C[C@@H](c1ccccc1)NC(=O)[C@@H](c2cccnc2)N(c3ccc(cc3)c4ccccc4)C(=O)CCl
Severe acute respiratory syndrome coronavirus 2,8FY6,YVZ,A,401,CC[C@H](C[C@@H]1CCNC1=O)NC(=O)[C@@H]2[C@@H]3[C@@H](C3(C)C)CN2C(=O)[C@H](C(C)(C)C)NC(=O)C(F)(F)F
Severe acute respiratory syndrome coronavirus 2,8FY7,YFK,A,401,CC(C)C[C@@H](C(=O)N[C@@H](C[C@@H]1CCNC1=O)C=C)NC(=O)c2cc3c([nH]2)cccc3OC
Severe acute respiratory syndrome coronavirus 2,8FY7,YFK,B,401,CC(C)C[C@@H](C(=O)N[C@@H](C[C@@H]1CCNC1=O)C=C)NC(=O)c2cc3c([nH]2)cccc3OC
Severe acute respiratory syndrome coronavirus 2,8G62,YOO,C,403,CN1CCC(CC1)c2cc(cc(c2)OC)C(=O)Nc3ccc(cc3)S(=O)(=O)N4CCCC4
Severe acute respiratory syndrome coronavirus 2,8G62,YOO,C,401,CN1CCC(CC1)c2cc(cc(c2)OC)C(=O)Nc3ccc(cc3)S(=O)(=O)N4CCCC4
Severe acute respiratory syndrome coronavirus 2,8G62,YOO,A,502,CN1CCC(CC1)c2cc(cc(c2)OC)C(=O)Nc3ccc(cc3)S(=O)(=O)N4CCCC4
Severe acute respiratory syndrome coronavirus 2,8G62,YOO,A,510,CN1CCC(CC1)c2cc(cc(c2)OC)C(=O)Nc3ccc(cc3)S(=O)(=O)N4CCCC4
Severe acute respiratory syndrome coronavirus 2,8G62,YOO,B,502,CN1CCC(CC1)c2cc(cc(c2)OC)C(=O)Nc3ccc(cc3)S(=O)(=O)N4CCCC4
Severe acute respiratory syndrome coronavirus 2,8G62,YOO,A,503,CN1CCC(CC1)c2cc(cc(c2)OC)C(=O)Nc3ccc(cc3)S(=O)(=O)N4CCCC4
Severe acute respiratory syndrome coronavirus 2,8GB5,BCN,E,303,C(CO)N(CCO)CC(=O)O
Severe acute respiratory syndrome coronavirus 2,8GB5,BCN,H,301,C(CO)N(CCO)CC(=O)O
Severe acute respiratory syndrome coronavirus 2,8GB5,BCN,C,301,C(CO)N(CCO)CC(=O)O
Severe acute respiratory syndrome coronavirus 2,8GFN,ZGI,A,401,CC1([C@@H]2[C@H]1[C@H](N(C2)C(=O)[C@H](C(C)(C)C)NC(=O)NC(C)(C)C)C(=O)N[C@@H](C[C@@H]3CCNC3=O)C(=O)c4nc5ccccc5s4)C
Severe acute respiratory syndrome coronavirus 2,8GFN,ZGI,B,401,CC1([C@@H]2[C@H]1[C@H](N(C2)C(=O)[C@H](C(C)(C)C)NC(=O)NC(C)(C)C)C(=O)N[C@@H](C[C@@H]3CCNC3=O)C(=O)c4nc5ccccc5s4)C
Severe acute respiratory syndrome coronavirus 2,8GFO,ZH0,A,401,CC(C)C[C@@H](C(=O)N[C@@H](C[C@@H]1CCNC1=O)C=O)NC(=O)OCc2ccccc2
Severe acute respiratory syndrome coronavirus 2,8GFR,ZGO,A,401,CC1([C@@H]2[C@H]1[C@H](N(C2)C(=O)[C@H](C(C)(C)C)NC(=O)NC3(CCCCC3)CS(=O)(=O)C(C)(C)C)C(=O)N[C@@H](C[C@@H]4CCNC4=O)C#N)C
Severe acute respiratory syndrome coronavirus 2,8GFU,ZGW,A,401,CC1([C@@H]2[C@H]1[C@H](N(C2)C(=O)[C@H](C(C)(C)C)NC(=O)C(F)(F)F)C(=O)N[C@@H](C[C@@H]3CCNC3=O)C#N)C
Severe acute respiratory syndrome coronavirus 2,8GIA,ZJ3,A,201,c1cc2c(cc1O[C@@H]3[C@@H]([C@@H]([C@H](O3)COP(=O)(O)OP(=O)(O)OC[C@@H]4[C@H]([C@H]([C@@H](O4)n5cnc6c5ncnc6N)O)O)O)O)OC(=O)C=C2C(F)(F)F
Severe acute respiratory syndrome coronavirus 2,8GIA,ZJ3,C,201,c1cc2c(cc1O[C@@H]3[C@@H]([C@@H]([C@H](O3)COP(=O)(O)OP(=O)(O)OC[C@@H]4[C@H]([C@H]([C@@H](O4)n5cnc6c5ncnc6N)O)O)O)O)OC(=O)C=C2C(F)(F)F
Severe acute respiratory syndrome coronavirus 2,8GQT,QUE,D,401,c1cc(c(cc1C2=C(C(=O)c3c(cc(cc3O2)O)O)O)O)O
Severe acute respiratory syndrome coronavirus 2,8GTV,KAE,B,401,c1ccc2c(c1)C(=CC(=O)N2)C(=O)N3CCN(C[C@@H]3CN4CCOCC4)c5ccc(c(c5)Cl)Cl
Severe acute respiratory syndrome coronavirus 2,8GTV,KAE,A,401,c1ccc2c(c1)C(=CC(=O)N2)C(=O)N3CCN(C[C@@H]3CN4CCOCC4)c5ccc(c(c5)Cl)Cl
Severe acute respiratory syndrome coronavirus 2,8GTW,K9U,B,401,c1ccc2c(c1)C(=CC(=O)N2)C(=O)N3CCN(C[C@H]3C(=O)NCCC(F)(F)F)c4ccc(c(c4)Cl)Cl
Severe acute respiratory syndrome coronavirus 2,8GTW,K9U,A,401,c1ccc2c(c1)C(=CC(=O)N2)C(=O)N3CCN(C[C@H]3C(=O)NCCC(F)(F)F)c4ccc(c(c4)Cl)Cl
Severe acute respiratory syndrome coronavirus 2,8GVD,0A9,B,4,COC(=O)[C@H](Cc1ccccc1)N
Severe acute respiratory syndrome coronavirus 2,8GVY,0A9,B,4,COC(=O)[C@H](Cc1ccccc1)N
Severe acute respiratory syndrome coronavirus 2,8GW1,U5P,G,201,C1=CN(C(=O)NC1=O)[C@H]2[C@@H]([C@@H]([C@H](O2)COP(=O)(O)O)O)O
Severe acute respiratory syndrome coronavirus 2,8GWE,GNP,A,1003,c1nc2c(n1[C@H]3[C@@H]([C@@H]([C@H](O3)CO[P@](=O)(O)O[P@@](=O)(NP(=O)(O)O)O)O)O)N=C(NC2=O)N
Severe acute respiratory syndrome coronavirus 2,8GWF,GTP,A,1003,c1nc2c(n1[C@H]3[C@@H]([C@@H]([C@H](O3)CO[P@](=O)(O)O[P@](=O)(O)OP(=O)(O)O)O)O)N=C(NC2=O)N
Severe acute respiratory syndrome coronavirus 2,8GWG,GTP,A,1003,c1nc2c(n1[C@H]3[C@@H]([C@@H]([C@H](O3)CO[P@](=O)(O)O[P@](=O)(O)OP(=O)(O)O)O)O)N=C(NC2=O)N
Severe acute respiratory syndrome coronavirus 2,8GWI,GTP,A,1003,c1nc2c(n1[C@H]3[C@@H]([C@@H]([C@H](O3)CO[P@](=O)(O)O[P@](=O)(O)OP(=O)(O)O)O)O)N=C(NC2=O)N
Severe acute respiratory syndrome coronavirus 2,8GWK,GNP,A,1003,c1nc2c(n1[C@H]3[C@@H]([C@@H]([C@H](O3)CO[P@](=O)(O)O[P@@](=O)(NP(=O)(O)O)O)O)O)N=C(NC2=O)N
Severe acute respiratory syndrome coronavirus 2,8GWK,F86,G,201,c1cc(n2c1c(ncn2)N)[C@]3([C@@H]([C@@H]([C@H](O3)COP(=O)(O)O)O)O)C#N
Severe acute respiratory syndrome coronavirus 2,8GWM,6GS,G,201,C[C@]1([C@@H]([C@H](O[C@H]1N2C=CC(=O)NC2=O)COP(=O)(O)OP(=O)(O)O)O)F
Severe acute respiratory syndrome coronavirus 2,8GWM,GNP,A,1003,c1nc2c(n1[C@H]3[C@@H]([C@@H]([C@H](O3)CO[P@](=O)(O)O[P@@](=O)(NP(=O)(O)O)O)O)O)N=C(NC2=O)N
Severe acute respiratory syndrome coronavirus 2,8GWN,GNP,A,1003,c1nc2c(n1[C@H]3[C@@H]([C@@H]([C@H](O3)CO[P@](=O)(O)O[P@@](=O)(NP(=O)(O)O)O)O)O)N=C(NC2=O)N
Severe acute respiratory syndrome coronavirus 2,8GWO,GNP,A,1003,c1nc2c(n1[C@H]3[C@@H]([C@@H]([C@H](O3)CO[P@](=O)(O)O[P@@](=O)(NP(=O)(O)O)O)O)O)N=C(NC2=O)N
Severe acute respiratory syndrome coronavirus 2,8GWO,U5P,G,201,C1=CN(C(=O)NC1=O)[C@H]2[C@@H]([C@@H]([C@H](O2)COP(=O)(O)O)O)O
Severe acute respiratory syndrome coronavirus 2,8GXG,06Q,A,401,c1ccc(cc1)CNC(=O)[C@H]([C@H](C[C@@H]2CCCNC2=O)NC(=O)[C@H](Cc3ccc(cc3)F)NC(=O)c4cc5ccccc5o4)O
Severe acute respiratory syndrome coronavirus 2,8GXH,0AX,A,401,c1ccc(cc1)CNC(=O)[C@@H]([C@H](C[C@@H]2CCCNC2=O)NC(=O)[C@H](CC3CCCCC3)NC(=O)c4cc5ccccc5o4)O
Severe acute respiratory syndrome coronavirus 2,8GXI,0BO,A,401,c1ccc2c(c1)cc(o2)C(=O)N[C@@H](CC3CCCCC3)C(=O)N[C@@H](C[C@@H]4CCCNC4=O)[C@H](C(=O)NC5CC5)O
Severe acute respiratory syndrome coronavirus 2,8GY6,GO3,A,1002,Cc1cc2c(c(c(c(c2C(C)C)O)O)C=O)c(c1c3c(cc4c(c3O)c(c(c(c4C(C)C)O)O)C=O)C)O
Severe acute respiratory syndrome coronavirus 2,8GY6,GO3,A,1001,Cc1cc2c(c(c(c(c2C(C)C)O)O)C=O)c(c1c3c(cc4c(c3O)c(c(c(c4C(C)C)O)O)C=O)C)O
Severe acute respiratory syndrome coronavirus 2,8GZB,KM6,A,402,c1cc(ccc1c2nnco2)Cl
Severe acute respiratory syndrome coronavirus 2,8H3E,Q83,A,1301,c1cc2c(cc1N(=O)=O)N(CC2)C(=O)CCCCCC(=O)O
Severe acute respiratory syndrome coronavirus 2,8H3E,Q83,B,1301,c1cc2c(cc1N(=O)=O)N(CC2)C(=O)CCCCCC(=O)O
Severe acute respiratory syndrome coronavirus 2,8H3E,Q83,C,1301,c1cc2c(cc1N(=O)=O)N(CC2)C(=O)CCCCCC(=O)O
Severe acute respiratory syndrome coronavirus 2,8H3G,7YY,A,401,Cn1cc2cc(c(cc2n1)Cl)NC3=NC(=O)N(C(=O)N3Cc4cc(c(cc4F)F)F)Cc5ncn(n5)C
Severe acute respiratory syndrome coronavirus 2,8H3G,7YY,B,402,Cn1cc2cc(c(cc2n1)Cl)NC3=NC(=O)N(C(=O)N3Cc4cc(c(cc4F)F)F)Cc5ncn(n5)C
Severe acute respiratory syndrome coronavirus 2,8H3K,7YY,B,401,Cn1cc2cc(c(cc2n1)Cl)NC3=NC(=O)N(C(=O)N3Cc4cc(c(cc4F)F)F)Cc5ncn(n5)C
Severe acute respiratory syndrome coronavirus 2,8H3K,VIB,A,402,Cc1c(sc[n+]1Cc2cnc(nc2N)C)CCO
Severe acute respiratory syndrome coronavirus 2,8H3K,7YY,A,401,Cn1cc2cc(c(cc2n1)Cl)NC3=NC(=O)N(C(=O)N3Cc4cc(c(cc4F)F)F)Cc5ncn(n5)C
Severe acute respiratory syndrome coronavirus 2,8H3L,7YY,D,401,Cn1cc2cc(c(cc2n1)Cl)NC3=NC(=O)N(C(=O)N3Cc4cc(c(cc4F)F)F)Cc5ncn(n5)C
Severe acute respiratory syndrome coronavirus 2,8H3L,7YY,A,401,Cn1cc2cc(c(cc2n1)Cl)NC3=NC(=O)N(C(=O)N3Cc4cc(c(cc4F)F)F)Cc5ncn(n5)C
Severe acute respiratory syndrome coronavirus 2,8H3L,7YY,C,401,Cn1cc2cc(c(cc2n1)Cl)NC3=NC(=O)N(C(=O)N3Cc4cc(c(cc4F)F)F)Cc5ncn(n5)C
Severe acute respiratory syndrome coronavirus 2,8H3L,7YY,B,401,Cn1cc2cc(c(cc2n1)Cl)NC3=NC(=O)N(C(=O)N3Cc4cc(c(cc4F)F)F)Cc5ncn(n5)C
Severe acute respiratory syndrome coronavirus 2,8H4Y,4WI,A,401,[H]/N=C/[C@H](C[C@@H]1CCNC1=O)NC(=O)[C@@H]2[C@@H]3[C@@H](C3(C)C)CN2C(=O)[C@H](C(C)(C)C)NC(=O)C(F)(F)F
Severe acute respiratory syndrome coronavirus 2,8H51,4WI,A,401,[H]/N=C/[C@H](C[C@@H]1CCNC1=O)NC(=O)[C@@H]2[C@@H]3[C@@H](C3(C)C)CN2C(=O)[C@H](C(C)(C)C)NC(=O)C(F)(F)F
Severe acute respiratory syndrome coronavirus 2,8H57,4WI,A,401,[H]/N=C/[C@H](C[C@@H]1CCNC1=O)NC(=O)[C@@H]2[C@@H]3[C@@H](C3(C)C)CN2C(=O)[C@H](C(C)(C)C)NC(=O)C(F)(F)F
Severe acute respiratory syndrome coronavirus 2,8H5F,4WI,A,401,[H]/N=C/[C@H](C[C@@H]1CCNC1=O)NC(=O)[C@@H]2[C@@H]3[C@@H](C3(C)C)CN2C(=O)[C@H](C(C)(C)C)NC(=O)C(F)(F)F
Severe acute respiratory syndrome coronavirus 2,8H5P,4WI,A,401,[H]/N=C/[C@H](C[C@@H]1CCNC1=O)NC(=O)[C@@H]2[C@@H]3[C@@H](C3(C)C)CN2C(=O)[C@H](C(C)(C)C)NC(=O)C(F)(F)F
Severe acute respiratory syndrome coronavirus 2,8H6I,ODN,A,401,C[C@@H]1[C@@H]2CC[C@H]3[C@@]45CO[C@@]([C@]3([C@@H]2O)C1=O)([C@H]([C@@H]4C(CC[C@@H]5O)(C)C)O)O
Severe acute respiratory syndrome coronavirus 2,8H6N,4WI,A,401,[H]/N=C/[C@H](C[C@@H]1CCNC1=O)NC(=O)[C@@H]2[C@@H]3[C@@H](C3(C)C)CN2C(=O)[C@H](C(C)(C)C)NC(=O)C(F)(F)F
Severe acute respiratory syndrome coronavirus 2,8H6N,LQZ,A,402,CCN(CC)CC(=O)Nc1c(cccc1C)C
Severe acute respiratory syndrome coronavirus 2,8H7W,4WI,A,401,[H]/N=C/[C@H](C[C@@H]1CCNC1=O)NC(=O)[C@@H]2[C@@H]3[C@@H](C3(C)C)CN2C(=O)[C@H](C(C)(C)C)NC(=O)C(F)(F)F
Severe acute respiratory syndrome coronavirus 2,8H82,4WI,A,401,[H]/N=C/[C@H](C[C@@H]1CCNC1=O)NC(=O)[C@@H]2[C@@H]3[C@@H](C3(C)C)CN2C(=O)[C@H](C(C)(C)C)NC(=O)C(F)(F)F
Severe acute respiratory syndrome coronavirus 2,8HBK,7YY,A,401,Cn1cc2cc(c(cc2n1)Cl)NC3=NC(=O)N(C(=O)N3Cc4cc(c(cc4F)F)F)Cc5ncn(n5)C
Severe acute respiratory syndrome coronavirus 2,8HBL,LI,A,1602,[Li+]
Severe acute respiratory syndrome coronavirus 2,8HEF,7YY,B,401,Cn1cc2cc(c(cc2n1)Cl)NC3=NC(=O)N(C(=O)N3Cc4cc(c(cc4F)F)F)Cc5ncn(n5)C
Severe acute respiratory syndrome coronavirus 2,8HEF,7YY,A,401,Cn1cc2cc(c(cc2n1)Cl)NC3=NC(=O)N(C(=O)N3Cc4cc(c(cc4F)F)F)Cc5ncn(n5)C
Severe acute respiratory syndrome coronavirus 2,8HHT,LV0,A,401,c1ccc(cc1)C[C@H]([C@@H](C(=O)NCc2nccs2)O)NC(=O)c3ccccc3
Severe acute respiratory syndrome coronavirus 2,8HHU,LVX,A,401,COC[C@H](C(=O)N[C@H](Cc1ccccc1)[C@@H](C(=O)NCc2nccs2)O)NC(=O)[C@@H]3CCCC(C3)(F)F
Severe acute respiratory syndrome coronavirus 2,8HI9,LKR,B,401,c1cc2c(cc1O)OC(=C(C2=O)O)c3cc(c(c(c3)O)O)O
Severe acute respiratory syndrome coronavirus 2,8HI9,LKR,A,401,c1cc2c(cc1O)OC(=C(C2=O)O)c3cc(c(c(c3)O)O)O
Severe acute respiratory syndrome coronavirus 2,8HLC,EIC,C,1315,CCCCC\C=C/C\C=C/CCCCCCCC(=O)O
Severe acute respiratory syndrome coronavirus 2,8HLC,EIC,A,1311,CCCCC\C=C/C\C=C/CCCCCCCC(=O)O
Severe acute respiratory syndrome coronavirus 2,8HLC,EIC,B,1315,CCCCC\C=C/C\C=C/CCCCCCCC(=O)O
Severe acute respiratory syndrome coronavirus 2,8HOM,7YY,A,401,Cn1cc2cc(c(cc2n1)Cl)NC3=NC(=O)N(C(=O)N3Cc4cc(c(cc4F)F)F)Cc5ncn(n5)C
Severe acute respiratory syndrome coronavirus 2,8HOZ,4WI,A,401,[H]/N=C/[C@H](C[C@@H]1CCNC1=O)NC(=O)[C@@H]2[C@@H]3[C@@H](C3(C)C)CN2C(=O)[C@H](C(C)(C)C)NC(=O)C(F)(F)F
Severe acute respiratory syndrome coronavirus 2,8HQF,HUR,A,401,CC(C)C[C@@H](C(=O)N[C@@H](C[C@@H]1CCNC1=O)C(=O)c2nc3ccccc3s2)NC(=O)c4cc5c([nH]4)cccc5OC
Severe acute respiratory syndrome coronavirus 2,8HQF,HUR,B,401,CC(C)C[C@@H](C(=O)N[C@@H](C[C@@H]1CCNC1=O)C(=O)c2nc3ccccc3s2)NC(=O)c4cc5c([nH]4)cccc5OC
Severe acute respiratory syndrome coronavirus 2,8HQG,HUR,B,401,CC(C)C[C@@H](C(=O)N[C@@H](C[C@@H]1CCNC1=O)C(=O)c2nc3ccccc3s2)NC(=O)c4cc5c([nH]4)cccc5OC
Severe acute respiratory syndrome coronavirus 2,8HQG,HUR,A,401,CC(C)C[C@@H](C(=O)N[C@@H](C[C@@H]1CCNC1=O)C(=O)c2nc3ccccc3s2)NC(=O)c4cc5c([nH]4)cccc5OC
Severe acute respiratory syndrome coronavirus 2,8HQH,HUR,B,401,CC(C)C[C@@H](C(=O)N[C@@H](C[C@@H]1CCNC1=O)C(=O)c2nc3ccccc3s2)NC(=O)c4cc5c([nH]4)cccc5OC
Severe acute respiratory syndrome coronavirus 2,8HQH,HUR,A,401,CC(C)C[C@@H](C(=O)N[C@@H](C[C@@H]1CCNC1=O)C(=O)c2nc3ccccc3s2)NC(=O)c4cc5c([nH]4)cccc5OC
Severe acute respiratory syndrome coronavirus 2,8HQI,HUR,A,401,CC(C)C[C@@H](C(=O)N[C@@H](C[C@@H]1CCNC1=O)C(=O)c2nc3ccccc3s2)NC(=O)c4cc5c([nH]4)cccc5OC
Severe acute respiratory syndrome coronavirus 2,8HQI,HUR,B,401,CC(C)C[C@@H](C(=O)N[C@@H](C[C@@H]1CCNC1=O)C(=O)c2nc3ccccc3s2)NC(=O)c4cc5c([nH]4)cccc5OC
Severe acute respiratory syndrome coronavirus 2,8HQJ,HUR,B,401,CC(C)C[C@@H](C(=O)N[C@@H](C[C@@H]1CCNC1=O)C(=O)c2nc3ccccc3s2)NC(=O)c4cc5c([nH]4)cccc5OC
Severe acute respiratory syndrome coronavirus 2,8HQJ,HUR,A,401,CC(C)C[C@@H](C(=O)N[C@@H](C[C@@H]1CCNC1=O)C(=O)c2nc3ccccc3s2)NC(=O)c4cc5c([nH]4)cccc5OC
Severe acute respiratory syndrome coronavirus 2,8HTV,UZF,A,401,c1ccc2c(c1)CCc3ccccc3N2C(=O)CS
Severe acute respiratory syndrome coronavirus 2,8HUR,7YY,A,401,Cn1cc2cc(c(cc2n1)Cl)NC3=NC(=O)N(C(=O)N3Cc4cc(c(cc4F)F)F)Cc5ncn(n5)C
Severe acute respiratory syndrome coronavirus 2,8HUR,7YY,B,401,Cn1cc2cc(c(cc2n1)Cl)NC3=NC(=O)N(C(=O)N3Cc4cc(c(cc4F)F)F)Cc5ncn(n5)C
Severe acute respiratory syndrome coronavirus 2,8HUV,7YY,A,401,Cn1cc2cc(c(cc2n1)Cl)NC3=NC(=O)N(C(=O)N3Cc4cc(c(cc4F)F)F)Cc5ncn(n5)C
Severe acute respiratory syndrome coronavirus 2,8HUV,7YY,B,401,Cn1cc2cc(c(cc2n1)Cl)NC3=NC(=O)N(C(=O)N3Cc4cc(c(cc4F)F)F)Cc5ncn(n5)C
Severe acute respiratory syndrome coronavirus 2,8HUW,7YY,A,401,Cn1cc2cc(c(cc2n1)Cl)NC3=NC(=O)N(C(=O)N3Cc4cc(c(cc4F)F)F)Cc5ncn(n5)C
Severe acute respiratory syndrome coronavirus 2,8HUW,7YY,B,401,Cn1cc2cc(c(cc2n1)Cl)NC3=NC(=O)N(C(=O)N3Cc4cc(c(cc4F)F)F)Cc5ncn(n5)C
Severe acute respiratory syndrome coronavirus 2,8HUX,7YY,A,401,Cn1cc2cc(c(cc2n1)Cl)NC3=NC(=O)N(C(=O)N3Cc4cc(c(cc4F)F)F)Cc5ncn(n5)C
Severe acute respiratory syndrome coronavirus 2,8HUX,7YY,B,401,Cn1cc2cc(c(cc2n1)Cl)NC3=NC(=O)N(C(=O)N3Cc4cc(c(cc4F)F)F)Cc5ncn(n5)C
Severe acute respiratory syndrome coronavirus 2,8HVK,4WI,B,401,[H]/N=C/[C@H](C[C@@H]1CCNC1=O)NC(=O)[C@@H]2[C@@H]3[C@@H](C3(C)C)CN2C(=O)[C@H](C(C)(C)C)NC(=O)C(F)(F)F
Severe acute respiratory syndrome coronavirus 2,8HVK,4WI,A,401,[H]/N=C/[C@H](C[C@@H]1CCNC1=O)NC(=O)[C@@H]2[C@@H]3[C@@H](C3(C)C)CN2C(=O)[C@H](C(C)(C)C)NC(=O)C(F)(F)F
Severe acute respiratory syndrome coronavirus 2,8HVL,4WI,B,401,[H]/N=C/[C@H](C[C@@H]1CCNC1=O)NC(=O)[C@@H]2[C@@H]3[C@@H](C3(C)C)CN2C(=O)[C@H](C(C)(C)C)NC(=O)C(F)(F)F
Severe acute respiratory syndrome coronavirus 2,8HVL,4WI,A,401,[H]/N=C/[C@H](C[C@@H]1CCNC1=O)NC(=O)[C@@H]2[C@@H]3[C@@H](C3(C)C)CN2C(=O)[C@H](C(C)(C)C)NC(=O)C(F)(F)F
Severe acute respiratory syndrome coronavirus 2,8HVM,4WI,A,401,[H]/N=C/[C@H](C[C@@H]1CCNC1=O)NC(=O)[C@@H]2[C@@H]3[C@@H](C3(C)C)CN2C(=O)[C@H](C(C)(C)C)NC(=O)C(F)(F)F
Severe acute respiratory syndrome coronavirus 2,8HVM,4WI,B,401,[H]/N=C/[C@H](C[C@@H]1CCNC1=O)NC(=O)[C@@H]2[C@@H]3[C@@H](C3(C)C)CN2C(=O)[C@H](C(C)(C)C)NC(=O)C(F)(F)F
Severe acute respiratory syndrome coronavirus 2,8HVN,4WI,B,401,[H]/N=C/[C@H](C[C@@H]1CCNC1=O)NC(=O)[C@@H]2[C@@H]3[C@@H](C3(C)C)CN2C(=O)[C@H](C(C)(C)C)NC(=O)C(F)(F)F
Severe acute respiratory syndrome coronavirus 2,8HVN,4WI,A,401,[H]/N=C/[C@H](C[C@@H]1CCNC1=O)NC(=O)[C@@H]2[C@@H]3[C@@H](C3(C)C)CN2C(=O)[C@H](C(C)(C)C)NC(=O)C(F)(F)F
Severe acute respiratory syndrome coronavirus 2,8HVO,4WI,B,401,[H]/N=C/[C@H](C[C@@H]1CCNC1=O)NC(=O)[C@@H]2[C@@H]3[C@@H](C3(C)C)CN2C(=O)[C@H](C(C)(C)C)NC(=O)C(F)(F)F
Severe acute respiratory syndrome coronavirus 2,8HVO,4WI,A,401,[H]/N=C/[C@H](C[C@@H]1CCNC1=O)NC(=O)[C@@H]2[C@@H]3[C@@H](C3(C)C)CN2C(=O)[C@H](C(C)(C)C)NC(=O)C(F)(F)F
Severe acute respiratory syndrome coronavirus 2,8HVU,80I,A,401,CC(C)C[C@@H](C(=O)N[C@@H](C[C@@H]1CCNC1=O)C(=O)COP(=O)(O)O)NC(=O)c2cc3c([nH]2)cccc3OC
Severe acute respiratory syndrome coronavirus 2,8HVU,80I,B,401,CC(C)C[C@@H](C(=O)N[C@@H](C[C@@H]1CCNC1=O)C(=O)COP(=O)(O)O)NC(=O)c2cc3c([nH]2)cccc3OC
Severe acute respiratory syndrome coronavirus 2,8HVV,80I,A,401,CC(C)C[C@@H](C(=O)N[C@@H](C[C@@H]1CCNC1=O)C(=O)COP(=O)(O)O)NC(=O)c2cc3c([nH]2)cccc3OC
Severe acute respiratory syndrome coronavirus 2,8HVV,80I,B,401,CC(C)C[C@@H](C(=O)N[C@@H](C[C@@H]1CCNC1=O)C(=O)COP(=O)(O)O)NC(=O)c2cc3c([nH]2)cccc3OC
Severe acute respiratory syndrome coronavirus 2,8HVW,80I,B,401,CC(C)C[C@@H](C(=O)N[C@@H](C[C@@H]1CCNC1=O)C(=O)COP(=O)(O)O)NC(=O)c2cc3c([nH]2)cccc3OC
Severe acute respiratory syndrome coronavirus 2,8HVW,80I,A,401,CC(C)C[C@@H](C(=O)N[C@@H](C[C@@H]1CCNC1=O)C(=O)COP(=O)(O)O)NC(=O)c2cc3c([nH]2)cccc3OC
Severe acute respiratory syndrome coronavirus 2,8HVX,80I,A,401,CC(C)C[C@@H](C(=O)N[C@@H](C[C@@H]1CCNC1=O)C(=O)COP(=O)(O)O)NC(=O)c2cc3c([nH]2)cccc3OC
Severe acute respiratory syndrome coronavirus 2,8HVX,80I,B,401,CC(C)C[C@@H](C(=O)N[C@@H](C[C@@H]1CCNC1=O)C(=O)COP(=O)(O)O)NC(=O)c2cc3c([nH]2)cccc3OC
Severe acute respiratory syndrome coronavirus 2,8HVY,80I,B,401,CC(C)C[C@@H](C(=O)N[C@@H](C[C@@H]1CCNC1=O)C(=O)COP(=O)(O)O)NC(=O)c2cc3c([nH]2)cccc3OC
Severe acute respiratory syndrome coronavirus 2,8HVY,80I,A,401,CC(C)C[C@@H](C(=O)N[C@@H](C[C@@H]1CCNC1=O)C(=O)COP(=O)(O)O)NC(=O)c2cc3c([nH]2)cccc3OC
Severe acute respiratory syndrome coronavirus 2,8HVZ,80I,A,401,CC(C)C[C@@H](C(=O)N[C@@H](C[C@@H]1CCNC1=O)C(=O)COP(=O)(O)O)NC(=O)c2cc3c([nH]2)cccc3OC
Severe acute respiratory syndrome coronavirus 2,8HVZ,80I,B,401,CC(C)C[C@@H](C(=O)N[C@@H](C[C@@H]1CCNC1=O)C(=O)COP(=O)(O)O)NC(=O)c2cc3c([nH]2)cccc3OC
Severe acute respiratory syndrome coronavirus 2,8HZR,4WI,A,301,[H]/N=C/[C@H](C[C@@H]1CCNC1=O)NC(=O)[C@@H]2[C@@H]3[C@@H](C3(C)C)CN2C(=O)[C@H](C(C)(C)C)NC(=O)C(F)(F)F
Severe acute respiratory syndrome coronavirus 2,8HZR,4WI,B,301,[H]/N=C/[C@H](C[C@@H]1CCNC1=O)NC(=O)[C@@H]2[C@@H]3[C@@H](C3(C)C)CN2C(=O)[C@H](C(C)(C)C)NC(=O)C(F)(F)F
Severe acute respiratory syndrome coronavirus 2,8I30,OF9,A,401,c1ccc(cc1)C[C@H]([C@@H](C(=O)NCc2ccccn2)O)NC(=O)[C@H]3CC(CN3C(=O)C4CCC(CC4)(F)F)(F)F
Severe acute respiratory syndrome coronavirus 2,8I4S,OU3,A,401,Cc1cc(ccc1F)N2C(=Nc3cc(c(c(c3C2=O)O)O)O)CC(C)C
Severe acute respiratory syndrome coronavirus 2,8IFP,OZ6,A,401,CC1([C@@H]2[C@H]1[C@H](N(C2)C(=O)[C@H](C(C)(C)C)NC(=O)NC(C)(C)C)C(=O)N[C@@H](C[C@@H]3CCNC3=O)C=O)C
Severe acute respiratory syndrome coronavirus 2,8IFQ,I1Z,A,401,[H]/N=C\[C@H](C[C@@H]1CCNC1=O)NC(=O)[C@@H]2[C@@H]3[C@@H](C3(C)C)CN2C(=O)[C@H](C(C)(C)C)NC(=O)NC(C)(C)C
Severe acute respiratory syndrome coronavirus 2,8IFR,P0O,A,401,CC(=O)C=C[C@H](C[C@@H]1CCNC1=O)NC(=O)[C@@H]2[C@@H]3[C@@H](C3(C)C)CN2C(=O)[C@H](C(C)(C)C)NC(=O)NC(C)(C)C
Severe acute respiratory syndrome coronavirus 2,8IFS,OZL,B,401,CC(C)(C)[C@@H](C(=O)N1CC2(C[C@H]1C(=O)N[C@@H](C[C@@H]3CCNC3=O)C#N)SCCS2)NC(=O)NC(C)(C)C
Severe acute respiratory syndrome coronavirus 2,8IFS,OZL,A,401,CC(C)(C)[C@@H](C(=O)N1CC2(C[C@H]1C(=O)N[C@@H](C[C@@H]3CCNC3=O)C#N)SCCS2)NC(=O)NC(C)(C)C
Severe acute respiratory syndrome coronavirus 2,8IFT,OZB,A,401,CC(C)(C)[C@@H](C(=O)N1CC2(C[C@H]1C(=O)N[C@@H](C[C@@H]3CCNC3=O)C#N)SCCS2)NC(=O)C4(CC4)F
Severe acute respiratory syndrome coronavirus 2,8IG4,UED,A,401,CC(C)C[C@@H](C(=O)N[C@@H](C[C@@H]1CCNC1=O)CO)NC(=O)OCc2ccccc2
Severe acute respiratory syndrome coronavirus 2,8IG4,UED,B,401,CC(C)C[C@@H](C(=O)N[C@@H](C[C@@H]1CCNC1=O)CO)NC(=O)OCc2ccccc2
Severe acute respiratory syndrome coronavirus 2,8IG7,UED,A,401,CC(C)C[C@@H](C(=O)N[C@@H](C[C@@H]1CCNC1=O)CO)NC(=O)OCc2ccccc2
Severe acute respiratory syndrome coronavirus 2,8IG7,UED,B,401,CC(C)C[C@@H](C(=O)N[C@@H](C[C@@H]1CCNC1=O)CO)NC(=O)OCc2ccccc2
Severe acute respiratory syndrome coronavirus 2,8IG8,UED,A,401,CC(C)C[C@@H](C(=O)N[C@@H](C[C@@H]1CCNC1=O)CO)NC(=O)OCc2ccccc2
Severe acute respiratory syndrome coronavirus 2,8IG8,UED,B,401,CC(C)C[C@@H](C(=O)N[C@@H](C[C@@H]1CCNC1=O)CO)NC(=O)OCc2ccccc2
Severe acute respiratory syndrome coronavirus 2,8IG9,UED,A,401,CC(C)C[C@@H](C(=O)N[C@@H](C[C@@H]1CCNC1=O)CO)NC(=O)OCc2ccccc2
Severe acute respiratory syndrome coronavirus 2,8IG9,UED,B,401,CC(C)C[C@@H](C(=O)N[C@@H](C[C@@H]1CCNC1=O)CO)NC(=O)OCc2ccccc2
Severe acute respiratory syndrome coronavirus 2,8IGA,UED,B,401,CC(C)C[C@@H](C(=O)N[C@@H](C[C@@H]1CCNC1=O)CO)NC(=O)OCc2ccccc2
Severe acute respiratory syndrome coronavirus 2,8IGA,UED,A,401,CC(C)C[C@@H](C(=O)N[C@@H](C[C@@H]1CCNC1=O)CO)NC(=O)OCc2ccccc2
Severe acute respiratory syndrome coronavirus 2,8IGB,UED,A,401,CC(C)C[C@@H](C(=O)N[C@@H](C[C@@H]1CCNC1=O)CO)NC(=O)OCc2ccccc2
Severe acute respiratory syndrome coronavirus 2,8IGB,UED,B,401,CC(C)C[C@@H](C(=O)N[C@@H](C[C@@H]1CCNC1=O)CO)NC(=O)OCc2ccccc2
Severe acute respiratory syndrome coronavirus 2,8IGN,7ON,B,401,C1CCC(CC1)[C@@H](C(=O)N2C[C@@H]3CCC[C@@H]3[C@H]2C(=O)N[C@@H](C[C@@H]4CCNC4=O)C(=O)C(=O)NC5CCCC5)NC(=O)C(F)(F)F
Severe acute respiratory syndrome coronavirus 2,8IGN,7ON,A,401,C1CCC(CC1)[C@@H](C(=O)N2C[C@@H]3CCC[C@@H]3[C@H]2C(=O)N[C@@H](C[C@@H]4CCNC4=O)C(=O)C(=O)NC5CCCC5)NC(=O)C(F)(F)F
Severe acute respiratory syndrome coronavirus 2,8IGX,PQL,A,401,CC(C)(C)[C@@H](C(=O)N1CC2(C[C@H]1C(=O)N[C@@H](C[C@@H]3CCNC3=O)C#N)SCCS2)NC(=O)C(F)(F)F
Severe acute respiratory syndrome coronavirus 2,8IGY,4WI,A,401,[H]/N=C/[C@H](C[C@@H]1CCNC1=O)NC(=O)[C@@H]2[C@@H]3[C@@H](C3(C)C)CN2C(=O)[C@H](C(C)(C)C)NC(=O)C(F)(F)F
Severe acute respiratory syndrome coronavirus 2,8IHO,PQX,D,101,C[C@H](c1cccc2c1cccc2)N3CCC(CC3)C(=O)O
Severe acute respiratory syndrome coronavirus 2,8IHO,PQX,E,101,C[C@H](c1cccc2c1cccc2)N3CCC(CC3)C(=O)O
Severe acute respiratory syndrome coronavirus 2,8INU,4WI,A,401,[H]/N=C/[C@H](C[C@@H]1CCNC1=O)NC(=O)[C@@H]2[C@@H]3[C@@H](C3(C)C)CN2C(=O)[C@H](C(C)(C)C)NC(=O)C(F)(F)F
Severe acute respiratory syndrome coronavirus 2,8INW,4WI,A,401,[H]/N=C/[C@H](C[C@@H]1CCNC1=O)NC(=O)[C@@H]2[C@@H]3[C@@H](C3(C)C)CN2C(=O)[C@H](C(C)(C)C)NC(=O)C(F)(F)F
Severe acute respiratory syndrome coronavirus 2,8INX,7YY,A,401,Cn1cc2cc(c(cc2n1)Cl)NC3=NC(=O)N(C(=O)N3Cc4cc(c(cc4F)F)F)Cc5ncn(n5)C
Severe acute respiratory syndrome coronavirus 2,8INY,7YY,A,401,Cn1cc2cc(c(cc2n1)Cl)NC3=NC(=O)N(C(=O)N3Cc4cc(c(cc4F)F)F)Cc5ncn(n5)C
Severe acute respiratory syndrome coronavirus 2,8IV3,DJU,A,201,CN(C)Cc1c[nH]c2c1cc(cc2)OCc3ccccc3
Severe acute respiratory syndrome coronavirus 2,8J1Q,85Y,E,51,c1ccc2cc(ccc2c1)CNC(=O)C3=CN(C(=O)NC3=O)[C@H]4C[C@@H]([C@H](O4)COP(=O)(O)O)O
Severe acute respiratory syndrome coronavirus 2,8J1Q,85Y,D,35,c1ccc2cc(ccc2c1)CNC(=O)C3=CN(C(=O)NC3=O)[C@H]4C[C@@H]([C@H](O4)COP(=O)(O)O)O
Severe acute respiratory syndrome coronavirus 2,8J1Q,85Y,E,34,c1ccc2cc(ccc2c1)CNC(=O)C3=CN(C(=O)NC3=O)[C@H]4C[C@@H]([C@H](O4)COP(=O)(O)O)O
Severe acute respiratory syndrome coronavirus 2,8J1Q,85Y,D,24,c1ccc2cc(ccc2c1)CNC(=O)C3=CN(C(=O)NC3=O)[C@H]4C[C@@H]([C@H](O4)COP(=O)(O)O)O
Severe acute respiratory syndrome coronavirus 2,8J1Q,85Y,E,55,c1ccc2cc(ccc2c1)CNC(=O)C3=CN(C(=O)NC3=O)[C@H]4C[C@@H]([C@H](O4)COP(=O)(O)O)O
Severe acute respiratory syndrome coronavirus 2,8J1Q,85Y,D,41,c1ccc2cc(ccc2c1)CNC(=O)C3=CN(C(=O)NC3=O)[C@H]4C[C@@H]([C@H](O4)COP(=O)(O)O)O
Severe acute respiratory syndrome coronavirus 2,8J1Q,85Y,E,53,c1ccc2cc(ccc2c1)CNC(=O)C3=CN(C(=O)NC3=O)[C@H]4C[C@@H]([C@H](O4)COP(=O)(O)O)O
Severe acute respiratory syndrome coronavirus 2,8J1Q,85Y,E,59,c1ccc2cc(ccc2c1)CNC(=O)C3=CN(C(=O)NC3=O)[C@H]4C[C@@H]([C@H](O4)COP(=O)(O)O)O
Severe acute respiratory syndrome coronavirus 2,8J1Q,85Y,D,17,c1ccc2cc(ccc2c1)CNC(=O)C3=CN(C(=O)NC3=O)[C@H]4C[C@@H]([C@H](O4)COP(=O)(O)O)O
Severe acute respiratory syndrome coronavirus 2,8J1Q,85Y,D,4,c1ccc2cc(ccc2c1)CNC(=O)C3=CN(C(=O)NC3=O)[C@H]4C[C@@H]([C@H](O4)COP(=O)(O)O)O
Severe acute respiratory syndrome coronavirus 2,8J1Q,85Y,E,33,c1ccc2cc(ccc2c1)CNC(=O)C3=CN(C(=O)NC3=O)[C@H]4C[C@@H]([C@H](O4)COP(=O)(O)O)O
Severe acute respiratory syndrome coronavirus 2,8J1Q,85Y,E,48,c1ccc2cc(ccc2c1)CNC(=O)C3=CN(C(=O)NC3=O)[C@H]4C[C@@H]([C@H](O4)COP(=O)(O)O)O
Severe acute respiratory syndrome coronavirus 2,8J1Q,85Y,E,27,c1ccc2cc(ccc2c1)CNC(=O)C3=CN(C(=O)NC3=O)[C@H]4C[C@@H]([C@H](O4)COP(=O)(O)O)O
Severe acute respiratory syndrome coronavirus 2,8J1Q,85Y,D,30,c1ccc2cc(ccc2c1)CNC(=O)C3=CN(C(=O)NC3=O)[C@H]4C[C@@H]([C@H](O4)COP(=O)(O)O)O
Severe acute respiratory syndrome coronavirus 2,8J1Q,85Y,D,20,c1ccc2cc(ccc2c1)CNC(=O)C3=CN(C(=O)NC3=O)[C@H]4C[C@@H]([C@H](O4)COP(=O)(O)O)O
Severe acute respiratory syndrome coronavirus 2,8J1Q,85Y,E,44,c1ccc2cc(ccc2c1)CNC(=O)C3=CN(C(=O)NC3=O)[C@H]4C[C@@H]([C@H](O4)COP(=O)(O)O)O
Severe acute respiratory syndrome coronavirus 2,8J1Q,85Y,E,39,c1ccc2cc(ccc2c1)CNC(=O)C3=CN(C(=O)NC3=O)[C@H]4C[C@@H]([C@H](O4)COP(=O)(O)O)O
Severe acute respiratory syndrome coronavirus 2,8J1Q,85Y,D,34,c1ccc2cc(ccc2c1)CNC(=O)C3=CN(C(=O)NC3=O)[C@H]4C[C@@H]([C@H](O4)COP(=O)(O)O)O
Severe acute respiratory syndrome coronavirus 2,8J1Q,85Y,E,38,c1ccc2cc(ccc2c1)CNC(=O)C3=CN(C(=O)NC3=O)[C@H]4C[C@@H]([C@H](O4)COP(=O)(O)O)O
Severe acute respiratory syndrome coronavirus 2,8J1Q,85Y,D,43,c1ccc2cc(ccc2c1)CNC(=O)C3=CN(C(=O)NC3=O)[C@H]4C[C@@H]([C@H](O4)COP(=O)(O)O)O
Severe acute respiratory syndrome coronavirus 2,8J1Q,85Y,D,8,c1ccc2cc(ccc2c1)CNC(=O)C3=CN(C(=O)NC3=O)[C@H]4C[C@@H]([C@H](O4)COP(=O)(O)O)O
Severe acute respiratory syndrome coronavirus 2,8J1Q,85Y,D,22,c1ccc2cc(ccc2c1)CNC(=O)C3=CN(C(=O)NC3=O)[C@H]4C[C@@H]([C@H](O4)COP(=O)(O)O)O
Severe acute respiratory syndrome coronavirus 2,8J26,85Y,E,39,c1ccc2cc(ccc2c1)CNC(=O)C3=CN(C(=O)NC3=O)[C@H]4C[C@@H]([C@H](O4)COP(=O)(O)O)O
Severe acute respiratory syndrome coronavirus 2,8J26,85Y,E,38,c1ccc2cc(ccc2c1)CNC(=O)C3=CN(C(=O)NC3=O)[C@H]4C[C@@H]([C@H](O4)COP(=O)(O)O)O
Severe acute respiratory syndrome coronavirus 2,8J26,85Y,D,34,c1ccc2cc(ccc2c1)CNC(=O)C3=CN(C(=O)NC3=O)[C@H]4C[C@@H]([C@H](O4)COP(=O)(O)O)O
Severe acute respiratory syndrome coronavirus 2,8J26,85Y,D,43,c1ccc2cc(ccc2c1)CNC(=O)C3=CN(C(=O)NC3=O)[C@H]4C[C@@H]([C@H](O4)COP(=O)(O)O)O
Severe acute respiratory syndrome coronavirus 2,8J26,85Y,D,35,c1ccc2cc(ccc2c1)CNC(=O)C3=CN(C(=O)NC3=O)[C@H]4C[C@@H]([C@H](O4)COP(=O)(O)O)O
Severe acute respiratory syndrome coronavirus 2,8J26,85Y,E,33,c1ccc2cc(ccc2c1)CNC(=O)C3=CN(C(=O)NC3=O)[C@H]4C[C@@H]([C@H](O4)COP(=O)(O)O)O
Severe acute respiratory syndrome coronavirus 2,8J26,85Y,D,22,c1ccc2cc(ccc2c1)CNC(=O)C3=CN(C(=O)NC3=O)[C@H]4C[C@@H]([C@H](O4)COP(=O)(O)O)O
Severe acute respiratory syndrome coronavirus 2,8J26,85Y,E,51,c1ccc2cc(ccc2c1)CNC(=O)C3=CN(C(=O)NC3=O)[C@H]4C[C@@H]([C@H](O4)COP(=O)(O)O)O
Severe acute respiratory syndrome coronavirus 2,8J26,85Y,E,34,c1ccc2cc(ccc2c1)CNC(=O)C3=CN(C(=O)NC3=O)[C@H]4C[C@@H]([C@H](O4)COP(=O)(O)O)O
Severe acute respiratory syndrome coronavirus 2,8J26,85Y,D,24,c1ccc2cc(ccc2c1)CNC(=O)C3=CN(C(=O)NC3=O)[C@H]4C[C@@H]([C@H](O4)COP(=O)(O)O)O
Severe acute respiratory syndrome coronavirus 2,8J26,85Y,E,53,c1ccc2cc(ccc2c1)CNC(=O)C3=CN(C(=O)NC3=O)[C@H]4C[C@@H]([C@H](O4)COP(=O)(O)O)O
Severe acute respiratory syndrome coronavirus 2,8J26,85Y,D,17,c1ccc2cc(ccc2c1)CNC(=O)C3=CN(C(=O)NC3=O)[C@H]4C[C@@H]([C@H](O4)COP(=O)(O)O)O
Severe acute respiratory syndrome coronavirus 2,8J26,85Y,E,55,c1ccc2cc(ccc2c1)CNC(=O)C3=CN(C(=O)NC3=O)[C@H]4C[C@@H]([C@H](O4)COP(=O)(O)O)O
Severe acute respiratory syndrome coronavirus 2,8J26,85Y,D,41,c1ccc2cc(ccc2c1)CNC(=O)C3=CN(C(=O)NC3=O)[C@H]4C[C@@H]([C@H](O4)COP(=O)(O)O)O
Severe acute respiratory syndrome coronavirus 2,8J26,85Y,E,59,c1ccc2cc(ccc2c1)CNC(=O)C3=CN(C(=O)NC3=O)[C@H]4C[C@@H]([C@H](O4)COP(=O)(O)O)O
Severe acute respiratory syndrome coronavirus 2,8J26,85Y,E,48,c1ccc2cc(ccc2c1)CNC(=O)C3=CN(C(=O)NC3=O)[C@H]4C[C@@H]([C@H](O4)COP(=O)(O)O)O
Severe acute respiratory syndrome coronavirus 2,8J26,85Y,D,30,c1ccc2cc(ccc2c1)CNC(=O)C3=CN(C(=O)NC3=O)[C@H]4C[C@@H]([C@H](O4)COP(=O)(O)O)O
Severe acute respiratory syndrome coronavirus 2,8J26,85Y,D,20,c1ccc2cc(ccc2c1)CNC(=O)C3=CN(C(=O)NC3=O)[C@H]4C[C@@H]([C@H](O4)COP(=O)(O)O)O
Severe acute respiratory syndrome coronavirus 2,8J26,85Y,E,44,c1ccc2cc(ccc2c1)CNC(=O)C3=CN(C(=O)NC3=O)[C@H]4C[C@@H]([C@H](O4)COP(=O)(O)O)O
Severe acute respiratory syndrome coronavirus 2,8J32,V2M,A,401,CC(C)C[C@@H](C(=O)N[C@@H](C[C@@H]1CCNC1=O)[C@@H](CO)O)NC(=O)c2cc3c([nH]2)cccc3OC
Severe acute respiratory syndrome coronavirus 2,8J32,V2M,B,401,CC(C)C[C@@H](C(=O)N[C@@H](C[C@@H]1CCNC1=O)[C@@H](CO)O)NC(=O)c2cc3c([nH]2)cccc3OC
Severe acute respiratory syndrome coronavirus 2,8J35,V2M,A,401,CC(C)C[C@@H](C(=O)N[C@@H](C[C@@H]1CCNC1=O)[C@@H](CO)O)NC(=O)c2cc3c([nH]2)cccc3OC
Severe acute respiratory syndrome coronavirus 2,8J35,V2M,B,401,CC(C)C[C@@H](C(=O)N[C@@H](C[C@@H]1CCNC1=O)[C@@H](CO)O)NC(=O)c2cc3c([nH]2)cccc3OC
Severe acute respiratory syndrome coronavirus 2,8J36,V2M,A,401,CC(C)C[C@@H](C(=O)N[C@@H](C[C@@H]1CCNC1=O)[C@@H](CO)O)NC(=O)c2cc3c([nH]2)cccc3OC
Severe acute respiratory syndrome coronavirus 2,8J36,V2M,B,401,CC(C)C[C@@H](C(=O)N[C@@H](C[C@@H]1CCNC1=O)[C@@H](CO)O)NC(=O)c2cc3c([nH]2)cccc3OC
Severe acute respiratory syndrome coronavirus 2,8J37,V2M,A,401,CC(C)C[C@@H](C(=O)N[C@@H](C[C@@H]1CCNC1=O)[C@@H](CO)O)NC(=O)c2cc3c([nH]2)cccc3OC
Severe acute respiratory syndrome coronavirus 2,8J37,V2M,B,401,CC(C)C[C@@H](C(=O)N[C@@H](C[C@@H]1CCNC1=O)[C@@H](CO)O)NC(=O)c2cc3c([nH]2)cccc3OC
Severe acute respiratory syndrome coronavirus 2,8J38,V2M,B,401,CC(C)C[C@@H](C(=O)N[C@@H](C[C@@H]1CCNC1=O)[C@@H](CO)O)NC(=O)c2cc3c([nH]2)cccc3OC
Severe acute respiratory syndrome coronavirus 2,8J38,V2M,A,401,CC(C)C[C@@H](C(=O)N[C@@H](C[C@@H]1CCNC1=O)[C@@H](CO)O)NC(=O)c2cc3c([nH]2)cccc3OC
Severe acute respiratory syndrome coronavirus 2,8J39,V2M,B,401,CC(C)C[C@@H](C(=O)N[C@@H](C[C@@H]1CCNC1=O)[C@@H](CO)O)NC(=O)c2cc3c([nH]2)cccc3OC
Severe acute respiratory syndrome coronavirus 2,8J39,V2M,A,401,CC(C)C[C@@H](C(=O)N[C@@H](C[C@@H]1CCNC1=O)[C@@H](CO)O)NC(=O)c2cc3c([nH]2)cccc3OC
Severe acute respiratory syndrome coronavirus 2,8J3A,V2M,A,401,CC(C)C[C@@H](C(=O)N[C@@H](C[C@@H]1CCNC1=O)[C@@H](CO)O)NC(=O)c2cc3c([nH]2)cccc3OC
Severe acute respiratory syndrome coronavirus 2,8J3A,V2M,B,401,CC(C)C[C@@H](C(=O)N[C@@H](C[C@@H]1CCNC1=O)[C@@H](CO)O)NC(=O)c2cc3c([nH]2)cccc3OC
Severe acute respiratory syndrome coronavirus 2,8J3B,V2M,B,401,CC(C)C[C@@H](C(=O)N[C@@H](C[C@@H]1CCNC1=O)[C@@H](CO)O)NC(=O)c2cc3c([nH]2)cccc3OC
Severe acute respiratory syndrome coronavirus 2,8J3B,V2M,A,501,CC(C)C[C@@H](C(=O)N[C@@H](C[C@@H]1CCNC1=O)[C@@H](CO)O)NC(=O)c2cc3c([nH]2)cccc3OC
Severe acute respiratory syndrome coronavirus 2,8J6X,U2H,D,201,CCCN(C)Cc1c[nH]c2c1cc(cc2)OCc3ccccc3
Severe acute respiratory syndrome coronavirus 2,8JCJ,PBP,A,401,c1cc(ccc1C(=O)CBr)Br
Severe acute respiratory syndrome coronavirus 2,8JCJ,H2S,A,402,S
Severe acute respiratory syndrome coronavirus 2,8JCK,A8J,A,401,CC(=O)c1cccc(c1)C(=O)OC(C)(C)C
Severe acute respiratory syndrome coronavirus 2,8JCK,H2S,A,403,S
Severe acute respiratory syndrome coronavirus 2,8JCL,H2S,A,402,S
Severe acute respiratory syndrome coronavirus 2,8JCL,AIE,A,401,CC(=O)c1cccc(c1)C(=O)Nc2ccccc2
Severe acute respiratory syndrome coronavirus 2,8JCM,H2S,A,405,S
Severe acute respiratory syndrome coronavirus 2,8JCM,AJF,A,401,CC(=O)c1cccc(c1)C(=O)N[C@@H](Cc2ccccc2)C(=O)OC
Severe acute respiratory syndrome coronavirus 2,8JCN,AO0,A,401,CC(=O)c1cccc(c1)NP(=O)(Oc2ccccc2)Oc3ccccc3
Severe acute respiratory syndrome coronavirus 2,8JCO,B7Y,A,401,CC(C)[C@@H](C(=O)OC)NC(=O)c1cccc(c1)C(=O)CCCCl
Severe acute respiratory syndrome coronavirus 2,8JOP,UWO,A,401,CC(=O)N1c2ccc(cc2NC3=C([C@H]1c4ccc(cc4)C(F)(F)F)C(=O)CCC3)C(=O)OC
Severe acute respiratory syndrome coronavirus 2,8JPQ,V3E,A,404,COC(=O)[C@H](Cc1ccccc1O)N
Severe acute respiratory syndrome coronavirus 2,8JPQ,ILE,A,403,CC[C@H](C)[C@@H](C(=O)O)N
Severe acute respiratory syndrome coronavirus 2,8JPQ,ALA,A,402,C[C@@H](C(=O)O)N
Severe acute respiratory syndrome coronavirus 2,8JUX,V00,A,401,C[C@H](c1cc(cc2c1cccc2)OC)N3CCC(CC3)C(=O)NCc4cccc(c4)F
Severe acute respiratory syndrome coronavirus 2,8JUX,V00,B,401,C[C@H](c1cc(cc2c1cccc2)OC)N3CCC(CC3)C(=O)NCc4cccc(c4)F
Severe acute respiratory syndrome coronavirus 2,8K6D,J7R,A,401,CNC(=O)c1cc(cc(c1N[C@@H]2CCCC[C@@H]2NC(=O)c3cncc4c3cccc4)N(=O)=O)Br
Severe acute respiratory syndrome coronavirus 2,8OKB,VQR,A,401,CC(C)C[C@@H](C(=O)N[C@@H](CCC(=O)OC)C[C@@H]1CCNC1=O)NC(=O)OCc2ccccc2
Severe acute respiratory syndrome coronavirus 2,8OKC,VQN,A,401,CC(C)C[C@H](C(=O)N[C@@H](C[C@H]1CCNC1=O)/C=C\C(=O)N2CCN(CC2)CC3CCN(CC3)c4cc5c(cc4F)C(=O)N(C5=O)[C@@H]6CCC(=O)NC6=O)NC(=O)OCc7ccccc7
Severe acute respiratory syndrome coronavirus 2,8OKK,83F,B,401,C[C@H]1C[C@H](N(C1)C(=O)[C@H](C(C)C)NC(=O)OC(C)(C)C)C(=O)N[C@@H](C[C@@H]2CCNC2=O)CO
Severe acute respiratory syndrome coronavirus 2,8OKK,83F,A,401,C[C@H]1C[C@H](N(C1)C(=O)[C@H](C(C)C)NC(=O)OC(C)(C)C)C(=O)N[C@@H](C[C@@H]2CCNC2=O)CO
Severe acute respiratory syndrome coronavirus 2,8OKL,83N,B,401,CC(C)[C@@H](C(=O)N1C[C@H](C[C@H]1C(=O)N[C@@H](C[C@@H]2CCNC2=O)CO)OC)NC(=O)OC(C)(C)C
Severe acute respiratory syndrome coronavirus 2,8OKL,83N,A,401,CC(C)[C@@H](C(=O)N1C[C@H](C[C@H]1C(=O)N[C@@H](C[C@@H]2CCNC2=O)CO)OC)NC(=O)OC(C)(C)C
Severe acute respiratory syndrome coronavirus 2,8OKM,84C,B,401,CC(C)[C@@H](C(=O)N1C[C@@H]2CCC[C@@H]2[C@H]1C(=O)N[C@@H](C[C@@H]3CCNC3=O)CO)NC(=O)OC(C)(C)C
Severe acute respiratory syndrome coronavirus 2,8OKM,84C,A,401,CC(C)[C@@H](C(=O)N1C[C@@H]2CCC[C@@H]2[C@H]1C(=O)N[C@@H](C[C@@H]3CCNC3=O)CO)NC(=O)OC(C)(C)C
Severe acute respiratory syndrome coronavirus 2,8OKN,83W,A,401,C[C@H]([C@@H](C(=O)N1CCC[C@H]1C(=O)N[C@@H](C[C@@H]2CCNC2=O)CO)NC(=O)OC(C)(C)C)OC(C)(C)C
Severe acute respiratory syndrome coronavirus 2,8OKN,83W,B,401,C[C@H]([C@@H](C(=O)N1CCC[C@H]1C(=O)N[C@@H](C[C@@H]2CCNC2=O)CO)NC(=O)OC(C)(C)C)OC(C)(C)C
Severe acute respiratory syndrome coronavirus 2,8OSX,SAM,A,7215,C[S@@+](CC[C@@H](C(=O)[O-])N)C[C@@H]1[C@H]([C@H]([C@@H](O1)n2cnc3c2ncnc3N)O)O
Severe acute respiratory syndrome coronavirus 2,8OT0,MTA,A,7417,CSC[C@@H]1[C@H]([C@H]([C@@H](O1)n2cnc3c2ncnc3N)O)O
Severe acute respiratory syndrome coronavirus 2,8OTR,W08,A,7228,CN1CCC(CC1)NC(=O)[C@@H]2[C@H]([C@H]([C@@H](O2)n3cnc4c3ncnc4N)O)O
Severe acute respiratory syndrome coronavirus 2,8OTR,SAM,A,7213,C[S@@+](CC[C@@H](C(=O)[O-])N)C[C@@H]1[C@H]([C@H]([C@@H](O1)n2cnc3c2ncnc3N)O)O
Severe acute respiratory syndrome coronavirus 2,8OV1,SAM,A,7229,C[S@@+](CC[C@@H](C(=O)[O-])N)C[C@@H]1[C@H]([C@H]([C@@H](O1)n2cnc3c2ncnc3N)O)O
Severe acute respiratory syndrome coronavirus 2,8OV2,SGV,A,7222,c1c(c2c(ncnc2n1[C@H]3[C@@H]([C@@H]([C@H](O3)CO)O)O)N)C(=O)N
Severe acute respiratory syndrome coronavirus 2,8OV3,5ID,A,7218,c1c(c2c(ncnc2n1[C@H]3[C@@H]([C@@H]([C@H](O3)CO)O)O)N)I
Severe acute respiratory syndrome coronavirus 2,8OV4,TO1,A,7220,c1c(c2c(ncnc2n1[C@H]3[C@@H]([C@@H]([C@H](O3)CO)O)O)N)C#N
Severe acute respiratory syndrome coronavirus 2,8P54,ALD,A,401,CC(C)C[C@@H](CO)NC(=O)[C@H](CC(C)C)NC(=O)[C@H](CC(C)C)NC(=O)OCc1ccccc1
Severe acute respiratory syndrome coronavirus 2,8P55,ALD,A,402,CC(C)C[C@@H](CO)NC(=O)[C@H](CC(C)C)NC(=O)[C@H](CC(C)C)NC(=O)OCc1ccccc1
Severe acute respiratory syndrome coronavirus 2,8P56,X77,A,406,CC(C)(C)c1ccc(cc1)N([C@H](c2cccnc2)C(=O)NC3CCCCC3)C(=O)c4c[nH]cn4
Severe acute respiratory syndrome coronavirus 2,8P57,X77,A,402,CC(C)(C)c1ccc(cc1)N([C@H](c2cccnc2)C(=O)NC3CCCCC3)C(=O)c4c[nH]cn4
Severe acute respiratory syndrome coronavirus 2,8P58,X77,A,406,CC(C)(C)c1ccc(cc1)N([C@H](c2cccnc2)C(=O)NC3CCCCC3)C(=O)c4c[nH]cn4
Severe acute respiratory syndrome coronavirus 2,8P58,X77,B,408,CC(C)(C)c1ccc(cc1)N([C@H](c2cccnc2)C(=O)NC3CCCCC3)C(=O)c4c[nH]cn4
Severe acute respiratory syndrome coronavirus 2,8P5A,X77,B,406,CC(C)(C)c1ccc(cc1)N([C@H](c2cccnc2)C(=O)NC3CCCCC3)C(=O)c4c[nH]cn4
Severe acute respiratory syndrome coronavirus 2,8P5A,X77,A,410,CC(C)(C)c1ccc(cc1)N([C@H](c2cccnc2)C(=O)NC3CCCCC3)C(=O)c4c[nH]cn4
Severe acute respiratory syndrome coronavirus 2,8P5C,9M5,B,401,CC(C)(C)c1ccc(cc1)N([C@@H](c2cccnc2)C(=O)NC3CCCCC3)C(=O)c4c[nH]cn4
Severe acute respiratory syndrome coronavirus 2,8P5C,9M5,A,401,CC(C)(C)c1ccc(cc1)N([C@@H](c2cccnc2)C(=O)NC3CCCCC3)C(=O)c4c[nH]cn4
Severe acute respiratory syndrome coronavirus 2,8P86,ALD,A,401,CC(C)C[C@@H](CO)NC(=O)[C@H](CC(C)C)NC(=O)[C@H](CC(C)C)NC(=O)OCc1ccccc1
Severe acute respiratory syndrome coronavirus 2,8P87,X77,A,404,CC(C)(C)c1ccc(cc1)N([C@H](c2cccnc2)C(=O)NC3CCCCC3)C(=O)c4c[nH]cn4
Severe acute respiratory syndrome coronavirus 2,8P9Y,XIO,C,1307,c1ccc2c(c1)c(c([nH]2)Sc3ccc(cc3)[N+](=O)[O-])C[C@@H](C(=O)O)NC(=O)CCC(CCC(=O)N[C@@H](Cc4c5ccccc5[nH]c4Sc6ccc(cc6)[N+](=O)[O-])C(=O)O)(CCC(=O)N[C@@H](Cc7c8ccccc8[nH]c7Sc9ccc(cc9)[N+](=O)[O-])C(=O)O)NC(=O)CN
Severe acute respiratory syndrome coronavirus 2,8PH4,YQN,B,401,CC(C)(C)c1ccc(cc1)N([C@@H](c2cccnc2)C(=O)NC3CCCCC3)C(=O)C4C=NC(=O)NC4=O
Severe acute respiratory syndrome coronavirus 2,8PH4,YQN,B,402,CC(C)(C)c1ccc(cc1)N([C@@H](c2cccnc2)C(=O)NC3CCCCC3)C(=O)C4C=NC(=O)NC4=O
Severe acute respiratory syndrome coronavirus 2,8PH4,YQN,A,402,CC(C)(C)c1ccc(cc1)N([C@@H](c2cccnc2)C(=O)NC3CCCCC3)C(=O)C4C=NC(=O)NC4=O
Severe acute respiratory syndrome coronavirus 2,8PH4,YQN,A,403,CC(C)(C)c1ccc(cc1)N([C@@H](c2cccnc2)C(=O)NC3CCCCC3)C(=O)C4C=NC(=O)NC4=O
Severe acute respiratory syndrome coronavirus 2,8PH4,MLI,A,401,C(C(=O)[O-])C(=O)[O-]
Severe acute respiratory syndrome coronavirus 2,8Q7S,P4G,A,601,CCOCCOCCOCC
Severe acute respiratory syndrome coronavirus 2,8QH0,PRO,A,601,C1C[C@H](NC1)C(=O)O
Severe acute respiratory syndrome coronavirus 2,8R0V,O6K,A,401,CC(C)(C)OC(=O)NC1=CC=CN(C1=O)[C@@H](CC2CC2)C(=O)N[C@@H](C[C@@H]3CCNC3=O)[C@H](C(=O)NCc4ccccc4)O
Severe acute respiratory syndrome coronavirus 2,8R0V,O6K,D,401,CC(C)(C)OC(=O)NC1=CC=CN(C1=O)[C@@H](CC2CC2)C(=O)N[C@@H](C[C@@H]3CCNC3=O)[C@H](C(=O)NCc4ccccc4)O
Severe acute respiratory syndrome coronavirus 2,8R0V,O6K,B,401,CC(C)(C)OC(=O)NC1=CC=CN(C1=O)[C@@H](CC2CC2)C(=O)N[C@@H](C[C@@H]3CCNC3=O)[C@H](C(=O)NCc4ccccc4)O
Severe acute respiratory syndrome coronavirus 2,8R0V,O6K,C,401,CC(C)(C)OC(=O)NC1=CC=CN(C1=O)[C@@H](CC2CC2)C(=O)N[C@@H](C[C@@H]3CCNC3=O)[C@H](C(=O)NCc4ccccc4)O
Severe acute respiratory syndrome coronavirus 2,8R11,XI0,B,701,Cc1cc(cnc1)CC(=O)N2CCC[C@H]2c3cccc(c3)Cl
Severe acute respiratory syndrome coronavirus 2,8R11,XI0,A,401,Cc1cc(cnc1)CC(=O)N2CCC[C@H]2c3cccc(c3)Cl
Severe acute respiratory syndrome coronavirus 2,8R12,XH9,B,401,c1ccc(c(c1)CN2CCCN(CC2)C(=O)c3cc(cnc3)Cl)C#N
Severe acute respiratory syndrome coronavirus 2,8R12,XH9,A,401,c1ccc(c(c1)CN2CCCN(CC2)C(=O)c3cc(cnc3)Cl)C#N
Severe acute respiratory syndrome coronavirus 2,8R14,XHW,A,401,c1ccc(c(c1)CN2CCCN(CC2)C(=O)c3cc(cnc3)Cl)Cl
Severe acute respiratory syndrome coronavirus 2,8R14,XHW,B,701,c1ccc(c(c1)CN2CCCN(CC2)C(=O)c3cc(cnc3)Cl)Cl
Severe acute respiratory syndrome coronavirus 2,8R16,XJ9,A,401,Cc1cc(cnc1)CC(=O)N2CCc3cc(c(cc3C2)Cl)Cl
Severe acute respiratory syndrome coronavirus 2,8R16,XJ9,B,401,Cc1cc(cnc1)CC(=O)N2CCc3cc(c(cc3C2)Cl)Cl
Severe acute respiratory syndrome coronavirus 2,8RF4,EQT,A,201,c1cc2c(c(c1)Cl)c(n[nH]2)N
Severe acute respiratory syndrome coronavirus 2,8RF5,FBB,A,201,c1cc2c(cc1F)sc(n2)N
Severe acute respiratory syndrome coronavirus 2,8RFF,ABV,A,201,c1ccc2c(c1)nc(s2)N
Severe acute respiratory syndrome coronavirus 2,8RV5,MTA,A,302,CSC[C@@H]1[C@H]([C@H]([C@@H](O1)n2cnc3c2ncnc3N)O)O
Severe acute respiratory syndrome coronavirus 2,8S8W,SGV,A,7203,c1c(c2c(ncnc2n1[C@H]3[C@@H]([C@@H]([C@H](O3)CO)O)O)N)C(=O)N
Severe acute respiratory syndrome coronavirus 2,8S8W,GTA,C,101,C[n+]1cn(c2c1C(=O)NC(=N2)N)[C@H]3[C@@H]([C@@H]([C@H](O3)CO[P@@](=O)(O)O[P@@](=O)(O)O[P@@](=O)(O)OC[C@@H]4[C@H]([C@H]([C@@H](O4)n5cnc6c5ncnc6N)O)O)O)O
Severe acute respiratory syndrome coronavirus 2,8S8W,SAM,A,7202,C[S@@+](CC[C@@H](C(=O)[O-])N)C[C@@H]1[C@H]([C@H]([C@@H](O1)n2cnc3c2ncnc3N)O)O
Severe acute respiratory syndrome coronavirus 2,8S8X,GTA,C,1,C[n+]1cn(c2c1C(=O)NC(=N2)N)[C@H]3[C@@H]([C@@H]([C@H](O3)CO[P@@](=O)(O)O[P@@](=O)(O)O[P@@](=O)(O)OC[C@@H]4[C@H]([C@H]([C@@H](O4)n5cnc6c5ncnc6N)O)O)O)O
Severe acute respiratory syndrome coronavirus 2,8S8X,TO1,A,7202,c1c(c2c(ncnc2n1[C@H]3[C@@H]([C@@H]([C@H](O3)CO)O)O)N)C#N
Severe acute respiratory syndrome coronavirus 2,8S9Z,ZU0,B,2,C[C@H]([C@@H](C(=O)O)N)OC(C)(C)C
Severe acute respiratory syndrome coronavirus 2,8S9Z,ZV7,B,4,C(CN(C(=O)CCl)N)C=O
Severe acute respiratory syndrome coronavirus 2,8SH8,AR6,A,201,c1nc(c2c(n1)n(cn2)[C@H]3[C@@H]([C@@H]([C@H](O3)COP(=O)(O)OP(=O)(O)OC[C@@H]4[C@H]([C@H]([C@H](O4)O)O)O)O)O)N
Severe acute respiratory syndrome coronavirus 2,8SK4,I3R,A,401,c1ccc(cc1)C2=NN([C@H](C2)c3cccc4c3nccn4)C(=O)CCl
Severe acute respiratory syndrome coronavirus 2,8SKH,A1W,A,401,c1ccc(cc1)[C@@H]2[C@@H](N(N=C2c3ccccc3)C(=O)CCl)c4ccccc4
Severe acute respiratory syndrome coronavirus 2,8SQ9,WSB,A,1005,C1=CN(C(=O)NC1=O)[C@H]2[C@@H]([C@@H]([C@H](O2)COP(=O)(CP(=O)(O)OP(=O)(O)O)O)O)O
Severe acute respiratory syndrome coronavirus 2,8SQ9,WSB,A,1008,C1=CN(C(=O)NC1=O)[C@H]2[C@@H]([C@@H]([C@H](O2)COP(=O)(CP(=O)(O)OP(=O)(O)O)O)O)O
Severe acute respiratory syndrome coronavirus 2,8SQJ,VSN,A,1001,c1nc2c(n1[C@H]3[C@@H]([C@@H]([C@H](O3)COP(=O)(O)OP(=S)(O)O)O)O)N=C(NC2=O)N
Severe acute respiratory syndrome coronavirus 2,8SQK,VSN,A,1002,c1nc2c(n1[C@H]3[C@@H]([C@@H]([C@H](O3)COP(=O)(O)OP(=S)(O)O)O)O)N=C(NC2=O)N
Severe acute respiratory syndrome coronavirus 2,8SQK,VSN,A,1001,c1nc2c(n1[C@H]3[C@@H]([C@@H]([C@H](O3)COP(=O)(O)OP(=S)(O)O)O)O)N=C(NC2=O)N
Severe acute respiratory syndrome coronavirus 2,8STY,WGE,A,401,c1ccc(cc1)COC(=O)N2CC3(CCCC3)C[C@H]2C(=O)N[C@@H](C[C@@H]4CCNC4=O)CO
Severe acute respiratory syndrome coronavirus 2,8STZ,WGI,A,401,c1ccc(cc1)COC(=O)N2CC3(CCCCC3)C[C@H]2C(=O)N[C@@H](C[C@@H]4CCNC4=O)CO
Severe acute respiratory syndrome coronavirus 2,8SXR,WZK,A,401,CN(C)c1ccc(cc1)N(Cc2cc(cs2)Cl)C(=O)Cc3cncc4c3c(ccc4)O
Severe acute respiratory syndrome coronavirus 2,8SXR,WZK,B,401,CN(C)c1ccc(cc1)N(Cc2cc(cs2)Cl)C(=O)Cc3cncc4c3c(ccc4)O
Severe acute respiratory syndrome coronavirus 2,8T7Y,PHL,E,4,c1ccc(cc1)C[C@@H](CO)N
Severe acute respiratory syndrome coronavirus 2,8T7Y,CSI,E,2,[H]/N=C\1/NCC[C@@H](N1)[C@@H](C(=O)O)NC(=O)O
Severe acute respiratory syndrome coronavirus 2,8T7Y,CSI,C,2,[H]/N=C\1/NCC[C@@H](N1)[C@@H](C(=O)O)NC(=O)O
Severe acute respiratory syndrome coronavirus 2,8T7Y,PHL,C,4,c1ccc(cc1)C[C@@H](CO)N
Severe acute respiratory syndrome coronavirus 2,8TBE,ZQB,B,401,[H]/N=C\[C@H](C[C@@H]1CCCNC1=O)NC(=O)[C@H](CC2CC2)NC(=O)c3cc4cccc(c4[nH]3)Cl
Severe acute respiratory syndrome coronavirus 2,8TBE,ZQB,A,401,[H]/N=C\[C@H](C[C@@H]1CCCNC1=O)NC(=O)[C@H](CC2CC2)NC(=O)c3cc4cccc(c4[nH]3)Cl
Severe acute respiratory syndrome coronavirus 2,8TPB,JVX,A,500,CC(C)(C)c1ccc(cc1)N([C@H](c2cccnc2)C(=O)NC(C)(C)C)C(=O)CCl
Severe acute respiratory syndrome coronavirus 2,8TPB,JVX,B,500,CC(C)(C)c1ccc(cc1)N([C@H](c2cccnc2)C(=O)NC(C)(C)C)C(=O)CCl
Severe acute respiratory syndrome coronavirus 2,8TPC,JJC,A,500,c1ccc(cc1)CNC(=O)[C@@H](c2cccnc2)N(c3ccc(cc3)NC(=O)CCl)C(=O)c4ccco4
Severe acute respiratory syndrome coronavirus 2,8TPD,JJO,A,500,c1ccc(cc1)CNC(=O)[C@@H](c2cccnc2)N(c3cccc(c3)NC(=O)CCl)C(=O)c4ccco4
Severe acute respiratory syndrome coronavirus 2,8TPG,JKL,A,500,C[C@H](CC(=O)N(c1ccc(cc1)C(C)(C)C)[C@H](c2cccnc2)C(=O)NC3CCCCC3)O
Severe acute respiratory syndrome coronavirus 2,8TPH,JKL,A,500,C[C@H](CC(=O)N(c1ccc(cc1)C(C)(C)C)[C@H](c2cccnc2)C(=O)NC3CCCCC3)O
Severe acute respiratory syndrome coronavirus 2,8TPI,JWO,A,500,CC(C)(C)c1ccc(cc1)N([C@H](c2cccnc2)C(=O)NC3CCCCC3)C(=O)C(C)(C)O
Severe acute respiratory syndrome coronavirus 2,8TQH,JX6,A,401,
Severe acute respiratory syndrome coronavirus 2,8TQJ,YHI,A,401,CC1([C@@H]2[C@H]1[C@H](N(C2)C(=O)OCc3ccccc3)C(=O)N[C@@H](C[C@@H]4CCNC4=O)CO)C
Severe acute respiratory syndrome coronavirus 2,8TQL,JY0,A,401,
Severe acute respiratory syndrome coronavirus 2,8TQT,K2X,A,401,
Severe acute respiratory syndrome coronavirus 2,8TQU,ELL,B,3,C1CNC(=O)[C@@H]1C[C@@H](C=O)N
Severe acute respiratory syndrome coronavirus 2,8TV6,V83,B,201,COC(=O)c1c2c(sc1NC(=O)[C@@H]3CC=CC[C@H]3C(=O)O)CCCCC2
Severe acute respiratory syndrome coronavirus 2,8TV7,VI1,A,202,COC(=O)c1c2c(sc1NC(=O)[C@@H]3CCCC[C@H]3C(=O)O)CCCCCC2
Severe acute respiratory syndrome coronavirus 2,8TY3,SJF,A,401,
Severe acute respiratory syndrome coronavirus 2,8TY4,SO0,A,401,
Severe acute respiratory syndrome coronavirus 2,8TY5,SQ3,A,401,
Severe acute respiratory syndrome coronavirus 2,8TYJ,SAH,A,1502,c1nc(c2c(n1)n(cn2)[C@H]3[C@@H]([C@@H]([C@H](O3)CSCC[C@@H](C(=O)O)N)O)O)N
Severe acute respiratory syndrome coronavirus 2,8UAB,W28,A,401,CC(C)C[C@@H](C(=O)N[C@@H](C[C@@H]1CCNC1=O)CO)NC(=O)c2cc3ccccc3[nH]2
Severe acute respiratory syndrome coronavirus 2,8UH5,WOK,A,401,CC1([C@@H]2[C@H]1[C@H](N(C2)C(=O)[C@H](C(C)(C)C)NC(=O)C(F)(F)F)C(=O)N[C@@H](C[C@@H]3CCNC3=O)[C@@H](c4nc5cc(ccc5s4)F)O)C
Severe acute respiratory syndrome coronavirus 2,8UH9,WOK,A,401,CC1([C@@H]2[C@H]1[C@H](N(C2)C(=O)[C@H](C(C)(C)C)NC(=O)C(F)(F)F)C(=O)N[C@@H](C[C@@H]3CCNC3=O)[C@@H](c4nc5cc(ccc5s4)F)O)C
Severe acute respiratory syndrome coronavirus 2,8UHO,WTE,A,401,CC(C)C[C@@H](C(=O)N[C@@H](C[C@@H]1CCCO1)/C=C\2/CCOC2=O)NC(=O)[C@H](Cc3ccc(cc3)F)NC(=O)OCc4ccccc4
Severe acute respiratory syndrome coronavirus 2,8UHO,WTE,B,401,CC(C)C[C@@H](C(=O)N[C@@H](C[C@@H]1CCCO1)/C=C\2/CCOC2=O)NC(=O)[C@H](Cc3ccc(cc3)F)NC(=O)OCc4ccccc4
Severe acute respiratory syndrome coronavirus 2,8UIA,WTV,A,401,CC(C)C[C@@H](C(=O)N[C@H](C[C@@H]1CCOC1=O)C[C@H]2CCCO2)NC(=O)[C@H](Cc3ccc(cc3)F)NC(=O)OCc4ccccc4
Severe acute respiratory syndrome coronavirus 2,8UIA,WTV,B,401,CC(C)C[C@@H](C(=O)N[C@H](C[C@@H]1CCOC1=O)C[C@H]2CCCO2)NC(=O)[C@H](Cc3ccc(cc3)F)NC(=O)OCc4ccccc4
Severe acute respiratory syndrome coronavirus 2,8UOB,XB5,A,401,CCn1ccc(n1)c2cc(cc(c2)[C@@H](C)NC(=O)c3cc(ccc3C)OCCN(C)C)c4cnn(c4)C
Severe acute respiratory syndrome coronavirus 2,8UPS,I70,A,401,CC1([C@@H]2[C@H]1[C@H](N(C2)C(=O)[C@H](C(C)(C)C)NC(=O)NC(C)(C)C)C(=O)N[C@@H](C[C@@H]3CCNC3=O)[C@H](C(=O)N)O)C
Severe acute respiratory syndrome coronavirus 2,8UPV,X83,A,401,C[C@H](CC[C@@H]([C@H](C(=O)NC)O)NC(=O)[C@@H]1[C@H]2CCC[C@H]2CN1C(=O)[C@H](C(C)(C)C)NC(=O)OC)F
Severe acute respiratory syndrome coronavirus 2,8UPW,X8F,A,401,C[C@@H](CC[C@@H]([C@H](C(=O)NC)O)NC(=O)[C@@H]1[C@H]2CCC[C@H]2CN1C(=O)[C@H](C(C)(C)C)NC(=O)OC)F
Severe acute respiratory syndrome coronavirus 2,8UR9,XEK,A,401,CN1C=C(C(=O)NC1=O)C2=CN(C(=O)C(=C2)c3cc(c(c(c3)Cl)F)OCc4ccccc4Cl)c5cccnc5
Severe acute respiratory syndrome coronavirus 2,8UTE,XKQ,A,501,CC(C)(C)[C@@H](C(=O)N1C[C@@H]2CCC[C@@H]2[C@H]1C(=O)N[C@@H](CCC(C)(F)F)[C@H](C(=O)NC)O)NC(=O)OC
Severe acute respiratory syndrome coronavirus 2,8UUF,XWO,A,401,Cc1ccc(cc1C(=O)N[C@H](C)c2cc(cc(c2)c3cnn(c3)C)c4cnn(c4)C)OCCN(C)C
Severe acute respiratory syndrome coronavirus 2,8UUG,XXW,A,401,Cc1ccc(cc1C(=O)N[C@H](C)c2cc(cc(c2)c3cnn(c3)C(F)F)c4cnn(c4)COC)OCCN(C)C
Severe acute respiratory syndrome coronavirus 2,8UUH,XYI,A,401,Cc1ccc(cc1C(=O)N[C@H](C)c2cc(cc(c2)c3cnn(c3)C(C)C)c4cnn(c4)C)OCCN(C)C
Severe acute respiratory syndrome coronavirus 2,8UUU,XYR,A,401,Cc1ccc(cc1C(=O)N[C@H](C)c2cc(cc(c2)c3cnn(c3)C(F)F)c4cnn(c4)C)OCCN(C)C
Severe acute respiratory syndrome coronavirus 2,8UUV,Y2I,A,401,Cc1ccc(cc1C(=O)N[C@H](C)c2cc(cc(c2)c3cnn(c3)C4CC4)c5cnn(c5)C)OCCN(C)C
Severe acute respiratory syndrome coronavirus 2,8UUW,Y2N,A,401,Cc1ccc(cc1C(=O)N[C@H](C)c2cc(cc(c2)c3cncs3)c4cnn(c4)C)OCCN(C)C
Severe acute respiratory syndrome coronavirus 2,8UUY,Y2R,A,401,Cc1ccc(cc1C(=O)N[C@H](C)c2cc(cc(c2)c3ccc(s3)CN)c4cccs4)OCCN(C)C
Severe acute respiratory syndrome coronavirus 2,8UVM,Y3R,D,401,CCOC(=O)CCC(=O)NNC(=O)CCc1ccccc1C(=O)N[C@H](C)c2cccc(c2)c3ccsc3
Severe acute respiratory syndrome coronavirus 2,8UVM,Y3R,B,401,CCOC(=O)CCC(=O)NNC(=O)CCc1ccccc1C(=O)N[C@H](C)c2cccc(c2)c3ccsc3
Severe acute respiratory syndrome coronavirus 2,8UVM,Y3R,A,401,CCOC(=O)CCC(=O)NNC(=O)CCc1ccccc1C(=O)N[C@H](C)c2cccc(c2)c3ccsc3
Severe acute respiratory syndrome coronavirus 2,8UVM,Y3R,C,401,CCOC(=O)CCC(=O)NNC(=O)CCc1ccccc1C(=O)N[C@H](C)c2cccc(c2)c3ccsc3
Severe acute respiratory syndrome coronavirus 2,8V4U,YDL,A,401,CC(C)(C)[C@@H](C(=O)N1C[C@@H](C[C@H]1C(=O)N[C@@H](C[C@@H]2CCNC2=O)C=N)C(F)(F)F)NC(=O)OC
Severe acute respiratory syndrome coronavirus 2,8V4U,YDL,B,401,CC(C)(C)[C@@H](C(=O)N1C[C@@H](C[C@H]1C(=O)N[C@@H](C[C@@H]2CCNC2=O)C=N)C(F)(F)F)NC(=O)OC
Severe acute respiratory syndrome coronavirus 2,8V8E,7YY,A,301,Cn1cc2cc(c(cc2n1)Cl)NC3=NC(=O)N(C(=O)N3Cc4cc(c(cc4F)F)F)Cc5ncn(n5)C
Severe acute respiratory syndrome coronavirus 2,8V8E,7YY,B,301,Cn1cc2cc(c(cc2n1)Cl)NC3=NC(=O)N(C(=O)N3Cc4cc(c(cc4F)F)F)Cc5ncn(n5)C
Severe acute respiratory syndrome coronavirus 2,8V8G,7YY,A,201,Cn1cc2cc(c(cc2n1)Cl)NC3=NC(=O)N(C(=O)N3Cc4cc(c(cc4F)F)F)Cc5ncn(n5)C
Severe acute respiratory syndrome coronavirus 2,8V8G,7YY,B,201,Cn1cc2cc(c(cc2n1)Cl)NC3=NC(=O)N(C(=O)N3Cc4cc(c(cc4F)F)F)Cc5ncn(n5)C
Severe acute respiratory syndrome coronavirus 2,8WTI,X1Z,A,401,
Severe acute respiratory syndrome coronavirus 2,8WTI,X1Z,B,401,
Severe acute respiratory syndrome coronavirus 2,8WZP,XIU,B,401,c1ccc2c(c1)nnn2CC(=O)N(Cc3cccc(c3)Cl)c4ccc(cc4)c5cnc[nH]5
Severe acute respiratory syndrome coronavirus 2,8WZQ,XIU,A,401,c1ccc2c(c1)nnn2CC(=O)N(Cc3cccc(c3)Cl)c4ccc(cc4)c5cnc[nH]5
Severe acute respiratory syndrome coronavirus 2,8WZQ,XIU,B,401,c1ccc2c(c1)nnn2CC(=O)N(Cc3cccc(c3)Cl)c4ccc(cc4)c5cnc[nH]5
Severe acute respiratory syndrome coronavirus 2,8XUR,IDU,C,1313,[C@@H]1([C@H]([C@@H](O[C@@H]([C@@H]1OS(=O)(=O)O)O)C(=O)O)O)O
Severe acute respiratory syndrome coronavirus 2,8XUS,IDU,B,1317,[C@@H]1([C@H]([C@@H](O[C@@H]([C@@H]1OS(=O)(=O)O)O)C(=O)O)O)O
Severe acute respiratory syndrome coronavirus 2,8XUT,IDU,A,1317,[C@@H]1([C@H]([C@@H](O[C@@H]([C@@H]1OS(=O)(=O)O)O)C(=O)O)O)O
Severe acute respiratory syndrome coronavirus 2,8XUU,IDU,A,1306,[C@@H]1([C@H]([C@@H](O[C@@H]([C@@H]1OS(=O)(=O)O)O)C(=O)O)O)O
Severe acute respiratory syndrome coronavirus 2,8YRH,ROA,A,401,c1cc(c(cc1C[C@H](C(=O)O)OC(=O)/C=C/c2ccc(c(c2)O)O)O)O
Severe acute respiratory syndrome coronavirus 2,8YSA,ELL,B,4,C1CNC(=O)[C@@H]1C[C@@H](C=O)N
Severe acute respiratory syndrome coronavirus 2,8YSA,TBG,B,2,CC(C)(C)[C@@H](C(=O)O)N
Severe acute respiratory syndrome coronavirus 2,8YSA,BOC,B,1,CC(C)(C)OC(=O)O
Severe acute respiratory syndrome coronavirus 2,9ARQ,T2L,A,401,CC1([C@@H]2[C@H]1[C@H](N(C2)C(=O)[C@H](C(C)(C)C)NC(=O)C(F)(F)F)C(=O)N[C@@H](C[C@@H]3CCNC3=O)[C@@H](c4nc5c(cccc5s4)F)O)C
Severe acute respiratory syndrome coronavirus 2,9ARS,T2L,A,401,CC1([C@@H]2[C@H]1[C@H](N(C2)C(=O)[C@H](C(C)(C)C)NC(=O)C(F)(F)F)C(=O)N[C@@H](C[C@@H]3CCNC3=O)[C@@H](c4nc5c(cccc5s4)F)O)C
Severe acute respiratory syndrome coronavirus 2,9ARS,T2L,B,401,CC1([C@@H]2[C@H]1[C@H](N(C2)C(=O)[C@H](C(C)(C)C)NC(=O)C(F)(F)F)C(=O)N[C@@H](C[C@@H]3CCNC3=O)[C@@H](c4nc5c(cccc5s4)F)O)C
Severe acute respiratory syndrome coronavirus 2,9ART,V7G,D,401,CC(C)C[C@@H](C(=O)N[C@@H](C[C@@H]1CCNC1=O)[C@@H](c2nc3ccccc3s2)O)NC(=O)c4cc5c([nH]4)cccc5OC
Severe acute respiratory syndrome coronavirus 2,9ART,V7G,A,401,CC(C)C[C@@H](C(=O)N[C@@H](C[C@@H]1CCNC1=O)[C@@H](c2nc3ccccc3s2)O)NC(=O)c4cc5c([nH]4)cccc5OC
Severe acute respiratory syndrome coronavirus 2,9AUJ,4WI,A,401,[H]/N=C/[C@H](C[C@@H]1CCNC1=O)NC(=O)[C@@H]2[C@@H]3[C@@H](C3(C)C)CN2C(=O)[C@H](C(C)(C)C)NC(=O)C(F)(F)F
Severe acute respiratory syndrome coronavirus 2,9AUK,4WI,B,401,[H]/N=C/[C@H](C[C@@H]1CCNC1=O)NC(=O)[C@@H]2[C@@H]3[C@@H](C3(C)C)CN2C(=O)[C@H](C(C)(C)C)NC(=O)C(F)(F)F
Severe acute respiratory syndrome coronavirus 2,9AUK,4WI,A,401,[H]/N=C/[C@H](C[C@@H]1CCNC1=O)NC(=O)[C@@H]2[C@@H]3[C@@H](C3(C)C)CN2C(=O)[C@H](C(C)(C)C)NC(=O)C(F)(F)F
Severe acute respiratory syndrome coronavirus 2,9AUL,4WI,A,401,[H]/N=C/[C@H](C[C@@H]1CCNC1=O)NC(=O)[C@@H]2[C@@H]3[C@@H](C3(C)C)CN2C(=O)[C@H](C(C)(C)C)NC(=O)C(F)(F)F
Severe acute respiratory syndrome coronavirus 2,9AUM,4WI,A,401,[H]/N=C/[C@H](C[C@@H]1CCNC1=O)NC(=O)[C@@H]2[C@@H]3[C@@H](C3(C)C)CN2C(=O)[C@H](C(C)(C)C)NC(=O)C(F)(F)F
Severe acute respiratory syndrome coronavirus 2,9AVQ,4WI,A,401,[H]/N=C/[C@H](C[C@@H]1CCNC1=O)NC(=O)[C@@H]2[C@@H]3[C@@H](C3(C)C)CN2C(=O)[C@H](C(C)(C)C)NC(=O)C(F)(F)F
Severe acute respiratory syndrome coronavirus 2,9BPF,YDL,A,401,CC(C)(C)[C@@H](C(=O)N1C[C@@H](C[C@H]1C(=O)N[C@@H](C[C@@H]2CCNC2=O)C=N)C(F)(F)F)NC(=O)OC
Severe acute respiratory syndrome coronavirus 2,9BPF,YDL,B,401,CC(C)(C)[C@@H](C(=O)N1C[C@@H](C[C@H]1C(=O)N[C@@H](C[C@@H]2CCNC2=O)C=N)C(F)(F)F)NC(=O)OC
Severe acute respiratory syndrome coronavirus 2,9EMJ,GTA,A,7102,C[n+]1cn(c2c1C(=O)NC(=N2)N)[C@H]3[C@@H]([C@@H]([C@H](O3)CO[P@@](=O)(O)O[P@@](=O)(O)O[P@@](=O)(O)OC[C@@H]4[C@H]([C@H]([C@@H](O4)n5cnc6c5ncnc6N)O)O)O)O
Severe acute respiratory syndrome coronavirus 2,9EMJ,TO1,A,7101,c1c(c2c(ncnc2n1[C@H]3[C@@H]([C@@H]([C@H](O3)CO)O)O)N)C#N
Severe acute respiratory syndrome coronavirus 2,9EMJ,MGP,A,7103,C[n+]1cn(c2c1C(=O)NC(=N2)N)[C@H]3[C@@H]([C@@H]([C@H](O3)CO[P@@](=O)(O)O[P@@](=O)(O)OP(=O)(O)O)O)O
Severe acute respiratory syndrome coronavirus 2,9EML,SAM,A,7203,C[S@@+](CC[C@@H](C(=O)[O-])N)C[C@@H]1[C@H]([C@H]([C@@H](O1)n2cnc3c2ncnc3N)O)O
Severe acute respiratory syndrome coronavirus 2,9EML,GTA,A,7201,C[n+]1cn(c2c1C(=O)NC(=N2)N)[C@H]3[C@@H]([C@@H]([C@H](O3)CO[P@@](=O)(O)O[P@@](=O)(O)O[P@@](=O)(O)OC[C@@H]4[C@H]([C@H]([C@@H](O4)n5cnc6c5ncnc6N)O)O)O)O
Severe acute respiratory syndrome coronavirus 2,9EML,V9G,A,7216,CN1C=[N](C2=C1C(=O)NC(=N2)N)[C@H]3[C@@H]([C@@H]([C@H](O3)COP(=O)(O)OP(=O)(O)OP(=O)(O)OC[C@@H]4[C@H]([C@H]([C@@H](O4)n5cnc6c5ncnc6N)OC)O)O)O
Severe acute respiratory syndrome coronavirus 2,9EML,EDT,A,7213,C(CN(CC(=O)O)CC(=O)O)N(CC(=O)O)CC(=O)O
Severe acute respiratory syndrome coronavirus 2,9EMV,SAH,A,7204,c1nc(c2c(n1)n(cn2)[C@H]3[C@@H]([C@@H]([C@H](O3)CSCC[C@@H](C(=O)O)N)O)O)N
Severe acute respiratory syndrome coronavirus 2,9EMV,GTA,A,7202,C[n+]1cn(c2c1C(=O)NC(=N2)N)[C@H]3[C@@H]([C@@H]([C@H](O3)CO[P@@](=O)(O)O[P@@](=O)(O)O[P@@](=O)(O)OC[C@@H]4[C@H]([C@H]([C@@H](O4)n5cnc6c5ncnc6N)O)O)O)O
Severe acute respiratory syndrome coronavirus 2,9EMV,V9G,A,7211,CN1C=[N](C2=C1C(=O)NC(=N2)N)[C@H]3[C@@H]([C@@H]([C@H](O3)COP(=O)(O)OP(=O)(O)OP(=O)(O)OC[C@@H]4[C@H]([C@H]([C@@H](O4)n5cnc6c5ncnc6N)OC)O)O)O
Severe acute respiratory syndrome coronavirus 2,9EMV,SGV,A,7201,c1c(c2c(ncnc2n1[C@H]3[C@@H]([C@@H]([C@H](O3)CO)O)O)N)C(=O)N
Severe acute respiratory syndrome coronavirus 2,9EUN,SAM,A,7202,C[S@@+](CC[C@@H](C(=O)[O-])N)C[C@@H]1[C@H]([C@H]([C@@H](O1)n2cnc3c2ncnc3N)O)O
Severe acute respiratory syndrome coronavirus 2,9EUN,MGP,A,7203,C[n+]1cn(c2c1C(=O)NC(=N2)N)[C@H]3[C@@H]([C@@H]([C@H](O3)CO[P@@](=O)(O)O[P@@](=O)(O)OP(=O)(O)O)O)O
