entry_id,deposited_model_num,label_asym_id,component_id,auth_asym_id,auth_seq_id,insertion_code_normalized,mapping_reason_class,algorithm_queue,preflight_mapping_status,heavy_atoms_structural,heavy_atoms_reference,heavy_atoms_mapped,heavy_atom_mapping_fraction,remediation_status,notes
1A9M,1,C,U0E,B,100,,P11_OTHER,QUEUE_BOND_TEMPLATE,partial_adapter_limitation,42,42,41,0.97619,pending,Stage 2I QC-controlled mapping deferral
1AXA,1,C,U0E,A,100,,P11_OTHER,QUEUE_BOND_TEMPLATE,partial_adapter_limitation,42,42,41,0.97619,pending,Stage 2I QC-controlled mapping deferral
1AXA,1,D,U0E,A,101,,P11_OTHER,QUEUE_BOND_TEMPLATE,partial_adapter_limitation,42,42,41,0.97619,pending,Stage 2I QC-controlled mapping deferral
1BQM,1,C,HBY,A,557,,P11_OTHER,QUEUE_BOND_TEMPLATE,partial_adapter_limitation,22,22,21,0.954545,pending,Stage 2I QC-controlled mapping deferral
1BQN,1,C,HBY,A,559,,P11_OTHER,QUEUE_BOND_TEMPLATE,partial_adapter_limitation,22,22,21,0.954545,pending,Stage 2I QC-controlled mapping deferral
1BWB,1,C,146,B,641,,P7_MCS_TIMEOUT,QUEUE_COMPLEX_GRAPH,mapping_timeout,,,,,pending,Stage 2I QC-controlled mapping deferral
1D4K,1,E,PI8,A,201,,P11_OTHER,QUEUE_BOND_TEMPLATE,partial_adapter_limitation,51,51,1,0.019608,pending,Stage 2I QC-controlled mapping deferral
1D4L,1,E,PI9,A,201,,P11_OTHER,QUEUE_BOND_TEMPLATE,partial_adapter_limitation,43,43,1,0.023256,pending,Stage 2I QC-controlled mapping deferral
1D4S,1,C,TPV,A,201,,P11_OTHER,QUEUE_BOND_TEMPLATE,partial_adapter_limitation,42,42,24,0.571429,pending,Stage 2I QC-controlled mapping deferral
1D4Y,1,C,TPV,A,501,,P11_OTHER,QUEUE_BOND_TEMPLATE,partial_adapter_limitation,42,42,24,0.571429,pending,Stage 2I QC-controlled mapping deferral
1DAZ,1,C,0Q4,D,601,,P1_EXACT_HEAVY_TOPOLOGY_MCS_PARTIAL,QUEUE_EXACT_GRAPH,partial_adapter_limitation,59,59,58,0.983051,pending,Stage 2I QC-controlled mapping deferral
1DTQ,1,C,FPT,A,999,,P11_OTHER,QUEUE_BOND_TEMPLATE,partial_adapter_limitation,24,24,22,0.916667,pending,Stage 2I QC-controlled mapping deferral
1DTT,1,C,FTC,A,999,,P11_OTHER,QUEUE_BOND_TEMPLATE,partial_adapter_limitation,23,23,22,0.956522,pending,Stage 2I QC-controlled mapping deferral
1DW6,1,C,0Q4,D,401,,P1_EXACT_HEAVY_TOPOLOGY_MCS_PARTIAL,QUEUE_EXACT_GRAPH,partial_adapter_limitation,59,59,58,0.983051,pending,Stage 2I QC-controlled mapping deferral
1EBK,1,E,0Q4,D,201,,P1_EXACT_HEAVY_TOPOLOGY_MCS_PARTIAL,QUEUE_EXACT_GRAPH,partial_adapter_limitation,59,59,58,0.983051,pending,Stage 2I QC-controlled mapping deferral
1EBK,1,F,0Q4,E,501,,P1_EXACT_HEAVY_TOPOLOGY_MCS_PARTIAL,QUEUE_EXACT_GRAPH,partial_adapter_limitation,59,59,58,0.983051,pending,Stage 2I QC-controlled mapping deferral
1FEJ,1,C,2NC,D,400,,P3_SMALL_ATOMSET_DIFFERENCE,QUEUE_LOCAL_RECOVERY,partial_adapter_limitation,54,54,53,0.981481,pending,Stage 2I QC-controlled mapping deferral
1FF0,1,C,2NC,C,300,,P3_SMALL_ATOMSET_DIFFERENCE,QUEUE_LOCAL_RECOVERY,partial_adapter_limitation,54,54,53,0.981481,pending,Stage 2I QC-controlled mapping deferral
1FFF,1,C,0Q4,D,401,,P1_EXACT_HEAVY_TOPOLOGY_MCS_PARTIAL,QUEUE_EXACT_GRAPH,partial_adapter_limitation,59,59,58,0.983051,pending,Stage 2I QC-controlled mapping deferral
1FFI,1,C,2NC,D,300,,P3_SMALL_ATOMSET_DIFFERENCE,QUEUE_LOCAL_RECOVERY,partial_adapter_limitation,54,54,53,0.981481,pending,Stage 2I QC-controlled mapping deferral
1FG6,1,C,2NC,D,300,,P3_SMALL_ATOMSET_DIFFERENCE,QUEUE_LOCAL_RECOVERY,partial_adapter_limitation,54,54,53,0.981481,pending,Stage 2I QC-controlled mapping deferral
1FG8,1,C,0Q4,C,401,,P1_EXACT_HEAVY_TOPOLOGY_MCS_PARTIAL,QUEUE_EXACT_GRAPH,partial_adapter_limitation,59,59,58,0.983051,pending,Stage 2I QC-controlled mapping deferral
1FGC,1,C,2NC,C,300,,P3_SMALL_ATOMSET_DIFFERENCE,QUEUE_LOCAL_RECOVERY,partial_adapter_limitation,54,54,53,0.981481,pending,Stage 2I QC-controlled mapping deferral
1FK9,1,C,EFZ,A,999,,P11_OTHER,QUEUE_BOND_TEMPLATE,partial_adapter_limitation,21,21,17,0.809524,pending,Stage 2I QC-controlled mapping deferral
1FKO,1,C,EFZ,A,999,,P11_OTHER,QUEUE_BOND_TEMPLATE,partial_adapter_limitation,21,21,17,0.809524,pending,Stage 2I QC-controlled mapping deferral
1GNM,1,C,U0E,A,100,,P11_OTHER,QUEUE_BOND_TEMPLATE,partial_adapter_limitation,42,42,41,0.97619,pending,Stage 2I QC-controlled mapping deferral
1GNM,1,D,U0E,A,101,,P11_OTHER,QUEUE_BOND_TEMPLATE,partial_adapter_limitation,42,42,41,0.97619,pending,Stage 2I QC-controlled mapping deferral
1GNN,1,C,U0E,A,100,,P11_OTHER,QUEUE_BOND_TEMPLATE,partial_adapter_limitation,42,42,41,0.97619,pending,Stage 2I QC-controlled mapping deferral
1GNN,1,D,U0E,A,101,,P11_OTHER,QUEUE_BOND_TEMPLATE,partial_adapter_limitation,42,42,41,0.97619,pending,Stage 2I QC-controlled mapping deferral
1GNO,1,C,U0E,B,100,,P11_OTHER,QUEUE_BOND_TEMPLATE,partial_adapter_limitation,42,42,41,0.97619,pending,Stage 2I QC-controlled mapping deferral
1GNO,1,D,U0E,B,101,,P11_OTHER,QUEUE_BOND_TEMPLATE,partial_adapter_limitation,42,42,41,0.97619,pending,Stage 2I QC-controlled mapping deferral
1HBV,1,C,GAN,A,600,,P11_OTHER,QUEUE_BOND_TEMPLATE,partial_adapter_limitation,42,42,21,0.5,pending,Stage 2I QC-controlled mapping deferral
1HNV,1,C,TBO,A,559,,P11_OTHER,QUEUE_BOND_TEMPLATE,partial_adapter_limitation,21,21,17,0.809524,pending,Stage 2I QC-controlled mapping deferral
1HPO,1,C,UNI,B,100,,P11_OTHER,QUEUE_BOND_TEMPLATE,partial_adapter_limitation,36,36,35,0.972222,pending,Stage 2I QC-controlled mapping deferral
1HQU,1,C,HBY,A,561,,P11_OTHER,QUEUE_BOND_TEMPLATE,partial_adapter_limitation,22,22,21,0.954545,pending,Stage 2I QC-controlled mapping deferral
1HVH,1,C,Q82,B,265,,P11_OTHER,QUEUE_BOND_TEMPLATE,partial_adapter_limitation,44,44,41,0.931818,pending,Stage 2I QC-controlled mapping deferral
1HWR,1,C,216,B,216,,P11_OTHER,QUEUE_BOND_TEMPLATE,partial_adapter_limitation,30,30,28,0.933333,pending,Stage 2I QC-controlled mapping deferral
1IKV,1,C,EFZ,A,2000,,P11_OTHER,QUEUE_BOND_TEMPLATE,partial_adapter_limitation,21,21,17,0.809524,pending,Stage 2I QC-controlled mapping deferral
1IKW,1,C,EFZ,A,2000,,P11_OTHER,QUEUE_BOND_TEMPLATE,partial_adapter_limitation,21,21,17,0.809524,pending,Stage 2I QC-controlled mapping deferral
1IKY,1,C,MSD,A,2000,,P11_OTHER,QUEUE_BOND_TEMPLATE,partial_adapter_limitation,27,27,25,0.925926,pending,Stage 2I QC-controlled mapping deferral
1JKH,1,C,EFZ,A,999,,P11_OTHER,QUEUE_BOND_TEMPLATE,partial_adapter_limitation,21,21,17,0.809524,pending,Stage 2I QC-controlled mapping deferral
1JLC,1,C,FTC,A,999,,P11_OTHER,QUEUE_BOND_TEMPLATE,partial_adapter_limitation,23,23,22,0.956522,pending,Stage 2I QC-controlled mapping deferral
1JLG,1,C,UC1,A,999,,P11_OTHER,QUEUE_BOND_TEMPLATE,partial_adapter_limitation,22,22,18,0.818182,pending,Stage 2I QC-controlled mapping deferral
1JLQ,1,C,SBN,A,999,,P11_OTHER,QUEUE_BOND_TEMPLATE,partial_adapter_limitation,20,20,19,0.95,pending,Stage 2I QC-controlled mapping deferral
1K1T,1,C,0Q4,B,201,,P1_EXACT_HEAVY_TOPOLOGY_MCS_PARTIAL,QUEUE_EXACT_GRAPH,partial_adapter_limitation,59,59,58,0.983051,pending,Stage 2I QC-controlled mapping deferral
1K1U,1,C,0Q4,B,301,,P1_EXACT_HEAVY_TOPOLOGY_MCS_PARTIAL,QUEUE_EXACT_GRAPH,partial_adapter_limitation,59,59,58,0.983051,pending,Stage 2I QC-controlled mapping deferral
1K2B,1,C,0Q4,A,401,,P1_EXACT_HEAVY_TOPOLOGY_MCS_PARTIAL,QUEUE_EXACT_GRAPH,partial_adapter_limitation,59,59,58,0.983051,pending,Stage 2I QC-controlled mapping deferral
1K2C,1,C,0Q4,B,401,,P1_EXACT_HEAVY_TOPOLOGY_MCS_PARTIAL,QUEUE_EXACT_GRAPH,partial_adapter_limitation,59,59,58,0.983051,pending,Stage 2I QC-controlled mapping deferral
1K5M,1,E,SPH,A,1971,,P11_OTHER,QUEUE_BOND_TEMPLATE,partial_adapter_limitation,21,21,14,0.666667,pending,Stage 2I QC-controlled mapping deferral
1MTR,1,E,PI6,B,101,,P5_LARGE_GRAPH_DIFFERENCE,QUEUE_CURATION_REVIEW,partial_adapter_limitation,43,43,1,0.023256,pending,Stage 2I QC-controlled mapping deferral
1NPV,1,C,L27,A,479,,P11_OTHER,QUEUE_BOND_TEMPLATE,partial_adapter_limitation,44,44,28,0.636364,pending,Stage 2I QC-controlled mapping deferral
1NPW,1,C,LGZ,A,479,,P11_OTHER,QUEUE_BOND_TEMPLATE,partial_adapter_limitation,46,46,28,0.608696,pending,Stage 2I QC-controlled mapping deferral
1QBT,1,C,146,B,300,,P7_MCS_TIMEOUT,QUEUE_COMPLEX_GRAPH,mapping_timeout,,,,,pending,Stage 2I QC-controlled mapping deferral
1QS4,1,E,100,A,1004,,P11_OTHER,QUEUE_BOND_TEMPLATE,partial_adapter_limitation,20,20,13,0.65,pending,Stage 2I QC-controlled mapping deferral
1REV,1,D,TB9,A,999,,P11_OTHER,QUEUE_BOND_TEMPLATE,partial_adapter_limitation,21,21,17,0.809524,pending,Stage 2I QC-controlled mapping deferral
1RT4,1,D,UC1,A,999,,P11_OTHER,QUEUE_BOND_TEMPLATE,partial_adapter_limitation,22,22,18,0.818182,pending,Stage 2I QC-controlled mapping deferral
1RT5,1,D,UC2,A,999,,P11_OTHER,QUEUE_BOND_TEMPLATE,partial_adapter_limitation,23,23,16,0.695652,pending,Stage 2I QC-controlled mapping deferral
1RT6,1,D,UC3,A,999,,P11_OTHER,QUEUE_BOND_TEMPLATE,partial_adapter_limitation,20,20,19,0.95,pending,Stage 2I QC-controlled mapping deferral
1RT7,1,D,UC4,A,999,,P11_OTHER,QUEUE_BOND_TEMPLATE,partial_adapter_limitation,23,23,17,0.73913,pending,Stage 2I QC-controlled mapping deferral
1S1T,1,D,UC1,A,999,,P11_OTHER,QUEUE_BOND_TEMPLATE,partial_adapter_limitation,22,22,18,0.818182,pending,Stage 2I QC-controlled mapping deferral
1S1W,1,C,UC1,A,999,,P11_OTHER,QUEUE_BOND_TEMPLATE,partial_adapter_limitation,22,22,18,0.818182,pending,Stage 2I QC-controlled mapping deferral
1S6P,1,D,IET,A,701,,P11_OTHER,QUEUE_BOND_TEMPLATE,partial_adapter_limitation,23,23,20,0.869565,pending,Stage 2I QC-controlled mapping deferral
1S6Q,1,C,TPB,A,701,,P11_OTHER,QUEUE_BOND_TEMPLATE,partial_adapter_limitation,25,25,24,0.96,pending,Stage 2I QC-controlled mapping deferral
1S9E,1,C,ADB,A,701,,P11_OTHER,QUEUE_BOND_TEMPLATE,partial_adapter_limitation,25,25,24,0.96,pending,Stage 2I QC-controlled mapping deferral
1S9G,1,C,ABZ,A,701,,P11_OTHER,QUEUE_BOND_TEMPLATE,partial_adapter_limitation,27,27,26,0.962963,pending,Stage 2I QC-controlled mapping deferral
1SUQ,1,D,185,A,600,,P11_OTHER,QUEUE_BOND_TEMPLATE,partial_adapter_limitation,29,29,27,0.931034,pending,Stage 2I QC-controlled mapping deferral
1SV5,1,C,65B,A,600,,P11_OTHER,QUEUE_BOND_TEMPLATE,partial_adapter_limitation,28,28,26,0.928571,pending,Stage 2I QC-controlled mapping deferral
1T7K,1,C,BH0,B,1000,,P11_OTHER,QUEUE_BOND_TEMPLATE,partial_adapter_limitation,43,43,42,0.976744,pending,Stage 2I QC-controlled mapping deferral
1TKX,1,C,GWB,A,999,,P11_OTHER,QUEUE_BOND_TEMPLATE,partial_adapter_limitation,21,21,17,0.809524,pending,Stage 2I QC-controlled mapping deferral
1TVR,1,C,TB9,A,600,,P11_OTHER,QUEUE_BOND_TEMPLATE,partial_adapter_limitation,21,21,17,0.809524,pending,Stage 2I QC-controlled mapping deferral
1UWB,1,C,TBO,A,559,,P11_OTHER,QUEUE_BOND_TEMPLATE,partial_adapter_limitation,21,21,17,0.809524,pending,Stage 2I QC-controlled mapping deferral
1YT9,1,C,OIS,A,1000,,P11_OTHER,QUEUE_BOND_TEMPLATE,partial_adapter_limitation,48,48,46,0.958333,pending,Stage 2I QC-controlled mapping deferral
2AOC,1,J,2NC,B,400,,P3_SMALL_ATOMSET_DIFFERENCE,QUEUE_LOCAL_RECOVERY,partial_adapter_limitation,54,54,53,0.981481,pending,Stage 2I QC-controlled mapping deferral
2AOD,1,E,2NC,B,400,,P3_SMALL_ATOMSET_DIFFERENCE,QUEUE_LOCAL_RECOVERY,partial_adapter_limitation,54,54,53,0.981481,pending,Stage 2I QC-controlled mapping deferral
2AOE,1,I,0Q4,B,301,,P1_EXACT_HEAVY_TOPOLOGY_MCS_PARTIAL,QUEUE_EXACT_GRAPH,partial_adapter_limitation,59,59,58,0.983051,pending,Stage 2I QC-controlled mapping deferral
2AOG,1,C,2NC,A,400,,P3_SMALL_ATOMSET_DIFFERENCE,QUEUE_LOCAL_RECOVERY,partial_adapter_limitation,54,54,53,0.981481,pending,Stage 2I QC-controlled mapping deferral
2AVM,1,D,2NC,B,300,,P3_SMALL_ATOMSET_DIFFERENCE,QUEUE_LOCAL_RECOVERY,partial_adapter_limitation,54,54,53,0.981481,pending,Stage 2I QC-controlled mapping deferral
2AVQ,1,E,2NC,B,300,,P3_SMALL_ATOMSET_DIFFERENCE,QUEUE_LOCAL_RECOVERY,partial_adapter_limitation,54,54,53,0.981481,pending,Stage 2I QC-controlled mapping deferral
2B5J,1,D,3AC,A,562,,P11_OTHER,QUEUE_BOND_TEMPLATE,partial_adapter_limitation,22,22,19,0.863636,pending,Stage 2I QC-controlled mapping deferral
2BB9,1,C,AKC,A,401,,P11_OTHER,QUEUE_BOND_TEMPLATE,partial_adapter_limitation,46,46,28,0.608696,pending,Stage 2I QC-controlled mapping deferral
2BBB,1,C,HH1,A,301,,P11_OTHER,QUEUE_BOND_TEMPLATE,partial_adapter_limitation,46,46,28,0.608696,pending,Stage 2I QC-controlled mapping deferral
2HNZ,1,E,PC0,A,999,,P11_OTHER,QUEUE_BOND_TEMPLATE,partial_adapter_limitation,23,23,22,0.956522,pending,Stage 2I QC-controlled mapping deferral
2I5J,1,G,K05,A,4001,,P11_OTHER,QUEUE_BOND_TEMPLATE,partial_adapter_limitation,25,25,13,0.52,pending,Stage 2I QC-controlled mapping deferral
2IC3,1,D,HBY,A,562,,P11_OTHER,QUEUE_BOND_TEMPLATE,partial_adapter_limitation,22,22,21,0.954545,pending,Stage 2I QC-controlled mapping deferral
2J9K,1,C,2NC,A,0,,P3_SMALL_ATOMSET_DIFFERENCE,QUEUE_LOCAL_RECOVERY,partial_adapter_limitation,54,54,53,0.981481,pending,Stage 2I QC-controlled mapping deferral
2JLE,1,C,I15,A,1546,,P11_OTHER,QUEUE_BOND_TEMPLATE,partial_adapter_limitation,22,22,20,0.909091,pending,Stage 2I QC-controlled mapping deferral
2O40,1,B,2NC,A,0,,P3_SMALL_ATOMSET_DIFFERENCE,QUEUE_LOCAL_RECOVERY,partial_adapter_limitation,54,54,53,0.981481,pending,Stage 2I QC-controlled mapping deferral
2O4L,1,D,TPV,A,403,,P11_OTHER,QUEUE_BOND_TEMPLATE,partial_adapter_limitation,42,42,24,0.571429,pending,Stage 2I QC-controlled mapping deferral
2O4N,1,C,TPV,A,300,,P11_OTHER,QUEUE_BOND_TEMPLATE,partial_adapter_limitation,42,42,24,0.571429,pending,Stage 2I QC-controlled mapping deferral
2O4P,1,C,TPV,A,300,,P11_OTHER,QUEUE_BOND_TEMPLATE,partial_adapter_limitation,42,42,24,0.571429,pending,Stage 2I QC-controlled mapping deferral
2QHZ,1,E,MZ2,A,200,,P11_OTHER,QUEUE_BOND_TEMPLATE,partial_adapter_limitation,40,40,34,0.85,pending,Stage 2I QC-controlled mapping deferral
2UPJ,1,C,U02,A,100,,P11_OTHER,QUEUE_BOND_TEMPLATE,partial_adapter_limitation,41,41,39,0.95122,pending,Stage 2I QC-controlled mapping deferral
2VG5,1,C,NNC,A,1551,,P11_OTHER,QUEUE_BOND_TEMPLATE,partial_adapter_limitation,24,24,23,0.958333,pending,Stage 2I QC-controlled mapping deferral
2VG6,1,C,NNB,A,1551,,P11_OTHER,QUEUE_BOND_TEMPLATE,partial_adapter_limitation,24,24,23,0.958333,pending,Stage 2I QC-controlled mapping deferral
2VG7,1,C,NNI,A,1551,,P11_OTHER,QUEUE_BOND_TEMPLATE,partial_adapter_limitation,24,24,23,0.958333,pending,Stage 2I QC-controlled mapping deferral
2WOM,1,C,ZZE,A,1558,,P11_OTHER,QUEUE_BOND_TEMPLATE,partial_adapter_limitation,23,23,21,0.913043,pending,Stage 2I QC-controlled mapping deferral
2WON,1,C,ZZE,A,1558,,P11_OTHER,QUEUE_BOND_TEMPLATE,partial_adapter_limitation,23,23,21,0.913043,pending,Stage 2I QC-controlled mapping deferral
2YNF,1,G,WHU,A,1563,,P11_OTHER,QUEUE_BOND_TEMPLATE,partial_adapter_limitation,29,29,28,0.965517,pending,Stage 2I QC-controlled mapping deferral
2YNG,1,G,WHU,A,1563,,P11_OTHER,QUEUE_BOND_TEMPLATE,partial_adapter_limitation,29,29,28,0.965517,pending,Stage 2I QC-controlled mapping deferral
2YNH,1,D,EUR,A,1560,,P11_OTHER,QUEUE_BOND_TEMPLATE,partial_adapter_limitation,30,30,29,0.966667,pending,Stage 2I QC-controlled mapping deferral
2YNI,1,E,CXD,A,1561,,P11_OTHER,QUEUE_BOND_TEMPLATE,partial_adapter_limitation,28,28,27,0.964286,pending,Stage 2I QC-controlled mapping deferral
2ZD1,1,D,T27,A,557,,P1_EXACT_HEAVY_TOPOLOGY_MCS_PARTIAL,QUEUE_EXACT_GRAPH,partial_adapter_limitation,28,28,24,0.857143,pending,Stage 2I QC-controlled mapping deferral
2ZE2,1,C,T27,A,556,,P1_EXACT_HEAVY_TOPOLOGY_MCS_PARTIAL,QUEUE_EXACT_GRAPH,partial_adapter_limitation,28,28,24,0.857143,pending,Stage 2I QC-controlled mapping deferral
3BGR,1,C,T27,A,556,,P1_EXACT_HEAVY_TOPOLOGY_MCS_PARTIAL,QUEUE_EXACT_GRAPH,partial_adapter_limitation,28,28,24,0.857143,pending,Stage 2I QC-controlled mapping deferral
3BVA,1,D,2NC,B,200,,P3_SMALL_ATOMSET_DIFFERENCE,QUEUE_LOCAL_RECOVERY,partial_adapter_limitation,54,54,53,0.981481,pending,Stage 2I QC-controlled mapping deferral
3C6T,1,C,M14,A,561,,P11_OTHER,QUEUE_BOND_TEMPLATE,partial_adapter_limitation,33,33,32,0.969697,pending,Stage 2I QC-controlled mapping deferral
3C6U,1,C,M22,A,561,,P11_OTHER,QUEUE_BOND_TEMPLATE,partial_adapter_limitation,28,28,27,0.964286,pending,Stage 2I QC-controlled mapping deferral
3CKT,1,D,YDP,A,2501,,P5_LARGE_GRAPH_DIFFERENCE,QUEUE_CURATION_REVIEW,partial_adapter_limitation,41,41,35,0.853659,pending,Stage 2I QC-controlled mapping deferral
3DOK,1,D,GWJ,A,999,,P11_OTHER,QUEUE_BOND_TEMPLATE,partial_adapter_limitation,34,34,33,0.970588,pending,Stage 2I QC-controlled mapping deferral
3DOL,1,E,GWI,A,999,,P11_OTHER,QUEUE_BOND_TEMPLATE,partial_adapter_limitation,38,38,37,0.973684,pending,Stage 2I QC-controlled mapping deferral
3DRP,1,C,R8E,A,601,,P11_OTHER,QUEUE_BOND_TEMPLATE,partial_adapter_limitation,29,29,28,0.965517,pending,Stage 2I QC-controlled mapping deferral
3DRR,1,C,R8E,A,601,,P11_OTHER,QUEUE_BOND_TEMPLATE,partial_adapter_limitation,29,29,28,0.965517,pending,Stage 2I QC-controlled mapping deferral
3DRS,1,C,R8D,A,601,,P11_OTHER,QUEUE_BOND_TEMPLATE,partial_adapter_limitation,28,28,27,0.964286,pending,Stage 2I QC-controlled mapping deferral
3DYA,1,C,PZL,A,562,,P11_OTHER,QUEUE_BOND_TEMPLATE,partial_adapter_limitation,28,28,27,0.964286,pending,Stage 2I QC-controlled mapping deferral
3E01,1,C,PZ2,A,562,,P11_OTHER,QUEUE_BOND_TEMPLATE,partial_adapter_limitation,27,27,26,0.962963,pending,Stage 2I QC-controlled mapping deferral
3FFI,1,C,3OB,A,561,,P11_OTHER,QUEUE_BOND_TEMPLATE,partial_adapter_limitation,33,33,32,0.969697,pending,Stage 2I QC-controlled mapping deferral
3FSM,1,B,2NC,A,204,,P3_SMALL_ATOMSET_DIFFERENCE,QUEUE_LOCAL_RECOVERY,partial_adapter_limitation,54,54,53,0.981481,pending,Stage 2I QC-controlled mapping deferral
3HAU,1,C,2NC,A,0,,P3_SMALL_ATOMSET_DIFFERENCE,QUEUE_LOCAL_RECOVERY,partial_adapter_limitation,54,54,53,0.981481,pending,Stage 2I QC-controlled mapping deferral
3HAW,1,C,2NC,B,0,,P3_SMALL_ATOMSET_DIFFERENCE,QUEUE_LOCAL_RECOVERY,partial_adapter_limitation,54,54,53,0.981481,pending,Stage 2I QC-controlled mapping deferral
3HBO,1,C,2NC,A,0,,P3_SMALL_ATOMSET_DIFFERENCE,QUEUE_LOCAL_RECOVERY,partial_adapter_limitation,54,54,53,0.981481,pending,Stage 2I QC-controlled mapping deferral
3HDK,1,C,2NC,B,0,,P3_SMALL_ATOMSET_DIFFERENCE,QUEUE_LOCAL_RECOVERY,partial_adapter_limitation,54,54,53,0.981481,pending,Stage 2I QC-controlled mapping deferral
3HZC,1,B,2NC,A,301,,P3_SMALL_ATOMSET_DIFFERENCE,QUEUE_LOCAL_RECOVERY,partial_adapter_limitation,54,54,53,0.981481,pending,Stage 2I QC-controlled mapping deferral
3I2L,1,C,2NC,B,100,,P3_SMALL_ATOMSET_DIFFERENCE,QUEUE_LOCAL_RECOVERY,partial_adapter_limitation,54,54,53,0.981481,pending,Stage 2I QC-controlled mapping deferral
3I6O,1,Y,GR6,B,301,,P11_OTHER,QUEUE_BOND_TEMPLATE,partial_adapter_limitation,44,44,24,0.545455,pending,Stage 2I QC-controlled mapping deferral
3IA9,1,C,2NC,A,100,,P3_SMALL_ATOMSET_DIFFERENCE,QUEUE_LOCAL_RECOVERY,partial_adapter_limitation,54,54,53,0.981481,pending,Stage 2I QC-controlled mapping deferral
3IAW,1,B,2NC,A,204,,P3_SMALL_ATOMSET_DIFFERENCE,QUEUE_LOCAL_RECOVERY,partial_adapter_limitation,54,54,53,0.981481,pending,Stage 2I QC-controlled mapping deferral
3IRX,1,C,UDR,A,556,,P11_OTHER,QUEUE_BOND_TEMPLATE,partial_adapter_limitation,36,36,26,0.722222,pending,Stage 2I QC-controlled mapping deferral
3IS9,1,C,AC7,A,556,,P11_OTHER,QUEUE_BOND_TEMPLATE,partial_adapter_limitation,37,37,27,0.72973,pending,Stage 2I QC-controlled mapping deferral
3ISN,1,C,EDM,C,561,,P11_OTHER,QUEUE_BOND_TEMPLATE,partial_adapter_limitation,15,15,14,0.933333,pending,Stage 2I QC-controlled mapping deferral
3ITH,1,E,EDM,A,561,,P11_OTHER,QUEUE_BOND_TEMPLATE,partial_adapter_limitation,15,15,14,0.933333,pending,Stage 2I QC-controlled mapping deferral
3ITH,1,F,EDM,C,561,,P11_OTHER,QUEUE_BOND_TEMPLATE,partial_adapter_limitation,15,15,14,0.933333,pending,Stage 2I QC-controlled mapping deferral
3KA2,1,B,2NC,A,204,,P3_SMALL_ATOMSET_DIFFERENCE,QUEUE_LOCAL_RECOVERY,partial_adapter_limitation,54,54,53,0.981481,pending,Stage 2I QC-controlled mapping deferral
3KK1,1,I,914,A,825,,P11_OTHER,QUEUE_BOND_TEMPLATE,partial_adapter_limitation,30,30,11,0.366667,pending,Stage 2I QC-controlled mapping deferral
3KLE,1,BA,ZP4,I,823,,P11_OTHER,QUEUE_BOND_TEMPLATE,partial_adapter_limitation,53,53,51,0.962264,pending,Stage 2I QC-controlled mapping deferral
3KLE,1,EA,ZP4,M,823,,P11_OTHER,QUEUE_BOND_TEMPLATE,partial_adapter_limitation,53,53,51,0.962264,pending,Stage 2I QC-controlled mapping deferral
3KLE,1,T,ZP4,A,823,,P11_OTHER,QUEUE_BOND_TEMPLATE,partial_adapter_limitation,53,53,51,0.962264,pending,Stage 2I QC-controlled mapping deferral
3KLE,1,X,ZP4,E,823,,P11_OTHER,QUEUE_BOND_TEMPLATE,partial_adapter_limitation,53,53,51,0.962264,pending,Stage 2I QC-controlled mapping deferral
3KLF,1,AA,ZP4,I,823,,P11_OTHER,QUEUE_BOND_TEMPLATE,partial_adapter_limitation,53,53,51,0.962264,pending,Stage 2I QC-controlled mapping deferral
3KLF,1,DA,ZP4,M,823,,P11_OTHER,QUEUE_BOND_TEMPLATE,partial_adapter_limitation,53,53,51,0.962264,pending,Stage 2I QC-controlled mapping deferral
3KLF,1,S,ZP4,A,823,,P11_OTHER,QUEUE_BOND_TEMPLATE,partial_adapter_limitation,53,53,51,0.962264,pending,Stage 2I QC-controlled mapping deferral
3KLF,1,W,ZP4,E,823,,P11_OTHER,QUEUE_BOND_TEMPLATE,partial_adapter_limitation,53,53,51,0.962264,pending,Stage 2I QC-controlled mapping deferral
3LAK,1,C,KR1,A,701,,P11_OTHER,QUEUE_BOND_TEMPLATE,partial_adapter_limitation,31,31,30,0.967742,pending,Stage 2I QC-controlled mapping deferral
3LAL,1,C,KRV,A,561,,P11_OTHER,QUEUE_BOND_TEMPLATE,partial_adapter_limitation,24,24,23,0.958333,pending,Stage 2I QC-controlled mapping deferral
3LAM,1,C,KRP,A,561,,P11_OTHER,QUEUE_BOND_TEMPLATE,partial_adapter_limitation,25,25,24,0.96,pending,Stage 2I QC-controlled mapping deferral
3LAN,1,C,KBT,A,561,,P11_OTHER,QUEUE_BOND_TEMPLATE,partial_adapter_limitation,26,26,25,0.961538,pending,Stage 2I QC-controlled mapping deferral
3M8P,1,C,65B,A,562,,P11_OTHER,QUEUE_BOND_TEMPLATE,partial_adapter_limitation,28,28,26,0.928571,pending,Stage 2I QC-controlled mapping deferral
3M8Q,1,C,DJZ,A,562,,P11_OTHER,QUEUE_BOND_TEMPLATE,partial_adapter_limitation,35,35,34,0.971429,pending,Stage 2I QC-controlled mapping deferral
3MEC,1,C,65B,A,561,,P11_OTHER,QUEUE_BOND_TEMPLATE,partial_adapter_limitation,28,28,26,0.928571,pending,Stage 2I QC-controlled mapping deferral
3MED,1,C,65B,A,561,,P11_OTHER,QUEUE_BOND_TEMPLATE,partial_adapter_limitation,28,28,26,0.928571,pending,Stage 2I QC-controlled mapping deferral
3MEE,1,C,T27,A,561,,P1_EXACT_HEAVY_TOPOLOGY_MCS_PARTIAL,QUEUE_EXACT_GRAPH,partial_adapter_limitation,28,28,24,0.857143,pending,Stage 2I QC-controlled mapping deferral
3MEG,1,C,T27,A,561,,P1_EXACT_HEAVY_TOPOLOGY_MCS_PARTIAL,QUEUE_EXACT_GRAPH,partial_adapter_limitation,28,28,24,0.857143,pending,Stage 2I QC-controlled mapping deferral
3NBP,1,E,JGZ,A,562,,P11_OTHER,QUEUE_BOND_TEMPLATE,partial_adapter_limitation,34,34,33,0.970588,pending,Stage 2I QC-controlled mapping deferral
3NWQ,1,C,2NC,A,100,,P3_SMALL_ATOMSET_DIFFERENCE,QUEUE_LOCAL_RECOVERY,partial_adapter_limitation,54,54,53,0.981481,pending,Stage 2I QC-controlled mapping deferral
3NXE,1,B,2NC,A,204,,P3_SMALL_ATOMSET_DIFFERENCE,QUEUE_LOCAL_RECOVERY,partial_adapter_limitation,54,54,53,0.981481,pending,Stage 2I QC-controlled mapping deferral
3NYG,1,C,2NC,A,100,,P3_SMALL_ATOMSET_DIFFERENCE,QUEUE_LOCAL_RECOVERY,partial_adapter_limitation,54,54,53,0.981481,pending,Stage 2I QC-controlled mapping deferral
3QLH,1,D,T27,A,555,,P1_EXACT_HEAVY_TOPOLOGY_MCS_PARTIAL,QUEUE_EXACT_GRAPH,partial_adapter_limitation,28,28,24,0.857143,pending,Stage 2I QC-controlled mapping deferral
3QO9,1,C,QO9,A,556,,P11_OTHER,QUEUE_BOND_TEMPLATE,partial_adapter_limitation,38,38,31,0.815789,pending,Stage 2I QC-controlled mapping deferral
3R0Y,1,C,RSZ,A,301,,P11_OTHER,QUEUE_BOND_TEMPLATE,partial_adapter_limitation,44,44,43,0.977273,pending,Stage 2I QC-controlled mapping deferral
3SPK,1,C,TPV,A,100,,P11_OTHER,QUEUE_BOND_TEMPLATE,partial_adapter_limitation,42,42,24,0.571429,pending,Stage 2I QC-controlled mapping deferral
3SPK,1,D,TPV,B,100,,P11_OTHER,QUEUE_BOND_TEMPLATE,partial_adapter_limitation,42,42,24,0.571429,pending,Stage 2I QC-controlled mapping deferral
3TAM,1,C,M06,A,561,,P11_OTHER,QUEUE_BOND_TEMPLATE,partial_adapter_limitation,28,28,27,0.964286,pending,Stage 2I QC-controlled mapping deferral
3UHL,1,G,2NC,C,101,,P3_SMALL_ATOMSET_DIFFERENCE,QUEUE_LOCAL_RECOVERY,partial_adapter_limitation,54,54,53,0.981481,pending,Stage 2I QC-controlled mapping deferral
3VQA,1,I,MWP,B,303,,P11_OTHER,QUEUE_BOND_TEMPLATE,partial_adapter_limitation,12,12,7,0.583333,pending,Stage 2I QC-controlled mapping deferral
3ZPS,1,F,EQM,B,1202,,P11_OTHER,QUEUE_BOND_TEMPLATE,partial_adapter_limitation,48,48,47,0.979167,pending,Stage 2I QC-controlled mapping deferral
3ZPT,1,F,M8Y,B,1202,,P11_OTHER,QUEUE_BOND_TEMPLATE,partial_adapter_limitation,48,48,27,0.5625,pending,Stage 2I QC-controlled mapping deferral
3ZPU,1,F,M8B,B,1202,,P11_OTHER,QUEUE_BOND_TEMPLATE,partial_adapter_limitation,49,49,27,0.55102,pending,Stage 2I QC-controlled mapping deferral
4B3O,1,E,EFZ,A,1557,,P11_OTHER,QUEUE_BOND_TEMPLATE,partial_adapter_limitation,21,21,17,0.809524,pending,Stage 2I QC-controlled mapping deferral
4CE9,1,G,O3N,A,1214,,P11_OTHER,QUEUE_BOND_TEMPLATE,partial_adapter_limitation,40,40,39,0.975,pending,Stage 2I QC-controlled mapping deferral
4CE9,1,L,O3N,B,1214,,P11_OTHER,QUEUE_BOND_TEMPLATE,partial_adapter_limitation,40,40,39,0.975,pending,Stage 2I QC-controlled mapping deferral
4CEA,1,I,ZSW,A,1217,,P11_OTHER,QUEUE_BOND_TEMPLATE,partial_adapter_limitation,37,37,36,0.972973,pending,Stage 2I QC-controlled mapping deferral
4CEA,1,O,ZSW,B,1216,,P11_OTHER,QUEUE_BOND_TEMPLATE,partial_adapter_limitation,37,37,36,0.972973,pending,Stage 2I QC-controlled mapping deferral
4CEB,1,M,ZSV,B,1215,,P11_OTHER,QUEUE_BOND_TEMPLATE,partial_adapter_limitation,42,42,41,0.97619,pending,Stage 2I QC-controlled mapping deferral
4CEB,1,N,ZSV,B,1216,,P11_OTHER,QUEUE_BOND_TEMPLATE,partial_adapter_limitation,42,42,41,0.97619,pending,Stage 2I QC-controlled mapping deferral
4CEC,1,I,2SS,A,1216,,P11_OTHER,QUEUE_BOND_TEMPLATE,partial_adapter_limitation,38,38,37,0.973684,pending,Stage 2I QC-controlled mapping deferral
4CEC,1,P,2SS,B,1216,,P11_OTHER,QUEUE_BOND_TEMPLATE,partial_adapter_limitation,38,38,37,0.973684,pending,Stage 2I QC-controlled mapping deferral
4CED,1,M,9NS,B,1215,,P11_OTHER,QUEUE_BOND_TEMPLATE,partial_adapter_limitation,39,39,38,0.974359,pending,Stage 2I QC-controlled mapping deferral
4CED,1,N,9NS,B,1216,,P11_OTHER,QUEUE_BOND_TEMPLATE,partial_adapter_limitation,39,39,38,0.974359,pending,Stage 2I QC-controlled mapping deferral
4CEZ,1,H,O3N,A,1215,,P11_OTHER,QUEUE_BOND_TEMPLATE,partial_adapter_limitation,40,40,39,0.975,pending,Stage 2I QC-controlled mapping deferral
4CEZ,1,N,O3N,B,1215,,P11_OTHER,QUEUE_BOND_TEMPLATE,partial_adapter_limitation,40,40,39,0.975,pending,Stage 2I QC-controlled mapping deferral
4CF9,1,G,5EY,A,1214,,P11_OTHER,QUEUE_BOND_TEMPLATE,partial_adapter_limitation,29,29,19,0.655172,pending,Stage 2I QC-controlled mapping deferral
4CF9,1,H,EE2,A,1215,,P11_OTHER,QUEUE_BOND_TEMPLATE,partial_adapter_limitation,29,29,19,0.655172,pending,Stage 2I QC-controlled mapping deferral
4CF9,1,M,5EY,B,1214,,P11_OTHER,QUEUE_BOND_TEMPLATE,partial_adapter_limitation,29,29,19,0.655172,pending,Stage 2I QC-controlled mapping deferral
4CF9,1,N,EE2,B,1215,,P11_OTHER,QUEUE_BOND_TEMPLATE,partial_adapter_limitation,29,29,19,0.655172,pending,Stage 2I QC-controlled mapping deferral
4CGG,1,N,K5Q,B,1217,,P11_OTHER,QUEUE_BOND_TEMPLATE,partial_adapter_limitation,30,30,19,0.633333,pending,Stage 2I QC-controlled mapping deferral
4CGG,1,O,K5Q,B,1218,,P11_OTHER,QUEUE_BOND_TEMPLATE,partial_adapter_limitation,30,30,19,0.633333,pending,Stage 2I QC-controlled mapping deferral
4CIE,1,I,Y7N,A,1215,,P11_OTHER,QUEUE_BOND_TEMPLATE,partial_adapter_limitation,31,31,18,0.580645,pending,Stage 2I QC-controlled mapping deferral
4CIE,1,R,Y7N,B,1217,,P11_OTHER,QUEUE_BOND_TEMPLATE,partial_adapter_limitation,31,31,18,0.580645,pending,Stage 2I QC-controlled mapping deferral
4CJF,1,J,RVN,A,1217,,P11_OTHER,QUEUE_BOND_TEMPLATE,partial_adapter_limitation,23,23,13,0.565217,pending,Stage 2I QC-controlled mapping deferral
4CJF,1,R,RVN,B,1217,,P11_OTHER,QUEUE_BOND_TEMPLATE,partial_adapter_limitation,23,23,13,0.565217,pending,Stage 2I QC-controlled mapping deferral
4CJU,1,J,JNS,A,1217,,P11_OTHER,QUEUE_BOND_TEMPLATE,partial_adapter_limitation,20,20,13,0.65,pending,Stage 2I QC-controlled mapping deferral
4CJU,1,O,JNS,B,1214,,P11_OTHER,QUEUE_BOND_TEMPLATE,partial_adapter_limitation,20,20,13,0.65,pending,Stage 2I QC-controlled mapping deferral
4DQG,1,C,HGU,A,101,,P11_OTHER,QUEUE_BOND_TEMPLATE,partial_adapter_limitation,5,5,4,0.8,pending,Stage 2I QC-controlled mapping deferral
4FE6,1,B,0TQ,A,200,,P11_OTHER,QUEUE_BOND_TEMPLATE,partial_adapter_limitation,45,45,41,0.911111,pending,Stage 2I QC-controlled mapping deferral
4H4M,1,C,494,A,601,,P11_OTHER,QUEUE_BOND_TEMPLATE,partial_adapter_limitation,30,30,27,0.9,pending,Stage 2I QC-controlled mapping deferral
4H4O,1,C,506,A,601,,P11_OTHER,QUEUE_BOND_TEMPLATE,partial_adapter_limitation,30,30,27,0.9,pending,Stage 2I QC-controlled mapping deferral
4HVP,1,C,2NC,B,0,,P3_SMALL_ATOMSET_DIFFERENCE,QUEUE_LOCAL_RECOVERY,partial_adapter_limitation,54,54,53,0.981481,pending,Stage 2I QC-controlled mapping deferral
4I2P,1,C,G73,A,601,,P11_OTHER,QUEUE_BOND_TEMPLATE,partial_adapter_limitation,31,31,28,0.903226,pending,Stage 2I QC-controlled mapping deferral
4I2Q,1,C,1BT,A,601,,P11_OTHER,QUEUE_BOND_TEMPLATE,partial_adapter_limitation,32,32,29,0.90625,pending,Stage 2I QC-controlled mapping deferral
4I53,1,C,1C1,A,501,,P11_OTHER,QUEUE_BOND_TEMPLATE,partial_adapter_limitation,28,28,27,0.964286,pending,Stage 2I QC-controlled mapping deferral
4I53,1,K,1C1,B,501,,P11_OTHER,QUEUE_BOND_TEMPLATE,partial_adapter_limitation,28,28,27,0.964286,pending,Stage 2I QC-controlled mapping deferral
4I54,1,C,1C1,A,501,,P11_OTHER,QUEUE_BOND_TEMPLATE,partial_adapter_limitation,28,28,27,0.964286,pending,Stage 2I QC-controlled mapping deferral
4I54,1,M,1C1,B,501,,P11_OTHER,QUEUE_BOND_TEMPLATE,partial_adapter_limitation,28,28,27,0.964286,pending,Stage 2I QC-controlled mapping deferral
4ID5,1,C,T27,A,601,,P1_EXACT_HEAVY_TOPOLOGY_MCS_PARTIAL,QUEUE_EXACT_GRAPH,partial_adapter_limitation,28,28,24,0.857143,pending,Stage 2I QC-controlled mapping deferral
4IDK,1,C,T27,A,601,,P1_EXACT_HEAVY_TOPOLOGY_MCS_PARTIAL,QUEUE_EXACT_GRAPH,partial_adapter_limitation,28,28,24,0.857143,pending,Stage 2I QC-controlled mapping deferral
4IFV,1,C,T27,A,601,,P1_EXACT_HEAVY_TOPOLOGY_MCS_PARTIAL,QUEUE_EXACT_GRAPH,partial_adapter_limitation,28,28,24,0.857143,pending,Stage 2I QC-controlled mapping deferral
4IFY,1,C,T27,A,601,,P1_EXACT_HEAVY_TOPOLOGY_MCS_PARTIAL,QUEUE_EXACT_GRAPH,partial_adapter_limitation,28,28,24,0.857143,pending,Stage 2I QC-controlled mapping deferral
4IG3,1,C,T27,A,601,,P1_EXACT_HEAVY_TOPOLOGY_MCS_PARTIAL,QUEUE_EXACT_GRAPH,partial_adapter_limitation,28,28,24,0.857143,pending,Stage 2I QC-controlled mapping deferral
4INB,1,B,1F6,A,201,,P11_OTHER,QUEUE_BOND_TEMPLATE,partial_adapter_limitation,30,30,24,0.8,pending,Stage 2I QC-controlled mapping deferral
4KFB,1,I,T27,A,607,,P1_EXACT_HEAVY_TOPOLOGY_MCS_PARTIAL,QUEUE_EXACT_GRAPH,partial_adapter_limitation,28,28,24,0.857143,pending,Stage 2I QC-controlled mapping deferral
4KKO,1,C,1RE,A,601,,P11_OTHER,QUEUE_BOND_TEMPLATE,partial_adapter_limitation,32,32,31,0.96875,pending,Stage 2I QC-controlled mapping deferral
4KO0,1,C,JLJ,A,601,,P11_OTHER,QUEUE_BOND_TEMPLATE,partial_adapter_limitation,23,23,19,0.826087,pending,Stage 2I QC-controlled mapping deferral
4LSL,1,C,1YQ,A,601,,P11_OTHER,QUEUE_BOND_TEMPLATE,partial_adapter_limitation,29,29,26,0.896552,pending,Stage 2I QC-controlled mapping deferral
4LSN,1,C,1YR,A,601,,P11_OTHER,QUEUE_BOND_TEMPLATE,partial_adapter_limitation,30,30,27,0.9,pending,Stage 2I QC-controlled mapping deferral
4MFB,1,C,29T,A,601,,P11_OTHER,QUEUE_BOND_TEMPLATE,partial_adapter_limitation,29,29,28,0.965517,pending,Stage 2I QC-controlled mapping deferral
4NCG,1,C,2KW,A,601,,P11_OTHER,QUEUE_BOND_TEMPLATE,partial_adapter_limitation,29,29,28,0.965517,pending,Stage 2I QC-controlled mapping deferral
4NJU,1,E,TPV,A,500,,P11_OTHER,QUEUE_BOND_TEMPLATE,partial_adapter_limitation,42,42,24,0.571429,pending,Stage 2I QC-controlled mapping deferral
4NJU,1,F,TPV,C,500,,P11_OTHER,QUEUE_BOND_TEMPLATE,partial_adapter_limitation,42,42,24,0.571429,pending,Stage 2I QC-controlled mapping deferral
4O44,1,C,2RS,A,601,,P11_OTHER,QUEUE_BOND_TEMPLATE,partial_adapter_limitation,35,35,34,0.971429,pending,Stage 2I QC-controlled mapping deferral
4O4G,1,C,2RT,A,601,,P11_OTHER,QUEUE_BOND_TEMPLATE,partial_adapter_limitation,25,25,24,0.96,pending,Stage 2I QC-controlled mapping deferral
4OVL,1,J,1TD,A,308,,P11_OTHER,QUEUE_BOND_TEMPLATE,partial_adapter_limitation,20,20,10,0.5,pending,Stage 2I QC-controlled mapping deferral
4OVL,1,S,1TD,B,308,,P11_OTHER,QUEUE_BOND_TEMPLATE,partial_adapter_limitation,20,20,10,0.5,pending,Stage 2I QC-controlled mapping deferral
4RW4,1,C,494,A,601,,P11_OTHER,QUEUE_BOND_TEMPLATE,partial_adapter_limitation,30,30,27,0.9,pending,Stage 2I QC-controlled mapping deferral
4RW6,1,C,494,A,601,,P11_OTHER,QUEUE_BOND_TEMPLATE,partial_adapter_limitation,30,30,27,0.9,pending,Stage 2I QC-controlled mapping deferral
4RW7,1,C,3X6,A,601,,P11_OTHER,QUEUE_BOND_TEMPLATE,partial_adapter_limitation,29,29,26,0.896552,pending,Stage 2I QC-controlled mapping deferral
4RW8,1,C,3X6,A,601,,P11_OTHER,QUEUE_BOND_TEMPLATE,partial_adapter_limitation,29,29,26,0.896552,pending,Stage 2I QC-controlled mapping deferral
4RW9,1,C,3X6,A,601,,P11_OTHER,QUEUE_BOND_TEMPLATE,partial_adapter_limitation,29,29,26,0.896552,pending,Stage 2I QC-controlled mapping deferral
4WE1,1,C,3LQ,A,601,,P11_OTHER,QUEUE_BOND_TEMPLATE,partial_adapter_limitation,30,30,29,0.966667,pending,Stage 2I QC-controlled mapping deferral
5AGZ,1,D,QHA,A,1101,,P11_OTHER,QUEUE_BOND_TEMPLATE,partial_adapter_limitation,47,47,46,0.978723,pending,Stage 2I QC-controlled mapping deferral
5AHA,1,D,ZLP,A,1101,,P11_OTHER,QUEUE_BOND_TEMPLATE,partial_adapter_limitation,47,47,45,0.957447,pending,Stage 2I QC-controlled mapping deferral
5AHB,1,D,J5L,A,1101,,P11_OTHER,QUEUE_BOND_TEMPLATE,partial_adapter_limitation,48,48,46,0.958333,pending,Stage 2I QC-controlled mapping deferral
5C24,1,C,4XO,A,601,,P11_OTHER,QUEUE_BOND_TEMPLATE,partial_adapter_limitation,29,29,27,0.931034,pending,Stage 2I QC-controlled mapping deferral
5C25,1,C,639,A,601,,P11_OTHER,QUEUE_BOND_TEMPLATE,partial_adapter_limitation,30,30,28,0.933333,pending,Stage 2I QC-controlled mapping deferral
5C42,1,C,29T,A,601,,P11_OTHER,QUEUE_BOND_TEMPLATE,partial_adapter_limitation,29,29,28,0.965517,pending,Stage 2I QC-controlled mapping deferral
5FA2,1,L,SCN,A,613,,P11_OTHER,QUEUE_BOND_TEMPLATE,partial_adapter_limitation,3,3,2,0.666667,pending,Stage 2I QC-controlled mapping deferral
5FDL,1,C,5DV,A,601,,P11_OTHER,QUEUE_BOND_TEMPLATE,partial_adapter_limitation,28,28,27,0.964286,pending,Stage 2I QC-controlled mapping deferral
5J2M,1,H,6FN,A,604,,P11_OTHER,QUEUE_BOND_TEMPLATE,partial_adapter_limitation,33,33,32,0.969697,pending,Stage 2I QC-controlled mapping deferral
5K14,1,C,IB1,A,601,,P11_OTHER,QUEUE_BOND_TEMPLATE,partial_adapter_limitation,27,27,26,0.962963,pending,Stage 2I QC-controlled mapping deferral
5KQZ,1,C,0Q4,B,101,,P1_EXACT_HEAVY_TOPOLOGY_MCS_PARTIAL,QUEUE_EXACT_GRAPH,partial_adapter_limitation,59,59,58,0.983051,pending,Stage 2I QC-controlled mapping deferral
5OI2,1,F,9VN,A,305,,P11_OTHER,QUEUE_BOND_TEMPLATE,partial_adapter_limitation,29,29,22,0.758621,pending,Stage 2I QC-controlled mapping deferral
5OI5,1,B,9VK,A,501,,P11_OTHER,QUEUE_BOND_TEMPLATE,partial_adapter_limitation,29,29,22,0.758621,pending,Stage 2I QC-controlled mapping deferral
5OI8,1,C,9VN,A,302,,P11_OTHER,QUEUE_BOND_TEMPLATE,partial_adapter_limitation,29,29,22,0.758621,pending,Stage 2I QC-controlled mapping deferral
5OIA,1,D,9VK,A,303,,P11_OTHER,QUEUE_BOND_TEMPLATE,partial_adapter_limitation,29,29,22,0.758621,pending,Stage 2I QC-controlled mapping deferral
5R82,1,B,RZS,A,1001,,P11_OTHER,QUEUE_BOND_TEMPLATE,partial_adapter_limitation,11,11,10,0.909091,pending,Stage 2I QC-controlled mapping deferral
5REU,1,E,T4D,A,404,,P11_OTHER,QUEUE_BOND_TEMPLATE,partial_adapter_limitation,20,20,19,0.95,pending,Stage 2I QC-controlled mapping deferral
5RF2,1,E,HVB,A,404,,P11_OTHER,QUEUE_BOND_TEMPLATE,partial_adapter_limitation,5,5,4,0.8,pending,Stage 2I QC-controlled mapping deferral
5RF6,1,E,NTG,A,404,,P11_OTHER,QUEUE_BOND_TEMPLATE,partial_adapter_limitation,15,15,14,0.933333,pending,Stage 2I QC-controlled mapping deferral
5RFE,1,E,JGG,A,404,,P11_OTHER,QUEUE_BOND_TEMPLATE,partial_adapter_limitation,18,18,17,0.944444,pending,Stage 2I QC-controlled mapping deferral
5RFG,1,E,T6V,A,404,,P11_OTHER,QUEUE_BOND_TEMPLATE,partial_adapter_limitation,17,17,11,0.647059,pending,Stage 2I QC-controlled mapping deferral
5RFM,1,E,T7J,A,404,,P11_OTHER,QUEUE_BOND_TEMPLATE,partial_adapter_limitation,18,18,12,0.666667,pending,Stage 2I QC-controlled mapping deferral
5RFN,1,E,T7P,A,404,,P11_OTHER,QUEUE_BOND_TEMPLATE,partial_adapter_limitation,18,18,12,0.666667,pending,Stage 2I QC-controlled mapping deferral
5RG1,1,E,T9J,A,404,,P11_OTHER,QUEUE_BOND_TEMPLATE,partial_adapter_limitation,20,20,18,0.9,pending,Stage 2I QC-controlled mapping deferral
5RG2,1,E,T9M,A,404,,P11_OTHER,QUEUE_BOND_TEMPLATE,partial_adapter_limitation,14,14,13,0.928571,pending,Stage 2I QC-controlled mapping deferral
5RG3,1,F,T9P,A,405,,P11_OTHER,QUEUE_BOND_TEMPLATE,partial_adapter_limitation,15,15,14,0.933333,pending,Stage 2I QC-controlled mapping deferral
5RGH,1,E,U0M,A,404,,P11_OTHER,QUEUE_BOND_TEMPLATE,partial_adapter_limitation,14,14,8,0.571429,pending,Stage 2I QC-controlled mapping deferral
5RGW,1,B,UGM,A,1001,,P11_OTHER,QUEUE_BOND_TEMPLATE,partial_adapter_limitation,18,18,17,0.944444,pending,Stage 2I QC-controlled mapping deferral
5RGX,1,B,UGP,A,1001,,P11_OTHER,QUEUE_BOND_TEMPLATE,partial_adapter_limitation,19,19,18,0.947368,pending,Stage 2I QC-controlled mapping deferral
5RGZ,1,B,UH1,A,1001,,P11_OTHER,QUEUE_BOND_TEMPLATE,partial_adapter_limitation,18,18,17,0.944444,pending,Stage 2I QC-controlled mapping deferral
5RH8,1,F,UHM,A,405,,P11_OTHER,QUEUE_BOND_TEMPLATE,partial_adapter_limitation,19,19,18,0.947368,pending,Stage 2I QC-controlled mapping deferral
5RLG,1,C,VW1,B,701,,P11_OTHER,QUEUE_BOND_TEMPLATE,partial_adapter_limitation,14,14,13,0.928571,pending,Stage 2I QC-controlled mapping deferral
5RME,1,C,RYM,B,701,,P11_OTHER,QUEUE_BOND_TEMPLATE,partial_adapter_limitation,18,18,17,0.944444,pending,Stage 2I QC-controlled mapping deferral
5S1A,1,C,WPS,A,201,,P11_OTHER,QUEUE_BOND_TEMPLATE,partial_adapter_limitation,9,9,8,0.888889,pending,Stage 2I QC-controlled mapping deferral
5S1A,1,D,WPS,B,201,,P11_OTHER,QUEUE_BOND_TEMPLATE,partial_adapter_limitation,9,9,8,0.888889,pending,Stage 2I QC-controlled mapping deferral
5S1I,1,C,WQ4,A,201,,P11_OTHER,QUEUE_BOND_TEMPLATE,partial_adapter_limitation,9,9,8,0.888889,pending,Stage 2I QC-controlled mapping deferral
5S1K,1,C,WQ7,A,201,,P11_OTHER,QUEUE_BOND_TEMPLATE,partial_adapter_limitation,10,10,9,0.9,pending,Stage 2I QC-controlled mapping deferral
5S1U,1,C,WQM,A,201,,P11_OTHER,QUEUE_BOND_TEMPLATE,partial_adapter_limitation,11,11,5,0.454545,pending,Stage 2I QC-controlled mapping deferral
5S2J,1,C,JGG,B,601,,P11_OTHER,QUEUE_BOND_TEMPLATE,partial_adapter_limitation,18,18,17,0.944444,pending,Stage 2I QC-controlled mapping deferral
5S3I,1,C,W1P,B,601,,P11_OTHER,QUEUE_BOND_TEMPLATE,partial_adapter_limitation,13,13,7,0.538462,pending,Stage 2I QC-controlled mapping deferral
5S3K,1,C,RZS,A,501,,P11_OTHER,QUEUE_BOND_TEMPLATE,partial_adapter_limitation,11,11,10,0.909091,pending,Stage 2I QC-controlled mapping deferral
5S3Q,1,C,W2A,A,501,,P11_OTHER,QUEUE_BOND_TEMPLATE,partial_adapter_limitation,13,13,12,0.923077,pending,Stage 2I QC-controlled mapping deferral
5S3Q,1,D,W2A,B,601,,P11_OTHER,QUEUE_BOND_TEMPLATE,partial_adapter_limitation,13,13,12,0.923077,pending,Stage 2I QC-controlled mapping deferral
5S3Q,1,E,W2A,B,602,,P11_OTHER,QUEUE_BOND_TEMPLATE,partial_adapter_limitation,13,13,12,0.923077,pending,Stage 2I QC-controlled mapping deferral
5S40,1,C,HHQ,A,401,,P11_OTHER,QUEUE_BOND_TEMPLATE,partial_adapter_limitation,8,8,2,0.25,pending,Stage 2I QC-controlled mapping deferral
5S41,1,C,HGQ,A,401,,P11_OTHER,QUEUE_BOND_TEMPLATE,partial_adapter_limitation,8,8,7,0.875,pending,Stage 2I QC-controlled mapping deferral
5S43,1,C,UUJ,B,601,,P11_OTHER,QUEUE_BOND_TEMPLATE,partial_adapter_limitation,10,10,9,0.9,pending,Stage 2I QC-controlled mapping deferral
5S46,1,C,HYN,A,401,,P11_OTHER,QUEUE_BOND_TEMPLATE,partial_adapter_limitation,7,7,6,0.857143,pending,Stage 2I QC-controlled mapping deferral
5S47,1,C,BAQ,A,401,,P11_OTHER,QUEUE_BOND_TEMPLATE,partial_adapter_limitation,6,6,5,0.833333,pending,Stage 2I QC-controlled mapping deferral
5S47,1,D,BAQ,A,402,,P11_OTHER,QUEUE_BOND_TEMPLATE,partial_adapter_limitation,6,6,5,0.833333,pending,Stage 2I QC-controlled mapping deferral
5S4C,1,C,W3J,A,501,,P8_NO_MCS_MAPPING,QUEUE_FRAGMENT_REVIEW,failed,,,,,pending,Stage 2I QC-controlled mapping deferral
5S4C,1,D,W3J,A,502,,P8_NO_MCS_MAPPING,QUEUE_FRAGMENT_REVIEW,failed,,,,,pending,Stage 2I QC-controlled mapping deferral
5S4C,1,E,W3J,A,503,,P8_NO_MCS_MAPPING,QUEUE_FRAGMENT_REVIEW,failed,,,,,pending,Stage 2I QC-controlled mapping deferral
5S4C,1,H,W3J,B,601,,P8_NO_MCS_MAPPING,QUEUE_FRAGMENT_REVIEW,failed,,,,,pending,Stage 2I QC-controlled mapping deferral
5S4C,1,I,W3J,B,602,,P8_NO_MCS_MAPPING,QUEUE_FRAGMENT_REVIEW,failed,,,,,pending,Stage 2I QC-controlled mapping deferral
5S4E,1,D,W3M,A,902,,P11_OTHER,QUEUE_BOND_TEMPLATE,partial_adapter_limitation,7,7,6,0.857143,pending,Stage 2I QC-controlled mapping deferral
5S4E,1,E,W3M,A,903,,P11_OTHER,QUEUE_BOND_TEMPLATE,partial_adapter_limitation,7,7,6,0.857143,pending,Stage 2I QC-controlled mapping deferral
5S4E,1,F,W3M,B,201,,P11_OTHER,QUEUE_BOND_TEMPLATE,partial_adapter_limitation,7,7,6,0.857143,pending,Stage 2I QC-controlled mapping deferral
5SKW,1,B,LF6,D,601,,P11_OTHER,QUEUE_BOND_TEMPLATE,partial_adapter_limitation,14,14,8,0.571429,pending,Stage 2I QC-controlled mapping deferral
5SLS,1,G,SZE,D,606,,P11_OTHER,QUEUE_BOND_TEMPLATE,partial_adapter_limitation,15,15,14,0.933333,pending,Stage 2I QC-controlled mapping deferral
5SM2,1,G,LQ3,D,606,,P11_OTHER,QUEUE_BOND_TEMPLATE,partial_adapter_limitation,11,11,5,0.454545,pending,Stage 2I QC-controlled mapping deferral
5SM2,1,H,LQ3,D,607,,P11_OTHER,QUEUE_BOND_TEMPLATE,partial_adapter_limitation,11,11,5,0.454545,pending,Stage 2I QC-controlled mapping deferral
5SM5,1,G,S5J,D,606,,P11_OTHER,QUEUE_BOND_TEMPLATE,partial_adapter_limitation,17,17,16,0.941176,pending,Stage 2I QC-controlled mapping deferral
5SMC,1,G,LRF,D,606,,P11_OTHER,QUEUE_BOND_TEMPLATE,partial_adapter_limitation,14,14,13,0.928571,pending,Stage 2I QC-controlled mapping deferral
5SMC,1,H,LRF,D,607,,P11_OTHER,QUEUE_BOND_TEMPLATE,partial_adapter_limitation,14,14,13,0.928571,pending,Stage 2I QC-controlled mapping deferral
5SMN,1,E,O4F,A,404,,P11_OTHER,QUEUE_BOND_TEMPLATE,partial_adapter_limitation,21,21,20,0.952381,pending,Stage 2I QC-controlled mapping deferral
5TER,1,C,7AY,A,601,,P11_OTHER,QUEUE_BOND_TEMPLATE,partial_adapter_limitation,32,32,31,0.96875,pending,Stage 2I QC-controlled mapping deferral
5TW3,1,C,7N1,A,601,,P1_EXACT_HEAVY_TOPOLOGY_MCS_PARTIAL,QUEUE_EXACT_GRAPH,partial_adapter_limitation,32,32,31,0.96875,pending,Stage 2I QC-controlled mapping deferral
5VQQ,1,C,9JP,A,601,,P11_OTHER,QUEUE_BOND_TEMPLATE,partial_adapter_limitation,37,37,36,0.972973,pending,Stage 2I QC-controlled mapping deferral
5VQR,1,C,9KG,A,601,,P11_OTHER,QUEUE_BOND_TEMPLATE,partial_adapter_limitation,37,37,35,0.945946,pending,Stage 2I QC-controlled mapping deferral
5VQS,1,C,9KD,A,601,,P11_OTHER,QUEUE_BOND_TEMPLATE,partial_adapter_limitation,36,36,34,0.944444,pending,Stage 2I QC-controlled mapping deferral
5VQT,1,C,9K7,A,601,,P11_OTHER,QUEUE_BOND_TEMPLATE,partial_adapter_limitation,37,37,36,0.972973,pending,Stage 2I QC-controlled mapping deferral
5VQU,1,C,9JP,A,601,,P11_OTHER,QUEUE_BOND_TEMPLATE,partial_adapter_limitation,37,37,36,0.972973,pending,Stage 2I QC-controlled mapping deferral
5VQV,1,C,9J1,A,601,,P11_OTHER,QUEUE_BOND_TEMPLATE,partial_adapter_limitation,37,37,36,0.972973,pending,Stage 2I QC-controlled mapping deferral
5VQW,1,C,9KD,A,601,,P11_OTHER,QUEUE_BOND_TEMPLATE,partial_adapter_limitation,36,36,34,0.944444,pending,Stage 2I QC-controlled mapping deferral
5VQX,1,C,9HY,A,601,,P11_OTHER,QUEUE_BOND_TEMPLATE,partial_adapter_limitation,36,36,35,0.972222,pending,Stage 2I QC-controlled mapping deferral
5VQY,1,C,9J1,A,601,,P11_OTHER,QUEUE_BOND_TEMPLATE,partial_adapter_limitation,37,37,36,0.972973,pending,Stage 2I QC-controlled mapping deferral
5VQZ,1,C,9HY,A,601,,P11_OTHER,QUEUE_BOND_TEMPLATE,partial_adapter_limitation,36,36,35,0.972222,pending,Stage 2I QC-controlled mapping deferral
5WLO,1,F,GR7,B,201,,P11_OTHER,QUEUE_BOND_TEMPLATE,partial_adapter_limitation,44,44,24,0.545455,pending,Stage 2I QC-controlled mapping deferral
5XN1,1,H,ET9,A,601,,P11_OTHER,QUEUE_BOND_TEMPLATE,partial_adapter_limitation,32,32,31,0.96875,pending,Stage 2I QC-controlled mapping deferral
5XN1,1,L,ET9,C,601,,P11_OTHER,QUEUE_BOND_TEMPLATE,partial_adapter_limitation,32,32,31,0.96875,pending,Stage 2I QC-controlled mapping deferral
6AMO,1,K,D4T,A,603,,P11_OTHER,QUEUE_BOND_TEMPLATE,partial_adapter_limitation,28,28,15,0.535714,pending,Stage 2I QC-controlled mapping deferral
6AMO,1,T,D4T,C,603,,P11_OTHER,QUEUE_BOND_TEMPLATE,partial_adapter_limitation,28,28,15,0.535714,pending,Stage 2I QC-controlled mapping deferral
6AN2,1,K,D4T,A,603,,P11_OTHER,QUEUE_BOND_TEMPLATE,partial_adapter_limitation,28,28,15,0.535714,pending,Stage 2I QC-controlled mapping deferral
6AN2,1,V,D4T,C,603,,P11_OTHER,QUEUE_BOND_TEMPLATE,partial_adapter_limitation,28,28,15,0.535714,pending,Stage 2I QC-controlled mapping deferral
6AN8,1,K,D4T,A,603,,P11_OTHER,QUEUE_BOND_TEMPLATE,partial_adapter_limitation,28,28,15,0.535714,pending,Stage 2I QC-controlled mapping deferral
6AN8,1,U,D4T,C,603,,P11_OTHER,QUEUE_BOND_TEMPLATE,partial_adapter_limitation,28,28,15,0.535714,pending,Stage 2I QC-controlled mapping deferral
6ANQ,1,K,D4T,A,603,,P11_OTHER,QUEUE_BOND_TEMPLATE,partial_adapter_limitation,28,28,15,0.535714,pending,Stage 2I QC-controlled mapping deferral
6ANQ,1,U,D4T,C,603,,P11_OTHER,QUEUE_BOND_TEMPLATE,partial_adapter_limitation,28,28,15,0.535714,pending,Stage 2I QC-controlled mapping deferral
6ASW,1,K,D4T,A,603,,P11_OTHER,QUEUE_BOND_TEMPLATE,partial_adapter_limitation,28,28,15,0.535714,pending,Stage 2I QC-controlled mapping deferral
6ASW,1,U,D4T,C,603,,P11_OTHER,QUEUE_BOND_TEMPLATE,partial_adapter_limitation,28,28,15,0.535714,pending,Stage 2I QC-controlled mapping deferral
6AVM,1,K,D4T,A,603,,P11_OTHER,QUEUE_BOND_TEMPLATE,partial_adapter_limitation,28,28,15,0.535714,pending,Stage 2I QC-controlled mapping deferral
6AVM,1,U,D4T,C,603,,P11_OTHER,QUEUE_BOND_TEMPLATE,partial_adapter_limitation,28,28,15,0.535714,pending,Stage 2I QC-controlled mapping deferral
6AVT,1,K,D4T,A,603,,P11_OTHER,QUEUE_BOND_TEMPLATE,partial_adapter_limitation,28,28,15,0.535714,pending,Stage 2I QC-controlled mapping deferral
6AVT,1,U,D4T,C,603,,P11_OTHER,QUEUE_BOND_TEMPLATE,partial_adapter_limitation,28,28,15,0.535714,pending,Stage 2I QC-controlled mapping deferral
6BSG,1,E,EFZ,A,601,,P11_OTHER,QUEUE_BOND_TEMPLATE,partial_adapter_limitation,21,21,17,0.809524,pending,Stage 2I QC-controlled mapping deferral
6BSH,1,E,EFZ,A,601,,P11_OTHER,QUEUE_BOND_TEMPLATE,partial_adapter_limitation,21,21,17,0.809524,pending,Stage 2I QC-controlled mapping deferral
6BSI,1,E,EFZ,A,601,,P11_OTHER,QUEUE_BOND_TEMPLATE,partial_adapter_limitation,21,21,17,0.809524,pending,Stage 2I QC-controlled mapping deferral
6BSJ,1,E,EFZ,A,601,,P11_OTHER,QUEUE_BOND_TEMPLATE,partial_adapter_limitation,21,21,17,0.809524,pending,Stage 2I QC-controlled mapping deferral
6C0J,1,C,K5A,A,601,,P1_EXACT_HEAVY_TOPOLOGY_MCS_PARTIAL,QUEUE_EXACT_GRAPH,partial_adapter_limitation,38,38,37,0.973684,pending,Stage 2I QC-controlled mapping deferral
6C0K,1,C,K5A,A,601,,P1_EXACT_HEAVY_TOPOLOGY_MCS_PARTIAL,QUEUE_EXACT_GRAPH,partial_adapter_limitation,38,38,37,0.973684,pending,Stage 2I QC-controlled mapping deferral
6C0L,1,C,K5A,A,601,,P1_EXACT_HEAVY_TOPOLOGY_MCS_PARTIAL,QUEUE_EXACT_GRAPH,partial_adapter_limitation,38,38,37,0.973684,pending,Stage 2I QC-controlled mapping deferral
6C0N,1,C,K5C,A,601,,P11_OTHER,QUEUE_BOND_TEMPLATE,partial_adapter_limitation,40,40,37,0.925,pending,Stage 2I QC-controlled mapping deferral
6C0O,1,C,K5C,A,601,,P11_OTHER,QUEUE_BOND_TEMPLATE,partial_adapter_limitation,40,40,37,0.925,pending,Stage 2I QC-controlled mapping deferral
6C0P,1,C,K5C,A,601,,P11_OTHER,QUEUE_BOND_TEMPLATE,partial_adapter_limitation,40,40,37,0.925,pending,Stage 2I QC-controlled mapping deferral
6C0R,1,C,K5C,A,601,,P11_OTHER,QUEUE_BOND_TEMPLATE,partial_adapter_limitation,40,40,37,0.925,pending,Stage 2I QC-controlled mapping deferral
6DIF,1,G,TPV,B,201,,P11_OTHER,QUEUE_BOND_TEMPLATE,partial_adapter_limitation,42,42,24,0.571429,pending,Stage 2I QC-controlled mapping deferral
6DIL,1,G,TPV,B,201,,P11_OTHER,QUEUE_BOND_TEMPLATE,partial_adapter_limitation,42,42,24,0.571429,pending,Stage 2I QC-controlled mapping deferral
6DTW,1,C,H9Y,A,601,,P11_OTHER,QUEUE_BOND_TEMPLATE,partial_adapter_limitation,31,31,30,0.967742,pending,Stage 2I QC-controlled mapping deferral
6DTX,1,C,H9Y,A,601,,P11_OTHER,QUEUE_BOND_TEMPLATE,partial_adapter_limitation,31,31,30,0.967742,pending,Stage 2I QC-controlled mapping deferral
6DUF,1,C,K5C,A,601,,P11_OTHER,QUEUE_BOND_TEMPLATE,partial_adapter_limitation,40,40,37,0.925,pending,Stage 2I QC-controlled mapping deferral
6DUG,1,C,K5C,A,601,,P11_OTHER,QUEUE_BOND_TEMPLATE,partial_adapter_limitation,40,40,37,0.925,pending,Stage 2I QC-controlled mapping deferral
6DUH,1,C,K5C,A,601,,P11_OTHER,QUEUE_BOND_TEMPLATE,partial_adapter_limitation,40,40,37,0.925,pending,Stage 2I QC-controlled mapping deferral
6ELI,1,C,T27,A,701,,P1_EXACT_HEAVY_TOPOLOGY_MCS_PARTIAL,QUEUE_EXACT_GRAPH,partial_adapter_limitation,28,28,24,0.857143,pending,Stage 2I QC-controlled mapping deferral
6IKA,1,G,ET9,A,601,,P11_OTHER,QUEUE_BOND_TEMPLATE,partial_adapter_limitation,32,32,31,0.96875,pending,Stage 2I QC-controlled mapping deferral
6IKA,1,K,ET9,C,601,,P11_OTHER,QUEUE_BOND_TEMPLATE,partial_adapter_limitation,32,32,31,0.96875,pending,Stage 2I QC-controlled mapping deferral
6IXD,1,E,B0F,B,101,,P7_MCS_TIMEOUT,QUEUE_COMPLEX_GRAPH,mapping_timeout,,,,,pending,Stage 2I QC-controlled mapping deferral
6KDM,1,I,ET9,A,603,,P11_OTHER,QUEUE_BOND_TEMPLATE,partial_adapter_limitation,32,32,31,0.96875,pending,Stage 2I QC-controlled mapping deferral
6KDM,1,M,ET9,C,602,,P11_OTHER,QUEUE_BOND_TEMPLATE,partial_adapter_limitation,32,32,31,0.96875,pending,Stage 2I QC-controlled mapping deferral
6MU6,1,Y,JYV,G,638,,P11_OTHER,QUEUE_BOND_TEMPLATE,partial_adapter_limitation,44,44,43,0.977273,pending,Stage 2I QC-controlled mapping deferral
6MU7,1,Z,JYY,G,637,,P11_OTHER,QUEUE_BOND_TEMPLATE,partial_adapter_limitation,41,41,40,0.97561,pending,Stage 2I QC-controlled mapping deferral
6O48,1,F,0Q4,B,201,,P1_EXACT_HEAVY_TOPOLOGY_MCS_PARTIAL,QUEUE_EXACT_GRAPH,partial_adapter_limitation,59,59,58,0.983051,pending,Stage 2I QC-controlled mapping deferral
6O57,1,D,2NC,B,201,,P3_SMALL_ATOMSET_DIFFERENCE,QUEUE_LOCAL_RECOVERY,partial_adapter_limitation,54,54,53,0.981481,pending,Stage 2I QC-controlled mapping deferral
6O5A,1,C,2NC,A,201,,P3_SMALL_ATOMSET_DIFFERENCE,QUEUE_LOCAL_RECOVERY,partial_adapter_limitation,54,54,53,0.981481,pending,Stage 2I QC-controlled mapping deferral
6O5X,1,I,0Q4,B,101,,P1_EXACT_HEAVY_TOPOLOGY_MCS_PARTIAL,QUEUE_EXACT_GRAPH,partial_adapter_limitation,59,59,58,0.983051,pending,Stage 2I QC-controlled mapping deferral
6O5X,1,R,0Q4,D,101,,P1_EXACT_HEAVY_TOPOLOGY_MCS_PARTIAL,QUEUE_EXACT_GRAPH,partial_adapter_limitation,59,59,58,0.983051,pending,Stage 2I QC-controlled mapping deferral
6O9E,1,V,IY1,F,101,,P11_OTHER,QUEUE_BOND_TEMPLATE,partial_adapter_limitation,26,26,25,0.961538,pending,Stage 2I QC-controlled mapping deferral
6O9E,1,X,IY1,E,102,,P11_OTHER,QUEUE_BOND_TEMPLATE,partial_adapter_limitation,26,26,25,0.961538,pending,Stage 2I QC-controlled mapping deferral
6OE3,1,C,M9A,A,601,,P11_OTHER,QUEUE_BOND_TEMPLATE,partial_adapter_limitation,31,31,30,0.967742,pending,Stage 2I QC-controlled mapping deferral
6UL5,1,C,QAG,A,601,,P11_OTHER,QUEUE_BOND_TEMPLATE,partial_adapter_limitation,32,32,28,0.875,pending,Stage 2I QC-controlled mapping deferral
6V2F,1,G,QNG,A,300,,P7_MCS_TIMEOUT,QUEUE_COMPLEX_GRAPH,mapping_timeout,,,,,pending,Stage 2I QC-controlled mapping deferral
6V2F,1,H,QNG,B,300,,P7_MCS_TIMEOUT,QUEUE_COMPLEX_GRAPH,mapping_timeout,,,,,pending,Stage 2I QC-controlled mapping deferral
6V2F,1,I,QNG,C,300,,P7_MCS_TIMEOUT,QUEUE_COMPLEX_GRAPH,mapping_timeout,,,,,pending,Stage 2I QC-controlled mapping deferral
6V2F,1,J,QNG,D,300,,P7_MCS_TIMEOUT,QUEUE_COMPLEX_GRAPH,mapping_timeout,,,,,pending,Stage 2I QC-controlled mapping deferral
6V2F,1,K,QNG,E,300,,P7_MCS_TIMEOUT,QUEUE_COMPLEX_GRAPH,mapping_timeout,,,,,pending,Stage 2I QC-controlled mapping deferral
6V2F,1,L,QNG,F,300,,P7_MCS_TIMEOUT,QUEUE_COMPLEX_GRAPH,mapping_timeout,,,,,pending,Stage 2I QC-controlled mapping deferral
6VKE,1,C,R0S,F,602,,P11_OTHER,QUEUE_BOND_TEMPLATE,partial_adapter_limitation,36,36,35,0.972222,pending,Stage 2I QC-controlled mapping deferral
6VKV,1,D,QNG,A,301,,P7_MCS_TIMEOUT,QUEUE_COMPLEX_GRAPH,mapping_timeout,,,,,pending,Stage 2I QC-controlled mapping deferral
6VKV,1,L,QNG,B,301,,P7_MCS_TIMEOUT,QUEUE_COMPLEX_GRAPH,mapping_timeout,,,,,pending,Stage 2I QC-controlled mapping deferral
6VKV,1,R,QNG,C,301,,P7_MCS_TIMEOUT,QUEUE_COMPLEX_GRAPH,mapping_timeout,,,,,pending,Stage 2I QC-controlled mapping deferral
6W0U,1,B,S0Y,A,301,,P11_OTHER,QUEUE_BOND_TEMPLATE,partial_adapter_limitation,16,16,15,0.9375,pending,Stage 2I QC-controlled mapping deferral
6W42,1,H,SJY,A,307,,P11_OTHER,QUEUE_BOND_TEMPLATE,partial_adapter_limitation,21,21,15,0.714286,pending,Stage 2I QC-controlled mapping deferral
6WC8,1,B,TQM,A,301,,P11_OTHER,QUEUE_BOND_TEMPLATE,partial_adapter_limitation,27,27,21,0.777778,pending,Stage 2I QC-controlled mapping deferral
6WPF,1,K,D4T,A,603,,P11_OTHER,QUEUE_BOND_TEMPLATE,partial_adapter_limitation,28,28,15,0.535714,pending,Stage 2I QC-controlled mapping deferral
6WPJ,1,E,D4T,A,601,,P11_OTHER,QUEUE_BOND_TEMPLATE,partial_adapter_limitation,28,28,15,0.535714,pending,Stage 2I QC-controlled mapping deferral
6X47,1,C,7AX,A,601,,P11_OTHER,QUEUE_BOND_TEMPLATE,partial_adapter_limitation,30,30,29,0.966667,pending,Stage 2I QC-controlled mapping deferral
6X49,1,C,7AX,A,601,,P11_OTHER,QUEUE_BOND_TEMPLATE,partial_adapter_limitation,30,30,29,0.966667,pending,Stage 2I QC-controlled mapping deferral
6X4A,1,C,7AY,A,601,,P11_OTHER,QUEUE_BOND_TEMPLATE,partial_adapter_limitation,32,32,31,0.96875,pending,Stage 2I QC-controlled mapping deferral
6X4B,1,C,UMY,A,601,,P11_OTHER,QUEUE_BOND_TEMPLATE,partial_adapter_limitation,32,32,31,0.96875,pending,Stage 2I QC-controlled mapping deferral
6X4C,1,C,UNS,A,601,,P11_OTHER,QUEUE_BOND_TEMPLATE,partial_adapter_limitation,33,33,32,0.969697,pending,Stage 2I QC-controlled mapping deferral
6X4D,1,C,UO4,A,601,,P11_OTHER,QUEUE_BOND_TEMPLATE,partial_adapter_limitation,35,35,34,0.971429,pending,Stage 2I QC-controlled mapping deferral
6X4E,1,C,UMV,A,601,,P11_OTHER,QUEUE_BOND_TEMPLATE,partial_adapter_limitation,36,36,35,0.972222,pending,Stage 2I QC-controlled mapping deferral
6X4F,1,C,UMV,A,601,,P11_OTHER,QUEUE_BOND_TEMPLATE,partial_adapter_limitation,36,36,35,0.972222,pending,Stage 2I QC-controlled mapping deferral
6XA9,1,B,AYE,B,157,,P11_OTHER,QUEUE_BOND_TEMPLATE,partial_adapter_limitation,4,4,3,0.75,pending,Stage 2I QC-controlled mapping deferral
6XA9,1,D,AYE,D,157,,P11_OTHER,QUEUE_BOND_TEMPLATE,partial_adapter_limitation,4,4,3,0.75,pending,Stage 2I QC-controlled mapping deferral
6XA9,1,F,AYE,F,157,,P11_OTHER,QUEUE_BOND_TEMPLATE,partial_adapter_limitation,4,4,3,0.75,pending,Stage 2I QC-controlled mapping deferral
6XAA,1,B,AYE,B,76,,P11_OTHER,QUEUE_BOND_TEMPLATE,partial_adapter_limitation,4,4,3,0.75,pending,Stage 2I QC-controlled mapping deferral
6Z2E,1,B,Q5T,AAA,401,,P11_OTHER,QUEUE_BOND_TEMPLATE,partial_adapter_limitation,67,67,59,0.880597,pending,Stage 2I QC-controlled mapping deferral
6ZB4,1,FA,EIC,A,2110,,P1_EXACT_HEAVY_TOPOLOGY_MCS_PARTIAL,QUEUE_EXACT_GRAPH,partial_adapter_limitation,20,20,11,0.55,pending,Stage 2I QC-controlled mapping deferral
6ZB4,1,K,EIC,C,1407,,P1_EXACT_HEAVY_TOPOLOGY_MCS_PARTIAL,QUEUE_EXACT_GRAPH,partial_adapter_limitation,20,20,11,0.55,pending,Stage 2I QC-controlled mapping deferral
6ZB4,1,V,EIC,B,1311,,P1_EXACT_HEAVY_TOPOLOGY_MCS_PARTIAL,QUEUE_EXACT_GRAPH,partial_adapter_limitation,20,20,11,0.55,pending,Stage 2I QC-controlled mapping deferral
6ZB5,1,M,EIC,C,1407,,P1_EXACT_HEAVY_TOPOLOGY_MCS_PARTIAL,QUEUE_EXACT_GRAPH,partial_adapter_limitation,20,20,11,0.55,pending,Stage 2I QC-controlled mapping deferral
6ZB5,1,V,EIC,B,1309,,P1_EXACT_HEAVY_TOPOLOGY_MCS_PARTIAL,QUEUE_EXACT_GRAPH,partial_adapter_limitation,20,20,11,0.55,pending,Stage 2I QC-controlled mapping deferral
6ZB5,1,W,EIC,B,1310,,P1_EXACT_HEAVY_TOPOLOGY_MCS_PARTIAL,QUEUE_EXACT_GRAPH,partial_adapter_limitation,20,20,11,0.55,pending,Stage 2I QC-controlled mapping deferral
6ZFG,1,D,FSC,A,302,,P7_MCS_TIMEOUT,QUEUE_COMPLEX_GRAPH,mapping_timeout,,,,,pending,Stage 2I QC-controlled mapping deferral
6ZFG,1,E,FSC,B,301,,P7_MCS_TIMEOUT,QUEUE_COMPLEX_GRAPH,mapping_timeout,,,,,pending,Stage 2I QC-controlled mapping deferral
6ZOZ,1,CA,BLA,A,1314,,P1_EXACT_HEAVY_TOPOLOGY_MCS_PARTIAL,QUEUE_EXACT_GRAPH,partial_adapter_limitation,43,43,13,0.302326,pending,Stage 2I QC-controlled mapping deferral
6ZOZ,1,EB,BLA,C,1314,,P1_EXACT_HEAVY_TOPOLOGY_MCS_PARTIAL,QUEUE_EXACT_GRAPH,partial_adapter_limitation,43,43,13,0.302326,pending,Stage 2I QC-controlled mapping deferral
6ZOZ,1,QA,BLA,B,1314,,P1_EXACT_HEAVY_TOPOLOGY_MCS_PARTIAL,QUEUE_EXACT_GRAPH,partial_adapter_limitation,43,43,13,0.302326,pending,Stage 2I QC-controlled mapping deferral
6ZP2,1,DA,EIC,A,2112,,P1_EXACT_HEAVY_TOPOLOGY_MCS_PARTIAL,QUEUE_EXACT_GRAPH,partial_adapter_limitation,20,20,11,0.55,pending,Stage 2I QC-controlled mapping deferral
6ZP2,1,HA,EIC,A,2116,,P1_EXACT_HEAVY_TOPOLOGY_MCS_PARTIAL,QUEUE_EXACT_GRAPH,partial_adapter_limitation,20,20,11,0.55,pending,Stage 2I QC-controlled mapping deferral
6ZP2,1,IA,BLA,B,2101,,P1_EXACT_HEAVY_TOPOLOGY_MCS_PARTIAL,QUEUE_EXACT_GRAPH,partial_adapter_limitation,43,43,13,0.302326,pending,Stage 2I QC-controlled mapping deferral
6ZP2,1,S,BLA,A,2101,,P1_EXACT_HEAVY_TOPOLOGY_MCS_PARTIAL,QUEUE_EXACT_GRAPH,partial_adapter_limitation,43,43,13,0.302326,pending,Stage 2I QC-controlled mapping deferral
6ZP2,1,TA,EIC,B,2112,,P1_EXACT_HEAVY_TOPOLOGY_MCS_PARTIAL,QUEUE_EXACT_GRAPH,partial_adapter_limitation,20,20,11,0.55,pending,Stage 2I QC-controlled mapping deferral
6ZP2,1,XA,BLA,C,2101,,P1_EXACT_HEAVY_TOPOLOGY_MCS_PARTIAL,QUEUE_EXACT_GRAPH,partial_adapter_limitation,43,43,13,0.302326,pending,Stage 2I QC-controlled mapping deferral
7B5Z,1,F,SYH,A,405,,P11_OTHER,QUEUE_BOND_TEMPLATE,partial_adapter_limitation,19,19,18,0.947368,pending,Stage 2I QC-controlled mapping deferral
7B62,1,B,BLA,A,1301,,P1_EXACT_HEAVY_TOPOLOGY_MCS_PARTIAL,QUEUE_EXACT_GRAPH,partial_adapter_limitation,43,43,13,0.302326,pending,Stage 2I QC-controlled mapping deferral
7BF6,1,D,U08,A,201,,P11_OTHER,QUEUE_BOND_TEMPLATE,partial_adapter_limitation,21,21,20,0.952381,pending,Stage 2I QC-controlled mapping deferral
7BF6,1,H,U08,B,201,,P11_OTHER,QUEUE_BOND_TEMPLATE,partial_adapter_limitation,21,21,20,0.952381,pending,Stage 2I QC-controlled mapping deferral
7BF6,1,I,U08,C,201,,P11_OTHER,QUEUE_BOND_TEMPLATE,partial_adapter_limitation,21,21,20,0.952381,pending,Stage 2I QC-controlled mapping deferral
7CA8,1,C,FNO,A,301,,P11_OTHER,QUEUE_BOND_TEMPLATE,partial_adapter_limitation,21,21,8,0.380952,pending,Stage 2I QC-controlled mapping deferral
7DGB,1,B,EOF,A,401,,P11_OTHER,QUEUE_BOND_TEMPLATE,partial_adapter_limitation,29,29,22,0.758621,pending,Stage 2I QC-controlled mapping deferral
7DGF,1,B,H60,A,401,,P11_OTHER,QUEUE_BOND_TEMPLATE,partial_adapter_limitation,30,30,23,0.766667,pending,Stage 2I QC-controlled mapping deferral
7DGG,1,C,H63,A,600,,P11_OTHER,QUEUE_BOND_TEMPLATE,partial_adapter_limitation,29,29,22,0.758621,pending,Stage 2I QC-controlled mapping deferral
7DGG,1,D,H63,B,601,,P11_OTHER,QUEUE_BOND_TEMPLATE,partial_adapter_limitation,29,29,22,0.758621,pending,Stage 2I QC-controlled mapping deferral
7DHJ,1,B,H6R,A,401,,P11_OTHER,QUEUE_BOND_TEMPLATE,partial_adapter_limitation,28,28,20,0.714286,pending,Stage 2I QC-controlled mapping deferral
7DWY,1,DB,EIC,B,1422,,P1_EXACT_HEAVY_TOPOLOGY_MCS_PARTIAL,QUEUE_EXACT_GRAPH,partial_adapter_limitation,20,20,11,0.55,pending,Stage 2I QC-controlled mapping deferral
7DWY,1,HA,EIC,A,1420,,P1_EXACT_HEAVY_TOPOLOGY_MCS_PARTIAL,QUEUE_EXACT_GRAPH,partial_adapter_limitation,20,20,11,0.55,pending,Stage 2I QC-controlled mapping deferral
7DWY,1,XB,EIC,C,1420,,P1_EXACT_HEAVY_TOPOLOGY_MCS_PARTIAL,QUEUE_EXACT_GRAPH,partial_adapter_limitation,20,20,11,0.55,pending,Stage 2I QC-controlled mapping deferral
7E6K,1,B,HYR,A,401,,P11_OTHER,QUEUE_BOND_TEMPLATE,partial_adapter_limitation,12,12,11,0.916667,pending,Stage 2I QC-controlled mapping deferral
7E6K,1,C,HYR,A,402,,P11_OTHER,QUEUE_BOND_TEMPLATE,partial_adapter_limitation,12,12,11,0.916667,pending,Stage 2I QC-controlled mapping deferral
7E6K,1,D,HYR,A,403,,P11_OTHER,QUEUE_BOND_TEMPLATE,partial_adapter_limitation,12,12,11,0.916667,pending,Stage 2I QC-controlled mapping deferral
7E7B,1,EB,ELA,B,1606,,P11_OTHER,QUEUE_BOND_TEMPLATE,partial_adapter_limitation,20,20,11,0.55,pending,Stage 2I QC-controlled mapping deferral
7E7B,1,FB,VCG,B,1607,,P11_OTHER,QUEUE_BOND_TEMPLATE,partial_adapter_limitation,42,42,33,0.785714,pending,Stage 2I QC-controlled mapping deferral
7E7B,1,VA,ELA,A,1606,,P11_OTHER,QUEUE_BOND_TEMPLATE,partial_adapter_limitation,20,20,11,0.55,pending,Stage 2I QC-controlled mapping deferral
7E7B,1,WA,ELA,A,1607,,P11_OTHER,QUEUE_BOND_TEMPLATE,partial_adapter_limitation,20,20,11,0.55,pending,Stage 2I QC-controlled mapping deferral
7E7B,1,XA,VCG,A,1608,,P11_OTHER,QUEUE_BOND_TEMPLATE,partial_adapter_limitation,42,42,33,0.785714,pending,Stage 2I QC-controlled mapping deferral
7E7B,1,YA,VCG,A,1609,,P11_OTHER,QUEUE_BOND_TEMPLATE,partial_adapter_limitation,42,42,33,0.785714,pending,Stage 2I QC-controlled mapping deferral
7E7D,1,OA,ELA,A,1606,,P11_OTHER,QUEUE_BOND_TEMPLATE,partial_adapter_limitation,20,20,11,0.55,pending,Stage 2I QC-controlled mapping deferral
7E7D,1,PA,ELA,A,1607,,P11_OTHER,QUEUE_BOND_TEMPLATE,partial_adapter_limitation,20,20,11,0.55,pending,Stage 2I QC-controlled mapping deferral
7E7D,1,RA,ELA,B,1601,,P11_OTHER,QUEUE_BOND_TEMPLATE,partial_adapter_limitation,20,20,11,0.55,pending,Stage 2I QC-controlled mapping deferral
7GAW,1,H,KG9,A,406,,P11_OTHER,QUEUE_BOND_TEMPLATE,partial_adapter_limitation,33,33,32,0.969697,pending,Stage 2I QC-controlled mapping deferral
7GAW,1,K,KG9,B,402,,P11_OTHER,QUEUE_BOND_TEMPLATE,partial_adapter_limitation,33,33,32,0.969697,pending,Stage 2I QC-controlled mapping deferral
7GAY,1,B,KJO,A,1001,,P11_OTHER,QUEUE_BOND_TEMPLATE,partial_adapter_limitation,17,17,16,0.941176,pending,Stage 2I QC-controlled mapping deferral
7GB0,1,B,KLR,A,1001,,P11_OTHER,QUEUE_BOND_TEMPLATE,partial_adapter_limitation,25,25,24,0.96,pending,Stage 2I QC-controlled mapping deferral
7GB4,1,F,KO9,A,405,,P11_OTHER,QUEUE_BOND_TEMPLATE,partial_adapter_limitation,18,18,17,0.944444,pending,Stage 2I QC-controlled mapping deferral
7GBC,1,E,KSX,A,404,,P11_OTHER,QUEUE_BOND_TEMPLATE,partial_adapter_limitation,19,19,18,0.947368,pending,Stage 2I QC-controlled mapping deferral
7GCF,1,E,LKX,A,404,,P11_OTHER,QUEUE_BOND_TEMPLATE,partial_adapter_limitation,17,17,16,0.941176,pending,Stage 2I QC-controlled mapping deferral
7GCI,1,F,LJO,A,405,,P11_OTHER,QUEUE_BOND_TEMPLATE,partial_adapter_limitation,17,17,16,0.941176,pending,Stage 2I QC-controlled mapping deferral
7GCM,1,D,LQU,A,403,,P11_OTHER,QUEUE_BOND_TEMPLATE,partial_adapter_limitation,21,21,20,0.952381,pending,Stage 2I QC-controlled mapping deferral
7GCO,1,E,LO0,A,404,,P11_OTHER,QUEUE_BOND_TEMPLATE,partial_adapter_limitation,21,21,15,0.714286,pending,Stage 2I QC-controlled mapping deferral
7GE4,1,F,N6X,A,405,,P11_OTHER,QUEUE_BOND_TEMPLATE,partial_adapter_limitation,20,20,19,0.95,pending,Stage 2I QC-controlled mapping deferral
7GEJ,1,E,NO0,A,404,,P11_OTHER,QUEUE_BOND_TEMPLATE,partial_adapter_limitation,22,22,21,0.954545,pending,Stage 2I QC-controlled mapping deferral
7GF7,1,E,O3U,A,404,,P11_OTHER,QUEUE_BOND_TEMPLATE,partial_adapter_limitation,21,21,6,0.285714,pending,Stage 2I QC-controlled mapping deferral
7GFW,1,E,OK9,A,404,,P11_OTHER,QUEUE_BOND_TEMPLATE,partial_adapter_limitation,23,23,12,0.521739,pending,Stage 2I QC-controlled mapping deferral
7GGB,1,E,OT6,A,404,,P11_OTHER,QUEUE_BOND_TEMPLATE,partial_adapter_limitation,25,25,24,0.96,pending,Stage 2I QC-controlled mapping deferral
7GGG,1,E,OVX,A,404,,P11_OTHER,QUEUE_BOND_TEMPLATE,partial_adapter_limitation,26,26,25,0.961538,pending,Stage 2I QC-controlled mapping deferral
7GGN,1,E,P0X,A,404,,P11_OTHER,QUEUE_BOND_TEMPLATE,partial_adapter_limitation,27,27,26,0.962963,pending,Stage 2I QC-controlled mapping deferral
7GH7,1,B,Q36,A,1001,,P11_OTHER,QUEUE_BOND_TEMPLATE,partial_adapter_limitation,20,20,19,0.95,pending,Stage 2I QC-controlled mapping deferral
7GHH,1,B,Q6U,A,1001,,P11_OTHER,QUEUE_BOND_TEMPLATE,partial_adapter_limitation,12,12,10,0.833333,pending,Stage 2I QC-controlled mapping deferral
7GHS,1,F,OVX,A,404,,P11_OTHER,QUEUE_BOND_TEMPLATE,partial_adapter_limitation,26,26,25,0.961538,pending,Stage 2I QC-controlled mapping deferral
7GHS,1,N,OVX,B,404,,P11_OTHER,QUEUE_BOND_TEMPLATE,partial_adapter_limitation,26,26,25,0.961538,pending,Stage 2I QC-controlled mapping deferral
7GIE,1,E,QF9,A,403,,P11_OTHER,QUEUE_BOND_TEMPLATE,partial_adapter_limitation,23,23,22,0.956522,pending,Stage 2I QC-controlled mapping deferral
7GIG,1,F,QFU,A,404,,P11_OTHER,QUEUE_BOND_TEMPLATE,partial_adapter_limitation,22,22,21,0.954545,pending,Stage 2I QC-controlled mapping deferral
7GKT,1,J,QZU,A,408,,P11_OTHER,QUEUE_BOND_TEMPLATE,partial_adapter_limitation,30,30,29,0.966667,pending,Stage 2I QC-controlled mapping deferral
7GL2,1,H,R43,A,406,,P11_OTHER,QUEUE_BOND_TEMPLATE,partial_adapter_limitation,33,33,32,0.969697,pending,Stage 2I QC-controlled mapping deferral
7GL2,1,N,R43,B,403,,P11_OTHER,QUEUE_BOND_TEMPLATE,partial_adapter_limitation,33,33,32,0.969697,pending,Stage 2I QC-controlled mapping deferral
7GL8,1,I,KG9,A,407,,P11_OTHER,QUEUE_BOND_TEMPLATE,partial_adapter_limitation,33,33,32,0.969697,pending,Stage 2I QC-controlled mapping deferral
7GL8,1,L,KG9,B,403,,P11_OTHER,QUEUE_BOND_TEMPLATE,partial_adapter_limitation,33,33,32,0.969697,pending,Stage 2I QC-controlled mapping deferral
7GLD,1,H,R8I,A,406,,P11_OTHER,QUEUE_BOND_TEMPLATE,partial_adapter_limitation,31,31,30,0.967742,pending,Stage 2I QC-controlled mapping deferral
7GLG,1,H,R95,A,406,,P11_OTHER,QUEUE_BOND_TEMPLATE,partial_adapter_limitation,32,32,31,0.96875,pending,Stage 2I QC-controlled mapping deferral
7GLG,1,L,R95,B,404,,P11_OTHER,QUEUE_BOND_TEMPLATE,partial_adapter_limitation,32,32,31,0.96875,pending,Stage 2I QC-controlled mapping deferral
7GLM,1,I,RBM,A,407,,P11_OTHER,QUEUE_BOND_TEMPLATE,partial_adapter_limitation,33,33,32,0.969697,pending,Stage 2I QC-controlled mapping deferral
7GLM,1,M,RBM,B,404,,P11_OTHER,QUEUE_BOND_TEMPLATE,partial_adapter_limitation,33,33,32,0.969697,pending,Stage 2I QC-controlled mapping deferral
7GLT,1,I,RC9,A,407,,P11_OTHER,QUEUE_BOND_TEMPLATE,partial_adapter_limitation,34,34,33,0.970588,pending,Stage 2I QC-controlled mapping deferral
7GLT,1,N,RC9,B,405,,P11_OTHER,QUEUE_BOND_TEMPLATE,partial_adapter_limitation,34,34,33,0.970588,pending,Stage 2I QC-controlled mapping deferral
7GM0,1,I,RFF,A,407,,P11_OTHER,QUEUE_BOND_TEMPLATE,partial_adapter_limitation,33,33,32,0.969697,pending,Stage 2I QC-controlled mapping deferral
7GM0,1,N,RFF,B,405,,P11_OTHER,QUEUE_BOND_TEMPLATE,partial_adapter_limitation,33,33,32,0.969697,pending,Stage 2I QC-controlled mapping deferral
7GMS,1,I,RNI,A,407,,P11_OTHER,QUEUE_BOND_TEMPLATE,partial_adapter_limitation,38,38,37,0.973684,pending,Stage 2I QC-controlled mapping deferral
7GN1,1,I,RRU,A,407,,P11_OTHER,QUEUE_BOND_TEMPLATE,partial_adapter_limitation,35,35,34,0.971429,pending,Stage 2I QC-controlled mapping deferral
7GNH,1,H,RYB,A,406,,P11_OTHER,QUEUE_BOND_TEMPLATE,partial_adapter_limitation,41,41,40,0.97561,pending,Stage 2I QC-controlled mapping deferral
7GNH,1,M,RYB,B,404,,P11_OTHER,QUEUE_BOND_TEMPLATE,partial_adapter_limitation,41,41,40,0.97561,pending,Stage 2I QC-controlled mapping deferral
7GNS,1,H,S6K,A,406,,P11_OTHER,QUEUE_BOND_TEMPLATE,partial_adapter_limitation,36,36,35,0.972222,pending,Stage 2I QC-controlled mapping deferral
7GNS,1,O,S6K,B,404,,P11_OTHER,QUEUE_BOND_TEMPLATE,partial_adapter_limitation,36,36,35,0.972222,pending,Stage 2I QC-controlled mapping deferral
7GNT,1,J,S7C,A,408,,P11_OTHER,QUEUE_BOND_TEMPLATE,partial_adapter_limitation,37,37,36,0.972973,pending,Stage 2I QC-controlled mapping deferral
7GNT,1,O,S7C,B,404,,P11_OTHER,QUEUE_BOND_TEMPLATE,partial_adapter_limitation,37,37,36,0.972973,pending,Stage 2I QC-controlled mapping deferral
7GNU,1,I,S7U,A,407,,P11_OTHER,QUEUE_BOND_TEMPLATE,partial_adapter_limitation,36,36,35,0.972222,pending,Stage 2I QC-controlled mapping deferral
7GNU,1,O,S7U,B,404,,P11_OTHER,QUEUE_BOND_TEMPLATE,partial_adapter_limitation,36,36,35,0.972222,pending,Stage 2I QC-controlled mapping deferral
7GRO,1,C,Y3N,A,401,,P11_OTHER,QUEUE_BOND_TEMPLATE,partial_adapter_limitation,16,16,15,0.9375,pending,Stage 2I QC-controlled mapping deferral
7GRR,1,D,Y0O,A,502,,P11_OTHER,QUEUE_BOND_TEMPLATE,partial_adapter_limitation,18,18,10,0.555556,pending,Stage 2I QC-controlled mapping deferral
7GS1,1,E,GT7,A,1503,,P11_OTHER,QUEUE_BOND_TEMPLATE,partial_adapter_limitation,12,12,11,0.916667,pending,Stage 2I QC-controlled mapping deferral
7GZY,1,B,A1AK6,A,201,,P11_OTHER,QUEUE_BOND_TEMPLATE,partial_adapter_limitation,34,34,33,0.970588,pending,Stage 2I QC-controlled mapping deferral
7H00,1,B,A1ALQ,A,201,,P11_OTHER,QUEUE_BOND_TEMPLATE,partial_adapter_limitation,33,33,32,0.969697,pending,Stage 2I QC-controlled mapping deferral
7H02,1,B,A1ALS,A,201,,P11_OTHER,QUEUE_BOND_TEMPLATE,partial_adapter_limitation,19,19,15,0.789474,pending,Stage 2I QC-controlled mapping deferral
7H09,1,C,A1AL6,A,201,,P11_OTHER,QUEUE_BOND_TEMPLATE,partial_adapter_limitation,33,33,32,0.969697,pending,Stage 2I QC-controlled mapping deferral
7H09,1,D,A1AL6,B,201,,P11_OTHER,QUEUE_BOND_TEMPLATE,partial_adapter_limitation,33,33,32,0.969697,pending,Stage 2I QC-controlled mapping deferral
7H0B,1,C,A1AMD,A,201,,P11_OTHER,QUEUE_BOND_TEMPLATE,partial_adapter_limitation,32,32,31,0.96875,pending,Stage 2I QC-controlled mapping deferral
7H0B,1,D,A1AMD,B,201,,P11_OTHER,QUEUE_BOND_TEMPLATE,partial_adapter_limitation,32,32,31,0.96875,pending,Stage 2I QC-controlled mapping deferral
7H0R,1,B,A1AMW,A,201,,P11_OTHER,QUEUE_BOND_TEMPLATE,partial_adapter_limitation,34,34,33,0.970588,pending,Stage 2I QC-controlled mapping deferral
7H0X,1,C,A1ANQ,A,201,,P11_OTHER,QUEUE_BOND_TEMPLATE,partial_adapter_limitation,33,33,32,0.969697,pending,Stage 2I QC-controlled mapping deferral
7H0X,1,D,A1ANQ,B,201,,P11_OTHER,QUEUE_BOND_TEMPLATE,partial_adapter_limitation,33,33,32,0.969697,pending,Stage 2I QC-controlled mapping deferral
7H11,1,B,A1ANW,A,201,,P11_OTHER,QUEUE_BOND_TEMPLATE,partial_adapter_limitation,31,31,27,0.870968,pending,Stage 2I QC-controlled mapping deferral
7JIV,1,B,VBY,A,501,,P11_OTHER,QUEUE_BOND_TEMPLATE,partial_adapter_limitation,27,27,26,0.962963,pending,Stage 2I QC-controlled mapping deferral
7JIW,1,B,VBY,A,501,,P11_OTHER,QUEUE_BOND_TEMPLATE,partial_adapter_limitation,27,27,26,0.962963,pending,Stage 2I QC-controlled mapping deferral
7JJI,1,BB,VCG,B,1503,,P11_OTHER,QUEUE_BOND_TEMPLATE,partial_adapter_limitation,42,42,33,0.785714,pending,Stage 2I QC-controlled mapping deferral
7JJI,1,CB,EIC,C,1501,,P1_EXACT_HEAVY_TOPOLOGY_MCS_PARTIAL,QUEUE_EXACT_GRAPH,partial_adapter_limitation,20,20,11,0.55,pending,Stage 2I QC-controlled mapping deferral
7JJI,1,EB,VCG,C,1503,,P11_OTHER,QUEUE_BOND_TEMPLATE,partial_adapter_limitation,42,42,33,0.785714,pending,Stage 2I QC-controlled mapping deferral
7JJI,1,XA,VCG,A,1302,,P11_OTHER,QUEUE_BOND_TEMPLATE,partial_adapter_limitation,42,42,33,0.785714,pending,Stage 2I QC-controlled mapping deferral
7JJI,1,YA,EIC,A,1303,,P1_EXACT_HEAVY_TOPOLOGY_MCS_PARTIAL,QUEUE_EXACT_GRAPH,partial_adapter_limitation,20,20,11,0.55,pending,Stage 2I QC-controlled mapping deferral
7JJI,1,ZA,EIC,B,1501,,P1_EXACT_HEAVY_TOPOLOGY_MCS_PARTIAL,QUEUE_EXACT_GRAPH,partial_adapter_limitation,20,20,11,0.55,pending,Stage 2I QC-controlled mapping deferral
7KJW,1,F,EFZ,A,602,,P11_OTHER,QUEUE_BOND_TEMPLATE,partial_adapter_limitation,21,21,17,0.809524,pending,Stage 2I QC-controlled mapping deferral
7KOJ,1,B,Y94,A,501,,P11_OTHER,QUEUE_BOND_TEMPLATE,partial_adapter_limitation,29,29,28,0.965517,pending,Stage 2I QC-controlled mapping deferral
7KOK,1,B,Y96,A,501,,P11_OTHER,QUEUE_BOND_TEMPLATE,partial_adapter_limitation,25,25,23,0.92,pending,Stage 2I QC-controlled mapping deferral
7KOL,1,B,Y96,A,501,,P11_OTHER,QUEUE_BOND_TEMPLATE,partial_adapter_limitation,25,25,23,0.92,pending,Stage 2I QC-controlled mapping deferral
7KRE,1,C,X2V,A,701,,P11_OTHER,QUEUE_BOND_TEMPLATE,partial_adapter_limitation,35,35,34,0.971429,pending,Stage 2I QC-controlled mapping deferral
7KWU,1,J,K7F,A,608,,P11_OTHER,QUEUE_BOND_TEMPLATE,partial_adapter_limitation,40,40,39,0.975,pending,Stage 2I QC-controlled mapping deferral
7KXB,1,B,XB1,A,201,,P11_OTHER,QUEUE_BOND_TEMPLATE,partial_adapter_limitation,29,29,28,0.965517,pending,Stage 2I QC-controlled mapping deferral
7L10,1,B,XEY,A,400,,P11_OTHER,QUEUE_BOND_TEMPLATE,partial_adapter_limitation,29,29,28,0.965517,pending,Stage 2I QC-controlled mapping deferral
7L11,1,C,XF1,A,400,,P11_OTHER,QUEUE_BOND_TEMPLATE,partial_adapter_limitation,32,32,31,0.96875,pending,Stage 2I QC-controlled mapping deferral
7L11,1,D,XF1,B,400,,P11_OTHER,QUEUE_BOND_TEMPLATE,partial_adapter_limitation,32,32,31,0.96875,pending,Stage 2I QC-controlled mapping deferral
7L14,1,C,XFD,A,400,,P11_OTHER,QUEUE_BOND_TEMPLATE,partial_adapter_limitation,33,33,32,0.969697,pending,Stage 2I QC-controlled mapping deferral
7L14,1,D,XFD,B,400,,P11_OTHER,QUEUE_BOND_TEMPLATE,partial_adapter_limitation,33,33,32,0.969697,pending,Stage 2I QC-controlled mapping deferral
7L23,1,I,XFS,A,308,,P11_OTHER,QUEUE_BOND_TEMPLATE,partial_adapter_limitation,25,25,15,0.6,pending,Stage 2I QC-controlled mapping deferral
7L2Y,1,J,XHY,AAA,309,,P11_OTHER,QUEUE_BOND_TEMPLATE,partial_adapter_limitation,25,25,1,0.04,pending,Stage 2I QC-controlled mapping deferral
7LQP,1,U,YAV,B,309,,P11_OTHER,QUEUE_BOND_TEMPLATE,partial_adapter_limitation,58,58,28,0.482759,pending,Stage 2I QC-controlled mapping deferral
7MPB,1,C,ASC,A,401,,P11_OTHER,QUEUE_BOND_TEMPLATE,partial_adapter_limitation,12,12,5,0.416667,pending,Stage 2I QC-controlled mapping deferral
7MPB,1,E,ASC,B,401,,P11_OTHER,QUEUE_BOND_TEMPLATE,partial_adapter_limitation,12,12,5,0.416667,pending,Stage 2I QC-controlled mapping deferral
7MSQ,1,J,SCN,B,602,,P11_OTHER,QUEUE_BOND_TEMPLATE,partial_adapter_limitation,3,3,2,0.666667,pending,Stage 2I QC-controlled mapping deferral
7MSQ,1,P,SCN,E,303,,P11_OTHER,QUEUE_BOND_TEMPLATE,partial_adapter_limitation,3,3,2,0.666667,pending,Stage 2I QC-controlled mapping deferral
7MSQ,1,R,SCN,L,301,,P11_OTHER,QUEUE_BOND_TEMPLATE,partial_adapter_limitation,3,3,2,0.666667,pending,Stage 2I QC-controlled mapping deferral
7MSQ,1,S,SCN,L,302,,P11_OTHER,QUEUE_BOND_TEMPLATE,partial_adapter_limitation,3,3,2,0.666667,pending,Stage 2I QC-controlled mapping deferral
7MSQ,1,T,SCN,L,303,,P11_OTHER,QUEUE_BOND_TEMPLATE,partial_adapter_limitation,3,3,2,0.666667,pending,Stage 2I QC-controlled mapping deferral
7NT1,1,I,UQW,B,504,,P11_OTHER,QUEUE_BOND_TEMPLATE,partial_adapter_limitation,22,22,21,0.954545,pending,Stage 2I QC-controlled mapping deferral
7NT2,1,I,URK,B,604,,P11_OTHER,QUEUE_BOND_TEMPLATE,partial_adapter_limitation,29,29,28,0.965517,pending,Stage 2I QC-controlled mapping deferral
7NT3,1,F,UQZ,B,703,,P11_OTHER,QUEUE_BOND_TEMPLATE,partial_adapter_limitation,29,29,28,0.965517,pending,Stage 2I QC-controlled mapping deferral
7NT9,1,HA,BLA,A,1301,,P1_EXACT_HEAVY_TOPOLOGY_MCS_PARTIAL,QUEUE_EXACT_GRAPH,partial_adapter_limitation,43,43,13,0.302326,pending,Stage 2I QC-controlled mapping deferral
7NT9,1,QA,BLA,B,1301,,P1_EXACT_HEAVY_TOPOLOGY_MCS_PARTIAL,QUEUE_EXACT_GRAPH,partial_adapter_limitation,43,43,13,0.302326,pending,Stage 2I QC-controlled mapping deferral
7NT9,1,ZA,BLA,C,1301,,P1_EXACT_HEAVY_TOPOLOGY_MCS_PARTIAL,QUEUE_EXACT_GRAPH,partial_adapter_limitation,43,43,13,0.302326,pending,Stage 2I QC-controlled mapping deferral
7NTA,1,CA,BLA,B,1301,,P1_EXACT_HEAVY_TOPOLOGY_MCS_PARTIAL,QUEUE_EXACT_GRAPH,partial_adapter_limitation,43,43,13,0.302326,pending,Stage 2I QC-controlled mapping deferral
7NTA,1,KA,BLA,C,1301,,P1_EXACT_HEAVY_TOPOLOGY_MCS_PARTIAL,QUEUE_EXACT_GRAPH,partial_adapter_limitation,43,43,13,0.302326,pending,Stage 2I QC-controlled mapping deferral
7NTA,1,VA,BLA,A,1301,,P1_EXACT_HEAVY_TOPOLOGY_MCS_PARTIAL,QUEUE_EXACT_GRAPH,partial_adapter_limitation,43,43,13,0.302326,pending,Stage 2I QC-controlled mapping deferral
7NTC,1,EA,BLA,A,1301,,P1_EXACT_HEAVY_TOPOLOGY_MCS_PARTIAL,QUEUE_EXACT_GRAPH,partial_adapter_limitation,43,43,13,0.302326,pending,Stage 2I QC-controlled mapping deferral
7NTC,1,OA,BLA,B,1301,,P1_EXACT_HEAVY_TOPOLOGY_MCS_PARTIAL,QUEUE_EXACT_GRAPH,partial_adapter_limitation,43,43,13,0.302326,pending,Stage 2I QC-controlled mapping deferral
7OD3,1,BA,EIC,C,1301,,P1_EXACT_HEAVY_TOPOLOGY_MCS_PARTIAL,QUEUE_EXACT_GRAPH,partial_adapter_limitation,20,20,11,0.55,pending,Stage 2I QC-controlled mapping deferral
7OD3,1,D,EIC,A,1301,,P1_EXACT_HEAVY_TOPOLOGY_MCS_PARTIAL,QUEUE_EXACT_GRAPH,partial_adapter_limitation,20,20,11,0.55,pending,Stage 2I QC-controlled mapping deferral
7OD3,1,Q,EIC,B,1302,,P1_EXACT_HEAVY_TOPOLOGY_MCS_PARTIAL,QUEUE_EXACT_GRAPH,partial_adapter_limitation,20,20,11,0.55,pending,Stage 2I QC-controlled mapping deferral
7ODL,1,D,EIC,A,1301,,P1_EXACT_HEAVY_TOPOLOGY_MCS_PARTIAL,QUEUE_EXACT_GRAPH,partial_adapter_limitation,20,20,11,0.55,pending,Stage 2I QC-controlled mapping deferral
7ODL,1,O,EIC,B,1301,,P1_EXACT_HEAVY_TOPOLOGY_MCS_PARTIAL,QUEUE_EXACT_GRAPH,partial_adapter_limitation,20,20,11,0.55,pending,Stage 2I QC-controlled mapping deferral
7ODL,1,Z,EIC,C,1301,,P1_EXACT_HEAVY_TOPOLOGY_MCS_PARTIAL,QUEUE_EXACT_GRAPH,partial_adapter_limitation,20,20,11,0.55,pending,Stage 2I QC-controlled mapping deferral
7QG7,1,C,U08,A,201,,P11_OTHER,QUEUE_BOND_TEMPLATE,partial_adapter_limitation,21,21,20,0.952381,pending,Stage 2I QC-controlled mapping deferral
7QG7,1,F,U08,B,201,,P11_OTHER,QUEUE_BOND_TEMPLATE,partial_adapter_limitation,21,21,20,0.952381,pending,Stage 2I QC-controlled mapping deferral
7QIF,1,B,GTG,D,601,,P7_MCS_TIMEOUT,QUEUE_COMPLEX_GRAPH,mapping_timeout,,,,,pending,Stage 2I QC-controlled mapping deferral
7QUR,1,DA,EIC,A,1315,,P1_EXACT_HEAVY_TOPOLOGY_MCS_PARTIAL,QUEUE_EXACT_GRAPH,partial_adapter_limitation,20,20,11,0.55,pending,Stage 2I QC-controlled mapping deferral
7QUR,1,SA,EIC,B,1315,,P1_EXACT_HEAVY_TOPOLOGY_MCS_PARTIAL,QUEUE_EXACT_GRAPH,partial_adapter_limitation,20,20,11,0.55,pending,Stage 2I QC-controlled mapping deferral
7QUR,1,TA,EIC,C,1301,,P1_EXACT_HEAVY_TOPOLOGY_MCS_PARTIAL,QUEUE_EXACT_GRAPH,partial_adapter_limitation,20,20,11,0.55,pending,Stage 2I QC-controlled mapping deferral
7QUS,1,BA,EIC,A,1313,,P1_EXACT_HEAVY_TOPOLOGY_MCS_PARTIAL,QUEUE_EXACT_GRAPH,partial_adapter_limitation,20,20,11,0.55,pending,Stage 2I QC-controlled mapping deferral
7QUS,1,OA,EIC,B,1313,,P1_EXACT_HEAVY_TOPOLOGY_MCS_PARTIAL,QUEUE_EXACT_GRAPH,partial_adapter_limitation,20,20,11,0.55,pending,Stage 2I QC-controlled mapping deferral
7QUS,1,PA,EIC,C,1301,,P1_EXACT_HEAVY_TOPOLOGY_MCS_PARTIAL,QUEUE_EXACT_GRAPH,partial_adapter_limitation,20,20,11,0.55,pending,Stage 2I QC-controlled mapping deferral
7R1T,1,C,6NR,A,301,,P11_OTHER,QUEUE_BOND_TEMPLATE,partial_adapter_limitation,28,28,27,0.964286,pending,Stage 2I QC-controlled mapping deferral
7RBZ,1,B,4IJ,A,401,,P11_OTHER,QUEUE_BOND_TEMPLATE,partial_adapter_limitation,11,19,11,0.578947,pending,Stage 2I QC-controlled mapping deferral
7RHN,1,B,QNG,C,301,,P7_MCS_TIMEOUT,QUEUE_COMPLEX_GRAPH,mapping_timeout,,,,,pending,Stage 2I QC-controlled mapping deferral
7RJ2,1,B,QNG,C,301,,P7_MCS_TIMEOUT,QUEUE_COMPLEX_GRAPH,mapping_timeout,,,,,pending,Stage 2I QC-controlled mapping deferral
7RJ4,1,D,QNG,A,301,,P7_MCS_TIMEOUT,QUEUE_COMPLEX_GRAPH,mapping_timeout,,,,,pending,Stage 2I QC-controlled mapping deferral
7RJ4,1,L,QNG,B,301,,P7_MCS_TIMEOUT,QUEUE_COMPLEX_GRAPH,mapping_timeout,,,,,pending,Stage 2I QC-controlled mapping deferral
7RJ4,1,T,QNG,C,301,,P7_MCS_TIMEOUT,QUEUE_COMPLEX_GRAPH,mapping_timeout,,,,,pending,Stage 2I QC-controlled mapping deferral
7RMJ,1,D,61F,A,301,,P11_OTHER,QUEUE_BOND_TEMPLATE,partial_adapter_limitation,62,62,54,0.870968,pending,Stage 2I QC-controlled mapping deferral
7RMJ,1,K,61F,B,301,,P11_OTHER,QUEUE_BOND_TEMPLATE,partial_adapter_limitation,62,62,54,0.870968,pending,Stage 2I QC-controlled mapping deferral
7RMJ,1,S,61F,C,301,,P11_OTHER,QUEUE_BOND_TEMPLATE,partial_adapter_limitation,62,62,54,0.870968,pending,Stage 2I QC-controlled mapping deferral
7RMT,1,B,5ZN,A,401,,P11_OTHER,QUEUE_BOND_TEMPLATE,partial_adapter_limitation,25,25,18,0.72,pending,Stage 2I QC-controlled mapping deferral
7RNK,1,B,5ZT,A,401,,P11_OTHER,QUEUE_BOND_TEMPLATE,partial_adapter_limitation,25,25,18,0.72,pending,Stage 2I QC-controlled mapping deferral
7RQ0,1,L,6I2,B,305,,P11_OTHER,QUEUE_BOND_TEMPLATE,partial_adapter_limitation,55,55,25,0.454545,pending,Stage 2I QC-controlled mapping deferral
7RVN,1,B,7VB,A,401,,P11_OTHER,QUEUE_BOND_TEMPLATE,partial_adapter_limitation,36,36,35,0.972222,pending,Stage 2I QC-controlled mapping deferral
7SLR,1,C,9QI,A,4000,,P11_OTHER,QUEUE_BOND_TEMPLATE,partial_adapter_limitation,35,35,34,0.971429,pending,Stage 2I QC-controlled mapping deferral
7SLS,1,C,9PJ,A,601,,P11_OTHER,QUEUE_BOND_TEMPLATE,partial_adapter_limitation,36,36,27,0.75,pending,Stage 2I QC-controlled mapping deferral
7SNL,1,B,9VI,A,301,,P7_MCS_TIMEOUT,QUEUE_COMPLEX_GRAPH,mapping_timeout,,,,,pending,Stage 2I QC-controlled mapping deferral
7SNP,1,C,9UV,A,601,,P11_OTHER,QUEUE_BOND_TEMPLATE,partial_adapter_limitation,38,38,35,0.921053,pending,Stage 2I QC-controlled mapping deferral
7SNZ,1,C,9WI,A,601,,P11_OTHER,QUEUE_BOND_TEMPLATE,partial_adapter_limitation,29,29,27,0.931034,pending,Stage 2I QC-controlled mapping deferral
7SO1,1,C,9W3,A,601,,P11_OTHER,QUEUE_BOND_TEMPLATE,partial_adapter_limitation,38,38,34,0.894737,pending,Stage 2I QC-controlled mapping deferral
7SO2,1,C,9W3,A,601,,P11_OTHER,QUEUE_BOND_TEMPLATE,partial_adapter_limitation,38,38,34,0.894737,pending,Stage 2I QC-controlled mapping deferral
7SO3,1,C,9W3,A,601,,P11_OTHER,QUEUE_BOND_TEMPLATE,partial_adapter_limitation,38,38,34,0.894737,pending,Stage 2I QC-controlled mapping deferral
7SO4,1,C,M9A,A,601,,P11_OTHER,QUEUE_BOND_TEMPLATE,partial_adapter_limitation,31,31,30,0.967742,pending,Stage 2I QC-controlled mapping deferral
7SO6,1,C,M9A,A,601,,P11_OTHER,QUEUE_BOND_TEMPLATE,partial_adapter_limitation,31,31,30,0.967742,pending,Stage 2I QC-controlled mapping deferral
7TAZ,1,C,VM5,A,601,,P11_OTHER,QUEUE_BOND_TEMPLATE,partial_adapter_limitation,33,33,32,0.969697,pending,Stage 2I QC-controlled mapping deferral
7TIA,1,C,SCN,A,402,,P11_OTHER,QUEUE_BOND_TEMPLATE,partial_adapter_limitation,3,3,2,0.666667,pending,Stage 2I QC-controlled mapping deferral
7TIZ,1,E,SCN,A,404,,P11_OTHER,QUEUE_BOND_TEMPLATE,partial_adapter_limitation,3,3,2,0.666667,pending,Stage 2I QC-controlled mapping deferral
7UO4,1,G,NWX,A,1001,,P11_OTHER,QUEUE_BOND_TEMPLATE,partial_adapter_limitation,33,33,32,0.969697,pending,Stage 2I QC-controlled mapping deferral
7UUB,1,B,7VB,A,401,,P11_OTHER,QUEUE_BOND_TEMPLATE,partial_adapter_limitation,36,36,35,0.972222,pending,Stage 2I QC-controlled mapping deferral
7UXZ,1,G,GKP,AAA,501,,P11_OTHER,QUEUE_BOND_TEMPLATE,partial_adapter_limitation,34,34,16,0.470588,pending,Stage 2I QC-controlled mapping deferral
7WGV,1,AA,EIC,A,1309,,P1_EXACT_HEAVY_TOPOLOGY_MCS_PARTIAL,QUEUE_EXACT_GRAPH,partial_adapter_limitation,20,20,11,0.55,pending,Stage 2I QC-controlled mapping deferral
7WGV,1,AB,EIC,C,1309,,P1_EXACT_HEAVY_TOPOLOGY_MCS_PARTIAL,QUEUE_EXACT_GRAPH,partial_adapter_limitation,20,20,11,0.55,pending,Stage 2I QC-controlled mapping deferral
7WGV,1,EA,BLR,A,1313,,P11_OTHER,QUEUE_BOND_TEMPLATE,partial_adapter_limitation,43,43,25,0.581395,pending,Stage 2I QC-controlled mapping deferral
7WGV,1,EB,BLR,C,1313,,P11_OTHER,QUEUE_BOND_TEMPLATE,partial_adapter_limitation,43,43,25,0.581395,pending,Stage 2I QC-controlled mapping deferral
7WGV,1,NA,EIC,B,1309,,P1_EXACT_HEAVY_TOPOLOGY_MCS_PARTIAL,QUEUE_EXACT_GRAPH,partial_adapter_limitation,20,20,11,0.55,pending,Stage 2I QC-controlled mapping deferral
7WGV,1,RA,BLR,B,1313,,P11_OTHER,QUEUE_BOND_TEMPLATE,partial_adapter_limitation,43,43,25,0.581395,pending,Stage 2I QC-controlled mapping deferral
7WGX,1,BA,BLR,A,1610,,P11_OTHER,QUEUE_BOND_TEMPLATE,partial_adapter_limitation,43,43,25,0.581395,pending,Stage 2I QC-controlled mapping deferral
7WGX,1,LA,BLR,B,1610,,P11_OTHER,QUEUE_BOND_TEMPLATE,partial_adapter_limitation,43,43,25,0.581395,pending,Stage 2I QC-controlled mapping deferral
7WGX,1,VA,BLR,C,1610,,P11_OTHER,QUEUE_BOND_TEMPLATE,partial_adapter_limitation,43,43,25,0.581395,pending,Stage 2I QC-controlled mapping deferral
7WO3,1,B,59S,A,401,,P11_OTHER,QUEUE_BOND_TEMPLATE,partial_adapter_limitation,39,39,30,0.769231,pending,Stage 2I QC-controlled mapping deferral
7WOF,1,B,5IZ,A,401,,P11_OTHER,QUEUE_BOND_TEMPLATE,partial_adapter_limitation,30,30,23,0.766667,pending,Stage 2I QC-controlled mapping deferral
7WOH,1,C,5IW,A,401,,P11_OTHER,QUEUE_BOND_TEMPLATE,partial_adapter_limitation,41,41,34,0.829268,pending,Stage 2I QC-controlled mapping deferral
7WOH,1,D,5IW,B,401,,P11_OTHER,QUEUE_BOND_TEMPLATE,partial_adapter_limitation,41,41,34,0.829268,pending,Stage 2I QC-controlled mapping deferral
7WYP,1,C,G7O,A,401,,P11_OTHER,QUEUE_BOND_TEMPLATE,partial_adapter_limitation,18,18,17,0.944444,pending,Stage 2I QC-controlled mapping deferral
7WYP,1,D,G7O,B,401,,P11_OTHER,QUEUE_BOND_TEMPLATE,partial_adapter_limitation,18,18,17,0.944444,pending,Stage 2I QC-controlled mapping deferral
7XJ4,1,F,E9B,A,205,,P11_OTHER,QUEUE_BOND_TEMPLATE,partial_adapter_limitation,24,24,17,0.708333,pending,Stage 2I QC-controlled mapping deferral
7XXK,1,G,SCN,A,401,,P11_OTHER,QUEUE_BOND_TEMPLATE,partial_adapter_limitation,3,3,2,0.666667,pending,Stage 2I QC-controlled mapping deferral
7Y42,1,GA,REA,D,1310,,P11_OTHER,QUEUE_BOND_TEMPLATE,partial_adapter_limitation,22,22,3,0.136364,pending,Stage 2I QC-controlled mapping deferral
7Y42,1,M,REA,A,1310,,P11_OTHER,QUEUE_BOND_TEMPLATE,partial_adapter_limitation,22,22,3,0.136364,pending,Stage 2I QC-controlled mapping deferral
7Y42,1,W,REA,B,1310,,P11_OTHER,QUEUE_BOND_TEMPLATE,partial_adapter_limitation,22,22,3,0.136364,pending,Stage 2I QC-controlled mapping deferral
7Z2D,1,D,T27,A,601,,P1_EXACT_HEAVY_TOPOLOGY_MCS_PARTIAL,QUEUE_EXACT_GRAPH,partial_adapter_limitation,28,28,24,0.857143,pending,Stage 2I QC-controlled mapping deferral
7Z2E,1,D,T27,A,601,,P1_EXACT_HEAVY_TOPOLOGY_MCS_PARTIAL,QUEUE_EXACT_GRAPH,partial_adapter_limitation,28,28,24,0.857143,pending,Stage 2I QC-controlled mapping deferral
7Z2G,1,D,2KW,A,601,,P11_OTHER,QUEUE_BOND_TEMPLATE,partial_adapter_limitation,29,29,28,0.965517,pending,Stage 2I QC-controlled mapping deferral
7Z2H,1,D,2KW,A,601,,P11_OTHER,QUEUE_BOND_TEMPLATE,partial_adapter_limitation,29,29,28,0.965517,pending,Stage 2I QC-controlled mapping deferral
7Z59,1,B,IFO,A,401,,P11_OTHER,QUEUE_BOND_TEMPLATE,partial_adapter_limitation,35,35,21,0.6,pending,Stage 2I QC-controlled mapping deferral
7ZBU,1,L,3Q9,A,1309,,P11_OTHER,QUEUE_BOND_TEMPLATE,partial_adapter_limitation,43,43,27,0.627907,pending,Stage 2I QC-controlled mapping deferral
7ZQV,1,C,XNV,A,401,,P11_OTHER,QUEUE_BOND_TEMPLATE,partial_adapter_limitation,38,38,37,0.973684,pending,Stage 2I QC-controlled mapping deferral
7ZQV,1,D,XNV,B,401,,P11_OTHER,QUEUE_BOND_TEMPLATE,partial_adapter_limitation,38,38,37,0.973684,pending,Stage 2I QC-controlled mapping deferral
8A23,1,C,KW6,A,301,,P11_OTHER,QUEUE_BOND_TEMPLATE,partial_adapter_limitation,31,31,20,0.645161,pending,Stage 2I QC-controlled mapping deferral
8B2T,1,B,OW1,A,401,,P11_OTHER,QUEUE_BOND_TEMPLATE,partial_adapter_limitation,35,35,34,0.971429,pending,Stage 2I QC-controlled mapping deferral
8BWU,1,B,6NR,A,601,,P11_OTHER,QUEUE_BOND_TEMPLATE,partial_adapter_limitation,28,28,27,0.964286,pending,Stage 2I QC-controlled mapping deferral
8C1A,1,C,T6O,A,201,,P11_OTHER,QUEUE_BOND_TEMPLATE,partial_adapter_limitation,28,28,20,0.714286,pending,Stage 2I QC-controlled mapping deferral
8DLB,1,B,SRU,A,401,,P11_OTHER,QUEUE_BOND_TEMPLATE,partial_adapter_limitation,24,24,11,0.458333,pending,Stage 2I QC-controlled mapping deferral
8DPR,1,B,T43,A,401,,P11_OTHER,QUEUE_BOND_TEMPLATE,partial_adapter_limitation,45,45,44,0.977778,pending,Stage 2I QC-controlled mapping deferral
8DX2,1,C,T27,A,601,,P1_EXACT_HEAVY_TOPOLOGY_MCS_PARTIAL,QUEUE_EXACT_GRAPH,partial_adapter_limitation,28,28,24,0.857143,pending,Stage 2I QC-controlled mapping deferral
8DX3,1,D,T27,A,702,,P1_EXACT_HEAVY_TOPOLOGY_MCS_PARTIAL,QUEUE_EXACT_GRAPH,partial_adapter_limitation,28,28,24,0.857143,pending,Stage 2I QC-controlled mapping deferral
8DX8,1,D,T27,A,602,,P1_EXACT_HEAVY_TOPOLOGY_MCS_PARTIAL,QUEUE_EXACT_GRAPH,partial_adapter_limitation,28,28,24,0.857143,pending,Stage 2I QC-controlled mapping deferral
8DXB,1,E,T27,A,903,,P1_EXACT_HEAVY_TOPOLOGY_MCS_PARTIAL,QUEUE_EXACT_GRAPH,partial_adapter_limitation,28,28,24,0.857143,pending,Stage 2I QC-controlled mapping deferral
8DXE,1,C,0IF,A,601,,P11_OTHER,QUEUE_BOND_TEMPLATE,partial_adapter_limitation,10,10,9,0.9,pending,Stage 2I QC-controlled mapping deferral
8DXE,1,D,T27,A,602,,P1_EXACT_HEAVY_TOPOLOGY_MCS_PARTIAL,QUEUE_EXACT_GRAPH,partial_adapter_limitation,28,28,24,0.857143,pending,Stage 2I QC-controlled mapping deferral
8DXG,1,D,T27,A,602,,P1_EXACT_HEAVY_TOPOLOGY_MCS_PARTIAL,QUEUE_EXACT_GRAPH,partial_adapter_limitation,28,28,24,0.857143,pending,Stage 2I QC-controlled mapping deferral
8DXH,1,C,JBQ,A,601,,P11_OTHER,QUEUE_BOND_TEMPLATE,partial_adapter_limitation,12,12,7,0.583333,pending,Stage 2I QC-controlled mapping deferral
8DXH,1,D,T27,A,602,,P1_EXACT_HEAVY_TOPOLOGY_MCS_PARTIAL,QUEUE_EXACT_GRAPH,partial_adapter_limitation,28,28,24,0.857143,pending,Stage 2I QC-controlled mapping deferral
8DXI,1,C,T27,A,601,,P1_EXACT_HEAVY_TOPOLOGY_MCS_PARTIAL,QUEUE_EXACT_GRAPH,partial_adapter_limitation,28,28,24,0.857143,pending,Stage 2I QC-controlled mapping deferral
8DXJ,1,C,T27,A,601,,P1_EXACT_HEAVY_TOPOLOGY_MCS_PARTIAL,QUEUE_EXACT_GRAPH,partial_adapter_limitation,28,28,24,0.857143,pending,Stage 2I QC-controlled mapping deferral
8DXK,1,C,T27,A,601,,P1_EXACT_HEAVY_TOPOLOGY_MCS_PARTIAL,QUEUE_EXACT_GRAPH,partial_adapter_limitation,28,28,24,0.857143,pending,Stage 2I QC-controlled mapping deferral
8DXL,1,C,T27,A,601,,P1_EXACT_HEAVY_TOPOLOGY_MCS_PARTIAL,QUEUE_EXACT_GRAPH,partial_adapter_limitation,28,28,24,0.857143,pending,Stage 2I QC-controlled mapping deferral
8DXM,1,D,T27,A,602,,P1_EXACT_HEAVY_TOPOLOGY_MCS_PARTIAL,QUEUE_EXACT_GRAPH,partial_adapter_limitation,28,28,24,0.857143,pending,Stage 2I QC-controlled mapping deferral
8F2C,1,B,X9Z,A,401,,P11_OTHER,QUEUE_BOND_TEMPLATE,partial_adapter_limitation,41,41,40,0.97561,pending,Stage 2I QC-controlled mapping deferral
8F2D,1,B,XA8,A,401,,P11_OTHER,QUEUE_BOND_TEMPLATE,partial_adapter_limitation,42,42,41,0.97619,pending,Stage 2I QC-controlled mapping deferral
8F4S,1,D,XDU,A,7102,,P11_OTHER,QUEUE_BOND_TEMPLATE,partial_adapter_limitation,21,21,12,0.571429,pending,Stage 2I QC-controlled mapping deferral
8F4Y,1,D,XDU,A,7102,,P11_OTHER,QUEUE_BOND_TEMPLATE,partial_adapter_limitation,21,21,12,0.571429,pending,Stage 2I QC-controlled mapping deferral
8FE8,1,C,XRB,A,601,,P11_OTHER,QUEUE_BOND_TEMPLATE,partial_adapter_limitation,38,38,34,0.894737,pending,Stage 2I QC-controlled mapping deferral
8FFX,1,D,XU9,A,602,,P11_OTHER,QUEUE_BOND_TEMPLATE,partial_adapter_limitation,19,19,15,0.789474,pending,Stage 2I QC-controlled mapping deferral
8FIV,1,B,Y0I,A,401,,P11_OTHER,QUEUE_BOND_TEMPLATE,partial_adapter_limitation,36,36,35,0.972222,pending,Stage 2I QC-controlled mapping deferral
8FIW,1,C,Y0E,A,401,,P11_OTHER,QUEUE_BOND_TEMPLATE,partial_adapter_limitation,35,35,34,0.971429,pending,Stage 2I QC-controlled mapping deferral
8FIW,1,D,Y0E,B,401,,P11_OTHER,QUEUE_BOND_TEMPLATE,partial_adapter_limitation,35,35,34,0.971429,pending,Stage 2I QC-controlled mapping deferral
8FIW,1,E,Y1E,B,402,,P11_OTHER,QUEUE_BOND_TEMPLATE,partial_adapter_limitation,35,35,34,0.971429,pending,Stage 2I QC-controlled mapping deferral
8FYM,1,O,1HC,B,301,,P11_OTHER,QUEUE_BOND_TEMPLATE,partial_adapter_limitation,5,5,4,0.8,pending,Stage 2I QC-controlled mapping deferral
8FYM,1,W,1HC,I,302,,P11_OTHER,QUEUE_BOND_TEMPLATE,partial_adapter_limitation,5,5,4,0.8,pending,Stage 2I QC-controlled mapping deferral
8FYM,1,X,1HC,J,701,,P11_OTHER,QUEUE_BOND_TEMPLATE,partial_adapter_limitation,5,5,4,0.8,pending,Stage 2I QC-controlled mapping deferral
8GB5,1,R,BCN,C,301,,P11_OTHER,QUEUE_BOND_TEMPLATE,partial_adapter_limitation,11,11,10,0.909091,pending,Stage 2I QC-controlled mapping deferral
8GB5,1,V,BCN,E,303,,P11_OTHER,QUEUE_BOND_TEMPLATE,partial_adapter_limitation,11,11,10,0.909091,pending,Stage 2I QC-controlled mapping deferral
8GB5,1,W,BCN,H,301,,P11_OTHER,QUEUE_BOND_TEMPLATE,partial_adapter_limitation,11,11,10,0.909091,pending,Stage 2I QC-controlled mapping deferral
8GFR,1,B,ZGO,A,401,,P11_OTHER,QUEUE_BOND_TEMPLATE,partial_adapter_limitation,46,46,45,0.978261,pending,Stage 2I QC-controlled mapping deferral
8GFU,1,B,ZGW,A,401,,P11_OTHER,QUEUE_BOND_TEMPLATE,partial_adapter_limitation,35,35,34,0.971429,pending,Stage 2I QC-controlled mapping deferral
8HLC,1,IB,EIC,B,1315,,P1_EXACT_HEAVY_TOPOLOGY_MCS_PARTIAL,QUEUE_EXACT_GRAPH,partial_adapter_limitation,20,20,11,0.55,pending,Stage 2I QC-controlled mapping deferral
8HLC,1,TA,EIC,A,1311,,P1_EXACT_HEAVY_TOPOLOGY_MCS_PARTIAL,QUEUE_EXACT_GRAPH,partial_adapter_limitation,20,20,11,0.55,pending,Stage 2I QC-controlled mapping deferral
8HLC,1,XB,EIC,C,1315,,P1_EXACT_HEAVY_TOPOLOGY_MCS_PARTIAL,QUEUE_EXACT_GRAPH,partial_adapter_limitation,20,20,11,0.55,pending,Stage 2I QC-controlled mapping deferral
8IFR,1,B,P0O,A,401,,P11_OTHER,QUEUE_BOND_TEMPLATE,partial_adapter_limitation,39,39,35,0.897436,pending,Stage 2I QC-controlled mapping deferral
8IFS,1,C,OZL,A,401,,P11_OTHER,QUEUE_BOND_TEMPLATE,partial_adapter_limitation,37,37,36,0.972973,pending,Stage 2I QC-controlled mapping deferral
8IFS,1,D,OZL,B,401,,P11_OTHER,QUEUE_BOND_TEMPLATE,partial_adapter_limitation,37,37,36,0.972973,pending,Stage 2I QC-controlled mapping deferral
8IFT,1,B,OZB,A,401,,P11_OTHER,QUEUE_BOND_TEMPLATE,partial_adapter_limitation,36,36,35,0.972222,pending,Stage 2I QC-controlled mapping deferral
8IGX,1,B,PQL,A,401,,P11_OTHER,QUEUE_BOND_TEMPLATE,partial_adapter_limitation,36,36,35,0.972222,pending,Stage 2I QC-controlled mapping deferral
8OKC,1,B,VQN,A,401,,P11_OTHER,QUEUE_BOND_TEMPLATE,partial_adapter_limitation,64,64,36,0.5625,pending,Stage 2I QC-controlled mapping deferral
8P9Y,1,NA,XIO,C,1307,,P7_MCS_TIMEOUT,QUEUE_COMPLEX_GRAPH,mapping_timeout,,,,,pending,Stage 2I QC-controlled mapping deferral
8PH4,1,D,YQN,A,402,,P11_OTHER,QUEUE_BOND_TEMPLATE,partial_adapter_limitation,37,37,30,0.810811,pending,Stage 2I QC-controlled mapping deferral
8PH4,1,E,YQN,A,403,,P11_OTHER,QUEUE_BOND_TEMPLATE,partial_adapter_limitation,37,37,30,0.810811,pending,Stage 2I QC-controlled mapping deferral
8PH4,1,G,YQN,B,401,,P11_OTHER,QUEUE_BOND_TEMPLATE,partial_adapter_limitation,37,37,30,0.810811,pending,Stage 2I QC-controlled mapping deferral
8PH4,1,H,YQN,B,402,,P11_OTHER,QUEUE_BOND_TEMPLATE,partial_adapter_limitation,37,37,30,0.810811,pending,Stage 2I QC-controlled mapping deferral
8QUK,1,D,WVU,A,303,,P11_OTHER,QUEUE_BOND_TEMPLATE,partial_adapter_limitation,17,17,16,0.941176,pending,Stage 2I QC-controlled mapping deferral
8R12,1,C,XH9,A,401,,P11_OTHER,QUEUE_BOND_TEMPLATE,partial_adapter_limitation,25,25,24,0.96,pending,Stage 2I QC-controlled mapping deferral
8R12,1,E,XH9,B,401,,P11_OTHER,QUEUE_BOND_TEMPLATE,partial_adapter_limitation,25,25,24,0.96,pending,Stage 2I QC-controlled mapping deferral
8STP,1,C,29T,A,601,,P11_OTHER,QUEUE_BOND_TEMPLATE,partial_adapter_limitation,29,29,28,0.965517,pending,Stage 2I QC-controlled mapping deferral
8STQ,1,C,3LQ,A,601,,P11_OTHER,QUEUE_BOND_TEMPLATE,partial_adapter_limitation,30,30,29,0.966667,pending,Stage 2I QC-controlled mapping deferral
8STR,1,C,7N1,A,601,,P1_EXACT_HEAVY_TOPOLOGY_MCS_PARTIAL,QUEUE_EXACT_GRAPH,partial_adapter_limitation,32,32,31,0.96875,pending,Stage 2I QC-controlled mapping deferral
8STT,1,F,29T,A,602,,P11_OTHER,QUEUE_BOND_TEMPLATE,partial_adapter_limitation,29,29,28,0.965517,pending,Stage 2I QC-controlled mapping deferral
8STT,1,H,29T,C,602,,P11_OTHER,QUEUE_BOND_TEMPLATE,partial_adapter_limitation,29,29,28,0.965517,pending,Stage 2I QC-controlled mapping deferral
8STU,1,D,H9Y,A,602,,P11_OTHER,QUEUE_BOND_TEMPLATE,partial_adapter_limitation,31,31,30,0.967742,pending,Stage 2I QC-controlled mapping deferral
8STV,1,H,3LQ,A,604,,P11_OTHER,QUEUE_BOND_TEMPLATE,partial_adapter_limitation,30,30,29,0.966667,pending,Stage 2I QC-controlled mapping deferral
8STV,1,K,3LQ,C,603,,P11_OTHER,QUEUE_BOND_TEMPLATE,partial_adapter_limitation,30,30,29,0.966667,pending,Stage 2I QC-controlled mapping deferral
8TOV,1,M,J6U,G,301,,P11_OTHER,QUEUE_BOND_TEMPLATE,partial_adapter_limitation,57,57,56,0.982456,pending,Stage 2I QC-controlled mapping deferral
8TOV,1,N,J6U,I,301,,P11_OTHER,QUEUE_BOND_TEMPLATE,partial_adapter_limitation,57,57,56,0.982456,pending,Stage 2I QC-controlled mapping deferral
8TOV,1,O,J6U,J,301,,P11_OTHER,QUEUE_BOND_TEMPLATE,partial_adapter_limitation,57,57,56,0.982456,pending,Stage 2I QC-controlled mapping deferral
8TOV,1,P,J6U,K,301,,P11_OTHER,QUEUE_BOND_TEMPLATE,partial_adapter_limitation,57,57,56,0.982456,pending,Stage 2I QC-controlled mapping deferral
8TOV,1,Q,J6U,L,301,,P11_OTHER,QUEUE_BOND_TEMPLATE,partial_adapter_limitation,57,57,56,0.982456,pending,Stage 2I QC-controlled mapping deferral
8TOV,1,R,J6U,H,301,,P11_OTHER,QUEUE_BOND_TEMPLATE,partial_adapter_limitation,57,57,56,0.982456,pending,Stage 2I QC-controlled mapping deferral
8TOV,1,S,J6U,A,301,,P11_OTHER,QUEUE_BOND_TEMPLATE,partial_adapter_limitation,57,57,56,0.982456,pending,Stage 2I QC-controlled mapping deferral
8TOV,1,T,J6U,B,301,,P11_OTHER,QUEUE_BOND_TEMPLATE,partial_adapter_limitation,57,57,56,0.982456,pending,Stage 2I QC-controlled mapping deferral
8TOV,1,U,J6U,C,301,,P11_OTHER,QUEUE_BOND_TEMPLATE,partial_adapter_limitation,57,57,56,0.982456,pending,Stage 2I QC-controlled mapping deferral
8TOV,1,V,J6U,D,301,,P11_OTHER,QUEUE_BOND_TEMPLATE,partial_adapter_limitation,57,57,56,0.982456,pending,Stage 2I QC-controlled mapping deferral
8TOV,1,W,J6U,E,301,,P11_OTHER,QUEUE_BOND_TEMPLATE,partial_adapter_limitation,57,57,56,0.982456,pending,Stage 2I QC-controlled mapping deferral
8TOV,1,X,J6U,F,301,,P11_OTHER,QUEUE_BOND_TEMPLATE,partial_adapter_limitation,57,57,56,0.982456,pending,Stage 2I QC-controlled mapping deferral
8TQP,1,M,K3L,A,301,,P11_OTHER,QUEUE_BOND_TEMPLATE,partial_adapter_limitation,50,50,49,0.98,pending,Stage 2I QC-controlled mapping deferral
8TQP,1,N,K3L,B,301,,P11_OTHER,QUEUE_BOND_TEMPLATE,partial_adapter_limitation,50,50,49,0.98,pending,Stage 2I QC-controlled mapping deferral
8TQP,1,O,K3L,C,301,,P11_OTHER,QUEUE_BOND_TEMPLATE,partial_adapter_limitation,50,50,49,0.98,pending,Stage 2I QC-controlled mapping deferral
8TQP,1,P,K3L,D,301,,P11_OTHER,QUEUE_BOND_TEMPLATE,partial_adapter_limitation,50,50,49,0.98,pending,Stage 2I QC-controlled mapping deferral
8TQP,1,Q,K3L,E,301,,P11_OTHER,QUEUE_BOND_TEMPLATE,partial_adapter_limitation,50,50,49,0.98,pending,Stage 2I QC-controlled mapping deferral
8TQP,1,R,K3L,F,301,,P11_OTHER,QUEUE_BOND_TEMPLATE,partial_adapter_limitation,50,50,49,0.98,pending,Stage 2I QC-controlled mapping deferral
8TQP,1,S,K3L,G,301,,P11_OTHER,QUEUE_BOND_TEMPLATE,partial_adapter_limitation,50,50,49,0.98,pending,Stage 2I QC-controlled mapping deferral
8TQP,1,T,K3L,I,301,,P11_OTHER,QUEUE_BOND_TEMPLATE,partial_adapter_limitation,50,50,49,0.98,pending,Stage 2I QC-controlled mapping deferral
8TQP,1,U,K3L,J,301,,P11_OTHER,QUEUE_BOND_TEMPLATE,partial_adapter_limitation,50,50,49,0.98,pending,Stage 2I QC-controlled mapping deferral
8TQP,1,V,K3L,K,301,,P11_OTHER,QUEUE_BOND_TEMPLATE,partial_adapter_limitation,50,50,49,0.98,pending,Stage 2I QC-controlled mapping deferral
8TQP,1,W,K3L,L,301,,P11_OTHER,QUEUE_BOND_TEMPLATE,partial_adapter_limitation,50,50,49,0.98,pending,Stage 2I QC-controlled mapping deferral
8TQP,1,X,K3L,H,301,,P11_OTHER,QUEUE_BOND_TEMPLATE,partial_adapter_limitation,50,50,49,0.98,pending,Stage 2I QC-controlled mapping deferral
8TV6,1,D,V83,B,201,,P11_OTHER,QUEUE_BOND_TEMPLATE,partial_adapter_limitation,26,26,18,0.692308,pending,Stage 2I QC-controlled mapping deferral
8U69,1,C,VQ0,A,601,,P11_OTHER,QUEUE_BOND_TEMPLATE,partial_adapter_limitation,29,29,28,0.965517,pending,Stage 2I QC-controlled mapping deferral
8U6A,1,C,VQK,A,601,,P11_OTHER,QUEUE_BOND_TEMPLATE,partial_adapter_limitation,31,31,29,0.935484,pending,Stage 2I QC-controlled mapping deferral
8U6B,1,C,VTN,A,601,,P11_OTHER,QUEUE_BOND_TEMPLATE,partial_adapter_limitation,24,24,22,0.916667,pending,Stage 2I QC-controlled mapping deferral
8U6C,1,C,VWU,A,601,,P11_OTHER,QUEUE_BOND_TEMPLATE,partial_adapter_limitation,24,24,23,0.958333,pending,Stage 2I QC-controlled mapping deferral
8U6D,1,C,VTS,A,601,,P11_OTHER,QUEUE_BOND_TEMPLATE,partial_adapter_limitation,26,26,24,0.923077,pending,Stage 2I QC-controlled mapping deferral
8U6F,1,C,VU8,A,601,,P11_OTHER,QUEUE_BOND_TEMPLATE,partial_adapter_limitation,26,26,24,0.923077,pending,Stage 2I QC-controlled mapping deferral
8U6G,1,C,VVE,A,601,,P1_EXACT_HEAVY_TOPOLOGY_MCS_PARTIAL,QUEUE_EXACT_GRAPH,partial_adapter_limitation,34,34,33,0.970588,pending,Stage 2I QC-controlled mapping deferral
8U6H,1,E,VVE,A,601,,P1_EXACT_HEAVY_TOPOLOGY_MCS_PARTIAL,QUEUE_EXACT_GRAPH,partial_adapter_limitation,34,34,33,0.970588,pending,Stage 2I QC-controlled mapping deferral
8U6N,1,C,VWK,A,601,,P11_OTHER,QUEUE_BOND_TEMPLATE,partial_adapter_limitation,27,27,26,0.962963,pending,Stage 2I QC-controlled mapping deferral
8U6O,1,C,VWB,A,601,,P11_OTHER,QUEUE_BOND_TEMPLATE,partial_adapter_limitation,29,29,28,0.965517,pending,Stage 2I QC-controlled mapping deferral
8U6P,1,C,VOI,A,601,,P11_OTHER,QUEUE_BOND_TEMPLATE,partial_adapter_limitation,26,26,25,0.961538,pending,Stage 2I QC-controlled mapping deferral
8U6Q,1,C,VOU,A,601,,P11_OTHER,QUEUE_BOND_TEMPLATE,partial_adapter_limitation,28,28,27,0.964286,pending,Stage 2I QC-controlled mapping deferral
8U6R,1,C,VP2,A,601,,P11_OTHER,QUEUE_BOND_TEMPLATE,partial_adapter_limitation,28,28,27,0.964286,pending,Stage 2I QC-controlled mapping deferral
8U6S,1,C,VPB,A,601,,P11_OTHER,QUEUE_BOND_TEMPLATE,partial_adapter_limitation,29,29,28,0.965517,pending,Stage 2I QC-controlled mapping deferral
8VDJ,1,E,SCN,B,402,,P11_OTHER,QUEUE_BOND_TEMPLATE,partial_adapter_limitation,3,3,2,0.666667,pending,Stage 2I QC-controlled mapping deferral
8X1Z,1,I,XTE,A,603,,P11_OTHER,QUEUE_BOND_TEMPLATE,partial_adapter_limitation,35,35,32,0.914286,pending,Stage 2I QC-controlled mapping deferral
8X1Z,1,L,XTE,C,602,,P11_OTHER,QUEUE_BOND_TEMPLATE,partial_adapter_limitation,35,35,32,0.914286,pending,Stage 2I QC-controlled mapping deferral
8X20,1,G,XTE,A,601,,P11_OTHER,QUEUE_BOND_TEMPLATE,partial_adapter_limitation,35,35,32,0.914286,pending,Stage 2I QC-controlled mapping deferral
8X20,1,J,XTE,C,601,,P11_OTHER,QUEUE_BOND_TEMPLATE,partial_adapter_limitation,35,35,32,0.914286,pending,Stage 2I QC-controlled mapping deferral
8X21,1,G,ET9,A,601,,P11_OTHER,QUEUE_BOND_TEMPLATE,partial_adapter_limitation,32,32,31,0.96875,pending,Stage 2I QC-controlled mapping deferral
8X21,1,L,ET9,C,601,,P11_OTHER,QUEUE_BOND_TEMPLATE,partial_adapter_limitation,32,32,31,0.96875,pending,Stage 2I QC-controlled mapping deferral
8YRH,1,C,ROA,A,401,,P11_OTHER,QUEUE_BOND_TEMPLATE,partial_adapter_limitation,26,26,17,0.653846,pending,Stage 2I QC-controlled mapping deferral
9BPF,1,C,YDL,A,401,,P1_EXACT_HEAVY_TOPOLOGY_MCS_PARTIAL,QUEUE_EXACT_GRAPH,partial_adapter_limitation,34,34,33,0.970588,pending,Stage 2I QC-controlled mapping deferral
9BPF,1,D,YDL,B,401,,P1_EXACT_HEAVY_TOPOLOGY_MCS_PARTIAL,QUEUE_EXACT_GRAPH,partial_adapter_limitation,34,34,33,0.970588,pending,Stage 2I QC-controlled mapping deferral
9BRV,1,C,A1ASK,A,401,,P11_OTHER,QUEUE_BOND_TEMPLATE,partial_adapter_limitation,16,16,15,0.9375,pending,Stage 2I QC-controlled mapping deferral
9BRV,1,E,A1ASK,A,403,,P11_OTHER,QUEUE_BOND_TEMPLATE,partial_adapter_limitation,16,16,15,0.9375,pending,Stage 2I QC-controlled mapping deferral
9FEH,1,B,A1IB6,A,601,,P11_OTHER,QUEUE_BOND_TEMPLATE,partial_adapter_limitation,42,42,34,0.809524,pending,Stage 2I QC-controlled mapping deferral
9FQ9,1,B,A1IF1,A,401,,P11_OTHER,QUEUE_BOND_TEMPLATE,partial_adapter_limitation,12,20,12,0.6,pending,Stage 2I QC-controlled mapping deferral
