ligand_id,component_id,status,source_smiles,canonical_smiles,smiles_source,source_locator,source_count
162,006,resolved,Cc1cccc(c1OCC(=O)N[C@@H](Cc2ccccc2)[C@@H](C(=O)N3CSC([C@H]3C(=O)N[C@H]4c5ccccc5C[C@H]4O)(C)C)O)C,Cc1cccc(C)c1OCC(=O)N[C@@H](Cc1ccccc1)[C@H](O)C(=O)N1CSC(C)(C)[C@H]1C(=O)N[C@H]1c2ccccc2C[C@H]1O,Components-smiles-stereo-oe.smi,<frozen-chemistry-source>,3
1764,010,resolved,c1ccc(cc1)CO,OCc1ccccc1,Components-smiles-stereo-oe.smi,<frozen-chemistry-source>,5
893,016,resolved,Cc1cccc(c1OCC(=O)N[C@@H](Cc2ccccc2)[C@H](C(=O)N3CSC([C@H]3C(=O)N[C@H]4c5ccccc5C[C@H]4O)(C)C)O)C,Cc1cccc(C)c1OCC(=O)N[C@@H](Cc1ccccc1)[C@@H](O)C(=O)N1CSC(C)(C)[C@H]1C(=O)N[C@H]1c2ccccc2C[C@H]1O,Components-smiles-stereo-oe.smi,<frozen-chemistry-source>,3
53,017,resolved,CC(C)C[N@@](C[C@H]([C@H](Cc1ccccc1)NC(=O)O[C@H]2CO[C@@H]3[C@H]2CCO3)O)S(=O)(=O)c4ccc(cc4)N,CC(C)CN(C[C@@H](O)[C@H](Cc1ccccc1)NC(=O)O[C@H]1CO[C@H]2OCC[C@H]21)S(=O)(=O)c1ccc(N)cc1,Components-smiles-stereo-oe.smi,<frozen-chemistry-source>,159
1762,02J,resolved,Cc1cc(no1)C(=O)O,Cc1cc(C(=O)O)no1,Components-smiles-stereo-oe.smi,<frozen-chemistry-source>,5
148,031,resolved,COc1ccc(cc1)S(=O)(=O)[N@@](C[C@H]2CCC(=O)N2)C[C@H]([C@H](Cc3ccccc3)NC(=O)O[C@@H]4C[C@@H]5CCO[C@@H]5C4)O,COc1ccc(S(=O)(=O)N(C[C@H]2CCC(=O)N2)C[C@@H](O)[C@H](Cc2ccccc2)NC(=O)O[C@@H]2C[C@@H]3CCO[C@@H]3C2)cc1,Components-smiles-stereo-oe.smi,<frozen-chemistry-source>,14
516,03G,resolved,CC1(CC(CC(N1)(C)C)NC(=O)C(=O)Nc2ccc(cc2)Cl)C,CC1(C)CC(NC(=O)C(=O)Nc2ccc(Cl)cc2)CC(C)(C)N1,Components-smiles-stereo-oe.smi,<frozen-chemistry-source>,4
1379,04R,resolved,C1CCc2c(c(nn2CC(=O)O)C(F)(F)F)C1,O=C(O)Cn1nc(C(F)(F)F)c2c1CCCC2,Components-smiles-stereo-oe.smi,<frozen-chemistry-source>,3
1329,05R,resolved,c1cc(c(cc1CC(=O)O)Cl)Cl,O=C(O)Cc1ccc(Cl)c(Cl)c1,Components-smiles-stereo-oe.smi,<frozen-chemistry-source>,3
380,065,resolved,CC(C)C[N@@](C[C@H]([C@H](Cc1ccccc1)NC(=O)O[C@H]2CO[C@@H]3[C@H]2CCO3)O)S(=O)(=O)c4ccc5c(c4)OCO5,CC(C)CN(C[C@@H](O)[C@H](Cc1ccccc1)NC(=O)O[C@H]1CO[C@H]2OCC[C@H]21)S(=O)(=O)c1ccc2c(c1)OCO2,Components-smiles-stereo-oe.smi,<frozen-chemistry-source>,15
262,06B,resolved,COc1ccc(c(c1C(=O)O)OC)Br,COc1ccc(Br)c(OC)c1C(=O)O,Components-smiles-stereo-oe.smi,<frozen-chemistry-source>,5
2509,06I,resolved,Cc1c(ncs1)COc2cc(cc(c2)Cl)C3=CC(=CN(C3=O)c4cccnc4)C5=CNC(=O)NC5=O,Cc1scnc1COc1cc(Cl)cc(-c2cc(-c3c[nH]c(=O)[nH]c3=O)cn(-c3cccnc3)c2=O)c1,Components-smiles-stereo-oe.smi,<frozen-chemistry-source>,1
2728,06Q,resolved,c1ccc(cc1)CNC(=O)[C@H]([C@H](C[C@@H]2CCCNC2=O)NC(=O)[C@H](Cc3ccc(cc3)F)NC(=O)c4cc5ccccc5o4)O,O=C(N[C@@H](Cc1ccc(F)cc1)C(=O)N[C@@H](C[C@@H]1CCCNC1=O)[C@H](O)C(=O)NCc1ccccc1)c1cc2ccccc2o1,Components-smiles-stereo-oe.smi,<frozen-chemistry-source>,1
1358,06Y,resolved,c1ccc(cc1)OCC(=O)O,O=C(O)COc1ccccc1,Components-smiles-stereo-oe.smi,<frozen-chemistry-source>,3
101,075,resolved,CC1([C@H](N(CS1)C(=O)[C@H]([C@H](Cc2ccccc2)NC(=O)[C@H](CS(=O)(=O)C)NC(=O)COc3cccc4c3ccnc4)O)C(=O)N[C@H]5c6ccccc6C[C@H]5O)C,CC1(C)SCN(C(=O)[C@@H](O)[C@H](Cc2ccccc2)NC(=O)[C@H](CS(C)(=O)=O)NC(=O)COc2cccc3cnccc23)[C@@H]1C(=O)N[C@H]1c2ccccc2C[C@H]1O,Components-smiles-stereo-oe.smi,<frozen-chemistry-source>,3
216,076,resolved,CC(C)[C@@H](C(=O)N[C@@H](Cc1ccccc1)[C@H]([C@@H]2[C@H](O2)Cc3ccccc3)O)NC(=O)COc4ccccc4,CC(C)[C@H](NC(=O)COc1ccccc1)C(=O)N[C@@H](Cc1ccccc1)[C@@H](O)[C@H]1O[C@@H]1Cc1ccccc1,Components-smiles-stereo-oe.smi,<frozen-chemistry-source>,3
217,079,resolved,CC(C)[C@@H](C(=O)N[C@@H](Cc1ccccc1)[C@H]([C@@H]([C@@H](Cc2ccccc2)O)N)O)NC(=O)COc3ccccc3,CC(C)[C@H](NC(=O)COc1ccccc1)C(=O)N[C@@H](Cc1ccccc1)[C@@H](O)[C@H](N)[C@H](O)Cc1ccccc1,Components-smiles-stereo-oe.smi,<frozen-chemistry-source>,6
1328,07L,resolved,c1cc2c(cc1O)OC(=O)C=C2,O=c1ccc2ccc(O)cc2o1,Components-smiles-stereo-oe.smi,<frozen-chemistry-source>,3
2727,0A9,resolved,COC(=O)[C@H](Cc1ccccc1)N,COC(=O)[C@@H](N)Cc1ccccc1,Components-smiles-stereo-oe.smi,<frozen-chemistry-source>,1
2729,0AX,resolved,c1ccc(cc1)CNC(=O)[C@@H]([C@H](C[C@@H]2CCCNC2=O)NC(=O)[C@H](CC3CCCCC3)NC(=O)c4cc5ccccc5o4)O,O=C(N[C@@H](CC1CCCCC1)C(=O)N[C@@H](C[C@@H]1CCCNC1=O)[C@@H](O)C(=O)NCc1ccccc1)c1cc2ccccc2o1,Components-smiles-stereo-oe.smi,<frozen-chemistry-source>,1
2730,0BO,resolved,c1ccc2c(c1)cc(o2)C(=O)N[C@@H](CC3CCCCC3)C(=O)N[C@@H](C[C@@H]4CCCNC4=O)[C@H](C(=O)NC5CC5)O,O=C(N[C@@H](CC1CCCCC1)C(=O)N[C@@H](C[C@@H]1CCCNC1=O)[C@@H](O)C(=O)NC1CC1)c1cc2ccccc2o1,Components-smiles-stereo-oe.smi,<frozen-chemistry-source>,1
50,0E8,resolved,CC(C)(C)OC(=O)N[C@@H](Cc1ccccc1)[C@@H](CNC[C@H]([C@H](Cc2ccccc2)NC(=O)OC(C)(C)C)O)O,CC(C)(C)OC(=O)N[C@@H](Cc1ccccc1)[C@H](O)CNC[C@@H](O)[C@H](Cc1ccccc1)NC(=O)OC(C)(C)C,Components-smiles-stereo-oe.smi,<frozen-chemistry-source>,5
1014,0E9,missing_smiles,,,,,0
2937,0EN,resolved,CC(C)(C)c1ccc(cc1)N([C@H](c2cccnc2)C(=O)NC(C)(C)C)C(=O)c3ccco3,CC(C)(C)NC(=O)[C@@H](c1cccnc1)N(C(=O)c1ccco1)c1ccc(C(C)(C)C)cc1,Components-smiles-stereo-oe.smi,<frozen-chemistry-source>,3
1395,0HN,resolved,c1cc2c(cc1C(=O)O)OCO2,O=C(O)c1ccc2c(c1)OCO2,Components-smiles-stereo-oe.smi,<frozen-chemistry-source>,3
432,0IF,resolved,c1cc(c(c(c1)F)C#N)N,N#Cc1c(N)cccc1F,Components-smiles-stereo-oe.smi,<frozen-chemistry-source>,3
223,0JV,resolved,CC(C)CN(C[C@H]([C@H](Cc1ccccc1)NC(=O)O[C@@H]2C[C@H]3[C@@H](C2)OC[C@H]3NC(=O)OC)O)S(=O)(=O)c4ccc(cc4)OC,COC(=O)N[C@@H]1CO[C@@H]2C[C@H](OC(=O)N[C@@H](Cc3ccccc3)[C@H](O)CN(CC(C)C)S(=O)(=O)c3ccc(OC)cc3)C[C@H]12,Components-smiles-stereo-oe.smi,<frozen-chemistry-source>,3
3016,0JY,resolved,CC(C)(C)C[C@@H](C(=O)O)N,CC(C)(C)C[C@H](N)C(=O)O,Components-smiles-stereo-oe.smi,<frozen-chemistry-source>,1
227,0KJ,resolved,CC[C@H](C)CN(C[C@H]([C@H](Cc1ccccc1)NC(=O)OC[C@@H]2CCC(=O)N2)O)S(=O)(=O)c3ccc4c(c3)scn4,CC[C@H](C)CN(C[C@@H](O)[C@H](Cc1ccccc1)NC(=O)OC[C@@H]1CCC(=O)N1)S(=O)(=O)c1ccc2ncsc2c1,Components-smiles-stereo-oe.smi,<frozen-chemistry-source>,3
523,0KU,resolved,Cc1c(sc(n1)[C@H]([C@@H]2CCCCN2)NC(=O)C(=O)Nc3ccc(cc3)Cl)CO,Cc1nc([C@@H](NC(=O)C(=O)Nc2ccc(Cl)cc2)[C@@H]2CCCCN2)sc1CO,Components-smiles-stereo-oe.smi,<frozen-chemistry-source>,4
524,0KW,resolved,Cc1c(sc(n1)[C@H]([C@@H]2CCCCN2)NC(=O)C(=O)Nc3ccc(cc3)Cl)CCO,Cc1nc([C@@H](NC(=O)C(=O)Nc2ccc(Cl)cc2)[C@@H]2CCCCN2)sc1CCO,Components-smiles-stereo-oe.smi,<frozen-chemistry-source>,4
229,0L9,resolved,Cc1c(c(c2cc(ccc2n1)Br)c3ccc(cc3)Cl)[C@@H](C(=O)O)OC,CO[C@H](C(=O)O)c1c(C)nc2ccc(Br)cc2c1-c1ccc(Cl)cc1,Components-smiles-stereo-oe.smi,<frozen-chemistry-source>,5
522,0LJ,resolved,[H]/N=C(/N)\N[C@@H]1Cc2ccccc2[C@H]1NC(=O)C(=O)Nc3ccc(c(c3)F)Cl,[H]/N=C(/N)N[C@@H]1Cc2ccccc2[C@H]1NC(=O)C(=O)Nc1ccc(Cl)c(F)c1,Components-smiles-stereo-oe.smi,<frozen-chemistry-source>,4
521,0LK,resolved,[H]/N=C(\N)/N[C@H]1Cc2ccccc2[C@@H]1NC(=O)C(=O)Nc3ccc(c(c3)F)Cl,[H]/N=C(\N)N[C@H]1Cc2ccccc2[C@@H]1NC(=O)C(=O)Nc1ccc(Cl)c(F)c1,Components-smiles-stereo-oe.smi,<frozen-chemistry-source>,3
520,0LL,resolved,c1ccc2c(c1)C[C@@H]([C@H]2NC(=O)C(=O)Nc3ccc(c(c3)F)Cl)N,N[C@H]1Cc2ccccc2[C@@H]1NC(=O)C(=O)Nc1ccc(Cl)c(F)c1,Components-smiles-stereo-oe.smi,<frozen-chemistry-source>,4
519,0LM,resolved,CC1(CC(CC(N1C)(C)C)NC(=O)C(=O)Nc2ccc(c(c2)F)Cl)C,CN1C(C)(C)CC(NC(=O)C(=O)Nc2ccc(Cl)c(F)c2)CC1(C)C,Components-smiles-stereo-oe.smi,<frozen-chemistry-source>,4
1349,0LO,resolved,c1ccc(cc1)c2cc(cnc2)C(=O)O,O=C(O)c1cncc(-c2ccccc2)c1,Components-smiles-stereo-oe.smi,<frozen-chemistry-source>,5
240,0LQ,resolved,c1ccc(cc1)C(c2ccccc2)N3[C@H]4CNC[C@@H]4N(C(=O)C3=O)C(c5ccccc5)c6ccccc6,O=C1C(=O)N(C(c2ccccc2)c2ccccc2)[C@H]2CNC[C@@H]2N1C(c1ccccc1)c1ccccc1,Components-smiles-stereo-oe.smi,<frozen-chemistry-source>,3
526,0LY,resolved,CC1(CC(CC(N1)(C)C)NC(=O)C(=O)Nc2ccc(cc2)Br)C,CC1(C)CC(NC(=O)C(=O)Nc2ccc(Br)cc2)CC(C)(C)N1,Components-smiles-stereo-oe.smi,<frozen-chemistry-source>,6
527,0LZ,resolved,c1ccc2c(c1)CCN[C@@H]2CNC(=O)C(=O)Nc3ccc(c(c3)F)Cl,O=C(NC[C@H]1NCCc2ccccc21)C(=O)Nc1ccc(Cl)c(F)c1,Components-smiles-stereo-oe.smi,<frozen-chemistry-source>,4
528,0M1,resolved,CC1(O[C@H]([C@@H](O1)CNC(=O)C(=O)Nc2ccc(c(c2)F)Cl)CN)C,CC1(C)O[C@@H](CN)[C@H](CNC(=O)C(=O)Nc2ccc(Cl)c(F)c2)O1,Components-smiles-stereo-oe.smi,<frozen-chemistry-source>,4
529,0M4,resolved,c1cc(c(cc1NC(=O)C(=O)NC[C@@]23CCC[C@@H]2CNC3)F)Cl,O=C(NC[C@@]12CCC[C@@H]1CNC2)C(=O)Nc1ccc(Cl)c(F)c1,Components-smiles-stereo-oe.smi,<frozen-chemistry-source>,4
530,0M5,resolved,c1cc(c(cc1NC(=O)C(=O)NC[C@H]2CCN(C2)C3CC3)F)Cl,O=C(NC[C@H]1CCN(C2CC2)C1)C(=O)Nc1ccc(Cl)c(F)c1,Components-smiles-stereo-oe.smi,<frozen-chemistry-source>,4
2511,0MI,invalid_smiles,,,,,1
642,0NX,resolved,c1ccc(cc1)c2cc(no2)CO,OCc1cc(-c2ccccc2)on1,Components-smiles-stereo-oe.smi,<frozen-chemistry-source>,5
232,0OE,resolved,c1cc(cc(c1)Cl)c2c(cn[nH]2)c3nc4cc(ccc4n3CCCn5ccnc5)c6ccc(cc6)C(=O)O,O=C(O)c1ccc(-c2ccc3c(c2)nc(-c2cn[nH]c2-c2cccc(Cl)c2)n3CCCn2ccnc2)cc1,Components-smiles-stereo-oe.smi,<frozen-chemistry-source>,9
233,0OF,resolved,CCN1c2ccc(cc2N(C(=O)[C@H](C1=O)c3cc(cc(c3)O)c4cccnc4)c5ccccc5)C(F)(F)F,CCN1C(=O)[C@H](c2cc(O)cc(-c3cccnc3)c2)C(=O)N(c2ccccc2)c2cc(C(F)(F)F)ccc21,Components-smiles-stereo-oe.smi,<frozen-chemistry-source>,3
234,0OG,resolved,CCc1cc(n(n1)c2ccc3c(c2)nc(n3CC4=CNC(=O)C=C4)c5cc(ccc5O)C(=O)O)c6ccc(o6)C,CCc1cc(-c2ccc(C)o2)n(-c2ccc3c(c2)nc(-c2cc(C(=O)O)ccc2O)n3Cc2ccc(=O)[nH]c2)n1,Components-smiles-stereo-oe.smi,<frozen-chemistry-source>,4
2512,0OI,resolved,CNC(=O)Nc1ccccc1F,CNC(=O)Nc1ccccc1F,Components-smiles-stereo-oe.smi,<frozen-chemistry-source>,1
782,0Q4,resolved,CCCC[C@@H](C(=O)N)NC(=O)[C@H](C)NC(=O)[C@H](CCC(=O)O)NC(=O)[C@H](Cc1ccccc1)NC[C@H](CC(C)C)NC(=O)[C@H](C(C)C)NC(=O)[C@H](CCCNC(=[NH2+])N)N,CCCC[C@H](NC(=O)[C@H](C)NC(=O)[C@H](CCC(=O)O)NC(=O)[C@H](Cc1ccccc1)NC[C@H](CC(C)C)NC(=O)[C@@H](NC(=O)[C@@H](N)CCCNC(N)=[NH2+])C(C)C)C(N)=O,Components-smiles-stereo-oe.smi,<frozen-chemistry-source>,35
2321,0TI,resolved,c1cc2c(cc1F)[C@H](C(=O)N2)O,O=C1Nc2ccc(F)cc2[C@H]1O,Components-smiles-stereo-oe.smi,<frozen-chemistry-source>,5
235,0TQ,resolved,CC(C)CN(C[C@H]([C@H](Cc1ccccc1)NC(=O)O[C@H]2CO[C@@H]3[C@H]2CCO3)O)S(=O)(=O)c4ccc5c(c4)/C(=C(\C)/NC)/C(=O)N5,CN/C(C)=C1\C(=O)Nc2ccc(S(=O)(=O)N(CC(C)C)C[C@@H](O)[C@H](Cc3ccccc3)NC(=O)O[C@H]3CO[C@H]4OCC[C@H]43)cc21,Components-smiles-stereo-oe.smi,<frozen-chemistry-source>,3
45,0ZQ,resolved,CC(C)(C)OC(=O)N[C@H](CCN[C@@H](Cc1ccccc1)C(=O)N[C@@H](CCC(=O)O)C(=O)N[C@@H](Cc2ccccc2)C(=O)N)Cc3ccccc3,CC(C)(C)OC(=O)N[C@H](CCN[C@@H](Cc1ccccc1)C(=O)N[C@@H](CCC(=O)O)C(=O)N[C@@H](Cc1ccccc1)C(N)=O)Cc1ccccc1,Components-smiles-stereo-oe.smi,<frozen-chemistry-source>,5
828,0ZR,resolved,CC(C)(C)OC(=O)N[C@@H](Cc1ccccc1)[C@H](CN[C@@H](Cc2ccccc2)C(=O)N[C@@H](CCC(=O)N)C(=O)N[C@@H](Cc3ccccc3)C(=O)N)O,CC(C)(C)OC(=O)N[C@@H](Cc1ccccc1)[C@@H](O)CN[C@@H](Cc1ccccc1)C(=O)N[C@@H](CCC(N)=O)C(=O)N[C@@H](Cc1ccccc1)C(N)=O,Components-smiles-stereo-oe.smi,<frozen-chemistry-source>,5
848,0ZS,resolved,CC(C)(C)OC(=O)N[C@@H](Cc1ccccc1)[C@@H](CN[C@@H](Cc2ccccc2)C(=O)N[C@@H](CCC(=O)O)C(=O)N[C@@H](Cc3ccccc3)C(=O)N)O,CC(C)(C)OC(=O)N[C@@H](Cc1ccccc1)[C@H](O)CN[C@@H](Cc1ccccc1)C(=O)N[C@@H](CCC(=O)O)C(=O)N[C@@H](Cc1ccccc1)C(N)=O,Components-smiles-stereo-oe.smi,<frozen-chemistry-source>,9
807,0ZT,resolved,CC(C)(C)OC(=O)N[C@@H](Cc1ccccc1)[C@H](CN[C@@H](Cc2ccccc2)C(=O)N[C@@H](CCC(=O)O)C(=O)N[C@@H](Cc3ccccc3)C(=O)N)O,CC(C)(C)OC(=O)N[C@@H](Cc1ccccc1)[C@@H](O)CN[C@@H](Cc1ccccc1)C(=O)N[C@@H](CCC(=O)O)C(=O)N[C@@H](Cc1ccccc1)C(N)=O,Components-smiles-stereo-oe.smi,<frozen-chemistry-source>,7
620,100,resolved,c1cc2c(cc1Cl)c(c[nH]2)C(=O)/C=C(/c3n[nH]nn3)\O,O=C(/C=C(\O)c1nn[nH]n1)c1c[nH]c2ccc(Cl)cc12,Components-smiles-stereo-oe.smi,<frozen-chemistry-source>,3
794,146,resolved,c1ccc(cc1)C[C@@H]2[C@@H]([C@H]([C@H](N(C(=O)N2Cc3cccc(c3)C(=O)Nc4[nH]c5ccccc5n4)Cc6cccc(c6)C(=O)Nc7[nH]c8ccccc8n7)Cc9ccccc9)O)O,O=C(Nc1nc2ccccc2[nH]1)c1cccc(CN2C(=O)N(Cc3cccc(C(=O)Nc4nc5ccccc5[nH]4)c3)[C@H](Cc3ccccc3)[C@H](O)[C@@H](O)[C@H]2Cc2ccccc2)c1,Components-smiles-stereo-oe.smi,<frozen-chemistry-source>,5
248,14N,resolved,CN1CCN(CC1)c2ccc(cc2)C(=O)O,CN1CCN(c2ccc(C(=O)O)cc2)CC1,Components-smiles-stereo-oe.smi,<frozen-chemistry-source>,3
554,15P,resolved,COCCOCCOCCOCCOCCOCCOCCOCCOCCOCCOCCOCCOCCOCCOCCOCCOCCOCCOCCOCCOCCOCCOCCOCCOCCOCCOCCOCCOCCOCCOCCOCCOCCOCCO,COCCOCCOCCOCCOCCOCCOCCOCCOCCOCCOCCOCCOCCOCCOCCOCCOCCOCCOCCOCCOCCOCCOCCOCCOCCOCCOCCOCCOCCOCCOCCOCCOCCOCCO,Components-smiles-stereo-oe.smi,<frozen-chemistry-source>,5
2533,16B,resolved,C1=CN(C(=O)N=C1NO)[C@H]2[C@@H]([C@@H]([C@H](O2)COP(=O)(O)O)O)O,O=c1nc(NO)ccn1[C@@H]1O[C@H](COP(=O)(O)O)[C@@H](O)[C@H]1O,Components-smiles-stereo-oe.smi,<frozen-chemistry-source>,1
766,185,resolved,Cc1cc(cc(c1Oc2c(c(nc(n2)Nc3ccc(cc3)C#N)CO)Br)C)C#N,Cc1cc(C#N)cc(C)c1Oc1nc(Nc2ccc(C#N)cc2)nc(CO)c1Br,Components-smiles-stereo-oe.smi,<frozen-chemistry-source>,3
55,189,resolved,Cc1cccc(c1OCC(=O)N(Cc2ccccc2)C[C@H]3CNC[C@@H]3C[N@@](CC(C)C)S(=O)(=O)c4ccccc4)C,Cc1cccc(C)c1OCC(=O)N(Cc1ccccc1)C[C@H]1CNC[C@@H]1CN(CC(C)C)S(=O)(=O)c1ccccc1,Components-smiles-stereo-oe.smi,<frozen-chemistry-source>,3
56,190,resolved,Cc1cccc(c1OCC(=O)N[C@@H](Cc2cccc(c2)Br)[C@@H](C[C@H](CC(C)C)S(=O)(=O)c3ccc(cc3)F)O)C,Cc1cccc(C)c1OCC(=O)N[C@@H](Cc1cccc(Br)c1)[C@H](O)C[C@H](CC(C)C)S(=O)(=O)c1ccc(F)cc1,Components-smiles-stereo-oe.smi,<frozen-chemistry-source>,3
854,1AH,resolved,CC(C)(C)[C@@H](C(=O)N[N@](Cc1ccc(cc1)Br)C[C@@](Cc2ccccc2)(C(=O)N[C@H]3c4ccccc4C[C@H]3O)O)NC(=O)OC,COC(=O)N[C@H](C(=O)NN(Cc1ccc(Br)cc1)C[C@@](O)(Cc1ccccc1)C(=O)N[C@H]1c2ccccc2C[C@H]1O)C(C)(C)C,Components-smiles-stereo-oe.smi,<frozen-chemistry-source>,3
117,1B0,resolved,Cc1c(c2ccccc2[nH]1)CC(=O)N[C@@H](Cc3ccccc3)C(=O)N(C)c4ccccc4,Cc1[nH]c2ccccc2c1CC(=O)N[C@@H](Cc1ccccc1)C(=O)N(C)c1ccccc1,Components-smiles-stereo-oe.smi,<frozen-chemistry-source>,23
246,1BT,resolved,Cc1cc(cc(c1Nc2nc3c(c(n2)Nc4ccc5c(c4)ncs5)nc[nH]3)C)/C=C/C#N,Cc1cc(/C=C/C#N)cc(C)c1Nc1nc(Nc2ccc3scnc3c2)c2nc[nH]c2n1,Components-smiles-stereo-oe.smi,<frozen-chemistry-source>,3
531,1C1,resolved,c1ccc2c(c1)C[C@@H]([C@H]2NC(=O)C(=O)Nc3ccc(c(c3)F)Cl)CNC(=[NH2+])N,NC(=[NH2+])NC[C@H]1Cc2ccccc2[C@@H]1NC(=O)C(=O)Nc1ccc(Cl)c(F)c1,Components-smiles-stereo-oe.smi,<frozen-chemistry-source>,7
889,1F1,resolved,c1cc(cc2c1cc[nH]2)C(=O)O,O=C(O)c1ccc2cc[nH]c2c1,Components-smiles-stereo-oe.smi,<frozen-chemistry-source>,7
257,1F6,resolved,CN1c2ccc(cc2N(C(=O)/C(=C\NCCOC)/C1=O)c3ccccc3)C(F)(F)F,COCCN/C=C1/C(=O)N(C)c2ccc(C(F)(F)F)cc2N(c2ccccc2)C1=O,Components-smiles-stereo-oe.smi,<frozen-chemistry-source>,3
254,1FD,resolved,c1cc(ccc1CN)OC(F)(F)F,NCc1ccc(OC(F)(F)F)cc1,Components-smiles-stereo-oe.smi,<frozen-chemistry-source>,3
252,1FE,resolved,c1cc2c(cc1NC(=O)CN)NC(=O)N2,NCC(=O)Nc1ccc2[nH]c(=O)[nH]c2c1,Components-smiles-stereo-oe.smi,<frozen-chemistry-source>,3
251,1FF,resolved,Cn1c(c(cn1)C(=O)O)c2ccccc2,Cn1ncc(C(=O)O)c1-c1ccccc1,Components-smiles-stereo-oe.smi,<frozen-chemistry-source>,5
255,1FG,resolved,CN(CC1=NC(=O)c2ccccc2N1)CC(=O)N3CCCc4c3cccc4,CN(CC(=O)N1CCCc2ccccc21)Cc1nc(=O)c2ccccc2[nH]1,Components-smiles-stereo-oe.smi,<frozen-chemistry-source>,4
757,1HC,resolved,C=CC(=O)N,C=CC(N)=O,Components-smiles-stereo-oe.smi,<frozen-chemistry-source>,5
93,1HF,resolved,c1cc(oc1)/C=C\2/C(=O)N/C(=N/N=C/3\c4cc(ccc4NC3=O)S(=O)(=O)O)/S2,O=C1N/C(=N/N=C2/C(=O)Nc3ccc(S(=O)(=O)O)cc32)S/C1=C\c1ccco1,Components-smiles-stereo-oe.smi,<frozen-chemistry-source>,4
396,1I1,resolved,c1nc(c2c(n1)n(cn2)CCN[C@@H](CO)C(=O)NP(=O)(O)O)N,Nc1ncnc2c1ncn2CCN[C@@H](CO)C(=O)NP(=O)(O)O,Components-smiles-stereo-oe.smi,<frozen-chemistry-source>,3
395,1I4,resolved,C[C@H](Cn1cnc2c1ncnc2N)N(CCP(=O)(O)O)CC(=O)O,C[C@H](Cn1cnc2c(N)ncnc21)N(CCP(=O)(O)O)CC(=O)O,Components-smiles-stereo-oe.smi,<frozen-chemistry-source>,3
397,1IA,resolved,c1nc(c2c(n1)n(cn2)CCN[C@@H](CP(=O)(O)O)C(=O)O)N,Nc1ncnc2c1ncn2CCN[C@@H](CP(=O)(O)O)C(=O)O,Components-smiles-stereo-oe.smi,<frozen-chemistry-source>,3
398,1IH,resolved,c1nc(c2c(n1)n(cn2)CCN[C@H](CP(=O)(O)O)C(=O)O)N,Nc1ncnc2c1ncn2CCN[C@H](CP(=O)(O)O)C(=O)O,Components-smiles-stereo-oe.smi,<frozen-chemistry-source>,4
399,1IK,resolved,c1nc(c2c(n1)n(cn2)CCCN[C@H](CP(=O)(O)O)C(=O)O)N,Nc1ncnc2c1ncn2CCCN[C@H](CP(=O)(O)O)C(=O)O,Components-smiles-stereo-oe.smi,<frozen-chemistry-source>,3
852,1IN,resolved,C[C@H]1CC[C@H]([C@H]1NC(=O)[C@H](Cc2ccccc2)C[C@@H](C[N@@]3CCN(C[C@H]3C(=O)NC(C)(C)C)C(=O)CCc4cccnc4)O)O,C[C@H]1CC[C@@H](O)[C@H]1NC(=O)[C@H](Cc1ccccc1)C[C@H](O)CN1CCN(C(=O)CCc2cccnc2)C[C@H]1C(=O)NC(C)(C)C,Components-smiles-stereo-oe.smi,<frozen-chemistry-source>,5
400,1IO,resolved,c1nc(c2c(n1)n(cn2)CCO[C@H](CP(=O)(O)O)C(=O)O)N,Nc1ncnc2c1ncn2CCO[C@H](CP(=O)(O)O)C(=O)O,Components-smiles-stereo-oe.smi,<frozen-chemistry-source>,3
258,1JR,resolved,c1ccc(cc1)c2c3c(n[nH]2)C(=O)N[C@H]3c4cccnc4,O=C1N[C@@H](c2cccnc2)c2c1n[nH]c2-c1ccccc1,Components-smiles-stereo-oe.smi,<frozen-chemistry-source>,3
401,1KK,resolved,c1nc(c2c(n1)n(cn2)CCCO[C@H](CP(=O)(O)O)C(=O)O)N,Nc1ncnc2c1ncn2CCCO[C@H](CP(=O)(O)O)C(=O)O,Components-smiles-stereo-oe.smi,<frozen-chemistry-source>,3
1302,1LQ,resolved,c1ccc2c(c1)c(ncn2)N,Nc1ncnc2ccccc12,Components-smiles-stereo-oe.smi,<frozen-chemistry-source>,3
1117,1MA,resolved,[H]/N=C\1/c2c(n(cn2)[C@H]3[C@@H]([C@@H]([C@H](O3)COP(=O)(O)O)O)O)N=CN1C,[H]/N=c1/c2ncn([C@@H]3O[C@H](COP(=O)(O)O)[C@@H](O)[C@H]3O)c2ncn1C,Components-smiles-stereo-oe.smi,<frozen-chemistry-source>,1
260,1ML,resolved,CC1CCC(CC1)C(=O)N(c2ccc(cc2C(=O)O)Oc3ccc(cc3)NC(=O)c4ccc(cc4)OC)C(C)C,COc1ccc(C(=O)Nc2ccc(Oc3ccc(N(C(=O)C4CCC(C)CC4)C(C)C)c(C(=O)O)c3)cc2)cc1,Components-smiles-stereo-oe.smi,<frozen-chemistry-source>,3
1198,1N7,resolved,C[C@H](CCC(=O)NCCC[N+](C)(C)CC(CS(=O)(=O)O)O)[C@H]1CC[C@@H]2[C@@]1([C@H](C[C@H]3[C@H]2[C@@H](C[C@H]4[C@@]3(CC[C@H](C4)O)C)O)O)C,C[C@H](CCC(=O)NCCC[N+](C)(C)CC(O)CS(=O)(=O)O)[C@H]1CC[C@H]2[C@@H]3[C@H](O)C[C@@H]4C[C@H](O)CC[C@]4(C)[C@H]3C[C@H](O)[C@]12C,Components-smiles-stereo-oe.smi,<frozen-chemistry-source>,17
534,1OP,resolved,c1cc(ccc1C[C@@H](C(=O)O)N)OCCCCCO,N[C@@H](Cc1ccc(OCCCCCO)cc1)C(=O)O,Components-smiles-stereo-oe.smi,<frozen-chemistry-source>,3
264,1QP,resolved,CCOC(=O)c1cnn2c1cccc2,CCOC(=O)c1cnn2ccccc12,Components-smiles-stereo-oe.smi,<frozen-chemistry-source>,3
265,1RE,resolved,CC(C)CCOc1cc(ccc1C#N)Nc2nc(nc(n2)OCCN3CCOCC3)OC,COc1nc(Nc2ccc(C#N)c(OCCC(C)C)c2)nc(OCCN2CCOCC2)n1,Components-smiles-stereo-oe.smi,<frozen-chemistry-source>,3
2882,1RP,resolved,C1=C(N=C(C(=O)N1[C@H]2[C@@H]([C@@H]([C@H](O2)COP(=O)(O)O)O)O)C(=O)N)F,NC(=O)c1nc(F)cn([C@@H]2O[C@H](COP(=O)(O)O)[C@@H](O)[C@H]2O)c1=O,Components-smiles-stereo-oe.smi,<frozen-chemistry-source>,3
340,1RY,resolved,C1[C@H](O[C@H](S1)COP(=O)(O)OP(=O)(O)OP(=O)(O)O)N2C=C(C(=NC2=O)N)F,Nc1nc(=O)n([C@@H]2CS[C@H](COP(=O)(O)OP(=O)(O)OP(=O)(O)O)O2)cc1F,Components-smiles-stereo-oe.smi,<frozen-chemistry-source>,10
342,1RZ,resolved,C1[C@H](O[C@H](S1)COP(=O)(O)OP(=O)(O)OP(=O)(O)O)N2C=CC(=NC2=O)N,Nc1ccn([C@@H]2CS[C@H](COP(=O)(O)OP(=O)(O)OP(=O)(O)O)O2)c(=O)n1,Components-smiles-stereo-oe.smi,<frozen-chemistry-source>,11
1057,1S0,resolved,C1[C@H]([C@@H](O[C@@H]1N2C=CC(=NC2=O)N)COP(=O)(O)OP(=O)(O)OP(=O)(O)O)O,Nc1ccn([C@@H]2C[C@@H](O)[C@H](COP(=O)(O)OP(=O)(O)OP(=O)(O)O)O2)c(=O)n1,Components-smiles-stereo-oe.smi,<frozen-chemistry-source>,4
1364,1SQ,resolved,c1ccc2c(c1)ccnc2N,Nc1nccc2ccccc12,Components-smiles-stereo-oe.smi,<frozen-chemistry-source>,5
708,1TD,resolved,c1ccc2c(c1)/C(=C\c3cccc(c3)C(=O)O)/C(=O)N2,O=C1Nc2ccccc2/C1=C\c1cccc(C(=O)O)c1,Components-smiles-stereo-oe.smi,<frozen-chemistry-source>,4
106,1UN,resolved,Cc1c(cccc1O)C(=O)N[C@@H](CSc2ccccc2)[C@@H](C[N@@]3C[C@H]4CCCC[C@H]4C[C@H]3C(=O)NC(C)(C)C)O,Cc1c(O)cccc1C(=O)N[C@@H](CSc1ccccc1)[C@H](O)CN1C[C@H]2CCCC[C@H]2C[C@H]1C(=O)NC(C)(C)C,Components-smiles-stereo-oe.smi,<frozen-chemistry-source>,25
268,1WT,invalid_smiles,,,,,3
269,1YQ,resolved,c1cc(cc(c1)Oc2ccc(cc2OCCN3C=CC(=O)NC3=O)Cl)/C=C/C#N,N#C/C=C/c1cccc(Oc2ccc(Cl)cc2OCCn2ccc(=O)[nH]c2=O)c1,Components-smiles-stereo-oe.smi,<frozen-chemistry-source>,3
270,1YR,resolved,c1cc(c(cc1Cl)OCCN2C=CC(=O)NC2=O)Oc3cc(cc(c3)Br)/C=C/C#N,N#C/C=C/c1cc(Br)cc(Oc2ccc(Cl)cc2OCCn2ccc(=O)[nH]c2=O)c1,Components-smiles-stereo-oe.smi,<frozen-chemistry-source>,3
813,1ZK,resolved,CC[C@H](C)[C@@H](C(=O)NCc1ccccn1)NC(=O)[C@H](C(C)C)[C@H]([C@@H]([C@H](CC2CCCCC2)NC(=O)[C@H](Cc3c[nH]c[nH+]3)NC(=O)COc4cccc5c4cccc5)O)O,CC[C@H](C)[C@H](NC(=O)[C@H](C(C)C)[C@@H](O)[C@H](O)[C@H](CC1CCCCC1)NC(=O)[C@H](Cc1c[nH]c[nH+]1)NC(=O)COc1cccc2ccccc12)C(=O)NCc1ccccn1,Components-smiles-stereo-oe.smi,<frozen-chemistry-source>,3
827,216,resolved,C=CCN1[C@@H]([C@@H]([C@H]([C@H](N(C1=O)CC=C)Cc2ccccc2)O)O)Cc3ccccc3,C=CCN1C(=O)N(CC=C)[C@H](Cc2ccccc2)[C@H](O)[C@@H](O)[C@H]1Cc1ccccc1,Components-smiles-stereo-oe.smi,<frozen-chemistry-source>,3
273,23K,resolved,CC(C)[C@H]1Cc2cc(ccc2S(=O)(=O)N(C1)C[C@H]([C@H](Cc3ccccc3)NC(=O)NC(C)(C)C)O)F,CC(C)[C@H]1Cc2cc(F)ccc2S(=O)(=O)N(C[C@@H](O)[C@H](Cc2ccccc2)NC(=O)NC(C)(C)C)C1,Components-smiles-stereo-oe.smi,<frozen-chemistry-source>,3
274,23L,resolved,CC(C)[C@H]1Cc2cc(ccc2S(=O)(=O)N(C1)C[C@H]([C@H](Cc3ccccc3)NC(=O)O[C@H]4CCOC4)O)F,CC(C)[C@H]1Cc2cc(F)ccc2S(=O)(=O)N(C[C@@H](O)[C@H](Cc2ccccc2)NC(=O)O[C@H]2CCOC2)C1,Components-smiles-stereo-oe.smi,<frozen-chemistry-source>,4
201,23X,resolved,CC[C@H](C)C[N@@](C[C@H]([C@H](Cc1ccccc1)NC(=O)[C@H]([C@@H](C)CC)NC(=O)C)O)S(=O)(=O)c2ccc3c(c2)scn3,CC[C@H](C)CN(C[C@@H](O)[C@H](Cc1ccccc1)NC(=O)[C@@H](NC(C)=O)[C@@H](C)CC)S(=O)(=O)c1ccc2ncsc2c1,Components-smiles-stereo-oe.smi,<frozen-chemistry-source>,3
263,27B,resolved,c1ccc2c(c1)ccc(c2Br)C(=O)O,O=C(O)c1ccc2ccccc2c1Br,Components-smiles-stereo-oe.smi,<frozen-chemistry-source>,4
3020,29N,resolved,CCC(=O)N1CN(CN(C1)C(=O)CC)C(=O)CC,CCC(=O)N1CN(C(=O)CC)CN(C(=O)CC)C1,Components-smiles-stereo-oe.smi,<frozen-chemistry-source>,1
275,29T,resolved,c1ccc(c(c1)OCCN2C=CC(=O)NC2=O)Oc3cccn4c3cc(c4)C#N,N#Cc1cc2c(Oc3ccccc3OCCn3ccc(=O)[nH]c3=O)cccn2c1,Components-smiles-stereo-oe.smi,<frozen-chemistry-source>,10
855,2AH,resolved,CC(C)(C)[C@@H](C(=O)N[N@](Cc1ccc(cc1)c2ccccn2)C[C@@](Cc3ccccc3)(C(=O)N[C@H]4c5ccccc5C[C@H]4O)O)NC(=O)OC,COC(=O)N[C@H](C(=O)NN(Cc1ccc(-c2ccccn2)cc1)C[C@@](O)(Cc1ccccc1)C(=O)N[C@H]1c2ccccc2C[C@H]1O)C(C)(C)C,Components-smiles-stereo-oe.smi,<frozen-chemistry-source>,3
1409,2AK,resolved,Cc1cc2c(c(c1)Br)NC(=O)C2=O,Cc1cc(Br)c2c(c1)C(=O)C(=O)N2,Components-smiles-stereo-oe.smi,<frozen-chemistry-source>,3
2530,2AQ,resolved,c1ccc2c(c1)ccc(n2)N,Nc1ccc2ccccc2n1,Components-smiles-stereo-oe.smi,<frozen-chemistry-source>,1
1356,2CL,resolved,c1cc(c(c(c1)Cl)CC(=O)O)Cl,O=C(O)Cc1c(Cl)cccc1Cl,Components-smiles-stereo-oe.smi,<frozen-chemistry-source>,4
1368,2D0,resolved,c1cc2c(c(c1)Cl)nc(s2)N,Nc1nc2c(Cl)cccc2s1,Components-smiles-stereo-oe.smi,<frozen-chemistry-source>,3
2944,2DO,resolved,CCCC[C@@H](C(O)O)N,CCCC[C@H](N)C(O)O,Components-smiles-stereo-oe.smi,<frozen-chemistry-source>,1
405,2I4,resolved,CC(=C)[C@@H]1CC[C@]2([C@H]1[C@H]3CC[C@@H]4[C@]5(CC[C@@H](C([C@@H]5CC[C@]4([C@@]3(CC2)C)C)(C)C)OC(=O)CC(C)(C)C(=O)O)C)C(=O)O,C=C(C)[C@@H]1CC[C@]2(C(=O)O)CC[C@]3(C)[C@H](CC[C@@H]4[C@@]5(C)CC[C@H](OC(=O)CC(C)(C)C(=O)O)C(C)(C)[C@@H]5CC[C@]43C)[C@@H]12,Components-smiles-stereo-oe.smi,<frozen-chemistry-source>,3
2872,2JH,resolved,C1CC(C1)C[C@@H](C(=O)O)N,N[C@@H](CC1CCC1)C(=O)O,Components-smiles-stereo-oe.smi,<frozen-chemistry-source>,1
419,2KW,resolved,CN1C(=NNC1=O)CN2C=CC(=C(C2=O)Oc3cc(cc(c3)Cl)C#N)C(F)(F)F,Cn1c(Cn2ccc(C(F)(F)F)c(Oc3cc(Cl)cc(C#N)c3)c2=O)n[nH]c1=O,Components-smiles-stereo-oe.smi,<frozen-chemistry-source>,7
1116,2MG,resolved,CNC1=Nc2c(ncn2[C@H]3[C@@H]([C@@H]([C@H](O3)COP(=O)(O)O)O)O)C(=O)N1,CNc1nc2c(ncn2[C@@H]2O[C@H](COP(=O)(O)O)[C@@H](O)[C@H]2O)c(=O)[nH]1,Components-smiles-stereo-oe.smi,<frozen-chemistry-source>,1
61,2NC,resolved,CCCC[C@@H](CN[C@@H](CCCC)C(=O)N[C@@H](CCC(=O)N)C(=O)N[C@@H](CCCNC(=[NH2+])N)C(=O)N)NC(=O)[C@H]([C@@H](C)CC)NC(=O)[C@H]([C@@H](C)O)NC(=O)C,CCCC[C@@H](CN[C@@H](CCCC)C(=O)N[C@@H](CCC(N)=O)C(=O)N[C@@H](CCCNC(N)=[NH2+])C(N)=O)NC(=O)[C@@H](NC(=O)[C@@H](NC(C)=O)[C@@H](C)O)[C@@H](C)CC,Components-smiles-stereo-oe.smi,<frozen-chemistry-source>,63
402,2NU,resolved,CN(C1CC1)C(=O)Cn2cc(cn2)Br,CN(C(=O)Cn1cc(Br)cn1)C1CC1,Components-smiles-stereo-oe.smi,<frozen-chemistry-source>,3
1503,2OP,resolved,C[C@@H](C(=O)O)O,C[C@H](O)C(=O)O,Components-smiles-stereo-oe.smi,<frozen-chemistry-source>,3
2925,2RI,resolved,C[C@@H](c1ccc(cc1)F)NC(=O)[C@@H](c2cccnc2)N(c3ccc4c5ccccc5oc4c3)C(=O)[C@@H](C)O,C[C@H](NC(=O)[C@@H](c1cccnc1)N(C(=O)[C@@H](C)O)c1ccc2c(c1)oc1ccccc12)c1ccc(F)cc1,Components-smiles-stereo-oe.smi,<frozen-chemistry-source>,4
278,2RS,resolved,Cc1cc(c(c(c1)C)Nc2nc(nc(n2)OCCCN3CCOCC3)Nc4ccc(cc4)C#N)C,Cc1cc(C)c(Nc2nc(Nc3ccc(C#N)cc3)nc(OCCCN3CCOCC3)n2)c(C)c1,Components-smiles-stereo-oe.smi,<frozen-chemistry-source>,3
279,2RT,resolved,Cc1cc(c(c(c1)C)Nc2ncnc(n2)Nc3ccc(cc3)C#N)C,Cc1cc(C)c(Nc2ncnc(Nc3ccc(C#N)cc3)n2)c(C)c1,Components-smiles-stereo-oe.smi,<frozen-chemistry-source>,3
281,2SQ,resolved,Cc1c(cc(c2c1CCCO2)F)C3=C(N(C(=O)c4c3cccc4)C)[C@@H](C(=O)O)OC(C)(C)C,Cc1c(-c2c([C@H](OC(C)(C)C)C(=O)O)n(C)c(=O)c3ccccc23)cc(F)c2c1CCCO2,Components-smiles-stereo-oe.smi,<frozen-chemistry-source>,6
657,2SS,resolved,C=CCN(Cc1ccccc1C(=O)NCC2CCC2)Cc3ccc4c(c3C(=O)O)OC[C@@H](O4)CCC(=O)O,C=CCN(Cc1ccccc1C(=O)NCC1CCC1)Cc1ccc2c(c1C(=O)O)OC[C@H](CCC(=O)O)O2,Components-smiles-stereo-oe.smi,<frozen-chemistry-source>,4
1374,2SX,resolved,c1cc2c(cc1Br)c(c[nH]2)CC(=O)O,O=C(O)Cc1c[nH]c2ccc(Br)cc12,Components-smiles-stereo-oe.smi,<frozen-chemistry-source>,3
1362,2UP,resolved,[H]/N=C(\c1ccc2ccccc2c1)/N,[H]/N=C(/N)c1ccc2ccccc2c1,Components-smiles-stereo-oe.smi,<frozen-chemistry-source>,3
2924,2XI,resolved,C[C@H](C(=O)N(c1ccc(cc1)C(C)(C)C)[C@H](c2cccnc2)C(=O)NC(C)(C)C)O,C[C@@H](O)C(=O)N(c1ccc(C(C)(C)C)cc1)[C@@H](C(=O)NC(C)(C)C)c1cccnc1,Components-smiles-stereo-oe.smi,<frozen-chemistry-source>,3
781,2Z4,resolved,CC(C)[C@@H](C(=O)NCc1ccc(cc1O)OC)NC(=O)[C@@H]([C@@H]([C@H](Cc2ccccc2)NC(=O)[C@H](C(C)(C)C)NC(=O)OCc3ccccc3)O)NCc4ccc(cc4)OC,COc1ccc(CN[C@@H](C(=O)N[C@H](C(=O)NCc2ccc(OC)cc2O)C(C)C)[C@H](O)[C@H](Cc2ccccc2)NC(=O)[C@@H](NC(=O)OCc2ccccc2)C(C)(C)C)cc1,Components-smiles-stereo-oe.smi,<frozen-chemistry-source>,3
771,357,resolved,CCC1=C(NC(=O)C(=C1Cc2cccc(c2)C)[N@@](C)CCOC)C,CCc1c(C)[nH]c(=O)c(N(C)CCOC)c1Cc1cccc(C)c1,Components-smiles-stereo-oe.smi,<frozen-chemistry-source>,3
2521,35J,resolved,c1cc(cnc1)CNC=S,S=CNCc1cccnc1,Components-smiles-stereo-oe.smi,<frozen-chemistry-source>,1
65,385,resolved,Cc1nc(cs1)COc2ccc(cc2)C[C@@H]([C@@H](C[N@](CC(C)C)S(=O)(=O)c3ccc4c(c3)OCO4)O)NC(=O)O[C@H]5CO[C@@H]6[C@H]5CCO6,Cc1nc(COc2ccc(C[C@H](NC(=O)O[C@H]3CO[C@H]4OCC[C@H]43)[C@H](O)CN(CC(C)C)S(=O)(=O)c3ccc4c(c3)OCO4)cc2)cs1,Components-smiles-stereo-oe.smi,<frozen-chemistry-source>,5
286,3A8,resolved,c1ccc(cc1)c2c3c([nH]n2)C(=O)N[C@H]3c4ccc(cc4)O,O=C1N[C@@H](c2ccc(O)cc2)c2c(-c3ccccc3)n[nH]c21,Components-smiles-stereo-oe.smi,<frozen-chemistry-source>,3
1325,3A9,resolved,c1cc2c(cc1C(=O)O)CCO2,O=C(O)c1ccc2c(c1)CCO2,Components-smiles-stereo-oe.smi,<frozen-chemistry-source>,3
770,3AC,resolved,CCC1=C(NC(=O)C(=C1Oc2cccc(c2)C=CC#N)I)C,CCc1c(C)[nH]c(=O)c(I)c1Oc1cccc(C=CC#N)c1,Components-smiles-stereo-oe.smi,<frozen-chemistry-source>,3
1339,3BZ,resolved,c1cc(cc(c1)Cl)C(=O)O,O=C(O)c1cccc(Cl)c1,Components-smiles-stereo-oe.smi,<frozen-chemistry-source>,3
2615,3DA,resolved,c1nc(c2c(n1)n(cn2)[C@H]3[C@@H](C[C@H](O3)COP(=O)(O)O)O)N,Nc1ncnc2c1ncn2[C@@H]1O[C@H](COP(=O)(O)O)C[C@H]1O,Components-smiles-stereo-oe.smi,<frozen-chemistry-source>,1
922,3EM,resolved,CCN(CC)c1ccc2c(c1)OC(=O)C=C2COC(=O)N[C@@H](C(C)C)C(=O)N[C@@H](Cc3ccccc3)C[C@@H]([C@H](Cc4ccccc4)NC(=O)OCc5cncs5)O,CCN(CC)c1ccc2c(COC(=O)N[C@H](C(=O)N[C@@H](Cc3ccccc3)C[C@H](O)[C@H](Cc3ccccc3)NC(=O)OCc3cncs3)C(C)C)cc(=O)oc2c1,Components-smiles-stereo-oe.smi,<frozen-chemistry-source>,3
923,3EN,resolved,CC(C)[C@@H](C(=O)N[C@@H](Cc1ccccc1)C[C@@H]([C@H](Cc2ccccc2)NC(=O)OCc3cncs3)O)N,CC(C)[C@H](N)C(=O)N[C@@H](Cc1ccccc1)C[C@H](O)[C@H](Cc1ccccc1)NC(=O)OCc1cncs1,Components-smiles-stereo-oe.smi,<frozen-chemistry-source>,3
1366,3EU,resolved,c1c(cc(cc1Cl)Cl)CC(=O)O,O=C(O)Cc1cc(Cl)cc(Cl)c1,Components-smiles-stereo-oe.smi,<frozen-chemistry-source>,3
667,3GM,resolved,c1ccc2c(c1)C[C@@H]([C@@H]2Cc3ccc4c(c3C(=O)O)OC[C@@H](O4)CCC(=O)O)NC(=O)CCCN,NCCCC(=O)N[C@H]1Cc2ccccc2[C@H]1Cc1ccc2c(c1C(=O)O)OC[C@H](CCC(=O)O)O2,Components-smiles-stereo-oe.smi,<frozen-chemistry-source>,4
1338,3HP,resolved,c1cc(cc(c1)O)CC(=O)O,O=C(O)Cc1cccc(O)c1,Components-smiles-stereo-oe.smi,<frozen-chemistry-source>,3
795,3IN,resolved,C[C@H]1CC[C@H]([C@H]1NC(=O)[C@H](Cc2ccccc2)C[C@@H](C[N@@]3CCN(C[C@H]3C(=O)NC(C)(C)C)C(=O)c4cnc(c(n4)Cl)N5CCN(CC5)C)O)O,C[C@H]1CC[C@@H](O)[C@H]1NC(=O)[C@H](Cc1ccccc1)C[C@H](O)CN1CCN(C(=O)c2cnc(N3CCN(C)CC3)c(Cl)n2)C[C@H]1C(=O)NC(C)(C)C,Components-smiles-stereo-oe.smi,<frozen-chemistry-source>,7
449,3IP,resolved,c1ccc(cc1)COc2cccnc2N,Nc1ncccc1OCc1ccccc1,Components-smiles-stereo-oe.smi,<frozen-chemistry-source>,3
403,3IR,resolved,c1ccc(cc1)[C@@H]2C[C@H]2C(=O)Nc3nccs3,O=C(Nc1nccs1)[C@@H]1C[C@H]1c1ccccc1,Components-smiles-stereo-oe.smi,<frozen-chemistry-source>,5
284,3JY,resolved,CC1=CN(C(=O)NC1=O)[C@@H]2CC[C@@H](C2)O[C@@H](C(=O)OC)P(=O)(O)O,COC(=O)[C@H](O[C@H]1CC[C@@H](n2cc(C)c(=O)[nH]c2=O)C1)P(=O)(O)O,Components-smiles-stereo-oe.smi,<frozen-chemistry-source>,7
288,3LQ,resolved,c1ccc(c(c1)OCCN2C=CC(=O)NC2=O)Oc3cccc4c3ccc(c4)C#N,N#Cc1ccc2c(Oc3ccccc3OCCn3ccc(=O)[nH]c3=O)cccc2c1,Components-smiles-stereo-oe.smi,<frozen-chemistry-source>,8
835,3NH,resolved,c1ccc(cc1)C[C@@H]([C@H](C[C@]2(C(=O)C(CN2)[C@H]3c4ccccc4C[C@H]3OC(N)O)Cc5ccccc5)O)NC(=O)OC6CCOC6,NC(O)O[C@@H]1Cc2ccccc2[C@@H]1C1CN[C@@](Cc2ccccc2)(C[C@H](O)[C@H](Cc2ccccc2)NC(=O)OC2CCOC2)C1=O,Components-smiles-stereo-oe.smi,<frozen-chemistry-source>,3
1098,3NI,resolved,[Ni+3],[Ni+3],Components-smiles-stereo-oe.smi,<frozen-chemistry-source>,5
147,3OB,resolved,CN(C)C1=C(C=C(NC1=O)CC(=O)N2CCc3ccccc3C2)Oc4cc(cc(c4)Cl)C#N,CN(C)c1c(Oc2cc(Cl)cc(C#N)c2)cc(CC(=O)N2CCc3ccccc3C2)[nH]c1=O,Components-smiles-stereo-oe.smi,<frozen-chemistry-source>,3
2993,3PH,resolved,CCCCCCCCCCCCCCCCCC(=O)OC[C@H](COP(=O)(O)O)OC(=O)CCCCCCCCCCCCCCCCC,CCCCCCCCCCCCCCCCCC(=O)OC[C@H](COP(=O)(O)O)OC(=O)CCCCCCCCCCCCCCCCC,Components-smiles-stereo-oe.smi,<frozen-chemistry-source>,1
3019,3Q9,resolved,CCC1=C(C(=NC1=O)Cc2c(c(c([nH]2)Cc3c(c(c([nH]3)CC4=NC(=O)C(=C4CC)C)C)CCC(=O)O)CCC(=O)O)C)C,CCC1=C(C)C(Cc2[nH]c(Cc3[nH]c(CC4=NC(=O)C(C)=C4CC)c(C)c3CCC(=O)O)c(CCC(=O)O)c2C)=NC1=O,Components-smiles-stereo-oe.smi,<frozen-chemistry-source>,1
1322,3R6,resolved,CSc1ccc(c(c1)C(=O)O)O,CSc1ccc(O)c(C(=O)O)c1,Components-smiles-stereo-oe.smi,<frozen-chemistry-source>,3
212,3T1,resolved,COc1cc(cc(c1O)Cl)C2C3=C(CC(CC3=O)c4ccccc4)Nc5ccccc5N2,COc1cc(C2Nc3ccccc3NC3=C2C(=O)CC(c2ccccc2)C3)cc(Cl)c1O,Components-smiles-stereo-oe.smi,<frozen-chemistry-source>,4
100,3TL,resolved,C[C@@H](C(=O)N[C@@H](C(C)C)C(=O)N[C@@H](Cc1ccccc1)[C@H]([C@@H]([C@H](Cc2ccccc2)NC(=O)[C@H](C(C)C)NC(=O)[C@H](C)NC(=O)OCc3ccccc3)O)O)NC(=O)OCc4ccccc4,CC(C)[C@H](NC(=O)[C@H](C)NC(=O)OCc1ccccc1)C(=O)N[C@@H](Cc1ccccc1)[C@@H](O)[C@H](O)[C@H](Cc1ccccc1)NC(=O)[C@@H](NC(=O)[C@H](C)NC(=O)OCc1ccccc1)C(C)C,Components-smiles-stereo-oe.smi,<frozen-chemistry-source>,44
1499,3TR,resolved,c1[nH]nc(n1)N,Nc1nc[nH]n1,Components-smiles-stereo-oe.smi,<frozen-chemistry-source>,5
1767,3WL,resolved,c1ccc(cc1)C2=CC(=O)c3c(cc(c(c3O)O)O)O2,O=c1cc(-c2ccccc2)oc2cc(O)c(O)c(O)c12,Components-smiles-stereo-oe.smi,<frozen-chemistry-source>,6
285,3X6,resolved,c1ccc(c(c1)OCCN2C=CC(=O)NC2=O)Oc3cc(cc(c3)Cl)/C=C/C#N,N#C/C=C/c1cc(Cl)cc(Oc2ccccc2OCCn2ccc(=O)[nH]c2=O)c1,Components-smiles-stereo-oe.smi,<frozen-chemistry-source>,7
1333,3XH,resolved,c1cc(cc(c1)O)C(=O)NCC(=O)O,O=C(O)CNC(=O)c1cccc(O)c1,Components-smiles-stereo-oe.smi,<frozen-chemistry-source>,3
2984,3XI,resolved,CC(C)C[C@@H](C(=O)N[C@@H](C[C@@H]1CCCNC1=O)C=O)NC(=O)[C@H](C(C)C)NC(=O)C2CCCCC2,CC(C)C[C@H](NC(=O)[C@@H](NC(=O)C1CCCCC1)C(C)C)C(=O)N[C@H](C=O)C[C@@H]1CCCNC1=O,Components-smiles-stereo-oe.smi,<frozen-chemistry-source>,1
540,3ZM,resolved,Cc1c(sc(n1)[C@H]([C@H]2CCCCN2)NC(=O)c3ccc([nH]3)c4ccc(cc4)Cl)CO,Cc1nc([C@@H](NC(=O)c2ccc(-c3ccc(Cl)cc3)[nH]2)[C@H]2CCCCN2)sc1CO,Components-smiles-stereo-oe.smi,<frozen-chemistry-source>,6
2985,40I,resolved,CC(C)C[C@@H](C(=O)N[C@@H](C[C@@H]1CCCNC1=O)C=O)NC(=O)[C@H](C(C)C)NC(=O)c2ccco2,CC(C)C[C@H](NC(=O)[C@@H](NC(=O)c1ccco1)C(C)C)C(=O)N[C@H](C=O)C[C@@H]1CCCNC1=O,Components-smiles-stereo-oe.smi,<frozen-chemistry-source>,1
1075,434,resolved,Cc1ccc2c(c1)C(=O)[C@]3(C2=O)[C@@H]([C@@H]([C@@H](O3)c4ccc(c(c4)Cl)Cl)C(=O)Nc5ccc(cc5)c6csnn6)C(=O)O,Cc1ccc2c(c1)C(=O)[C@]1(O[C@@H](c3ccc(Cl)c(Cl)c3)[C@@H](C(=O)Nc3ccc(-c4csnn4)cc3)[C@H]1C(=O)O)C2=O,Components-smiles-stereo-oe.smi,<frozen-chemistry-source>,7
547,43Y,resolved,CCC(=O)OC[C@H](COP(=O)(O)OCC[N+](C)(C)C)OC(=O)CC,CCC(=O)OC[C@H](COP(=O)(O)OCC[N+](C)(C)C)OC(=O)CC,Components-smiles-stereo-oe.smi,<frozen-chemistry-source>,6
571,44E,resolved,CCCCCC(=O)OC[C@H](COP(=O)(O)O)OC(=O)CCCCC,CCCCCC(=O)OC[C@H](COP(=O)(O)O)OC(=O)CCCCC,Components-smiles-stereo-oe.smi,<frozen-chemistry-source>,8
710,45F,resolved,C#CCO[C@H]1C[C@H](NC1)C(=O)O,C#CCO[C@@H]1CN[C@H](C(=O)O)C1,Components-smiles-stereo-oe.smi,<frozen-chemistry-source>,3
711,45W,resolved,C#CO[C@H]1C[C@@H](NC1)C(=O)O,C#CO[C@@H]1CN[C@@H](C(=O)O)C1,Components-smiles-stereo-oe.smi,<frozen-chemistry-source>,3
146,478,resolved,CC(C)C[N@](C[C@H]([C@H](Cc1ccccc1)NC(=O)O[C@H]2CCOC2)O)S(=O)(=O)c3ccc(cc3)N,CC(C)CN(C[C@@H](O)[C@H](Cc1ccccc1)NC(=O)O[C@H]1CCOC1)S(=O)(=O)c1ccc(N)cc1,Components-smiles-stereo-oe.smi,<frozen-chemistry-source>,50
242,494,resolved,c1cc(c(cc1Cl)OCCN2C=CC(=O)NC2=O)Oc3cc(cc(c3)Cl)/C=C/C#N,N#C/C=C/c1cc(Cl)cc(Oc2ccc(Cl)cc2OCCn2ccc(=O)[nH]c2=O)c1,Components-smiles-stereo-oe.smi,<frozen-chemistry-source>,7
1112,4AC,resolved,CC(=O)NC1=NC(=O)N(C=C1)[C@H]2[C@@H]([C@@H]([C@H](O2)COP(=O)(O)O)O)O,CC(=O)Nc1ccn([C@@H]2O[C@H](COP(=O)(O)O)[C@@H](O)[C@H]2O)c(=O)n1,Components-smiles-stereo-oe.smi,<frozen-chemistry-source>,1
856,4AH,resolved,CC(C)(C)[C@@H](C(=O)N[N@](Cc1ccc(cc1)c2cccnc2)C[C@@](Cc3ccccc3)(C(=O)N[C@H]4c5ccccc5C[C@H]4O)O)NC(=O)OC,COC(=O)N[C@H](C(=O)NN(Cc1ccc(-c2cccnc2)cc1)C[C@@](O)(Cc1ccccc1)C(=O)N[C@H]1c2ccccc2C[C@H]1O)C(C)(C)C,Components-smiles-stereo-oe.smi,<frozen-chemistry-source>,3
1500,4AP,resolved,c1c[nH+]ccc1N,Nc1cc[nH+]cc1,Components-smiles-stereo-oe.smi,<frozen-chemistry-source>,6
276,4BI,resolved,Cc1c(c(c2ccccc2n1)c3ccc(cc3)Cl)[C@@H](C(=O)O)OC(C)(C)C,Cc1nc2ccccc2c(-c2ccc(Cl)cc2)c1[C@H](OC(C)(C)C)C(=O)O,Components-smiles-stereo-oe.smi,<frozen-chemistry-source>,3
1324,4BL,resolved,Cc1ccc2cc([nH]c2c1)C(=O)O,Cc1ccc2cc(C(=O)O)[nH]c2c1,Components-smiles-stereo-oe.smi,<frozen-chemistry-source>,5
1327,4BX,resolved,c1ccc2c(c1)[nH]c(n2)CCC(=O)O,O=C(O)CCc1nc2ccccc2[nH]1,Components-smiles-stereo-oe.smi,<frozen-chemistry-source>,3
1412,4BY,resolved,Cc1ccc2c(c1)cc([nH]2)C(=O)O,Cc1ccc2[nH]c(C(=O)O)cc2c1,Components-smiles-stereo-oe.smi,<frozen-chemistry-source>,3
696,4D2,resolved,CC(C)C[C@@H](Cc1ccc2c(c1C(=O)O)OCO2)CNC(=O)c3cccnc3,CC(C)C[C@H](CNC(=O)c1cccnc1)Cc1ccc2c(c1C(=O)O)OCO2,Components-smiles-stereo-oe.smi,<frozen-chemistry-source>,4
1336,4FL,resolved,c1cnccc1c2[nH]ccn2,c1cc(-c2ncc[nH]2)ccn1,Components-smiles-stereo-oe.smi,<frozen-chemistry-source>,3
1393,4FS,resolved,c1ccc2c(c1)cc(cn2)N,Nc1cnc2ccccc2c1,Components-smiles-stereo-oe.smi,<frozen-chemistry-source>,3
2550,4I9,resolved,Cc1c(cncc1Cl)OC(=O)c2cccc3c2cc[nH]3,Cc1c(Cl)cncc1OC(=O)c1cccc2[nH]ccc12,Components-smiles-stereo-oe.smi,<frozen-chemistry-source>,1
2549,4IJ,resolved,c1cc(c2c(c1)NCC2)C(=O)Oc3cc(cnc3)Cl,O=C(Oc1cncc(Cl)c1)c1cccc2c1CCN2,Components-smiles-stereo-oe.smi,<frozen-chemistry-source>,1
2547,4IK,resolved,c1nc(c2c(n1)n(cn2)[C@H]3[C@@H]([C@@H]([C@H](O3)C[C@H](CC[C@@H](C(=O)O)N)CN)O)O)N,NC[C@@H](CC[C@H](N)C(=O)O)C[C@H]1O[C@@H](n2cnc3c(N)ncnc32)[C@H](O)[C@@H]1O,Components-smiles-stereo-oe.smi,<frozen-chemistry-source>,1
2548,4IT,resolved,[H]/N=C/[C@H](CC1CCNC1=O)NC(=O)[C@H](CC(C)C)NC(=O)c2cc3c([nH]2)cccc3OC,[H]/N=C/[C@H](CC1CCNC1=O)NC(=O)[C@H](CC(C)C)NC(=O)c1cc2c(OC)cccc2[nH]1,Components-smiles-stereo-oe.smi,<frozen-chemistry-source>,1
3015,4J5,resolved,C(CNC(=[NH2+])N)[C@@H](C(=O)O)N,NC(=[NH2+])NCC[C@H](N)C(=O)O,Components-smiles-stereo-oe.smi,<frozen-chemistry-source>,1
1342,4J8,resolved,Cc1ccc(cc1)S(=O)(=O)N,Cc1ccc(S(N)(=O)=O)cc1,Components-smiles-stereo-oe.smi,<frozen-chemistry-source>,3
429,4JH,resolved,c1cc(cc(c1)Br)CN,NCc1cccc(Br)c1,Components-smiles-stereo-oe.smi,<frozen-chemistry-source>,3
1347,4JO,resolved,Cc1c(ccc(n1)N)Br,Cc1nc(N)ccc1Br,Components-smiles-stereo-oe.smi,<frozen-chemistry-source>,3
1408,4JQ,resolved,c1cc2c(cc1N)C=CC(=O)O2,Nc1ccc2oc(=O)ccc2c1,Components-smiles-stereo-oe.smi,<frozen-chemistry-source>,3
1319,4MB,resolved,CS(=O)(=O)Nc1ccc(cc1)C(=O)O,CS(=O)(=O)Nc1ccc(C(=O)O)cc1,Components-smiles-stereo-oe.smi,<frozen-chemistry-source>,3
1202,4N0,resolved,c1ccc2c(c1)[C@@H](CC(=O)N2)C(=O)Nc3ccc(cc3)I,O=C1C[C@@H](C(=O)Nc2ccc(I)cc2)c2ccccc2N1,Components-smiles-stereo-oe.smi,<frozen-chemistry-source>,1
404,4OI,resolved,c1cc(cnc1)[C@@H]2C[C@H]2C(=O)Nc3c[nH]nc3,O=C(Nc1cn[nH]c1)[C@@H]1C[C@H]1c1cccnc1,Components-smiles-stereo-oe.smi,<frozen-chemistry-source>,3
1345,4PN,resolved,C1CCN(CC1)C2CCNCC2,C1CCN(C2CCNCC2)CC1,Components-smiles-stereo-oe.smi,<frozen-chemistry-source>,3
1311,4SO,resolved,c1cc(ccc1C(=O)O)S(=O)(=O)N,NS(=O)(=O)c1ccc(C(=O)O)cc1,Components-smiles-stereo-oe.smi,<frozen-chemistry-source>,3
1365,4SV,resolved,c1cncc(c1C(=O)O)N,Nc1cnccc1C(=O)O,Components-smiles-stereo-oe.smi,<frozen-chemistry-source>,3
295,4UX,resolved,CC(C)CN(C[C@H]([C@H](Cc1ccccc1)NC(=O)O[C@H]2CO[C@@H]3[C@H]2[C@H](CO3)NC)O)S(=O)(=O)c4ccc(cc4)N,CN[C@H]1CO[C@@H]2OC[C@H](OC(=O)N[C@@H](Cc3ccccc3)[C@H](O)CN(CC(C)C)S(=O)(=O)c3ccc(N)cc3)[C@@H]21,Components-smiles-stereo-oe.smi,<frozen-chemistry-source>,3
294,4UY,resolved,CC(C)CN(C[C@H]([C@H](Cc1ccccc1)NC(=O)O[C@H]2CO[C@@H]3[C@H]2[C@H](CO3)NC)O)S(=O)(=O)c4ccc(cc4)OC,CN[C@H]1CO[C@@H]2OC[C@H](OC(=O)N[C@@H](Cc3ccccc3)[C@H](O)CN(CC(C)C)S(=O)(=O)c3ccc(OC)cc3)[C@@H]21,Components-smiles-stereo-oe.smi,<frozen-chemistry-source>,5
691,4VW,resolved,CC(C)C[C@@H](Cc1ccc2c(c1C(=O)O)OCO2)CNC(=O)c3ccc(cc3)N,CC(C)C[C@H](CNC(=O)c1ccc(N)cc1)Cc1ccc2c(c1C(=O)O)OCO2,Components-smiles-stereo-oe.smi,<frozen-chemistry-source>,4
2551,4W8,resolved,CC1([C@@H]2[C@H]1[C@H](N(C2)C(=O)c3cc4c([nH]3)cccc4OC)C(=O)N[C@@H](C[C@@H]5CCNC5=O)[C@@H](c6nc7ccccc7s6)O)C,COc1cccc2[nH]c(C(=O)N3C[C@H]4[C@@H]([C@H]3C(=O)N[C@@H](C[C@@H]3CCNC3=O)[C@H](O)c3nc5ccccc5s3)C4(C)C)cc12,Components-smiles-stereo-oe.smi,<frozen-chemistry-source>,1
1089,4WI,resolved,[H]/N=C/[C@H](C[C@@H]1CCNC1=O)NC(=O)[C@@H]2[C@@H]3[C@@H](C3(C)C)CN2C(=O)[C@H](C(C)(C)C)NC(=O)C(F)(F)F,[H]/N=C/[C@H](C[C@@H]1CCNC1=O)NC(=O)[C@@H]1[C@@H]2[C@H](CN1C(=O)[C@@H](NC(=O)C(F)(F)F)C(C)(C)C)C2(C)C,Components-smiles-stereo-oe.smi,<frozen-chemistry-source>,1
296,4XO,resolved,Cc1cc2cc(cn2c(c1Nc3ncnc(n3)Nc4ccc(cc4)C#N)C)C#N,Cc1cc2cc(C#N)cn2c(C)c1Nc1ncnc(Nc2ccc(C#N)cc2)n1,Components-smiles-stereo-oe.smi,<frozen-chemistry-source>,3
2552,4YG,resolved,CC(C)[C@@H](C(=O)N1C[C@H]2[C@@H]([C@H]1C(=O)N[C@@H](C[C@@H]3CCNC3=O)[C@@H](c4nc5ccccc5s4)O)C2(C)C)NS(=O)(=O)C,CC(C)[C@H](NS(C)(=O)=O)C(=O)N1C[C@H]2[C@@H]([C@H]1C(=O)N[C@@H](C[C@@H]1CCNC1=O)[C@H](O)c1nc3ccccc3s1)C2(C)C,Components-smiles-stereo-oe.smi,<frozen-chemistry-source>,1
1373,4YS,resolved,c1ccc2c(c1)C=CNC2=O,O=c1[nH]ccc2ccccc12,Components-smiles-stereo-oe.smi,<frozen-chemistry-source>,3
243,506,resolved,c1cc(c(cc1F)OCCN2C=CC(=O)NC2=O)Oc3cc(cc(c3)F)/C=C/C#N,N#C/C=C/c1cc(F)cc(Oc2ccc(F)cc2OCCn2ccc(=O)[nH]c2=O)c1,Components-smiles-stereo-oe.smi,<frozen-chemistry-source>,3
1312,51X,resolved,c1ccc2c(c1)C(=O)N(C2=O)CC(=O)O,O=C(O)CN1C(=O)c2ccccc2C1=O,Components-smiles-stereo-oe.smi,<frozen-chemistry-source>,3
272,525,resolved,CC(C)(C)[C@H]1Cc2cc(ccc2S(=O)(=O)N(C1)C[C@H]([C@H](Cc3ccccc3)NC(=O)O[C@H]4CCOC4)O)F,CC(C)(C)[C@H]1Cc2cc(F)ccc2S(=O)(=O)N(C[C@@H](O)[C@H](Cc2ccccc2)NC(=O)O[C@H]2CCOC2)C1,Components-smiles-stereo-oe.smi,<frozen-chemistry-source>,4
271,526,resolved,CC(C)(C)[C@@H]1Cc2cc(ccc2S(=O)(=O)N(C1)C[C@H]([C@H](Cc3ccccc3)NC(=O)O[C@H]4CCOC4)O)F,CC(C)(C)[C@@H]1Cc2cc(F)ccc2S(=O)(=O)N(C[C@@H](O)[C@H](Cc2ccccc2)NC(=O)O[C@H]2CCOC2)C1,Components-smiles-stereo-oe.smi,<frozen-chemistry-source>,4
1376,52F,resolved,c1ccc2c(c1)NC(=O)C(=N2)CCC(=O)O,O=C(O)CCc1nc2ccccc2[nH]c1=O,Components-smiles-stereo-oe.smi,<frozen-chemistry-source>,3
932,52U,resolved,CC(C)CN(C[C@H]([C@H](Cc1ccccc1)NC(=O)O[C@H]2CCO[C@@H]3[C@H]2CCO3)O)S(=O)(=O)c4ccc(cc4)OC,COc1ccc(S(=O)(=O)N(CC(C)C)C[C@@H](O)[C@H](Cc2ccccc2)NC(=O)O[C@H]2CCO[C@H]3OCC[C@H]32)cc1,Components-smiles-stereo-oe.smi,<frozen-chemistry-source>,3
933,52W,resolved,CC(C)CN(C[C@H]([C@H](Cc1ccccc1)NC(=O)O[C@H]2CCO[C@@H]3[C@H]2[C@H](CO3)O)O)S(=O)(=O)c4ccc(cc4)OC,COc1ccc(S(=O)(=O)N(CC(C)C)C[C@@H](O)[C@H](Cc2ccccc2)NC(=O)O[C@H]2CCO[C@H]3OC[C@H](O)[C@H]32)cc1,Components-smiles-stereo-oe.smi,<frozen-chemistry-source>,3
934,52Z,resolved,CC(C)CN(C[C@H]([C@H](Cc1ccc(cc1)OC)NC(=O)O[C@H]2CCO[C@@H]3[C@H]2[C@H](CO3)O)O)S(=O)(=O)c4ccc(cc4)OC,COc1ccc(C[C@H](NC(=O)O[C@H]2CCO[C@H]3OC[C@H](O)[C@H]32)[C@H](O)CN(CC(C)C)S(=O)(=O)c2ccc(OC)cc2)cc1,Components-smiles-stereo-oe.smi,<frozen-chemistry-source>,3
935,53F,resolved,CC(C)CN(C[C@H]([C@H](Cc1ccc(cc1)OC)NC(=O)O[C@H]2CCO[C@@H]3[C@H]2[C@H](CO3)O)O)S(=O)(=O)c4ccc(cc4)N,COc1ccc(C[C@H](NC(=O)O[C@H]2CCO[C@H]3OC[C@H](O)[C@H]32)[C@H](O)CN(CC(C)C)S(=O)(=O)c2ccc(N)cc2)cc1,Components-smiles-stereo-oe.smi,<frozen-chemistry-source>,3
1331,54G,resolved,Cc1ccc(c(c1)C(=O)O)O,Cc1ccc(O)c(C(=O)O)c1,Components-smiles-stereo-oe.smi,<frozen-chemistry-source>,3
1370,54T,resolved,c1cc2c(cc1Cl)sc(n2)N,Nc1nc2ccc(Cl)cc2s1,Components-smiles-stereo-oe.smi,<frozen-chemistry-source>,3
205,55A,resolved,CC[C@H](C)C[N@@](C[C@H]([C@H](Cc1ccccc1)NC(=O)[C@H](CC(C)C)NC(=O)C)O)S(=O)(=O)c2ccc3c(c2)scn3,CC[C@H](C)CN(C[C@@H](O)[C@H](Cc1ccccc1)NC(=O)[C@H](CC(C)C)NC(C)=O)S(=O)(=O)c1ccc2ncsc2c1,Components-smiles-stereo-oe.smi,<frozen-chemistry-source>,3
843,568,resolved,c1ccc(cc1)CO[C@H]([C@@H]([C@H]([C@H](C(=O)N[C@H]2c3ccccc3C[C@H]2O)OCc4ccccc4)O)O)C(=O)N[C@H]5C[C@H](OC5)CO,O=C(N[C@@H]1CO[C@H](CO)C1)[C@H](OCc1ccccc1)[C@H](O)[C@@H](O)[C@@H](OCc1ccccc1)C(=O)N[C@H]1c2ccccc2C[C@H]1O,Components-smiles-stereo-oe.smi,<frozen-chemistry-source>,3
891,595,resolved,C[C@@H](CCC[C@@H](C=O)[N@@](CCC(C)C)S(=O)(=O)c1ccc(cc1)N)NC(=O)[C@H](C(c2ccccc2)c3ccccc3)NC(=O)OC,COC(=O)N[C@H](C(=O)N[C@@H](C)CCC[C@@H](C=O)N(CCC(C)C)S(=O)(=O)c1ccc(N)cc1)C(c1ccccc1)c1ccccc1,Components-smiles-stereo-oe.smi,<frozen-chemistry-source>,4
2986,59S,resolved,CC(C)C[C@@H](C(=O)N[C@@H](C[C@@H]1CCCNC1=O)C=O)NC(=O)[C@H](C(C)C)NC(=O)/C=C/c2ccc(cc2)OC,COc1ccc(/C=C/C(=O)N[C@H](C(=O)N[C@@H](CC(C)C)C(=O)N[C@H](C=O)C[C@@H]2CCCNC2=O)C(C)C)cc1,Components-smiles-stereo-oe.smi,<frozen-chemistry-source>,1
623,5AH,resolved,CC(C)(C)[C@@H](C(=O)N[N@](CC[C@@](Cc1ccccc1)(C(=O)N[C@H]2c3ccccc3C[C@H]2O)O)Cc4ccc(cc4)c5ccccn5)NC(=O)OC,COC(=O)N[C@H](C(=O)NN(CC[C@@](O)(Cc1ccccc1)C(=O)N[C@H]1c2ccccc2C[C@H]1O)Cc1ccc(-c2ccccn2)cc1)C(C)(C)C,Components-smiles-stereo-oe.smi,<frozen-chemistry-source>,5
937,5B5,resolved,CCN[C@H]1CO[C@H]2[C@@H]1[C@H](CCO2)OC(=O)N[C@@H](Cc3ccccc3)[C@@H](CN(CC(C)C)S(=O)(=O)c4ccc(cc4)OC)O,CCN[C@H]1CO[C@@H]2OCC[C@H](OC(=O)N[C@@H](Cc3ccccc3)[C@H](O)CN(CC(C)C)S(=O)(=O)c3ccc(OC)cc3)[C@@H]21,Components-smiles-stereo-oe.smi,<frozen-chemistry-source>,3
936,5B7,resolved,CC(C)CN(C[C@H]([C@H](Cc1ccccc1)NC(=O)O[C@H]2CCO[C@@H]3[C@H]2[C@H](CO3)OC)O)S(=O)(=O)c4ccc(cc4)OC,COc1ccc(S(=O)(=O)N(CC(C)C)C[C@@H](O)[C@H](Cc2ccccc2)NC(=O)O[C@H]2CCO[C@H]3OC[C@H](OC)[C@H]32)cc1,Components-smiles-stereo-oe.smi,<frozen-chemistry-source>,3
299,5DV,resolved,Cc1cc(cc(c1)[P@](=O)(c2c3cc(ccc3[nH]c2C(=O)N)Cl)OC)CCC#N,CO[P@](=O)(c1cc(C)cc(CCC#N)c1)c1c(C(N)=O)[nH]c2ccc(Cl)cc12,Components-smiles-stereo-oe.smi,<frozen-chemistry-source>,3
669,5EY,resolved,c1ccc\2c(c1)C[C@H](/C2=C/c3ccc4c(c3C(=O)O)O[C@@H](CO4)CCC(=O)O)O,O=C(O)CC[C@@H]1COc2ccc(/C=C3\c4ccccc4C[C@H]3O)c(C(=O)O)c2O1,Components-smiles-stereo-oe.smi,<frozen-chemistry-source>,4
2318,5F8,resolved,c1cc(cc(c1)C(=O)O)c2cccnc2,O=C(O)c1cccc(-c2cccnc2)c1,Components-smiles-stereo-oe.smi,<frozen-chemistry-source>,3
1101,5GP,resolved,c1nc2c(n1[C@H]3[C@@H]([C@@H]([C@H](O3)COP(=O)(O)O)O)O)N=C(NC2=O)N,Nc1nc2c(ncn2[C@@H]2O[C@H](COP(=O)(O)O)[C@@H](O)[C@H]2O)c(=O)[nH]1,Components-smiles-stereo-oe.smi,<frozen-chemistry-source>,3
1317,5HN,resolved,c1c(cncc1O)C(=O)O,O=C(O)c1cncc(O)c1,Components-smiles-stereo-oe.smi,<frozen-chemistry-source>,3
2766,5ID,resolved,c1c(c2c(ncnc2n1[C@H]3[C@@H]([C@@H]([C@H](O3)CO)O)O)N)I,Nc1ncnc2c1c(I)cn2[C@@H]1O[C@H](CO)[C@@H](O)[C@H]1O,Components-smiles-stereo-oe.smi,<frozen-chemistry-source>,1
2982,5IL,resolved,c1ccc(c(c1)NC2=CC(=O)c3cccc(c3C2=O)S(=O)(=O)N)N4CCNCC4,NS(=O)(=O)c1cccc2c1C(=O)C(Nc1ccccc1N1CCNCC1)=CC2=O,Components-smiles-stereo-oe.smi,<frozen-chemistry-source>,1
2988,5IW,resolved,CC(C)C[C@@H](C(=O)N[C@@H](C[C@@H]1CCCNC1=O)C=O)NC(=O)[C@H](Cc2ccccc2)NC(=O)/C=C/c3ccccc3,CC(C)C[C@H](NC(=O)[C@H](Cc1ccccc1)NC(=O)/C=C/c1ccccc1)C(=O)N[C@H](C=O)C[C@@H]1CCCNC1=O,Components-smiles-stereo-oe.smi,<frozen-chemistry-source>,1
2987,5IZ,resolved,CC[C@H](C)[C@@H](C(=O)N[C@@H](C[C@@H]1CCCNC1=O)C=O)NC(=O)/C=C/c2ccccc2,CC[C@H](C)[C@H](NC(=O)/C=C/c1ccccc1)C(=O)N[C@H](C=O)C[C@@H]1CCCNC1=O,Components-smiles-stereo-oe.smi,<frozen-chemistry-source>,1
213,5MA,resolved,c1cc2c([nH]nc2nc1)Cn3c4ccc(c(c4nn3)Oc5cc(cc(c5Cl)CN)Cl)Cl,NCc1cc(Cl)cc(Oc2c(Cl)ccc3c2nnn3Cc2[nH]nc3ncccc23)c1Cl,Components-smiles-stereo-oe.smi,<frozen-chemistry-source>,5
1121,5MC,resolved,CC1=CN(C(=O)N=C1N)[C@H]2[C@@H]([C@@H]([C@H](O2)COP(=O)(O)O)O)O,Cc1cn([C@@H]2O[C@H](COP(=O)(O)O)[C@@H](O)[C@H]2O)c(=O)nc1N,Components-smiles-stereo-oe.smi,<frozen-chemistry-source>,1
1122,5MU,resolved,CC1=CN(C(=O)NC1=O)[C@H]2[C@@H]([C@@H]([C@H](O2)COP(=O)(O)O)O)O,Cc1cn([C@@H]2O[C@H](COP(=O)(O)O)[C@@H](O)[C@H]2O)c(=O)[nH]c1=O,Components-smiles-stereo-oe.smi,<frozen-chemistry-source>,1
347,5MY,resolved,C1([C@H]([C@@H](C([C@@H]([C@H]1OP(=O)(O)O)OP(=O)(O)O)OP(=O)(O)O)OP(=O)(O)O)OP(=O)(O)O)O,O=P(O)(O)OC1[C@@H](OP(=O)(O)O)[C@H](OP(=O)(O)O)C(O)[C@H](OP(=O)(O)O)[C@H]1OP(=O)(O)O,Components-smiles-stereo-oe.smi,<frozen-chemistry-source>,3
1326,5OF,resolved,c1ccc2c(c1)C(=NNC2=O)CC(=O)O,O=C(O)Cc1n[nH]c(=O)c2ccccc12,Components-smiles-stereo-oe.smi,<frozen-chemistry-source>,3
2534,5P9,resolved,c1ccc2c(c1)[C@@H](CC2=O)C(=O)Nc3ccc(cn3)Cl,O=C1C[C@@H](C(=O)Nc2ccc(Cl)cn2)c2ccccc21,Components-smiles-stereo-oe.smi,<frozen-chemistry-source>,1
550,5VE,resolved,[H]/N=C(/N)\NC[C@H]1Cc2ccc(cc2[C@@H]1NC(=O)C(=O)Nc3ccc(c(c3)F)Cl)CNC,[H]/N=C(/N)NC[C@H]1Cc2ccc(CNC)cc2[C@@H]1NC(=O)C(=O)Nc1ccc(Cl)c(F)c1,Components-smiles-stereo-oe.smi,<frozen-chemistry-source>,4
552,5VF,resolved,[H]/N=C(/N)\NC[C@H]1Cc2cc(ccc2[C@@H]1NC(=O)C(=O)Nc3ccc(c(c3)F)Cl)CN(C)/C(=N\[H])/N,[H]/N=C(/N)NC[C@H]1Cc2cc(CN(C)/C(N)=N\[H])ccc2[C@@H]1NC(=O)C(=O)Nc1ccc(Cl)c(F)c1,Components-smiles-stereo-oe.smi,<frozen-chemistry-source>,4
551,5VG,resolved,[H]/N=C(/N)\NC[C@H]1Cc2cc(ccc2[C@@H]1NC(=O)C(=O)Nc3ccc(c(c3)F)Cl)CNC,[H]/N=C(/N)NC[C@H]1Cc2cc(CNC)ccc2[C@@H]1NC(=O)C(=O)Nc1ccc(Cl)c(F)c1,Components-smiles-stereo-oe.smi,<frozen-chemistry-source>,15
553,5VH,resolved,[H]/N=C(/N)\N(C)Cc1ccc2c(c1)[C@@H]([C@H](C2)CNC(=N)N)NC(=O)C(=O)Nc3ccc(c(c3)F)Cl,[H]/N=C(/N)N(C)Cc1ccc2c(c1)[C@H](NC(=O)C(=O)Nc1ccc(Cl)c(F)c1)[C@@H](CNC(=N)N)C2,Components-smiles-stereo-oe.smi,<frozen-chemistry-source>,4
2554,5YJ,resolved,Cc1c(cc(cc1Cl)N2CCN(CC2)C(=O)C3=CC(=O)NC(=O)N3)Cl,Cc1c(Cl)cc(N2CCN(C(=O)c3cc(=O)[nH]c(=O)[nH]3)CC2)cc1Cl,Components-smiles-stereo-oe.smi,<frozen-chemistry-source>,1
2553,5YN,resolved,c1c(cc(c(c1Cl)Cl)Cl)N2CCN(CC2)C(=O)C3=CC(=O)NC(=O)N3,O=C(c1cc(=O)[nH]c(=O)[nH]1)N1CCN(c2cc(Cl)c(Cl)c(Cl)c2)CC1,Components-smiles-stereo-oe.smi,<frozen-chemistry-source>,1
2556,5Z3,resolved,c1cc(c(cc1N2CCN(CC2)C(=O)C3=CC(=O)NC(=O)N3)C(F)(F)F)Cl,O=C(c1cc(=O)[nH]c(=O)[nH]1)N1CCN(c2ccc(Cl)c(C(F)(F)F)c2)CC1,Components-smiles-stereo-oe.smi,<frozen-chemistry-source>,1
2555,5Z7,resolved,c1cc(c(cc1N2CCN(CC2)C(=O)C3=CC(=O)NC(=O)N3)Cl)Br,O=C(c1cc(=O)[nH]c(=O)[nH]1)N1CCN(c2ccc(Br)c(Cl)c2)CC1,Components-smiles-stereo-oe.smi,<frozen-chemistry-source>,1
2559,5ZB,resolved,C[C@@H](c1ccccc1)NC(=O)[C@@H](c2cccnc2)N(c3ccc(cc3)n4cccc4)C(=O)C,CC(=O)N(c1ccc(-n2cccc2)cc1)[C@@H](C(=O)N[C@@H](C)c1ccccc1)c1cccnc1,Components-smiles-stereo-oe.smi,<frozen-chemistry-source>,1
1375,5ZE,resolved,Cc1cc(nc(n1)N)C,Cc1cc(C)nc(N)n1,Components-smiles-stereo-oe.smi,<frozen-chemistry-source>,3
2560,5ZF,resolved,C[C@@H](c1ccccc1)NC(=O)[C@@H](c2cccnc2)N(c3ccc(cc3)c4ccccc4)C(=O)CCl,C[C@H](NC(=O)[C@@H](c1cccnc1)N(C(=O)CCl)c1ccc(-c2ccccc2)cc1)c1ccccc1,Components-smiles-stereo-oe.smi,<frozen-chemistry-source>,1
2558,5ZJ,resolved,c1cc(c(cc1N2CCN(CC2)C(=O)C3=CC(=O)NC(=O)N3)Cl)C(F)(F)F,O=C(c1cc(=O)[nH]c(=O)[nH]1)N1CCN(c2ccc(C(F)(F)F)c(Cl)c2)CC1,Components-smiles-stereo-oe.smi,<frozen-chemistry-source>,1
2557,5ZN,resolved,c1cc(c(cc1N2CCN(CC2)C(=O)C3=NC(=O)NC(=O)C3)Cl)C=O,O=Cc1ccc(N2CCN(C(=O)C3=NC(=O)NC(=O)C3)CC2)cc1Cl,Components-smiles-stereo-oe.smi,<frozen-chemistry-source>,1
2563,5ZT,resolved,c1cc(c(cc1N2CCN(CC2)C(=O)C3=NC(=O)NC(=O)C3)Cl)CO,O=C1CC(C(=O)N2CCN(c3ccc(CO)c(Cl)c3)CC2)=NC(=O)N1,Components-smiles-stereo-oe.smi,<frozen-chemistry-source>,1
2562,5ZW,resolved,c1cc(ccc1N2CCN(CC2)C(=O)C3=CC(=O)NC(=O)N3)Cl,O=C(c1cc(=O)[nH]c(=O)[nH]1)N1CCN(c2ccc(Cl)cc2)CC1,Components-smiles-stereo-oe.smi,<frozen-chemistry-source>,1
1537,60P,resolved,Cc1ccsc1C(=O)O,Cc1ccsc1C(=O)O,Components-smiles-stereo-oe.smi,<frozen-chemistry-source>,4
1021,612,resolved,CCOCN1C(=C(C(=O)NC1=O)C(C)C)SC2CCCCC2,CCOCn1c(SC2CCCCC2)c(C(C)C)c(=O)[nH]c1=O,Components-smiles-stereo-oe.smi,<frozen-chemistry-source>,3
407,61F,resolved,CC(C)(C#Cc1ccc(c(n1)[C@H](Cc2cc(cc(c2)F)F)NC(=O)Cn3c4c(c(n3)C(F)(F)F)CCCC4)c5ccc(c6c5n(nc6NS(=O)(=O)C)CC(F)(F)F)Cl)S(=O)(=O)C,CC(C)(C#Cc1ccc(-c2ccc(Cl)c3c(NS(C)(=O)=O)nn(CC(F)(F)F)c23)c([C@H](Cc2cc(F)cc(F)c2)NC(=O)Cn2nc(C(F)(F)F)c3c2CCCC3)n1)S(C)(=O)=O,Components-smiles-stereo-oe.smi,<frozen-chemistry-source>,5
297,639,resolved,Cc1cc2cc(ccc2c(c1Nc3ncnc(n3)Nc4ccc(cc4)C#N)C)C#N,Cc1cc2cc(C#N)ccc2c(C)c1Nc1ncnc(Nc2ccc(C#N)cc2)n1,Components-smiles-stereo-oe.smi,<frozen-chemistry-source>,3
301,64A,resolved,CC1=CN(C(=O)NC1=O)[C@@H]2CC[C@@H](C2)OC(C(=O)O)C(=O)O,Cc1cn([C@@H]2CC[C@H](OC(C(=O)O)C(=O)O)C2)c(=O)[nH]c1=O,Components-smiles-stereo-oe.smi,<frozen-chemistry-source>,3
176,65B,resolved,Cc1cc(cc(c1Oc2c(c(nc(n2)Nc3ccc(cc3)C#N)N)Br)C)C#N,Cc1cc(C#N)cc(C)c1Oc1nc(Nc2ccc(C#N)cc2)nc(N)c1Br,Components-smiles-stereo-oe.smi,<frozen-chemistry-source>,9
303,65P,resolved,Cc1c(ccc2c1CCCO2)c3c4ccn(c4nc(c3[C@@H](C(=O)O)OC(C)(C)C)C)Cc5ccc(c(c5)F)F,Cc1nc2c(ccn2Cc2ccc(F)c(F)c2)c(-c2ccc3c(c2C)CCCO3)c1[C@H](OC(C)(C)C)C(=O)O,Components-smiles-stereo-oe.smi,<frozen-chemistry-source>,9
941,6EE,resolved,c1cc(ccc1[C@@H](c2cc(cc(c2)F)F)[C@@H](C(=O)Nc3cncc(c3CC[C@@H]4CN[C@@H](CO4)COC(=O)NCC(F)(F)F)F)N)Cl,N[C@H](C(=O)Nc1cncc(F)c1CC[C@@H]1CN[C@H](COC(=O)NCC(F)(F)F)CO1)[C@@H](c1ccc(Cl)cc1)c1cc(F)cc(F)c1,Components-smiles-stereo-oe.smi,<frozen-chemistry-source>,4
940,6EF,resolved,COC(=O)N[C@@H](C(c1ccccc1)c2ccccc2)C(=O)Nc3ccccc3CC[C@@H]4CN[C@@H](CO4)COC(=O)NCc5ccccc5,COC(=O)N[C@H](C(=O)Nc1ccccc1CC[C@@H]1CN[C@H](COC(=O)NCc2ccccc2)CO1)C(c1ccccc1)c1ccccc1,Components-smiles-stereo-oe.smi,<frozen-chemistry-source>,3
939,6EG,resolved,COC(=O)N[C@@H](C(c1ccccc1)c2ccccc2)C(=O)Nc3ccccc3CC[C@@H](CO)NCc4ccc(cc4)N,COC(=O)N[C@H](C(=O)Nc1ccccc1CC[C@@H](CO)NCc1ccc(N)cc1)C(c1ccccc1)c1ccccc1,Components-smiles-stereo-oe.smi,<frozen-chemistry-source>,3
938,6EH,resolved,COC(=O)N[C@@H](C(c1ccccc1)c2ccccc2)C(=O)NCCC[C@@H]3CNCCO3,COC(=O)N[C@H](C(=O)NCCC[C@@H]1CNCCO1)C(c1ccccc1)c1ccccc1,Components-smiles-stereo-oe.smi,<frozen-chemistry-source>,3
306,6FM,resolved,C#C[C@]1([C@H](C[C@@H](O1)n2cnc3c2nc(nc3N)F)O)COP(=O)(O)O,C#C[C@]1(COP(=O)(O)O)O[C@@H](n2cnc3c(N)nc(F)nc32)C[C@@H]1O,Components-smiles-stereo-oe.smi,<frozen-chemistry-source>,9
305,6FN,resolved,C#C[C@]1([C@H](C[C@@H](O1)n2cnc3c2nc(nc3N)F)O)COP(=O)(O)OP(=O)(O)OP(=O)(O)O,C#C[C@]1(COP(=O)(O)OP(=O)(O)OP(=O)(O)O)O[C@@H](n2cnc3c(N)nc(F)nc32)C[C@@H]1O,Components-smiles-stereo-oe.smi,<frozen-chemistry-source>,3
304,6FT,resolved,c1cc(ccc1CN2C=C(C(=O)C(=C2)O)C(=O)O)c3ccc(cc3)S(=O)(=O)N,NS(=O)(=O)c1ccc(-c2ccc(Cn3cc(O)c(=O)c(C(=O)O)c3)cc2)cc1,Components-smiles-stereo-oe.smi,<frozen-chemistry-source>,3
1320,6FZ,resolved,c1ccc2c(c1)CC(C2)C(=O)O,O=C(O)C1Cc2ccccc2C1,Components-smiles-stereo-oe.smi,<frozen-chemistry-source>,3
1206,6GS,resolved,C[C@]1([C@@H]([C@H](O[C@H]1N2C=CC(=O)NC2=O)COP(=O)(O)OP(=O)(O)O)O)F,C[C@@]1(F)[C@H](O)[C@@H](COP(=O)(O)OP(=O)(O)O)O[C@H]1n1ccc(=O)[nH]c1=O,Components-smiles-stereo-oe.smi,<frozen-chemistry-source>,1
743,6I2,resolved,Cc1ccc2c(c1)c(c(o2)C#Cc3cccc(c3)CNCCN4CCN(CC4)Cc5cccc(c5)C#Cc6c(c7cc(ccc7o6)C)CC(=O)O)CC(=O)O,Cc1ccc2oc(C#Cc3cccc(CNCCN4CCN(Cc5cccc(C#Cc6oc7ccc(C)cc7c6CC(=O)O)c5)CC4)c3)c(CC(=O)O)c2c1,Components-smiles-stereo-oe.smi,<frozen-chemistry-source>,3
942,6KK,resolved,CC(C)CN(C[C@H]([C@H](CC12CC3CC(C1)CC(C3)C2)NC(=O)O[C@H]4CO[C@@H]5[C@H]4CCO5)O)S(=O)(=O)c6ccc(cc6)OC,COc1ccc(S(=O)(=O)N(CC(C)C)C[C@@H](O)[C@H](CC23CC4CC(CC(C4)C2)C3)NC(=O)O[C@H]2CO[C@H]3OCC[C@H]32)cc1,Components-smiles-stereo-oe.smi,<frozen-chemistry-source>,3
943,6KQ,resolved,COc1ccc(cc1)S(=O)(=O)N(Cc2ccccc2)C[C@H]([C@H](CC34CC5CC(C3)CC(C5)C4)NC(=O)O[C@H]6CO[C@@H]7[C@H]6CCO7)O,COc1ccc(S(=O)(=O)N(Cc2ccccc2)C[C@@H](O)[C@H](CC23CC4CC(CC(C4)C2)C3)NC(=O)O[C@H]2CO[C@H]3OCC[C@H]32)cc1,Components-smiles-stereo-oe.smi,<frozen-chemistry-source>,3
944,6KR,resolved,CC(C)CN(C[C@H]([C@H](CC12CC3CC(C1)CC(C3)C2)NC(=O)O[C@H]4CO[C@@H]5[C@H]4CCCO5)O)S(=O)(=O)c6ccc(cc6)OC,COc1ccc(S(=O)(=O)N(CC(C)C)C[C@@H](O)[C@H](CC23CC4CC(CC(C4)C2)C3)NC(=O)O[C@H]2CO[C@H]3OCCC[C@H]32)cc1,Components-smiles-stereo-oe.smi,<frozen-chemistry-source>,3
1114,6MZ,resolved,CNc1c2c(ncn1)n(cn2)[C@H]3[C@@H]([C@@H]([C@H](O3)COP(=O)(O)O)O)O,CNc1ncnc2c1ncn2[C@@H]1O[C@H](COP(=O)(O)O)[C@@H](O)[C@H]1O,Components-smiles-stereo-oe.smi,<frozen-chemistry-source>,1
2546,6NR,resolved,c1c(c2c(ncnc2n1[C@H]3[C@@H]([C@@H]([C@H](O3)CSCC[C@@H](C(=O)O)N)O)O)N)C#N,N#Cc1cn([C@@H]2O[C@H](CSCC[C@H](N)C(=O)O)[C@@H](O)[C@H]2O)c2ncnc(N)c12,Components-smiles-stereo-oe.smi,<frozen-chemistry-source>,1
1353,6OT,resolved,c1c(cc(cc1Cl)Cl)S(=O)(=O)N,NS(=O)(=O)c1cc(Cl)cc(Cl)c1,Components-smiles-stereo-oe.smi,<frozen-chemistry-source>,3
1414,6P3,resolved,c1ccc(cc1)c2ccc(cn2)C(=O)O,O=C(O)c1ccc(-c2ccccc2)nc1,Components-smiles-stereo-oe.smi,<frozen-chemistry-source>,3
1186,6SU,resolved,COC(=O)c1cccc(c1)NS(=O)(=O)C,COC(=O)c1cccc(NS(C)(=O)=O)c1,Components-smiles-stereo-oe.smi,<frozen-chemistry-source>,5
1340,6U6,resolved,c1cc2c(cc1Cl)nc(s2)CCC(=O)O,O=C(O)CCc1nc2cc(Cl)ccc2s1,Components-smiles-stereo-oe.smi,<frozen-chemistry-source>,3
1360,6V9,resolved,Cc1ncc(s1)C(=O)O,Cc1ncc(C(=O)O)s1,Components-smiles-stereo-oe.smi,<frozen-chemistry-source>,3
714,6W6,resolved,c1cc(n(c1Cl)c2ccsc2C(=O)O)Cl,O=C(O)c1sccc1-n1c(Cl)ccc1Cl,Components-smiles-stereo-oe.smi,<frozen-chemistry-source>,4
713,6XI,resolved,c1ccn(c1)c2ccsc2C(=O)O,O=C(O)c1sccc1-n1cccc1,Components-smiles-stereo-oe.smi,<frozen-chemistry-source>,4
556,6YA,resolved,CS(=O)(=O)CCCn1c2ccc(cc2cc1CN3c4cnccc4N(C3=O)CC(F)(F)F)Cl,CS(=O)(=O)CCCn1c(Cn2c(=O)n(CC(F)(F)F)c3ccncc32)cc2cc(Cl)ccc21,Components-smiles-stereo-oe.smi,<frozen-chemistry-source>,3
421,723,resolved,c1ccc(cc1)C2=C(C(=O)Nc3c2cc(cc3)Cl)CC(=O)O,O=C(O)Cc1c(-c2ccccc2)c2cc(Cl)ccc2[nH]c1=O,Components-smiles-stereo-oe.smi,<frozen-chemistry-source>,6
200,74T,resolved,CC(C)C[N@@](C[C@H]([C@H](Cc1ccccc1)NC(=O)O[C@H]2CO[C@@H]3[C@H]2CCO3)O)S(=O)(=O)c4ccc5c(c4)sc(n5)NC6CCN(CC6)C7CCCC7,CC(C)CN(C[C@@H](O)[C@H](Cc1ccccc1)NC(=O)O[C@H]1CO[C@H]2OCC[C@H]21)S(=O)(=O)c1ccc2nc(NC3CCN(C4CCCC4)CC3)sc2c1,Components-smiles-stereo-oe.smi,<frozen-chemistry-source>,3
208,77F,resolved,COc1ccc(cc1)S(=O)(=O)[N@@](CC2CCCCC2)C[C@H]([C@H](Cc3ccccc3)NC(=O)c4cccc(c4)O)O,COc1ccc(S(=O)(=O)N(CC2CCCCC2)C[C@@H](O)[C@H](Cc2ccccc2)NC(=O)c2cccc(O)c2)cc1,Components-smiles-stereo-oe.smi,<frozen-chemistry-source>,3
920,79G,resolved,CC(C)CN(C[C@@H]([C@H](Cc1ccccc1)NC(=O)c2ccc3c(c2)[C@H](CCO3)N)O)S(=O)(=O)c4ccc(cc4)OC,COc1ccc(S(=O)(=O)N(CC(C)C)C[C@H](O)[C@H](Cc2ccccc2)NC(=O)c2ccc3c(c2)[C@@H](N)CCO3)cc1,Components-smiles-stereo-oe.smi,<frozen-chemistry-source>,4
352,7AX,resolved,c1ccc(c(c1)OCCN2C=CC(=O)NC2=O)Oc3ccc4ccc(cc4c3)C#N,N#Cc1ccc2ccc(Oc3ccccc3OCCn3ccc(=O)[nH]c3=O)cc2c1,Components-smiles-stereo-oe.smi,<frozen-chemistry-source>,5
308,7AY,resolved,Cc1c2cc(ccc2c(cc1Oc3ccccc3OCCN4C=CC(=O)NC4=O)Cl)C#N,Cc1c(Oc2ccccc2OCCn2ccc(=O)[nH]c2=O)cc(Cl)c2ccc(C#N)cc12,Components-smiles-stereo-oe.smi,<frozen-chemistry-source>,5
951,7GC,resolved,Cc1ccc(cc1)S(=O)(=O)NC(=O)Nc2nccs2,Cc1ccc(S(=O)(=O)NC(=O)Nc2nccs2)cc1,Components-smiles-stereo-oe.smi,<frozen-chemistry-source>,4
2952,7IL,resolved,CC(C)(C)c1ccc(cc1)N([C@H](c2cccnc2)C(=O)NC(C)(C)C)C(=O)c3cnc[nH]3,CC(C)(C)NC(=O)[C@@H](c1cccnc1)N(C(=O)c1cnc[nH]1)c1ccc(C(C)(C)C)cc1,Components-smiles-stereo-oe.smi,<frozen-chemistry-source>,1
595,7IT,resolved,[H]/N=C(/N)\NC[C@H]1[C@@H](c2cc(ccc2[C@@H]1NC(=O)C(=O)Nc3ccc(c(c3)F)Cl)CNC)CC[C@@H](CO)O,[H]/N=C(/N)NC[C@H]1[C@H](CC[C@H](O)CO)c2cc(CNC)ccc2[C@@H]1NC(=O)C(=O)Nc1ccc(Cl)c(F)c1,Components-smiles-stereo-oe.smi,<frozen-chemistry-source>,6
596,7IW,resolved,[H]/N=C(/N)\NC[C@H]1[C@@H](c2cc(ccc2[C@@H]1NC(=O)C(=O)Nc3ccc(c(c3)F)Cl)CNC)CC[C@H](CO)O,[H]/N=C(/N)NC[C@H]1[C@H](CC[C@@H](O)CO)c2cc(CNC)ccc2[C@@H]1NC(=O)C(=O)Nc1ccc(Cl)c(F)c1,Components-smiles-stereo-oe.smi,<frozen-chemistry-source>,1
1113,7MG,resolved,CN1CN(C2=C1C(=O)NC(=N2)N)[C@H]3[C@@H]([C@@H]([C@H](O3)COP(=O)(O)O)O)O,CN1CN([C@@H]2O[C@H](COP(=O)(O)O)[C@@H](O)[C@H]2O)c2nc(N)[nH]c(=O)c21,Components-smiles-stereo-oe.smi,<frozen-chemistry-source>,1
311,7N1,resolved,c1cc2c(cc1C#N)cc(cc2Oc3ccc(cc3OCCN4C=CC(=O)NC4=O)F)F,N#Cc1ccc2c(Oc3ccc(F)cc3OCCn3ccc(=O)[nH]c3=O)cc(F)cc2c1,Components-smiles-stereo-oe.smi,<frozen-chemistry-source>,8
673,7NV,resolved,CCCCNC(=O)[C@H](c1ccccc1)NC(=O)N(C)Cc2ccc3c(c2C(=O)O)OCO3,CCCCNC(=O)[C@@H](NC(=O)N(C)Cc1ccc2c(c1C(=O)O)OCO2)c1ccccc1,Components-smiles-stereo-oe.smi,<frozen-chemistry-source>,4
946,7O7,resolved,CC(C)CN(C[C@H]([C@H](Cc1ccccc1)NC(=O)O[C@H]2[C@@H]3C[C@@H]4[C@H]2CO[C@@H]4OC3)O)S(=O)(=O)c5ccc6c(c5)sc(n6)NC7CC7,CC(C)CN(C[C@@H](O)[C@H](Cc1ccccc1)NC(=O)O[C@H]1[C@H]2CO[C@H]3OC[C@@H]1[C@H]3C2)S(=O)(=O)c1ccc2nc(NC3CC3)sc2c1,Components-smiles-stereo-oe.smi,<frozen-chemistry-source>,5
346,7OA,resolved,CC(C)CN(C[C@H]([C@H](Cc1cc(cc(c1)F)F)NC(=O)O[C@H]2[C@@H]3C[C@@H]4[C@H]2CO[C@@H]4OC3)O)S(=O)(=O)c5ccc6c(c5)sc(n6)NC7CC7,CC(C)CN(C[C@@H](O)[C@H](Cc1cc(F)cc(F)c1)NC(=O)O[C@H]1[C@H]2CO[C@H]3OC[C@@H]1[C@H]3C2)S(=O)(=O)c1ccc2nc(NC3CC3)sc2c1,Components-smiles-stereo-oe.smi,<frozen-chemistry-source>,15
2532,7OK,resolved,C\1=CN(C(=O)N/C1=N/O)[C@H]2[C@@H]([C@@H]([C@H](O2)COP(=O)(O)O)O)O,O=c1[nH]/c(=N/O)ccn1[C@@H]1O[C@H](COP(=O)(O)O)[C@@H](O)[C@H]1O,Components-smiles-stereo-oe.smi,<frozen-chemistry-source>,1
2746,7ON,resolved,C1CCC(CC1)[C@@H](C(=O)N2C[C@@H]3CCC[C@@H]3[C@H]2C(=O)N[C@@H](C[C@@H]4CCNC4=O)[C@H](C(=O)NC5CCCC5)O)NC(=O)C(F)(F)F,O=C1NCC[C@H]1C[C@H](NC(=O)[C@@H]1[C@H]2CCC[C@H]2CN1C(=O)[C@@H](NC(=O)C(F)(F)F)C1CCCCC1)[C@@H](O)C(=O)NC1CCCC1,Components-smiles-stereo-oe.smi,<frozen-chemistry-source>,1
1400,7PD,resolved,C1=NC2=C(NC1=O)N=C(NC2=O)N,Nc1nc2[nH]c(=O)cnc2c(=O)[nH]1,Components-smiles-stereo-oe.smi,<frozen-chemistry-source>,3
712,7SK,resolved,CC(C)(C)O[C@@H](c1c(c2ccccc2n1C)c3ccc4c(c3)CCCO4)C(=O)O,Cn1c([C@H](OC(C)(C)C)C(=O)O)c(-c2ccc3c(c2)CCCO3)c2ccccc21,Components-smiles-stereo-oe.smi,<frozen-chemistry-source>,5
2953,7V2,resolved,CC(C)[C@@H](C(=O)N[C@@H](CC(C)(C)C)C(=O)N[C@@H](C[C@@H]1CCNC1=O)CO)NC(=O)OCc2ccccc2,CC(C)[C@H](NC(=O)OCc1ccccc1)C(=O)N[C@@H](CC(C)(C)C)C(=O)N[C@H](CO)C[C@@H]1CCNC1=O,Components-smiles-stereo-oe.smi,<frozen-chemistry-source>,1
2622,7VB,resolved,CC(C)[C@@H](C(=O)N[C@@H](CC(=C)C)C(=O)N[C@@H](C[C@@H]1CCNC1=O)CO)NC(=O)OCc2ccccc2,C=C(C)C[C@H](NC(=O)[C@@H](NC(=O)OCc1ccccc1)C(C)C)C(=O)N[C@H](CO)C[C@@H]1CCNC1=O,Components-smiles-stereo-oe.smi,<frozen-chemistry-source>,1
2954,7VI,resolved,CC(C)[C@@H](C(=O)N[C@@H](CC1CC1)C(=O)N[C@@H](C[C@@H]2CCNC2=O)CO)NC(=O)OCc3ccccc3,CC(C)[C@H](NC(=O)OCc1ccccc1)C(=O)N[C@@H](CC1CC1)C(=O)N[C@H](CO)C[C@@H]1CCNC1=O,Components-smiles-stereo-oe.smi,<frozen-chemistry-source>,1
2955,7VQ,resolved,CC(C)[C@@H](C(=O)N[C@@H](Cc1ccco1)C(=O)N[C@@H](C[C@@H]2CCNC2=O)CO)NC(=O)OCc3ccccc3,CC(C)[C@H](NC(=O)OCc1ccccc1)C(=O)N[C@@H](Cc1ccco1)C(=O)N[C@H](CO)C[C@@H]1CCNC1=O,Components-smiles-stereo-oe.smi,<frozen-chemistry-source>,1
2956,7VW,resolved,C[C@H]([C@@H](C(=O)N[C@@H](CC(C)(C)C)C(=O)N[C@@H](C[C@@H]1CCNC1=O)CO)NC(=O)OCc2ccccc2)OC(C)(C)C,C[C@@H](OC(C)(C)C)[C@H](NC(=O)OCc1ccccc1)C(=O)N[C@@H](CC(C)(C)C)C(=O)N[C@H](CO)C[C@@H]1CCNC1=O,Components-smiles-stereo-oe.smi,<frozen-chemistry-source>,1
2957,7W5,resolved,CC(C)(C)C[C@@H](C(=O)N[C@@H](C[C@@H]1CCNC1=O)CO)NC(=O)[C@H](C(C)(C)C)NC(=O)OCc2ccccc2,CC(C)(C)C[C@H](NC(=O)[C@@H](NC(=O)OCc1ccccc1)C(C)(C)C)C(=O)N[C@H](CO)C[C@@H]1CCNC1=O,Components-smiles-stereo-oe.smi,<frozen-chemistry-source>,1
2531,7WA,resolved,c1cc(c2c(c1)[nH]cn2)N,Nc1cccc2[nH]cnc12,Components-smiles-stereo-oe.smi,<frozen-chemistry-source>,1
2626,7XB,resolved,Cc1cc(ccc1NC2=NC(=O)N(C(=O)N2Cc3cc(c(c(c3)F)F)F)CC(=O)NC)OC(F)F,CNC(=O)Cn1c(=O)nc(Nc2ccc(OC(F)F)cc2C)n(Cc2cc(F)c(F)c(F)c2)c1=O,Components-smiles-stereo-oe.smi,<frozen-chemistry-source>,1
2958,7XK,resolved,CC(C)(C)C[C@@H](C(=O)N[C@@H](C[C@@H]1CCNC1=O)CO)NC(=O)[C@H](C2CC2)NC(=O)OCc3ccccc3,CC(C)(C)C[C@H](NC(=O)[C@@H](NC(=O)OCc1ccccc1)C1CC1)C(=O)N[C@H](CO)C[C@@H]1CCNC1=O,Components-smiles-stereo-oe.smi,<frozen-chemistry-source>,1
2959,7XT,resolved,CC(C)[C@@](C)(C(=O)N[C@@H](CC(C)(C)C)C(=O)N[C@@H](C[C@@H]1CCNC1=O)CO)NC(=O)OCc2ccccc2,CC(C)[C@](C)(NC(=O)OCc1ccccc1)C(=O)N[C@@H](CC(C)(C)C)C(=O)N[C@H](CO)C[C@@H]1CCNC1=O,Components-smiles-stereo-oe.smi,<frozen-chemistry-source>,1
2960,7Y2,resolved,CC(C)(C)C[C@@H](C(=O)N[C@@H](C[C@@H]1CCNC1=O)CO)NC(=O)C(C)(C)NC(=O)OCc2ccccc2,CC(C)(C)C[C@H](NC(=O)C(C)(C)NC(=O)OCc1ccccc1)C(=O)N[C@H](CO)C[C@@H]1CCNC1=O,Components-smiles-stereo-oe.smi,<frozen-chemistry-source>,1
2961,7YB,resolved,c1ccc(cc1)COC(=O)NC2(CC2)C(=O)N[C@@H](CC3CCCCC3)C(=O)N[C@@H](C[C@@H]4CCNC4=O)CO,O=C(NC1(C(=O)N[C@@H](CC2CCCCC2)C(=O)N[C@H](CO)C[C@@H]2CCNC2=O)CC1)OCc1ccccc1,Components-smiles-stereo-oe.smi,<frozen-chemistry-source>,1
2962,7YI,resolved,c1ccc(cc1)COC(=O)N[C@@H](C2CC2)C(=O)N[C@@H](CC3CC3)C(=O)N[C@@H](C[C@@H]4CCNC4=O)CO,O=C(N[C@H](C(=O)N[C@@H](CC1CC1)C(=O)N[C@H](CO)C[C@@H]1CCNC1=O)C1CC1)OCc1ccccc1,Components-smiles-stereo-oe.smi,<frozen-chemistry-source>,1
2963,7YQ,resolved,C[C@H]([C@@H](C(=O)N[C@@H](CC1CCCCC1)C(=O)N[C@@H](C[C@@H]2CCNC2=O)CO)NC(=O)OCc3cccc(c3)Cl)OC(C)(C)C,C[C@@H](OC(C)(C)C)[C@H](NC(=O)OCc1cccc(Cl)c1)C(=O)N[C@@H](CC1CCCCC1)C(=O)N[C@H](CO)C[C@@H]1CCNC1=O,Components-smiles-stereo-oe.smi,<frozen-chemistry-source>,1
2964,7YW,resolved,C[C@H]([C@@H](C(=O)N[C@@H](CC(C)C)C(=O)N[C@@H](C[C@@H]1CCNC1=O)CO)NC(=O)OCc2cccc(c2)Cl)OC(C)(C)C,CC(C)C[C@H](NC(=O)[C@@H](NC(=O)OCc1cccc(Cl)c1)[C@@H](C)OC(C)(C)C)C(=O)N[C@H](CO)C[C@@H]1CCNC1=O,Components-smiles-stereo-oe.smi,<frozen-chemistry-source>,1
2627,7YY,resolved,Cn1cc2cc(c(cc2n1)Cl)NC3=NC(=O)N(C(=O)N3Cc4cc(c(cc4F)F)F)Cc5ncn(n5)C,Cn1cnc(Cn2c(=O)nc(Nc3cc4cn(C)nc4cc3Cl)n(Cc3cc(F)c(F)cc3F)c2=O)n1,Components-smiles-stereo-oe.smi,<frozen-chemistry-source>,1
2965,7YZ,resolved,CC(C)[C@@H](C(=O)N[C@@H](CC1CCCCC1)C(=O)N[C@@H](C[C@@H]2CCNC2=O)CO)NC(=O)OCc3cccc(c3)Cl,CC(C)[C@H](NC(=O)OCc1cccc(Cl)c1)C(=O)N[C@@H](CC1CCCCC1)C(=O)N[C@H](CO)C[C@@H]1CCNC1=O,Components-smiles-stereo-oe.smi,<frozen-chemistry-source>,1
1462,7ZC,resolved,CN(C)Cc1c[nH]c2c1cc(cc2)OC,COc1ccc2[nH]cc(CN(C)C)c2c1,Components-smiles-stereo-oe.smi,<frozen-chemistry-source>,6
2966,800,resolved,CC(C)C[C@@H](C(=O)N[C@@H](C[C@@H]1CCNC1=O)CO)NC(=O)[C@H](C(C)C)NC(=O)c2cc3ccccc3[nH]2,CC(C)C[C@H](NC(=O)[C@@H](NC(=O)c1cc2ccccc2[nH]1)C(C)C)C(=O)N[C@H](CO)C[C@@H]1CCNC1=O,Components-smiles-stereo-oe.smi,<frozen-chemistry-source>,1
2628,80I,resolved,CC(C)C[C@@H](C(=O)N[C@@H](C[C@@H]1CCNC1=O)C(=O)COP(=O)(O)O)NC(=O)c2cc3c([nH]2)cccc3OC,COc1cccc2[nH]c(C(=O)N[C@@H](CC(C)C)C(=O)N[C@@H](C[C@@H]3CCNC3=O)C(=O)COP(=O)(O)O)cc12,Components-smiles-stereo-oe.smi,<frozen-chemistry-source>,1
2983,80X,resolved,CC(=O)N1CCNC(=O)[C@H]1CC(=O)Nc2cccc(c2)Cl,CC(=O)N1CCNC(=O)[C@H]1CC(=O)Nc1cccc(Cl)c1,Components-smiles-stereo-oe.smi,<frozen-chemistry-source>,1
2623,81L,resolved,CC(C)(C)[C@@H](C(=O)N[C@@H](CC1CC1)C(=O)N[C@@H](C[C@@H]2CCNC2=O)CO)NC(=O)OCc3ccccc3,CC(C)(C)[C@H](NC(=O)OCc1ccccc1)C(=O)N[C@@H](CC1CC1)C(=O)N[C@H](CO)C[C@@H]1CCNC1=O,Components-smiles-stereo-oe.smi,<frozen-chemistry-source>,1
557,82M,resolved,Cc1c(sc(n1)[C@H](CN)NC(=O)c2ccc([nH]2)c3ccc(c(c3)F)Cl)CO,Cc1nc([C@H](CN)NC(=O)c2ccc(-c3ccc(Cl)c(F)c3)[nH]2)sc1CO,Components-smiles-stereo-oe.smi,<frozen-chemistry-source>,4
632,833,resolved,Cn1c(cc(n1)c2ccc3c(c2)OCO3)N,Cn1nc(-c2ccc3c(c2)OCO3)cc1N,Components-smiles-stereo-oe.smi,<frozen-chemistry-source>,4
2760,83F,resolved,C[C@H]1C[C@H](N(C1)C(=O)[C@H](C(C)C)NC(=O)OC(C)(C)C)C(=O)N[C@@H](C[C@@H]2CCNC2=O)CO,CC(C)[C@H](NC(=O)OC(C)(C)C)C(=O)N1C[C@@H](C)C[C@H]1C(=O)N[C@H](CO)C[C@@H]1CCNC1=O,Components-smiles-stereo-oe.smi,<frozen-chemistry-source>,1
558,83G,resolved,C[C@@H]1CN(CCN1C(=O)C(=O)c2c[nH]c3c2c(ccn3)OC)C(=O)c4ccccc4,COc1ccnc2[nH]cc(C(=O)C(=O)N3CCN(C(=O)c4ccccc4)C[C@H]3C)c12,Components-smiles-stereo-oe.smi,<frozen-chemistry-source>,17
559,83J,resolved,Cc1ncn(n1)c2c3c(c(c[nH]3)C(=O)C(=O)N4CCN(CC4)C(=O)c5ccccc5)c(cn2)OC,COc1cnc(-n2cnc(C)n2)c2[nH]cc(C(=O)C(=O)N3CCN(C(=O)c4ccccc4)CC3)c12,Components-smiles-stereo-oe.smi,<frozen-chemistry-source>,11
2761,83N,resolved,CC(C)[C@@H](C(=O)N1C[C@H](C[C@H]1C(=O)N[C@@H](C[C@@H]2CCNC2=O)CO)OC)NC(=O)OC(C)(C)C,CO[C@H]1C[C@@H](C(=O)N[C@H](CO)C[C@@H]2CCNC2=O)N(C(=O)[C@@H](NC(=O)OC(C)(C)C)C(C)C)C1,Components-smiles-stereo-oe.smi,<frozen-chemistry-source>,1
2763,83W,resolved,C[C@H]([C@@H](C(=O)N1CCC[C@H]1C(=O)N[C@@H](C[C@@H]2CCNC2=O)CO)NC(=O)OC(C)(C)C)OC(C)(C)C,C[C@@H](OC(C)(C)C)[C@H](NC(=O)OC(C)(C)C)C(=O)N1CCC[C@H]1C(=O)N[C@H](CO)C[C@@H]1CCNC1=O,Components-smiles-stereo-oe.smi,<frozen-chemistry-source>,1
839,846,resolved,c1ccc(cc1)C[C@@H]2[C@@H]([C@H]([C@H](N(C(=O)N2Cc3cccc(c3)C(=O)Nc4nccs4)CC5CC5)Cc6ccccc6)O)O,O=C(Nc1nccs1)c1cccc(CN2C(=O)N(CC3CC3)[C@H](Cc3ccccc3)[C@H](O)[C@@H](O)[C@H]2Cc2ccccc2)c1,Components-smiles-stereo-oe.smi,<frozen-chemistry-source>,3
2762,84C,resolved,CC(C)[C@@H](C(=O)N1C[C@@H]2CCC[C@@H]2[C@H]1C(=O)N[C@@H](C[C@@H]3CCNC3=O)CO)NC(=O)OC(C)(C)C,CC(C)[C@H](NC(=O)OC(C)(C)C)C(=O)N1C[C@@H]2CCC[C@@H]2[C@H]1C(=O)N[C@H](CO)C[C@@H]1CCNC1=O,Components-smiles-stereo-oe.smi,<frozen-chemistry-source>,1
3026,85Y,resolved,c1ccc2cc(ccc2c1)CNC(=O)C3=CN(C(=O)NC3=O)[C@H]4C[C@@H]([C@H](O4)COP(=O)(O)O)O,O=C(NCc1ccc2ccccc2c1)c1cn([C@H]2C[C@H](O)[C@@H](COP(=O)(O)O)O2)c(=O)[nH]c1=O,Components-smiles-stereo-oe.smi,<frozen-chemistry-source>,1
1961,860,resolved,c1ccc2c(c1)cncc2NC(=O)Cc3cccc(c3)Cl,O=C(Cc1cccc(Cl)c1)Nc1cncc2ccccc12,Components-smiles-stereo-oe.smi,<frozen-chemistry-source>,5
2566,87H,resolved,C[C@H](c1cccc(c1)F)C(=O)Nc2cncc3c2cccc3,C[C@@H](C(=O)Nc1cncc2ccccc12)c1cccc(F)c1,Components-smiles-stereo-oe.smi,<frozen-chemistry-source>,1
947,8BG,resolved,CC(C)CN(C1(CC1)[C@H]([C@H](Cc2ccccc2)NC(=O)O[C@H]3CO[C@@H]4[C@H]3CCO4)O)S(=O)(=O)c5ccc(cc5)N,CC(C)CN(C1([C@@H](O)[C@H](Cc2ccccc2)NC(=O)O[C@H]2CO[C@H]3OCC[C@H]32)CC1)S(=O)(=O)c1ccc(N)cc1,Components-smiles-stereo-oe.smi,<frozen-chemistry-source>,3
1397,8EJ,resolved,Cc1ccc(cn1)C(=O)N,Cc1ccc(C(N)=O)cn1,Components-smiles-stereo-oe.smi,<frozen-chemistry-source>,3
948,8FM,resolved,CC(C)CN(C[C@H]([C@H](Cc1ccccc1)NC(=O)O[C@H]2[C@@H]3C[C@@H]4[C@H]2CO[C@@H]4OC3)O)S(=O)(=O)c5ccc(cc5)OC,COc1ccc(S(=O)(=O)N(CC(C)C)C[C@@H](O)[C@H](Cc2ccccc2)NC(=O)O[C@H]2[C@H]3CO[C@H]4OC[C@@H]2[C@H]4C3)cc1,Components-smiles-stereo-oe.smi,<frozen-chemistry-source>,5
949,8FP,resolved,Cc1csc(n1)[C@H]2CCCN2C(=O)c3cccc(c3)C(=O)N[C@@H](Cc4ccccc4)[C@@H](CN(CC(C)C)S(=O)(=O)c5ccc(cc5)OC)O,COc1ccc(S(=O)(=O)N(CC(C)C)C[C@@H](O)[C@H](Cc2ccccc2)NC(=O)c2cccc(C(=O)N3CCC[C@@H]3c3nc(C)cs3)c2)cc1,Components-smiles-stereo-oe.smi,<frozen-chemistry-source>,3
2967,8G9,resolved,CC1([C@@H]2[C@H]1[C@H](N(C2)C(=O)[C@H](C(C)(C)C)NC(=O)NC(C)(C)C)C(=O)N[C@@H](C[C@@H]3CCNC3=O)CO)C,CC(C)(C)NC(=O)N[C@H](C(=O)N1C[C@H]2[C@@H]([C@H]1C(=O)N[C@H](CO)C[C@@H]1CCNC1=O)C2(C)C)C(C)(C)C,Components-smiles-stereo-oe.smi,<frozen-chemistry-source>,1
2968,8GW,resolved,CC1([C@@H]2[C@H]1[C@H](N(C2)C(=O)[C@H](C(C)(C)C)NC(=O)NC(C)(C)C)C(=O)N[C@@H](C[C@@H]3CCNC3=O)[C@H](C(=O)NCC4CC4)O)C,CC(C)(C)NC(=O)N[C@H](C(=O)N1C[C@H]2[C@@H]([C@H]1C(=O)N[C@@H](C[C@@H]1CCNC1=O)[C@@H](O)C(=O)NCC1CC1)C2(C)C)C(C)(C)C,Components-smiles-stereo-oe.smi,<frozen-chemistry-source>,1
2969,8H3,resolved,CCCCNC(=O)[C@@H]([C@H](C[C@@H]1CCNC1=O)NC(=O)[C@@H]2[C@@H]3[C@@H](C3(C)C)CN2C(=O)[C@H](C(C)(C)C)NC(=O)NC(C)(C)C)O,CCCCNC(=O)[C@H](O)[C@H](C[C@@H]1CCNC1=O)NC(=O)[C@@H]1[C@@H]2[C@H](CN1C(=O)[C@@H](NC(=O)NC(C)(C)C)C(C)(C)C)C2(C)C,Components-smiles-stereo-oe.smi,<frozen-chemistry-source>,1
1359,8H8,resolved,c1cc(c(cc1O)F)C#N,N#Cc1ccc(O)cc1F,Components-smiles-stereo-oe.smi,<frozen-chemistry-source>,3
2970,8H9,resolved,CCCCCCNC(=O)[C@@H]([C@H](C[C@@H]1CCNC1=O)NC(=O)[C@@H]2[C@@H]3[C@@H](C3(C)C)CN2C(=O)[C@H](C(C)(C)C)NC(=O)NC(C)(C)C)O,CCCCCCNC(=O)[C@H](O)[C@H](C[C@@H]1CCNC1=O)NC(=O)[C@@H]1[C@@H]2[C@H](CN1C(=O)[C@@H](NC(=O)NC(C)(C)C)C(C)(C)C)C2(C)C,Components-smiles-stereo-oe.smi,<frozen-chemistry-source>,1
950,8HD,resolved,Cc1coc(n1)CN(C)C(=O)c2cccc(c2)C(=O)N[C@@H](Cc3ccccc3)[C@@H](CN(CC(C)C)S(=O)(=O)c4ccc(cc4)CO)O,Cc1coc(CN(C)C(=O)c2cccc(C(=O)N[C@@H](Cc3ccccc3)[C@H](O)CN(CC(C)C)S(=O)(=O)c3ccc(CO)cc3)c2)n1,Components-smiles-stereo-oe.smi,<frozen-chemistry-source>,3
2971,8I0,resolved,CC1([C@@H]2[C@H]1[C@H](N(C2)C(=O)[C@H](C(C)(C)C)NC(=O)NC(C)(C)C)C(=O)N[C@@H](C[C@@H]3CCNC3=O)[C@H](C(=O)NCc4ccccc4)O)C,CC(C)(C)NC(=O)N[C@H](C(=O)N1C[C@H]2[C@@H]([C@H]1C(=O)N[C@@H](C[C@@H]1CCNC1=O)[C@@H](O)C(=O)NCc1ccccc1)C2(C)C)C(C)(C)C,Components-smiles-stereo-oe.smi,<frozen-chemistry-source>,1
2974,8I7,resolved,CC(C)CC(=O)N[C@H](C(=O)N1C[C@H]2[C@@H]([C@H]1C(=O)N[C@@H](C[C@@H]3CCNC3=O)CO)C2(C)C)C(C)(C)C,CC(C)CC(=O)N[C@H](C(=O)N1C[C@H]2[C@@H]([C@H]1C(=O)N[C@H](CO)C[C@@H]1CCNC1=O)C2(C)C)C(C)(C)C,Components-smiles-stereo-oe.smi,<frozen-chemistry-source>,1
1004,8LT,resolved,C[C@@H](CO)Oc1cc(ccc1[C@@]2([C@H](CN(C2=O)Cc3ccc(cc3)OC)O)CCC(C)C)S(=O)(=O)C,COc1ccc(CN2C[C@H](O)[C@@](CCC(C)C)(c3ccc(S(C)(=O)=O)cc3O[C@@H](C)CO)C2=O)cc1,Components-smiles-stereo-oe.smi,<frozen-chemistry-source>,3
675,8P3,resolved,c1ccc2c(c1)CC(=O)N2Cc3ccccc3C(=O)O,O=C(O)c1ccccc1CN1C(=O)Cc2ccccc21,Components-smiles-stereo-oe.smi,<frozen-chemistry-source>,4
92,8SP,resolved,CCCCCCCC(=O)OC[C@H](COP(=O)(O)OC[C@@H](C(=O)O)N)OC(=O)CCCCCCC,CCCCCCCC(=O)OC[C@H](COP(=O)(O)OC[C@H](N)C(=O)O)OC(=O)CCCCCCC,Components-smiles-stereo-oe.smi,<frozen-chemistry-source>,3
2975,8T6,resolved,CC(C)(C)C[C@@H](C(=O)N[C@@H](C[C@@H]1CCNC1=O)CO)NC(=O)c2cc3ccccc3[nH]2,CC(C)(C)C[C@H](NC(=O)c1cc2ccccc2[nH]1)C(=O)N[C@H](CO)C[C@@H]1CCNC1=O,Components-smiles-stereo-oe.smi,<frozen-chemistry-source>,1
2976,8UI,resolved,CC(C)(C)C[C@@H](C(=O)N[C@@H](C[C@@H]1CCNC1=O)CO)NC(=O)c2cc3c([nH]2)cccc3OC,COc1cccc2[nH]c(C(=O)N[C@@H](CC(C)(C)C)C(=O)N[C@H](CO)C[C@@H]3CCNC3=O)cc12,Components-smiles-stereo-oe.smi,<frozen-chemistry-source>,1
955,8Z0,resolved,Cc1cccc(c1CNC(=O)[C@@H]2C(SCN2C(=O)[C@H]([C@H](Cc3ccccc3)NC(=O)[C@H]([C@H]4CCOC4)NC(=O)c5cc6cccc(c6o5)OC)O)(C)C)C,COc1cccc2cc(C(=O)N[C@H](C(=O)N[C@@H](Cc3ccccc3)[C@H](O)C(=O)N3CSC(C)(C)[C@H]3C(=O)NCc3c(C)cccc3C)[C@H]3CCOC3)oc12,Components-smiles-stereo-oe.smi,<frozen-chemistry-source>,5
749,8Z3,resolved,Cc1ccc(c(c1)O)c2c(c-3c(c(c2[C@@H](C(=O)O)OC(C)(C)C)C)N(Cc4c3c(ccc4)F)S(=O)(=O)C)C,Cc1ccc(-c2c(C)c3c(c(C)c2[C@H](OC(C)(C)C)C(=O)O)N(S(C)(=O)=O)Cc2cccc(F)c2-3)c(O)c1,Components-smiles-stereo-oe.smi,<frozen-chemistry-source>,3
1086,8ZI,resolved,CC1([C@@H]2[C@H]1[C@H](N(C2)C(=O)[C@H](C(C)(C)C)NC(=O)CC(C)(C)C)C(=O)N[C@@H](C[C@@H]3CCNC3=O)[C@H](C(=O)N)O)C,CC(C)(C)CC(=O)N[C@H](C(=O)N1C[C@H]2[C@@H]([C@H]1C(=O)N[C@@H](C[C@@H]1CCNC1=O)[C@@H](O)C(N)=O)C2(C)C)C(C)(C)C,Components-smiles-stereo-oe.smi,<frozen-chemistry-source>,1
1087,90H,resolved,CC1([C@@H]2[C@H]1[C@H](N(C2)C(=O)[C@H](C(C)(C)C)NC(=O)C(F)(F)F)C(=O)N[C@@H](C[C@@H]3CCNC3=O)[C@H](C(=O)NC)O)C,CNC(=O)[C@H](O)[C@H](C[C@@H]1CCNC1=O)NC(=O)[C@@H]1[C@@H]2[C@H](CN1C(=O)[C@@H](NC(=O)C(F)(F)F)C(C)(C)C)C2(C)C,Components-smiles-stereo-oe.smi,<frozen-chemistry-source>,1
2535,90I,resolved,c1ccc(cc1)CCNC(=O)[C@@H]([C@H](C[C@@H]2CCNC2=O)NC(=O)[C@@H]3CCCN3C(=O)OCc4ccccc4)O,O=C1NCC[C@H]1C[C@H](NC(=O)[C@@H]1CCCN1C(=O)OCc1ccccc1)[C@@H](O)C(=O)NCCc1ccccc1,Components-smiles-stereo-oe.smi,<frozen-chemistry-source>,1
2568,90U,resolved,CC1([C@@H]2[C@H]1[C@H](N(C2)C(=O)OCc3ccccc3)C(=O)N[C@@H](C[C@@H]4CCNC4=O)[C@H](C(=O)N)O)C,CC1(C)[C@@H]2[C@@H](C(=O)N[C@@H](C[C@@H]3CCNC3=O)[C@@H](O)C(N)=O)N(C(=O)OCc3ccccc3)C[C@@H]21,Components-smiles-stereo-oe.smi,<frozen-chemistry-source>,1
2536,90X,resolved,c1ccc(cc1)CCNC(=O)[C@@H]([C@H](C[C@@H]2CCNC2=O)NC(=O)[C@@H]3CCCN3C(=O)COc4ccc(cc4Cl)Cl)O,O=C1NCC[C@H]1C[C@H](NC(=O)[C@@H]1CCCN1C(=O)COc1ccc(Cl)cc1Cl)[C@@H](O)C(=O)NCCc1ccccc1,Components-smiles-stereo-oe.smi,<frozen-chemistry-source>,1
166,914,resolved,c1nc(c2c(n1)n(cn2)[C@H]3C(=C[C@H](O3)OC[P@@](=O)(O)O[P@](=O)(O)OP(=O)(O)O)F)N,Nc1ncnc2c1ncn2[C@@H]1O[C@H](OC[P@@](=O)(O)O[P@](=O)(O)OP(=O)(O)O)C=C1F,Components-smiles-stereo-oe.smi,<frozen-chemistry-source>,3
2569,91I,resolved,CC1([C@@H]2[C@H]1[C@H](N(C2)C(=O)CCc3ccccc3)C(=O)N[C@@H](C[C@@H]4CCNC4=O)[C@H](C(=O)N)O)C,CC1(C)[C@@H]2[C@@H](C(=O)N[C@@H](C[C@@H]3CCNC3=O)[C@@H](O)C(N)=O)N(C(=O)CCc3ccccc3)C[C@@H]21,Components-smiles-stereo-oe.smi,<frozen-chemistry-source>,1
2570,91Z,resolved,CC1([C@@H]2[C@H]1[C@H](N(C2)C(=O)CNc3c(cc(cc3F)F)F)C(=O)N[C@@H](C[C@@H]4CCNC4=O)[C@H](C(=O)N)O)C,CC1(C)[C@@H]2[C@@H](C(=O)N[C@@H](C[C@@H]3CCNC3=O)[C@@H](O)C(N)=O)N(C(=O)CNc3c(F)cc(F)cc3F)C[C@@H]21,Components-smiles-stereo-oe.smi,<frozen-chemistry-source>,1
2645,92G,resolved,c1cc(ccc1c2csc(n2)N)O,Nc1nc(-c2ccc(O)cc2)cs1,Components-smiles-stereo-oe.smi,<frozen-chemistry-source>,1
1824,93J,resolved,CCOc1cc2c(cc1NC(=O)/C=C/CN(C)C)c(c(cn2)C#N)Nc3ccc(c(c3)Cl)F,CCOc1cc2ncc(C#N)c(Nc3ccc(F)c(Cl)c3)c2cc1NC(=O)/C=C/CN(C)C,Components-smiles-stereo-oe.smi,<frozen-chemistry-source>,3
720,940,resolved,Cc1ccc(cc1C)c2c(c(c(c(c2NS(=O)(=O)C)C)[C@@H](C(=O)O)OC(C)(C)C)c3ccc4c(c3)NCCO4)C,Cc1ccc(-c2c(C)c(-c3ccc4c(c3)NCCO4)c([C@H](OC(C)(C)C)C(=O)O)c(C)c2NS(C)(=O)=O)cc1C,Components-smiles-stereo-oe.smi,<frozen-chemistry-source>,3
635,976,resolved,CCC[C@@H](c1c(nc2ccc(cc2c1c3ccccc3)Cl)C)C(=O)O,CCC[C@H](C(=O)O)c1c(C)nc2ccc(Cl)cc2c1-c1ccccc1,Components-smiles-stereo-oe.smi,<frozen-chemistry-source>,3
2571,99W,resolved,[H]/N=C\[C@H](C[C@@H]1CCNC1=O)NC(=O)[C@H](CC(C)C)NC(=O)CNc2c(cc(cc2F)F)F,[H]/N=C\[C@H](C[C@@H]1CCNC1=O)NC(=O)[C@H](CC(C)C)NC(=O)CNc1c(F)cc(F)cc1F,Components-smiles-stereo-oe.smi,<frozen-chemistry-source>,1
952,9AY,resolved,Cc1ccc(c(c1)N)N,Cc1ccc(N)c(N)c1,Components-smiles-stereo-oe.smi,<frozen-chemistry-source>,3
2572,9EI,resolved,c1ccc2c(c1)cccc2NC(=O)c3cc(cnc3)N,Nc1cncc(C(=O)Nc2cccc3ccccc23)c1,Components-smiles-stereo-oe.smi,<frozen-chemistry-source>,1
2991,9FF,resolved,c1ccc2c(c1)cc([nH]2)C=O,O=Cc1cc2ccccc2[nH]1,Components-smiles-stereo-oe.smi,<frozen-chemistry-source>,1
2574,9GI,resolved,CCC(=O)N(C[C@@H]1CCNC1=O)NC(=O)[C@H](CC2CCCCC2)NC(=O)[C@H]([C@@H](C)OC(C)(C)C)NC(=O)OCc3ccccc3,CCC(=O)N(C[C@@H]1CCNC1=O)NC(=O)[C@H](CC1CCCCC1)NC(=O)[C@@H](NC(=O)OCc1ccccc1)[C@@H](C)OC(C)(C)C,Components-smiles-stereo-oe.smi,<frozen-chemistry-source>,1
2576,9HA,resolved,C[C@H]([C@@H](C(=O)N[C@@H](CC1CCCCC1)C(=O)NN(CCC(=O)N)C(=O)C)NC(=O)OCc2ccccc2)OC(C)(C)C,CC(=O)N(CCC(N)=O)NC(=O)[C@H](CC1CCCCC1)NC(=O)[C@@H](NC(=O)OCc1ccccc1)[C@@H](C)OC(C)(C)C,Components-smiles-stereo-oe.smi,<frozen-chemistry-source>,1
319,9HY,resolved,Cc1c2cc(ccc2c(cc1Oc3ccccc3OCCN4C=CC(=O)NC4=O)N(C)C(=O)C)C#N,CC(=O)N(C)c1cc(Oc2ccccc2OCCn2ccc(=O)[nH]c2=O)c(C)c2cc(C#N)ccc12,Components-smiles-stereo-oe.smi,<frozen-chemistry-source>,5
744,9I4,resolved,Cc1ccc2c(c1)c(c(o2)C#Cc3cccc(c3)CN4CCN(CC4)CCNC(=O)c5cccc(c5)C#Cc6c(c7cc(ccc7o6)C)CC(=O)O)CC(=O)O,Cc1ccc2oc(C#Cc3cccc(CN4CCN(CCNC(=O)c5cccc(C#Cc6oc7ccc(C)cc7c6CC(=O)O)c5)CC4)c3)c(CC(=O)O)c2c1,Components-smiles-stereo-oe.smi,<frozen-chemistry-source>,3
318,9J1,resolved,CCC(=O)N(C)c1cc(c(c2c1ccc(c2)C#N)C)Oc3ccccc3OCCN4C=CC(=O)NC4=O,CCC(=O)N(C)c1cc(Oc2ccccc2OCCn2ccc(=O)[nH]c2=O)c(C)c2cc(C#N)ccc12,Components-smiles-stereo-oe.smi,<frozen-chemistry-source>,5
314,9JP,resolved,Cc1c2cc(ccc2c(cc1Oc3ccccc3OCCN4C=CC(=O)NC4=O)N(C)C(=O)CF)C#N,Cc1c(Oc2ccccc2OCCn2ccc(=O)[nH]c2=O)cc(N(C)C(=O)CF)c2ccc(C#N)cc12,Components-smiles-stereo-oe.smi,<frozen-chemistry-source>,5
2475,9JT,resolved,c1ccc(cc1)NC(=O)c2ccccc2[SeH],O=C(Nc1ccccc1)c1ccccc1[SeH],Components-smiles-stereo-oe.smi,<frozen-chemistry-source>,7
317,9K7,resolved,Cc1c2cc(ccc2c(cc1Oc3ccccc3OCCN4C=CC(=O)NC4=O)N(C)C(=O)CCl)C#N,Cc1c(Oc2ccccc2OCCn2ccc(=O)[nH]c2=O)cc(N(C)C(=O)CCl)c2ccc(C#N)cc12,Components-smiles-stereo-oe.smi,<frozen-chemistry-source>,3
316,9KD,resolved,Cc1c2cc(ccc2c(cc1Oc3ccccc3OCCN4C=CC(=O)NC4=O)NC(=O)C=C)C#N,C=CC(=O)Nc1cc(Oc2ccccc2OCCn2ccc(=O)[nH]c2=O)c(C)c2cc(C#N)ccc12,Components-smiles-stereo-oe.smi,<frozen-chemistry-source>,5
315,9KG,resolved,Cc1c2cc(ccc2c(cc1Oc3ccccc3OCCN4C=CC(=O)NC4=O)N(C)C(=O)C=C)C#N,C=CC(=O)N(C)c1cc(Oc2ccccc2OCCn2ccc(=O)[nH]c2=O)c(C)c2cc(C#N)ccc12,Components-smiles-stereo-oe.smi,<frozen-chemistry-source>,3
2769,9M5,resolved,CC(C)(C)c1ccc(cc1)N([C@@H](c2cccnc2)C(=O)NC3CCCCC3)C(=O)c4c[nH]cn4,CC(C)(C)c1ccc(N(C(=O)c2c[nH]cn2)[C@H](C(=O)NC2CCCCC2)c2cccnc2)cc1,Components-smiles-stereo-oe.smi,<frozen-chemistry-source>,1
658,9NS,resolved,C=CCN(Cc1ccccc1C(=O)NCc2ccco2)Cc3ccc4c(c3C(=O)O)OC[C@@H](O4)CCC(=O)O,C=CCN(Cc1ccccc1C(=O)NCc1ccco1)Cc1ccc2c(c1C(=O)O)OC[C@H](CCC(=O)O)O2,Components-smiles-stereo-oe.smi,<frozen-chemistry-source>,4
2564,9OW,resolved,C([C@@H](C(=O)N)N)[SeH],NC(=O)[C@@H](N)C[SeH],Components-smiles-stereo-oe.smi,<frozen-chemistry-source>,1
695,9PA,resolved,CC(C)C[C@@H](Cc1ccc2c(c1C(=O)O)OCO2)CNC(=O)CCCCN,CC(C)C[C@H](CNC(=O)CCCCN)Cc1ccc2c(c1C(=O)O)OCO2,Components-smiles-stereo-oe.smi,<frozen-chemistry-source>,3
410,9PJ,resolved,Cc1c(cc(cc1OC2=C(N=CN(C2=O)CC3C=C(C(=O)N=C3C)F)C(C(F)F)(F)F)C(F)F)C#N,CC1=NC(=O)C(F)=CC1Cn1cnc(C(F)(F)C(F)F)c(Oc2cc(C(F)F)cc(C#N)c2C)c1=O,Components-smiles-stereo-oe.smi,<frozen-chemistry-source>,3
409,9QI,resolved,Cc1c(cc(cc1OC2=C(N=CN(C2=O)CC3=CC(=CNC3=O)F)C(C(F)F)(F)F)C(F)F)C#N,Cc1c(C#N)cc(C(F)F)cc1Oc1c(C(F)(F)C(F)F)ncn(Cc2cc(F)c[nH]c2=O)c1=O,Components-smiles-stereo-oe.smi,<frozen-chemistry-source>,3
320,9TV,resolved,c1cnc(nc1)CCC(=O)Nc2cc(n[nH]2)c3ccc4c(c3)CCCC4,O=C(CCc1ncccn1)Nc1cc(-c2ccc3c(c2)CCCC3)n[nH]1,Components-smiles-stereo-oe.smi,<frozen-chemistry-source>,3
413,9UV,resolved,c1cc(c(cc1OCCN2CCOCC2)OCCN3C=CC(=O)NC3=O)Oc4cc(cc(c4)Cl)/C=C/C#N,N#C/C=C/c1cc(Cl)cc(Oc2ccc(OCCN3CCOCC3)cc2OCCn2ccc(=O)[nH]c2=O)c1,Components-smiles-stereo-oe.smi,<frozen-chemistry-source>,3
411,9VI,resolved,Cn1c2c(ccc(c2c(n1)NS(=O)(=O)C)Cl)N3C(=O)c4cccnc4N=C3[C@H](Cc5cc(cc(c5)F)F)NC(=O)Cn6c7c(c(n6)C(F)(F)F)C=CCC7,Cn1nc(NS(C)(=O)=O)c2c(Cl)ccc(-n3c([C@H](Cc4cc(F)cc(F)c4)NC(=O)Cn4nc(C(F)(F)F)c5c4CCC=C5)nc4ncccc4c3=O)c21,Components-smiles-stereo-oe.smi,<frozen-chemistry-source>,3
716,9VK,resolved,Cc1c(c(c(s1)c2ccccn2)C3=CCC(CC3)(C)C)[C@@H](C(=O)O)OC(C)(C)C,Cc1sc(-c2ccccn2)c(C2=CCC(C)(C)CC2)c1[C@H](OC(C)(C)C)C(=O)O,Components-smiles-stereo-oe.smi,<frozen-chemistry-source>,5
715,9VN,resolved,Cc1c(c(c(s1)c2ccncc2)C3=CCC(CC3)(C)C)[C@@H](C(=O)O)OC(C)(C)C,Cc1sc(-c2ccncc2)c(C2=CCC(C)(C)CC2)c1[C@H](OC(C)(C)C)C(=O)O,Components-smiles-stereo-oe.smi,<frozen-chemistry-source>,5
416,9W3,resolved,Cc1cc(cc(c1Nc2nc(nc(n2)OCCCN3CCOCC3)Nc4ccc(cc4)C#N)C)/C=C/C#N,Cc1cc(/C=C/C#N)cc(C)c1Nc1nc(Nc2ccc(C#N)cc2)nc(OCCCN2CCOCC2)n1,Components-smiles-stereo-oe.smi,<frozen-chemistry-source>,7
414,9WI,resolved,Cc1cc2cc(cn2c(c1Nc3ccnc(n3)Nc4ccc(cc4)C#N)C)C#N,Cc1cc2cc(C#N)cn2c(C)c1Nc1ccnc(Nc2ccc(C#N)cc2)n1,Components-smiles-stereo-oe.smi,<frozen-chemistry-source>,3
412,9WW,resolved,Cn1c2c(ccc(c2c(n1)NS(=O)(=O)C)Cl)N3C(=O)c4ccccc4N=C3[C@H](Cc5cc(cc(c5)F)F)NC(=O)Cn6c-7cccc7c([nH]6)C(F)F,Cn1nc(NS(C)(=O)=O)c2c(Cl)ccc(-n3c([C@H](Cc4cc(F)cc(F)c4)NC(=O)Cn4[nH]c(C(F)F)c5cccc4-5)nc4ccccc4c3=O)c21,Components-smiles-stereo-oe.smi,<frozen-chemistry-source>,3
215,9Y9,resolved,C[C@H]1Cc2cc(ccc2S(=O)(=O)[N@@](C1)C[C@H]([C@H](Cc3ccccc3)NC(=O)OC(C)(C)C)O)F,C[C@H]1Cc2cc(F)ccc2S(=O)(=O)N(C[C@@H](O)[C@H](Cc2ccccc2)NC(=O)OC(C)(C)C)C1,Components-smiles-stereo-oe.smi,<frozen-chemistry-source>,4
776,A00,resolved,CC(C)CN([C@@H](CCCCNC(=O)[C@H](C(c1ccccc1)c2ccccc2)NC(=O)OC)CO)S(=O)(=O)c3ccc(cc3)N,COC(=O)N[C@H](C(=O)NCCCC[C@@H](CO)N(CC(C)C)S(=O)(=O)c1ccc(N)cc1)C(c1ccccc1)c1ccccc1,Components-smiles-stereo-oe.smi,<frozen-chemistry-source>,4
853,A1A,resolved,CC(C)[C@@H](C(=O)N[N@](Cc1ccccc1)C[C@@](Cc2ccccc2)(C(=O)N[C@H]3c4ccccc4C[C@H]3O)O)NC(=O)OC,COC(=O)N[C@H](C(=O)NN(Cc1ccccc1)C[C@@](O)(Cc1ccccc1)C(=O)N[C@H]1c2ccccc2C[C@H]1O)C(C)C,Components-smiles-stereo-oe.smi,<frozen-chemistry-source>,3
2838,A1AA0,resolved,[H]/N=C/[C@@H]1C[C@]2(CN1C(=O)[C@H](CC(C)C)N(C)C(=O)c3cc4c(cc(c(c4[nH]3)F)F)F)c5ccccc5NC2=O,[H]/N=C/[C@@H]1C[C@@]2(CN1C(=O)[C@H](CC(C)C)N(C)C(=O)c1cc3c(F)cc(F)c(F)c3[nH]1)C(=O)Nc1ccccc12,Components-smiles-stereo-oe.smi,<frozen-chemistry-source>,1
1012,A1AAD,resolved,[H]/N=C\1/N[C@](C(=O)N1[C@H](COC(=O)NC2(CC2)C(F)F)c3ccc(c(c3)c4ncnn4C(F)F)Cl)(CC(C)(C)C(F)(F)F)c5ccc(cc5)c6cnn(n6)C7CC7,[H]/N=C1/N[C@](CC(C)(C)C(F)(F)F)(c2ccc(-c3cnn(C4CC4)n3)cc2)C(=O)N1[C@H](COC(=O)NC1(C(F)F)CC1)c1ccc(Cl)c(-c2ncnn2C(F)F)c1,Components-smiles-stereo-oe.smi,<frozen-chemistry-source>,1
2840,A1AD0,resolved,CC1([C@@H]2[C@H]1[C@H](N(C2)C(=O)C3(CC3)c4ccccc4)C(=O)N[C@@H](C[C@@H]5CCNC5=O)CO)C,CC1(C)[C@@H]2[C@@H](C(=O)N[C@H](CO)C[C@@H]3CCNC3=O)N(C(=O)C3(c4ccccc4)CC3)C[C@@H]21,Components-smiles-stereo-oe.smi,<frozen-chemistry-source>,1
2839,A1ADM,resolved,CC1(C[C@H](N(C1)C(=O)c2cc3ccccc3[nH]2)C(=O)N[C@@H](C[C@@H]4CCNC4=O)CO)C,CC1(C)C[C@@H](C(=O)N[C@H](CO)C[C@@H]2CCNC2=O)N(C(=O)c2cc3ccccc3[nH]2)C1,Components-smiles-stereo-oe.smi,<frozen-chemistry-source>,1
2823,A1ADS,resolved,CC(C)C[C@@H](C(=O)N[C@H](C[C@H]1CCOC1=O)C[C@@H]2CCCO2)NC(=O)[C@H](Cc3ccc(cc3)F)NC(=O)OCc4ccccc4,CC(C)C[C@H](NC(=O)[C@H](Cc1ccc(F)cc1)NC(=O)OCc1ccccc1)C(=O)N[C@@H](C[C@@H]1CCCO1)C[C@H]1CCOC1=O,Components-smiles-stereo-oe.smi,<frozen-chemistry-source>,1
2849,A1AGA,resolved,CC(C)C[C@@H](C(=O)N[C@@H](C[C@@H]1CCNC1=O)[C@@H](O)S(=O)(=O)O)NC(=O)OC[C@@H]2CCC(=O)N2Cc3cccc(c3)F,CC(C)C[C@H](NC(=O)OC[C@@H]1CCC(=O)N1Cc1cccc(F)c1)C(=O)N[C@@H](C[C@@H]1CCNC1=O)[C@@H](O)S(=O)(=O)O,Components-smiles-stereo-oe.smi,<frozen-chemistry-source>,1
2848,A1AGB,resolved,CC(C)C[C@@H](C(=O)N[C@@H](C[C@@H]1CCNC1=O)C(O)S(=O)(=O)O)NC(=O)OC[C@@H]2CCC(=O)N2Cc3cccc(c3)F,CC(C)C[C@H](NC(=O)OC[C@@H]1CCC(=O)N1Cc1cccc(F)c1)C(=O)N[C@@H](C[C@@H]1CCNC1=O)C(O)S(=O)(=O)O,Components-smiles-stereo-oe.smi,<frozen-chemistry-source>,1
2846,A1AGE,resolved,CC(C)C[C@@H](C(=O)N[C@@H](C[C@@H]1CCNC1=O)C(O)S(=O)(=O)O)NC(=O)OC[C@@H]2CCC(=O)N2Cc3ccccc3,CC(C)C[C@H](NC(=O)OC[C@@H]1CCC(=O)N1Cc1ccccc1)C(=O)N[C@@H](C[C@@H]1CCNC1=O)C(O)S(=O)(=O)O,Components-smiles-stereo-oe.smi,<frozen-chemistry-source>,1
2847,A1AGF,resolved,CC(C)C[C@@H](C(=O)N[C@@H](C[C@@H]1CCNC1=O)C(O)S(=O)(=O)O)NC(=O)OC[C@@H]2CCC(=O)N2Cc3ccccc3,CC(C)C[C@H](NC(=O)OC[C@@H]1CCC(=O)N1Cc1ccccc1)C(=O)N[C@@H](C[C@@H]1CCNC1=O)C(O)S(=O)(=O)O,Components-smiles-stereo-oe.smi,<frozen-chemistry-source>,1
2852,A1AGG,resolved,CC(C)C[C@@H](C(=O)N[C@@H](C[C@@H]1CCNC1=O)C(O)S(=O)(=O)O)NC(=O)OC[C@@H]2CCC(=O)N2CCc3ccccc3,CC(C)C[C@H](NC(=O)OC[C@@H]1CCC(=O)N1CCc1ccccc1)C(=O)N[C@@H](C[C@@H]1CCNC1=O)C(O)S(=O)(=O)O,Components-smiles-stereo-oe.smi,<frozen-chemistry-source>,1
2850,A1AGI,resolved,CC(C)C[C@@H](C(=O)N[C@@H](C[C@@H]1CCNC1=O)C(O)S(=O)(=O)O)NC(=O)OC[C@@H]2CCC(=O)N2Cc3cccc(c3)Cl,CC(C)C[C@H](NC(=O)OC[C@@H]1CCC(=O)N1Cc1cccc(Cl)c1)C(=O)N[C@@H](C[C@@H]1CCNC1=O)C(O)S(=O)(=O)O,Components-smiles-stereo-oe.smi,<frozen-chemistry-source>,1
2851,A1AGJ,resolved,CC(C)C[C@@H](C(=O)N[C@@H](C[C@@H]1CCNC1=O)C(O)S(=O)(=O)O)NC(=O)OC[C@@H]2CCC(=O)N2Cc3cccc(c3)Cl,CC(C)C[C@H](NC(=O)OC[C@@H]1CCC(=O)N1Cc1cccc(Cl)c1)C(=O)N[C@@H](C[C@@H]1CCNC1=O)C(O)S(=O)(=O)O,Components-smiles-stereo-oe.smi,<frozen-chemistry-source>,1
2856,A1AGK,resolved,CC(C)C[C@@H](C(=O)N[C@@H](C[C@@H]1CCNC1=O)C(O)S(=O)(=O)O)NC(=O)OC[C@@H]2CCC(=O)N2CCC3CCCCC3,CC(C)C[C@H](NC(=O)OC[C@@H]1CCC(=O)N1CCC1CCCCC1)C(=O)N[C@@H](C[C@@H]1CCNC1=O)C(O)S(=O)(=O)O,Components-smiles-stereo-oe.smi,<frozen-chemistry-source>,1
2857,A1AGL,resolved,CC(C)C[C@@H](C(=O)N[C@@H](C[C@@H]1CCNC1=O)C(O)S(=O)(=O)O)NC(=O)OC[C@@H]2CCC(=O)N2CCC3CCCCC3,CC(C)C[C@H](NC(=O)OC[C@@H]1CCC(=O)N1CCC1CCCCC1)C(=O)N[C@@H](C[C@@H]1CCNC1=O)C(O)S(=O)(=O)O,Components-smiles-stereo-oe.smi,<frozen-chemistry-source>,1
2859,A1AGM,resolved,CC(C)C[C@@H](C(=O)N[C@@H](C[C@@H]1CCNC1=O)[C@H](O)S(=O)(=O)O)NC(=O)OC[C@@H]2CCC(=O)N2C[C@H]3C[C@@H]4CC[C@H]3C4,CC(C)C[C@H](NC(=O)OC[C@@H]1CCC(=O)N1C[C@H]1C[C@@H]2CC[C@H]1C2)C(=O)N[C@@H](C[C@@H]1CCNC1=O)[C@H](O)S(=O)(=O)O,Components-smiles-stereo-oe.smi,<frozen-chemistry-source>,1
2858,A1AGN,resolved,CC(C)C[C@@H](C(=O)N[C@@H](C[C@@H]1CCNC1=O)[C@@H](O)S(=O)(=O)O)NC(=O)OC[C@@H]2CCC(=O)N2C[C@H]3C[C@@H]4CC[C@H]3C4,CC(C)C[C@H](NC(=O)OC[C@@H]1CCC(=O)N1C[C@H]1C[C@@H]2CC[C@H]1C2)C(=O)N[C@@H](C[C@@H]1CCNC1=O)[C@@H](O)S(=O)(=O)O,Components-smiles-stereo-oe.smi,<frozen-chemistry-source>,1
2860,A1AGO,resolved,CC(C)C[C@@H](C(=O)N[C@@H](C[C@@H]1CCNC1=O)C(O)S(=O)(=O)O)NC(=O)OC[C@@H]2CCC(=O)N2CC3CCC(CC3)(F)F,CC(C)C[C@H](NC(=O)OC[C@@H]1CCC(=O)N1CC1CCC(F)(F)CC1)C(=O)N[C@@H](C[C@@H]1CCNC1=O)C(O)S(=O)(=O)O,Components-smiles-stereo-oe.smi,<frozen-chemistry-source>,1
2861,A1AGP,resolved,CC(C)C[C@@H](C(=O)N[C@@H](C[C@@H]1CCNC1=O)C(O)S(=O)(=O)O)NC(=O)OC[C@@H]2CCC(=O)N2CC3CCC(CC3)(F)F,CC(C)C[C@H](NC(=O)OC[C@@H]1CCC(=O)N1CC1CCC(F)(F)CC1)C(=O)N[C@@H](C[C@@H]1CCNC1=O)C(O)S(=O)(=O)O,Components-smiles-stereo-oe.smi,<frozen-chemistry-source>,1
2862,A1AGQ,resolved,CC(C)C[C@@H](C(=O)N[C@@H](C[C@@H]1CCNC1=O)C(O)S(=O)(=O)O)NC(=O)OC[C@@H]2CCC(=O)N2C[C@H]3C[C@H]4C[C@@H]3C=C4,CC(C)C[C@H](NC(=O)OC[C@@H]1CCC(=O)N1C[C@H]1C[C@@H]2C=C[C@H]1C2)C(=O)N[C@@H](C[C@@H]1CCNC1=O)C(O)S(=O)(=O)O,Components-smiles-stereo-oe.smi,<frozen-chemistry-source>,1
2863,A1AGR,resolved,CC(C)C[C@@H](C(=O)N[C@@H](C[C@@H]1CCNC1=O)C(O)S(=O)(=O)O)NC(=O)OC[C@@H]2CCC(=O)N2C[C@H]3C[C@H]4C[C@@H]3C=C4,CC(C)C[C@H](NC(=O)OC[C@@H]1CCC(=O)N1C[C@H]1C[C@@H]2C=C[C@H]1C2)C(=O)N[C@@H](C[C@@H]1CCNC1=O)C(O)S(=O)(=O)O,Components-smiles-stereo-oe.smi,<frozen-chemistry-source>,1
2864,A1AGS,resolved,CC(C)C[C@@H](C(=O)N[C@@H](C[C@@H]1CCNC1=O)C(O)S(=O)(=O)O)NC(=O)OC[C@@H]2CCC(=O)N2Cc3ccc4c(c3)OC(O4)(F)F,CC(C)C[C@H](NC(=O)OC[C@@H]1CCC(=O)N1Cc1ccc2c(c1)OC(F)(F)O2)C(=O)N[C@@H](C[C@@H]1CCNC1=O)C(O)S(=O)(=O)O,Components-smiles-stereo-oe.smi,<frozen-chemistry-source>,1
2865,A1AGT,resolved,CC(C)C[C@@H](C(=O)N[C@@H](C[C@@H]1CCNC1=O)C(O)S(=O)(=O)O)NC(=O)OC[C@@H]2CCC(=O)N2Cc3ccc4c(c3)OC(O4)(F)F,CC(C)C[C@H](NC(=O)OC[C@@H]1CCC(=O)N1Cc1ccc2c(c1)OC(F)(F)O2)C(=O)N[C@@H](C[C@@H]1CCNC1=O)C(O)S(=O)(=O)O,Components-smiles-stereo-oe.smi,<frozen-chemistry-source>,1
2854,A1AGW,resolved,CC(C)C[C@@H](C(=O)N[C@@H](C[C@@H]1CCNC1=O)C(O)S(=O)(=O)O)NC(=O)OC[C@@H]2CCC(=O)N2CC3CCCCC3,CC(C)C[C@H](NC(=O)OC[C@@H]1CCC(=O)N1CC1CCCCC1)C(=O)N[C@@H](C[C@@H]1CCNC1=O)C(O)S(=O)(=O)O,Components-smiles-stereo-oe.smi,<frozen-chemistry-source>,1
2853,A1AGX,resolved,CC(C)C[C@@H](C(=O)N[C@@H](C[C@@H]1CCNC1=O)C(O)S(=O)(=O)O)NC(=O)OC[C@@H]2CCC(=O)N2CC3CCCCC3,CC(C)C[C@H](NC(=O)OC[C@@H]1CCC(=O)N1CC1CCCCC1)C(=O)N[C@@H](C[C@@H]1CCNC1=O)C(O)S(=O)(=O)O,Components-smiles-stereo-oe.smi,<frozen-chemistry-source>,1
2855,A1AGZ,resolved,CC(C)C[C@@H](C(=O)N[C@@H](C[C@@H]1CCNC1=O)C(O)S(=O)(=O)O)NC(=O)OC[C@H]2CCC(=O)N2CC3CCCCC3,CC(C)C[C@H](NC(=O)OC[C@H]1CCC(=O)N1CC1CCCCC1)C(=O)N[C@@H](C[C@@H]1CCNC1=O)C(O)S(=O)(=O)O,Components-smiles-stereo-oe.smi,<frozen-chemistry-source>,1
2866,A1AH3,resolved,c1cc(n2c1c(ncn2)N)[C@]3([C@@H]([C@@H]([C@H](O3)COP(=O)(O)OP(=O)(O)OC[C@@H]4[C@H]([C@H]([C@@H](O4)O)O)O)O)O)C#N,N#C[C@@]1(c2ccc3c(N)ncnn23)O[C@H](COP(=O)(O)OP(=O)(O)OC[C@H]2O[C@@H](O)[C@H](O)[C@@H]2O)[C@@H](O)[C@H]1O,Components-smiles-stereo-oe.smi,<frozen-chemistry-source>,1
2324,A1AI6,resolved,CN1CCOc2c1c(ccc2)NC(=O)Nc3cc4cn[nH]c4nc3,CN1CCOc2cccc(NC(=O)Nc3cnc4[nH]ncc4c3)c21,Components-smiles-stereo-oe.smi,<frozen-chemistry-source>,1
2325,A1AI7,resolved,c1c2c([nH]n1)ncnc2NC[C@@H]3CCCS(=O)(=O)C3,O=S1(=O)CCC[C@@H](CNc2ncnc3[nH]ncc23)C1,Components-smiles-stereo-oe.smi,<frozen-chemistry-source>,1
2344,A1AI8,resolved,C[C@H]([C@@H]1CCOC1)Nc2c3cc[nH]c3ncn2,C[C@@H](Nc1ncnc2[nH]ccc12)[C@@H]1CCOC1,Components-smiles-stereo-oe.smi,<frozen-chemistry-source>,1
2345,A1AI9,resolved,c1cc(cc(c1)C(F)F)[C@H](CC(=O)O)NC(=O)c2ccc(cc2)NC(=O)NC3CC3,O=C(O)C[C@H](NC(=O)c1ccc(NC(=O)NC2CC2)cc1)c1cccc(C(F)F)c1,Components-smiles-stereo-oe.smi,<frozen-chemistry-source>,1
1013,A1AIH,resolved,C[C@@H]1C[C@@H]([C@@H](O1)[C@@H]2CCCO2)OC(=O)N[C@@H](Cc3ccccc3)[C@@H](CN(CC(C)C)S(=O)(=O)c4ccc(cc4)OC)O,COc1ccc(S(=O)(=O)N(CC(C)C)C[C@@H](O)[C@H](Cc2ccccc2)NC(=O)O[C@H]2C[C@@H](C)O[C@H]2[C@@H]2CCCO2)cc1,Components-smiles-stereo-oe.smi,<frozen-chemistry-source>,1
2370,A1AIP,resolved,Cc1c(cn(n1)C)c2cc3c([nH]2)ncnc3N[C@H](c4ccc5c(c4)S(=O)(=O)CCC5)C(C)C,Cc1nn(C)cc1-c1cc2c(N[C@H](c3ccc4c(c3)S(=O)(=O)CCC4)C(C)C)ncnc2[nH]1,Components-smiles-stereo-oe.smi,<frozen-chemistry-source>,1
2323,A1AJF,resolved,c1c[nH]c2c1c(ncn2)N3CC[C@H](C3)n4cncn4,c1nc(N2CC[C@@H](n3cncn3)C2)c2cc[nH]c2n1,Components-smiles-stereo-oe.smi,<frozen-chemistry-source>,1
2326,A1AJG,resolved,c1cncc(c1C(=O)Nc2cc3cn[nH]c3nc2)Cl,O=C(Nc1cnc2[nH]ncc2c1)c1ccncc1Cl,Components-smiles-stereo-oe.smi,<frozen-chemistry-source>,1
2327,A1AJH,resolved,c1c[nH]c2c1c(ncn2)C(=O)N3CCCCC[C@H]3C(=O)O,O=C(O)[C@@H]1CCCCCN1C(=O)c1ncnc2[nH]ccc12,Components-smiles-stereo-oe.smi,<frozen-chemistry-source>,1
2328,A1AJI,resolved,Cc1c([nH]c2c1c(ncn2)NC(=O)[C@@H]3CCO[C@@H]3C)C,Cc1[nH]c2ncnc(NC(=O)[C@@H]3CCO[C@@H]3C)c2c1C,Components-smiles-stereo-oe.smi,<frozen-chemistry-source>,1
2329,A1AJJ,resolved,Cc1ccc(cc1C(=O)Nc2cc3cn[nH]c3nc2)S(=O)(=O)Nc4ccccc4F,Cc1ccc(S(=O)(=O)Nc2ccccc2F)cc1C(=O)Nc1cnc2[nH]ncc2c1,Components-smiles-stereo-oe.smi,<frozen-chemistry-source>,1
2330,A1AJK,resolved,Cc1ccnc(n1)C2CCN(CC2)c3c4cc[nH]c4ncn3,Cc1ccnc(C2CCN(c3ncnc4[nH]ccc34)CC2)n1,Components-smiles-stereo-oe.smi,<frozen-chemistry-source>,1
2331,A1AJL,resolved,CO[C@@]1(CCN(C1)C(=O)c2c3cc[nH]c3ncn2)C(=O)O,CO[C@]1(C(=O)O)CCN(C(=O)c2ncnc3[nH]ccc23)C1,Components-smiles-stereo-oe.smi,<frozen-chemistry-source>,1
2332,A1AJW,resolved,CC(C)[C@H](CO)Nc1c2cc[nH]c2ncn1,CC(C)[C@H](CO)Nc1ncnc2[nH]ccc12,Components-smiles-stereo-oe.smi,<frozen-chemistry-source>,1
2333,A1AJX,resolved,CC(C)[C@H](C(=O)N)Nc1c2cc[nH]c2ncn1,CC(C)[C@@H](Nc1ncnc2[nH]ccc12)C(N)=O,Components-smiles-stereo-oe.smi,<frozen-chemistry-source>,1
2350,A1AK0,resolved,COc1ccc(cc1)[C@@H](Cc2[nH]nnn2)NC(=O)c3c4cc[nH]c4ncn3,COc1ccc([C@@H](Cc2nnn[nH]2)NC(=O)c2ncnc3[nH]ccc23)cc1,Components-smiles-stereo-oe.smi,<frozen-chemistry-source>,1
2351,A1AK1,resolved,CC(C)[C@@H](c1ccc2c(c1)OCCO2)Nc3c4cc([nH]c4ncn3)C(=O)NC,CNC(=O)c1cc2c(N[C@H](c3ccc4c(c3)OCCO4)C(C)C)ncnc2[nH]1,Components-smiles-stereo-oe.smi,<frozen-chemistry-source>,1
2352,A1AK2,resolved,CC(C)[C@@H](c1ccc2c(c1)S(=O)(=O)CCC2)Nc3c4cc[nH]c4ncn3,CC(C)[C@H](Nc1ncnc2[nH]ccc12)c1ccc2c(c1)S(=O)(=O)CCC2,Components-smiles-stereo-oe.smi,<frozen-chemistry-source>,1
2353,A1AK3,resolved,CC(C)[C@@H](c1ccc2c(c1)S(=O)(=O)CCC2)Nc3c4cc([nH]c4ncn3)C(=O)N[C@H]5CCN(C5)C,CC(C)[C@H](Nc1ncnc2[nH]c(C(=O)N[C@H]3CCN(C)C3)cc12)c1ccc2c(c1)S(=O)(=O)CCC2,Components-smiles-stereo-oe.smi,<frozen-chemistry-source>,1
2354,A1AK4,resolved,CC(C)[C@@H](c1ccc2c(c1)S(=O)(=O)CCC2)Nc3c4cc([nH]c4ncn3)c5cccc(c5)C(=O)NC,CNC(=O)c1cccc(-c2cc3c(N[C@H](c4ccc5c(c4)S(=O)(=O)CCC5)C(C)C)ncnc3[nH]2)c1,Components-smiles-stereo-oe.smi,<frozen-chemistry-source>,1
2355,A1AK5,resolved,CC(C)[C@@H](c1ccc2c(c1)S(=O)(=O)CCC2)Nc3c4cc([nH]c4ncn3)c5cc(oc5)CNC,CNCc1cc(-c2cc3c(N[C@H](c4ccc5c(c4)S(=O)(=O)CCC5)C(C)C)ncnc3[nH]2)co1,Components-smiles-stereo-oe.smi,<frozen-chemistry-source>,1
2356,A1AK6,resolved,CC(C)[C@@H](c1ccc2c(c1)S(=O)(=O)CCC2)Nc3c4cc([nH]c4ncn3)c5cnn(c5C#N)C,CC(C)[C@H](Nc1ncnc2[nH]c(-c3cnn(C)c3C#N)cc12)c1ccc2c(c1)S(=O)(=O)CCC2,Components-smiles-stereo-oe.smi,<frozen-chemistry-source>,1
2357,A1AK7,resolved,CC(C)[C@@H](c1ccc2c(c1)S(=O)(=O)CCC2)Nc3c4cc([nH]c4ncn3)c5cnn(c5)CC(=O)NC,CNC(=O)Cn1cc(-c2cc3c(N[C@H](c4ccc5c(c4)S(=O)(=O)CCC5)C(C)C)ncnc3[nH]2)cn1,Components-smiles-stereo-oe.smi,<frozen-chemistry-source>,1
2334,A1AKD,resolved,CC(C)[C@@H]1C(=O)NCCN1c2c3cc[nH]c3ncn2,CC(C)[C@@H]1C(=O)NCCN1c1ncnc2[nH]ccc12,Components-smiles-stereo-oe.smi,<frozen-chemistry-source>,1
2335,A1AKE,resolved,c1cc2c(cc1[C@@H](C(=O)O)NC(=O)c3c4cc[nH]c4ncn3)CCO2,O=C(N[C@H](C(=O)O)c1ccc2c(c1)CCO2)c1ncnc2[nH]ccc12,Components-smiles-stereo-oe.smi,<frozen-chemistry-source>,1
2336,A1AKF,resolved,c1cc(ccc1[C@@H](CC(=O)O)NC(=O)c2c3cc[nH]c3ncn2)F,O=C(O)C[C@@H](NC(=O)c1ncnc2[nH]ccc12)c1ccc(F)cc1,Components-smiles-stereo-oe.smi,<frozen-chemistry-source>,1
2337,A1AKG,resolved,c1c[nH]c2c1c(ncn2)C(=O)N[C@@H](CC(=O)O)c3ccncc3,O=C(O)C[C@H](NC(=O)c1ncnc2[nH]ccc12)c1ccncc1,Components-smiles-stereo-oe.smi,<frozen-chemistry-source>,1
2338,A1AKH,resolved,CN(C)c1ccc(nc1)C(=O)N[C@@H](CC(=O)O)c2ccc(cc2)Br,CN(C)c1ccc(C(=O)N[C@@H](CC(=O)O)c2ccc(Br)cc2)nc1,Components-smiles-stereo-oe.smi,<frozen-chemistry-source>,1
2339,A1AKI,resolved,Cn1c2c(cn1)c(ccn2)C(=O)N[C@@H](CC(=O)O)c3ccc(cc3)Br,Cn1ncc2c(C(=O)N[C@@H](CC(=O)O)c3ccc(Br)cc3)ccnc21,Components-smiles-stereo-oe.smi,<frozen-chemistry-source>,1
2340,A1AKP,resolved,c1cc(ccc1[C@@H](CC(=O)O)NC(=O)c2ccc3c(n2)cc[nH]3)Br,O=C(O)C[C@@H](NC(=O)c1ccc2[nH]ccc2n1)c1ccc(Br)cc1,Components-smiles-stereo-oe.smi,<frozen-chemistry-source>,1
2341,A1AKQ,resolved,c1cc(ccc1[C@H](CC(=O)O)NC(=O)c2cc3cc[nH]c3nc2)Br,O=C(O)C[C@H](NC(=O)c1cnc2[nH]ccc2c1)c1ccc(Br)cc1,Components-smiles-stereo-oe.smi,<frozen-chemistry-source>,1
2342,A1AKR,resolved,Cn1c(c(c2c1nccc2)NC(=O)c3ccc(cc3)NC(=O)NC4CC4)C(=O)O,Cn1c(C(=O)O)c(NC(=O)c2ccc(NC(=O)NC3CC3)cc2)c2cccnc21,Components-smiles-stereo-oe.smi,<frozen-chemistry-source>,1
2343,A1AKS,resolved,c1cc2c(cc1[C@@H](C(=O)O)Nc3c4cc[nH]c4ncn3)OCCO2,O=C(O)[C@@H](Nc1ncnc2[nH]ccc12)c1ccc2c(c1)OCCO2,Components-smiles-stereo-oe.smi,<frozen-chemistry-source>,1
2346,A1AKT,resolved,CC(C)[C@H](C(=O)O)Nc1c2cc[nH]c2ncn1,CC(C)[C@@H](Nc1ncnc2[nH]ccc12)C(=O)O,Components-smiles-stereo-oe.smi,<frozen-chemistry-source>,1
2347,A1AKU,resolved,c1c[nH]c2c1c(ncn2)N3C[C@@H](C[C@@H]3C(=O)O)O,O=C(O)[C@H]1C[C@@H](O)CN1c1ncnc2[nH]ccc12,Components-smiles-stereo-oe.smi,<frozen-chemistry-source>,1
2348,A1AKV,resolved,c1c[nH]c2c1c(ncn2)N[C@@H](CC3CC3)C(=O)O,O=C(O)[C@H](CC1CC1)Nc1ncnc2[nH]ccc12,Components-smiles-stereo-oe.smi,<frozen-chemistry-source>,1
2349,A1AKZ,resolved,CS(=O)(=O)Nc1cccc(c1)[C@@H](CC(=O)O)NC(=O)c2c3cc[nH]c3ncn2,CS(=O)(=O)Nc1cccc([C@@H](CC(=O)O)NC(=O)c2ncnc3[nH]ccc23)c1,Components-smiles-stereo-oe.smi,<frozen-chemistry-source>,1
2362,A1AL0,resolved,CC(C)[C@@H](c1cnn(c1)C)Nc2c3cc[nH]c3ncn2,CC(C)[C@H](Nc1ncnc2[nH]ccc12)c1cnn(C)c1,Components-smiles-stereo-oe.smi,<frozen-chemistry-source>,1
2363,A1AL1,resolved,CC(C)[C@@H](c1ccc2c(c1)S(=O)(=O)CCC2)Nc3c(c(ncn3)N)Cl,CC(C)[C@H](Nc1ncnc(N)c1Cl)c1ccc2c(c1)S(=O)(=O)CCC2,Components-smiles-stereo-oe.smi,<frozen-chemistry-source>,1
2364,A1AL4,resolved,C[C@H](c1[nH]nnn1)[C@H](c2ccc(cc2)OC)NC(=O)c3c4cc[nH]c4ncn3,COc1ccc([C@H](NC(=O)c2ncnc3[nH]ccc23)[C@H](C)c2nnn[nH]2)cc1,Components-smiles-stereo-oe.smi,<frozen-chemistry-source>,1
2365,A1AL5,resolved,CC(C)[C@@H](c1ccc2c(c1)S(=O)(=O)CCC2)Nc3c4cc([nH]c4ncn3)C(=O)NC,CNC(=O)c1cc2c(N[C@H](c3ccc4c(c3)S(=O)(=O)CCC4)C(C)C)ncnc2[nH]1,Components-smiles-stereo-oe.smi,<frozen-chemistry-source>,1
2366,A1AL6,resolved,CC(C)[C@@H](c1ccc2c(n1)NC(=O)CO2)Nc3c4cc([nH]c4ncn3)c5cnn(c5C#N)C,CC(C)[C@H](Nc1ncnc2[nH]c(-c3cnn(C)c3C#N)cc12)c1ccc2c(n1)NC(=O)CO2,Components-smiles-stereo-oe.smi,<frozen-chemistry-source>,1
2367,A1AL7,resolved,CC(C)[C@@H](c1ccc2c(c1)OCCO2)Nc3c4cc([nH]c4ncn3)c5cnn(c5)CC(=O)N(C)C,CC(C)[C@H](Nc1ncnc2[nH]c(-c3cnn(CC(=O)N(C)C)c3)cc12)c1ccc2c(c1)OCCO2,Components-smiles-stereo-oe.smi,<frozen-chemistry-source>,1
2358,A1ALQ,resolved,CC(C)(C)[C@@H](c1ccc2c(n1)OCCO2)Nc3c4cc([nH]c4ncn3)c5cnn(c5C#N)C,Cn1ncc(-c2cc3c(N[C@H](c4ccc5c(n4)OCCO5)C(C)(C)C)ncnc3[nH]2)c1C#N,Components-smiles-stereo-oe.smi,<frozen-chemistry-source>,1
2359,A1ALR,resolved,CC(C)[C@@H](c1ccc2c(c1)S(=O)(=O)NCC2)Nc3c4cc([nH]c4ncn3)c5cnn(c5)C,CC(C)[C@H](Nc1ncnc2[nH]c(-c3cnn(C)c3)cc12)c1ccc2c(c1)S(=O)(=O)NCC2,Components-smiles-stereo-oe.smi,<frozen-chemistry-source>,1
2360,A1ALS,resolved,CC(C)[C@@H](C1=SCCC1)Nc2c3cc[nH]c3ncn2,CC(C)[C@H](Nc1ncnc2[nH]ccc12)C1=[SH]CCC1,Components-smiles-stereo-oe.smi,<frozen-chemistry-source>,1
2361,A1ALY,resolved,CC(C)[C@H](C(F)F)Nc1c2cc[nH]c2ncn1,CC(C)[C@@H](Nc1ncnc2[nH]ccc12)C(F)F,Components-smiles-stereo-oe.smi,<frozen-chemistry-source>,1
2368,A1AMD,resolved,CC(C)[C@@H](c1ccc2c(n1)OCCO2)Nc3c4cc([nH]c4ncn3)c5cnn(c5C#N)C,CC(C)[C@H](Nc1ncnc2[nH]c(-c3cnn(C)c3C#N)cc12)c1ccc2c(n1)OCCO2,Components-smiles-stereo-oe.smi,<frozen-chemistry-source>,1
2369,A1AME,resolved,CCNC(=O)c1cc2c([nH]1)ncnc2N[C@H](c3ccc4c(c3)S(=O)(=O)CCC4)C(C)C,CCNC(=O)c1cc2c(N[C@H](c3ccc4c(c3)S(=O)(=O)CCC4)C(C)C)ncnc2[nH]1,Components-smiles-stereo-oe.smi,<frozen-chemistry-source>,1
2371,A1AMF,resolved,CC(C)[C@@H](c1ccc2c(c1)S(=O)(=O)CCC2)Nc3c4c(c[nH]c4ncn3)C(=O)NC,CNC(=O)c1c[nH]c2ncnc(N[C@H](c3ccc4c(c3)S(=O)(=O)CCC4)C(C)C)c12,Components-smiles-stereo-oe.smi,<frozen-chemistry-source>,1
2372,A1AMG,resolved,CC(C)[C@@H](c1ccc2c(c1)S(=O)(=O)CCC2)Nc3c4c(c[nH]c4ncn3)C(=O)NC5CC5,CC(C)[C@H](Nc1ncnc2[nH]cc(C(=O)NC3CC3)c12)c1ccc2c(c1)S(=O)(=O)CCC2,Components-smiles-stereo-oe.smi,<frozen-chemistry-source>,1
2373,A1AMI,resolved,CC(C)[C@@H](c1ccc2c(c1)[S@@](=O)CCO2)Nc3c4c(ncn3)NCC4,CC(C)[C@H](Nc1ncnc2c1CCN2)c1ccc2c(c1)[S@@](=O)CCO2,Components-smiles-stereo-oe.smi,<frozen-chemistry-source>,1
2374,A1AMJ,resolved,CCNC(=O)c1cc2c([nH]1)ncnc2N[C@H](c3ccc4c(c3)C(=O)N(C=N4)C)C(C)C,CCNC(=O)c1cc2c(N[C@H](c3ccc4ncn(C)c(=O)c4c3)C(C)C)ncnc2[nH]1,Components-smiles-stereo-oe.smi,<frozen-chemistry-source>,1
2375,A1AMK,resolved,CCNC(=O)c1cc2c([nH]1)ncnc2N[C@H](c3ccc4c(c3)S(=O)(=O)CCO4)C(C)C,CCNC(=O)c1cc2c(N[C@H](c3ccc4c(c3)S(=O)(=O)CCO4)C(C)C)ncnc2[nH]1,Components-smiles-stereo-oe.smi,<frozen-chemistry-source>,1
2376,A1AML,resolved,CC(C)[C@@H](c1ccc2c(c1)S(=O)(=O)CCO2)Nc3c4cc[nH]c4ncn3,CC(C)[C@H](Nc1ncnc2[nH]ccc12)c1ccc2c(c1)S(=O)(=O)CCO2,Components-smiles-stereo-oe.smi,<frozen-chemistry-source>,1
2377,A1AMP,resolved,CCNC(=O)c1cc2c([nH]1)ncnc2N[C@H](c3ccc4c(c3)S(=O)(=O)NCC4)C(C)C,CCNC(=O)c1cc2c(N[C@H](c3ccc4c(c3)S(=O)(=O)NCC4)C(C)C)ncnc2[nH]1,Components-smiles-stereo-oe.smi,<frozen-chemistry-source>,1
2378,A1AMQ,resolved,CCNC(=O)c1cc2c([nH]1)ncnc2N[C@H](c3ccc4c(c3)S(=O)(=O)CCC4)C5CC5,CCNC(=O)c1cc2c(N[C@H](c3ccc4c(c3)S(=O)(=O)CCC4)C3CC3)ncnc2[nH]1,Components-smiles-stereo-oe.smi,<frozen-chemistry-source>,1
2379,A1AMR,resolved,CC(C)[C@@H](c1ccc2c(c1)S(=O)(=O)CCC2)Nc3c4cc([nH]c4ncn3)c5cnn(c5)CC(=O)N,CC(C)[C@H](Nc1ncnc2[nH]c(-c3cnn(CC(N)=O)c3)cc12)c1ccc2c(c1)S(=O)(=O)CCC2,Components-smiles-stereo-oe.smi,<frozen-chemistry-source>,1
2380,A1AMS,resolved,CC(C)[C@@H](c1ccc2c(c1)S(=O)(=O)CCC2)Nc3c4cc([nH]c4ncn3)c5ccc6cncn6c5,CC(C)[C@H](Nc1ncnc2[nH]c(-c3ccc4cncn4c3)cc12)c1ccc2c(c1)S(=O)(=O)CCC2,Components-smiles-stereo-oe.smi,<frozen-chemistry-source>,1
2381,A1AMT,resolved,CC(C)[C@@H](c1ccc2c(c1)S(=O)(=O)CCC2)Nc3c4c([nH]cn4)ncn3,CC(C)[C@H](Nc1ncnc2[nH]cnc12)c1ccc2c(c1)S(=O)(=O)CCC2,Components-smiles-stereo-oe.smi,<frozen-chemistry-source>,1
2382,A1AMU,resolved,C[C@@H]([C@H](c1ccc(cc1)Br)NC(=O)c2c3cc[nH]c3ncn2)C(=O)O,C[C@H](C(=O)O)[C@@H](NC(=O)c1ncnc2[nH]ccc12)c1ccc(Br)cc1,Components-smiles-stereo-oe.smi,<frozen-chemistry-source>,1
2383,A1AMV,resolved,CCNC(=O)c1cc2c([nH]1)ncnc2N[C@H](c3ccnc(c3)N)C(C)C,CCNC(=O)c1cc2c(N[C@H](c3ccnc(N)c3)C(C)C)ncnc2[nH]1,Components-smiles-stereo-oe.smi,<frozen-chemistry-source>,1
2384,A1AMW,resolved,CC(C)[C@@H](c1ccc2c(c1)S(=O)(=O)CCC2)Nc3c4cc([nH]c4ncn3)C5=CC(=O)N(C=C5)C,CC(C)[C@H](Nc1ncnc2[nH]c(-c3ccn(C)c(=O)c3)cc12)c1ccc2c(c1)S(=O)(=O)CCC2,Components-smiles-stereo-oe.smi,<frozen-chemistry-source>,1
2399,A1AN0,resolved,CC(C)[C@@H](c1ccc2c(c1)S(=O)(=O)CCC2)Nc3c4cc([nH]c4ncn3)Br,CC(C)[C@H](Nc1ncnc2[nH]c(Br)cc12)c1ccc2c(c1)S(=O)(=O)CCC2,Components-smiles-stereo-oe.smi,<frozen-chemistry-source>,1
2400,A1AN2,resolved,CC(C)[C@@H](c1ccc2c(c1)S(=O)(=O)CCC2)Nc3c4cc([nH]c4ncn3)c5cnc(nc5)N,CC(C)[C@H](Nc1ncnc2[nH]c(-c3cnc(N)nc3)cc12)c1ccc2c(c1)S(=O)(=O)CCC2,Components-smiles-stereo-oe.smi,<frozen-chemistry-source>,1
2401,A1AN3,resolved,CC(C)[C@@H](c1ccc2c(c1)S(=O)(=O)CCC2)Nc3c4cc([nH]c4ncn3)c5cnc(nc5)N6CC(C6)O,CC(C)[C@H](Nc1ncnc2[nH]c(-c3cnc(N4CC(O)C4)nc3)cc12)c1ccc2c(c1)S(=O)(=O)CCC2,Components-smiles-stereo-oe.smi,<frozen-chemistry-source>,1
2402,A1AN4,resolved,CCNC(=O)c1cc2c([nH]1)ncnc2N[C@H](c3ccc4c(c3)OCCO4)C(C)C,CCNC(=O)c1cc2c(N[C@H](c3ccc4c(c3)OCCO4)C(C)C)ncnc2[nH]1,Components-smiles-stereo-oe.smi,<frozen-chemistry-source>,1
2403,A1AN5,resolved,CC(C)[C@@H](c1ccc2c(c1)S(=O)(=O)CCC2)Nc3c4c(ncn3)OCCO4,CC(C)[C@H](Nc1ncnc2c1OCCO2)c1ccc2c(c1)S(=O)(=O)CCC2,Components-smiles-stereo-oe.smi,<frozen-chemistry-source>,1
2385,A1ANI,resolved,CCNC(=O)c1cc2c([nH]1)ncnc2N[C@H](c3ccc4c(c3)sc(n4)NC(=O)C)C(C)C,CCNC(=O)c1cc2c(N[C@H](c3ccc4nc(NC(C)=O)sc4c3)C(C)C)ncnc2[nH]1,Components-smiles-stereo-oe.smi,<frozen-chemistry-source>,1
2386,A1ANJ,resolved,CC(C)[C@@H](c1ccc2c(c1)S(=O)(=O)CCC2)Nc3c4cc([nH]c4ncn3)c5cccc(c5)CN6CCN(CC6)C(=O)C,CC(=O)N1CCN(Cc2cccc(-c3cc4c(N[C@H](c5ccc6c(c5)S(=O)(=O)CCC6)C(C)C)ncnc4[nH]3)c2)CC1,Components-smiles-stereo-oe.smi,<frozen-chemistry-source>,1
2387,A1ANK,resolved,CC(C)[C@@H](c1ccc2c(c1)S(=O)(=O)CCC2)Nc3c4cc([nH]c4ncn3)c5ccn6cnnc6c5,CC(C)[C@H](Nc1ncnc2[nH]c(-c3ccn4cnnc4c3)cc12)c1ccc2c(c1)S(=O)(=O)CCC2,Components-smiles-stereo-oe.smi,<frozen-chemistry-source>,1
2388,A1ANL,resolved,CC(C)[C@@H](c1ccc2c(c1)S(=O)(=O)CCC2)Nc3c4cc([nH]c4ncn3)c5ccc(cc5)S(=O)(=O)NCCO,CC(C)[C@H](Nc1ncnc2[nH]c(-c3ccc(S(=O)(=O)NCCO)cc3)cc12)c1ccc2c(c1)S(=O)(=O)CCC2,Components-smiles-stereo-oe.smi,<frozen-chemistry-source>,1
2389,A1ANP,resolved,CC(C)[C@@H](c1ccc2c(n1)S(=O)(=O)CCC2)Nc3c4cc[nH]c4ncn3,CC(C)[C@H](Nc1ncnc2[nH]ccc12)c1ccc2c(n1)S(=O)(=O)CCC2,Components-smiles-stereo-oe.smi,<frozen-chemistry-source>,1
2390,A1ANQ,resolved,CC(C)[C@@H](c1ccc2c(c1)NC(=O)CO2)Nc3c4cc([nH]c4ncn3)c5cnn(c5C#N)C,CC(C)[C@H](Nc1ncnc2[nH]c(-c3cnn(C)c3C#N)cc12)c1ccc2c(c1)NC(=O)CO2,Components-smiles-stereo-oe.smi,<frozen-chemistry-source>,1
2391,A1ANR,resolved,CC(C)[C@@H](c1ccc2c(c1)S(=O)(=O)CCC2)Nc3c4cc([nH]c4ncn3)C(=O)NC5CN(C5)C,CC(C)[C@H](Nc1ncnc2[nH]c(C(=O)NC3CN(C)C3)cc12)c1ccc2c(c1)S(=O)(=O)CCC2,Components-smiles-stereo-oe.smi,<frozen-chemistry-source>,1
2392,A1ANS,resolved,CC(C)[C@@H](c1ccc2c(c1)S(=O)(=O)CCC2)Nc3c4cc([nH]c4ncn3)S(=O)(=O)NC,CNS(=O)(=O)c1cc2c(N[C@H](c3ccc4c(c3)S(=O)(=O)CCC4)C(C)C)ncnc2[nH]1,Components-smiles-stereo-oe.smi,<frozen-chemistry-source>,1
2396,A1ANU,resolved,CC(C)[C@@H](c1ccc2c(c1)S(=O)(=O)CCC2)Nc3c4cc([nH]c4ncn3)c5ccc6c(c5)C(C(=O)N6)(C)C,CC(C)[C@H](Nc1ncnc2[nH]c(-c3ccc4c(c3)C(C)(C)C(=O)N4)cc12)c1ccc2c(c1)S(=O)(=O)CCC2,Components-smiles-stereo-oe.smi,<frozen-chemistry-source>,1
2393,A1ANV,resolved,CC(C)[C@@H](c1ccc2c(c1)S(=O)(=O)CCC2)Nc3c4cc([nH]c4ncn3)S(=O)(=O)C,CC(C)[C@H](Nc1ncnc2[nH]c(S(C)(=O)=O)cc12)c1ccc2c(c1)S(=O)(=O)CCC2,Components-smiles-stereo-oe.smi,<frozen-chemistry-source>,1
2394,A1ANW,resolved,CC(C)[C@@H](c1ccc2c(c1)S(=O)(=O)CCC2)Nc3c4cc([nH]c4ncn3)C5=CCOC5,CC(C)[C@H](Nc1ncnc2[nH]c(C3=CCOC3)cc12)c1ccc2c(c1)S(=O)(=O)CCC2,Components-smiles-stereo-oe.smi,<frozen-chemistry-source>,1
2395,A1ANX,resolved,CC(C)[C@@H](c1ccc2c(c1)S(=O)(=O)CCC2)Nc3c4cc([nH]c4ncn3)c5c[nH]nc5,CC(C)[C@H](Nc1ncnc2[nH]c(-c3cn[nH]c3)cc12)c1ccc2c(c1)S(=O)(=O)CCC2,Components-smiles-stereo-oe.smi,<frozen-chemistry-source>,1
2397,A1ANY,resolved,CC(C)[C@@H](c1ccc2c(c1)S(=O)(=O)CCC2)Nc3c4cc([nH]c4ncn3)C5=CN(C(=O)C=C5)C,CC(C)[C@H](Nc1ncnc2[nH]c(-c3ccc(=O)n(C)c3)cc12)c1ccc2c(c1)S(=O)(=O)CCC2,Components-smiles-stereo-oe.smi,<frozen-chemistry-source>,1
2398,A1ANZ,resolved,CC(C)[C@@H](c1ccc2c(c1)S(=O)(=O)CCC2)Nc3c4cc([nH]c4ncn3)c5ccnc(c5)OCCN(C)C,CC(C)[C@H](Nc1ncnc2[nH]c(-c3ccnc(OCCN(C)C)c3)cc12)c1ccc2c(c1)S(=O)(=O)CCC2,Components-smiles-stereo-oe.smi,<frozen-chemistry-source>,1
2404,A1AOA,resolved,CC(C)[C@@H](c1ccc2c(c1)S(=O)(=O)CCC2)Nc3c4c(ncn3)C[C@H]5CC[C@@H]4N5C(=O)C,CC(=O)N1[C@@H]2CC[C@H]1c1c(ncnc1N[C@H](c1ccc3c(c1)S(=O)(=O)CCC3)C(C)C)C2,Components-smiles-stereo-oe.smi,<frozen-chemistry-source>,1
2405,A1AOB,resolved,CC(C)[C@@H](c1ccc2c(c1)S(=O)(=O)CCC2)Nc3c4cc([nH]c4ncn3)C(=O)N[C@@H]5CCN(C5)C,CC(C)[C@H](Nc1ncnc2[nH]c(C(=O)N[C@@H]3CCN(C)C3)cc12)c1ccc2c(c1)S(=O)(=O)CCC2,Components-smiles-stereo-oe.smi,<frozen-chemistry-source>,1
2406,A1AOC,resolved,CC(C)[C@@H](c1ccc2c(c1)S(=O)(=O)CCC2)Nc3c4cc([nH]c4ncn3)c5cnn(c5)C,CC(C)[C@H](Nc1ncnc2[nH]c(-c3cnn(C)c3)cc12)c1ccc2c(c1)S(=O)(=O)CCC2,Components-smiles-stereo-oe.smi,<frozen-chemistry-source>,1
616,A1APZ,resolved,CS(=O)(=O)N1CC2(C1)c3ccccc3N(C2=O)Cc4nc5cc(ccc5n4CCCC(F)(F)F)Cl,CS(=O)(=O)N1CC2(C1)C(=O)N(Cc1nc3cc(Cl)ccc3n1CCCC(F)(F)F)c1ccccc12,Components-smiles-stereo-oe.smi,<frozen-chemistry-source>,1
2868,A1ARL,resolved,Cn1c2c(cn1)c(ncn2)Nc3ccccc3Cl,Cn1ncc2c(Nc3ccccc3Cl)ncnc21,Components-smiles-stereo-oe.smi,<frozen-chemistry-source>,1
2867,A1ASK,resolved,Cc1cccc(c1)NC(=S)NCCN(C)C,Cc1cccc(NC(=S)NCCN(C)C)c1,Components-smiles-stereo-oe.smi,<frozen-chemistry-source>,1
2869,A1ASL,resolved,Cc1ccc(c(c1)C)Nc2cc(nc3n2cnn3)C,Cc1ccc(Nc2cc(C)nc3nncn23)c(C)c1,Components-smiles-stereo-oe.smi,<frozen-chemistry-source>,1
2881,A1D9H,resolved,[H]/N=C/[C@H](C[C@@H]1CCNC1=O)NC(=O)[C@H](Cc2ccccc2)NC(=O)[C@H](C(C)(C)C)NC(=O)OC(C)(C)C,[H]/N=C/[C@H](C[C@@H]1CCNC1=O)NC(=O)[C@H](Cc1ccccc1)NC(=O)[C@@H](NC(=O)OC(C)(C)C)C(C)(C)C,Components-smiles-stereo-oe.smi,<frozen-chemistry-source>,1
2775,A1H0G,resolved,c1cc2c(ccs2)cc1N,Nc1ccc2sccc2c1,Components-smiles-stereo-oe.smi,<frozen-chemistry-source>,1
2781,A1H0J,resolved,C[C@H](c1ccc(cc1)I)N,C[C@@H](N)c1ccc(I)cc1,Components-smiles-stereo-oe.smi,<frozen-chemistry-source>,1
2778,A1H0K,resolved,c1cc2c(cc1I)sc(n2)N,Nc1nc2ccc(I)cc2s1,Components-smiles-stereo-oe.smi,<frozen-chemistry-source>,1
2776,A1H0L,resolved,c1ccc2c(c1)c(cs2)CC(=O)O,O=C(O)Cc1csc2ccccc12,Components-smiles-stereo-oe.smi,<frozen-chemistry-source>,1
2779,A1H0M,resolved,c1cc2c(cc1Br)sc(n2)N,Nc1nc2ccc(Br)cc2s1,Components-smiles-stereo-oe.smi,<frozen-chemistry-source>,1
2780,A1H0N,resolved,C[C@H](c1ccc(cc1)Br)N,C[C@@H](N)c1ccc(Br)cc1,Components-smiles-stereo-oe.smi,<frozen-chemistry-source>,1
2783,A1H1I,resolved,CN1C(=O)[C@@H](N(CCCOc2ccc(cc2CN1C=N)F)C(=O)COc3ccc(cc3Cl)Cl)Cc4ccccc4,CN1C(=O)[C@H](Cc2ccccc2)N(C(=O)COc2ccc(Cl)cc2Cl)CCCOc2ccc(F)cc2CN1C=N,Components-smiles-stereo-oe.smi,<frozen-chemistry-source>,1
2787,A1H28,resolved,c1cc(c(cc1SC[C@@H]2[C@H]([C@H]([C@@H](O2)n3cnc4c3ncnc4N)O)O)C(=O)O)Cl,Nc1ncnc2c1ncn2[C@@H]1O[C@H](CSc2ccc(Cl)c(C(=O)O)c2)[C@@H](O)[C@H]1O,Components-smiles-stereo-oe.smi,<frozen-chemistry-source>,1
2790,A1H29,resolved,c1c(nn[nH]1)CCSC[C@@H]2[C@H]([C@H]([C@@H](O2)n3cnc4c3ncnc4N)O)O,Nc1ncnc2c1ncn2[C@@H]1O[C@H](CSCCc2c[nH]nn2)[C@@H](O)[C@H]1O,Components-smiles-stereo-oe.smi,<frozen-chemistry-source>,1
2788,A1H3A,resolved,c1cc(c(cc1CSC[C@@H]2[C@H]([C@H]([C@@H](O2)n3cnc4c3ncnc4N)O)O)C(=O)O)Cl,Nc1ncnc2c1ncn2[C@@H]1O[C@H](CSCc2ccc(Cl)c(C(=O)O)c2)[C@@H](O)[C@H]1O,Components-smiles-stereo-oe.smi,<frozen-chemistry-source>,1
2785,A1H3B,resolved,c1cc(ccc1c2cc(cc(c2)C(=O)O)CSC[C@@H]3[C@H]([C@H]([C@@H](O3)n4cnc5c4ncnc5N)O)O)O,Nc1ncnc2c1ncn2[C@@H]1O[C@H](CSCc2cc(C(=O)O)cc(-c3ccc(O)cc3)c2)[C@@H](O)[C@H]1O,Components-smiles-stereo-oe.smi,<frozen-chemistry-source>,1
2784,A1H3C,resolved,c1ccc(cc1)c2ccc(cc2C(=O)O)CSC[C@@H]3[C@H]([C@H]([C@@H](O3)n4cnc5c4ncnc5N)O)O,Nc1ncnc2c1ncn2[C@@H]1O[C@H](CSCc2ccc(-c3ccccc3)c(C(=O)O)c2)[C@@H](O)[C@H]1O,Components-smiles-stereo-oe.smi,<frozen-chemistry-source>,1
2789,A1H3D,resolved,c1cc(cc(c1)C(=O)O)CSC[C@@H]2[C@H]([C@H]([C@@H](O2)n3cnc4c3ncnc4N)O)O,Nc1ncnc2c1ncn2[C@@H]1O[C@H](CSCc2cccc(C(=O)O)c2)[C@@H](O)[C@H]1O,Components-smiles-stereo-oe.smi,<frozen-chemistry-source>,1
2786,A1H3E,resolved,c1c(cc(cc1/C=C/CO)C(=O)O)CSC[C@@H]2[C@H]([C@H]([C@@H](O2)n3cnc4c3ncnc4N)O)O,Nc1ncnc2c1ncn2[C@@H]1O[C@H](CSCc2cc(/C=C/CO)cc(C(=O)O)c2)[C@@H](O)[C@H]1O,Components-smiles-stereo-oe.smi,<frozen-chemistry-source>,1
2793,A1H4B,resolved,c1cc(cnc1)c2cc(cc(c2)C(=O)O)CSC[C@@H]3[C@H]([C@H]([C@@H](O3)n4cnc5c4ncnc5N)O)O,Nc1ncnc2c1ncn2[C@@H]1O[C@H](CSCc2cc(C(=O)O)cc(-c3cccnc3)c2)[C@@H](O)[C@H]1O,Components-smiles-stereo-oe.smi,<frozen-chemistry-source>,1
2792,A1H4C,resolved,c1cc(cc(c1)O)c2cc(cc(c2)C(=O)O)CSC[C@@H]3[C@H]([C@H]([C@@H](O3)n4cnc5c4ncnc5N)O)O,Nc1ncnc2c1ncn2[C@@H]1O[C@H](CSCc2cc(C(=O)O)cc(-c3cccc(O)c3)c2)[C@@H](O)[C@H]1O,Components-smiles-stereo-oe.smi,<frozen-chemistry-source>,1
2791,A1H4D,resolved,c1cn(cn1)c2cc(cc(c2)C(=O)O)CSC[C@@H]3[C@H]([C@H]([C@@H](O3)n4cnc5c4ncnc5N)O)O,Nc1ncnc2c1ncn2[C@@H]1O[C@H](CSCc2cc(C(=O)O)cc(-n3ccnc3)c2)[C@@H](O)[C@H]1O,Components-smiles-stereo-oe.smi,<frozen-chemistry-source>,1
2878,A1IB6,resolved,CCN(C[C@@H]1[C@H]([C@H]([C@@H](O1)n2cc(c3c2ncnc3N)C#Cc4cccnc4)O)O)S(=O)(=O)c5ccc(c(c5)C#N)OC,CCN(C[C@H]1O[C@@H](n2cc(C#Cc3cccnc3)c3c(N)ncnc32)[C@H](O)[C@@H]1O)S(=O)(=O)c1ccc(OC)c(C#N)c1,Components-smiles-stereo-oe.smi,<frozen-chemistry-source>,1
2880,A1IEY,resolved,c1ccc(cc1)COc2ccc(c(c2)F)C(=O)Oc3cc(cnc3)Cl,O=C(Oc1cncc(Cl)c1)c1ccc(OCc2ccccc2)cc1F,Components-smiles-stereo-oe.smi,<frozen-chemistry-source>,1
2879,A1IF1,resolved,CCOc1ccc(c(c1)F)C(=O)Oc2cc(cnc2)Cl,CCOc1ccc(C(=O)Oc2cncc(Cl)c2)c(F)c1,Components-smiles-stereo-oe.smi,<frozen-chemistry-source>,1
2873,A1IM3,resolved,c1ccc2c(c1)c(c[nH]2)C[C@H](CC(=O)O)N,N[C@@H](CC(=O)O)Cc1c[nH]c2ccccc12,Components-smiles-stereo-oe.smi,<frozen-chemistry-source>,1
2871,A1IM4,resolved,[H]/N=C/c1cc(ccn1)C(=O)O,[H]/N=C/c1cc(C(=O)O)ccn1,Components-smiles-stereo-oe.smi,<frozen-chemistry-source>,1
2874,A1IM8,resolved,CNC(=O)[C@@H](Cc1ccncc1)N,CNC(=O)[C@H](N)Cc1ccncc1,Components-smiles-stereo-oe.smi,<frozen-chemistry-source>,1
2644,A1IMU,resolved,CNC(=O)[C@@H]([C@H](C[C@@H]1CCNC1=O)NC(=O)[C@H](CC2CC2)N3C=CC=C(C3=O)NC(=O)Nc4ccccc4)O,CNC(=O)[C@H](O)[C@H](C[C@@H]1CCNC1=O)NC(=O)[C@H](CC1CC1)n1cccc(NC(=O)Nc2ccccc2)c1=O,Components-smiles-stereo-oe.smi,<frozen-chemistry-source>,1
481,A1L1V,resolved,Cc1ccc2c(c1[C@@H](C(=O)O)OC(C)(C)C)C3(CC2)CCC(CC3)C,Cc1ccc2c(c1[C@H](OC(C)(C)C)C(=O)O)C1(CC2)CCC(C)CC1,Components-smiles-stereo-oe.smi,<frozen-chemistry-source>,1
482,A1L1W,resolved,Cc1cc(c2c(c1[C@@H](C(=O)O)OC(C)(C)C)C3(CC2)CCC(CC3)C)C(=O)NC4CCCCCC4,Cc1cc(C(=O)NC2CCCCCC2)c2c(c1[C@H](OC(C)(C)C)C(=O)O)C1(CC2)CCC(C)CC1,Components-smiles-stereo-oe.smi,<frozen-chemistry-source>,1
2843,A1LYZ,resolved,CC(C)C[C@@H](C(=O)N[C@@H](C[C@@H]1CCNC1=O)C=O)NC(=O)OCc2ccc(cc2)OC,COc1ccc(COC(=O)N[C@@H](CC(C)C)C(=O)N[C@H](C=O)C[C@@H]2CCNC2=O)cc1,Components-smiles-stereo-oe.smi,<frozen-chemistry-source>,1
1078,A1R,resolved,c1nc(c2c(n1)n(cn2)[C@H]3[C@@H]([C@@H]([C@H](O3)CO[P@](=O)(O)O[P@@](=O)(O)OC[C@@H]4[C@H]([C@H](CN4)O)O)O)O)N,Nc1ncnc2c1ncn2[C@@H]1O[C@H](CO[P@](=O)(O)O[P@@](=O)(O)OC[C@H]2NC[C@H](O)[C@@H]2O)[C@@H](O)[C@H]1O,Components-smiles-stereo-oe.smi,<frozen-chemistry-source>,8
2797,A1W,resolved,c1ccc(cc1)[C@@H]2[C@@H](N(N=C2c3ccccc3)C(=O)CCl)c4ccccc4,O=C(CCl)N1N=C(c2ccccc2)[C@H](c2ccccc2)[C@@H]1c1ccccc1,Components-smiles-stereo-oe.smi,<frozen-chemistry-source>,1
566,A2G,resolved,CC(=O)N[C@@H]1[C@H]([C@H]([C@H](O[C@@H]1O)CO)O)O,CC(=O)N[C@@H]1[C@@H](O)[C@@H](O)[C@@H](CO)O[C@@H]1O,Components-smiles-stereo-oe.smi,<frozen-chemistry-source>,5
1107,A2M,resolved,CO[C@@H]1[C@@H]([C@H](O[C@H]1n2cnc3c2ncnc3N)COP(=O)(O)O)O,CO[C@@H]1[C@H](O)[C@@H](COP(=O)(O)O)O[C@H]1n1cnc2c(N)ncnc21,Components-smiles-stereo-oe.smi,<frozen-chemistry-source>,8
1833,A2R,resolved,c1nc(c2c(n1)n(cn2)[C@H]3[C@@H]([C@@H]([C@H](O3)CO[P@](=O)(O)O[P@@](=O)(O)OC[C@@H]4[C@H]([C@H]([C@@H](O4)O)O)O)O)OP(=O)(O)O)N,Nc1ncnc2c1ncn2[C@@H]1O[C@H](CO[P@](=O)(O)O[P@@](=O)(O)OC[C@H]2O[C@@H](O)[C@H](O)[C@@H]2O)[C@@H](O)[C@H]1OP(=O)(O)O,Components-smiles-stereo-oe.smi,<frozen-chemistry-source>,6
1079,A3R,resolved,c1nc(c2c(n1)n(cn2)[C@H]3[C@@H]([C@@H]([C@H](O3)COP(=O)(O)OP(=O)(O)OC[C@@H]4C[C@H](CN4)O)O)O)N,Nc1ncnc2c1ncn2[C@@H]1O[C@H](COP(=O)(O)OP(=O)(O)OC[C@@H]2C[C@@H](O)CN2)[C@@H](O)[C@H]1O,Components-smiles-stereo-oe.smi,<frozen-chemistry-source>,6
2543,A3X,resolved,C/C(=N\NC(=S)N)/c1ccc(c(c1)OC)O,COc1cc(/C(C)=N/NC(N)=S)ccc1O,Components-smiles-stereo-oe.smi,<frozen-chemistry-source>,1
2541,A4O,resolved,c1cc(c(cc1O)O)/C=N/NC(=S)N,NC(=S)N/N=C/c1ccc(O)cc1O,Components-smiles-stereo-oe.smi,<frozen-chemistry-source>,1
2539,A5I,resolved,COc1cc(cc(c1O)OC)/C=N/NC(=S)N,COc1cc(/C=N/NC(N)=S)cc(OC)c1O,Components-smiles-stereo-oe.smi,<frozen-chemistry-source>,1
188,A60,resolved,CCC(CC)C[N@@](C[C@H]([C@H](Cc1ccccc1)NC(=O)O[C@H]2CO[C@@H]3[C@H]2CCO3)O)S(=O)(=O)c4ccc(cc4)N,CCC(CC)CN(C[C@@H](O)[C@H](Cc1ccccc1)NC(=O)O[C@H]1CO[C@H]2OCC[C@H]21)S(=O)(=O)c1ccc(N)cc1,Components-smiles-stereo-oe.smi,<frozen-chemistry-source>,11
192,A61,resolved,CCC(CC)C[N@@](C[C@H]([C@H](Cc1ccccc1)NC(=O)O[C@H]2CO[C@@H]3[C@H]2CCO3)O)S(=O)(=O)c4ccc5c(c4)scn5,CCC(CC)CN(C[C@@H](O)[C@H](Cc1ccccc1)NC(=O)O[C@H]1CO[C@H]2OCC[C@H]21)S(=O)(=O)c1ccc2ncsc2c1,Components-smiles-stereo-oe.smi,<frozen-chemistry-source>,7
207,A68,resolved,CC[C@H](C)[C@@H](C(=O)N[C@@H](Cc1ccccc1)[C@@H](C[N@](CC(C)C)S(=O)(=O)c2ccc(cc2)OC)O)NC(=O)C,CC[C@H](C)[C@H](NC(C)=O)C(=O)N[C@@H](Cc1ccccc1)[C@H](O)CN(CC(C)C)S(=O)(=O)c1ccc(OC)cc1,Components-smiles-stereo-oe.smi,<frozen-chemistry-source>,3
203,A69,resolved,c1ccc(cc1)CCC[N@@](C[C@H]([C@H](Cc2ccccc2)NC(=O)c3cccc(c3)O)O)S(=O)(=O)c4ccc5c(c4)scn5,O=C(N[C@@H](Cc1ccccc1)[C@H](O)CN(CCCc1ccccc1)S(=O)(=O)c1ccc2ncsc2c1)c1cccc(O)c1,Components-smiles-stereo-oe.smi,<frozen-chemistry-source>,3
2540,A6Q,resolved,CCNC(=S)N/N=C/c1ccc(c(c1)O)O,CCNC(=S)N/N=C/c1ccc(O)c(O)c1,Components-smiles-stereo-oe.smi,<frozen-chemistry-source>,1
825,A76,resolved,CC(C)[C@@H](C(=O)N[C@@H](Cc1ccccc1)[C@H]([C@@H]([C@H](Cc2ccccc2)NC(=O)[C@H](C(C)C)NC(=O)N(C)Cc3ccccn3)O)O)NC(=O)N(C)Cc4ccccn4,CC(C)[C@H](NC(=O)N(C)Cc1ccccn1)C(=O)N[C@@H](Cc1ccccc1)[C@@H](O)[C@H](O)[C@H](Cc1ccccc1)NC(=O)[C@@H](NC(=O)N(C)Cc1ccccn1)C(C)C,Components-smiles-stereo-oe.smi,<frozen-chemistry-source>,3
823,A77,resolved,CC(C)[C@@H](C(=O)N[C@@H](Cc1ccccc1)[C@@H]([C@@H]([C@H](Cc2ccccc2)NC(=O)[C@H](C(C)C)NC(=O)N(C)Cc3ccccn3)O)O)NC(=O)N(C)Cc4ccccn4,CC(C)[C@H](NC(=O)N(C)Cc1ccccn1)C(=O)N[C@@H](Cc1ccccc1)[C@H](O)[C@H](O)[C@H](Cc1ccccc1)NC(=O)[C@@H](NC(=O)N(C)Cc1ccccn1)C(C)C,Components-smiles-stereo-oe.smi,<frozen-chemistry-source>,5
824,A78,resolved,CC(C)[C@@H](C(=O)N[C@@H](Cc1ccccc1)C[C@@H]([C@H](Cc2ccccc2)NC(=O)[C@H](C(C)C)NC(=O)N(C)Cc3cccc[nH+]3)O)NC(=O)N(C)Cc4cccc[nH+]4,CC(C)[C@H](NC(=O)N(C)Cc1cccc[nH+]1)C(=O)N[C@@H](Cc1ccccc1)C[C@H](O)[C@H](Cc1ccccc1)NC(=O)[C@@H](NC(=O)N(C)Cc1cccc[nH+]1)C(C)C,Components-smiles-stereo-oe.smi,<frozen-chemistry-source>,3
821,A79,resolved,CC(C)[C@@H](C(=O)N[C@@H](Cc1ccccc1)[C@@H]([C@H]([C@H](Cc2ccccc2)NC(=O)[C@H](C(C)C)NC(=O)N(C)Cc3ccccn3)O)O)NC(=O)N(C)Cc4ccccn4,CC(C)[C@H](NC(=O)N(C)Cc1ccccn1)C(=O)N[C@@H](Cc1ccccc1)[C@H](O)[C@@H](O)[C@H](Cc1ccccc1)NC(=O)[C@@H](NC(=O)N(C)Cc1ccccn1)C(C)C,Components-smiles-stereo-oe.smi,<frozen-chemistry-source>,5
2542,A7L,resolved,CCNC(=S)N/N=C/c1cc(ccc1O)O,CCNC(=S)N/N=C/c1cc(O)ccc1O,Components-smiles-stereo-oe.smi,<frozen-chemistry-source>,1
1793,A82,resolved,CC1=CN2C(=O)C=C(N=C2C(=C1)[C@@H](C)Nc3ccccc3C(=O)O)N4CCOCC4,Cc1cc([C@@H](C)Nc2ccccc2C(=O)O)c2nc(N3CCOCC3)cc(=O)n2c1,Components-smiles-stereo-oe.smi,<frozen-chemistry-source>,3
849,A83,resolved,CC(C)CN(C[C@H]([C@H](Cc1ccccc1)n2cc(nn2)CNC(=O)c3ccc(cc3)CNC(=O)OC(C)(C)C)O)S(=O)(=O)c4ccc(cc4)OC,COc1ccc(S(=O)(=O)N(CC(C)C)C[C@@H](O)[C@H](Cc2ccccc2)n2cc(CNC(=O)c3ccc(CNC(=O)OC(C)(C)C)cc3)nn2)cc1,Components-smiles-stereo-oe.smi,<frozen-chemistry-source>,3
799,A85,resolved,CC(C)[C@@H](C(=O)N[C@@H](Cc1ccccc1)C(C([C@H](Cc2ccccc2)NC(=O)[C@H](C(C)C)NC(=O)N(C)Cc3ccccn3)(F)F)(O)O)NC(=O)N(C)Cc4ccccn4,CC(C)[C@H](NC(=O)N(C)Cc1ccccn1)C(=O)N[C@@H](Cc1ccccc1)C(O)(O)C(F)(F)[C@H](Cc1ccccc1)NC(=O)[C@@H](NC(=O)N(C)Cc1ccccn1)C(C)C,Components-smiles-stereo-oe.smi,<frozen-chemistry-source>,3
761,A88,resolved,COc1cc(ccc1O)CN2[C@@H]([C@@H](C[N@](N(C2=O)Cc3ccc(c(c3)OC)O)Cc4ccccc4)O)Cc5ccccc5,COc1cc(CN2C(=O)N(Cc3ccc(O)c(OC)c3)N(Cc3ccccc3)C[C@@H](O)[C@H]2Cc2ccccc2)ccc1O,Components-smiles-stereo-oe.smi,<frozen-chemistry-source>,3
2751,A8J,resolved,CC(=O)c1cccc(c1)C(=O)OC(C)(C)C,CC(=O)c1cccc(C(=O)OC(C)(C)C)c1,Components-smiles-stereo-oe.smi,<frozen-chemistry-source>,1
1026,AAA,resolved,Cc1ccc(c(c1)N[C@@H](c2c(cccc2Br)Br)C(=O)N)C(=O)C,CC(=O)c1ccc(C)cc1N[C@H](C(N)=O)c1c(Br)cccc1Br,Components-smiles-stereo-oe.smi,<frozen-chemistry-source>,3
1132,AAC,resolved,CC(=O)NCC(=O)O,CC(=O)NCC(=O)O,Components-smiles-stereo-oe.smi,<frozen-chemistry-source>,1
1027,AAP,resolved,Cc1ccc(c(c1)N[C@@H](c2c(cccc2Cl)Cl)C(=O)N)C(=O)C,CC(=O)c1ccc(C)cc1N[C@H](C(N)=O)c1c(Cl)cccc1Cl,Components-smiles-stereo-oe.smi,<frozen-chemistry-source>,5
850,AAU,resolved,COc1cc(ccc1O)CN2[C@@H]([C@@H](CN(N(C2=O)Cc3ccc(c(c3)OC)O)C(=O)CCc4ccc(cc4)O)O)Cc5ccccc5,COc1cc(CN2C(=O)N(Cc3ccc(O)c(OC)c3)N(C(=O)CCc3ccc(O)cc3)C[C@@H](O)[C@H]2Cc2ccccc2)ccc1O,Components-smiles-stereo-oe.smi,<frozen-chemistry-source>,3
97,AB1,resolved,Cc1cccc(c1OCC(=O)N[C@@H](Cc2ccccc2)[C@H](C[C@H](Cc3ccccc3)NC(=O)[C@H](C(C)C)N4CCCNC4=O)O)C,Cc1cccc(C)c1OCC(=O)N[C@@H](Cc1ccccc1)[C@@H](O)C[C@H](Cc1ccccc1)NC(=O)[C@H](C(C)C)N1CCCNC1=O,Components-smiles-stereo-oe.smi,<frozen-chemistry-source>,25
78,AB2,resolved,CC(C)CN(C[C@H]([C@H](Cc1ccccc1)n2cc(nn2)COC(=O)N[C@@H]3c4ccccc4C[C@H]3O)O)S(=O)(=O)c5ccc(cc5)OC,COc1ccc(S(=O)(=O)N(CC(C)C)C[C@@H](O)[C@H](Cc2ccccc2)n2cc(COC(=O)N[C@@H]3c4ccccc4C[C@H]3O)nn2)cc1,Components-smiles-stereo-oe.smi,<frozen-chemistry-source>,5
2782,ABV,resolved,c1ccc2c(c1)nc(s2)N,Nc1nc2ccccc2s1,Components-smiles-stereo-oe.smi,<frozen-chemistry-source>,1
765,ABZ,resolved,c1cc(ccc1C#N)Nc2nc(nc(n2)N)Cc3c4cc[nH]c4ccc3Cl,N#Cc1ccc(Nc2nc(N)nc(Cc3c(Cl)ccc4[nH]ccc34)n2)cc1,Components-smiles-stereo-oe.smi,<frozen-chemistry-source>,3
154,AC7,resolved,COc1c(cc(cc1C(=O)OC)C(=CCCCC(=O)OC)c2cc(c(c(c2)C(=O)OC)OC)C#N)C#N,COC(=O)CCCC=C(c1cc(C#N)c(OC)c(C(=O)OC)c1)c1cc(C#N)c(OC)c(C(=O)OC)c1,Components-smiles-stereo-oe.smi,<frozen-chemistry-source>,3
764,ADB,resolved,c1cc(c(c(c1)Cl)Oc2nc(nc(n2)Nc3ccc(cc3)C#N)N)Cl,N#Cc1ccc(Nc2nc(N)nc(Oc3c(Cl)cccc3Cl)n2)cc1,Components-smiles-stereo-oe.smi,<frozen-chemistry-source>,3
1199,AF3,resolved,F[Al](F)F,[F][Al]([F])[F],Components-smiles-stereo-oe.smi,<frozen-chemistry-source>,9
210,AF8,resolved,CC(C)C[N@@](C[C@H]([C@H](Cc1ccccc1)NC(=O)c2cccc(c2)O)O)S(=O)(=O)c3ccc(s3)c4ccno4,CC(C)CN(C[C@@H](O)[C@H](Cc1ccccc1)NC(=O)c1cccc(O)c1)S(=O)(=O)c1ccc(-c2ccno2)s1,Components-smiles-stereo-oe.smi,<frozen-chemistry-source>,3
1203,AG7,resolved,CCOC(=O)CC[C@H](C[C@@H]1CCNC1=O)NC(=O)[C@H](Cc2ccc(cc2)F)CC(=O)[C@H](C(C)C)NC(=O)c3cc(on3)C,CCOC(=O)CC[C@H](C[C@@H]1CCNC1=O)NC(=O)[C@@H](CC(=O)[C@@H](NC(=O)c1cc(C)on1)C(C)C)Cc1ccc(F)cc1,Components-smiles-stereo-oe.smi,<frozen-chemistry-source>,4
787,AH1,resolved,c1ccc(cc1)CN2[C@@H]([C@@H]([C@H]([C@H](N(C2=O)Cc3ccccc3)COc4ccccc4)O)O)COc5ccccc5,O=C1N(Cc2ccccc2)[C@H](COc2ccccc2)[C@H](O)[C@@H](O)[C@@H](COc2ccccc2)N1Cc1ccccc1,Components-smiles-stereo-oe.smi,<frozen-chemistry-source>,3
3023,AH2,resolved,C1[C@H]([C@H]([C@@H]([C@H](O1)CO)O)O)O,OC[C@H]1OC[C@@H](O)[C@@H](O)[C@@H]1O,Components-smiles-stereo-oe.smi,<frozen-chemistry-source>,1
809,AHF,resolved,COC(c1ccc(cc1)CN2[C@@H]([C@@H]([C@H]([C@H]([N@](S2(=O)=O)Cc3ccc(cc3)CO)COc4ccccc4)O)O)COc5ccccc5)O,COC(O)c1ccc(CN2[C@H](COc3ccccc3)[C@H](O)[C@@H](O)[C@@H](COc3ccccc3)N(Cc3ccc(CO)cc3)S2(=O)=O)cc1,Components-smiles-stereo-oe.smi,<frozen-chemistry-source>,3
858,AI,resolved,CC(C)[C@@H](C(=O)N[C@@H](Cc1ccccc1)[C@@H]([C@H]([C@H](CC2CCCCC2)NC(=O)[C@H](C(C)C)NC(=O)N(C)Cc3ccccn3)O)O)NC(=O)N(C)Cc4ccccn4,CC(C)[C@H](NC(=O)N(C)Cc1ccccn1)C(=O)N[C@@H](Cc1ccccc1)[C@H](O)[C@@H](O)[C@H](CC1CCCCC1)NC(=O)[C@@H](NC(=O)N(C)Cc1ccccn1)C(C)C,Components-smiles-stereo-oe.smi,<frozen-chemistry-source>,3
2752,AIE,resolved,CC(=O)c1cccc(c1)C(=O)Nc2ccccc2,CC(=O)c1cccc(C(=O)Nc2ccccc2)c1,Components-smiles-stereo-oe.smi,<frozen-chemistry-source>,1
445,AJ2,resolved,Cc1cc(nc2c1cccc2)O,Cc1cc(O)nc2ccccc12,Components-smiles-stereo-oe.smi,<frozen-chemistry-source>,3
2753,AJF,resolved,CC(=O)c1cccc(c1)C(=O)N[C@@H](Cc2ccccc2)C(=O)OC,COC(=O)[C@H](Cc1ccccc1)NC(=O)c1cccc(C(C)=O)c1,Components-smiles-stereo-oe.smi,<frozen-chemistry-source>,1
63,AKC,resolved,CCOCCOC(=O)N[C@@H](Cc1ccccc1)[C@H](C[C@]2(C(=O)C(=CN2)[C@H]3c4ccccc4[C@@H]5[C@H]3OC(=O)N5)Cc6ccccc6)O,CCOCCOC(=O)N[C@@H](Cc1ccccc1)[C@@H](O)C[C@]1(Cc2ccccc2)NC=C([C@H]2c3ccccc3[C@H]3NC(=O)O[C@H]32)C1=O,Components-smiles-stereo-oe.smi,<frozen-chemistry-source>,3
2476,ALC,resolved,C1CCC(CC1)C[C@@H](C(=O)O)N,N[C@@H](CC1CCCCC1)C(=O)O,Components-smiles-stereo-oe.smi,<frozen-chemistry-source>,1
1832,ALD,resolved,CC(C)C[C@@H](CO)NC(=O)[C@H](CC(C)C)NC(=O)[C@H](CC(C)C)NC(=O)OCc1ccccc1,CC(C)C[C@@H](CO)NC(=O)[C@H](CC(C)C)NC(=O)[C@H](CC(C)C)NC(=O)OCc1ccccc1,Components-smiles-stereo-oe.smi,<frozen-chemistry-source>,10
1076,ALQ,resolved,CC(C)C(=O)O,CC(C)C(=O)O,Components-smiles-stereo-oe.smi,<frozen-chemistry-source>,5
5,ALY,resolved,CC(=O)NCCCC[C@@H](C(=O)O)N,CC(=O)NCCCC[C@H](N)C(=O)O,Components-smiles-stereo-oe.smi,<frozen-chemistry-source>,8
1125,AME,resolved,CC(=O)N[C@@H](CCSC)C(=O)O,CSCC[C@H](NC(C)=O)C(=O)O,Components-smiles-stereo-oe.smi,<frozen-chemistry-source>,1
1411,ANN,resolved,COc1ccc(cc1)C(=O)O,COc1ccc(C(=O)O)cc1,Components-smiles-stereo-oe.smi,<frozen-chemistry-source>,3
2754,AO0,resolved,CC(=O)c1cccc(c1)NP(=O)(Oc2ccccc2)Oc3ccccc3,CC(=O)c1cccc(NP(=O)(Oc2ccccc2)Oc2ccccc2)c1,Components-smiles-stereo-oe.smi,<frozen-chemistry-source>,1
1346,AOT,resolved,c1ccc(cc1)NC(=O)C(=O)O,O=C(O)C(=O)Nc1ccccc1,Components-smiles-stereo-oe.smi,<frozen-chemistry-source>,3
1382,APG,resolved,C[C@](c1ccccc1)(C(=O)O)O,C[C@@](O)(C(=O)O)c1ccccc1,Components-smiles-stereo-oe.smi,<frozen-chemistry-source>,3
1077,APR,resolved,c1nc(c2c(n1)n(cn2)[C@H]3[C@@H]([C@@H]([C@H](O3)CO[P@](=O)(O)O[P@](=O)(O)OC[C@@H]4[C@H]([C@H]([C@@H](O4)O)O)O)O)O)N,Nc1ncnc2c1ncn2[C@@H]1O[C@H](CO[P@](=O)(O)O[P@](=O)(O)OC[C@H]2O[C@@H](O)[C@H](O)[C@@H]2O)[C@@H](O)[C@H]1O,Components-smiles-stereo-oe.smi,<frozen-chemistry-source>,26
1789,APY,resolved,c1ccnc(c1)CN,NCc1ccccn1,Components-smiles-stereo-oe.smi,<frozen-chemistry-source>,3
1344,AQO,resolved,c1ccc2c(c1)C(=O)NC(=N2)N,Nc1nc2ccccc2c(=O)[nH]1,Components-smiles-stereo-oe.smi,<frozen-chemistry-source>,5
2417,AR6,resolved,c1nc(c2c(n1)n(cn2)[C@H]3[C@@H]([C@@H]([C@H](O3)COP(=O)(O)OP(=O)(O)OC[C@@H]4[C@H]([C@H]([C@H](O4)O)O)O)O)O)N,Nc1ncnc2c1ncn2[C@@H]1O[C@H](COP(=O)(O)OP(=O)(O)OC[C@H]2O[C@H](O)[C@H](O)[C@@H]2O)[C@@H](O)[C@H]1O,Components-smiles-stereo-oe.smi,<frozen-chemistry-source>,3
2506,AR7,resolved,C(C[C@@H](C(O)O)N)CNC(=[NH2+])N,NC(=[NH2+])NCCC[C@H](N)C(O)O,Components-smiles-stereo-oe.smi,<frozen-chemistry-source>,3
755,ARG,resolved,C(C[C@@H](C(=O)O)N)CNC(=[NH2+])N,NC(=[NH2+])NCCC[C@H](N)C(=O)O,Components-smiles-stereo-oe.smi,<frozen-chemistry-source>,8
877,ARQ,resolved,CC(C)(C)OC(=O)N[C@@H](Cc1ccccc1)[C@H](C[N@@+](C)(Cc2ccccc2)NC(=O)c3ccccc3)O,CC(C)(C)OC(=O)N[C@@H](Cc1ccccc1)[C@@H](O)C[N@@+](C)(Cc1ccccc1)NC(=O)c1ccccc1,Components-smiles-stereo-oe.smi,<frozen-chemistry-source>,3
2504,ASC,resolved,C([C@@H]([C@@H]1C(=C(C(=O)O1)O)O)O)O,O=C1O[C@H]([C@@H](O)CO)C(O)=C1O,Components-smiles-stereo-oe.smi,<frozen-chemistry-source>,1
1856,AT9,resolved,C[C@]1([C@@H]([C@H](O[C@H]1n2cnc3c2N=C(NC3=O)N)COP(=O)(O)OP(=O)(O)OP(=O)(O)O)O)F,C[C@@]1(F)[C@H](O)[C@@H](COP(=O)(O)OP(=O)(O)OP(=O)(O)O)O[C@H]1n1cnc2c(=O)[nH]c(N)nc21,Components-smiles-stereo-oe.smi,<frozen-chemistry-source>,5
2653,AU,resolved,[Au+],[Au+],Components-smiles-stereo-oe.smi,<frozen-chemistry-source>,7
628,AVX,resolved,Cn1c(cc(n1)c2cc3c(c(c2)Br)OCO3)N,Cn1nc(-c2cc(Br)c3c(c2)OCO3)cc1N,Components-smiles-stereo-oe.smi,<frozen-chemistry-source>,4
1144,AW2,resolved,CC(C)[N@](CCCNC(=O)Nc1ccc(cc1)C(C)(C)C)C[C@@H]2[C@H]([C@H]([C@@H](O2)n3cc(c4c3ncnc4N)Br)O)O,CC(C)N(CCCNC(=O)Nc1ccc(C(C)(C)C)cc1)C[C@H]1O[C@@H](n2cc(Br)c3c(N)ncnc32)[C@H](O)[C@@H]1O,Components-smiles-stereo-oe.smi,<frozen-chemistry-source>,1
1564,AWD,resolved,CN1CCN(CC1)C(=O)Nc2ccc(cc2)F,CN1CCN(C(=O)Nc2ccc(F)cc2)CC1,Components-smiles-stereo-oe.smi,<frozen-chemistry-source>,3
1226,AWP,resolved,c1cnccc1CCNC(=O)NC2CCCCC2,O=C(NCCc1ccncc1)NC1CCCCC1,Components-smiles-stereo-oe.smi,<frozen-chemistry-source>,3
1131,AYA,resolved,C[C@@H](C(=O)O)NC(=O)C,CC(=O)N[C@@H](C)C(=O)O,Components-smiles-stereo-oe.smi,<frozen-chemistry-source>,1
1782,AYE,resolved,C=CCN,C=CCN,Components-smiles-stereo-oe.smi,<frozen-chemistry-source>,7
966,B0F,resolved,Cc1cc(cc(c1OCC(=O)N[C@@H](Cc2ccccc2)[C@@H](C(=O)N3CSC([C@H]3C(=O)N[C@H]4c5ccccc5C[C@H]4O)(C)C)O)C)NC(=O)CCCC[C@H]6[C@@H]7[C@H](CS6)NC(=O)N7,Cc1cc(NC(=O)CCCC[C@@H]2SC[C@@H]3NC(=O)N[C@@H]32)cc(C)c1OCC(=O)N[C@@H](Cc1ccccc1)[C@H](O)C(=O)N1CSC(C)(C)[C@H]1C(=O)N[C@H]1c2ccccc2C[C@H]1O,Components-smiles-stereo-oe.smi,<frozen-chemistry-source>,3
659,B0T,resolved,CC[C@H](C)NC(=O)c1ccccc1CN(C)Cc2ccc3c(c2C(=O)O)OC[C@@H](O3)CCC(=O)O,CC[C@H](C)NC(=O)c1ccccc1CN(C)Cc1ccc2c(c1C(=O)O)OC[C@H](CCC(=O)O)O2,Components-smiles-stereo-oe.smi,<frozen-chemistry-source>,4
1532,B0V,resolved,Cc1cc(c(c(c1)C)NC(=O)COC)C,COCC(=O)Nc1c(C)cc(C)cc1C,Components-smiles-stereo-oe.smi,<frozen-chemistry-source>,4
1461,B1A,resolved,CC(=O)Nc1ccc(cc1)Nc2ccccc2,CC(=O)Nc1ccc(Nc2ccccc2)cc1,Components-smiles-stereo-oe.smi,<frozen-chemistry-source>,3
2595,B1S,resolved,CC(C)C[C@@H](C(=O)N[C@@H](C[C@@H]1CCNC1=O)C(O)S(=O)(=O)O)NC(=O)OCc2ccccc2,CC(C)C[C@H](NC(=O)OCc1ccccc1)C(=O)N[C@@H](C[C@@H]1CCNC1=O)C(O)S(=O)(=O)O,Components-smiles-stereo-oe.smi,<frozen-chemistry-source>,6
488,B3S,resolved,C([C@H](CO)N)C(=O)O,N[C@@H](CO)CC(=O)O,Components-smiles-stereo-oe.smi,<frozen-chemistry-source>,3
995,B4R,resolved,B(c1ccc(cc1)S(=O)(=O)N(C[C@H]([C@H](Cc2ccccc2)NC(=O)O[C@H]3CCO[C@@H]4[C@H]3CCO4)O)CC(C)C)(O)O,CC(C)CN(C[C@@H](O)[C@H](Cc1ccccc1)NC(=O)O[C@H]1CCO[C@H]2OCC[C@H]21)S(=O)(=O)c1ccc(B(O)O)cc1,Components-smiles-stereo-oe.smi,<frozen-chemistry-source>,3
2755,B7Y,resolved,CC(C)[C@@H](C(=O)OC)NC(=O)c1cccc(c1)C(=O)CCCCl,COC(=O)[C@@H](NC(=O)c1cccc(C(=O)CCCCl)c1)C(C)C,Components-smiles-stereo-oe.smi,<frozen-chemistry-source>,1
1111,B8N,resolved,CN1C=C(C(=O)N(C1=O)CC[C@H](C(=O)O)N)[C@H]2[C@@H]([C@@H]([C@H](O2)COP(=O)(O)O)O)O,Cn1cc([C@@H]2O[C@H](COP(=O)(O)O)[C@@H](O)[C@H]2O)c(=O)n(CC[C@@H](N)C(=O)O)c1=O,Components-smiles-stereo-oe.smi,<frozen-chemistry-source>,1
336,BA5,resolved,COC(=O)C1=C(c2cccnc2N(C1=O)O)N,COC(=O)c1c(N)c2cccnc2n(O)c1=O,Components-smiles-stereo-oe.smi,<frozen-chemistry-source>,3
1497,BAQ,resolved,C1CC(=O)NC1,O=C1CCCN1,Components-smiles-stereo-oe.smi,<frozen-chemistry-source>,4
842,BAY,resolved,CC(C)[C@@H](C(=O)N[C@@H](Cc1ccccc1)[C@H]([C@@H]([C@H](Cc2ccccc2)NC(=O)[C@H](C(C)C)NC(=O)[C@H](Cc3cccc4c3cccc4)CS(=O)(=O)C(C)(C)C)O)O)NC(=O)[C@H](Cc5cccc6c5cccc6)CS(=O)(=O)C(C)(C)C,CC(C)[C@H](NC(=O)[C@H](Cc1cccc2ccccc12)CS(=O)(=O)C(C)(C)C)C(=O)N[C@@H](Cc1ccccc1)[C@@H](O)[C@H](O)[C@H](Cc1ccccc1)NC(=O)[C@@H](NC(=O)[C@H](Cc1cccc2ccccc12)CS(=O)(=O)C(C)(C)C)C(C)C,Components-smiles-stereo-oe.smi,<frozen-chemistry-source>,5
633,BBY,resolved,Cn1c(cc(n1)N)c2cc3c(c(c2)Br)OCO3,Cn1nc(N)cc1-c1cc(Br)c2c(c1)OCO2,Components-smiles-stereo-oe.smi,<frozen-chemistry-source>,4
644,BCK,resolved,Cn1c(c(cn1)CO)c2ccccc2,Cn1ncc(CO)c1-c1ccccc1,Components-smiles-stereo-oe.smi,<frozen-chemistry-source>,3
3024,BCN,resolved,C(CO)N(CCO)CC(=O)O,O=C(O)CN(CCO)CCO,Components-smiles-stereo-oe.smi,<frozen-chemistry-source>,1
646,BCU,resolved,c1ccc2c(c1)C[C@@H](CO2)CO,OC[C@@H]1COc2ccccc2C1,Components-smiles-stereo-oe.smi,<frozen-chemistry-source>,4
489,BCX,resolved,C([C@H](CS)N)C(=O)O,N[C@@H](CS)CC(=O)O,Components-smiles-stereo-oe.smi,<frozen-chemistry-source>,3
801,BEB,resolved,c1ccc(cc1)CO[C@H]([C@@H]([C@H]([C@H](C(=O)N[C@H]2c3ccccc3C[C@H]2O)OCc4ccccc4)O)O)C(=O)N[C@H]5c6ccccc6C[C@H]5O,O=C(N[C@H]1c2ccccc2C[C@H]1O)[C@H](OCc1ccccc1)[C@H](O)[C@@H](O)[C@@H](OCc1ccccc1)C(=O)N[C@H]1c2ccccc2C[C@H]1O,Components-smiles-stereo-oe.smi,<frozen-chemistry-source>,3
802,BEC,resolved,CC(C)[C@@H](C(=O)NC)NC(=O)[C@@H]([C@@H]([C@H]([C@H](C(=O)N[C@H]1c2ccccc2C[C@H]1O)OCc3ccccc3)O)O)OCc4ccccc4,CNC(=O)[C@@H](NC(=O)[C@H](OCc1ccccc1)[C@H](O)[C@@H](O)[C@@H](OCc1ccccc1)C(=O)N[C@H]1c2ccccc2C[C@H]1O)C(C)C,Components-smiles-stereo-oe.smi,<frozen-chemistry-source>,3
803,BED,resolved,c1ccc2c(c1)C[C@H]([C@H]2NC(=O)[C@@H]([C@@H]([C@H]([C@H](C(=O)N[C@H]3c4ccccc4C[C@H]3O)OCc5ccccc5F)O)O)OCc6ccccc6F)O,O=C(N[C@H]1c2ccccc2C[C@H]1O)[C@H](OCc1ccccc1F)[C@H](O)[C@@H](O)[C@@H](OCc1ccccc1F)C(=O)N[C@H]1c2ccccc2C[C@H]1O,Components-smiles-stereo-oe.smi,<frozen-chemistry-source>,3
804,BEE,resolved,CC(C)[C@@H](C(=O)NC)NC(=O)[C@@H]([C@@H]([C@H]([C@H](C(=O)N[C@@H](C(C)C)C(=O)NC)OCc1ccc(cc1)c2ccsc2)O)O)OCc3ccc(cc3)c4ccsc4,CNC(=O)[C@@H](NC(=O)[C@H](OCc1ccc(-c2ccsc2)cc1)[C@H](O)[C@@H](O)[C@@H](OCc1ccc(-c2ccsc2)cc1)C(=O)N[C@H](C(=O)NC)C(C)C)C(C)C,Components-smiles-stereo-oe.smi,<frozen-chemistry-source>,3
800,BEI,resolved,CC[C@H](C)[C@@H](C(=O)NC)NC(=O)[C@@H]([C@@H]([C@H]([C@H](C(=O)N[C@@H]([C@@H](C)CC)C(=O)NC)OCc1ccccc1)O)O)OCc2ccccc2,CC[C@H](C)[C@H](NC(=O)[C@H](OCc1ccccc1)[C@H](O)[C@@H](O)[C@@H](OCc1ccccc1)C(=O)N[C@H](C(=O)NC)[C@@H](C)CC)C(=O)NC,Components-smiles-stereo-oe.smi,<frozen-chemistry-source>,3
805,BEJ,resolved,CC(C)[C@@H](C(=O)NC)NC(=O)[C@@H]([C@@H]([C@H]([C@H](C(=O)N[C@@H](C(C)C)C(=O)NC)OCc1ccc(cc1)c2cccnc2)O)O)OCc3ccc(cc3)c4cccnc4,CNC(=O)[C@@H](NC(=O)[C@H](OCc1ccc(-c2cccnc2)cc1)[C@H](O)[C@@H](O)[C@@H](OCc1ccc(-c2cccnc2)cc1)C(=O)N[C@H](C(=O)NC)C(C)C)C(C)C,Components-smiles-stereo-oe.smi,<frozen-chemistry-source>,3
1104,BEZ,resolved,c1ccc(cc1)C(=O)O,O=C(O)c1ccccc1,Components-smiles-stereo-oe.smi,<frozen-chemistry-source>,1
1024,BFU,resolved,CCC(=O)c1ccc(c(c1O)[C@@H]2C[C@@H]2NC(=O)Nc3ccc(cn3)Br)F,CCC(=O)c1ccc(F)c([C@@H]2C[C@@H]2NC(=O)Nc2ccc(Br)cn2)c1O,Components-smiles-stereo-oe.smi,<frozen-chemistry-source>,3
840,BH0,resolved,c1ccc(cc1)C[C@@H]2[C@@H](CN(N(C(=O)N2Cc3ccc(cc3)O)Cc4ccc(cc4)O)S(=O)(=O)c5cccc(c5)C#N)O,N#Cc1cccc(S(=O)(=O)N2C[C@@H](O)[C@@H](Cc3ccccc3)N(Cc3ccc(O)cc3)C(=O)N2Cc2ccc(O)cc2)c1,Components-smiles-stereo-oe.smi,<frozen-chemistry-source>,3
1369,BHA,resolved,c1cc(c(cc1N)O)C(=O)O,Nc1ccc(C(=O)O)c(O)c1,Components-smiles-stereo-oe.smi,<frozen-chemistry-source>,3
300,BHC,resolved,c1(c(c(c(c(c1C(=O)O)C(=O)O)C(=O)O)C(=O)O)C(=O)O)C(=O)O,O=C(O)c1c(C(=O)O)c(C(=O)O)c(C(=O)O)c(C(=O)O)c1C(=O)O,Components-smiles-stereo-oe.smi,<frozen-chemistry-source>,3
2631,BJ6,resolved,c1ccc(cc1)c2c(oc(n2)CCC(=O)O)c3ccccc3,O=C(O)CCc1nc(-c2ccccc2)c(-c2ccccc2)o1,Components-smiles-stereo-oe.smi,<frozen-chemistry-source>,1
3001,BLA,resolved,Cc1c(c([nH]c1\C=C/2\C(=C(C(=O)N2)C=C)C)\C=C/3\C(=C(C(=N3)\C=C/4\C(=C(C(=O)N4)C)C=C)C)CCC(=O)O)CCC(=O)O,C=CC1=C(C)/C(=C/c2[nH]c(/C=C3N=C(/C=C4\NC(=O)C(C)=C4C=C)C(C)=C\3CCC(=O)O)c(CCC(=O)O)c2C)NC1=O,Components-smiles-stereo-oe.smi,<frozen-chemistry-source>,11
844,BLL,resolved,c1ccc(cc1)CC[C@H]([C@H]([C@@H]([C@@H](CCc2ccccc2)C(=O)N[C@H]3c4ccccc4C[C@H]3O)O)O)C(=O)N[C@H]5c6ccccc6C[C@H]5O,O=C(N[C@H]1c2ccccc2C[C@H]1O)[C@H](CCc1ccccc1)[C@@H](O)[C@H](O)[C@@H](CCc1ccccc1)C(=O)N[C@H]1c2ccccc2C[C@H]1O,Components-smiles-stereo-oe.smi,<frozen-chemistry-source>,3
3012,BLR,resolved,Cc1c(c([nH]c1/C=C\2/C(=C(C(=O)N2)C=C)C)Cc3c(c(c([nH]3)/C=C\4/C(=C(C(=O)N4)C)C=C)C)CCC(=O)O)CCC(=O)O,C=CC1=C(C)/C(=C/c2[nH]c(Cc3[nH]c(/C=C4\NC(=O)C(C)=C4C=C)c(C)c3CCC(=O)O)c(CCC(=O)O)c2C)NC1=O,Components-smiles-stereo-oe.smi,<frozen-chemistry-source>,1
1018,BM1,resolved,Cc1cccc(c1)[C@@]23c4ccccc4C(=O)N2CCS3,Cc1cccc([C@]23SCCN2C(=O)c2ccccc23)c1,Components-smiles-stereo-oe.smi,<frozen-chemistry-source>,3
1019,BM5,resolved,COC(=O)[C@@H]1CS[C@]2(N1C(=O)c3c2cccc3)c4ccccc4,COC(=O)[C@@H]1CS[C@]2(c3ccccc3)c3ccccc3C(=O)N12,Components-smiles-stereo-oe.smi,<frozen-chemistry-source>,3
631,BMC,resolved,Cn1c(cc(n1)c2ccc3c(c2)OCO3)C(=O)O,Cn1nc(-c2ccc3c(c2)OCO3)cc1C(=O)O,Components-smiles-stereo-oe.smi,<frozen-chemistry-source>,4
438,BML,resolved,c1cc(ccc1O)Br,Oc1ccc(Br)cc1,Components-smiles-stereo-oe.smi,<frozen-chemistry-source>,3
2428,BO3,resolved,B(O)(O)O,OB(O)O,Components-smiles-stereo-oe.smi,<frozen-chemistry-source>,1
2637,BOC,resolved,CC(C)(C)OC(=O)O,CC(C)(C)OC(=O)O,Components-smiles-stereo-oe.smi,<frozen-chemistry-source>,1
2992,BOV,resolved,CC(C)C[C@@H](C(=O)NN(C[C@@H]1CCNC1=O)C(=O)CF)NC(=O)c2cc3c([nH]2)cccc3F,CC(C)C[C@H](NC(=O)c1cc2c(F)cccc2[nH]1)C(=O)NN(C[C@@H]1CCNC1=O)C(=O)CF,Components-smiles-stereo-oe.smi,<frozen-chemistry-source>,1
1059,BTB,resolved,C(CO)N(CCO)C(CO)(CO)CO,OCCN(CCO)C(CO)(CO)CO,Components-smiles-stereo-oe.smi,<frozen-chemistry-source>,8
3004,BU2,resolved,C[C@@H](CCO)O,C[C@H](O)CCO,Components-smiles-stereo-oe.smi,<frozen-chemistry-source>,7
1410,BVF,resolved,Cc1ccnc(c1)N,Cc1ccnc(N)c1,Components-smiles-stereo-oe.smi,<frozen-chemistry-source>,3
957,BVR,invalid_smiles,,,,,5
1361,BXW,resolved,c1cc2c(cc1C(=O)O)SCC(=O)N2,O=C1CSc2cc(C(=O)O)ccc2N1,Components-smiles-stereo-oe.smi,<frozen-chemistry-source>,3
129,BZN,resolved,CC(C)CN(C[C@H]1CNC[C@@H]1COCc2ccccc2)S(=O)(=O)c3ccccc3,CC(C)CN(C[C@H]1CNC[C@@H]1COCc1ccccc1)S(=O)(=O)c1ccccc1,Components-smiles-stereo-oe.smi,<frozen-chemistry-source>,3
627,BZX,resolved,c1cc2c(cc1O)OCO2,Oc1ccc2c(c1)OCO2,Components-smiles-stereo-oe.smi,<frozen-chemistry-source>,7
812,C20,resolved,CC(C)[C@@H](C(=O)N[C@@H](Cc1ccccc1)[C@H](C[N@](CC2CCCCC2)NC(=O)[C@H](C(C)C)NC(=O)C)O)NC(=O)C,CC(=O)N[C@H](C(=O)N[C@@H](Cc1ccccc1)[C@@H](O)CN(CC1CCCCC1)NC(=O)[C@@H](NC(C)=O)C(C)C)C(C)C,Components-smiles-stereo-oe.smi,<frozen-chemistry-source>,3
683,C5Q,resolved,c1ccc2c(c1)c(c[nH]2)Cc3ccc4c(c3C(=O)O)OCO4,O=C(O)c1c(Cc2c[nH]c3ccccc23)ccc2c1OCO2,Components-smiles-stereo-oe.smi,<frozen-chemistry-source>,6
2501,C7A,resolved,CC(C)(C)c1ccc(cc1)N([C@H](c2cccnc2)C(=O)NC3CCCCC3)C(=O)CCl,CC(C)(C)c1ccc(N(C(=O)CCl)[C@@H](C(=O)NC2CCCCC2)c2cccnc2)cc1,Components-smiles-stereo-oe.smi,<frozen-chemistry-source>,1
926,C7J,resolved,CC(C)CN(CC([C@H](Cc1ccccc1)NC(=O)O[C@H]2CO[C@@H]3[C@H]2[C@H](CO3)Cl)O)S(=O)(=O)c4ccc(cc4)N,CC(C)CN(CC(O)[C@H](Cc1ccccc1)NC(=O)O[C@H]1CO[C@H]2OC[C@H](Cl)[C@H]21)S(=O)(=O)c1ccc(N)cc1,Components-smiles-stereo-oe.smi,<frozen-chemistry-source>,3
928,C7L,resolved,CC(C)CN(C[C@H]([C@H](Cc1ccccc1)NC(=O)O[C@H]2CO[C@@H]3[C@H]2[C@H](CO3)OCCOC)O)S(=O)(=O)c4ccc(cc4)N,COCCO[C@H]1CO[C@@H]2OC[C@H](OC(=O)N[C@@H](Cc3ccccc3)[C@H](O)CN(CC(C)C)S(=O)(=O)c3ccc(N)cc3)[C@@H]21,Components-smiles-stereo-oe.smi,<frozen-chemistry-source>,3
925,C7U,resolved,CC(C)CN(C[C@H]([C@H](Cc1ccccc1)NC(=O)O[C@H]2CO[C@@H]3[C@H]2[C@H](CO3)Cl)O)S(=O)(=O)c4ccc5c(c4)oc(n5)NC,CNc1nc2ccc(S(=O)(=O)N(CC(C)C)C[C@@H](O)[C@H](Cc3ccccc3)NC(=O)O[C@H]3CO[C@H]4OC[C@H](Cl)[C@H]43)cc2o1,Components-smiles-stereo-oe.smi,<frozen-chemistry-source>,3
927,C7W,resolved,CC(C)CN(C[C@H]([C@H](Cc1ccccc1)NC(=O)O[C@H]2CO[C@@H]3[C@H]2[C@H](CO3)OCCC(F)(F)F)O)S(=O)(=O)c4ccc5c(c4)oc(n5)NC,CNc1nc2ccc(S(=O)(=O)N(CC(C)C)C[C@@H](O)[C@H](Cc3ccccc3)NC(=O)O[C@H]3CO[C@H]4OC[C@H](OCCC(F)(F)F)[C@H]43)cc2o1,Components-smiles-stereo-oe.smi,<frozen-chemistry-source>,3
1805,CB1,resolved,c1c(c(cc(c1N2CC2)[N+](=O)[O-])[N+](=O)[O-])C(=O)N,NC(=O)c1cc(N2CC2)c([N+](=O)[O-])cc1[N+](=O)[O-],Components-smiles-stereo-oe.smi,<frozen-chemistry-source>,1
57,CB5,invalid_smiles,,,,,6
640,CBJ,resolved,c1cc2c(cc1Br)C(=O)C(=O)N2Cc3ccc4c(c3C(=O)O)OCCO4,O=C1C(=O)N(Cc2ccc3c(c2C(=O)O)OCCO3)c2ccc(Br)cc21,Components-smiles-stereo-oe.smi,<frozen-chemistry-source>,11
3021,CCS,resolved,C([C@@H](C(=O)O)N)SCC(=O)O,N[C@@H](CSCC(=O)O)C(=O)O,Components-smiles-stereo-oe.smi,<frozen-chemistry-source>,1
639,CD9,resolved,c1cc2c(cc1Cl)N(C(=O)C2)Cc3ccc4c(c3C(=O)O)OCO4,O=C(O)c1c(CN2C(=O)Cc3ccc(Cl)cc32)ccc2c1OCO2,Components-smiles-stereo-oe.smi,<frozen-chemistry-source>,4
638,CDQ,resolved,c1cc2c(cc1Cl)CC(=O)N2Cc3ccc4c(c3C(=O)O)OCCO4,O=C(O)c1c(CN2C(=O)Cc3cc(Cl)ccc32)ccc2c1OCCO2,Components-smiles-stereo-oe.smi,<frozen-chemistry-source>,8
1801,CF0,resolved,CF,CF,Components-smiles-stereo-oe.smi,<frozen-chemistry-source>,7
1848,CFF,resolved,Cn1cnc2c1C(=O)N(C(=O)N2C)C,Cn1c(=O)c2c(ncn2C)n(C)c1=O,Components-smiles-stereo-oe.smi,<frozen-chemistry-source>,7
42,CG1,resolved,CO[P@@](=O)(O)OC[C@@H]1[C@H]([C@H]([C@@H](O1)n2cnc3c2N=C(NC3=O)N)O)O,CO[P@@](=O)(O)OC[C@H]1O[C@@H](n2cnc3c(=O)[nH]c(N)nc32)[C@H](O)[C@@H]1O,Components-smiles-stereo-oe.smi,<frozen-chemistry-source>,3
637,CIW,resolved,c1cc2c(cc1Cl)CC(=O)N2Cc3ccc4c(c3C(=O)O)OCO4,O=C(O)c1c(CN2C(=O)Cc3cc(Cl)ccc32)ccc2c1OCO2,Components-smiles-stereo-oe.smi,<frozen-chemistry-source>,4
324,CKD,resolved,c1ccc(cc1)S(=O)(=O)N2CCNC[C@@H]2CCc3c(cccc3F)NC(=O)CC(c4ccc(cc4)F)c5ccc(cc5)F,O=C(CC(c1ccc(F)cc1)c1ccc(F)cc1)Nc1cccc(F)c1CC[C@H]1CNCCN1S(=O)(=O)c1ccccc1,Components-smiles-stereo-oe.smi,<frozen-chemistry-source>,3
325,CKM,resolved,C[C@@H]1CNC[C@@H](N1S(=O)(=O)c2ccccc2)CCc3c(cccc3F)NC(=O)CC(c4ccc(cc4)F)c5ccc(cc5)F,C[C@@H]1CNC[C@H](CCc2c(F)cccc2NC(=O)CC(c2ccc(F)cc2)c2ccc(F)cc2)N1S(=O)(=O)c1ccccc1,Components-smiles-stereo-oe.smi,<frozen-chemistry-source>,4
326,CKS,resolved,C[C@@H]1CN([C@H](CN1)CCc2c(cccc2F)NC(=O)CC(c3ccc(cc3)F)c4ccc(cc4)F)S(=O)(=O)c5ccccc5,C[C@@H]1CN(S(=O)(=O)c2ccccc2)[C@@H](CCc2c(F)cccc2NC(=O)CC(c2ccc(F)cc2)c2ccc(F)cc2)CN1,Components-smiles-stereo-oe.smi,<frozen-chemistry-source>,3
327,CKV,resolved,C[C@H]1CN([C@H](CN1)CCc2c(cccc2F)NC(=O)CC(c3ccc(cc3)F)c4ccc(cc4)F)S(=O)(=O)c5ccccc5,C[C@H]1CN(S(=O)(=O)c2ccccc2)[C@@H](CCc2c(F)cccc2NC(=O)CC(c2ccc(F)cc2)c2ccc(F)cc2)CN1,Components-smiles-stereo-oe.smi,<frozen-chemistry-source>,3
328,CKY,resolved,C[C@H]1CNC[C@@H](N1S(=O)(=O)c2ccccc2)CCc3c(cccc3F)NC(=O)CC(c4ccc(cc4)F)c5ccc(cc5)F,C[C@H]1CNC[C@H](CCc2c(F)cccc2NC(=O)CC(c2ccc(F)cc2)c2ccc(F)cc2)N1S(=O)(=O)c1ccccc1,Components-smiles-stereo-oe.smi,<frozen-chemistry-source>,4
1822,CLU,resolved,c1cc(c(c(c1)Cl)N=C2NCCN2)Cl,Clc1cccc(Cl)c1N=C1NCCN1,Components-smiles-stereo-oe.smi,<frozen-chemistry-source>,3
1407,CLW,resolved,c1cc2c(cc1Cl)NC(=O)O2,O=c1[nH]c2cc(Cl)ccc2o1,Components-smiles-stereo-oe.smi,<frozen-chemistry-source>,4
2410,CMP,resolved,c1nc(c2c(n1)n(cn2)[C@H]3[C@@H]([C@H]4[C@H](O3)CO[P@](=O)(O4)O)O)N,Nc1ncnc2c1ncn2[C@@H]1O[C@@H]2CO[P@@](=O)(O)O[C@H]2[C@H]1O,Components-smiles-stereo-oe.smi,<frozen-chemistry-source>,3
1779,CMU,resolved,[H]/N=C\1/CCCN1CC2=C(C(=O)NC(=O)N2)Cl,[H]/N=C1/CCCN1Cc1[nH]c(=O)[nH]c(=O)c1Cl,Components-smiles-stereo-oe.smi,<frozen-chemistry-source>,4
329,CN4,resolved,c1cc(c(c(c1)F)CC[C@H]2CN[C@@H]3CCCS(=O)(=O)N2C3)NC(=O)CC(c4ccc(cc4)F)c5ccc(cc5)F,O=C(CC(c1ccc(F)cc1)c1ccc(F)cc1)Nc1cccc(F)c1CC[C@H]1CN[C@@H]2CCCS(=O)(=O)N1C2,Components-smiles-stereo-oe.smi,<frozen-chemistry-source>,4
1046,CP9,resolved,Cc1nc2cnccc2n1c3ccc(cc3)CN4c5ccccc5SC4=O,Cc1nc2cnccc2n1-c1ccc(Cn2c(=O)sc3ccccc32)cc1,Components-smiles-stereo-oe.smi,<frozen-chemistry-source>,3
617,CPS,resolved,C[C@H](CCC(=O)NCCC[N+](C)(C)CCCS(=O)(=O)[O-])[C@H]1CC[C@@H]2[C@@]1([C@H](C[C@H]3[C@H]2[C@@H](C[C@H]4[C@@]3(CC[C@H](C4)O)C)O)O)C,C[C@H](CCC(=O)NCCC[N+](C)(C)CCCS(=O)(=O)[O-])[C@H]1CC[C@H]2[C@@H]3[C@H](O)C[C@@H]4C[C@H](O)CC[C@]4(C)[C@H]3C[C@H](O)[C@]12C,Components-smiles-stereo-oe.smi,<frozen-chemistry-source>,6
2803,CSI,resolved,[H]/N=C\1/NCC[C@@H](N1)[C@@H](C(=O)O)NC(=O)O,[H]/N=C1/NCC[C@H]([C@H](NC(=O)O)C(=O)O)N1,Components-smiles-stereo-oe.smi,<frozen-chemistry-source>,1
2914,CSX,resolved,C([C@@H](C(=O)O)N)[S@H]=O,N[C@@H](C[SH]=O)C(=O)O,Components-smiles-stereo-oe.smi,<frozen-chemistry-source>,4
2618,CTP,resolved,C1=CN(C(=O)N=C1N)[C@H]2[C@@H]([C@@H]([C@H](O2)CO[P@](=O)(O)O[P@](=O)(O)OP(=O)(O)O)O)O,Nc1ccn([C@@H]2O[C@H](CO[P@](=O)(O)O[P@](=O)(O)OP(=O)(O)O)[C@@H](O)[C@H]2O)c(=O)n1,Components-smiles-stereo-oe.smi,<frozen-chemistry-source>,1
682,CWU,resolved,c1ccc2c(c1)C[C@H]([C@H]2Cc3ccc4c(c3C(=O)O)OCO4)O,O=C(O)c1c(C[C@H]2c3ccccc3C[C@H]2O)ccc2c1OCO2,Components-smiles-stereo-oe.smi,<frozen-chemistry-source>,4
122,CXD,resolved,c1cc(c(c(c1CNC(=O)c2c(nc[nH]2)Cl)F)Oc3cc(cc(c3)Cl)C#N)Cl,N#Cc1cc(Cl)cc(Oc2c(Cl)ccc(CNC(=O)c3[nH]cnc3Cl)c2F)c1,Components-smiles-stereo-oe.smi,<frozen-chemistry-source>,3
624,CXG,resolved,CC(C)(C)[C@@H](C(=O)NC)NC(=O)[C@@](CCC[N@](Cc1ccc(cc1)c2ccccc2)NC(=O)[C@H](C(C)(C)C)NC(=O)OC)(Cc3ccccc3)O,CNC(=O)[C@@H](NC(=O)[C@@](O)(CCCN(Cc1ccc(-c2ccccc2)cc1)NC(=O)[C@@H](NC(=O)OC)C(C)(C)C)Cc1ccccc1)C(C)(C)C,Components-smiles-stereo-oe.smi,<frozen-chemistry-source>,3
565,CXX,resolved,CN(C)CCCN1c2ccccc2CCc3c1cc(cc3)Cl,CN(C)CCCN1c2ccccc2CCc2ccc(Cl)cc21,Components-smiles-stereo-oe.smi,<frozen-chemistry-source>,3
3017,CY3,resolved,C([C@@H](C(=O)N)N)S,NC(=O)[C@@H](N)CS,Components-smiles-stereo-oe.smi,<frozen-chemistry-source>,1
10,CYY,resolved,C1[C@H]([C@@H](C([C@@H]([C@H]1N)O)O)O)N,N[C@@H]1C[C@H](N)[C@@H](O)C(O)[C@H]1O,Components-smiles-stereo-oe.smi,<frozen-chemistry-source>,3
660,D0T,resolved,CN(Cc1ccccc1C(=O)NCc2ccccc2)Cc3ccc4c(c3C(=O)O)OC[C@@H](O4)CCC(=O)O,CN(Cc1ccccc1C(=O)NCc1ccccc1)Cc1ccc2c(c1C(=O)O)OC[C@H](CCC(=O)O)O2,Components-smiles-stereo-oe.smi,<frozen-chemistry-source>,4
349,D4M,resolved,CC1=CN(C(=O)NC1=O)[C@H]2C=C[C@H](O2)COP(=O)(O)O,Cc1cn([C@H]2C=C[C@@H](COP(=O)(O)O)O2)c(=O)[nH]c1=O,Components-smiles-stereo-oe.smi,<frozen-chemistry-source>,3
321,D4T,resolved,CC1=CN(C(=O)NC1=O)[C@H]2C=C[C@H](O2)CO[P@](=O)(O)O[P@](=O)(O)OP(=O)(O)O,Cc1cn([C@H]2C=C[C@@H](CO[P@](=O)(O)O[P@](=O)(O)OP(=O)(O)O)O2)c(=O)[nH]c1=O,Components-smiles-stereo-oe.smi,<frozen-chemistry-source>,26
885,D78,resolved,CC(C)C[N@@](C[C@H]([C@H](Cc1ccccc1)NC(=O)[C@@H]2CN(C(=O)O2)c3cccc(c3)C(F)(F)F)O)S(=O)(=O)c4ccc(cc4)OC,COc1ccc(S(=O)(=O)N(CC(C)C)C[C@@H](O)[C@H](Cc2ccccc2)NC(=O)[C@@H]2CN(c3cccc(C(F)(F)F)c3)C(=O)O2)cc1,Components-smiles-stereo-oe.smi,<frozen-chemistry-source>,3
490,DAB,resolved,C(CN)[C@@H](C(=O)O)N,NCC[C@H](N)C(=O)O,Components-smiles-stereo-oe.smi,<frozen-chemistry-source>,5
652,DBJ,resolved,c1cc(c2c(c1)OCCO2)CO,OCc1cccc2c1OCCO2,Components-smiles-stereo-oe.smi,<frozen-chemistry-source>,3
915,DC0,resolved,CC(C)C[C@@H](CN[C@@H](Cc1ccccc1)C(=O)O)N,CC(C)C[C@H](N)CN[C@@H](Cc1ccccc1)C(=O)O,Components-smiles-stereo-oe.smi,<frozen-chemistry-source>,3
343,DCP,resolved,C1[C@@H]([C@H](O[C@H]1N2C=CC(=NC2=O)N)CO[P@@](=O)(O)O[P@@](=O)(O)OP(=O)(O)O)O,Nc1ccn([C@H]2C[C@H](O)[C@@H](CO[P@@](=O)(O)O[P@@](=O)(O)OP(=O)(O)O)O2)c(=O)n1,Components-smiles-stereo-oe.smi,<frozen-chemistry-source>,16
345,DCT,resolved,C1C[C@@H](O[C@@H]1CO[P@](=O)(O)O[P@](=O)(O)OP(=O)(O)O)N2C=CC(=NC2=O)N,Nc1ccn([C@H]2CC[C@@H](CO[P@](=O)(O)O[P@](=O)(O)OP(=O)(O)O)O2)c(=O)n1,Components-smiles-stereo-oe.smi,<frozen-chemistry-source>,3
1091,DD9,resolved,CCCCCCCCC,CCCCCCCCC,Components-smiles-stereo-oe.smi,<frozen-chemistry-source>,1
312,DDS,resolved,c1nc(c2c(n1)n(cn2)[C@H]3CC[C@H](O3)CO[P@@](=O)(O)O[P@](=O)(O)OP(=O)(O)O)N,Nc1ncnc2c1ncn2[C@H]1CC[C@@H](CO[P@@](=O)(O)O[P@](=O)(O)OP(=O)(O)O)O1,Components-smiles-stereo-oe.smi,<frozen-chemistry-source>,7
1423,DE5,resolved,c1csc(n1)NC(=O)CN,NCC(=O)Nc1nccs1,Components-smiles-stereo-oe.smi,<frozen-chemistry-source>,3
1357,DFA,resolved,c1ccc(cc1)C(c2ccccc2)C(=O)O,O=C(O)C(c1ccccc1)c1ccccc1,Components-smiles-stereo-oe.smi,<frozen-chemistry-source>,3
351,DGP,resolved,c1nc2c(n1[C@H]3C[C@@H]([C@H](O3)COP(=O)(O)O)O)N=C(NC2=O)N,Nc1nc2c(ncn2[C@H]2C[C@H](O)[C@@H](COP(=O)(O)O)O2)c(=O)[nH]1,Components-smiles-stereo-oe.smi,<frozen-chemistry-source>,3
779,DGT,resolved,c1nc2c(n1[C@H]3C[C@@H]([C@H](O3)CO[P@@](=O)(O)O[P@@](=O)(O)OP(=O)(O)O)O)N=C(NC2=O)N,Nc1nc2c(ncn2[C@H]2C[C@H](O)[C@@H](CO[P@@](=O)(O)O[P@@](=O)(O)OP(=O)(O)O)O2)c(=O)[nH]1,Components-smiles-stereo-oe.smi,<frozen-chemistry-source>,16
3022,DHL,resolved,C(CS)N,NCCS,Components-smiles-stereo-oe.smi,<frozen-chemistry-source>,1
2489,DIO,resolved,C1COCCO1,C1COCCO1,Components-smiles-stereo-oe.smi,<frozen-chemistry-source>,1
83,DJR,resolved,CC(C)C[N@@](C[C@H]([C@H](Cc1ccccc1)NC(=O)O[C@H]2CO[C@@H]3[C@H]2CCO3)O)S(=O)(=O)c4ccc(cc4)OC,COc1ccc(S(=O)(=O)N(CC(C)C)C[C@@H](O)[C@H](Cc2ccccc2)NC(=O)O[C@H]2CO[C@H]3OCC[C@H]32)cc1,Components-smiles-stereo-oe.smi,<frozen-chemistry-source>,11
1105,DJU,resolved,CN(C)Cc1c[nH]c2c1cc(cc2)OCc3ccccc3,CN(C)Cc1c[nH]c2ccc(OCc3ccccc3)cc12,Components-smiles-stereo-oe.smi,<frozen-chemistry-source>,1
177,DJZ,resolved,Cc1cc(cc(c1Oc2ccnc(n2)NC3CCN(CC3)Cc4ccc(cc4)S(=O)(=O)C)C)C#N,Cc1cc(C#N)cc(C)c1Oc1ccnc(NC2CCN(Cc3ccc(S(C)(=O)=O)cc3)CC2)n1,Components-smiles-stereo-oe.smi,<frozen-chemistry-source>,3
442,DLU,resolved,C[C@@H]1CCO[C@@H]2N1C(=O)C3=C(C(=O)C(=CN3C2)C(=O)NCc4ccc(cc4F)F)O,C[C@@H]1CCO[C@H]2Cn3cc(C(=O)NCc4ccc(F)cc4F)c(=O)c(O)c3C(=O)N12,Components-smiles-stereo-oe.smi,<frozen-chemistry-source>,49
159,DMP,resolved,c1ccc(cc1)C[C@@H]2[C@@H]([C@H]([C@H](N(C(=O)N2Cc3ccc(cc3)CO)Cc4ccc(cc4)CO)Cc5ccccc5)O)O,O=C1N(Cc2ccc(CO)cc2)[C@H](Cc2ccccc2)[C@H](O)[C@@H](O)[C@@H](Cc2ccccc2)N1Cc1ccc(CO)cc1,Components-smiles-stereo-oe.smi,<frozen-chemistry-source>,15
759,DMQ,resolved,c1ccc(cc1)C[C@@H]2[C@@H]([C@H]([C@H](N(C(=O)N2Cc3cccc(c3)N)Cc4cccc(c4)N)Cc5ccccc5)O)O,Nc1cccc(CN2C(=O)N(Cc3cccc(N)c3)[C@H](Cc3ccccc3)[C@H](O)[C@@H](O)[C@H]2Cc2ccccc2)c1,Components-smiles-stereo-oe.smi,<frozen-chemistry-source>,7
3007,DMX,resolved,C[N+](C)(CCCS(=O)(=O)[O-])Cc1ccccc1,C[N+](C)(CCCS(=O)(=O)[O-])Cc1ccccc1,Components-smiles-stereo-oe.smi,<frozen-chemistry-source>,1
2875,DNE,resolved,CCCC[C@H](C(=O)O)N,CCCC[C@@H](N)C(=O)O,Components-smiles-stereo-oe.smi,<frozen-chemistry-source>,1
95,DR7,resolved,CC(C)(C)[C@@H](C(=O)N[C@@H](Cc1ccccc1)[C@H](CN(Cc2ccc(cc2)c3ccccn3)NC(=O)[C@H](C(C)(C)C)NC(=O)OC)O)NC(=O)OC,COC(=O)N[C@H](C(=O)N[C@@H](Cc1ccccc1)[C@@H](O)CN(Cc1ccc(-c2ccccn2)cc1)NC(=O)[C@@H](NC(=O)OC)C(C)(C)C)C(C)(C)C,Components-smiles-stereo-oe.smi,<frozen-chemistry-source>,23
131,DRR,resolved,CC[C@H](C)[C@H]1C(=O)NCCCOc2ccc(cc2)C[C@@H](C(=O)N1)NC(=O)[C@@H]3Cc4ccc(cc4)OCCCCC(=O)N[C@H](C(=O)N3)C(C)C,CC[C@H](C)[C@@H]1NC(=O)[C@@H](NC(=O)[C@@H]2Cc3ccc(cc3)OCCCCC(=O)N[C@@H](C(C)C)C(=O)N2)Cc2ccc(cc2)OCCCNC1=O,Components-smiles-stereo-oe.smi,<frozen-chemistry-source>,3
132,DRS,resolved,CC(C)[C@H]1C(=O)N[C@@H](Cc2ccc(cc2)OCCCCC(=O)N1)C(=O)O,CC(C)[C@@H]1NC(=O)CCCCOc2ccc(cc2)C[C@@H](C(=O)O)NC1=O,Components-smiles-stereo-oe.smi,<frozen-chemistry-source>,4
2538,DZI,resolved,c1cc([nH]c1)/C=N/NC(=O)c2cc(c(c(c2)O)O)O,O=C(N/N=C/c1ccc[nH]1)c1cc(O)c(O)c(O)c1,Components-smiles-stereo-oe.smi,<frozen-chemistry-source>,1
689,E4F,resolved,c1ccc2c(c1)C[C@@H]([C@@H]2Cc3ccc4c(c3C(=O)O)OCO4)NC(=O)CCCCN,NCCCCC(=O)N[C@H]1Cc2ccccc2[C@H]1Cc1ccc2c(c1C(=O)O)OCO2,Components-smiles-stereo-oe.smi,<frozen-chemistry-source>,4
1060,E58,resolved,COc1cc(ccc1OC(=O)c2ccc(o2)[N+](=O)[O-])C(=O)OC,COC(=O)c1ccc(OC(=O)c2ccc([N+](=O)[O-])o2)c(OC)c1,Components-smiles-stereo-oe.smi,<frozen-chemistry-source>,3
1061,E6I,resolved,CCOC(=O)c1cc(c(o1)[N+](=O)[O-])Br,CCOC(=O)c1cc(Br)c([N+](=O)[O-])o1,Components-smiles-stereo-oe.smi,<frozen-chemistry-source>,3
1062,E81,resolved,c1cc(ccc1CO)OC(=O)c2ccc(s2)[N+](=O)[O-],O=C(Oc1ccc(CO)cc1)c1ccc([N+](=O)[O-])s1,Components-smiles-stereo-oe.smi,<frozen-chemistry-source>,3
1063,E9B,resolved,c1ccc(cc1)/C=C/c2nnc(o2)SC(=O)c3ccc(s3)[N+](=O)[O-],O=C(Sc1nnc(/C=C/c2ccccc2)o1)c1ccc([N+](=O)[O-])s1,Components-smiles-stereo-oe.smi,<frozen-chemistry-source>,3
1064,ECW,resolved,CC(C)(C)N(Cc1ccccc1)C(=O)COC(=O)c2cc(c(o2)[N+](=O)[O-])Br,CC(C)(C)N(Cc1ccccc1)C(=O)COC(=O)c1cc(Br)c([N+](=O)[O-])o1,Components-smiles-stereo-oe.smi,<frozen-chemistry-source>,3
155,EDM,resolved,CN(C)c1cc(nc(n1)S(=O)(=O)C)C=C,C=Cc1cc(N(C)C)nc(S(C)(=O)=O)n1,Components-smiles-stereo-oe.smi,<frozen-chemistry-source>,6
2870,EDT,resolved,C(CN(CC(=O)O)CC(=O)O)N(CC(=O)O)CC(=O)O,O=C(O)CN(CCN(CC(=O)O)CC(=O)O)CC(=O)O,Components-smiles-stereo-oe.smi,<frozen-chemistry-source>,1
670,EE2,resolved,c1ccc\2c(c1)C[C@@H](/C2=C/c3ccc4c(c3C(=O)O)OC[C@H](O4)CCC(=O)O)O,O=C(O)CC[C@@H]1COc2c(ccc(/C=C3\c4ccccc4C[C@@H]3O)c2C(=O)O)O1,Components-smiles-stereo-oe.smi,<frozen-chemistry-source>,4
222,EFZ,resolved,c1cc2c(cc1Cl)[C@@](OC(=O)N2)(C#CC3CC3)C(F)(F)F,O=C1Nc2ccc(Cl)cc2[C@@](C#CC2CC2)(C(F)(F)F)O1,Components-smiles-stereo-oe.smi,<frozen-chemistry-source>,23
1065,EGI,resolved,CCOC(=O)c1ccc(s1)[N+](=O)[O-],CCOC(=O)c1ccc([N+](=O)[O-])s1,Components-smiles-stereo-oe.smi,<frozen-chemistry-source>,3
3000,EIC,resolved,CCCCC\C=C/C\C=C/CCCCCCCC(=O)O,CCCCC/C=C\C/C=C\CCCCCCCC(=O)O,Components-smiles-stereo-oe.smi,<frozen-chemistry-source>,21
719,EJ9,resolved,Cc1ccc(cc1C)c2c(c(c(c(c2NS(=O)(=O)C)C)[C@@H](C(=O)O)OC(C)(C)C)c3ccc4c(c3)CCCO4)C,Cc1ccc(-c2c(C)c(-c3ccc4c(c3)CCCO4)c([C@H](OC(C)(C)C)C(=O)O)c(C)c2NS(C)(=O)=O)cc1C,Components-smiles-stereo-oe.smi,<frozen-chemistry-source>,3
1806,EJM,resolved,CCCC[C@@H](C=O)N,CCCC[C@H](N)C=O,Components-smiles-stereo-oe.smi,<frozen-chemistry-source>,3
1183,EJQ,resolved,c1cc(ccc1NC(=O)CN2CCCC2)F,O=C(CN1CCCC1)Nc1ccc(F)cc1,Components-smiles-stereo-oe.smi,<frozen-chemistry-source>,5
1525,EJW,resolved,c1ccc(cc1)c2cc(on2)C[NH3+],[NH3+]Cc1cc(-c2ccccc2)no1,Components-smiles-stereo-oe.smi,<frozen-chemistry-source>,3
1398,EKZ,resolved,CC(C)(C)c1ccc(c(c1)O)O,CC(C)(C)c1ccc(O)c(O)c1,Components-smiles-stereo-oe.smi,<frozen-chemistry-source>,4
3005,ELA,resolved,CCCCCCCC\C=C\CCCCCCCC(=O)O,CCCCCCCC/C=C/CCCCCCCC(=O)O,Components-smiles-stereo-oe.smi,<frozen-chemistry-source>,9
1786,ELL,resolved,C1CNC(=O)[C@@H]1C[C@@H](C=O)N,N[C@H](C=O)C[C@@H]1CCNC1=O,Components-smiles-stereo-oe.smi,<frozen-chemistry-source>,3
1552,ELQ,resolved,CN1CCN(CC1)C(=O)c2ccc(c(c2)F)F,CN1CCN(C(=O)c2ccc(F)c(F)c2)CC1,Components-smiles-stereo-oe.smi,<frozen-chemistry-source>,3
2592,EO6,resolved,CC(C)C[C@@H](C(=O)N[C@@H](C[C@@H]1CCNC1=O)[C@H](O)S(=O)(=O)O)NC(=O)OC2CC3(C2)CCN(CC3)C#N,CC(C)C[C@H](NC(=O)OC1CC2(CCN(C#N)CC2)C1)C(=O)N[C@@H](C[C@@H]1CCNC1=O)[C@H](O)S(=O)(=O)O,Components-smiles-stereo-oe.smi,<frozen-chemistry-source>,1
2918,EOF,resolved,CC(C)C[C@@H](C(=O)N[C@@H](C[C@@H]1CCNC1=O)C=O)NC(=O)/C=C/c2ccccc2,CC(C)C[C@H](NC(=O)/C=C/c1ccccc1)C(=O)N[C@H](C=O)C[C@@H]1CCNC1=O,Components-smiles-stereo-oe.smi,<frozen-chemistry-source>,3
1142,EOH,resolved,CCO,CCO,Components-smiles-stereo-oe.smi,<frozen-chemistry-source>,1
908,EQM,resolved,CC(C)(C)[C@@H](C(=O)NCC=C)NC(=O)[C@@](CCCN(Cc1ccc(cc1)Br)NC(=O)[C@H](C(C)(C)C)NC(=O)OC)(Cc2ccccc2)O,C=CCNC(=O)[C@@H](NC(=O)[C@@](O)(CCCN(Cc1ccc(Br)cc1)NC(=O)[C@@H](NC(=O)OC)C(C)(C)C)Cc1ccccc1)C(C)(C)C,Components-smiles-stereo-oe.smi,<frozen-chemistry-source>,3
2591,EQS,resolved,CC(C)C[C@@H](C(=O)N[C@@H](C[C@@H]1CCNC1=O)[C@@H](O)S(=O)(=O)O)NC(=O)OC2CC3(C2)CCN(CC3)C#N,CC(C)C[C@H](NC(=O)OC1CC2(CCN(C#N)CC2)C1)C(=O)N[C@@H](C[C@@H]1CCNC1=O)[C@@H](O)S(=O)(=O)O,Components-smiles-stereo-oe.smi,<frozen-chemistry-source>,1
2777,EQT,resolved,c1cc2c(c(c1)Cl)c(n[nH]2)N,Nc1n[nH]c2cccc(Cl)c12,Components-smiles-stereo-oe.smi,<frozen-chemistry-source>,1
2582,ESS,resolved,CC(C)C[C@@H](C(=O)N[C@@H](C[C@@H]1CCNC1=O)[C@H](O)S(=O)(=O)O)NC(=O)OC2CC3(C2)CN(C3)S(=O)(=O)C,CC(C)C[C@H](NC(=O)OC1CC2(C1)CN(S(C)(=O)=O)C2)C(=O)N[C@@H](C[C@@H]1CCNC1=O)[C@H](O)S(=O)(=O)O,Components-smiles-stereo-oe.smi,<frozen-chemistry-source>,1
2583,ET6,resolved,CC(C)C[C@@H](C(=O)N[C@@H](C[C@@H]1CCNC1=O)[C@@H](O)S(=O)(=O)O)NC(=O)OC2CC3(C2)CN(C3)S(=O)(=O)C,CC(C)C[C@H](NC(=O)OC1CC2(C1)CN(S(C)(=O)=O)C2)C(=O)N[C@@H](C[C@@H]1CCNC1=O)[C@@H](O)S(=O)(=O)O,Components-smiles-stereo-oe.smi,<frozen-chemistry-source>,1
1052,ET9,resolved,C=C1[C@H](C[C@@H]([C@H]1COP(=O)(O)OP(=O)(O)OP(=O)(O)O)O)n2cnc3c2NC(=NC3=O)N,C=C1[C@H](COP(=O)(O)OP(=O)(O)OP(=O)(O)O)[C@@H](O)C[C@@H]1n1cnc2c(=O)nc(N)[nH]c21,Components-smiles-stereo-oe.smi,<frozen-chemistry-source>,13
2505,ETF,resolved,C(C(F)(F)F)O,OCC(F)(F)F,Components-smiles-stereo-oe.smi,<frozen-chemistry-source>,1
121,EUR,resolved,c1cc(c(c(c1CNC(=O)c2c(nc([nH]2)CO)Cl)F)Oc3cc(cc(c3)Cl)C#N)Cl,N#Cc1cc(Cl)cc(Oc2c(Cl)ccc(CNC(=O)c3[nH]c(CO)nc3Cl)c2F)c1,Components-smiles-stereo-oe.smi,<frozen-chemistry-source>,3
1334,EVE,resolved,c1ccc2c(c1)[nH]c(n2)S(=O)(=O)N,NS(=O)(=O)c1nc2ccccc2[nH]1,Components-smiles-stereo-oe.smi,<frozen-chemistry-source>,3
2584,EW9,resolved,CC(C)C[C@@H](C(=O)N[C@@H](C[C@@H]1CCNC1=O)[C@@H](O)S(=O)(=O)O)NC(=O)OC2CC3(C2)CCN(CC3)C(=O)OC(C)(C)C,CC(C)C[C@H](NC(=O)OC1CC2(CCN(C(=O)OC(C)(C)C)CC2)C1)C(=O)N[C@@H](C[C@@H]1CCNC1=O)[C@@H](O)S(=O)(=O)O,Components-smiles-stereo-oe.smi,<frozen-chemistry-source>,1
1377,EXB,resolved,c1ccc2c(c1)ncn2CCC(=O)O,O=C(O)CCn1cnc2ccccc21,Components-smiles-stereo-oe.smi,<frozen-chemistry-source>,3
607,F,resolved,[F-],[F-],Components-smiles-stereo-oe.smi,<frozen-chemistry-source>,3
190,F53,resolved,CCC(CC)C[N@@](C[C@H]([C@H](Cc1ccccc1)NC(=O)O[C@H]2CO[C@@H]3[C@H]2CCO3)O)S(=O)(=O)c4ccc(cc4)CO,CCC(CC)CN(C[C@@H](O)[C@H](Cc1ccccc1)NC(=O)O[C@H]1CO[C@H]2OCC[C@H]21)S(=O)(=O)c1ccc(CO)cc1,Components-smiles-stereo-oe.smi,<frozen-chemistry-source>,7
2586,F5L,resolved,CC(C)C[C@@H](C(=O)N[C@@H](C[C@@H]1CCNC1=O)C(O)S(=O)(=O)O)NC(=O)OC2CC3(C2)CCN(CC3)C(=O)C(C)C,CC(C)C[C@H](NC(=O)OC1CC2(CCN(C(=O)C(C)C)CC2)C1)C(=O)N[C@@H](C[C@@H]1CCNC1=O)C(O)S(=O)(=O)O,Components-smiles-stereo-oe.smi,<frozen-chemistry-source>,1
204,F71,resolved,CC[C@H](C)C[N@@](C[C@H]([C@H](Cc1ccccc1)NC(=O)c2cccc(c2)O)O)S(=O)(=O)c3ccc(s3)c4ccno4,CC[C@H](C)CN(C[C@@H](O)[C@H](Cc1ccccc1)NC(=O)c1cccc(O)c1)S(=O)(=O)c1ccc(-c2ccno2)s1,Components-smiles-stereo-oe.smi,<frozen-chemistry-source>,3
202,F72,resolved,c1ccc(cc1)C[C@@H]([C@@H](C[N@](CC2CCCCC2)S(=O)(=O)c3ccc4c(c3)scn4)O)NC(=O)c5cccc(c5)O,O=C(N[C@@H](Cc1ccccc1)[C@H](O)CN(CC1CCCCC1)S(=O)(=O)c1ccc2ncsc2c1)c1cccc(O)c1,Components-smiles-stereo-oe.smi,<frozen-chemistry-source>,3
209,F78,resolved,COc1ccc(cc1)S(=O)(=O)[N@@](CCCc2ccccc2)C[C@H]([C@H](Cc3ccccc3)NC(=O)c4cccc(c4)O)O,COc1ccc(S(=O)(=O)N(CCCc2ccccc2)C[C@@H](O)[C@H](Cc2ccccc2)NC(=O)c2cccc(O)c2)cc1,Components-smiles-stereo-oe.smi,<frozen-chemistry-source>,3
1207,F86,resolved,c1cc(n2c1c(ncn2)N)[C@]3([C@@H]([C@@H]([C@H](O3)COP(=O)(O)O)O)O)C#N,N#C[C@@]1(c2ccc3c(N)ncnn23)O[C@H](COP(=O)(O)O)[C@@H](O)[C@H]1O,Components-smiles-stereo-oe.smi,<frozen-chemistry-source>,14
2585,F8C,resolved,CC(C)C[C@@H](C(=O)N[C@@H](C[C@@H]1CCNC1=O)[C@@H](O)S(=O)(=O)O)NC(=O)OC2CC3(C2)CCN(CC3)C(=O)C(C)C,CC(C)C[C@H](NC(=O)OC1CC2(CCN(C(=O)C(C)C)CC2)C1)C(=O)N[C@@H](C[C@@H]1CCNC1=O)[C@@H](O)S(=O)(=O)O,Components-smiles-stereo-oe.smi,<frozen-chemistry-source>,1
283,F95,resolved,c1cc(c(c2c1C(=CC(=O)O2)CC(=O)O)O)O,O=C(O)Cc1cc(=O)oc2c(O)c(O)ccc12,Components-smiles-stereo-oe.smi,<frozen-chemistry-source>,6
647,FBB,resolved,c1cc2c(cc1F)sc(n2)N,Nc1nc2ccc(F)cc2s1,Components-smiles-stereo-oe.smi,<frozen-chemistry-source>,5
649,FBG,resolved,c1c(cc(c2c1COCO2)C(=O)O)F,O=C(O)c1cc(F)cc2c1OCOC2,Components-smiles-stereo-oe.smi,<frozen-chemistry-source>,3
564,FCA,resolved,C[C@@H]1[C@@H]([C@@H]([C@H]([C@H](O1)O)O)O)O,C[C@H]1O[C@H](O)[C@H](O)[C@@H](O)[C@H]1O,Components-smiles-stereo-oe.smi,<frozen-chemistry-source>,3
2588,FEY,resolved,CC(C)C[C@@H](C(=O)N[C@@H](C[C@@H]1CCNC1=O)[C@@H](O)S(=O)(=O)O)NC(=O)OC2CC3(C2)CCN(CC3)C(=O)Cc4ccccc4,CC(C)C[C@H](NC(=O)OC1CC2(CCN(C(=O)Cc3ccccc3)CC2)C1)C(=O)N[C@@H](C[C@@H]1CCNC1=O)[C@@H](O)S(=O)(=O)O,Components-smiles-stereo-oe.smi,<frozen-chemistry-source>,1
1355,FHB,resolved,c1cc(c(cc1C(=O)O)F)O,O=C(O)c1ccc(O)c(F)c1,Components-smiles-stereo-oe.smi,<frozen-chemistry-source>,3
1765,FHR,resolved,c1ccc2c(c1)cc([nH]2)C(=O)N[C@@H](CC3CCCCC3)C(=O)N[C@@H](C[C@@H]4CCNC4=O)C=O,O=C[C@H](C[C@@H]1CCNC1=O)NC(=O)[C@H](CC1CCCCC1)NC(=O)c1cc2ccccc2[nH]1,Components-smiles-stereo-oe.smi,<frozen-chemistry-source>,3
2587,FHS,resolved,CC(C)C[C@@H](C(=O)N[C@@H](C[C@@H]1CCNC1=O)C(O)S(=O)(=O)O)NC(=O)OC2CC3(C2)CCN(CC3)C(=O)Cc4ccccc4,CC(C)C[C@H](NC(=O)OC1CC2(CCN(C(=O)Cc3ccccc3)CC2)C1)C(=O)N[C@@H](C[C@@H]1CCNC1=O)C(O)S(=O)(=O)O,Components-smiles-stereo-oe.smi,<frozen-chemistry-source>,1
431,FIC,resolved,c1cc2c(cc1F)cc([nH]2)C(=O)O,O=C(O)c1cc2cc(F)ccc2[nH]1,Components-smiles-stereo-oe.smi,<frozen-chemistry-source>,4
2578,FIK,resolved,CC(C)C[C@@H](C(=O)N[C@@H](C[C@@H]1CCNC1=O)[C@@H](O)S(=O)(=O)O)NC(=O)OC2CC3(C2)CN(C3)C(=O)C(C)C,CC(C)C[C@H](NC(=O)OC1CC2(C1)CN(C(=O)C(C)C)C2)C(=O)N[C@@H](C[C@@H]1CCNC1=O)[C@@H](O)S(=O)(=O)O,Components-smiles-stereo-oe.smi,<frozen-chemistry-source>,1
2579,FIW,resolved,CC(C)C[C@@H](C(=O)N[C@@H](C[C@@H]1CCNC1=O)[C@H](O)S(=O)(=O)O)NC(=O)OC2CC3(C2)CN(C3)C(=O)C(C)C,CC(C)C[C@H](NC(=O)OC1CC2(C1)CN(C(=O)C(C)C)C2)C(=O)N[C@@H](C[C@@H]1CCNC1=O)[C@H](O)S(=O)(=O)O,Components-smiles-stereo-oe.smi,<frozen-chemistry-source>,1
1766,FJC,resolved,c1ccc2c(c1)cc([nH]2)C(=O)N[C@@H](Cc3cccc(c3)F)C(=O)N[C@@H](C[C@@H]4CCNC4=O)C=O,O=C[C@H](C[C@@H]1CCNC1=O)NC(=O)[C@H](Cc1cccc(F)c1)NC(=O)c1cc2ccccc2[nH]1,Components-smiles-stereo-oe.smi,<frozen-chemistry-source>,3
1840,FL6,resolved,COC(=O)C[C@@H](C(=O)O)N,COC(=O)C[C@H](N)C(=O)O,Components-smiles-stereo-oe.smi,<frozen-chemistry-source>,5
309,FLU,resolved,c1ccc(c(c1)C2=C3C=CC(=O)C=C3Oc4c2ccc(c4)O)C(=O)O,O=C(O)c1ccccc1-c1c2ccc(=O)cc-2oc2cc(O)ccc12,Components-smiles-stereo-oe.smi,<frozen-chemistry-source>,8
253,FMQ,resolved,Cc1c(cnn1c2ccc(cc2)F)CO,Cc1c(CO)cnn1-c1ccc(F)cc1,Components-smiles-stereo-oe.smi,<frozen-chemistry-source>,10
2580,FN2,resolved,CC(C)C[C@@H](C(=O)N[C@@H](C[C@@H]1CCNC1=O)[C@@H](O)S(=O)(=O)O)NC(=O)OC2CC3(C2)CN(C3)C(=O)Cc4ccccc4,CC(C)C[C@H](NC(=O)OC1CC2(C1)CN(C(=O)Cc1ccccc1)C2)C(=O)N[C@@H](C[C@@H]1CCNC1=O)[C@@H](O)S(=O)(=O)O,Components-smiles-stereo-oe.smi,<frozen-chemistry-source>,1
2499,FN7,resolved,Cc1cc(nc(c1C(=O)O)C)C,Cc1cc(C)c(C(=O)O)c(C)n1,Components-smiles-stereo-oe.smi,<frozen-chemistry-source>,1
2916,FNO,resolved,CC(=CC[C@H](C1=CC(=O)c2c(ccc(c2C1=O)O)O)O)C,CC(C)=CC[C@@H](O)C1=CC(=O)c2c(O)ccc(O)c2C1=O,Components-smiles-stereo-oe.smi,<frozen-chemistry-source>,3
2581,FP8,resolved,CC(C)C[C@@H](C(=O)N[C@@H](C[C@@H]1CCNC1=O)[C@H](O)S(=O)(=O)O)NC(=O)OC2CC3(C2)CN(C3)C(=O)Cc4ccccc4,CC(C)C[C@H](NC(=O)OC1CC2(C1)CN(C(=O)Cc1ccccc1)C2)C(=O)N[C@@H](C[C@@H]1CCNC1=O)[C@H](O)S(=O)(=O)O,Components-smiles-stereo-oe.smi,<frozen-chemistry-source>,1
1022,FPT,resolved,CCOc1ccnc(c1F)CCNC(=S)Nc2ccc(cn2)C#N,CCOc1ccnc(CCNC(=S)Nc2ccc(C#N)cn2)c1F,Components-smiles-stereo-oe.smi,<frozen-chemistry-source>,3
961,FQ1,resolved,CC(C)CN(C[C@H]([C@H](Cc1cc(cc(c1)F)F)NC(=O)O[C@H]2CCO[C@@H]3[C@H]2CCO3)O)S(=O)(=O)c4ccc(cc4)OC,COc1ccc(S(=O)(=O)N(CC(C)C)C[C@@H](O)[C@H](Cc2cc(F)cc(F)c2)NC(=O)O[C@H]2CCO[C@H]3OCC[C@H]32)cc1,Components-smiles-stereo-oe.smi,<frozen-chemistry-source>,3
960,FQ4,resolved,CC(C)CN(C[C@H]([C@H](Cc1ccc(cc1)F)NC(=O)O[C@H]2CCO[C@@H]3[C@H]2CCO3)O)S(=O)(=O)c4ccc(cc4)OC,COc1ccc(S(=O)(=O)N(CC(C)C)C[C@@H](O)[C@H](Cc2ccc(F)cc2)NC(=O)O[C@H]2CCO[C@H]3OCC[C@H]32)cc1,Components-smiles-stereo-oe.smi,<frozen-chemistry-source>,3
851,FRD,resolved,C[C@H](Cc1ccccc1)N,C[C@@H](N)Cc1ccccc1,Components-smiles-stereo-oe.smi,<frozen-chemistry-source>,9
35,FRZ,resolved,c1ccc(cc1)c2c(c3ccccn3n2)c4cc5c(n[nH]c5nn4)N,Nc1n[nH]c2nnc(-c3c(-c4ccccc4)nn4ccccc34)cc12,Components-smiles-stereo-oe.smi,<frozen-chemistry-source>,3
1074,FSC,resolved,C[C@@H]1[C@@H]\2CC[C@@H](/C2=C/[C@]3([C@H](CC(=C3[C@H]([C@@H]1O)O[C@@H]4[C@@H]([C@H]([C@@H]([C@H](O4)COC(C)(C)C=C)O)OC(=O)C)O)[C@H](C)COC(=O)C)O)C)COC,C=CC(C)(C)OC[C@H]1O[C@H](O[C@@H]2C3=C([C@H](C)COC(C)=O)C[C@H](O)[C@]3(C)/C=C3/[C@@H](COC)CC[C@H]3[C@@H](C)[C@H]2O)[C@H](O)[C@@H](OC(C)=O)[C@@H]1O,Components-smiles-stereo-oe.smi,<frozen-chemistry-source>,4
1023,FTC,resolved,CCOc1ccnc(c1F)CCNC(=S)Nc2ccc(cn2)Cl,CCOc1ccnc(CCNC(=S)Nc2ccc(Cl)cn2)c1F,Components-smiles-stereo-oe.smi,<frozen-chemistry-source>,5
1795,FUA,resolved,C[C@H]1[C@@H]2CC[C@]3([C@H]([C@]2(CC[C@H]1O)C)[C@@H](C[C@@H]\4[C@@]3(C[C@@H](/C4=C(/CCC=C(C)C)\C(=O)O)OC(=O)C)C)O)C,CC(=O)O[C@H]1C[C@@]2(C)[C@@H](C[C@@H](O)[C@H]3[C@@]4(C)CC[C@@H](O)[C@@H](C)[C@@H]4CC[C@@]32C)/C1=C(\CCC=C(C)C)C(=O)O,Components-smiles-stereo-oe.smi,<frozen-chemistry-source>,3
15,FUL,resolved,C[C@H]1[C@H]([C@H]([C@@H]([C@H](O1)O)O)O)O,C[C@@H]1O[C@H](O)[C@@H](O)[C@H](O)[C@@H]1O,Components-smiles-stereo-oe.smi,<frozen-chemistry-source>,6
2589,FV5,resolved,CC(C)C[C@@H](C(=O)N[C@@H](C[C@@H]1CCNC1=O)[C@H](O)S(=O)(=O)O)NC(=O)OC2CC3(C2)CCN(CC3)S(=O)(=O)C,CC(C)C[C@H](NC(=O)OC1CC2(CCN(S(C)(=O)=O)CC2)C1)C(=O)N[C@@H](C[C@@H]1CCNC1=O)[C@H](O)S(=O)(=O)O,Components-smiles-stereo-oe.smi,<frozen-chemistry-source>,1
2590,FVE,resolved,CC(C)C[C@@H](C(=O)N[C@@H](C[C@@H]1CCNC1=O)[C@@H](O)S(=O)(=O)O)NC(=O)OC2CC3(C2)CCN(CC3)S(=O)(=O)C,CC(C)C[C@H](NC(=O)OC1CC2(CCN(S(C)(=O)=O)CC2)C1)C(=O)N[C@@H](C[C@@H]1CCNC1=O)[C@@H](O)S(=O)(=O)O,Components-smiles-stereo-oe.smi,<frozen-chemistry-source>,1
2593,FWI,resolved,CC(C)C[C@@H](C(=O)N[C@@H](C[C@@H]1C=CNC1=O)C(O)S(=O)(=O)O)NC(=O)OCC2CN(C2)C(=O)OC(C)(C)C,CC(C)C[C@H](NC(=O)OCC1CN(C(=O)OC(C)(C)C)C1)C(=O)N[C@@H](C[C@@H]1C=CNC1=O)C(O)S(=O)(=O)O,Components-smiles-stereo-oe.smi,<frozen-chemistry-source>,1
698,FYM,resolved,CN(Cc1cccc(c1C(=O)O)OC)Cc2cc3c(cc2C(=O)NCc4ccc(cc4)OC)OCO3,COc1ccc(CNC(=O)c2cc3c(cc2CN(C)Cc2cccc(OC)c2C(=O)O)OCO3)cc1,Components-smiles-stereo-oe.smi,<frozen-chemistry-source>,4
2594,FZI,resolved,CC(C)C[C@@H](C(=O)N[C@@H](C[C@@H]1C=CNC1=O)[C@@H](O)S(=O)(=O)O)NC(=O)OCC2CN(C2)C(=O)OC(C)(C)C,CC(C)C[C@H](NC(=O)OCC1CN(C(=O)OC(C)(C)C)C1)C(=O)N[C@@H](C[C@@H]1C=CNC1=O)[C@@H](O)S(=O)(=O)O,Components-smiles-stereo-oe.smi,<frozen-chemistry-source>,1
291,G04,resolved,CC(C)C[N@@](C[C@H]([C@H](Cc1ccccc1)NC(=O)O[C@H]2CO[C@@H]3[C@H]2[C@H](CO3)OC)O)S(=O)(=O)c4ccc(cc4)OC,COc1ccc(S(=O)(=O)N(CC(C)C)C[C@@H](O)[C@H](Cc2ccccc2)NC(=O)O[C@H]2CO[C@H]3OC[C@H](OC)[C@H]32)cc1,Components-smiles-stereo-oe.smi,<frozen-chemistry-source>,7
137,G05,resolved,CC(C)C[N@@](C[C@H]([C@H](Cc1ccccc1)NC(=O)OC2C[C@@H]3[C@H](C2)OCCO3)O)S(=O)(=O)c4ccc(cc4)OC,COc1ccc(S(=O)(=O)N(CC(C)C)C[C@@H](O)[C@H](Cc2ccccc2)NC(=O)OC2C[C@@H]3OCCO[C@@H]3C2)cc1,Components-smiles-stereo-oe.smi,<frozen-chemistry-source>,3
916,G07,resolved,CC(C)CN(C[C@H]([C@H](Cc1ccccc1)NC(=O)O[C@H]2CO[C@@H]3[C@H]2CCO3)O)S(=O)(=O)c4ccc(cc4)C(=O)O,CC(C)CN(C[C@@H](O)[C@H](Cc1ccccc1)NC(=O)O[C@H]1CO[C@H]2OCC[C@H]21)S(=O)(=O)c1ccc(C(=O)O)cc1,Components-smiles-stereo-oe.smi,<frozen-chemistry-source>,3
917,G08,resolved,CC(C)CN(C[C@H]([C@H](Cc1ccccc1)NC(=O)O[C@H]2CO[C@@H]3[C@H]2CCO3)O)S(=O)(=O)c4ccc(cc4)C(=O)N,CC(C)CN(C[C@@H](O)[C@H](Cc1ccccc1)NC(=O)O[C@H]1CO[C@H]2OCC[C@H]21)S(=O)(=O)c1ccc(C(N)=O)cc1,Components-smiles-stereo-oe.smi,<frozen-chemistry-source>,6
103,G0G,resolved,c1ccc(cc1)CN([C@H]2CNC[C@@H]2N(Cc3ccccc3)S(=O)(=O)c4ccccc4)S(=O)(=O)c5ccccc5,O=S(=O)(c1ccccc1)N(Cc1ccccc1)[C@H]1CNC[C@@H]1N(Cc1ccccc1)S(=O)(=O)c1ccccc1,Components-smiles-stereo-oe.smi,<frozen-chemistry-source>,3
661,G0T,resolved,CN(Cc1ccccc1C(=O)NCc2ccc(cc2)OC)Cc3ccc4c(c3C(=O)O)OC[C@@H](O4)CCC(=O)O,COc1ccc(CNC(=O)c2ccccc2CN(C)Cc2ccc3c(c2C(=O)O)OC[C@H](CCC(=O)O)O3)cc1,Components-smiles-stereo-oe.smi,<frozen-chemistry-source>,4
287,G10,resolved,CC(C)CN(C[C@H]([C@H](Cc1ccccc1)NC(=O)O[C@H]2CO[C@@H]3[C@H]2C(CO3)(F)F)O)S(=O)(=O)c4ccc(cc4)N,CC(C)CN(C[C@@H](O)[C@H](Cc1ccccc1)NC(=O)O[C@H]1CO[C@H]2OCC(F)(F)[C@H]21)S(=O)(=O)c1ccc(N)cc1,Components-smiles-stereo-oe.smi,<frozen-chemistry-source>,7
818,G23,resolved,CC1([C@@H](N[C@H](S1)[C@@H](C(=O)NCc2ccccc2)NC(=O)Cc3ccccc3)C(=O)O)C,CC1(C)S[C@H]([C@H](NC(=O)Cc2ccccc2)C(=O)NCc2ccccc2)N[C@H]1C(=O)O,Components-smiles-stereo-oe.smi,<frozen-chemistry-source>,3
819,G26,resolved,CC1([C@@H](N[C@H](S1)[C@@H](C(=O)NCc2ccccc2)NC(=O)Cc3ccccc3)C(=O)N[C@H](Cc4ccccc4)CO)C,CC1(C)S[C@H]([C@H](NC(=O)Cc2ccccc2)C(=O)NCc2ccccc2)N[C@H]1C(=O)N[C@@H](CO)Cc1ccccc1,Components-smiles-stereo-oe.smi,<frozen-chemistry-source>,4
820,G37,resolved,CC1([C@@H](N[C@H](S1)[C@@H](C(=O)NCc2ccccc2)NC(=O)Cc3ccccc3)C(=O)N[C@H](Cc4ccccc4)[C@@H](CC(=O)NCc5[nH]c6ccccc6n5)O)C,CC1(C)S[C@H]([C@H](NC(=O)Cc2ccccc2)C(=O)NCc2ccccc2)N[C@H]1C(=O)N[C@H](Cc1ccccc1)[C@H](O)CC(=O)NCc1nc2ccccc2[nH]1,Components-smiles-stereo-oe.smi,<frozen-chemistry-source>,4
104,G3G,resolved,c1ccc(cc1)CN([C@H]2CNC[C@@H]2N(Cc3ccccc3)S(=O)(=O)c4ccc(cc4)N)S(=O)(=O)c5ccc(cc5)N,Nc1ccc(S(=O)(=O)N(Cc2ccccc2)[C@H]2CNC[C@@H]2N(Cc2ccccc2)S(=O)(=O)c2ccc(N)cc2)cc1,Components-smiles-stereo-oe.smi,<frozen-chemistry-source>,7
625,G40,resolved,CC(C)(C)[C@@H](C(=O)NC)NC(=O)[C@@](CCC[N@](Cc1ccc(cc1)c2ccsc2)NC(=O)[C@H](C(C)(C)C)NC(=O)OC)(Cc3ccccc3)O,CNC(=O)[C@@H](NC(=O)[C@@](O)(CCCN(Cc1ccc(-c2ccsc2)cc1)NC(=O)[C@@H](NC(=O)OC)C(C)(C)C)Cc1ccccc1)C(C)(C)C,Components-smiles-stereo-oe.smi,<frozen-chemistry-source>,3
945,G43,resolved,CC(C)CN(C[C@H]([C@H](Cc1ccc(c(c1)Cl)OC)NC(=O)O[C@H]2CO[C@@H]3[C@H]2CCO3)O)S(=O)(=O)c4ccc(cc4)OC,COc1ccc(S(=O)(=O)N(CC(C)C)C[C@@H](O)[C@H](Cc2ccc(OC)c(Cl)c2)NC(=O)O[C@H]2CO[C@H]3OCC[C@H]32)cc1,Components-smiles-stereo-oe.smi,<frozen-chemistry-source>,3
105,G4G,resolved,c1ccc(cc1)CN([C@H]2CNC[C@@H]2N(Cc3ccccc3)S(=O)(=O)c4ccc(cc4)C(=O)N)S(=O)(=O)c5ccc(cc5)C(=O)N,NC(=O)c1ccc(S(=O)(=O)N(Cc2ccccc2)[C@H]2CNC[C@@H]2N(Cc2ccccc2)S(=O)(=O)c2ccc(C(N)=O)cc2)cc1,Components-smiles-stereo-oe.smi,<frozen-chemistry-source>,7
244,G52,resolved,CC(C)C[N@@](C[C@H]([C@H](Cc1ccccc1)NC(=O)O[C@H]2CO[C@@H]3[C@H]2[C@H]4CCO[C@H]4O3)O)S(=O)(=O)c5ccc(cc5)OC,COc1ccc(S(=O)(=O)N(CC(C)C)C[C@@H](O)[C@H](Cc2ccccc2)NC(=O)O[C@H]2CO[C@H]3O[C@@H]4OCC[C@@H]4[C@H]32)cc1,Components-smiles-stereo-oe.smi,<frozen-chemistry-source>,23
956,G53,resolved,CC(C)CN(C[C@H]([C@H](Cc1ccccc1)NC(=O)O[C@H]2CO[C@@H]3[C@H]2CCO3)O)S(=O)(=O)c4ccc(cc4)c5nc(co5)C(=O)OC,COC(=O)c1coc(-c2ccc(S(=O)(=O)N(CC(C)C)C[C@@H](O)[C@H](Cc3ccccc3)NC(=O)O[C@H]3CO[C@H]4OCC[C@H]43)cc2)n1,Components-smiles-stereo-oe.smi,<frozen-chemistry-source>,3
136,G55,resolved,CC(C)C[N@@](C[C@H]([C@H](Cc1ccccc1)NC(=O)O[C@@H]2CCOCOC2)O)S(=O)(=O)c3ccc(cc3)OC,COc1ccc(S(=O)(=O)N(CC(C)C)C[C@@H](O)[C@H](Cc2ccccc2)NC(=O)O[C@@H]2CCOCOC2)cc1,Components-smiles-stereo-oe.smi,<frozen-chemistry-source>,3
293,G61,resolved,CC(C)CN(C[C@H]([C@H](Cc1cccc(c1)c2cc(cc(c2)OC)OC)NC(=O)OC(C)(C)C)O)S(=O)(=O)c3ccc(cc3)OC,COc1ccc(S(=O)(=O)N(CC(C)C)C[C@@H](O)[C@H](Cc2cccc(-c3cc(OC)cc(OC)c3)c2)NC(=O)OC(C)(C)C)cc1,Components-smiles-stereo-oe.smi,<frozen-chemistry-source>,3
292,G64,resolved,Cc1cc(cc(c1)C(=O)N(C)Cc2c(oc(n2)C)C)C(=O)N[C@@H](Cc3ccccc3)[C@@H](CN(CC(C)C)S(=O)(=O)c4ccc(cc4)OC)O,COc1ccc(S(=O)(=O)N(CC(C)C)C[C@@H](O)[C@H](Cc2ccccc2)NC(=O)c2cc(C)cc(C(=O)N(C)Cc3nc(C)oc3C)c2)cc1,Components-smiles-stereo-oe.smi,<frozen-chemistry-source>,3
2612,G65,resolved,Cc1ccc(cc1Nc2nc(cs2)c3cccnc3)NC(=O)c4ccc(cc4)CN5CCN(CC5)C,Cc1ccc(NC(=O)c2ccc(CN3CCN(C)CC3)cc2)cc1Nc1nc(-c2cccnc2)cs1,Components-smiles-stereo-oe.smi,<frozen-chemistry-source>,3
998,G6R,resolved,CC(C)CN(C[C@H]([C@H](Cc1cc(cc(c1)F)F)NC(=O)C[C@H]2[C@@H]3C[C@@H]4[C@H]2CO[C@@H]4OC3)O)S(=O)(=O)c5ccc6c(c5)sc(n6)NC7CC7,CC(C)CN(C[C@@H](O)[C@H](Cc1cc(F)cc(F)c1)NC(=O)C[C@H]1[C@H]2CO[C@H]3OC[C@@H]1[C@H]3C2)S(=O)(=O)c1ccc2nc(NC3CC3)sc2c1,Components-smiles-stereo-oe.smi,<frozen-chemistry-source>,3
245,G73,resolved,Cc1cc(cc(c1Nc2nc3c(c(n2)Nc4ccc(cc4)OC)[nH]cn3)C)/C=C/C#N,COc1ccc(Nc2nc(Nc3c(C)cc(/C=C/C#N)cc3C)nc3nc[nH]c23)cc1,Components-smiles-stereo-oe.smi,<frozen-chemistry-source>,3
1002,G77,resolved,CC(C)CN(C[C@H]([C@H](Cc1cc(cc(c1)F)F)NC(=O)O[C@@H]2C[C@H]3C[C@H]4[C@@H]2CO[C@H]4O3)O)S(=O)(=O)c5ccc6c(c5)sc(n6)NC7CC7,CC(C)CN(C[C@@H](O)[C@H](Cc1cc(F)cc(F)c1)NC(=O)O[C@@H]1C[C@H]2C[C@@H]3[C@@H](OC[C@@H]31)O2)S(=O)(=O)c1ccc2nc(NC3CC3)sc2c1,Components-smiles-stereo-oe.smi,<frozen-chemistry-source>,3
918,G79,resolved,CC(C)CN(C[C@H]([C@H](Cc1ccccc1)NC(=O)O[C@H]2CCC[C@@H]3[C@H]2[C@H]4CCO[C@H]4O3)O)S(=O)(=O)c5ccc(cc5)OC,COc1ccc(S(=O)(=O)N(CC(C)C)C[C@@H](O)[C@H](Cc2ccccc2)NC(=O)O[C@H]2CCC[C@H]3O[C@@H]4OCC[C@@H]4[C@@H]23)cc1,Components-smiles-stereo-oe.smi,<frozen-chemistry-source>,3
2630,G7L,resolved,CN(Cc1nc(cs1)C(F)(F)F)C(=O)C=C,C=CC(=O)N(C)Cc1nc(C(F)(F)F)cs1,Components-smiles-stereo-oe.smi,<frozen-chemistry-source>,1
1137,G7M,resolved,C[n+]1cn(c2c1C(=O)NC(=N2)N)[C@H]3[C@@H]([C@@H]([C@H](O3)COP(=O)(O)O)O)O,C[n+]1cn([C@@H]2O[C@H](COP(=O)(O)O)[C@@H](O)[C@H]2O)c2nc(N)[nH]c(=O)c21,Components-smiles-stereo-oe.smi,<frozen-chemistry-source>,1
2990,G7O,resolved,C=CC(=O)N(Cc1nc2ccccc2s1)C3CC3,C=CC(=O)N(Cc1nc2ccccc2s1)C1CC1,Components-smiles-stereo-oe.smi,<frozen-chemistry-source>,1
211,G89,resolved,CC(C)C[N@@](C[C@H]([C@H](Cc1ccccc1)NC(=O)O[C@@H]2C[C@H]3[C@@H](C2)OC[C@@H]3O)O)S(=O)(=O)c4ccc(cc4)OC,COc1ccc(S(=O)(=O)N(CC(C)C)C[C@@H](O)[C@H](Cc2ccccc2)NC(=O)O[C@@H]2C[C@@H]3[C@@H](O)CO[C@@H]3C2)cc1,Components-smiles-stereo-oe.smi,<frozen-chemistry-source>,3
1001,G8R,resolved,CC(C)CN(C[C@H]([C@H](Cc1ccccc1)NC(=O)O[C@H]2C[C@@H]3C[C@@H]4[C@H]2CO[C@@H]4O3)O)S(=O)(=O)c5ccc6c(c5)sc(n6)NC7CC7,CC(C)CN(C[C@@H](O)[C@H](Cc1ccccc1)NC(=O)O[C@H]1C[C@@H]2C[C@H]3[C@H](OC[C@H]31)O2)S(=O)(=O)c1ccc2nc(NC3CC3)sc2c1,Components-smiles-stereo-oe.smi,<frozen-chemistry-source>,3
963,GA5,resolved,CC(C)CN(C[C@H]([C@H](Cc1ccccc1)NC(=O)c2ccc3c(c2)[C@@H](CC[C@@H]3O)NC(=O)OC(C)(C)C)O)S(=O)(=O)c4ccc(cc4)OC,COc1ccc(S(=O)(=O)N(CC(C)C)C[C@@H](O)[C@H](Cc2ccccc2)NC(=O)c2ccc3c(c2)[C@H](NC(=O)OC(C)(C)C)CC[C@@H]3O)cc1,Components-smiles-stereo-oe.smi,<frozen-chemistry-source>,3
962,GA8,resolved,CC(C)CN(C[C@H]([C@H](Cc1ccccc1)NC(=O)c2ccc3c(c2)[C@H](CCS3)NC(=O)OC(C)(C)C)O)S(=O)(=O)c4ccc(cc4)OC,COc1ccc(S(=O)(=O)N(CC(C)C)C[C@@H](O)[C@H](Cc2ccccc2)NC(=O)c2ccc3c(c2)[C@@H](NC(=O)OC(C)(C)C)CCS3)cc1,Components-smiles-stereo-oe.smi,<frozen-chemistry-source>,3
810,GAN,resolved,CC(C)[C@@H](C(=O)N[C@@H](C(C)C)C(=O)OC)NC(=O)[C@H](C)[N@@]1CCC(=C[C@H](C1)Cc2ccccc2)[C@H](C)NC(=O)[C@H](C)N,COC(=O)[C@@H](NC(=O)[C@@H](NC(=O)[C@H](C)N1CCC([C@H](C)NC(=O)[C@H](C)N)=C[C@@H](Cc2ccccc2)C1)C(C)C)C(C)C,Components-smiles-stereo-oe.smi,<frozen-chemistry-source>,3
1020,GCA,resolved,CCOCN1C(=C(C(=O)NC1=O)C(C)C)Cc2cc(cc(c2)C)C,CCOCn1c(Cc2cc(C)cc(C)c2)c(C(C)C)c(=O)[nH]c1=O,Components-smiles-stereo-oe.smi,<frozen-chemistry-source>,3
1200,GDP,resolved,c1nc2c(n1[C@H]3[C@@H]([C@@H]([C@H](O3)CO[P@](=O)(O)OP(=O)(O)O)O)O)N=C(NC2=O)N,Nc1nc2c(ncn2[C@@H]2O[C@H](CO[P@](=O)(O)OP(=O)(O)O)[C@@H](O)[C@H]2O)c(=O)[nH]1,Components-smiles-stereo-oe.smi,<frozen-chemistry-source>,3
1797,GE6,resolved,C1=C(N=C(C(=O)N1[C@H]2[C@@H]([C@@H]([C@H](O2)COP(=O)(O)OP(=O)(O)OP(=O)(O)O)O)O)C(=O)N)F,NC(=O)c1nc(F)cn([C@@H]2O[C@H](COP(=O)(O)OP(=O)(O)OP(=O)(O)O)[C@@H](O)[C@H]2O)c1=O,Components-smiles-stereo-oe.smi,<frozen-chemistry-source>,5
745,GE7,resolved,Cc1ccc(cc1)c2c3ccccc3nc(c2[C@@H](C(=O)O)OC(C)(C)C)C,Cc1ccc(-c2c([C@H](OC(C)(C)C)C(=O)O)c(C)nc3ccccc23)cc1,Components-smiles-stereo-oe.smi,<frozen-chemistry-source>,4
3009,GE9,resolved,c1c(cc(c(c1C(=O)N)I)I)I,NC(=O)c1cc(I)cc(I)c1I,Components-smiles-stereo-oe.smi,<frozen-chemistry-source>,1
746,GEI,resolved,Cc1c(c(c(c(n1)C)[C@@H](C(=O)O)OC(C)(C)C)N2CCC(CC2)(C)C)c3ccc(cc3)OCCc4ccc(cc4)F,Cc1nc(C)c([C@H](OC(C)(C)C)C(=O)O)c(N2CCC(C)(C)CC2)c1-c1ccc(OCCc2ccc(F)cc2)cc1,Components-smiles-stereo-oe.smi,<frozen-chemistry-source>,3
138,GFA,resolved,c1ccc(cc1)C(=O)c2cc(ccc2OCC(=O)Nc3ccccc3)Cl,O=C(COc1ccc(Cl)cc1C(=O)c1ccccc1)Nc1ccccc1,Components-smiles-stereo-oe.smi,<frozen-chemistry-source>,3
881,GGV,resolved,CC(C)(C)[C@@H](C(=O)N[C@H](Cc1ccc(cc1)c2ccccn2)C[C@@H]([C@H](Cc3ccccc3)NC(=O)[C@H](C(C)(C)C)N4C=CN(C4=O)Cc5cccc(n5)C(C)(C)O)O)NC(=O)OC,COC(=O)N[C@H](C(=O)N[C@H](Cc1ccc(-c2ccccn2)cc1)C[C@H](O)[C@H](Cc1ccccc1)NC(=O)[C@@H](n1ccn(Cc2cccc(C(C)(C)O)n2)c1=O)C(C)(C)C)C(C)(C)C,Components-smiles-stereo-oe.smi,<frozen-chemistry-source>,3
880,GGW,resolved,CC(C)(C)[C@@H](C(=O)N[C@@H](Cc1ccc(cc1)c2ccccn2)C[C@@H]([C@H](Cc3ccccc3)NC(=O)[C@H](C(C)(C)C)NC(=O)OC)O)NC(=O)OC,COC(=O)N[C@H](C(=O)N[C@@H](Cc1ccc(-c2ccccn2)cc1)C[C@H](O)[C@H](Cc1ccccc1)NC(=O)[C@@H](NC(=O)OC)C(C)(C)C)C(C)(C)C,Components-smiles-stereo-oe.smi,<frozen-chemistry-source>,3
882,GGX,resolved,Cc1cccc(n1)CN2C=CN(C2=O)[C@H](C(=O)N[C@@H](Cc3ccccc3)[C@H](C[C@@H](Cc4ccc(cc4)c5ccccn5)NC(=O)[C@H](C(C)(C)C)NC(=O)OC)O)C(C)(C)C,COC(=O)N[C@H](C(=O)N[C@H](Cc1ccc(-c2ccccn2)cc1)C[C@H](O)[C@H](Cc1ccccc1)NC(=O)[C@@H](n1ccn(Cc2cccc(C)n2)c1=O)C(C)(C)C)C(C)(C)C,Components-smiles-stereo-oe.smi,<frozen-chemistry-source>,6
2927,GHX,resolved,c1ccc(cc1)C[C@@H](C(=O)N[C@@H](C[C@@H]2CCNC2=O)CO)NC(=O)OCc3ccccc3,O=C(N[C@@H](Cc1ccccc1)C(=O)N[C@H](CO)C[C@@H]1CCNC1=O)OCc1ccccc1,Components-smiles-stereo-oe.smi,<frozen-chemistry-source>,3
2575,GJ3,resolved,C[C@H]([C@@H](C(=O)N[C@@H](CC1CCCCC1)C(=O)NN(C[C@@H]2CCNC2=O)C(=O)C)NC(=O)OCc3ccccc3)OC(C)(C)C,CC(=O)N(C[C@@H]1CCNC1=O)NC(=O)[C@H](CC1CCCCC1)NC(=O)[C@@H](NC(=O)OCc1ccccc1)[C@@H](C)OC(C)(C)C,Components-smiles-stereo-oe.smi,<frozen-chemistry-source>,1
1844,GKF,resolved,c1cc(c2c(c1)c(n[nH]2)I)C=O,O=Cc1cccc2c(I)n[nH]c12,Components-smiles-stereo-oe.smi,<frozen-chemistry-source>,3
1100,GKP,resolved,c1c(cc(c(c1)O)O)/C=C/C(=O)O[C@@H](C(=O)O)[C@@H](OC(=O)/C=C/c2cc(c(cc2)O)O)C(=O)O,O=C(/C=C/c1ccc(O)c(O)c1)O[C@@H](C(=O)O)[C@@H](OC(=O)/C=C/c1ccc(O)c(O)c1)C(=O)O,Components-smiles-stereo-oe.smi,<frozen-chemistry-source>,1
2989,GME,resolved,COC(=O)CC[C@@H](C(=O)O)N,COC(=O)CC[C@H](N)C(=O)O,Components-smiles-stereo-oe.smi,<frozen-chemistry-source>,1
1103,GMP,resolved,c1nc2c(n1[C@H]3[C@@H]([C@@H]([C@H](O3)CO)O)O)N=C(NC2=O)N,Nc1nc2c(ncn2[C@@H]2O[C@H](CO)[C@@H](O)[C@H]2O)c(=O)[nH]1,Components-smiles-stereo-oe.smi,<frozen-chemistry-source>,1
1205,GNP,resolved,c1nc2c(n1[C@H]3[C@@H]([C@@H]([C@H](O3)CO[P@](=O)(O)O[P@@](=O)(NP(=O)(O)O)O)O)O)N=C(NC2=O)N,Nc1nc2c(ncn2[C@@H]2O[C@H](CO[P@](=O)(O)O[P@](=O)(O)NP(=O)(O)O)[C@@H](O)[C@H]2O)c(=O)[nH]1,Components-smiles-stereo-oe.smi,<frozen-chemistry-source>,1
2731,GO3,resolved,Cc1cc2c(c(c(c(c2C(C)C)O)O)C=O)c(c1c3c(cc4c(c3O)c(c(c(c4C(C)C)O)O)C=O)C)O,Cc1cc2c(C(C)C)c(O)c(O)c(C=O)c2c(O)c1-c1c(C)cc2c(C(C)C)c(O)c(O)c(C=O)c2c1O,Components-smiles-stereo-oe.smi,<frozen-chemistry-source>,1
1460,GOV,resolved,C[C@@H](CNCc1ccc2c(c1)OCO2)O,C[C@H](O)CNCc1ccc2c(c1)OCO2,Components-smiles-stereo-oe.smi,<frozen-chemistry-source>,3
1182,GQJ,resolved,COC(=O)[C@@H]1C[C@H](CN1C(=O)c2ccco2)O,COC(=O)[C@@H]1C[C@@H](O)CN1C(=O)c1ccco1,Components-smiles-stereo-oe.smi,<frozen-chemistry-source>,3
1846,GQU,resolved,c1c(cc(cc1F)F)CCC(=O)N2C[C@@H]3CCC[C@@H]3[C@H]2C(=O)N[C@@H](C[C@@H]4CCNC4=O)C=O,O=C[C@H](C[C@@H]1CCNC1=O)NC(=O)[C@@H]1[C@H]2CCC[C@H]2CN1C(=O)CCc1cc(F)cc(F)c1,Components-smiles-stereo-oe.smi,<frozen-chemistry-source>,3
959,GR5,resolved,CC(C)CN(C[C@H]([C@H](Cc1cc(cc(c1)F)F)NC(=O)O[C@H]2C[C@H]3CO[C@@H]4[C@H]3[C@H]2CCO4)O)S(=O)(=O)c5ccc6c(c5)sc(n6)NC7CC7,CC(C)CN(C[C@@H](O)[C@H](Cc1cc(F)cc(F)c1)NC(=O)O[C@H]1C[C@H]2CO[C@H]3OCC[C@@H]1[C@@H]23)S(=O)(=O)c1ccc2nc(NC3CC3)sc2c1,Components-smiles-stereo-oe.smi,<frozen-chemistry-source>,3
151,GR6,resolved,COc1ccc2c(c1)OCC\C=C\CCCCN(S2(=O)=O)C[C@H]([C@H](Cc3ccccc3)NC(=O)O[C@H]4CO[C@@H]5[C@H]4CCO5)O,COc1ccc2c(c1)OCC/C=C/CCCCN(C[C@@H](O)[C@H](Cc1ccccc1)NC(=O)O[C@H]1CO[C@H]3OCC[C@H]31)S2(=O)=O,Components-smiles-stereo-oe.smi,<frozen-chemistry-source>,3
954,GR7,resolved,COc1ccc2c(c1)COC/C=C/CCCCN(S2(=O)=O)C[C@H]([C@H](Cc3ccccc3)NC(=O)O[C@H]4CO[C@@H]5[C@H]4CCO5)O,COc1ccc2c(c1)COC/C=C/CCCCN(C[C@@H](O)[C@H](Cc1ccccc1)NC(=O)O[C@H]1CO[C@H]3OCC[C@H]31)S2(=O)=O,Components-smiles-stereo-oe.smi,<frozen-chemistry-source>,3
958,GR8,resolved,CC(C)CN(C[C@H]([C@H](Cc1cc(cc(c1)F)F)NC(=O)O[C@@H]2C[C@@H]3CO[C@H]4[C@@H]3[C@@H]2CCO4)O)S(=O)(=O)c5ccc6c(c5)sc(n6)NC7CC7,CC(C)CN(C[C@@H](O)[C@H](Cc1cc(F)cc(F)c1)NC(=O)O[C@@H]1C[C@@H]2CO[C@@H]3OCC[C@H]1[C@H]23)S(=O)(=O)c1ccc2nc(NC3CC3)sc2c1,Components-smiles-stereo-oe.smi,<frozen-chemistry-source>,3
75,GRL,resolved,CC(C)CN(C[C@H]([C@H](Cc1ccccc1)NC(=O)O[C@@H]2C[C@@H]3CCO[C@@H]3C2)O)S(=O)(=O)c4ccc(cc4)CO,CC(C)CN(C[C@@H](O)[C@H](Cc1ccccc1)NC(=O)O[C@@H]1C[C@@H]2CCO[C@@H]2C1)S(=O)(=O)c1ccc(CO)cc1,Components-smiles-stereo-oe.smi,<frozen-chemistry-source>,3
1563,GT4,resolved,COCC(=O)Nc1ccc(cc1)O,COCC(=O)Nc1ccc(O)cc1,Components-smiles-stereo-oe.smi,<frozen-chemistry-source>,3
2317,GT7,resolved,C1CCC(CC1)NC(=O)CC#N,N#CCC(=O)NC1CCCCC1,Components-smiles-stereo-oe.smi,<frozen-chemistry-source>,3
1772,GTA,resolved,C[n+]1cn(c2c1C(=O)NC(=N2)N)[C@H]3[C@@H]([C@@H]([C@H](O3)CO[P@@](=O)(O)O[P@@](=O)(O)O[P@@](=O)(O)OC[C@@H]4[C@H]([C@H]([C@@H](O4)n5cnc6c5ncnc6N)O)O)O)O,C[n+]1cn([C@@H]2O[C@H](CO[P@@](=O)(O)O[P@@](=O)(O)O[P@@](=O)(O)OC[C@H]3O[C@@H](n4cnc5c(N)ncnc54)[C@H](O)[C@@H]3O)[C@@H](O)[C@H]2O)c2nc(N)[nH]c(=O)c21,Components-smiles-stereo-oe.smi,<frozen-chemistry-source>,14
2544,GTG,resolved,C[n+]1cn(c2c1C(=O)NC(=N2)N)[C@H]3[C@@H]([C@@H]([C@H](O3)CO[P@@](=O)(O)OP(=O)(O)O[P@](=O)(O)OC[C@@H]4[C@H]([C@H]([C@@H](O4)n5cnc6c5N=C(NC6=O)N)O)O)O)O,C[n+]1cn([C@@H]2O[C@H](CO[P@@](=O)(O)OP(=O)(O)O[P@](=O)(O)OC[C@H]3O[C@@H](n4cnc5c(=O)[nH]c(N)nc54)[C@H](O)[C@@H]3O)[C@@H](O)[C@H]2O)c2nc(N)[nH]c(=O)c21,Components-smiles-stereo-oe.smi,<frozen-chemistry-source>,1
38,GTP,resolved,c1nc2c(n1[C@H]3[C@@H]([C@@H]([C@H](O3)CO[P@](=O)(O)O[P@](=O)(O)OP(=O)(O)O)O)O)N=C(NC2=O)N,Nc1nc2c(ncn2[C@@H]2O[C@H](CO[P@](=O)(O)O[P@](=O)(O)OP(=O)(O)O)[C@@H](O)[C@H]2O)c(=O)[nH]1,Components-smiles-stereo-oe.smi,<frozen-chemistry-source>,60
1102,GUN,resolved,c1[nH]c2c(n1)C(=O)NC(=N2)N,Nc1nc2[nH]cnc2c(=O)[nH]1,Components-smiles-stereo-oe.smi,<frozen-chemistry-source>,1
1330,GVH,resolved,c1cc2cc[nH]c2nc1,c1cnc2[nH]ccc2c1,Components-smiles-stereo-oe.smi,<frozen-chemistry-source>,3
1042,GWB,resolved,CC(C)C1=C(c2cc(ccc2NC1=O)F)OC#CC3CC3,CC(C)c1c(OC#CC2CC2)c2cc(F)ccc2[nH]c1=O,Components-smiles-stereo-oe.smi,<frozen-chemistry-source>,3
139,GWE,resolved,Cc1cc(ccc1NC(=O)COc2ccc(cc2C(=O)c3cc(cc(c3)F)C(F)(F)F)Cl)S(N)(O)O,Cc1cc(S(N)(O)O)ccc1NC(=O)COc1ccc(Cl)cc1C(=O)c1cc(F)cc(C(F)(F)F)c1,Components-smiles-stereo-oe.smi,<frozen-chemistry-source>,7
1522,GWG,resolved,Cn1c2ccccc2c(n1)C(=O)N,Cn1nc(C(N)=O)c2ccccc21,Components-smiles-stereo-oe.smi,<frozen-chemistry-source>,3
141,GWI,resolved,CCC(=O)NS(=O)(=O)c1ccc(c(c1)C)NC(=O)COc2ccc(cc2C(=O)c3cc(cc(c3)Cl)C#N)Cl,CCC(=O)NS(=O)(=O)c1ccc(NC(=O)COc2ccc(Cl)cc2C(=O)c2cc(Cl)cc(C#N)c2)c(C)c1,Components-smiles-stereo-oe.smi,<frozen-chemistry-source>,3
140,GWJ,resolved,Cc1cc(ccc1NC(=O)COc2ccc(cc2C(=O)c3cc(cc(c3)Cl)C#N)Cl)S(=O)(=O)N,Cc1cc(S(N)(=O)=O)ccc1NC(=O)COc1ccc(Cl)cc1C(=O)c1cc(Cl)cc(C#N)c1,Components-smiles-stereo-oe.smi,<frozen-chemistry-source>,3
1453,GWP,resolved,c1c(nc([nH]1)C2CC2)C(=O)N,NC(=O)c1c[nH]c(C2CC2)n1,Components-smiles-stereo-oe.smi,<frozen-chemistry-source>,3
1213,GWS,resolved,c1cc(cnc1)NC(=O)CC2CCCCC2,O=C(CC1CCCCC1)Nc1cccnc1,Components-smiles-stereo-oe.smi,<frozen-chemistry-source>,3
1450,GWV,resolved,CC(C)NCc1ccc(cc1)N(C)C,CC(C)NCc1ccc(N(C)C)cc1,Components-smiles-stereo-oe.smi,<frozen-chemistry-source>,3
1445,GWY,resolved,CN(C[C@@H]1CCOC1)c2c(cncn2)Cl,CN(C[C@@H]1CCOC1)c1ncncc1Cl,Components-smiles-stereo-oe.smi,<frozen-chemistry-source>,3
1849,GXU,resolved,Cc1n(c2c([n+]1Cc3cnccn3)C(=O)c4ccccc4C2=O)CCOC,COCCn1c2c([n+](Cc3cnccn3)c1C)C(=O)c1ccccc1C2=O,Components-smiles-stereo-oe.smi,<frozen-chemistry-source>,7
1854,GYX,resolved,C[C@H](c1cccc2c1cccc2)N3CCC(CC3)C(=O)NCc4cccc(c4)NC(=O)C,CC(=O)Nc1cccc(CNC(=O)C2CCN([C@H](C)c3cccc4ccccc34)CC2)c1,Components-smiles-stereo-oe.smi,<frozen-chemistry-source>,4
738,GZ9,resolved,Cc1c(ccc2c1CCCO2)c3c(nc(c(c3[C@@H](C(=O)O)OC(C)(C)C)C)NC(=O)NC4CCCCC4)C,Cc1nc(NC(=O)NC2CCCCC2)c(C)c([C@H](OC(C)(C)C)C(=O)O)c1-c1ccc2c(c1C)CCCO2,Components-smiles-stereo-oe.smi,<frozen-chemistry-source>,3
1160,H04,resolved,CCOc1ccccc1N2CCNCC2,CCOc1ccccc1N1CCNCC1,Components-smiles-stereo-oe.smi,<frozen-chemistry-source>,3
1041,H12,resolved,CCCC1=C(c2cc(ccc2NC1=O)Cl)OC3CCCCC3,CCCc1c(OC2CCCCC2)c2cc(Cl)ccc2[nH]c1=O,Components-smiles-stereo-oe.smi,<frozen-chemistry-source>,3
1043,H16,resolved,CCCC1=C(c2cc(ccc2NC1=O)Cl)SC3CCCCC3,CCCc1c(SC2CCCCC2)c2cc(Cl)ccc2[nH]c1=O,Components-smiles-stereo-oe.smi,<frozen-chemistry-source>,3
1044,H18,resolved,CCCC1=C(c2cc(ccc2NC1=O)Cl)[S@](=O)C3CCCCC3,CCCc1c([S@](=O)C2CCCCC2)c2cc(Cl)ccc2[nH]c1=O,Components-smiles-stereo-oe.smi,<frozen-chemistry-source>,3
1045,H20,resolved,CC(C)C1=C(c2cc(ccc2NC1=O)Cl)OC3CCCCC3,CC(C)c1c(OC2CCCCC2)c2cc(Cl)ccc2[nH]c1=O,Components-smiles-stereo-oe.smi,<frozen-chemistry-source>,3
2750,H2S,resolved,S,S,Components-smiles-stereo-oe.smi,<frozen-chemistry-source>,1
1118,H2U,resolved,C1CN(C(=O)NC1=O)[C@H]2[C@@H]([C@@H]([C@H](O2)COP(=O)(O)O)O)O,O=C1CCN([C@@H]2O[C@H](COP(=O)(O)O)[C@@H](O)[C@H]2O)C(=O)N1,Components-smiles-stereo-oe.smi,<frozen-chemistry-source>,1
1298,H35,resolved,c1cc(oc1)CNc2c3c(nc[nH]3)ncn2,c1coc(CNc2ncnc3nc[nH]c23)c1,Components-smiles-stereo-oe.smi,<frozen-chemistry-source>,3
2487,H37,resolved,[H]/N=C(\N)/NCCC[C@@H](C(=O)CCl)NC(=O)[C@H](Cc1ccccc1)NC(=O)[C@@H](Cc2ccccc2)N,[H]/N=C(\N)NCCC[C@H](NC(=O)[C@H](Cc1ccccc1)NC(=O)[C@H](N)Cc1ccccc1)C(=O)CCl,Components-smiles-stereo-oe.smi,<frozen-chemistry-source>,1
694,H39,resolved,CC(C)C[C@@H](Cc1ccc2c(c1C(=O)O)OCO2)CNC(=O)Cc3cc[nH]c3,CC(C)C[C@H](CNC(=O)Cc1cc[nH]c1)Cc1ccc2c(c1C(=O)O)OCO2,Components-smiles-stereo-oe.smi,<frozen-chemistry-source>,4
2917,H3F,resolved,Cc1cc(nc2c1c(c(cc2N[C@@H](C)CCCN)OC)Oc3cccc(c3)C(F)(F)F)OC,COc1cc(C)c2c(Oc3cccc(C(F)(F)F)c3)c(OC)cc(N[C@@H](C)CCCN)c2n1,Components-smiles-stereo-oe.smi,<frozen-chemistry-source>,3
1847,H3U,resolved,Cc1ccc(cc1NC(=O)c2cccc(c2)N)C(=O)Nc3ccc(c4c3c(cc(c4)S(=O)(=O)O)S(=O)(=O)O)S(=O)(=O)O,Cc1ccc(C(=O)Nc2ccc(S(=O)(=O)O)c3cc(S(=O)(=O)O)cc(S(=O)(=O)O)c23)cc1NC(=O)c1cccc(N)c1,Components-smiles-stereo-oe.smi,<frozen-chemistry-source>,4
2919,H60,resolved,CCCC[C@@H](C(=O)N[C@@H](C[C@@H]1CCCNC1=O)C=O)NC(=O)/C=C/c2ccccc2,CCCC[C@H](NC(=O)/C=C/c1ccccc1)C(=O)N[C@H](C=O)C[C@@H]1CCCNC1=O,Components-smiles-stereo-oe.smi,<frozen-chemistry-source>,3
2920,H63,resolved,CCCC[C@@H](C(=O)N[C@@H](C[C@@H]1CCNC1=O)C=O)NC(=O)/C=C/c2ccccc2,CCCC[C@H](NC(=O)/C=C/c1ccccc1)C(=O)N[C@H](C=O)C[C@@H]1CCNC1=O,Components-smiles-stereo-oe.smi,<frozen-chemistry-source>,4
2561,H69,resolved,c1cc(c(cc1C2CCN(CC2)C(=O)C3=CC(=O)NC(=O)N3)Cl)Cl,O=C(c1cc(=O)[nH]c(=O)[nH]1)N1CCC(c2ccc(Cl)c(Cl)c2)CC1,Components-smiles-stereo-oe.smi,<frozen-chemistry-source>,1
2921,H6F,resolved,CC(C)C[C@@H](C(=O)N[C@@H](C[C@@H]1CCCNC1=O)C=O)NC(=O)[C@H](C(C)C)NC(=O)c2ccc3ccccc3c2,CC(C)C[C@H](NC(=O)[C@@H](NC(=O)c1ccc2ccccc2c1)C(C)C)C(=O)N[C@H](C=O)C[C@@H]1CCCNC1=O,Components-smiles-stereo-oe.smi,<frozen-chemistry-source>,3
2922,H6L,resolved,CC(C)C[C@@H](C(=O)N[C@@H](C[C@@H]1CCCNC1=O)C=O)NC(=O)[C@H](C(C)C)NC(=O)c2ccc(cc2)[N+](=O)[O-],CC(C)C[C@H](NC(=O)[C@@H](NC(=O)c1ccc([N+](=O)[O-])cc1)C(C)C)C(=O)N[C@H](C=O)C[C@@H]1CCCNC1=O,Components-smiles-stereo-oe.smi,<frozen-chemistry-source>,4
2923,H6R,resolved,C#CC[C@@H](C(=O)N[C@@H](C[C@@H]1CCNC1=O)C=O)NC(=O)/C=C/c2ccccc2,C#CC[C@H](NC(=O)/C=C/c1ccccc1)C(=O)N[C@H](C=O)C[C@@H]1CCNC1=O,Components-smiles-stereo-oe.smi,<frozen-chemistry-source>,3
684,H75,resolved,c1cc(ccc1N2C=C3CCCCN3C2=O)Br,O=c1n(-c2ccc(Br)cc2)cc2n1CCCC2,Components-smiles-stereo-oe.smi,<frozen-chemistry-source>,3
335,H9Y,resolved,c1cc(c(cc1F)OCCN2C=CC(=O)NC2=O)Oc3cc(cn4c3cc(c4)C#N)F,N#Cc1cc2c(Oc3ccc(F)cc3OCCn3ccc(=O)[nH]c3=O)cc(F)cn2c1,Components-smiles-stereo-oe.smi,<frozen-chemistry-source>,7
2527,HBA,resolved,c1cc(ccc1C=O)O,O=Cc1ccc(O)cc1,Components-smiles-stereo-oe.smi,<frozen-chemistry-source>,1
846,HBB,resolved,CC(C)CC[N@@](C[C@H]([C@@H]1Cc2ccc(cc2)OCCCC(=O)N[C@H](C(=O)N1)C(C)C)O)S(=O)(=O)c3ccccc3,CC(C)CCN(C[C@@H](O)[C@@H]1Cc2ccc(cc2)OCCCC(=O)N[C@@H](C(C)C)C(=O)N1)S(=O)(=O)c1ccccc1,Components-smiles-stereo-oe.smi,<frozen-chemistry-source>,3
1354,HBD,resolved,c1cc(ccc1C(=O)N)O,NC(=O)c1ccc(O)cc1,Components-smiles-stereo-oe.smi,<frozen-chemistry-source>,5
847,HBH,resolved,CC(C)CC[N@@](C[C@H]([C@@H]1Cc2ccc(cc2)OCCCC(=O)N[C@H](C(=O)N1)CC(=O)N)O)S(=O)(=O)c3ccccc3,CC(C)CCN(C[C@@H](O)[C@@H]1Cc2ccc(cc2)OCCCC(=O)N[C@@H](CC(N)=O)C(=O)N1)S(=O)(=O)c1ccccc1,Components-smiles-stereo-oe.smi,<frozen-chemistry-source>,3
98,HBQ,resolved,CC[C@H]1C(=O)Nc2ccc(cc2N1C(=O)OC(C)C)F,CC[C@H]1C(=O)Nc2ccc(F)cc2N1C(=O)OC(C)C,Components-smiles-stereo-oe.smi,<frozen-chemistry-source>,9
758,HBY,resolved,CC(C)OC(=O)N1c2cc(ccc2NC(=S)[C@@H]1CSC)OC,COc1ccc2c(c1)N(C(=O)OC(C)C)[C@@H](CSC)C(=S)N2,Components-smiles-stereo-oe.smi,<frozen-chemistry-source>,9
2884,HCU,resolved,c1nc2c(n1CC[C@H](CO)COP(=O)(O)O)NC(=NC2=O)N,Nc1nc(=O)c2ncn(CC[C@H](CO)COP(=O)(O)O)c2[nH]1,Components-smiles-stereo-oe.smi,<frozen-chemistry-source>,5
2528,HE9,resolved,COC(=O)c1ccc(c(c1)O)O,COC(=O)c1ccc(O)c(O)c1,Components-smiles-stereo-oe.smi,<frozen-chemistry-source>,1
1039,HEF,resolved,CC1=C(N(C(=O)NC1=O)COCCO)Sc2ccccc2,Cc1c(Sc2ccccc2)n(COCCO)c(=O)[nH]c1=O,Components-smiles-stereo-oe.smi,<frozen-chemistry-source>,3
1851,HER,resolved,COc1cc(c2c(c1)OC(=C(C2=O)O)c3cc(c(c(c3)O)O)O)O,COc1cc(O)c2c(=O)c(O)c(-c3cc(O)c(O)c(O)c3)oc2c1,Components-smiles-stereo-oe.smi,<frozen-chemistry-source>,4
1852,HF0,resolved,COc1cc(c2c(c1)O[C@H]([C@@H](C2=O)O)c3cc(c(c(c3)O)O)O)O,COc1cc(O)c2c(c1)O[C@@H](c1cc(O)c(O)c(O)c1)[C@H](O)C2=O,Components-smiles-stereo-oe.smi,<frozen-chemistry-source>,6
1491,HGQ,resolved,C1=CNC(=O)C=C1Br,O=c1cc(Br)cc[nH]1,Components-smiles-stereo-oe.smi,<frozen-chemistry-source>,3
230,HGU,resolved,C(=N)(N)NO,N=C(N)NO,Components-smiles-stereo-oe.smi,<frozen-chemistry-source>,3
64,HH1,resolved,c1ccc(cc1)C[C@@H]([C@H](C[C@]2(C(=O)C(=CN2)[C@@H]3C[C@@H](c4c3cccc4)CC(=O)N)Cc5ccccc5)O)NC(=O)O[C@H]6CCOC6,NC(=O)C[C@H]1C[C@@H](C2=CN[C@@](Cc3ccccc3)(C[C@H](O)[C@H](Cc3ccccc3)NC(=O)O[C@H]3CCOC3)C2=O)c2ccccc21,Components-smiles-stereo-oe.smi,<frozen-chemistry-source>,3
1492,HH8,resolved,c1cc2c(ccnc2nc1)Br,Brc1ccnc2ncccc12,Components-smiles-stereo-oe.smi,<frozen-chemistry-source>,3
1490,HHQ,resolved,C1C(=CC=NC1=O)I,O=C1CC(I)=CC=N1,Components-smiles-stereo-oe.smi,<frozen-chemistry-source>,3
621,HI1,resolved,CC(C)(C)[C@@H](C(=O)N[N@](CCC[C@@](Cc1ccccc1)(C(=O)N[C@H]2c3ccccc3C[C@H]2O)O)Cc4ccc(cc4)Br)NC(=O)OC,COC(=O)N[C@H](C(=O)NN(CCC[C@@](O)(Cc1ccccc1)C(=O)N[C@H]1c2ccccc2C[C@H]1O)Cc1ccc(Br)cc1)C(C)(C)C,Components-smiles-stereo-oe.smi,<frozen-chemistry-source>,3
1130,HIC,resolved,Cn1cc(nc1)C[C@@H](C(=O)O)N,Cn1cnc(C[C@H](N)C(=O)O)c1,Components-smiles-stereo-oe.smi,<frozen-chemistry-source>,1
700,HLR,resolved,c1ccc2c(c1)c(no2)N,Nc1noc2ccccc12,Components-smiles-stereo-oe.smi,<frozen-chemistry-source>,6
1399,HQD,resolved,CC1=C(C(=O)c2ccccc2N1)O,Cc1[nH]c2ccccc2c(=O)c1O,Components-smiles-stereo-oe.smi,<frozen-chemistry-source>,3
1180,HR5,resolved,Cc1c(cnn1C)C(=O)NCC2CCC2,Cc1c(C(=O)NCC2CCC2)cnn1C,Components-smiles-stereo-oe.smi,<frozen-chemistry-source>,3
1498,HRZ,resolved,C1=CC(=O)NC=C1,O=c1cccc[nH]1,Components-smiles-stereo-oe.smi,<frozen-chemistry-source>,4
1381,HSM,resolved,c1c(nc[nH]1)CCN,NCCc1c[nH]cn1,Components-smiles-stereo-oe.smi,<frozen-chemistry-source>,3
2636,HSV,resolved,c1c([nH+]c[nH]1)C[C@@H](C=O)N,N[C@H](C=O)Cc1c[nH]c[nH+]1,Components-smiles-stereo-oe.smi,<frozen-chemistry-source>,1
2876,HT7,resolved,c1ccc2c(c1)c(c[nH]2)C[C@@H](CC(=O)O)N,N[C@H](CC(=O)O)Cc1c[nH]c2ccccc12,Components-smiles-stereo-oe.smi,<frozen-chemistry-source>,1
1853,HUO,resolved,CC(C)C[C@@H](C(=O)N[C@@H](C[C@@H]1CCNC1=O)C(=O)c2nc3ccccc3s2)NC(=O)[C@H](C(C)C)NC(=O)OCc4ccccc4,CC(C)C[C@H](NC(=O)[C@@H](NC(=O)OCc1ccccc1)C(C)C)C(=O)N[C@@H](C[C@@H]1CCNC1=O)C(=O)c1nc2ccccc2s1,Components-smiles-stereo-oe.smi,<frozen-chemistry-source>,3
2739,HUR,resolved,CC(C)C[C@@H](C(=O)N[C@@H](C[C@@H]1CCNC1=O)C(=O)c2nc3ccccc3s2)NC(=O)c4cc5c([nH]4)cccc5OC,COc1cccc2[nH]c(C(=O)N[C@@H](CC(C)C)C(=O)N[C@@H](C[C@@H]3CCNC3=O)C(=O)c3nc4ccccc4s3)cc12,Components-smiles-stereo-oe.smi,<frozen-chemistry-source>,3
622,HV1,resolved,CC(C)(C)[C@@H](C(=O)NN(Cc1ccc(cc1)Br)C(=O)CC[C@@](Cc2ccccc2)(C(=O)N[C@H]3c4ccccc4C[C@H]3O)O)NC(=O)OC,COC(=O)N[C@H](C(=O)NN(Cc1ccc(Br)cc1)C(=O)CC[C@@](O)(Cc1ccccc1)C(=O)N[C@H]1c2ccccc2C[C@H]1O)C(C)(C)C,Components-smiles-stereo-oe.smi,<frozen-chemistry-source>,3
1249,HV2,resolved,C1C(CS1(=O)=O)O,O=S1(=O)CC(O)C1,Components-smiles-stereo-oe.smi,<frozen-chemistry-source>,3
953,HV9,resolved,Cc1ccc(cc1)S(=O)(=O)NC(=O)NC2CCN(CC2)c3nccc(n3)C(F)(F)F,Cc1ccc(S(=O)(=O)NC(=O)NC2CCN(c3nccc(C(F)(F)F)n3)CC2)cc1,Components-smiles-stereo-oe.smi,<frozen-chemistry-source>,5
1246,HVB,resolved,CCC(=[NH2+])N,CCC(N)=[NH2+],Components-smiles-stereo-oe.smi,<frozen-chemistry-source>,3
1208,HWH,resolved,CC(=O)NCCc1c[nH]c2c1cc(cc2)F,CC(=O)NCCc1c[nH]c2ccc(F)cc12,Components-smiles-stereo-oe.smi,<frozen-chemistry-source>,3
964,HWY,resolved,CC(C)CN(C[C@H]([C@H](Cc1ccccc1)NC(=O)O[C@@H]2C[C@H]3[C@@H](C2)OC(=O)N3c4ccccc4)O)S(=O)(=O)c5ccc(cc5)OC,COc1ccc(S(=O)(=O)N(CC(C)C)C[C@@H](O)[C@H](Cc2ccccc2)NC(=O)O[C@H]2C[C@H]3OC(=O)N(c4ccccc4)[C@H]3C2)cc1,Components-smiles-stereo-oe.smi,<frozen-chemistry-source>,3
1126,HY3,resolved,C1CN[C@@H]([C@H]1O)C(=O)O,O=C(O)[C@H]1NCC[C@@H]1O,Components-smiles-stereo-oe.smi,<frozen-chemistry-source>,1
1496,HYN,resolved,C1C(=O)NC(=O)N1,O=C1CNC(=O)N1,Components-smiles-stereo-oe.smi,<frozen-chemistry-source>,3
1855,HYR,resolved,c1ccc(cc1)OCCNC=S,S=CNCCOc1ccccc1,Components-smiles-stereo-oe.smi,<frozen-chemistry-source>,5
88,I15,resolved,Cc1c2c(ccc(c2Oc3cc(cc(c3)C#N)C#N)F)[nH]n1,Cc1n[nH]c2ccc(F)c(Oc3cc(C#N)cc(C#N)c3)c12,Components-smiles-stereo-oe.smi,<frozen-chemistry-source>,3
2978,I1W,resolved,CC1([C@@H]2[C@H]1[C@H](N(C2)C(=O)[C@H](C(C)(C)C)NC(=O)NC(C)(C)C)C(=O)N[C@@H](C[C@@H]3CCNC3=O)[C@@H](c4nc5ccccc5s4)O)C,CC(C)(C)NC(=O)N[C@H](C(=O)N1C[C@H]2[C@@H]([C@H]1C(=O)N[C@@H](C[C@@H]1CCNC1=O)[C@H](O)c1nc3ccccc3s1)C2(C)C)C(C)(C)C,Components-smiles-stereo-oe.smi,<frozen-chemistry-source>,1
2742,I1Z,resolved,[H]/N=C\[C@H](C[C@@H]1CCNC1=O)NC(=O)[C@@H]2[C@@H]3[C@@H](C3(C)C)CN2C(=O)[C@H](C(C)(C)C)NC(=O)NC(C)(C)C,[H]/N=C\[C@H](C[C@@H]1CCNC1=O)NC(=O)[C@@H]1[C@@H]2[C@H](CN1C(=O)[C@@H](NC(=O)NC(C)(C)C)C(C)(C)C)C2(C)C,Components-smiles-stereo-oe.smi,<frozen-chemistry-source>,1
2979,I2D,resolved,c1cc(cc(c1)Cl)CN(c2ccc(cc2)c3c[nH]nc3)C(=O)Cc4cccnc4,O=C(Cc1cccnc1)N(Cc1cccc(Cl)c1)c1ccc(-c2cn[nH]c2)cc1,Components-smiles-stereo-oe.smi,<frozen-chemistry-source>,1
3011,I2J,resolved,C(COCCO)N,NCCOCCO,Components-smiles-stereo-oe.smi,<frozen-chemistry-source>,1
2980,I2N,resolved,c1ccc2c(c1)cncc2CC(=O)N(Cc3cc(cc(c3)Cl)F)c4ccc(cc4)c5c[nH]cn5,O=C(Cc1cncc2ccccc12)N(Cc1cc(F)cc(Cl)c1)c1ccc(-c2c[nH]cn2)cc1,Components-smiles-stereo-oe.smi,<frozen-chemistry-source>,1
181,I3M,resolved,I[I-]I,I[I-]I,Components-smiles-stereo-oe.smi,<frozen-chemistry-source>,4
2796,I3R,resolved,c1ccc(cc1)C2=NN([C@H](C2)c3cccc4c3nccn4)C(=O)CCl,O=C(CCl)N1N=C(c2ccccc2)C[C@@H]1c1cccc2nccnc12,Components-smiles-stereo-oe.smi,<frozen-chemistry-source>,1
2599,I54,resolved,CC(C)C[C@@H](C(=O)N[C@@H](C[C@@H]1CCNC1=O)[C@H](O)S(=O)(=O)O)NC(=O)OCc2ccccc2Cl,CC(C)C[C@H](NC(=O)OCc1ccccc1Cl)C(=O)N[C@@H](C[C@@H]1CCNC1=O)[C@H](O)S(=O)(=O)O,Components-smiles-stereo-oe.smi,<frozen-chemistry-source>,1
2577,I64,resolved,CCC(=O)N(CCC(=O)N)NC(=O)[C@H](CC(C)C)NC(=O)[C@H](C(C)C)NC(=O)OCc1ccccc1,CCC(=O)N(CCC(N)=O)NC(=O)[C@H](CC(C)C)NC(=O)[C@@H](NC(=O)OCc1ccccc1)C(C)C,Components-smiles-stereo-oe.smi,<frozen-chemistry-source>,1
2625,I65,resolved,CCC(=O)N(CCC(=O)N)NC(=O)[C@H](CC1CCCCC1)NC(=O)[C@H]([C@@H](C)OC(C)(C)C)NC(=O)OCc2ccccc2,CCC(=O)N(CCC(N)=O)NC(=O)[C@H](CC1CCCCC1)NC(=O)[C@@H](NC(=O)OCc1ccccc1)[C@@H](C)OC(C)(C)C,Components-smiles-stereo-oe.smi,<frozen-chemistry-source>,1
2973,I68,resolved,CC(C)(C)C[C@@H](C(=O)N[C@@H](C[C@@H]1CCNC1=O)CO)NC(=O)[C@H](C(C)(C)C)NC(=O)NC(C)(C)C,CC(C)(C)C[C@H](NC(=O)[C@@H](NC(=O)NC(C)(C)C)C(C)(C)C)C(=O)N[C@H](CO)C[C@@H]1CCNC1=O,Components-smiles-stereo-oe.smi,<frozen-chemistry-source>,1
2972,I69,resolved,CC(C)(C)[C@@H](C(=O)N1CC2(CC2)C[C@H]1C(=O)N[C@@H](C[C@@H]3CCNC3=O)CO)NC(=O)NC(C)(C)C,CC(C)(C)NC(=O)N[C@H](C(=O)N1CC2(CC2)C[C@H]1C(=O)N[C@H](CO)C[C@@H]1CCNC1=O)C(C)(C)C,Components-smiles-stereo-oe.smi,<frozen-chemistry-source>,1
598,I6M,resolved,[H]/N=C(/N)\NC[C@H]1Cc2cc(ccc2[C@@H]1NC(=O)C(=O)Nc3ccc(c(c3)F)Cl)CN4CCC[C@@H]4CO,[H]/N=C(/N)NC[C@H]1Cc2cc(CN3CCC[C@@H]3CO)ccc2[C@@H]1NC(=O)C(=O)Nc1ccc(Cl)c(F)c1,Components-smiles-stereo-oe.smi,<frozen-chemistry-source>,6
597,I6Q,resolved,[H]/N=C(\N)/NC[C@H]1Cc2cc(ccc2[C@@H]1NC(=O)C(=O)Nc3ccc(c(c3)F)Cl)CN4CC[C@H](C4)N,[H]/N=C(\N)NC[C@H]1Cc2cc(CN3CC[C@@H](N)C3)ccc2[C@@H]1NC(=O)C(=O)Nc1ccc(Cl)c(F)c1,Components-smiles-stereo-oe.smi,<frozen-chemistry-source>,6
1085,I70,resolved,CC1([C@@H]2[C@H]1[C@H](N(C2)C(=O)[C@H](C(C)(C)C)NC(=O)NC(C)(C)C)C(=O)N[C@@H](C[C@@H]3CCNC3=O)[C@H](C(=O)N)O)C,CC(C)(C)NC(=O)N[C@H](C(=O)N1C[C@H]2[C@@H]([C@H]1C(=O)N[C@@H](C[C@@H]1CCNC1=O)[C@@H](O)C(N)=O)C2(C)C)C(C)(C)C,Components-smiles-stereo-oe.smi,<frozen-chemistry-source>,1
2624,I71,resolved,CCNC(=O)[C@@H]([C@H](C[C@@H]1CCNC1=O)NC(=O)[C@@H]2[C@@H]3[C@@H](C3(C)C)CN2C(=O)[C@H](C(C)(C)C)NC(=O)NC(C)(C)C)O,CCNC(=O)[C@H](O)[C@H](C[C@@H]1CCNC1=O)NC(=O)[C@@H]1[C@@H]2[C@H](CN1C(=O)[C@@H](NC(=O)NC(C)(C)C)C(C)(C)C)C2(C)C,Components-smiles-stereo-oe.smi,<frozen-chemistry-source>,1
2977,I80,resolved,CC1([C@@H]2[C@H]1[C@H](N(C2)C(=O)COc3ccc(cc3)OC(F)(F)F)C(=O)N[C@@H](C[C@@H]4CCNC4=O)CO)C,CC1(C)[C@@H]2[C@@H](C(=O)N[C@H](CO)C[C@@H]3CCNC3=O)N(C(=O)COc3ccc(OC(F)(F)F)cc3)C[C@@H]21,Components-smiles-stereo-oe.smi,<frozen-chemistry-source>,1
1572,I8D,resolved,c1cc(ccc1C(=O)N2CCSCC2)Cl,O=C(c1ccc(Cl)cc1)N1CCSCC1,Components-smiles-stereo-oe.smi,<frozen-chemistry-source>,3
2632,I8H,resolved,CC1([C@@H]2[C@H]1[C@H](N(C2)C(=O)[C@H](C(C)(C)C)NC(=O)NC(C)(C)C)C(=O)N[C@@H](C[C@@H]3CCNC3=O)[C@H](C(=O)NC)O)C,CNC(=O)[C@H](O)[C@H](C[C@@H]1CCNC1=O)NC(=O)[C@@H]1[C@@H]2[C@H](CN1C(=O)[C@@H](NC(=O)NC(C)(C)C)C(C)(C)C)C2(C)C,Components-smiles-stereo-oe.smi,<frozen-chemistry-source>,1
307,IB1,resolved,COc1cc(c(c(c1)F)C(=O)c2ccnc(n2)Nc3ccc(cc3)C#N)F,COc1cc(F)c(C(=O)c2ccnc(Nc3ccc(C#N)cc3)n2)c(F)c1,Components-smiles-stereo-oe.smi,<frozen-chemistry-source>,3
1073,IDS,resolved,[C@@H]1([C@@H]([C@@H](O[C@H]([C@@H]1OS(=O)(=O)O)O)C(=O)O)O)O,O=C(O)[C@@H]1O[C@@H](O)[C@H](OS(=O)(=O)O)[C@@H](O)[C@@H]1O,Components-smiles-stereo-oe.smi,<frozen-chemistry-source>,61
3028,IDU,resolved,[C@@H]1([C@H]([C@@H](O[C@@H]([C@@H]1OS(=O)(=O)O)O)C(=O)O)O)O,O=C(O)[C@@H]1O[C@H](O)[C@H](OS(=O)(=O)O)[C@@H](O)[C@H]1O,Components-smiles-stereo-oe.smi,<frozen-chemistry-source>,1
762,IET,resolved,c1cc(c(c(c1)Cl)CC(=N)NC(=S)Nc2ccc(cc2)C#N)Cl,N#Cc1ccc(NC(=S)NC(=N)Cc2c(Cl)cccc2Cl)cc1,Components-smiles-stereo-oe.smi,<frozen-chemistry-source>,3
2634,IFO,resolved,CC(C)([C@H](C(=O)OCc1ccc(cc1F)F)N/C=C(/C=O)\NC(=O)COc2ccccc2)S(=O)O,CC(C)([C@@H](N/C=C(/C=O)NC(=O)COc1ccccc1)C(=O)OCc1ccc(F)cc1F)S(=O)O,Components-smiles-stereo-oe.smi,<frozen-chemistry-source>,1
330,IHP,resolved,C1(C(C(C(C(C1OP(=O)(O)O)OP(=O)(O)O)OP(=O)(O)O)OP(=O)(O)O)OP(=O)(O)O)OP(=O)(O)O,O=P(O)(O)OC1C(OP(=O)(O)O)C(OP(=O)(O)O)C(OP(=O)(O)O)C(OP(=O)(O)O)C1OP(=O)(O)O,Components-smiles-stereo-oe.smi,<frozen-chemistry-source>,64
2633,II7,resolved,C1C(CC1N)C(=O)O,NC1CC(C(=O)O)C1,Components-smiles-stereo-oe.smi,<frozen-chemistry-source>,1
236,IL0,resolved,CC[C@H](C)[C@@H](C(O)O)N,CC[C@H](C)[C@H](N)C(O)O,Components-smiles-stereo-oe.smi,<frozen-chemistry-source>,4
238,ILE,resolved,CC[C@H](C)[C@@H](C(=O)O)N,CC[C@H](C)[C@H](N)C(=O)O,Components-smiles-stereo-oe.smi,<frozen-chemistry-source>,3
767,IM1,resolved,CC(C)[C@@H](c1[nH]ccn1)NC(=O)[C@H](Cc2ccccc2)C[C@@H]([C@H](Cc3ccccc3)NC(=O)OC(C)(C)C)O,CC(C)[C@H](NC(=O)[C@H](Cc1ccccc1)C[C@H](O)[C@H](Cc1ccccc1)NC(=O)OC(C)(C)C)c1ncc[nH]1,Components-smiles-stereo-oe.smi,<frozen-chemistry-source>,12
636,IMV,resolved,c1ccc2c(c1)CC(=O)N2Cc3ccc4c(c3C(=O)O)OCO4,O=C(O)c1c(CN2C(=O)Cc3ccccc32)ccc2c1OCO2,Components-smiles-stereo-oe.smi,<frozen-chemistry-source>,11
1003,INU,resolved,c1ccc(cc1)S(=O)(=O)Nc2cccc(c2)[C@H](C3CC3)C4=C(C5=C(CCCCCC5)OC4=O)O,O=c1oc2c(c(O)c1[C@H](c1cccc(NS(=O)(=O)c3ccccc3)c1)C1CC1)CCCCCC2,Components-smiles-stereo-oe.smi,<frozen-chemistry-source>,3
913,IOP,resolved,c1ccc2c(c1)c(c[nH]2)CCC(=O)O,O=C(O)CCc1c[nH]c2ccccc12,Components-smiles-stereo-oe.smi,<frozen-chemistry-source>,5
60,IPF,resolved,CC(C)[C@@H](C(=O)N[C@@H](Cc1ccccc1)[C@@H]([C@H]([C@@H]2CCCN2C(=O)[C@H](C(C)C)NC(=O)[C@H](Cc3c[nH]c4c3cccc4)NC(=O)C)O)O)NC(=O)[C@H](Cc5c[nH]c6c5cccc6)NC(=O)C,CC(=O)N[C@@H](Cc1c[nH]c2ccccc12)C(=O)N[C@H](C(=O)N[C@@H](Cc1ccccc1)[C@H](O)[C@@H](O)[C@@H]1CCCN1C(=O)[C@@H](NC(=O)[C@H](Cc1c[nH]c2ccccc12)NC(C)=O)C(C)C)C(C)C,Components-smiles-stereo-oe.smi,<frozen-chemistry-source>,3
2607,IRW,resolved,CC(C)C[C@@H](C(=O)N[C@@H](C[C@@H]1CCNC1=O)[C@@H](O)S(=O)(=O)O)NC(=O)OC[C@@H]2C[C@H]2c3ccc(cc3)OC,COc1ccc([C@@H]2C[C@H]2COC(=O)N[C@@H](CC(C)C)C(=O)N[C@@H](C[C@@H]2CCNC2=O)[C@@H](O)S(=O)(=O)O)cc1,Components-smiles-stereo-oe.smi,<frozen-chemistry-source>,1
2606,IRZ,resolved,CC(C)C[C@@H](C(=O)N[C@@H](C[C@@H]1CCNC1=O)C=O)NC(=O)OC[C@@H]2C[C@H]2c3cccc(c3)Cl,CC(C)C[C@H](NC(=O)OC[C@@H]1C[C@H]1c1cccc(Cl)c1)C(=O)N[C@H](C=O)C[C@@H]1CCNC1=O,Components-smiles-stereo-oe.smi,<frozen-chemistry-source>,1
2605,IS5,resolved,CC(C)C[C@@H](C(=O)N[C@@H](C[C@@H]1CCNC1=O)C=O)NC(=O)OC[C@@H]2C[C@H]2c3cccc(c3)F,CC(C)C[C@H](NC(=O)OC[C@@H]1C[C@H]1c1cccc(F)c1)C(=O)N[C@H](C=O)C[C@@H]1CCNC1=O,Components-smiles-stereo-oe.smi,<frozen-chemistry-source>,1
2604,ISG,resolved,CC(C)C[C@@H](C(=O)N[C@@H](C[C@@H]1CCNC1=O)C=O)NC(=O)OC[C@@H]2C[C@H]2c3ccccc3,CC(C)C[C@H](NC(=O)OC[C@@H]1C[C@H]1c1ccccc1)C(=O)N[C@H](C=O)C[C@@H]1CCNC1=O,Components-smiles-stereo-oe.smi,<frozen-chemistry-source>,1
1337,ISN,resolved,c1ccc2c(c1)C(=O)C(=O)N2,O=C1Nc2ccccc2C1=O,Components-smiles-stereo-oe.smi,<frozen-chemistry-source>,3
2609,IT3,resolved,CCC[C@@H]1C[C@H]1COC(=O)N[C@@H](CC(C)C)C(=O)N[C@@H](C[C@@H]2CCNC2=O)[C@@H](O)S(=O)(=O)O,CCC[C@@H]1C[C@H]1COC(=O)N[C@@H](CC(C)C)C(=O)N[C@@H](C[C@@H]1CCNC1=O)[C@@H](O)S(=O)(=O)O,Components-smiles-stereo-oe.smi,<frozen-chemistry-source>,1
2610,ITG,resolved,CCC[C@@H]1C[C@H]1COC(=O)N[C@@H](CC(C)C)C(=O)N[C@@H](C[C@@H]2CCNC2=O)[C@H](O)S(=O)(=O)O,CCC[C@@H]1C[C@H]1COC(=O)N[C@@H](CC(C)C)C(=O)N[C@@H](C[C@@H]1CCNC1=O)[C@H](O)S(=O)(=O)O,Components-smiles-stereo-oe.smi,<frozen-chemistry-source>,1
2608,ITX,resolved,CC(C)C[C@@H](C(=O)N[C@@H](C[C@@H]1CCNC1=O)[C@H](O)S(=O)(=O)O)NC(=O)OC[C@@H]2C[C@H]2c3ccc(cc3)OC,COc1ccc([C@@H]2C[C@H]2COC(=O)N[C@@H](CC(C)C)C(=O)N[C@@H](C[C@@H]2CCNC2=O)[C@H](O)S(=O)(=O)O)cc1,Components-smiles-stereo-oe.smi,<frozen-chemistry-source>,1
702,IV2,resolved,Cc1c(ccc2c1nc(s2)N)Cl,Cc1c(Cl)ccc2sc(N)nc12,Components-smiles-stereo-oe.smi,<frozen-chemistry-source>,4
1054,IY1,resolved,Cn1c2ccccc2c3c1C=C(C(=O)N3c4ccc(cc4)[N+](=O)[O-])C#N,Cn1c2ccccc2c2c1cc(C#N)c(=O)n2-c1ccc([N+](=O)[O-])cc1,Components-smiles-stereo-oe.smi,<frozen-chemistry-source>,4
666,IY7,resolved,c1ccc2c(c1)C[C@@H]([C@@H]2Cc3ccc4c(c3C(=O)O)OC[C@@H](O4)CCC(=O)O)NC(=O)CCCCN,NCCCCC(=O)N[C@H]1Cc2ccccc2[C@H]1Cc1ccc2c(c1C(=O)O)OC[C@H](CCC(=O)O)O2,Components-smiles-stereo-oe.smi,<frozen-chemistry-source>,4
965,J0S,resolved,CC(C)CN(C[C@H]([C@H](Cc1ccccc1)NC(=O)O[C@@H]2C[C@H]3[C@@H](C2)OC(=O)N3)O)S(=O)(=O)c4ccc(cc4)OC,COc1ccc(S(=O)(=O)N(CC(C)C)C[C@@H](O)[C@H](Cc2ccccc2)NC(=O)O[C@@H]2C[C@@H]3NC(=O)O[C@@H]3C2)cc1,Components-smiles-stereo-oe.smi,<frozen-chemistry-source>,3
717,J3M,resolved,CC(C)(C)O[C@@H](c1c2ccccc2c(nc1c3ccc4c(c3)CCCO4)c5ccccc5)C(=O)O,CC(C)(C)O[C@H](C(=O)O)c1c(-c2ccc3c(c2)CCCO3)nc(-c2ccccc2)c2ccccc12,Components-smiles-stereo-oe.smi,<frozen-chemistry-source>,3
718,J3P,resolved,CC(C)(C)O[C@@H](c1c2ccccc2c(nc1c3ccc4c(c3)CCCO4)c5cnn(c5)Cc6ccccc6)C(=O)O,CC(C)(C)O[C@H](C(=O)O)c1c(-c2ccc3c(c2)CCCO3)nc(-c2cnn(Cc3ccccc3)c2)c2ccccc12,Components-smiles-stereo-oe.smi,<frozen-chemistry-source>,3
930,J5L,resolved,CC(C)CN(C[C@H]([C@H](Cc1ccccc1)NC(=O)O[C@H]2CO[C@@H]3[C@H]2[C@H](CO3)OCC(=O)NC)O)S(=O)(=O)c4ccc5c(c4)O/C(=N\C)/N5,C/N=c1/[nH]c2ccc(S(=O)(=O)N(CC(C)C)C[C@@H](O)[C@H](Cc3ccccc3)NC(=O)O[C@H]3CO[C@H]4OC[C@H](OCC(=O)NC)[C@H]43)cc2o1,Components-smiles-stereo-oe.smi,<frozen-chemistry-source>,3
310,J63,resolved,CC(C)C1=C(N(C(=O)N(C1=O)O)COCc2ccccc2)CC3CCCCC3,CC(C)c1c(CC2CCCCC2)n(COCc2ccccc2)c(=O)n(O)c1=O,Components-smiles-stereo-oe.smi,<frozen-chemistry-source>,3
458,J6U,resolved,c1ccc2c(c1)C(=O)N(C(=N2)[C@H](Cc3cc(cc(c3)F)F)NC(=O)CN4CCN(CC4=O)S(=O)(=O)c5ccc(cc5)N)c6ccc(cc6)S(=O)(=O)N7CCOCC7,Nc1ccc(S(=O)(=O)N2CCN(CC(=O)N[C@@H](Cc3cc(F)cc(F)c3)c3nc4ccccc4c(=O)n3-c3ccc(S(=O)(=O)N4CCOCC4)cc3)C(=O)C2)cc1,Components-smiles-stereo-oe.smi,<frozen-chemistry-source>,14
1859,J7O,resolved,CNC(=O)c1cc(cc(c1N2CC[C@]3(C2)CN(C[C@@H]3c4ccccc4)C(=O)c5cncc6c5ccc(c6)O)[N+](=O)[O-])Br,CNC(=O)c1cc(Br)cc([N+](=O)[O-])c1N1CC[C@@]2(CN(C(=O)c3cncc4cc(O)ccc34)C[C@@H]2c2ccccc2)C1,Components-smiles-stereo-oe.smi,<frozen-chemistry-source>,3
1858,J7R,resolved,CNC(=O)c1cc(cc(c1N[C@@H]2CCCC[C@@H]2NC(=O)c3cncc4c3cccc4)N(=O)=O)Br,CNC(=O)c1cc(Br)cc([N+](=O)[O-])c1N[C@@H]1CCCC[C@@H]1NC(=O)c1cncc2ccccc12,Components-smiles-stereo-oe.smi,<frozen-chemistry-source>,4
256,J94,resolved,C[N+]1(CCc2cc3c(cc2[C@H]1[C@H]4c5ccc6c(c5C(=O)O4)OCO6)OCO3)C,C[N+]1(C)CCc2cc3c(cc2[C@H]1[C@@H]1OC(=O)c2c1ccc1c2OCO1)OCO3,Components-smiles-stereo-oe.smi,<frozen-chemistry-source>,3
2319,JAH,resolved,c1ccc(cc1)c2ccc(cn2)CN,NCc1ccc(-c2ccccc2)nc1,Components-smiles-stereo-oe.smi,<frozen-chemistry-source>,3
434,JBQ,resolved,c1cc2c(c(c1)F)C(NC=N2)O,OC1NC=Nc2cccc(F)c21,Components-smiles-stereo-oe.smi,<frozen-chemistry-source>,3
968,JDV,resolved,CC(C)CN(C[C@H]([C@H](Cc1ccc(cc1)F)NC(=O)O[C@H]2[C@@H]3C[C@@H]4[C@H]2CO[C@@H]4OC3)O)S(=O)(=O)c5ccc6c(c5)sc(n6)NC7CC7,CC(C)CN(C[C@@H](O)[C@H](Cc1ccc(F)cc1)NC(=O)O[C@H]1[C@H]2CO[C@H]3OC[C@@H]1[C@H]3C2)S(=O)(=O)c1ccc2nc(NC3CC3)sc2c1,Components-smiles-stereo-oe.smi,<frozen-chemistry-source>,7
687,JDX,resolved,CN(Cc1ccccc1C(=O)NCc2ccc(cc2)OC)Cc3cccc(c3C(=O)O)OC,COc1ccc(CNC(=O)c2ccccc2CN(C)Cc2cccc(OC)c2C(=O)O)cc1,Components-smiles-stereo-oe.smi,<frozen-chemistry-source>,4
967,JDY,resolved,CC(C)CN(C[C@H]([C@H](Cc1cccc(c1)F)NC(=O)O[C@H]2[C@@H]3C[C@@H]4[C@H]2CO[C@@H]4OC3)O)S(=O)(=O)c5ccc6c(c5)sc(n6)NC7CC7,CC(C)CN(C[C@@H](O)[C@H](Cc1cccc(F)c1)NC(=O)O[C@H]1[C@H]2CO[C@H]3OC[C@@H]1[C@H]3C2)S(=O)(=O)c1ccc2nc(NC3CC3)sc2c1,Components-smiles-stereo-oe.smi,<frozen-chemistry-source>,7
834,JE2,resolved,Cc1ccccc1CNC(=O)[C@@H]2C(SCN2C(=O)[C@H]([C@H](Cc3ccccc3)NC(=O)c4cccc(c4C)O)O)(C)C,Cc1ccccc1CNC(=O)[C@H]1N(C(=O)[C@@H](O)[C@H](Cc2ccccc2)NC(=O)c2cccc(O)c2C)CSC1(C)C,Components-smiles-stereo-oe.smi,<frozen-chemistry-source>,5
512,JEF,resolved,C[C@@H](COC[C@@H](C)OC[C@@H](C)OC[C@H](C)OC[C@H](C)OCC(C)OC[C@@H](C)OC[C@@H](C)OC[C@H](C)OCCOC)N,COCCO[C@@H](C)CO[C@H](C)CO[C@H](C)COC(C)CO[C@@H](C)CO[C@@H](C)CO[C@H](C)CO[C@H](C)COC[C@H](C)N,Components-smiles-stereo-oe.smi,<frozen-chemistry-source>,6
1157,JFM,resolved,CS(=O)(=O)NCCc1ccccc1,CS(=O)(=O)NCCc1ccccc1,Components-smiles-stereo-oe.smi,<frozen-chemistry-source>,7
1468,JFP,resolved,CCC(=O)Nc1nc(cs1)C,CCC(=O)Nc1nc(C)cs1,Components-smiles-stereo-oe.smi,<frozen-chemistry-source>,3
774,JG3,resolved,c1ccc(cc1)C[C@@H]([C@H](C[N@]2CCC[C@H]2C(=O)O)O)N,N[C@@H](Cc1ccccc1)[C@@H](O)CN1CCC[C@H]1C(=O)O,Components-smiles-stereo-oe.smi,<frozen-chemistry-source>,7
1169,JG4,resolved,c1cc(sc1)c2[nH]ccn2,c1csc(-c2ncc[nH]2)c1,Components-smiles-stereo-oe.smi,<frozen-chemistry-source>,4
1394,JG8,resolved,c1ccc2c(c1)c3c(o2)C(=O)NC=N3,O=c1[nH]cnc2c1oc1ccccc12,Components-smiles-stereo-oe.smi,<frozen-chemistry-source>,3
1542,JGA,resolved,CCNC(=O)Nc1cc(on1)C,CCNC(=O)Nc1cc(C)on1,Components-smiles-stereo-oe.smi,<frozen-chemistry-source>,4
1538,JGD,resolved,CN(C)c1ccncc1,CN(C)c1ccncc1,Components-smiles-stereo-oe.smi,<frozen-chemistry-source>,3
1258,JGG,resolved,c1cc(ccc1CNC(=O)N2CCOCC2)C#N,N#Cc1ccc(CNC(=O)N2CCOCC2)cc1,Components-smiles-stereo-oe.smi,<frozen-chemistry-source>,5
1220,JGP,resolved,c1cc2c(cc1C(=O)N3CCCCCC3)OCO2,O=C(c1ccc2c(c1)OCO2)N1CCCCCC1,Components-smiles-stereo-oe.smi,<frozen-chemistry-source>,3
1254,JGY,resolved,Cn1ccc(n1)C(=O)NC[C@@H]2CCCO2,Cn1ccc(C(=O)NC[C@@H]2CCCO2)n1,Components-smiles-stereo-oe.smi,<frozen-chemistry-source>,3
180,JGZ,resolved,Cc1cc(cc(c1Oc2ccnc(n2)NC3CCN(CC3)c4ccc(cc4)S(=O)(=O)N)C)C#N,Cc1cc(C#N)cc(C)c1Oc1ccnc(NC2CCN(c3ccc(S(N)(=O)=O)cc3)CC2)n1,Components-smiles-stereo-oe.smi,<frozen-chemistry-source>,3
1475,JH4,resolved,CNc1ncccn1,CNc1ncccn1,Components-smiles-stereo-oe.smi,<frozen-chemistry-source>,3
896,JHG,resolved,c1ccc(cc1)CCCN([C@H]2CNC[C@@H]2NCc3ccc(cc3)C(F)(F)F)S(=O)(=O)c4ccc(cc4)C(=O)N,NC(=O)c1ccc(S(=O)(=O)N(CCCc2ccccc2)[C@H]2CNC[C@@H]2NCc2ccc(C(F)(F)F)cc2)cc1,Components-smiles-stereo-oe.smi,<frozen-chemistry-source>,3
1184,JHJ,resolved,COc1ccc(cc1)NC(=O)Nc2ccncc2,COc1ccc(NC(=O)Nc2ccncc2)cc1,Components-smiles-stereo-oe.smi,<frozen-chemistry-source>,5
1072,JHM,resolved,C1[C@H]([C@@H]([C@H](O[C@@H]1O)COS(=O)(=O)O)O)O,O=S(=O)(O)OC[C@H]1O[C@H](O)C[C@@H](O)[C@@H]1O,Components-smiles-stereo-oe.smi,<frozen-chemistry-source>,61
1471,JHS,resolved,CC(=O)NCC1(CCOCC1)c2ccccc2,CC(=O)NCC1(c2ccccc2)CCOCC1,Components-smiles-stereo-oe.smi,<frozen-chemistry-source>,3
2807,JJC,resolved,c1ccc(cc1)CNC(=O)[C@@H](c2cccnc2)N(c3ccc(cc3)NC(=O)CCl)C(=O)c4ccco4,O=C(CCl)Nc1ccc(N(C(=O)c2ccco2)[C@@H](C(=O)NCc2ccccc2)c2cccnc2)cc1,Components-smiles-stereo-oe.smi,<frozen-chemistry-source>,1
1223,JJG,resolved,c1ccc(cc1)SCCN2CCOCC2,c1ccc(SCCN2CCOCC2)cc1,Components-smiles-stereo-oe.smi,<frozen-chemistry-source>,3
1550,JJM,resolved,Cc1cccc(c1)Nc2c3cnn(c3ncn2)C,Cc1cccc(Nc2ncnc3c2cnn3C)c1,Components-smiles-stereo-oe.smi,<frozen-chemistry-source>,3
2808,JJO,resolved,c1ccc(cc1)CNC(=O)[C@@H](c2cccnc2)N(c3cccc(c3)NC(=O)CCl)C(=O)c4ccco4,O=C(CCl)Nc1cccc(N(C(=O)c2ccco2)[C@@H](C(=O)NCc2ccccc2)c2cccnc2)c1,Components-smiles-stereo-oe.smi,<frozen-chemistry-source>,1
2809,JKL,resolved,C[C@H](CC(=O)N(c1ccc(cc1)C(C)(C)C)[C@H](c2cccnc2)C(=O)NC3CCCCC3)O,C[C@@H](O)CC(=O)N(c1ccc(C(C)(C)C)cc1)[C@@H](C(=O)NC1CCCCC1)c1cccnc1,Components-smiles-stereo-oe.smi,<frozen-chemistry-source>,1
266,JLJ,resolved,CC(=CCOc1cc(ccc1C#N)Nc2nccc(n2)OC)C,COc1ccnc(Nc2ccc(C#N)c(OCC=C(C)C)c2)n1,Components-smiles-stereo-oe.smi,<frozen-chemistry-source>,3
701,JNS,resolved,c1ccc(cc1)/C=C\c2ccc3c(c2C(=O)O)OCO3,O=C(O)c1c(/C=C\c2ccccc2)ccc2c1OCO2,Components-smiles-stereo-oe.smi,<frozen-chemistry-source>,4
1396,JNZ,resolved,c1ccc2c(c1)c(n[nH]2)N,Nc1n[nH]c2ccccc12,Components-smiles-stereo-oe.smi,<frozen-chemistry-source>,3
1193,JOV,resolved,CC(C)(CO)NC(=O)c1cccc(c1)Cl,CC(C)(CO)NC(=O)c1cccc(Cl)c1,Components-smiles-stereo-oe.smi,<frozen-chemistry-source>,6
89,JPR,resolved,Cc1ccc(cc1Cl)NC(=O)NCCSCc2ccc(o2)CN(C)C,Cc1ccc(NC(=O)NCCSCc2ccc(CN(C)C)o2)cc1Cl,Components-smiles-stereo-oe.smi,<frozen-chemistry-source>,5
1837,JRY,resolved,CCCCCCNC(=O)O,CCCCCCNC(=O)O,Components-smiles-stereo-oe.smi,<frozen-chemistry-source>,3
152,JTH,resolved,CC(C)C1=CC=C(C(=O)C(=C1)O)O,CC(C)c1ccc(O)c(=O)c(O)c1,Components-smiles-stereo-oe.smi,<frozen-chemistry-source>,6
2806,JVX,resolved,CC(C)(C)c1ccc(cc1)N([C@H](c2cccnc2)C(=O)NC(C)(C)C)C(=O)CCl,CC(C)(C)NC(=O)[C@@H](c1cccnc1)N(C(=O)CCl)c1ccc(C(C)(C)C)cc1,Components-smiles-stereo-oe.smi,<frozen-chemistry-source>,1
2567,JW9,resolved,C[C@H](c1cccc2c1cccc2)N(C)Cc3ccc(cc3)O,C[C@H](c1cccc2ccccc12)N(C)Cc1ccc(O)cc1,Components-smiles-stereo-oe.smi,<frozen-chemistry-source>,1
2810,JWO,resolved,CC(C)(C)c1ccc(cc1)N([C@H](c2cccnc2)C(=O)NC3CCCCC3)C(=O)C(C)(C)O,CC(C)(O)C(=O)N(c1ccc(C(C)(C)C)cc1)[C@@H](C(=O)NC1CCCCC1)c1cccnc1,Components-smiles-stereo-oe.smi,<frozen-chemistry-source>,1
2565,JWX,resolved,C[C@H](c1cccc2c1cccc2)N(C)Cc3c[nH]c4c3cccc4,C[C@H](c1cccc2ccccc12)N(C)Cc1c[nH]c2ccccc12,Components-smiles-stereo-oe.smi,<frozen-chemistry-source>,1
2811,JX6,resolved,CC(C)(C)C[C@@H](C(=O)N[C@@H](C[C@@H]1CCNC1=O)CO)NC(=O)OCc2ccccc2,CC(C)(C)C[C@H](NC(=O)OCc1ccccc1)C(=O)N[C@H](CO)C[C@@H]1CCNC1=O,Components-smiles-stereo-oe.smi,<frozen-chemistry-source>,1
2812,JY0,resolved,C[C@@H]([C@@H](C(=O)N[C@@H](C[C@@H]1CCNC1=O)CO)NC(=O)OCc2ccccc2)OC(C)(C)C,C[C@H](OC(C)(C)C)[C@H](NC(=O)OCc1ccccc1)C(=O)N[C@H](CO)C[C@@H]1CCNC1=O,Components-smiles-stereo-oe.smi,<frozen-chemistry-source>,1
567,JYJ,resolved,c1cc(cc(c1)Cl)C2(CC2)C(=O)N3CCN(CC3)C(=O)c4ccsc4,O=C(c1ccsc1)N1CCN(C(=O)C2(c3cccc(Cl)c3)CC2)CC1,Components-smiles-stereo-oe.smi,<frozen-chemistry-source>,3
570,JYS,resolved,c1ccc(cc1)C(=O)N2CCN(CC2)C(=O)C(=O)c3c[nH]c4c3c(ccc4F)Br,O=C(C(=O)N1CCN(C(=O)c2ccccc2)CC1)c1c[nH]c2c(F)ccc(Br)c12,Components-smiles-stereo-oe.smi,<frozen-chemistry-source>,5
568,JYV,resolved,CN(C)CCCN(C)Cc1nc(cs1)c2c3c(c(c[nH]3)C(=O)C(=O)N4CCC(CC4)[C@@H](C#N)c5ccccc5)c(cn2)OC,COc1cnc(-c2csc(CN(C)CCCN(C)C)n2)c2[nH]cc(C(=O)C(=O)N3CCC([C@@H](C#N)c4ccccc4)CC3)c12,Components-smiles-stereo-oe.smi,<frozen-chemistry-source>,3
569,JYY,resolved,COc1cnc(c2c1c(c[nH]2)C(=O)C(=O)N3CCC(CC3)C(C#N)c4ccccc4)c5csc(n5)C(=O)NCCO,COc1cnc(-c2csc(C(=O)NCCO)n2)c2[nH]cc(C(=O)C(=O)N3CCC(C(C#N)c4ccccc4)CC3)c12,Components-smiles-stereo-oe.smi,<frozen-chemistry-source>,3
163,JZP,resolved,CC1([C@H](N(CS1)C(=O)[C@H]([C@H](Cc2ccccc2)NC(=O)COc3c(cccc3Cl)Cl)O)C(=O)N[C@H]4c5ccccc5C[C@H]4O)C,CC1(C)SCN(C(=O)[C@@H](O)[C@H](Cc2ccccc2)NC(=O)COc2c(Cl)cccc2Cl)[C@@H]1C(=O)N[C@H]1c2ccccc2C[C@H]1O,Components-smiles-stereo-oe.smi,<frozen-chemistry-source>,3
164,JZQ,resolved,CC1([C@H](N(CS1)C(=O)[C@H]([C@H](Cc2ccccc2)NC(=O)COc3c(cccc3F)F)O)C(=O)N[C@H]4c5ccccc5C[C@H]4O)C,CC1(C)SCN(C(=O)[C@@H](O)[C@H](Cc2ccccc2)NC(=O)COc2c(F)cccc2F)[C@@H]1C(=O)N[C@H]1c2ccccc2C[C@H]1O,Components-smiles-stereo-oe.smi,<frozen-chemistry-source>,3
87,K05,resolved,COc1ccc2ccccc2c1\C=N\NC(=O)c3ccc(c(c3)O)O,COc1ccc2ccccc2c1/C=N/NC(=O)c1ccc(O)c(O)c1,Components-smiles-stereo-oe.smi,<frozen-chemistry-source>,3
1212,K0G,resolved,c1ccc(cc1)NC(=O)Nc2cccnc2,O=C(Nc1ccccc1)Nc1cccnc1,Components-smiles-stereo-oe.smi,<frozen-chemistry-source>,6
183,K13,resolved,CC[C@H](C)C[N@@](C[C@H]([C@H](Cc1ccccc1)NC(=O)O[C@H]2CO[C@@H]3[C@H]2CCO3)O)S(=O)(=O)c4ccc(cc4)N,CC[C@H](C)CN(C[C@@H](O)[C@H](Cc1ccccc1)NC(=O)O[C@H]1CO[C@H]2OCC[C@H]21)S(=O)(=O)c1ccc(N)cc1,Components-smiles-stereo-oe.smi,<frozen-chemistry-source>,11
184,K14,resolved,CC[C@H](C)C[N@@](C[C@H]([C@H](Cc1ccccc1)NC(=O)O[C@H]2CO[C@@H]3[C@H]2CCO3)O)S(=O)(=O)c4ccc(cc4)OC,CC[C@H](C)CN(C[C@@H](O)[C@H](Cc1ccccc1)NC(=O)O[C@H]1CO[C@H]2OCC[C@H]21)S(=O)(=O)c1ccc(OC)cc1,Components-smiles-stereo-oe.smi,<frozen-chemistry-source>,7
187,K19,resolved,CC[C@H](C)C[N@@](C[C@H]([C@H](Cc1ccccc1)NC(=O)O[C@H]2CO[C@@H]3[C@H]2CCO3)O)S(=O)(=O)c4ccc5c(c4)scn5,CC[C@H](C)CN(C[C@@H](O)[C@H](Cc1ccccc1)NC(=O)O[C@H]1CO[C@H]2OCC[C@H]21)S(=O)(=O)c1ccc2ncsc2c1,Components-smiles-stereo-oe.smi,<frozen-chemistry-source>,7
1566,K1A,resolved,Cc1c(c(on1)C)CN2C(=O)SC(=N2)C,Cc1nn(Cc2c(C)noc2C)c(=O)s1,Components-smiles-stereo-oe.smi,<frozen-chemistry-source>,3
1295,K1G,resolved,CC(C)N(C)c1c2cnn(c2ncn1)C,CC(C)N(C)c1ncnc2c1cnn2C,Components-smiles-stereo-oe.smi,<frozen-chemistry-source>,4
1573,K1S,resolved,CCN(CC)c1cc(nc2n1ncn2)C,CCN(CC)c1cc(C)nc2ncnn12,Components-smiles-stereo-oe.smi,<frozen-chemistry-source>,4
705,K1T,resolved,CC(C)C[C@@H](Cc1ccc2c(c1C(=O)O)OCO2)CNC(=O)CCCN,CC(C)C[C@H](CNC(=O)CCCN)Cc1ccc2c(c1C(=O)O)OCO2,Components-smiles-stereo-oe.smi,<frozen-chemistry-source>,4
1256,K1Y,resolved,Cc1nc(c(s1)NC(=O)OC)c2ccccc2,COC(=O)Nc1sc(C)nc1-c1ccccc1,Components-smiles-stereo-oe.smi,<frozen-chemistry-source>,3
186,K20,resolved,CC[C@H](C)C[N@@](C[C@H]([C@H](Cc1ccccc1)NC(=O)O[C@H]2CO[C@@H]3[C@H]2CCO3)O)S(=O)(=O)c4ccc5c(c4)OCO5,CC[C@H](C)CN(C[C@@H](O)[C@H](Cc1ccccc1)NC(=O)O[C@H]1CO[C@H]2OCC[C@H]21)S(=O)(=O)c1ccc2c(c1)OCO2,Components-smiles-stereo-oe.smi,<frozen-chemistry-source>,7
185,K2A,resolved,CC[C@H](C)C[N@@](C[C@H]([C@H](Cc1ccccc1)NC(=O)O[C@H]2CO[C@@H]3[C@H]2CCO3)O)S(=O)(=O)c4ccc(cc4)CO,CC[C@H](C)CN(C[C@@H](O)[C@H](Cc1ccccc1)NC(=O)O[C@H]1CO[C@H]2OCC[C@H]21)S(=O)(=O)c1ccc(CO)cc1,Components-smiles-stereo-oe.smi,<frozen-chemistry-source>,7
189,K2D,resolved,CCC(CC)C[N@@](C[C@H]([C@H](Cc1ccccc1)NC(=O)O[C@H]2CO[C@@H]3[C@H]2CCO3)O)S(=O)(=O)c4ccc(cc4)OC,CCC(CC)CN(C[C@@H](O)[C@H](Cc1ccccc1)NC(=O)O[C@H]1CO[C@H]2OCC[C@H]21)S(=O)(=O)c1ccc(OC)cc1,Components-smiles-stereo-oe.smi,<frozen-chemistry-source>,7
191,K2E,resolved,CCC(CC)C[N@@](C[C@H]([C@H](Cc1ccccc1)NC(=O)O[C@H]2CO[C@@H]3[C@H]2CCO3)O)S(=O)(=O)c4ccc5c(c4)OCO5,CCC(CC)CN(C[C@@H](O)[C@H](Cc1ccccc1)NC(=O)O[C@H]1CO[C@H]2OCC[C@H]21)S(=O)(=O)c1ccc2c(c1)OCO2,Components-smiles-stereo-oe.smi,<frozen-chemistry-source>,7
1459,K2G,resolved,CC(C)c1ncc(c(n1)C(=O)N)Cl,CC(C)c1ncc(Cl)c(C(N)=O)n1,Components-smiles-stereo-oe.smi,<frozen-chemistry-source>,3
1156,K2P,resolved,c1ccc(c(c1)C(=O)O)OC(F)(F)F,O=C(O)c1ccccc1OC(F)(F)F,Components-smiles-stereo-oe.smi,<frozen-chemistry-source>,3
2813,K2X,resolved,c1cc(cc(c1)Cl)COC(=O)N[C@@H](CC2CCCCC2)C(=O)N[C@@H](C[C@@H]3CCNC3=O)[C@@H](O)S,O=C(N[C@@H](CC1CCCCC1)C(=O)N[C@@H](C[C@@H]1CCNC1=O)[C@@H](O)S)OCc1cccc(Cl)c1,Components-smiles-stereo-oe.smi,<frozen-chemistry-source>,1
1172,K34,resolved,c1csc(n1)c2[nH]ncn2,c1n[nH]c(-c2nccs2)n1,Components-smiles-stereo-oe.smi,<frozen-chemistry-source>,5
1838,K36,resolved,CC(C)C[C@@H](C(=O)N[C@@H](C[C@@H]1CCNC1=O)[C@@H](O)S(=O)(=O)O)NC(=O)OCc2ccccc2,CC(C)C[C@H](NC(=O)OCc1ccccc1)C(=O)N[C@@H](C[C@@H]1CCNC1=O)[C@@H](O)S(=O)(=O)O,Components-smiles-stereo-oe.smi,<frozen-chemistry-source>,22
1518,K3A,resolved,Cc1cc(n[nH]1)NC(=O)C,CC(=O)Nc1cc(C)[nH]n1,Components-smiles-stereo-oe.smi,<frozen-chemistry-source>,3
459,K3L,resolved,COc1ccc(cc1)N2C(=O)c3ccccc3N=C2[C@H](Cc4cc(cc(c4)F)F)NC(=O)CN5CCN(CC5=O)S(=O)(=O)c6ccc(cc6)N,COc1ccc(-n2c([C@H](Cc3cc(F)cc(F)c3)NC(=O)CN3CCN(S(=O)(=O)c4ccc(N)cc4)CC3=O)nc3ccccc3c2=O)cc1,Components-smiles-stereo-oe.smi,<frozen-chemistry-source>,14
1255,K3S,resolved,CCNCc1cn(nn1)C,CCNCc1cn(C)nn1,Components-smiles-stereo-oe.smi,<frozen-chemistry-source>,3
1449,K41,resolved,CC(C)C(=O)Nc1nnn(n1)C,CC(C)C(=O)Nc1nnn(C)n1,Components-smiles-stereo-oe.smi,<frozen-chemistry-source>,3
178,K53,resolved,CC(C)C[N@@](C[C@H]([C@H](Cc1ccccc1)NC(=O)[C@@H]2CN(C(=O)O2)c3ccccc3O)O)S(=O)(=O)c4ccc5c(c4)OCO5,CC(C)CN(C[C@@H](O)[C@H](Cc1ccccc1)NC(=O)[C@@H]1CN(c2ccccc2O)C(=O)O1)S(=O)(=O)c1ccc2c(c1)OCO2,Components-smiles-stereo-oe.smi,<frozen-chemistry-source>,3
179,K54,resolved,CC(C)C[N@@](C[C@H]([C@H](Cc1ccccc1)NC(=O)[C@@H]2CN(C(=O)O2)c3ccccc3C(F)(F)F)O)S(=O)(=O)c4ccc5c(c4)scn5,CC(C)CN(C[C@@H](O)[C@H](Cc1ccccc1)NC(=O)[C@@H]1CN(c2ccccc2C(F)(F)F)C(=O)O1)S(=O)(=O)c1ccc2ncsc2c1,Components-smiles-stereo-oe.smi,<frozen-chemistry-source>,3
833,K57,resolved,Cc1c(cccc1O)C(=O)N[C@@H](Cc2ccccc2)C(C(=O)N3CSC([C@H]3C(=O)NC(C)(C)C)(C)C)O,Cc1c(O)cccc1C(=O)N[C@@H](Cc1ccccc1)C(O)C(=O)N1CSC(C)(C)[C@H]1C(=O)NC(C)(C)C,Components-smiles-stereo-oe.smi,<frozen-chemistry-source>,5
332,K5A,resolved,Cc1cc(cc(c1Oc2c3c(ccs3)nc(n2)NC4CCN(CC4)Cc5ccc(cc5)S(=O)(=O)N)C)C#N,Cc1cc(C#N)cc(C)c1Oc1nc(NC2CCN(Cc3ccc(S(N)(=O)=O)cc3)CC2)nc2ccsc12,Components-smiles-stereo-oe.smi,<frozen-chemistry-source>,9
333,K5C,resolved,Cc1cc(cc(c1Oc2c3c(ccs3)nc(n2)NC4CCN(CC4)Cc5ccc(cc5)S(=O)(=O)N)C)/C=C/C#N,Cc1cc(/C=C/C#N)cc(C)c1Oc1nc(NC2CCN(Cc3ccc(S(N)(=O)=O)cc3)CC2)nc2ccsc12,Components-smiles-stereo-oe.smi,<frozen-chemistry-source>,15
677,K5Q,resolved,c1ccc\2c(c1)C/C(=N\O)/C2=C/c3ccc4c(c3C(=O)O)OC[C@@H](O4)CCC(=O)O,O=C(O)CC[C@H]1COc2c(ccc(/C=C3/C(=N/O)Cc4ccccc43)c2C(=O)O)O1,Components-smiles-stereo-oe.smi,<frozen-chemistry-source>,4
883,K60,resolved,CC(C)C[N@@](C[C@H]([C@H](Cc1ccccc1)NC(=O)[C@@H]2CN(C(=O)O2)c3cccc(c3)C(F)(F)F)O)S(=O)(=O)c4ccc5c(c4)OCO5,CC(C)CN(C[C@@H](O)[C@H](Cc1ccccc1)NC(=O)[C@@H]1CN(c2cccc(C(F)(F)F)c2)C(=O)O1)S(=O)(=O)c1ccc2c(c1)OCO2,Components-smiles-stereo-oe.smi,<frozen-chemistry-source>,3
884,K62,resolved,CC(C)C[N@@](C[C@H]([C@H](Cc1ccccc1)NC(=O)[C@@H]2CN(C(=O)O2)c3cccc(c3)C(=O)C)O)S(=O)(=O)c4ccc5c(c4)OCO5,CC(=O)c1cccc(N2C[C@@H](C(=O)N[C@@H](Cc3ccccc3)[C@H](O)CN(CC(C)C)S(=O)(=O)c3ccc4c(c3)OCO4)OC2=O)c1,Components-smiles-stereo-oe.smi,<frozen-chemistry-source>,3
1056,K7F,resolved,Cc1cc(cc(c1Oc2c(cnc(n2)NC3CCN(CC3)Cc4ccc(cc4)C(=O)N)c5ccncc5)C)C#N,Cc1cc(C#N)cc(C)c1Oc1nc(NC2CCN(Cc3ccc(C(N)=O)cc3)CC2)ncc1-c1ccncc1,Components-smiles-stereo-oe.smi,<frozen-chemistry-source>,3
206,K83,resolved,CC(C)C[N@@](C[C@H]([C@H](Cc1ccccc1)NC(=O)c2cccc(c2)O)O)S(=O)(=O)c3ccc(cc3)OC,COc1ccc(S(=O)(=O)N(CC(C)C)C[C@@H](O)[C@H](Cc2ccccc2)NC(=O)c2cccc(O)c2)cc1,Components-smiles-stereo-oe.smi,<frozen-chemistry-source>,3
921,K97,resolved,c1cc2c(cc1C(=O)O)[nH]cc2CN3CCOCC3,O=C(O)c1ccc2c(CN3CCOCC3)c[nH]c2c1,Components-smiles-stereo-oe.smi,<frozen-chemistry-source>,5
2996,K9U,resolved,c1ccc2c(c1)C(=CC(=O)N2)C(=O)N3CCN(C[C@H]3C(=O)NCCC(F)(F)F)c4ccc(c(c4)Cl)Cl,O=C(NCCC(F)(F)F)[C@@H]1CN(c2ccc(Cl)c(Cl)c2)CCN1C(=O)c1cc(=O)[nH]c2ccccc12,Components-smiles-stereo-oe.smi,<frozen-chemistry-source>,1
2995,KAE,resolved,c1ccc2c(c1)C(=CC(=O)N2)C(=O)N3CCN(C[C@@H]3CN4CCOCC4)c5ccc(c(c5)Cl)Cl,O=C(c1cc(=O)[nH]c2ccccc12)N1CCN(c2ccc(Cl)c(Cl)c2)C[C@@H]1CN1CCOCC1,Components-smiles-stereo-oe.smi,<frozen-chemistry-source>,1
1051,KBT,resolved,CCCCN1C(=C(C(=O)NC1=O)C(C)C)C(=O)c2cc(cc(c2)C#N)C,CCCCn1c(C(=O)c2cc(C)cc(C#N)c2)c(C(C)C)c(=O)[nH]c1=O,Components-smiles-stereo-oe.smi,<frozen-chemistry-source>,3
1873,KFU,resolved,c1ccc2c(c1)cncc2NC(=O)[C@@H]3COc4c3cc(cc4)Cl,O=C(Nc1cncc2ccccc12)[C@@H]1COc2ccc(Cl)cc21,Components-smiles-stereo-oe.smi,<frozen-chemistry-source>,4
1874,KG9,resolved,c1ccc2c(c1)cncc2NC(=O)[C@@H]3CN(Cc4c3cc(cc4)Cl)S(=O)(=O)CC5(CC5)C#N,N#CC1(CS(=O)(=O)N2Cc3ccc(Cl)cc3[C@H](C(=O)Nc3cncc4ccccc34)C2)CC1,Components-smiles-stereo-oe.smi,<frozen-chemistry-source>,7
84,KGQ,resolved,CCOP(=O)(COc1ccc(cc1)C[C@@H]([C@@H](C[N@](CC(C)C)S(=O)(=O)c2ccc(cc2)OC)O)NC(=O)O[C@H]3CO[C@@H]4[C@H]3CCO4)OCC,CCOP(=O)(COc1ccc(C[C@H](NC(=O)O[C@H]2CO[C@H]3OCC[C@H]32)[C@H](O)CN(CC(C)C)S(=O)(=O)c2ccc(OC)cc2)cc1)OCC,Components-smiles-stereo-oe.smi,<frozen-chemistry-source>,15
54,KI2,resolved,c1ccc(cc1)C[C@@H]([C@H](C(=O)O)O)NC(=O)OCc2ccccc2,O=C(N[C@@H](Cc1ccccc1)[C@@H](O)C(=O)O)OCc1ccccc1,Components-smiles-stereo-oe.smi,<frozen-chemistry-source>,6
1875,KJI,resolved,Cc1ccncc1NC(=O)CNc2ccnc3c2cccc3,Cc1ccncc1NC(=O)CNc1ccnc2ccccc12,Components-smiles-stereo-oe.smi,<frozen-chemistry-source>,3
721,KJJ,resolved,Cc1c(cc(c2c1CCCO2)F)c3c4c(nc(c3[C@@H](C(=O)O)OC(C)(C)C)C)CCN(C4)C[C@H]5C[C@H]5c6ccccc6,Cc1nc2c(c(-c3cc(F)c4c(c3C)CCCO4)c1[C@H](OC(C)(C)C)C(=O)O)CN(C[C@H]1C[C@H]1c1ccccc1)CC2,Components-smiles-stereo-oe.smi,<frozen-chemistry-source>,3
1876,KJO,resolved,C=C(c1cccnc1)C(=O)Nc2ccccc2,C=C(C(=O)Nc1ccccc1)c1cccnc1,Components-smiles-stereo-oe.smi,<frozen-chemistry-source>,3
1877,KL6,resolved,CS(=O)(=O)NCCN1CCCc2c1cc(cc2)S(=O)(=O)N,CS(=O)(=O)NCCN1CCCc2ccc(S(N)(=O)=O)cc21,Components-smiles-stereo-oe.smi,<frozen-chemistry-source>,3
723,KLQ,resolved,c1c(cc(c(c1F)CNC(=O)C2=CN3C[C@@H]4N([C@H]5CC[C@H](C5)O4)C(=O)C3=C(C2=O)O)F)F,O=C(NCc1c(F)cc(F)cc1F)c1cn2c(c(O)c1=O)C(=O)N1[C@H]3CC[C@H](C3)O[C@@H]1C2,Components-smiles-stereo-oe.smi,<frozen-chemistry-source>,3
1878,KLR,resolved,CC(C)(C)NC(=O)[C@H](c1cccnc1)Nc2ccc(cc2)CCC#N,CC(C)(C)NC(=O)[C@@H](Nc1ccc(CCC#N)cc1)c1cccnc1,Components-smiles-stereo-oe.smi,<frozen-chemistry-source>,3
2732,KM6,resolved,c1cc(ccc1c2nnco2)Cl,Clc1ccc(-c2nnco2)cc1,Components-smiles-stereo-oe.smi,<frozen-chemistry-source>,1
1879,KMF,resolved,CC(=O)N1CCN(CC1)CCNC(=O)c2cccc3c2cccc3,CC(=O)N1CCN(CCNC(=O)c2cccc3ccccc23)CC1,Components-smiles-stereo-oe.smi,<frozen-chemistry-source>,3
1880,KMX,resolved,CC(=O)N1CCN(CC1)Cc2cnc(s2)Cc3ccccc3,CC(=O)N1CCN(Cc2cnc(Cc3ccccc3)s2)CC1,Components-smiles-stereo-oe.smi,<frozen-chemistry-source>,3
817,KNI,resolved,CC(C)(C)NC(=O)[C@@H]1CSCN1C(=O)[C@H]([C@H](Cc2ccccc2)NC(=O)[C@H](CSC)NC(=O)COc3cccc4c3ccnc4)O,CSC[C@H](NC(=O)COc1cccc2cnccc12)C(=O)N[C@@H](Cc1ccccc1)[C@H](O)C(=O)N1CSC[C@H]1C(=O)NC(C)(C)C,Components-smiles-stereo-oe.smi,<frozen-chemistry-source>,7
876,KNJ,resolved,Cc1cc(cc(c1OCC(=O)N[C@@H](Cc2ccccc2)[C@@H](C(=O)N3CSC([C@H]3C(=O)NCC(=C)C)(C)C)O)C)N,C=C(C)CNC(=O)[C@H]1N(C(=O)[C@@H](O)[C@H](Cc2ccccc2)NC(=O)COc2c(C)cc(N)cc2C)CSC1(C)C,Components-smiles-stereo-oe.smi,<frozen-chemistry-source>,3
1372,KNL,resolved,c1cc(c(c(c1)Cl)OCC(=O)O)Cl,O=C(O)COc1c(Cl)cccc1Cl,Components-smiles-stereo-oe.smi,<frozen-chemistry-source>,3
1881,KNU,resolved,C[C@@H](c1cc(cc(c1)Cl)F)NC(=O)C,CC(=O)N[C@@H](C)c1cc(F)cc(Cl)c1,Components-smiles-stereo-oe.smi,<frozen-chemistry-source>,3
1882,KO9,resolved,c1cc(cnc1)CC(=O)Nc2cc(cnc2)C#N,N#Cc1cncc(NC(=O)Cc2cccnc2)c1,Components-smiles-stereo-oe.smi,<frozen-chemistry-source>,3
1883,KOI,resolved,c1cc(cc(c1)Cl)CC(=O)Nc2cccnc2,O=C(Cc1cccc(Cl)c1)Nc1cccnc1,Components-smiles-stereo-oe.smi,<frozen-chemistry-source>,3
1884,KP0,resolved,c1cc(cc(c1)Cl)N(CCC2CCCCC2)C(=O)Nc3cccnc3,O=C(Nc1cccnc1)N(CCC1CCCCC1)c1cccc(Cl)c1,Components-smiles-stereo-oe.smi,<frozen-chemistry-source>,3
1885,KQ3,resolved,c1cc(cc(c1)Cl)N(CCN2CCOCC2)C(=O)Nc3cccnc3,O=C(Nc1cccnc1)N(CCN1CCOCC1)c1cccc(Cl)c1,Components-smiles-stereo-oe.smi,<frozen-chemistry-source>,3
1886,KQL,resolved,Cc1ccncc1NC(=O)Cc2cccc(c2)C(F)(F)F,Cc1ccncc1NC(=O)Cc1cccc(C(F)(F)F)c1,Components-smiles-stereo-oe.smi,<frozen-chemistry-source>,3
1887,KQX,resolved,Cc1ccc(cc1)CC(=O)Nc2cnccc2C,Cc1ccc(CC(=O)Nc2cnccc2C)cc1,Components-smiles-stereo-oe.smi,<frozen-chemistry-source>,3
1048,KR1,resolved,Cc1cc(cc(c1)C(=O)C2=C(C(=O)NC(=O)N2Cc3cc(nc(c3)F)N)C(C)C)C#N,Cc1cc(C#N)cc(C(=O)c2c(C(C)C)c(=O)[nH]c(=O)n2Cc2cc(N)nc(F)c2)c1,Components-smiles-stereo-oe.smi,<frozen-chemistry-source>,3
1050,KRP,resolved,CCCN1C(=C(C(=O)NC1=O)C(C)C)C(=O)c2cc(cc(c2)C#N)C,CCCn1c(C(=O)c2cc(C)cc(C#N)c2)c(C(C)C)c(=O)[nH]c1=O,Components-smiles-stereo-oe.smi,<frozen-chemistry-source>,3
1049,KRV,resolved,CCN1C(=C(C(=O)NC1=O)C(C)C)C(=O)c2cc(cc(c2)C#N)C,CCn1c(C(=O)c2cc(C)cc(C#N)c2)c(C(C)C)c(=O)[nH]c1=O,Components-smiles-stereo-oe.smi,<frozen-chemistry-source>,3
1888,KS0,resolved,CCC(=O)N1CCN(CC1)Cc2ccc(cc2)F,CCC(=O)N1CCN(Cc2ccc(F)cc2)CC1,Components-smiles-stereo-oe.smi,<frozen-chemistry-source>,3
1889,KSI,resolved,CC(C)C[C@H]1CN(CCN1Cc2cccc(c2)Cl)C(=O)C,CC(=O)N1CCN(Cc2cccc(Cl)c2)[C@@H](CC(C)C)C1,Components-smiles-stereo-oe.smi,<frozen-chemistry-source>,3
1890,KSX,resolved,Cc1ccncc1NC(=O)Cc2cc(cnc2)C#N,Cc1ccncc1NC(=O)Cc1cncc(C#N)c1,Components-smiles-stereo-oe.smi,<frozen-chemistry-source>,3
1891,KT9,resolved,Cc1cc(cc(c1)O[C@H]2CC(=O)N2)NC(=O)Cc3cncnc3,Cc1cc(NC(=O)Cc2cncnc2)cc(O[C@H]2CC(=O)N2)c1,Components-smiles-stereo-oe.smi,<frozen-chemistry-source>,3
1892,KU6,resolved,c1cc2c(cc1Cl)[C@@H](CCO2)C(=O)Nc3nncn3C4CC4,O=C(Nc1nncn1C1CC1)[C@@H]1CCOc2ccc(Cl)cc21,Components-smiles-stereo-oe.smi,<frozen-chemistry-source>,5
1893,KUU,resolved,Cc1ccncc1NC(=O)[C@@H](c2cccc(c2)Cl)C(C)C,Cc1ccncc1NC(=O)[C@@H](c1cccc(Cl)c1)C(C)C,Components-smiles-stereo-oe.smi,<frozen-chemistry-source>,3
1894,KVF,resolved,CC[C@@H](c1cccc(c1)Cl)C(=O)Nc2cnncc2C,CC[C@H](C(=O)Nc1cnncc1C)c1cccc(Cl)c1,Components-smiles-stereo-oe.smi,<frozen-chemistry-source>,3
878,KVI,resolved,[H]/N=C(/N)\NCCC[C@@H](C(=O)N)NC(=O)[C@H](CCC(=O)N)NC(=O)[C@H](CCCC)CC(=O)[C@H](CCCC)NC(=O)[C@H]([C@@H](C)CC)NC(=O)[C@H]([C@@H](C)O)NC(=O)C,[H]/N=C(/N)NCCC[C@H](NC(=O)[C@H](CCC(N)=O)NC(=O)[C@H](CCCC)CC(=O)[C@H](CCCC)NC(=O)[C@@H](NC(=O)[C@@H](NC(C)=O)[C@@H](C)O)[C@@H](C)CC)C(N)=O,Components-smiles-stereo-oe.smi,<frozen-chemistry-source>,3
1895,KVO,resolved,Cc1ccnc(c1NC(=O)Cc2cccc(c2)Cl)C,Cc1ccnc(C)c1NC(=O)Cc1cccc(Cl)c1,Components-smiles-stereo-oe.smi,<frozen-chemistry-source>,3
879,KVS,resolved,[H]/N=C(\N)/NCCC[C@@H](C(=O)N)NC(=O)[C@H](CCC(=O)N)NC(=O)[C@H](CCCC)CC([C@H](CCCC)NC(=O)[C@H]([C@@H](C)CC)NC(=O)[C@H]([C@@H](C)O)NC(=O)C)(O)O,[H]/N=C(\N)NCCC[C@H](NC(=O)[C@H](CCC(N)=O)NC(=O)[C@H](CCCC)CC(O)(O)[C@H](CCCC)NC(=O)[C@@H](NC(=O)[C@@H](NC(C)=O)[C@@H](C)O)[C@@H](C)CC)C(N)=O,Components-smiles-stereo-oe.smi,<frozen-chemistry-source>,11
1896,KVX,resolved,c1cc2c(cc1Cl)[C@@H](CO2)C(=O)Nc3cnccc3CO,O=C(Nc1cnccc1CO)[C@@H]1COc2ccc(Cl)cc21,Components-smiles-stereo-oe.smi,<frozen-chemistry-source>,3
2639,KW6,resolved,c1ccc2c(c1)cc(cn2)C#Cc3cn(c4c3c(ncn4)N)[C@H]5[C@@H]([C@@H]([C@H](O5)CO)O)O,Nc1ncnc2c1c(C#Cc1cnc3ccccc3c1)cn2[C@@H]1O[C@H](CO)[C@@H](O)[C@H]1O,Components-smiles-stereo-oe.smi,<frozen-chemistry-source>,1
1897,KW9,resolved,COc1ccccc1OCCNC(=O)C2=CC(=O)Nc3c2ccc(c3)F,COc1ccccc1OCCNC(=O)c1cc(=O)[nH]c2cc(F)ccc12,Components-smiles-stereo-oe.smi,<frozen-chemistry-source>,3
1899,KWR,resolved,c1cc(cc(c1)O[C@H]2CC(=O)N2)NC(=O)Cc3cccnc3,O=C(Cc1cccnc1)Nc1cccc(O[C@H]2CC(=O)N2)c1,Components-smiles-stereo-oe.smi,<frozen-chemistry-source>,3
1900,KX9,resolved,C[C@H](c1cccc(c1)Cl)C(=O)Nc2cnccc2n3cccn3,C[C@@H](C(=O)Nc1cnccc1-n1cccn1)c1cccc(Cl)c1,Components-smiles-stereo-oe.smi,<frozen-chemistry-source>,3
1898,KXF,resolved,Cc1ccncc1NC(=O)Cc2cccc(c2)O,Cc1ccncc1NC(=O)Cc1cccc(O)c1,Components-smiles-stereo-oe.smi,<frozen-chemistry-source>,3
1901,KXR,resolved,c1c(cc(cc1O[C@H]2CC(=O)N2)F)NC(=O)Cc3cncnc3,O=C(Cc1cncnc1)Nc1cc(F)cc(O[C@H]2CC(=O)N2)c1,Components-smiles-stereo-oe.smi,<frozen-chemistry-source>,3
1902,KY0,resolved,Cc1ccncc1NC(=O)C2(CC2)c3cccc(c3)Cl,Cc1ccncc1NC(=O)C1(c2cccc(Cl)c2)CC1,Components-smiles-stereo-oe.smi,<frozen-chemistry-source>,3
1903,KYC,resolved,Cc1ccncc1NC(=O)[C@H](c2cccc(c2)Cl)N(C)C,Cc1ccncc1NC(=O)[C@H](c1cccc(Cl)c1)N(C)C,Components-smiles-stereo-oe.smi,<frozen-chemistry-source>,3
563,KYN,resolved,c1ccc(c(c1)C(=O)C[C@@H](C(=O)O)N)N,Nc1ccccc1C(=O)C[C@H](N)C(=O)O,Components-smiles-stereo-oe.smi,<frozen-chemistry-source>,3
1904,KYU,resolved,Cc1ccncc1NC(=O)C(c2cccc(c2)Cl)(F)F,Cc1ccncc1NC(=O)C(F)(F)c1cccc(Cl)c1,Components-smiles-stereo-oe.smi,<frozen-chemistry-source>,3
3018,KZ0,resolved,C(c1nc(nc(n1)CCl)CCl)Cl,ClCc1nc(CCl)nc(CCl)n1,Components-smiles-stereo-oe.smi,<frozen-chemistry-source>,1
1905,KZC,resolved,c1ccc(cc1)NCCNC(=O)C2=CC(=O)Nc3c2cccc3,O=C(NCCNc1ccccc1)c1cc(=O)[nH]c2ccccc12,Components-smiles-stereo-oe.smi,<frozen-chemistry-source>,3
747,KZD,resolved,Cc1cn2c(c(c(c(c2n1)c3ccc(cc3)OCCc4ccc(cc4)F)N5CCC(CC5)(C)C)[C@@H](C(=O)O)OC(C)(C)C)C,Cc1cn2c(C)c([C@H](OC(C)(C)C)C(=O)O)c(N3CCC(C)(C)CC3)c(-c3ccc(OCCc4ccc(F)cc4)cc3)c2n1,Components-smiles-stereo-oe.smi,<frozen-chemistry-source>,3
1906,KZX,resolved,Cc1ccncc1NC(=O)Cc2cccc(c2)F,Cc1ccncc1NC(=O)Cc1cccc(F)c1,Components-smiles-stereo-oe.smi,<frozen-chemistry-source>,3
699,L0Y,resolved,CN(Cc1ccccc1C(=O)NCC2CCCCC2)Cc3ccc4c(c3C(=O)O)OCCO4,CN(Cc1ccccc1C(=O)NCC1CCCCC1)Cc1ccc2c(c1C(=O)O)OCCO2,Components-smiles-stereo-oe.smi,<frozen-chemistry-source>,4
1907,L1F,resolved,CN(CCOc1ccccc1OC)C(=O)C2=CC(=O)Nc3c2cccc3,COc1ccccc1OCCN(C)C(=O)c1cc(=O)[nH]c2ccccc12,Components-smiles-stereo-oe.smi,<frozen-chemistry-source>,3
836,L27,resolved,c1ccc(cc1)C[C@@H]([C@H](C[C@]2(C(=O)C(=CN2)[C@@H]3CNC(=O)c4c3cccc4)Cc5ccccc5)O)NC(=O)O[C@H]6CCOC6,O=C(N[C@@H](Cc1ccccc1)[C@@H](O)C[C@]1(Cc2ccccc2)NC=C([C@@H]2CNC(=O)c3ccccc32)C1=O)O[C@H]1CCOC1,Components-smiles-stereo-oe.smi,<frozen-chemistry-source>,3
2617,L2B,resolved,C1[C@H](O[C@H]([C@@H]1O)N2C=CC(=O)NC2=O)COP(=O)(O)O,O=c1ccn([C@@H]2O[C@H](COP(=O)(O)O)C[C@H]2O)c(=O)[nH]1,Components-smiles-stereo-oe.smi,<frozen-chemistry-source>,1
1908,L2I,resolved,CNCC[C@@H](c1ccccc1)C(=O)Nc2cccnc2,CNCC[C@H](C(=O)Nc1cccnc1)c1ccccc1,Components-smiles-stereo-oe.smi,<frozen-chemistry-source>,3
2573,L30,resolved,c1ccc2c(c1)cccc2NC(=O)c3cccnc3,O=C(Nc1cccc2ccccc12)c1cccnc1,Components-smiles-stereo-oe.smi,<frozen-chemistry-source>,1
722,L3D,resolved,Cc1c(c(c2ccccc2n1)c3ccc4c5c3nccc5CCO4)[C@@H](C(=O)O)OC(C)(C)C,Cc1nc2ccccc2c(-c2ccc3c4c(ccnc24)CCO3)c1[C@H](OC(C)(C)C)C(=O)O,Components-smiles-stereo-oe.smi,<frozen-chemistry-source>,14
1909,L3I,resolved,Cc1ccncc1NC(=O)C(C)(C)c2cccc(c2)Cl,Cc1ccncc1NC(=O)C(C)(C)c1cccc(Cl)c1,Components-smiles-stereo-oe.smi,<frozen-chemistry-source>,3
1433,L46,resolved,CCc1c(c([nH]c1C(=O)NC)C)C(=O)C,CCc1c(C(=O)NC)[nH]c(C)c1C(C)=O,Components-smiles-stereo-oe.smi,<frozen-chemistry-source>,3
1914,L4N,resolved,Cc1ccncc1NC(=O)[C@@H]2CCC3(C2)CC3,Cc1ccncc1NC(=O)[C@@H]1CCC2(CC2)C1,Components-smiles-stereo-oe.smi,<frozen-chemistry-source>,3
1913,L4U,resolved,Cc1ccncc1NC(=O)C[C@H](C)C(C)C,Cc1ccncc1NC(=O)C[C@H](C)C(C)C,Components-smiles-stereo-oe.smi,<frozen-chemistry-source>,3
1912,L5I,resolved,Cc1ccncc1NC(=O)[C@H](C)CC2CC2,Cc1ccncc1NC(=O)[C@H](C)CC1CC1,Components-smiles-stereo-oe.smi,<frozen-chemistry-source>,3
1911,L6D,resolved,c1ccc2c(c1)ncn2NC(=O)Cc3cccc(c3)Cl,O=C(Cc1cccc(Cl)c1)Nn1cnc2ccccc21,Components-smiles-stereo-oe.smi,<frozen-chemistry-source>,6
1910,L6R,resolved,CCC[C@H](c1cccc(c1)Cl)C(=O)Nc2cnccc2C,CCC[C@@H](C(=O)Nc1cnccc1C)c1cccc(Cl)c1,Components-smiles-stereo-oe.smi,<frozen-chemistry-source>,3
796,L75,resolved,CC(C)(C)NC(=O)[C@@H]1C[N@@](CC[N@]1C[C@H](C[C@@H](Cc2ccccc2)C(=O)N[C@H]3c4ccccc4C[C@H]3O)O)Cc5cc6ccccc6o5,CC(C)(C)NC(=O)[C@@H]1CN(Cc2cc3ccccc3o2)CCN1C[C@@H](O)C[C@@H](Cc1ccccc1)C(=O)N[C@H]1c2ccccc2C[C@H]1O,Components-smiles-stereo-oe.smi,<frozen-chemistry-source>,3
1915,L7F,resolved,Cc1ccncc1NC(=O)C[C@@]23CCC[C@@H]2C3,Cc1ccncc1NC(=O)C[C@@]12CCC[C@@H]1C2,Components-smiles-stereo-oe.smi,<frozen-chemistry-source>,3
1916,L7Q,resolved,Cc1ccncc1NC(=O)CC(C)(C)c2ccccc2,Cc1ccncc1NC(=O)CC(C)(C)c1ccccc1,Components-smiles-stereo-oe.smi,<frozen-chemistry-source>,3
1917,L7V,resolved,c1cc(cnc1)CC(=O)N2CCC[C@H]2c3nc(on3)C4CC4,O=C(Cc1cccnc1)N1CCC[C@H]1c1noc(C2CC2)n1,Components-smiles-stereo-oe.smi,<frozen-chemistry-source>,3
1918,L83,resolved,Cc1ccnc(c1NC(=O)Cc2cccc(c2)Cl)N,Cc1ccnc(N)c1NC(=O)Cc1cccc(Cl)c1,Components-smiles-stereo-oe.smi,<frozen-chemistry-source>,3
1919,L8F,resolved,CC(=O)NCCc1c[nH]c2c1cccc2CN3CCN(CC3)C(=O)C,CC(=O)NCCc1c[nH]c2c(CN3CCN(C(C)=O)CC3)cccc12,Components-smiles-stereo-oe.smi,<frozen-chemistry-source>,3
1920,L8O,resolved,Cc1cccc(c1)[C@H]2CN(Cc3c2cccc3)C(=O)C,CC(=O)N1Cc2ccccc2[C@@H](c2cccc(C)c2)C1,Components-smiles-stereo-oe.smi,<frozen-chemistry-source>,3
1921,L93,resolved,C[C@H](CNC(=O)C1=CC(=O)Nc2c1cc(cc2)F)Oc3ccccc3OC,COc1ccccc1O[C@H](C)CNC(=O)c1cc(=O)[nH]c2ccc(F)cc12,Components-smiles-stereo-oe.smi,<frozen-chemistry-source>,3
1922,L9F,resolved,c1cc(cc(c1)Cl)N2C(=O)[C@H](NC2=O)c3cccnc3,O=C1N[C@H](c2cccnc2)C(=O)N1c1cccc(Cl)c1,Components-smiles-stereo-oe.smi,<frozen-chemistry-source>,3
1923,L9O,resolved,Cc1ccncc1NC(=O)[C@H]2CCC23CCC3,Cc1ccncc1NC(=O)[C@H]1CCC12CCC2,Components-smiles-stereo-oe.smi,<frozen-chemistry-source>,3
1924,LB0,resolved,Cc1ccncc1NC(=O)C2CC(C2)C3CC3,Cc1ccncc1NC(=O)C1CC(C2CC2)C1,Components-smiles-stereo-oe.smi,<frozen-chemistry-source>,3
1925,LBC,resolved,Cc1ccncc1NC(=O)Cc2cccc(c2)I,Cc1ccncc1NC(=O)Cc1cccc(I)c1,Components-smiles-stereo-oe.smi,<frozen-chemistry-source>,3
1926,LBO,resolved,Cc1ccncc1NC(=O)Cc2cccc(c2)C3CC3,Cc1ccncc1NC(=O)Cc1cccc(C2CC2)c1,Components-smiles-stereo-oe.smi,<frozen-chemistry-source>,3
1927,LCU,resolved,Cc1ccncc1NC(=O)CC2C[C@H]3C[C@H]3C2,Cc1ccncc1NC(=O)CC1C[C@@H]2C[C@@H]2C1,Components-smiles-stereo-oe.smi,<frozen-chemistry-source>,3
1928,LDX,resolved,Cc1ccncc1NC(=O)CCc2ccccc2F,Cc1ccncc1NC(=O)CCc1ccccc1F,Components-smiles-stereo-oe.smi,<frozen-chemistry-source>,3
418,LE8,resolved,c1cc(c(c(c1)F)Cc2cnc(o2)Nc3ccc(c(c3)Cl)C#N)F,N#Cc1ccc(Nc2ncc(Cc3c(F)cccc3F)o2)cc1Cl,Components-smiles-stereo-oe.smi,<frozen-chemistry-source>,3
250,LF0,resolved,Cc1c(c(c2ccccc2n1)c3ccc4c(c3)CCCO4)[C@@H](C(=O)O)OC(C)(C)C,Cc1nc2ccccc2c(-c2ccc3c(c2)CCCO3)c1[C@H](OC(C)(C)C)C(=O)O,Components-smiles-stereo-oe.smi,<frozen-chemistry-source>,10
241,LF2,resolved,Cc1c(c(c2cc(ccc2n1)Br)c3ccc(cc3)Cl)[C@@H](C(=O)O)OC(C)(C)C,Cc1nc2ccc(Br)cc2c(-c2ccc(Cl)cc2)c1[C@H](OC(C)(C)C)C(=O)O,Components-smiles-stereo-oe.smi,<frozen-chemistry-source>,5
1933,LF3,resolved,Cc1ccncc1NC(=O)CN2c3cc(ccc3OCC2=O)Cl,Cc1ccncc1NC(=O)CN1C(=O)COc2ccc(Cl)cc21,Components-smiles-stereo-oe.smi,<frozen-chemistry-source>,3
1529,LF6,resolved,CC1=N/C(=N/[C@@H]2CCC[C@H]2CO)/SN1,Cc1n/c(=N/[C@@H]2CCC[C@H]2CO)s[nH]1,Components-smiles-stereo-oe.smi,<frozen-chemistry-source>,3
277,LF8,resolved,Cc1ccc(cc1C)c2c(c(c(c(n2)C)[C@@H](C(=O)O)OC(C)(C)C)c3ccc(cc3)Cl)C,Cc1ccc(-c2nc(C)c([C@H](OC(C)(C)C)C(=O)O)c(-c3ccc(Cl)cc3)c2C)cc1C,Components-smiles-stereo-oe.smi,<frozen-chemistry-source>,3
280,LF9,resolved,Cc1c(c(c(nc1c2[nH]c3ccc(cc3n2)Cl)C)[C@@H](C(=O)O)OC(C)(C)C)c4ccccc4,Cc1nc(-c2nc3cc(Cl)ccc3[nH]2)c(C)c(-c2ccccc2)c1[C@H](OC(C)(C)C)C(=O)O,Components-smiles-stereo-oe.smi,<frozen-chemistry-source>,5
1533,LFO,resolved,CNC(=O)c1cn(c2c1cccc2)C,CNC(=O)c1cn(C)c2ccccc12,Components-smiles-stereo-oe.smi,<frozen-chemistry-source>,3
1534,LGR,resolved,CC(=O)N(C)c1ccccc1C(=O)O,CC(=O)N(C)c1ccccc1C(=O)O,Components-smiles-stereo-oe.smi,<frozen-chemistry-source>,3
837,LGZ,resolved,c1ccc(cc1)C[C@@H]([C@H](C[C@]2(C(=O)C(=CN2)[C@H]3c4ccccc4C[C@H]3OC(=O)N)Cc5ccccc5)O)NC(=O)OC6CCOC6,NC(=O)O[C@@H]1Cc2ccccc2[C@@H]1C1=CN[C@@](Cc2ccccc2)(C[C@H](O)[C@H](Cc2ccccc2)NC(=O)OC2CCOC2)C1=O,Components-smiles-stereo-oe.smi,<frozen-chemistry-source>,3
1535,LHR,resolved,CC(=O)Nc1ccc2cn[nH]c2c1,CC(=O)Nc1ccc2cn[nH]c2c1,Components-smiles-stereo-oe.smi,<frozen-chemistry-source>,4
2735,LI,resolved,[Li+],[Li+],Components-smiles-stereo-oe.smi,<frozen-chemistry-source>,1
1932,LJ0,resolved,Cc1ccncc1NC(=O)C2[C@H]3[C@@H]2CCCC3,Cc1ccncc1NC(=O)C1[C@H]2CCCC[C@@H]12,Components-smiles-stereo-oe.smi,<frozen-chemistry-source>,3
1541,LJ6,resolved,Cc1c(c(on1)C)C[C@@H](C)C(=O)N(C)C,Cc1noc(C)c1C[C@@H](C)C(=O)N(C)C,Components-smiles-stereo-oe.smi,<frozen-chemistry-source>,3
1146,LJA,resolved,CC(=O)Nc1cccc(c1)NC(=O)N,CC(=O)Nc1cccc(NC(N)=O)c1,Components-smiles-stereo-oe.smi,<frozen-chemistry-source>,6
127,LJG,resolved,CC(C)CN(CCNCCN(CC(C)C)S(=O)(=O)c1ccc(cc1)N)S(=O)(=O)c2ccc(cc2)N,CC(C)CN(CCNCCN(CC(C)C)S(=O)(=O)c1ccc(N)cc1)S(=O)(=O)c1ccc(N)cc1,Components-smiles-stereo-oe.smi,<frozen-chemistry-source>,5
128,LJH,resolved,c1ccc(cc1)CN(CCNCCN(Cc2ccccc2)S(=O)(=O)c3ccc(cc3)N)S(=O)(=O)c4ccc(cc4)N,Nc1ccc(S(=O)(=O)N(CCNCCN(Cc2ccccc2)S(=O)(=O)c2ccc(N)cc2)Cc2ccccc2)cc1,Components-smiles-stereo-oe.smi,<frozen-chemistry-source>,3
1540,LJK,resolved,CCC(C)(C)NC(=O)c1cc(n[nH]1)C,CCC(C)(C)NC(=O)c1cc(C)n[nH]1,Components-smiles-stereo-oe.smi,<frozen-chemistry-source>,3
1931,LJO,resolved,Cc1ccncc1NC(=O)[C@]2(CCOC2)C#N,Cc1ccncc1NC(=O)[C@@]1(C#N)CCOC1,Components-smiles-stereo-oe.smi,<frozen-chemistry-source>,3
1539,LJR,resolved,CNS(=O)(=O)CC1CCCCC1,CNS(=O)(=O)CC1CCCCC1,Components-smiles-stereo-oe.smi,<frozen-chemistry-source>,4
907,LK0,resolved,CC(C)(C)[C@@H](C(=O)N[C@@H](Cc1ccccc1)C[C@@H]([C@H](Cc2ccc(cc2)c3cccnc3)NC(=O)[C@H](C(C)(C)C)NC(=O)OC)O)NC(=O)OC,COC(=O)N[C@H](C(=O)N[C@@H](Cc1ccccc1)C[C@H](O)[C@H](Cc1ccc(-c2cccnc2)cc1)NC(=O)[C@@H](NC(=O)OC)C(C)(C)C)C(C)(C)C,Components-smiles-stereo-oe.smi,<frozen-chemistry-source>,8
1548,LK6,resolved,C[C@]1(CCS(=O)(=O)C1)NC(=O)C2CC2,C[C@@]1(NC(=O)C2CC2)CCS(=O)(=O)C1,Components-smiles-stereo-oe.smi,<frozen-chemistry-source>,3
1930,LKI,resolved,Cc1ccncc1NS(=O)(=O)c2cccc(c2)Cl,Cc1ccncc1NS(=O)(=O)c1cccc(Cl)c1,Components-smiles-stereo-oe.smi,<frozen-chemistry-source>,3
1547,LKL,resolved,CN(CCO)c1c(cc(cn1)Cl)F,CN(CCO)c1ncc(Cl)cc1F,Components-smiles-stereo-oe.smi,<frozen-chemistry-source>,3
2738,LKR,resolved,c1cc2c(cc1O)OC(=C(C2=O)O)c3cc(c(c(c3)O)O)O,O=c1c(O)c(-c2cc(O)c(O)c(O)c2)oc2cc(O)ccc12,Components-smiles-stereo-oe.smi,<frozen-chemistry-source>,1
1546,LKU,resolved,Cc1ccc(cc1O)NC(=O)c2cccc(c2)F,Cc1ccc(NC(=O)c2cccc(F)c2)cc1O,Components-smiles-stereo-oe.smi,<frozen-chemistry-source>,3
1929,LKX,resolved,c1cc(cc(c1)Cl)CC(=O)NN2C=NNC2=O,O=C(Cc1cccc(Cl)c1)Nn1cn[nH]c1=O,Components-smiles-stereo-oe.smi,<frozen-chemistry-source>,3
1545,LL0,resolved,c1ccc(c(c1)OC(F)F)S(=O)(=O)N,NS(=O)(=O)c1ccccc1OC(F)F,Components-smiles-stereo-oe.smi,<frozen-chemistry-source>,5
126,LLG,resolved,c1ccc2c(c1)cccc2CC(=O)OCCN,NCCOC(=O)Cc1cccc2ccccc12,Components-smiles-stereo-oe.smi,<frozen-chemistry-source>,4
1544,LLU,resolved,C[C@@H](C(=O)O)Oc1ccccc1F,C[C@H](Oc1ccccc1F)C(=O)O,Components-smiles-stereo-oe.smi,<frozen-chemistry-source>,3
1938,LM0,resolved,CC(=O)NNC(=O)[C@@H]1Cc2ccccc2CN1C(=O)C,CC(=O)NNC(=O)[C@@H]1Cc2ccccc2CN1C(C)=O,Components-smiles-stereo-oe.smi,<frozen-chemistry-source>,3
1558,LM6,resolved,CCn1c(ccn1)CNC,CCn1nccc1CNC,Components-smiles-stereo-oe.smi,<frozen-chemistry-source>,3
578,LMT,resolved,CCCCCCCCCCCCO[C@H]1[C@@H]([C@H]([C@@H]([C@H](O1)CO)O[C@@H]2[C@@H]([C@H]([C@@H]([C@H](O2)CO)O)O)O)O)O,CCCCCCCCCCCCO[C@@H]1O[C@H](CO)[C@@H](O[C@H]2O[C@H](CO)[C@@H](O)[C@H](O)[C@H]2O)[C@H](O)[C@H]1O,Components-smiles-stereo-oe.smi,<frozen-chemistry-source>,9
1557,LMW,resolved,CCN(CCO)c1ccc(cc1)N,CCN(CCO)c1ccc(N)cc1,Components-smiles-stereo-oe.smi,<frozen-chemistry-source>,4
1555,LNS,resolved,CNC(=O)c1cccc(n1)C(=O)O,CNC(=O)c1cccc(C(=O)O)n1,Components-smiles-stereo-oe.smi,<frozen-chemistry-source>,3
125,LNT,resolved,C[C@H]([C@@H](C(=O)O)NC([C@H](CC(C)C)N)(O)O)O,CC(C)C[C@H](N)C(O)(O)N[C@H](C(=O)O)[C@@H](C)O,Components-smiles-stereo-oe.smi,<frozen-chemistry-source>,5
1937,LO0,resolved,COc1ccccc1OCCNC(=O)C2=CC=NC(=O)C2,COc1ccccc1OCCNC(=O)C1=CC=NC(=O)C1,Components-smiles-stereo-oe.smi,<frozen-chemistry-source>,3
1553,LO6,resolved,C[C@@H]1CN(C[C@@H](O1)C)C(=O)COC(F)F,C[C@@H]1CN(C(=O)COC(F)F)C[C@H](C)O1,Components-smiles-stereo-oe.smi,<frozen-chemistry-source>,3
1011,LOV,resolved,CC(C)C[C@@H]([C@H](C[C@@H](C(C)C)C(=O)O)O)N,CC(C)C[C@H](N)[C@@H](O)C[C@H](C(=O)O)C(C)C,Components-smiles-stereo-oe.smi,<frozen-chemistry-source>,3
678,LOZ,resolved,c1ccc2c(c1)C[C@H]([C@H]2Cc3ccc4c(c3C(=O)O)OCO4)NC(=O)CCCN,NCCCC(=O)N[C@@H]1Cc2ccccc2[C@@H]1Cc1ccc2c(c1C(=O)O)OCO2,Components-smiles-stereo-oe.smi,<frozen-chemistry-source>,4
838,LP1,resolved,CC[C@@H](C(=O)N[C@@H](Cc1cccc2c1cccc2)C(=O)N)NC(=O)C[C@@H]([C@H](CC(C)C)NC(=O)[C@H](C(C)C)NC(=O)[C@H](Cc3cccc4c3cccc4)NC(=O)C)O,CC[C@H](NC(=O)C[C@H](O)[C@H](CC(C)C)NC(=O)[C@@H](NC(=O)[C@H](Cc1cccc2ccccc12)NC(C)=O)C(C)C)C(=O)N[C@@H](Cc1cccc2ccccc12)C(N)=O,Components-smiles-stereo-oe.smi,<frozen-chemistry-source>,3
172,LP7,resolved,CCOC(=O)[C@H]1C(c2cccnc2N(C1=O)O)O,CCOC(=O)[C@@H]1C(=O)N(O)c2ncccc2C1O,Components-smiles-stereo-oe.smi,<frozen-chemistry-source>,3
174,LP8,resolved,c1cc2c(nc1)N(C(=O)C(=C2O)C3CCCC3)O,O=c1c(C2CCCC2)c(O)c2cccnc2n1O,Components-smiles-stereo-oe.smi,<frozen-chemistry-source>,3
175,LP9,resolved,CCN(CC)c1ccc(cc1)Oc2cc3c(nc2)N(C(=O)C(=C3O)C(=O)OCC)O,CCOC(=O)c1c(O)c2cc(Oc3ccc(N(CC)CC)cc3)cnc2n(O)c1=O,Components-smiles-stereo-oe.smi,<frozen-chemistry-source>,6
1567,LPU,resolved,CS(=O)(=O)N1CCC(CC1)O,CS(=O)(=O)N1CCC(O)CC1,Components-smiles-stereo-oe.smi,<frozen-chemistry-source>,3
1219,LPZ,resolved,Cc1ccc(cc1)OCC(=O)N2CC[NH+](CC2)C,Cc1ccc(OCC(=O)N2CC[NH+](C)CC2)cc1,Components-smiles-stereo-oe.smi,<frozen-chemistry-source>,3
1936,LQ0,resolved,Cc1ccncc1NC(=O)Cn2ccc3c2cc(cc3)Cl,Cc1ccncc1NC(=O)Cn1ccc2ccc(Cl)cc21,Components-smiles-stereo-oe.smi,<frozen-chemistry-source>,3
1562,LQ3,resolved,C1=CC(=O)N=CC1OC(F)F,O=C1C=CC(OC(F)F)C=N1,Components-smiles-stereo-oe.smi,<frozen-chemistry-source>,4
2642,LQ6,resolved,c1cc(sc1)CNC(=O)[C@@H]2CN(CCN2c3ccc(c(c3)Cl)Cl)C(=O)C4=CC(=O)NC(=O)N4,O=C(NCc1cccs1)[C@@H]1CN(C(=O)c2cc(=O)[nH]c(=O)[nH]2)CCN1c1ccc(Cl)c(Cl)c1,Components-smiles-stereo-oe.smi,<frozen-chemistry-source>,1
1560,LQI,resolved,CC1CCN(CC1)C(=O)c2cc3ccccc3o2,CC1CCN(C(=O)c2cc3ccccc3o2)CC1,Components-smiles-stereo-oe.smi,<frozen-chemistry-source>,3
2643,LQL,resolved,c1cc(cnc1)C(=O)N2CCN([C@@H](C2)C(=O)NCc3cccs3)c4ccc(c(c4)Cl)Cl,O=C(NCc1cccs1)[C@@H]1CN(C(=O)c2cccnc2)CCN1c1ccc(Cl)c(Cl)c1,Components-smiles-stereo-oe.smi,<frozen-chemistry-source>,1
1559,LQP,resolved,C1C[C@@H]2CN(C[C@@H]2C1)C(=O)COC(F)F,O=C(COC(F)F)N1C[C@H]2CCC[C@H]2C1,Components-smiles-stereo-oe.smi,<frozen-chemistry-source>,3
1935,LQU,resolved,CC(=O)N1Cc2ccccc2[C@H](C1)c3cccc(c3)C#N,CC(=O)N1Cc2ccccc2[C@@H](c2cccc(C#N)c2)C1,Components-smiles-stereo-oe.smi,<frozen-chemistry-source>,3
1575,LQV,resolved,Cc1ccc(nc1)NC(=O)[C@@H]2CCCO2,Cc1ccc(NC(=O)[C@@H]2CCCO2)nc1,Components-smiles-stereo-oe.smi,<frozen-chemistry-source>,3
2734,LQZ,resolved,CCN(CC)CC(=O)Nc1c(cccc1C)C,CCN(CC)CC(=O)Nc1c(C)cccc1C,Components-smiles-stereo-oe.smi,<frozen-chemistry-source>,1
1934,LR0,resolved,CC(=O)Nc1ccncc1NC(=O)[C@@H]2Cc3c2cc(cc3)F,CC(=O)Nc1ccncc1NC(=O)[C@@H]1Cc2ccc(F)cc21,Components-smiles-stereo-oe.smi,<frozen-chemistry-source>,3
1574,LR9,resolved,CCN(C)C(=O)c1cccc(c1)N,CCN(C)C(=O)c1cccc(N)c1,Components-smiles-stereo-oe.smi,<frozen-chemistry-source>,3
1939,LRC,resolved,Cc1ccncc1NC(=O)Cc2cc(cnc2)Cl,Cc1ccncc1NC(=O)Cc1cncc(Cl)c1,Components-smiles-stereo-oe.smi,<frozen-chemistry-source>,3
1570,LRF,resolved,Cc1c(c(sn1)N(C)CC(=O)N)C#N,Cc1nsc(N(C)CC(N)=O)c1C#N,Components-smiles-stereo-oe.smi,<frozen-chemistry-source>,4
1940,LRN,resolved,CC(=O)N1CCC[C@H](C1)N(CC2CCCCC2)C3CCC(CC3)O,CC(=O)N1CCC[C@@H](N(CC2CCCCC2)C2CCC(O)CC2)C1,Components-smiles-stereo-oe.smi,<frozen-chemistry-source>,3
1569,LRR,resolved,c1ccc(cc1)CCCC(=O)N2CCOCC2,O=C(CCCc1ccccc1)N1CCOCC1,Components-smiles-stereo-oe.smi,<frozen-chemistry-source>,3
1941,LS0,resolved,Cc1ccncc1NC(=O)Cn2ccc3c2cc(cc3)F,Cc1ccncc1NC(=O)Cn1ccc2ccc(F)cc21,Components-smiles-stereo-oe.smi,<frozen-chemistry-source>,3
1314,LSA,resolved,c1ccc2c(c1)C(=O)NS2(=O)=O,O=C1NS(=O)(=O)c2ccccc21,Components-smiles-stereo-oe.smi,<frozen-chemistry-source>,3
1942,LSF,resolved,Cc1ccncc1NC(=O)Cc2cccc(c2)O[C@@H]3CC(=O)N3,Cc1ccncc1NC(=O)Cc1cccc(O[C@@H]2CC(=O)N2)c1,Components-smiles-stereo-oe.smi,<frozen-chemistry-source>,3
1943,LT9,resolved,Cc1ccncc1NC(=O)C2(CC(=O)C2)c3cccc(c3)Cl,Cc1ccncc1NC(=O)C1(c2cccc(Cl)c2)CC(=O)C1,Components-smiles-stereo-oe.smi,<frozen-chemistry-source>,3
1944,LUC,resolved,Cc1ccncc1NC(=O)Cc2cc(cc(c2)Cl)O[C@@H]3CC(=O)N3,Cc1ccncc1NC(=O)Cc1cc(Cl)cc(O[C@@H]2CC(=O)N2)c1,Components-smiles-stereo-oe.smi,<frozen-chemistry-source>,3
1441,LUY,resolved,c1ccc(cc1)CCNc2[nH]c3ccccc3n2,c1ccc(CCNc2nc3ccccc3[nH]2)cc1,Components-smiles-stereo-oe.smi,<frozen-chemistry-source>,5
2736,LV0,resolved,c1ccc(cc1)C[C@H]([C@@H](C(=O)NCc2nccs2)O)NC(=O)c3ccccc3,O=C(N[C@H](Cc1ccccc1)[C@H](O)C(=O)NCc1nccs1)c1ccccc1,Components-smiles-stereo-oe.smi,<frozen-chemistry-source>,1
1945,LV9,resolved,c1ccc(cc1)CC2(CCOCC2)NC(=O)Nc3cccnc3,O=C(Nc1cccnc1)NC1(Cc2ccccc2)CCOCC1,Components-smiles-stereo-oe.smi,<frozen-chemistry-source>,3
1946,LVM,resolved,Cc1ccncc1NC(=O)CC2CC3(C2)CC3,Cc1ccncc1NC(=O)CC1CC2(CC2)C1,Components-smiles-stereo-oe.smi,<frozen-chemistry-source>,3
2737,LVX,resolved,COC[C@H](C(=O)N[C@H](Cc1ccccc1)[C@@H](C(=O)NCc2nccs2)O)NC(=O)[C@@H]3CCCC(C3)(F)F,COC[C@@H](NC(=O)[C@@H]1CCCC(F)(F)C1)C(=O)N[C@H](Cc1ccccc1)[C@H](O)C(=O)NCc1nccs1,Components-smiles-stereo-oe.smi,<frozen-chemistry-source>,1
2933,LW1,resolved,c1cc(sc1)C=O,O=Cc1cccs1,Components-smiles-stereo-oe.smi,<frozen-chemistry-source>,3
1947,LW6,resolved,c1cc(c2cc[nH]c2c1)C=O,O=Cc1cccc2[nH]ccc12,Components-smiles-stereo-oe.smi,<frozen-chemistry-source>,3
1225,LWA,resolved,c1cc(ccc1C(=O)N)NC(=O)[C@@H]2CCCO2,NC(=O)c1ccc(NC(=O)[C@@H]2CCCO2)cc1,Components-smiles-stereo-oe.smi,<frozen-chemistry-source>,3
1948,LWO,resolved,CNc1ccc(cc1)N(Cc2ccsc2)C(=O)Cn3c4ccccc4nn3,CNc1ccc(N(Cc2ccsc2)C(=O)Cn2nnc3ccccc32)cc1,Components-smiles-stereo-oe.smi,<frozen-chemistry-source>,3
1957,LXF,resolved,CC(=O)Nc1nc2c(s1)cccc2S(=O)(=O)NCCc3ccccc3,CC(=O)Nc1nc2c(S(=O)(=O)NCCc3ccccc3)cccc2s1,Components-smiles-stereo-oe.smi,<frozen-chemistry-source>,3
1413,LZ1,resolved,c1ccc2c(c1)cn[nH]2,c1ccc2[nH]ncc2c1,Components-smiles-stereo-oe.smi,<frozen-chemistry-source>,3
1804,LZE,resolved,c1cc(c(c(c1)Cl)C(=O)Nc2c[nH]nc2C(=O)NC3CCNCC3)Cl,O=C(NC1CCNCC1)c1n[nH]cc1NC(=O)c1c(Cl)cccc1Cl,Components-smiles-stereo-oe.smi,<frozen-chemistry-source>,3
1956,LZX,resolved,CS(=O)(=O)NCC[C@H](c1ccccc1)C(=O)Nc2cccnc2,CS(=O)(=O)NCC[C@@H](C(=O)Nc1cccnc1)c1ccccc1,Components-smiles-stereo-oe.smi,<frozen-chemistry-source>,3
214,M06,resolved,CC1=C(C(=O)N(C=C1)Cc2c3cccnc3n[nH]2)Oc4cc(cc(c4)Cl)C#N,Cc1ccn(Cc2[nH]nc3ncccc23)c(=O)c1Oc1cc(Cl)cc(C#N)c1,Components-smiles-stereo-oe.smi,<frozen-chemistry-source>,3
1088,M0C,resolved,CC1([C@@H]2[C@H]1[C@H](N(C2)C(=O)[C@H](C(C)(C)C)NC(=O)C(F)(F)F)C(=O)N[C@@H](C[C@@H]3CCNC3=O)[C@H](C(=O)N4CCC4)O)C,CC(C)(C)[C@H](NC(=O)C(F)(F)F)C(=O)N1C[C@H]2[C@@H]([C@H]1C(=O)N[C@@H](C[C@@H]1CCNC1=O)[C@@H](O)C(=O)N1CCC1)C2(C)C,Components-smiles-stereo-oe.smi,<frozen-chemistry-source>,1
1955,M0G,resolved,CC[C@](c1cccc(c1)Cl)(C(=O)Nc2cnccc2C)O,CC[C@@](O)(C(=O)Nc1cnccc1C)c1cccc(Cl)c1,Components-smiles-stereo-oe.smi,<frozen-chemistry-source>,3
1954,M0X,resolved,CN(C)c1ccc(cc1)N(Cc2ccsc2)C(=O)Cn3c4ccccc4nn3,CN(C)c1ccc(N(Cc2ccsc2)C(=O)Cn2nnc3ccccc32)cc1,Components-smiles-stereo-oe.smi,<frozen-chemistry-source>,3
133,M14,resolved,c1cc(c(cc1S(=O)(=O)N)Cl)NC(=O)COc2cc(cc(c2)Cl)Oc3cc(cc(c3)Cl)C#N,N#Cc1cc(Cl)cc(Oc2cc(Cl)cc(OCC(=O)Nc3ccc(S(N)(=O)=O)cc3Cl)c2)c1,Components-smiles-stereo-oe.smi,<frozen-chemistry-source>,3
134,M22,resolved,c1ccc2c(c1)c(n[nH]2)COc3ccc(c(c3)Oc4cc(cc(c4)Cl)C#N)Cl,N#Cc1cc(Cl)cc(Oc2cc(OCc3n[nH]c4ccccc34)ccc2Cl)c1,Components-smiles-stereo-oe.smi,<frozen-chemistry-source>,3
1951,M26,resolved,COC[C@@H](c1cccc(c1)Br)NC(=O)C[C@H]2c3cc(ccc3NC2=O)F,COC[C@H](NC(=O)C[C@@H]1C(=O)Nc2ccc(F)cc21)c1cccc(Br)c1,Components-smiles-stereo-oe.smi,<frozen-chemistry-source>,3
1119,M2G,resolved,CN(C)C1=Nc2c(ncn2[C@H]3[C@@H]([C@@H]([C@H](O3)COP(=O)(O)O)O)O)C(=O)N1,CN(C)c1nc2c(ncn2[C@@H]2O[C@H](COP(=O)(O)O)[C@@H](O)[C@H]2O)c(=O)[nH]1,Components-smiles-stereo-oe.smi,<frozen-chemistry-source>,1
1950,M2X,resolved,Cc1ccncc1NC(=O)[C@@H](c2cc(ccc2OC)Br)N,COc1ccc(Br)cc1[C@@H](N)C(=O)Nc1cnccc1C,Components-smiles-stereo-oe.smi,<frozen-chemistry-source>,3
1134,M3L,resolved,C[N+](C)(C)CCCC[C@@H](C(=O)O)N,C[N+](C)(C)CCCC[C@H](N)C(=O)O,Components-smiles-stereo-oe.smi,<frozen-chemistry-source>,1
1949,M4L,resolved,COc1ccncc1NC(=O)[C@H](c2cccc(c2)Br)O,COc1ccncc1NC(=O)[C@@H](O)c1cccc(Br)c1,Components-smiles-stereo-oe.smi,<frozen-chemistry-source>,3
1967,M50,resolved,Cc1cnncc1NC(=O)Cc2cccc(c2)Cl,Cc1cnncc1NC(=O)Cc1cccc(Cl)c1,Components-smiles-stereo-oe.smi,<frozen-chemistry-source>,3
1966,M5I,resolved,Cc1ccncc1CC(=O)Nc2cccc(c2)Cl,Cc1ccncc1CC(=O)Nc1cccc(Cl)c1,Components-smiles-stereo-oe.smi,<frozen-chemistry-source>,3
1965,M5X,resolved,c1cc2c(cc1S(=O)(=O)N)[C@@H](C(=O)N2)O,NS(=O)(=O)c1ccc2c(c1)[C@H](O)C(=O)N2,Components-smiles-stereo-oe.smi,<frozen-chemistry-source>,3
1964,M6I,resolved,c1cc(cc(c1)Cl)NC(=O)Nc2cccnc2,O=C(Nc1cccnc1)Nc1cccc(Cl)c1,Components-smiles-stereo-oe.smi,<frozen-chemistry-source>,3
1963,M6U,resolved,CCc1ccncc1NC(=O)Cc2cccc(n2)C(F)(F)F,CCc1ccncc1NC(=O)Cc1cccc(C(F)(F)F)n1,Components-smiles-stereo-oe.smi,<frozen-chemistry-source>,3
225,M73,resolved,CC[C@H](C)CN(C[C@H]([C@H](Cc1ccccc1)NC(=O)OC[C@H](C)C(=O)OC)O)S(=O)(=O)c2ccc(cc2)OC,CC[C@H](C)CN(C[C@@H](O)[C@H](Cc1ccccc1)NC(=O)OC[C@H](C)C(=O)OC)S(=O)(=O)c1ccc(OC)cc1,Components-smiles-stereo-oe.smi,<frozen-chemistry-source>,3
1962,M7X,resolved,Cc1cc(cnc1)NC(=O)Cc2cccc(c2)Cl,Cc1cncc(NC(=O)Cc2cccc(Cl)c2)c1,Components-smiles-stereo-oe.smi,<frozen-chemistry-source>,3
226,M86,resolved,CC[C@H](C)CN(C[C@H]([C@H](Cc1ccccc1)NC(=O)OCCN2CCNC2=O)O)S(=O)(=O)c3ccc(cc3)OC,CC[C@H](C)CN(C[C@@H](O)[C@H](Cc1ccccc1)NC(=O)OCCN1CCNC1=O)S(=O)(=O)c1ccc(OC)cc1,Components-smiles-stereo-oe.smi,<frozen-chemistry-source>,3
910,M8B,resolved,CC(C)(C)[C@H]1C(=O)NC/C=C\Cc2ccc(cc2)C[C@@](C(=O)N1)(CCCN(Cc3ccc(cc3)Br)NC(=O)[C@H](C(C)(C)C)NC(=O)OC)O,COC(=O)N[C@H](C(=O)NN(CCC[C@@]1(O)Cc2ccc(cc2)C/C=C\CNC(=O)[C@H](C(C)(C)C)NC1=O)Cc1ccc(Br)cc1)C(C)(C)C,Components-smiles-stereo-oe.smi,<frozen-chemistry-source>,3
909,M8Y,resolved,CC(C)[C@H]1C(=O)NC/C=C\Cc2ccc(cc2)C[C@@](C(=O)N1)(CCCN(Cc3ccc(cc3)Br)NC(=O)[C@H](C(C)(C)C)NC(=O)OC)O,COC(=O)N[C@H](C(=O)NN(CCC[C@@]1(O)Cc2ccc(cc2)C/C=C\CNC(=O)[C@H](C(C)C)NC1=O)Cc1ccc(Br)cc1)C(C)(C)C,Components-smiles-stereo-oe.smi,<frozen-chemistry-source>,3
1960,M93,resolved,c1cc2c(cc1Cl)[C@@H](CCO2)C(=O)Nc3cnccc3CO,O=C(Nc1cnccc1CO)[C@@H]1CCOc2ccc(Cl)cc21,Components-smiles-stereo-oe.smi,<frozen-chemistry-source>,3
338,M9A,resolved,c1ccc(c(c1)OCCN2C=CC(=O)NC2=O)Oc3cc(cc4c3ccc(c4)C#N)F,N#Cc1ccc2c(Oc3ccccc3OCCn3ccc(=O)[nH]c3=O)cc(F)cc2c1,Components-smiles-stereo-oe.smi,<frozen-chemistry-source>,7
1959,M9U,resolved,c1cc2c(cc1Cl)[C@H](CCO2)C(=O)Nc3nncn3C4CC4,O=C(Nc1nncn1C1CC1)[C@H]1CCOc2ccc(Cl)cc21,Components-smiles-stereo-oe.smi,<frozen-chemistry-source>,3
1115,MA6,resolved,CN(C)c1c2c(ncn1)n(cn2)[C@H]3[C@@H]([C@@H]([C@H](O3)COP(=O)(O)O)O)O,CN(C)c1ncnc2c1ncn2[C@@H]1O[C@H](COP(=O)(O)O)[C@@H](O)[C@H]1O,Components-smiles-stereo-oe.smi,<frozen-chemistry-source>,1
1958,MF0,resolved,Cc1ccncc1NC(=O)[C@H](C)c2cc(cnc2)Cl,Cc1ccncc1NC(=O)[C@H](C)c1cncc(Cl)c1,Components-smiles-stereo-oe.smi,<frozen-chemistry-source>,3
1774,MGP,resolved,C[n+]1cn(c2c1C(=O)NC(=N2)N)[C@H]3[C@@H]([C@@H]([C@H](O3)CO[P@@](=O)(O)O[P@@](=O)(O)OP(=O)(O)O)O)O,C[n+]1cn([C@@H]2O[C@H](CO[P@@](=O)(O)O[P@@](=O)(O)OP(=O)(O)O)[C@@H](O)[C@H]2O)c2nc(N)[nH]c(=O)c21,Components-smiles-stereo-oe.smi,<frozen-chemistry-source>,9
1335,MHW,resolved,c1cc(c(nc1)C(=O)O)O,O=C(O)c1ncccc1O,Components-smiles-stereo-oe.smi,<frozen-chemistry-source>,3
1145,MJ7,resolved,c1cc(cc(c1)c2ccc(cc2)Cl)CNCCCCSC[C@@H]3[C@H]([C@H]([C@@H](O3)n4cnc5c4ncnc5N)O)O,Nc1ncnc2c1ncn2[C@@H]1O[C@H](CSCCCCNCc2cccc(-c3ccc(Cl)cc3)c2)[C@@H](O)[C@H]1O,Components-smiles-stereo-oe.smi,<frozen-chemistry-source>,1
969,MJD,resolved,CC(C)CN(C[C@H]([C@H](Cc1cc(cc(c1)F)F)NC(=O)O[C@H]2[C@@H]3C[C@@H]4[C@H]2CO[C@@H]4OC3)O)S(=O)(=O)c5ccc6c(c5)oc(n6)NC(C)C,CC(C)CN(C[C@@H](O)[C@H](Cc1cc(F)cc(F)c1)NC(=O)O[C@H]1[C@H]2CO[C@H]3OC[C@@H]1[C@H]3C2)S(=O)(=O)c1ccc2nc(NC(C)C)oc2c1,Components-smiles-stereo-oe.smi,<frozen-chemistry-source>,3
1968,MJR,resolved,Cc1c(c[nH]n1)NC(=O)Cc2cccc(c2)Cl,Cc1n[nH]cc1NC(=O)Cc1cccc(Cl)c1,Components-smiles-stereo-oe.smi,<frozen-chemistry-source>,3
52,MK1,resolved,CC(C)(C)NC(=O)[C@@H]1C[N@@](CC[N@]1C[C@H](C[C@@H](Cc2ccccc2)C(=O)N[C@H]3c4ccccc4C[C@H]3O)O)Cc5cccnc5,CC(C)(C)NC(=O)[C@@H]1CN(Cc2cccnc2)CCN1C[C@@H](O)C[C@@H](Cc1ccccc1)C(=O)N[C@H]1c2ccccc2C[C@H]1O,Components-smiles-stereo-oe.smi,<frozen-chemistry-source>,29
224,MK5,resolved,CC[C@H](C)CN(C[C@H]([C@H](Cc1ccccc1)NC(=O)OCCNC(=O)C(Cl)Cl)O)S(=O)(=O)c2ccc(cc2)OC,CC[C@H](C)CN(C[C@@H](O)[C@H](Cc1ccccc1)NC(=O)OCCNC(=O)C(Cl)Cl)S(=O)(=O)c1ccc(OC)cc1,Components-smiles-stereo-oe.smi,<frozen-chemistry-source>,3
1034,MKC,resolved,CCOCN1C(=C(C(=O)NC1=O)C(C)C)Cc2ccccc2,CCOCn1c(Cc2ccccc2)c(C(C)C)c(=O)[nH]c1=O,Components-smiles-stereo-oe.smi,<frozen-chemistry-source>,3
1969,MKI,resolved,Cc1ccncc1N(C)C(=O)Cc2cccc(c2)Cl,Cc1ccncc1N(C)C(=O)Cc1cccc(Cl)c1,Components-smiles-stereo-oe.smi,<frozen-chemistry-source>,3
1016,MLI,resolved,C(C(=O)[O-])C(=O)[O-],O=C([O-])CC(=O)[O-],Components-smiles-stereo-oe.smi,<frozen-chemistry-source>,22
1080,MLT,resolved,C([C@H](C(=O)O)O)C(=O)O,O=C(O)C[C@@H](O)C(=O)O,Components-smiles-stereo-oe.smi,<frozen-chemistry-source>,3
2419,MLY,resolved,CN(C)CCCC[C@@H](C(=O)O)N,CN(C)CCCC[C@H](N)C(=O)O,Components-smiles-stereo-oe.smi,<frozen-chemistry-source>,6
1133,MLZ,resolved,CNCCCC[C@@H](C(=O)O)N,CNCCCC[C@H](N)C(=O)O,Components-smiles-stereo-oe.smi,<frozen-chemistry-source>,3
643,MMJ,resolved,Cc1c(sc(n1)c2ccccc2)CNC,CNCc1sc(-c2ccccc2)nc1C,Components-smiles-stereo-oe.smi,<frozen-chemistry-source>,4
1143,MOH,resolved,CO,CO,Components-smiles-stereo-oe.smi,<frozen-chemistry-source>,1
651,MOK,resolved,Cc1c(c(no1)c2ccccc2)C(=O)O,Cc1onc(-c2ccccc2)c1C(=O)O,Components-smiles-stereo-oe.smi,<frozen-chemistry-source>,5
650,MPK,resolved,Cc1c(c(no1)c2ccccc2)CO,Cc1onc(-c2ccccc2)c1CO,Components-smiles-stereo-oe.smi,<frozen-chemistry-source>,3
560,MPO,resolved,C1COCCN1CCCS(=O)(=O)O,O=S(=O)(O)CCCN1CCOCC1,Components-smiles-stereo-oe.smi,<frozen-chemistry-source>,5
641,MPV,resolved,Cn1c(cc(n1)c2cccs2)N,Cn1nc(-c2cccs2)cc1N,Components-smiles-stereo-oe.smi,<frozen-chemistry-source>,4
1970,MQ3,resolved,Cc1ccncc1NC(=O)[C@H](C)C2CCCCC2,Cc1ccncc1NC(=O)[C@H](C)C1CCCCC1,Components-smiles-stereo-oe.smi,<frozen-chemistry-source>,3
110,MRX,resolved,c1cc2c(cc1Br)c(c([nH]2)C(=O)N)S(=O)(=O)N3CCCC3,NC(=O)c1[nH]c2ccc(Br)cc2c1S(=O)(=O)N1CCCC1,Components-smiles-stereo-oe.smi,<frozen-chemistry-source>,3
806,MS3,resolved,CC(C)[C@@H](C(=O)NCc1ccccn1)NC(=O)[C@@H]([C@@H]([C@H]([C@H](C(=O)N[C@@H](C(C)C)C(=O)NCc2ccccn2)OCc3ccccc3)O)O)OCc4ccccc4,CC(C)[C@H](NC(=O)[C@H](OCc1ccccc1)[C@H](O)[C@@H](O)[C@@H](OCc1ccccc1)C(=O)N[C@H](C(=O)NCc1ccccn1)C(C)C)C(=O)NCc1ccccn1,Components-smiles-stereo-oe.smi,<frozen-chemistry-source>,3
1029,MSD,resolved,CC(=O)c1ccc(c(c1O)[C@H]2C[C@H]2NC(=S)Nc3ccc(cn3)C#N)OC,COc1ccc(C(C)=O)c(O)c1[C@H]1C[C@H]1NC(=S)Nc1ccc(C#N)cn1,Components-smiles-stereo-oe.smi,<frozen-chemistry-source>,3
2660,MTA,resolved,CSC[C@@H]1[C@H]([C@H]([C@@H](O1)n2cnc3c2ncnc3N)O)O,CSC[C@H]1O[C@@H](n2cnc3c(N)ncnc32)[C@H](O)[C@@H]1O,Components-smiles-stereo-oe.smi,<frozen-chemistry-source>,1
865,MU0,resolved,CC(C)[C@@H](C(=O)N[C@@H](Cc1ccccc1)C[C@@H]([C@H](Cc2ccccc2)NC(=O)[C@@H]3CN(C(=O)O3)c4ccccc4)O)N5CCCNC5=O,CC(C)[C@@H](C(=O)N[C@@H](Cc1ccccc1)C[C@H](O)[C@H](Cc1ccccc1)NC(=O)[C@@H]1CN(c2ccccc2)C(=O)O1)N1CCCNC1=O,Components-smiles-stereo-oe.smi,<frozen-chemistry-source>,3
864,MU1,resolved,CC(C)[C@@H](C(=O)N[C@@H](Cc1ccccc1)C[C@@H]([C@H](Cc2ccccc2)NC(=O)[C@@H]3CN(C(=O)O3)c4cccc(c4)C(=O)C)O)NC(=O)C,CC(=O)N[C@H](C(=O)N[C@@H](Cc1ccccc1)C[C@H](O)[C@H](Cc1ccccc1)NC(=O)[C@@H]1CN(c2cccc(C(C)=O)c2)C(=O)O1)C(C)C,Components-smiles-stereo-oe.smi,<frozen-chemistry-source>,3
1971,MU3,resolved,c1ccc2c(c1)[C@@H](CCO2)C(=O)Nc3nncn3C4CC4,O=C(Nc1nncn1C1CC1)[C@@H]1CCOc2ccccc21,Components-smiles-stereo-oe.smi,<frozen-chemistry-source>,3
81,MUI,resolved,CC(C)C[N@@](C[C@H]([C@H](Cc1ccccc1)NC(=O)[C@@H]2CN(C(=O)O2)c3ccc(cc3)C(=O)C)O)S(=O)(=O)c4ccc(cc4)OC,COc1ccc(S(=O)(=O)N(CC(C)C)C[C@@H](O)[C@H](Cc2ccccc2)NC(=O)[C@@H]2CN(c3ccc(C(C)=O)cc3)C(=O)O2)cc1,Components-smiles-stereo-oe.smi,<frozen-chemistry-source>,3
1190,MUK,resolved,Cc1cc(nc(n1)Nc2ccccc2)C,Cc1cc(C)nc(Nc2ccccc2)n1,Components-smiles-stereo-oe.smi,<frozen-chemistry-source>,3
859,MUT,resolved,CC(C)C[N@@](C[C@H]([C@H](Cc1ccccc1)NC(=O)[C@@H]2CN(C(=O)O2)c3cccc(c3)C(=O)C)O)S(=O)(=O)c4ccc(cc4)OC,COc1ccc(S(=O)(=O)N(CC(C)C)C[C@@H](O)[C@H](Cc2ccccc2)NC(=O)[C@@H]2CN(c3cccc(C(C)=O)c3)C(=O)O2)cc1,Components-smiles-stereo-oe.smi,<frozen-chemistry-source>,3
861,MUU,resolved,CNC(=O)CCC(=O)N[C@@H](Cc1ccccc1)[C@@H](C[N@](CC2CC2)S(=O)(=O)c3cccc(c3)OC)O,CNC(=O)CCC(=O)N[C@@H](Cc1ccccc1)[C@H](O)CN(CC1CC1)S(=O)(=O)c1cccc(OC)c1,Components-smiles-stereo-oe.smi,<frozen-chemistry-source>,3
862,MUV,resolved,CNC(=O)CCC(=O)N[C@@H](Cc1ccccc1)[C@@H](C[N@](CC2CC2)S(=O)(=O)c3ccco3)O,CNC(=O)CCC(=O)N[C@@H](Cc1ccccc1)[C@H](O)CN(CC1CC1)S(=O)(=O)c1ccco1,Components-smiles-stereo-oe.smi,<frozen-chemistry-source>,3
863,MUW,resolved,CC(C)C[N@@]([C@@H](CCCCNC(=O)[C@H](C(c1ccccc1)c2ccccc2)NC(=O)OC)CO)S(=O)(=O)c3ccc(cc3)CN,COC(=O)N[C@H](C(=O)NCCCC[C@@H](CO)N(CC(C)C)S(=O)(=O)c1ccc(CN)cc1)C(c1ccccc1)c1ccccc1,Components-smiles-stereo-oe.smi,<frozen-chemistry-source>,3
1972,MVR,resolved,Cn1ccc(n1)CN(c2ccc(cc2)c3ccccn3)C(=O)Cc4cccnc4,Cn1ccc(CN(C(=O)Cc2cccnc2)c2ccc(-c3ccccn3)cc2)n1,Components-smiles-stereo-oe.smi,<frozen-chemistry-source>,3
1973,MVX,resolved,c1cc2c(cc1Cl)[C@@H](CO2)C(=O)Nc3nncn3C4CC4,O=C(Nc1nncn1C1CC1)[C@@H]1COc2ccc(Cl)cc21,Components-smiles-stereo-oe.smi,<frozen-chemistry-source>,3
572,MVY,resolved,COC(=O)N1CCC[C@@H](C1)C(=O)Nc2ccc(c(c2)F)Cl,COC(=O)N1CCC[C@H](C(=O)Nc2ccc(Cl)c(F)c2)C1,Components-smiles-stereo-oe.smi,<frozen-chemistry-source>,3
573,MW4,resolved,CCOC(=O)N1CCC[C@@H](C1)C(=O)Nc2ccc(c(c2)F)Cl,CCOC(=O)N1CCC[C@H](C(=O)Nc2ccc(Cl)c(F)c2)C1,Components-smiles-stereo-oe.smi,<frozen-chemistry-source>,3
575,MWA,resolved,CS(=O)(=O)N1CCC[C@@H](C1)C(=O)Nc2ccc(c(c2)F)Cl,CS(=O)(=O)N1CCC[C@H](C(=O)Nc2ccc(Cl)c(F)c2)C1,Components-smiles-stereo-oe.smi,<frozen-chemistry-source>,3
574,MWD,resolved,CCCNC(=O)N1CCC[C@@H](C1)C(=O)Nc2ccc(c(c2)F)Cl,CCCNC(=O)N1CCC[C@H](C(=O)Nc2ccc(Cl)c(F)c2)C1,Components-smiles-stereo-oe.smi,<frozen-chemistry-source>,3
1974,MWN,resolved,COC(=O)c1cc(cc2c1NC(=O)[C@@H]2O)Br,COC(=O)c1cc(Br)cc2c1NC(=O)[C@@H]2O,Components-smiles-stereo-oe.smi,<frozen-chemistry-source>,3
648,MWP,resolved,c1cc2c(cc1N)S(=O)(=O)C=C2,Nc1ccc2c(c1)S(=O)(=O)C=C2,Components-smiles-stereo-oe.smi,<frozen-chemistry-source>,3
1975,MX9,resolved,Cc1cccc(c1)COC(=O)c2cccc3c2NC(=O)[C@@H]3O,Cc1cccc(COC(=O)c2cccc3c2NC(=O)[C@@H]3O)c1,Components-smiles-stereo-oe.smi,<frozen-chemistry-source>,3
576,MXJ,resolved,CCCNC(=O)N1C[C@H](C[C@H](C1)N)C(=O)Nc2ccc(c(c2)F)Cl,CCCNC(=O)N1C[C@H](N)C[C@H](C(=O)Nc2ccc(Cl)c(F)c2)C1,Components-smiles-stereo-oe.smi,<frozen-chemistry-source>,3
1850,MYC,resolved,c1c(cc(c(c1O)O)O)C2=C(C(=O)c3c(cc(cc3O2)O)O)O,O=c1c(O)c(-c2cc(O)c(O)c(O)c2)oc2cc(O)cc(O)c12,Components-smiles-stereo-oe.smi,<frozen-chemistry-source>,6
1392,MYI,resolved,COc1ccc2c(c1)c(c[nH]2)CC(=O)O,COc1ccc2[nH]cc(CC(=O)O)c2c1,Components-smiles-stereo-oe.smi,<frozen-chemistry-source>,3
866,MZ1,resolved,C[C@@H](C(=O)N[C@@H](Cc1ccccc1)[C@@H](C[N@](Cc2cccs2)S(=O)(=O)c3cc(c(cc3F)F)F)O)NC(=O)C,CC(=O)N[C@@H](C)C(=O)N[C@@H](Cc1ccccc1)[C@H](O)CN(Cc1cccs1)S(=O)(=O)c1cc(F)c(F)cc1F,Components-smiles-stereo-oe.smi,<frozen-chemistry-source>,3
867,MZ2,resolved,C/C(=C\C(=O)N[C@@H](Cc1ccccc1)[C@@H](C[N@](Cc2cccs2)S(=O)(=O)c3cc(c(cc3F)F)F)O)/C(F)(F)F,C/C(=C\C(=O)N[C@@H](Cc1ccccc1)[C@H](O)CN(Cc1cccs1)S(=O)(=O)c1cc(F)c(F)cc1F)C(F)(F)F,Components-smiles-stereo-oe.smi,<frozen-chemistry-source>,3
868,MZ3,resolved,Cc1c(cccc1F)C(=O)N[C@@H](Cc2ccccc2)[C@@H](C[N@](Cc3cccs3)S(=O)(=O)c4cccc(c4)OC)O,COc1cccc(S(=O)(=O)N(Cc2cccs2)C[C@@H](O)[C@H](Cc2ccccc2)NC(=O)c2cccc(F)c2C)c1,Components-smiles-stereo-oe.smi,<frozen-chemistry-source>,3
869,MZ4,resolved,COc1cccc(c1)S(=O)(=O)[N@@](Cc2cccs2)C[C@H]([C@H](Cc3ccccc3)NC(=O)c4ccc(c(c4)O)O)O,COc1cccc(S(=O)(=O)N(Cc2cccs2)C[C@@H](O)[C@H](Cc2ccccc2)NC(=O)c2ccc(O)c(O)c2)c1,Components-smiles-stereo-oe.smi,<frozen-chemistry-source>,3
870,MZ5,resolved,CC[C@H](C)C[N@@](C[C@H]([C@H](Cc1ccccc1)NC(=O)[C@H](C(C)C)O)O)S(=O)(=O)c2ccc3c(c2)scn3,CC[C@H](C)CN(C[C@@H](O)[C@H](Cc1ccccc1)NC(=O)[C@@H](O)C(C)C)S(=O)(=O)c1ccc2ncsc2c1,Components-smiles-stereo-oe.smi,<frozen-chemistry-source>,3
871,MZ6,resolved,CC[C@H](C)C[N@@](C[C@H]([C@H](Cc1ccccc1)NC(=O)c2cccc(c2)O)O)S(=O)(=O)c3ccc4c(c3)scn4,CC[C@H](C)CN(C[C@@H](O)[C@H](Cc1ccccc1)NC(=O)c1cccc(O)c1)S(=O)(=O)c1ccc2ncsc2c1,Components-smiles-stereo-oe.smi,<frozen-chemistry-source>,3
872,MZ7,resolved,CCCCC[N@@](C[C@H]([C@H](Cc1ccccc1)NC(=O)[C@H](C(C)C)NC(=O)C)O)S(=O)(=O)c2ccc3c(c2)scn3,CCCCCN(C[C@@H](O)[C@H](Cc1ccccc1)NC(=O)[C@@H](NC(C)=O)C(C)C)S(=O)(=O)c1ccc2ncsc2c1,Components-smiles-stereo-oe.smi,<frozen-chemistry-source>,3
873,MZ8,resolved,CC(C)C[N@@](C[C@H]([C@H](Cc1ccccc1)NC(=O)c2cccc(c2)O)O)S(=O)(=O)c3ccc4c(c3)scn4,CC(C)CN(C[C@@H](O)[C@H](Cc1ccccc1)NC(=O)c1cccc(O)c1)S(=O)(=O)c1ccc2ncsc2c1,Components-smiles-stereo-oe.smi,<frozen-chemistry-source>,3
874,MZ9,resolved,CC[C@H](C)C[N@@](C[C@H]([C@H](Cc1ccccc1)NC(=O)CCC(=O)CC)O)S(=O)(=O)c2ccc(cc2)OC,CCC(=O)CCC(=O)N[C@@H](Cc1ccccc1)[C@H](O)CN(C[C@@H](C)CC)S(=O)(=O)c1ccc(OC)cc1,Components-smiles-stereo-oe.smi,<frozen-chemistry-source>,3
1976,MZF,resolved,c1cc2c(cc1Br)[C@H](C(=O)N2Cc3ncon3)O,O=C1[C@H](O)c2cc(Br)ccc2N1Cc1ncon1,Components-smiles-stereo-oe.smi,<frozen-chemistry-source>,3
1977,N00,resolved,Cc1c(ccc2c1[nH]c3c2cc(cc3)Cl)[C@@H](C)C(=O)O,Cc1c([C@@H](C)C(=O)O)ccc2c1[nH]c1ccc(Cl)cc12,Components-smiles-stereo-oe.smi,<frozen-chemistry-source>,3
577,N07,resolved,Cc1nnc(o1)c2cccc(c2)c3cccc(c3)C(=O)N4CCCCC4,Cc1nnc(-c2cccc(-c3cccc(C(=O)N4CCCCC4)c3)c2)o1,Components-smiles-stereo-oe.smi,<frozen-chemistry-source>,5
1181,N0E,resolved,c1ccc(cc1)CCC(=O)Nc2ccc(cc2)O,O=C(CCc1ccccc1)Nc1ccc(O)cc1,Components-smiles-stereo-oe.smi,<frozen-chemistry-source>,3
1978,N0F,resolved,Cc1ccncc1NC(=O)C[C@H](c2ccsc2)N3CCC(CC3)O,Cc1ccncc1NC(=O)C[C@H](c1ccsc1)N1CCC(O)CC1,Components-smiles-stereo-oe.smi,<frozen-chemistry-source>,3
1979,N0O,resolved,c1ccc(cc1)n2cnnc2NC(=O)[C@@H]3COc4c3cc(cc4)Cl,O=C(Nc1nncn1-c1ccccc1)[C@@H]1COc2ccc(Cl)cc21,Components-smiles-stereo-oe.smi,<frozen-chemistry-source>,3
1980,N0X,resolved,C[C@]1(CCOc2c1cccc2)C(=O)Nc3nncn3C4CC4,C[C@@]1(C(=O)Nc2nncn2C2CC2)CCOc2ccccc21,Components-smiles-stereo-oe.smi,<frozen-chemistry-source>,3
1981,N1U,resolved,Cc1cc(cc2c1N(C(=O)[C@H]2O)Cc3ccc(c(c3)OC)OC)Br,COc1ccc(CN2C(=O)[C@@H](O)c3cc(Br)cc(C)c32)cc1OC,Components-smiles-stereo-oe.smi,<frozen-chemistry-source>,3
487,N2P,resolved,C(CCN)CCN,NCCCCCN,Components-smiles-stereo-oe.smi,<frozen-chemistry-source>,4
1982,N2X,resolved,CCOc1ccccc1CN2c3ccc(cc3[C@@H](C2=O)O)Br,CCOc1ccccc1CN1C(=O)[C@@H](O)c2cc(Br)ccc21,Components-smiles-stereo-oe.smi,<frozen-chemistry-source>,3
1983,N3I,resolved,Cc1ccncc1NC(=O)Cc2cc(cc(c2)Cl)OC,COc1cc(Cl)cc(CC(=O)Nc2cnccc2C)c1,Components-smiles-stereo-oe.smi,<frozen-chemistry-source>,3
1984,N3R,resolved,COc1ccccc1OCCNC(=O)C2=CC(=O)Nc3c2c(ccc3)F,COc1ccccc1OCCNC(=O)c1cc(=O)[nH]c2cccc(F)c12,Components-smiles-stereo-oe.smi,<frozen-chemistry-source>,3
1985,N43,resolved,COc1ccccc1OCCNC(=O)C2=CC(=O)Nc3c2c(ccc3)OC,COc1ccccc1OCCNC(=O)c1cc(=O)[nH]c2cccc(OC)c12,Components-smiles-stereo-oe.smi,<frozen-chemistry-source>,3
900,N4I,resolved,c1cc(cc(c1)O)CN[C@H]2CNC[C@@H]2N(Cc3ccc(cc3)C(F)(F)F)S(=O)(=O)c4ccc(cc4)C(=O)N,NC(=O)c1ccc(S(=O)(=O)N(Cc2ccc(C(F)(F)F)cc2)[C@H]2CNC[C@@H]2NCc2cccc(O)c2)cc1,Components-smiles-stereo-oe.smi,<frozen-chemistry-source>,3
1986,N4L,resolved,Cc1cccc2c1C(=CC(=O)N2)C(=O)NCCOc3ccccc3OC,COc1ccccc1OCCNC(=O)c1cc(=O)[nH]c2cccc(C)c12,Components-smiles-stereo-oe.smi,<frozen-chemistry-source>,3
1987,N5L,resolved,Cc1c(cncc1NC(=O)Cc2cccc(c2)Cl)N,Cc1c(N)cncc1NC(=O)Cc1cccc(Cl)c1,Components-smiles-stereo-oe.smi,<frozen-chemistry-source>,3
2602,N63,resolved,CC(C)C[C@@H](C(=O)N[C@@H](C[C@@H]1CCNC1=O)[C@H](O)S(=O)(=O)O)NC(=O)OCc2cccc(c2)C(F)(F)F,CC(C)C[C@H](NC(=O)OCc1cccc(C(F)(F)F)c1)C(=O)N[C@@H](C[C@@H]1CCNC1=O)[C@H](O)S(=O)(=O)O,Components-smiles-stereo-oe.smi,<frozen-chemistry-source>,1
1994,N6F,resolved,C[C@@H](c1cccc(c1)Cl)C(=O)Nc2cnccc2NC(=O)C,CC(=O)Nc1ccncc1NC(=O)[C@@H](C)c1cccc(Cl)c1,Components-smiles-stereo-oe.smi,<frozen-chemistry-source>,3
1988,N6X,resolved,Cc1c(cncc1NC(=O)Cc2cccc(c2)C#N)N,Cc1c(N)cncc1NC(=O)Cc1cccc(C#N)c1,Components-smiles-stereo-oe.smi,<frozen-chemistry-source>,3
1989,N7L,resolved,Cc1ccncc1NC(=O)[C@@H]2C[C@H]2CF,Cc1ccncc1NC(=O)[C@@H]1C[C@H]1CF,Components-smiles-stereo-oe.smi,<frozen-chemistry-source>,3
341,N8G,resolved,C1[C@@H](O[C@@H](S1)COP(=O)(O)OP(=O)(O)OP(=O)(O)O)N2C=C(C(=NC2=O)N)F,Nc1nc(=O)n([C@H]2CS[C@@H](COP(=O)(O)OP(=O)(O)OP(=O)(O)O)O2)cc1F,Components-smiles-stereo-oe.smi,<frozen-chemistry-source>,5
1990,N8X,resolved,Cc1cc(cc(c1)CC(=O)Nc2nncn2C)C,Cc1cc(C)cc(CC(=O)Nc2nncn2C)c1,Components-smiles-stereo-oe.smi,<frozen-chemistry-source>,3
1991,N9I,resolved,Cc1ccncc1CC(=O)Nc2cccc3c2CNCC3,Cc1ccncc1CC(=O)Nc1cccc2c1CNCC2,Components-smiles-stereo-oe.smi,<frozen-chemistry-source>,3
2877,N9P,resolved,c1cnccc1C[C@@H](C(=O)O)N,N[C@@H](Cc1ccncc1)C(=O)O,Components-smiles-stereo-oe.smi,<frozen-chemistry-source>,1
1992,NB0,resolved,c1ccc2c(c1)C(=CC(=O)N2)C(=O)N3CCN(CC3)c4ccccc4F,O=C(c1cc(=O)[nH]c2ccccc12)N1CCN(c2ccccc2F)CC1,Components-smiles-stereo-oe.smi,<frozen-chemistry-source>,3
2981,NB2,resolved,[H]/N=C\[C@H](C[C@@H]1CCNC1=O)NC(=O)[C@@H]2[C@@H]3[C@@H](C3(C)C)CN2C(=O)[C@H](C(C)(C)C)NC(=O)NC4(CCCCC4)CS(=O)(=O)C(C)(C)C,[H]/N=C\[C@H](C[C@@H]1CCNC1=O)NC(=O)[C@@H]1[C@@H]2[C@H](CN1C(=O)[C@@H](NC(=O)NC1(CS(=O)(=O)C(C)(C)C)CCCCC1)C(C)(C)C)C2(C)C,Components-smiles-stereo-oe.smi,<frozen-chemistry-source>,1
1993,NB6,resolved,Cc1ccncc1NC(=O)Cc2cccc(c2)Br,Cc1ccncc1NC(=O)Cc1cccc(Br)c1,Components-smiles-stereo-oe.smi,<frozen-chemistry-source>,3
1316,NC3,resolved,C1CCC(CC1)NC(=O)NCC(=O)O,O=C(O)CNC(=O)NC1CCCCC1,Components-smiles-stereo-oe.smi,<frozen-chemistry-source>,3
1367,NCA,resolved,c1cc(cnc1)C(=O)N,NC(=O)c1cccnc1,Components-smiles-stereo-oe.smi,<frozen-chemistry-source>,3
3008,NDG,resolved,CC(=O)N[C@@H]1[C@H]([C@@H]([C@H](O[C@@H]1O)CO)O)O,CC(=O)N[C@@H]1[C@@H](O)[C@H](O)[C@@H](CO)O[C@@H]1O,Components-smiles-stereo-oe.smi,<frozen-chemistry-source>,1
1995,NDI,resolved,Cc1ccncc1NC(=O)CN2CCN(CC2)C(=O)C,CC(=O)N1CCN(CC(=O)Nc2cnccc2C)CC1,Components-smiles-stereo-oe.smi,<frozen-chemistry-source>,3
973,NE7,resolved,CC[C@H](C)CN(C[C@H]([C@H](Cc1ccccc1)NC(=O)O[C@H]2CO[C@@H]3[C@H]2CCO3)O)S(=O)(=O)c4ccc(cc4)[C@@H](C)O,CC[C@H](C)CN(C[C@@H](O)[C@H](Cc1ccccc1)NC(=O)O[C@H]1CO[C@H]2OCC[C@H]21)S(=O)(=O)c1ccc([C@@H](C)O)cc1,Components-smiles-stereo-oe.smi,<frozen-chemistry-source>,3
972,NEJ,resolved,CC[C@H](C)CN(C[C@H]([C@H](Cc1ccccc1)NC(=O)O[C@H]2CO[C@@H]3[C@H]2CCO3)O)S(=O)(=O)c4ccc(cc4)[C@H](C)O,CC[C@H](C)CN(C[C@@H](O)[C@H](Cc1ccccc1)NC(=O)O[C@H]1CO[C@H]2OCC[C@H]21)S(=O)(=O)c1ccc([C@H](C)O)cc1,Components-smiles-stereo-oe.smi,<frozen-chemistry-source>,3
1996,NEL,resolved,c1cc(cc(c1)Cl)CC(=O)Nc2cccc3c2cn[nH]3,O=C(Cc1cccc(Cl)c1)Nc1cccc2[nH]ncc12,Components-smiles-stereo-oe.smi,<frozen-chemistry-source>,3
974,NF4,resolved,CCC(CC)CN(C[C@H]([C@H](Cc1ccccc1)NC(=O)O[C@H]2CO[C@@H]3[C@H]2CCO3)O)S(=O)(=O)c4ccc(cc4)[C@H](C)O,CCC(CC)CN(C[C@@H](O)[C@H](Cc1ccccc1)NC(=O)O[C@H]1CO[C@H]2OCC[C@H]21)S(=O)(=O)c1ccc([C@H](C)O)cc1,Components-smiles-stereo-oe.smi,<frozen-chemistry-source>,3
367,NF7,resolved,CC(C)CN(C[C@H]([C@H](Cc1ccccc1)NC(=O)O[C@H]2CO[C@@H]3[C@H]2CCO3)O)S(=O)(=O)c4ccc(cc4)[C@H](CO)O,CC(C)CN(C[C@@H](O)[C@H](Cc1ccccc1)NC(=O)O[C@H]1CO[C@H]2OCC[C@H]21)S(=O)(=O)c1ccc([C@@H](O)CO)cc1,Components-smiles-stereo-oe.smi,<frozen-chemistry-source>,5
975,NFJ,resolved,CCC(CC)CN(C[C@H]([C@H](Cc1ccccc1)NC(=O)O[C@H]2CO[C@@H]3[C@H]2CCO3)O)S(=O)(=O)c4ccc(cc4)[C@@H](C)O,CCC(CC)CN(C[C@@H](O)[C@H](Cc1ccccc1)NC(=O)O[C@H]1CO[C@H]2OCC[C@H]21)S(=O)(=O)c1ccc([C@@H](C)O)cc1,Components-smiles-stereo-oe.smi,<frozen-chemistry-source>,3
664,NFW,resolved,CN(Cc1ccccc1C(=O)NCc2ccco2)Cc3ccc4c(c3C(=O)O)OC[C@@H](O4)CCC(=O)O,CN(Cc1ccccc1C(=O)NCc1ccco1)Cc1ccc2c(c1C(=O)O)OC[C@H](CCC(=O)O)O2,Components-smiles-stereo-oe.smi,<frozen-chemistry-source>,4
976,NG4,resolved,CC(C)CN(C[C@H]([C@H](Cc1ccccc1)NC(=O)O[C@H]2CO[C@@H]3[C@H]2CCO3)O)S(=O)(=O)c4ccc(cc4)[C@@H](CO)O,CC(C)CN(C[C@@H](O)[C@H](Cc1ccccc1)NC(=O)O[C@H]1CO[C@H]2OCC[C@H]21)S(=O)(=O)c1ccc([C@H](O)CO)cc1,Components-smiles-stereo-oe.smi,<frozen-chemistry-source>,3
1997,NGX,resolved,c1cc(cc(c1)Cl)C[C@@H](Cn2cncn2)O,O[C@@H](Cc1cccc(Cl)c1)Cn1cncn1,Components-smiles-stereo-oe.smi,<frozen-chemistry-source>,3
898,NI7,resolved,c1cc(cc(c1)O)CN2[C@H]3CNC[C@@H]3N(C(=O)C2=O)Cc4cccc(c4)O,O=C1C(=O)N(Cc2cccc(O)c2)[C@H]2CNC[C@@H]2N1Cc1cccc(O)c1,Components-smiles-stereo-oe.smi,<frozen-chemistry-source>,5
899,NI8,resolved,c1cc(cc(c1)CO)CN2[C@H]3CNC[C@@H]3N(C(=O)C2=O)Cc4cccc(c4)CO,O=C1C(=O)N(Cc2cccc(CO)c2)[C@H]2CNC[C@@H]2N1Cc1cccc(CO)c1,Components-smiles-stereo-oe.smi,<frozen-chemistry-source>,3
1998,NIJ,resolved,Cc1ccncc1NC(=O)CCc2cccc(c2)F,Cc1ccncc1NC(=O)CCc1cccc(F)c1,Components-smiles-stereo-oe.smi,<frozen-chemistry-source>,3
369,NJ1,resolved,CCC(CC)CN(C[C@H]([C@H](Cc1ccccc1)NC(=O)O[C@H]2CO[C@@H]3[C@H]2CCO3)O)S(=O)(=O)c4ccc(cc4)[C@H](CO)O,CCC(CC)CN(C[C@@H](O)[C@H](Cc1ccccc1)NC(=O)O[C@H]1CO[C@H]2OCC[C@H]21)S(=O)(=O)c1ccc([C@@H](O)CO)cc1,Components-smiles-stereo-oe.smi,<frozen-chemistry-source>,5
971,NJ4,resolved,C[C@H](c1ccc(cc1)S(=O)(=O)N(C[C@H]([C@H](Cc2ccccc2)NC(=O)O[C@H]3CO[C@@H]4[C@H]3CCO4)O)CC(C)C)O,CC(C)CN(C[C@@H](O)[C@H](Cc1ccccc1)NC(=O)O[C@H]1CO[C@H]2OCC[C@H]21)S(=O)(=O)c1ccc([C@@H](C)O)cc1,Components-smiles-stereo-oe.smi,<frozen-chemistry-source>,3
977,NJ7,resolved,CC[C@H](C)CN(C[C@H]([C@H](Cc1ccccc1)NC(=O)O[C@H]2CO[C@@H]3[C@H]2CCO3)O)S(=O)(=O)c4ccc(cc4)[C@@H](CO)O,CC[C@H](C)CN(C[C@@H](O)[C@H](Cc1ccccc1)NC(=O)O[C@H]1CO[C@H]2OCC[C@H]21)S(=O)(=O)c1ccc([C@H](O)CO)cc1,Components-smiles-stereo-oe.smi,<frozen-chemistry-source>,3
970,NJA,resolved,C[C@@H](c1ccc(cc1)S(=O)(=O)N(C[C@H]([C@H](Cc2ccccc2)NC(=O)O[C@H]3CO[C@@H]4[C@H]3CCO4)O)CC(C)C)O,CC(C)CN(C[C@@H](O)[C@H](Cc1ccccc1)NC(=O)O[C@H]1CO[C@H]2OCC[C@H]21)S(=O)(=O)c1ccc([C@H](C)O)cc1,Components-smiles-stereo-oe.smi,<frozen-chemistry-source>,3
1999,NJE,resolved,Cc1ccncc1NC(=O)CN2CCCCC2,Cc1ccncc1NC(=O)CN1CCCCC1,Components-smiles-stereo-oe.smi,<frozen-chemistry-source>,3
368,NJG,resolved,CC[C@H](C)CN(C[C@H]([C@H](Cc1ccccc1)NC(=O)O[C@H]2CO[C@@H]3[C@H]2CCO3)O)S(=O)(=O)c4ccc(cc4)[C@H](CO)O,CC[C@H](C)CN(C[C@@H](O)[C@H](Cc1ccccc1)NC(=O)O[C@H]1CO[C@H]2OCC[C@H]21)S(=O)(=O)c1ccc([C@@H](O)CO)cc1,Components-smiles-stereo-oe.smi,<frozen-chemistry-source>,5
978,NJJ,resolved,CCC(CC)CN(C[C@H]([C@H](Cc1ccccc1)NC(=O)O[C@H]2CO[C@@H]3[C@H]2CCO3)O)S(=O)(=O)c4ccc(cc4)[C@@H](CO)O,CCC(CC)CN(C[C@@H](O)[C@H](Cc1ccccc1)NC(=O)O[C@H]1CO[C@H]2OCC[C@H]21)S(=O)(=O)c1ccc([C@H](O)CO)cc1,Components-smiles-stereo-oe.smi,<frozen-chemistry-source>,3
379,NJM,resolved,CC(C)CN(C[C@H]([C@H](Cc1ccccc1)NC(=O)O[C@H]2CO[C@@H]3[C@H]2CCO3)O)S(=O)(=O)c4ccc(cc4)CO,CC(C)CN(C[C@@H](O)[C@H](Cc1ccccc1)NC(=O)O[C@H]1CO[C@H]2OCC[C@H]21)S(=O)(=O)c1ccc(CO)cc1,Components-smiles-stereo-oe.smi,<frozen-chemistry-source>,5
2000,NJU,resolved,c1cc(cc(c1)Cl)CC(=O)Nc2cncc3c2CCCC3,O=C(Cc1cccc(Cl)c1)Nc1cncc2c1CCCC2,Components-smiles-stereo-oe.smi,<frozen-chemistry-source>,3
980,NJY,resolved,CC(C)CN(C[C@H]([C@H](Cc1cccc(c1)F)NC(=O)O[C@H]2[C@@H]3C[C@@H]4[C@H]2CO[C@@H]4OC3)O)S(=O)(=O)c5ccc6c(c5)oc(n6)NC(C)C,CC(C)CN(C[C@@H](O)[C@H](Cc1cccc(F)c1)NC(=O)O[C@H]1[C@H]2CO[C@H]3OC[C@@H]1[C@H]3C2)S(=O)(=O)c1ccc2nc(NC(C)C)oc2c1,Components-smiles-stereo-oe.smi,<frozen-chemistry-source>,3
902,NK7,resolved,c1cc(ccc1CN[C@H]2CNC[C@@H]2N(Cc3ccc(cc3)C(F)(F)F)S(=O)(=O)c4ccc(cc4)C(=O)N)C(F)(F)F,NC(=O)c1ccc(S(=O)(=O)N(Cc2ccc(C(F)(F)F)cc2)[C@H]2CNC[C@@H]2NCc2ccc(C(F)(F)F)cc2)cc1,Components-smiles-stereo-oe.smi,<frozen-chemistry-source>,3
904,NK8,resolved,c1cc(ccc1CN[C@H]2CNC[C@@H]2N(Cc3ccc(cc3)C(F)(F)F)S(=O)(=O)c4ccc(cc4)C(=O)N)C(=O)N,NC(=O)c1ccc(CN[C@H]2CNC[C@@H]2N(Cc2ccc(C(F)(F)F)cc2)S(=O)(=O)c2ccc(C(N)=O)cc2)cc1,Components-smiles-stereo-oe.smi,<frozen-chemistry-source>,3
903,NK9,resolved,c1cc(ccc1CN([C@H]2CNC[C@@H]2NCc3cc(cc(c3)O)O)S(=O)(=O)c4ccc(cc4)C(=O)N)C(F)(F)F,NC(=O)c1ccc(S(=O)(=O)N(Cc2ccc(C(F)(F)F)cc2)[C@H]2CNC[C@@H]2NCc2cc(O)cc(O)c2)cc1,Components-smiles-stereo-oe.smi,<frozen-chemistry-source>,3
979,NKA,resolved,CC(C)CN(C[C@H]([C@H](Cc1ccc(cc1)F)NC(=O)O[C@H]2[C@@H]3C[C@@H]4[C@H]2CO[C@@H]4OC3)O)S(=O)(=O)c5ccc6c(c5)oc(n6)NC(C)C,CC(C)CN(C[C@@H](O)[C@H](Cc1ccc(F)cc1)NC(=O)O[C@H]1[C@H]2CO[C@H]3OC[C@@H]1[C@H]3C2)S(=O)(=O)c1ccc2nc(NC(C)C)oc2c1,Components-smiles-stereo-oe.smi,<frozen-chemistry-source>,3
2001,NKU,resolved,CN(Cc1cccc(c1)Cl)C(=O)Cn2c3ccccc3nn2,CN(Cc1cccc(Cl)c1)C(=O)Cn1nnc2ccccc21,Components-smiles-stereo-oe.smi,<frozen-chemistry-source>,3
2002,NM0,resolved,c1ccn2c(c1)ncc2NC(=O)Cc3cccc(c3)Cl,O=C(Cc1cccc(Cl)c1)Nc1cnc2ccccn12,Components-smiles-stereo-oe.smi,<frozen-chemistry-source>,6
808,NM1,resolved,CNC(=O)c1cccc(c1)C[N@@]2[C@@H]([C@@H]([C@H]([C@H]([N@](S2(=O)=O)Cc3ccccc3)COc4ccccc4)O)O)COc5ccccc5,CNC(=O)c1cccc(CN2[C@H](COc3ccccc3)[C@H](O)[C@@H](O)[C@@H](COc3ccccc3)N(Cc3ccccc3)S2(=O)=O)c1,Components-smiles-stereo-oe.smi,<frozen-chemistry-source>,3
786,NMB,resolved,c1ccc(cc1)C[N@@]2[C@@H]([C@@H]([C@H]([C@H]([N@](S2(=O)=O)Cc3ccccc3)COc4ccccc4)O)O)COc5ccccc5,O=S1(=O)N(Cc2ccccc2)[C@H](COc2ccccc2)[C@H](O)[C@@H](O)[C@@H](COc2ccccc2)N1Cc1ccccc1,Components-smiles-stereo-oe.smi,<frozen-chemistry-source>,3
1350,NMI,resolved,Cn1cc(c2c1cccc2)CCC(=O)O,Cn1cc(CCC(=O)O)c2ccccc21,Components-smiles-stereo-oe.smi,<frozen-chemistry-source>,3
1124,NMM,resolved,[H]/N=C(/NC)\NCCC[C@@H](C(=O)O)N,[H]/N=C(/NC)NCCC[C@H](N)C(=O)O,Components-smiles-stereo-oe.smi,<frozen-chemistry-source>,1
1845,NNA,resolved,CCCC[C@@H]([C@H](C(=O)NC1CC1)O)NC(=O)[C@@H]2[C@@H]3[C@@H](C3(C)C)CN2C(=O)[C@H](C(C)(C)C)NC(=O)NC4(CCCCC4)CS(=O)(=O)C(C)(C)C,CCCC[C@H](NC(=O)[C@@H]1[C@@H]2[C@H](CN1C(=O)[C@@H](NC(=O)NC1(CS(=O)(=O)C(C)(C)C)CCCCC1)C(C)(C)C)C2(C)C)[C@@H](O)C(=O)NC1CC1,Components-smiles-stereo-oe.smi,<frozen-chemistry-source>,8
113,NNB,resolved,c1ccc2c(c1)C(=O)N(C2=O)CCOC(=S)Nc3ccc(cc3)Br,O=C1c2ccccc2C(=O)N1CCOC(=S)Nc1ccc(Br)cc1,Components-smiles-stereo-oe.smi,<frozen-chemistry-source>,3
112,NNC,resolved,c1ccc2c(c1)C(=O)N(C2=O)CCOC(=S)Nc3ccc(cc3)Cl,O=C1c2ccccc2C(=O)N1CCOC(=S)Nc1ccc(Cl)cc1,Components-smiles-stereo-oe.smi,<frozen-chemistry-source>,3
1090,NNH,resolved,[H]/N=C(/NCC[C@@H](C(=O)O)N)\NO,[H]/N=C(\NO)NCC[C@H](N)C(=O)O,Components-smiles-stereo-oe.smi,<frozen-chemistry-source>,1
114,NNI,resolved,c1ccc2c(c1)C(=O)N(C2=O)CCOC(=S)Nc3ccc(cc3)I,O=C1c2ccccc2C(=O)N1CCOC(=S)Nc1ccc(I)cc1,Components-smiles-stereo-oe.smi,<frozen-chemistry-source>,3
2003,NO0,resolved,C#Cc1cccc(c1)CC(=O)Nc2cncc3c2cccc3,C#Cc1cccc(CC(=O)Nc2cncc3ccccc23)c1,Components-smiles-stereo-oe.smi,<frozen-chemistry-source>,3
1371,NOA,resolved,c1ccc2c(c1)cccc2OCC(=O)O,O=C(O)COc1cccc2ccccc12,Components-smiles-stereo-oe.smi,<frozen-chemistry-source>,3
2004,NOI,resolved,Cn1cncc1NC(=O)Cc2cccc(c2)Cl,Cn1cncc1NC(=O)Cc1cccc(Cl)c1,Components-smiles-stereo-oe.smi,<frozen-chemistry-source>,3
1842,NOL,resolved,C[C@H]([C@@H](C(=O)N[C@@H](CC1CCCCC1)C(=O)N[C@@H](C[C@@H]2CCNC2=O)CO)NC(=O)OCc3ccccc3)OC(C)(C)C,C[C@@H](OC(C)(C)C)[C@H](NC(=O)OCc1ccccc1)C(=O)N[C@@H](CC1CCCCC1)C(=O)N[C@H](CO)C[C@@H]1CCNC1=O,Components-smiles-stereo-oe.smi,<frozen-chemistry-source>,5
2005,NQ3,resolved,Cc1ccncc1N2C=CN(C2=O)c3cccc(c3)Cl,Cc1ccncc1-n1ccn(-c2cccc(Cl)c2)c1=O,Components-smiles-stereo-oe.smi,<frozen-chemistry-source>,3
344,NQ4,resolved,C1C[C@H](O[C@H]1COP(=O)(O)OP(=O)(O)OP(=O)(O)O)N2C=CC(=NC2=O)N,Nc1ccn([C@@H]2CC[C@H](COP(=O)(O)OP(=O)(O)OP(=O)(O)O)O2)c(=O)n1,Components-smiles-stereo-oe.smi,<frozen-chemistry-source>,3
2006,NQO,resolved,Cc1ccnnc1NC(=O)Cc2cccc(c2)Cl,Cc1ccnnc1NC(=O)Cc1cccc(Cl)c1,Components-smiles-stereo-oe.smi,<frozen-chemistry-source>,3
2007,NRC,resolved,Cc1ccncc1NC(=O)[C@@H](c2cccc(c2)Cl)C(=O)OC,COC(=O)[C@@H](C(=O)Nc1cnccc1C)c1cccc(Cl)c1,Components-smiles-stereo-oe.smi,<frozen-chemistry-source>,3
2008,NRX,resolved,c1ccn2cnc(c2c1)NC(=O)Cc3cccc(c3)Cl,O=C(Cc1cccc(Cl)c1)Nc1ncn2ccccc12,Components-smiles-stereo-oe.smi,<frozen-chemistry-source>,3
2009,NSR,resolved,c1ccc2c(c1)cncc2NC(=O)[C@@H]3CCOc4c3cc(cc4)Cl,O=C(Nc1cncc2ccccc12)[C@@H]1CCOc2ccc(Cl)cc21,Components-smiles-stereo-oe.smi,<frozen-chemistry-source>,5
2308,NT9,resolved,CNCc1ccc(cc1)c2cccs2,CNCc1ccc(-c2cccs2)cc1,Components-smiles-stereo-oe.smi,<frozen-chemistry-source>,4
1250,NTG,resolved,c1cc(ncc1N2CCCOCC2)C#N,N#Cc1ccc(N2CCCOCC2)cn1,Components-smiles-stereo-oe.smi,<frozen-chemistry-source>,3
2010,NU0,resolved,c1cc(cc(c1)Cl)CC(=O)Nc2cncc3c2cncc3,O=C(Cc1cccc(Cl)c1)Nc1cncc2ccncc12,Components-smiles-stereo-oe.smi,<frozen-chemistry-source>,3
1179,NUA,resolved,CCn1cc(cn1)NC(=O)C2CCC2,CCn1cc(NC(=O)C2CCC2)cn1,Components-smiles-stereo-oe.smi,<frozen-chemistry-source>,3
2011,NUR,resolved,CN(c1cncc2c1cccc2)C(=O)Cc3cccc(c3)Cl,CN(C(=O)Cc1cccc(Cl)c1)c1cncc2ccccc12,Components-smiles-stereo-oe.smi,<frozen-chemistry-source>,3
2012,NV9,resolved,c1ccc(cc1)c2ccncc2NC(=O)Cc3cccc(c3)Cl,O=C(Cc1cccc(Cl)c1)Nc1cnccc1-c1ccccc1,Components-smiles-stereo-oe.smi,<frozen-chemistry-source>,3
1531,NVD,resolved,CN(C)c1ccc(cc1)CNn2cnnc2,CN(C)c1ccc(CNn2cnnc2)cc1,Components-smiles-stereo-oe.smi,<frozen-chemistry-source>,3
247,NVE,resolved,CCN1c2c(cccn2)N(C(=O)c3c1ncc(c3)CCc4ccc(cc4)OCP(=O)(OCC)OCC)C,CCOP(=O)(COc1ccc(CCc2cnc3c(c2)C(=O)N(C)c2cccnc2N3CC)cc1)OCC,Components-smiles-stereo-oe.smi,<frozen-chemistry-source>,3
2013,NVO,resolved,c1ccc2c(c1)cnnc2NC(=O)Cc3cccc(c3)Cl,O=C(Cc1cccc(Cl)c1)Nc1nncc2ccccc12,Components-smiles-stereo-oe.smi,<frozen-chemistry-source>,3
173,NVP,resolved,Cc1ccnc2c1NC(=O)c3cccnc3N2C4CC4,Cc1ccnc2c1NC(=O)c1cccnc1N2C1CC1,Components-smiles-stereo-oe.smi,<frozen-chemistry-source>,55
704,NVU,resolved,c1ccc2c(c1)c(no2)CC(=O)O,O=C(O)Cc1noc2ccccc12,Components-smiles-stereo-oe.smi,<frozen-chemistry-source>,8
2014,NW0,resolved,Cc1ccncc1NC(=O)CCc2cccc(c2)Cl,Cc1ccncc1NC(=O)CCc1cccc(Cl)c1,Components-smiles-stereo-oe.smi,<frozen-chemistry-source>,3
2015,NWI,resolved,c1cc(cc(c1)Cl)CC(=O)Nc2cncc3c2nccc3,O=C(Cc1cccc(Cl)c1)Nc1cncc2cccnc12,Components-smiles-stereo-oe.smi,<frozen-chemistry-source>,3
2614,NWX,resolved,c1cc(n2c1c(ncn2)N)[C@]3([C@@H]([C@@H]([C@H](O3)COP(=O)(O)OP(=O)(O)OP(=O)(O)O)O)O)C#N,N#C[C@@]1(c2ccc3c(N)ncnn23)O[C@H](COP(=O)(O)OP(=O)(O)OP(=O)(O)O)[C@@H](O)[C@H]1O,Components-smiles-stereo-oe.smi,<frozen-chemistry-source>,1
1189,NX7,resolved,c1cc(c(c(c1)F)C(=O)N2CCCC2)F,O=C(c1c(F)cccc1F)N1CCCC1,Components-smiles-stereo-oe.smi,<frozen-chemistry-source>,3
2016,NX9,resolved,c1cc(cc(c1)Cl)CC(=O)Nc2c[nH]nc2,O=C(Cc1cccc(Cl)c1)Nc1cn[nH]c1,Components-smiles-stereo-oe.smi,<frozen-chemistry-source>,3
1446,NXS,resolved,c1cnc(nc1)N2CCC(CC2)CO,OCC1CCN(c2ncccn2)CC1,Components-smiles-stereo-oe.smi,<frozen-chemistry-source>,3
1154,NY7,resolved,Cc1ccc(c(c1)NC(=O)CN)OC,COc1ccc(C)cc1NC(=O)CN,Components-smiles-stereo-oe.smi,<frozen-chemistry-source>,3
2017,NYR,resolved,Cc1c(c[nH]n1)CC(=O)Nc2cccc(c2)Cl,Cc1n[nH]cc1CC(=O)Nc1cccc(Cl)c1,Components-smiles-stereo-oe.smi,<frozen-chemistry-source>,3
1159,NYV,resolved,CC(C)n1cc(nc1)S(=O)(=O)N,CC(C)n1cnc(S(N)(=O)=O)c1,Components-smiles-stereo-oe.smi,<frozen-chemistry-source>,3
1463,NZ1,resolved,COc1ccc2c(c1)nc(s2)N,COc1ccc2sc(N)nc2c1,Components-smiles-stereo-oe.smi,<frozen-chemistry-source>,3
1284,NZD,resolved,CN1CCN(CC1)C(=O)Nc2ccccc2,CN1CCN(C(=O)Nc2ccccc2)CC1,Components-smiles-stereo-oe.smi,<frozen-chemistry-source>,5
1162,NZG,resolved,CC(=O)Nc1cc(ccc1F)C(=O)O,CC(=O)Nc1cc(C(=O)O)ccc1F,Components-smiles-stereo-oe.smi,<frozen-chemistry-source>,3
1543,NZJ,resolved,Cc1cccc(c1)C(=O)N2CCC(CC2)C(=O)N,Cc1cccc(C(=O)N2CCC(C(N)=O)CC2)c1,Components-smiles-stereo-oe.smi,<frozen-chemistry-source>,3
2018,NZK,resolved,CC(=O)N1CCN(CC1)CC(=O)Nc2cncc3c2cccc3,CC(=O)N1CCN(CC(=O)Nc2cncc3ccccc23)CC1,Components-smiles-stereo-oe.smi,<frozen-chemistry-source>,3
679,NZL,resolved,c1ccc2c(c1)C[C@@H]([C@H]2Cc3ccc4c(c3C(=O)O)OCO4)NC(=O)CCCCCN,NCCCCCC(=O)N[C@H]1Cc2ccccc2[C@@H]1Cc1ccc2c(c1C(=O)O)OCO2,Components-smiles-stereo-oe.smi,<frozen-chemistry-source>,7
588,O0B,resolved,C[C@@H](CC(F)(F)F)[C@@H](C(=O)O)N,C[C@@H](CC(F)(F)F)[C@H](N)C(=O)O,Components-smiles-stereo-oe.smi,<frozen-chemistry-source>,1
2019,O0C,resolved,c1cc(cc(c1)Cl)CC(=O)Nc2cncc3c2ccnc3,O=C(Cc1cccc(Cl)c1)Nc1cncc2cnccc12,Components-smiles-stereo-oe.smi,<frozen-chemistry-source>,3
2020,O0R,resolved,c1cc(cc(c1)Cl)CC(=O)Nc2cnccc2C3CC3,O=C(Cc1cccc(Cl)c1)Nc1cnccc1C1CC1,Components-smiles-stereo-oe.smi,<frozen-chemistry-source>,3
1216,O0S,resolved,CC(=O)Nc1ccc(cc1)Oc2ncccn2,CC(=O)Nc1ccc(Oc2ncccn2)cc1,Components-smiles-stereo-oe.smi,<frozen-chemistry-source>,5
2021,O0X,resolved,c1cc(cc(c1)Cl)CC(=O)Nc2cncc3c2cccn3,O=C(Cc1cccc(Cl)c1)Nc1cncc2ncccc12,Components-smiles-stereo-oe.smi,<frozen-chemistry-source>,5
2022,O1I,resolved,Cc1ccncc1NC(=O)[C@H](CO)c2cccc(c2)Cl,Cc1ccncc1NC(=O)[C@H](CO)c1cccc(Cl)c1,Components-smiles-stereo-oe.smi,<frozen-chemistry-source>,3
2023,O1X,resolved,Cc1ccncc1NC(=O)[C@H](C)OC(F)F,Cc1ccncc1NC(=O)[C@H](C)OC(F)F,Components-smiles-stereo-oe.smi,<frozen-chemistry-source>,3
748,O20,resolved,Cc1cccc(c1CN2CCc3cc(ccc3C2)c4cnc(c(c4N5CCC(CC5)(C)C)[C@@H](C(=O)O)OC(C)(C)C)C)Cl,Cc1cccc(Cl)c1CN1CCc2cc(-c3cnc(C)c([C@H](OC(C)(C)C)C(=O)O)c3N3CCC(C)(C)CC3)ccc2C1,Components-smiles-stereo-oe.smi,<frozen-chemistry-source>,3
1194,O2A,resolved,CNC(=O)c1cccc2c1[nH]cc2,CNC(=O)c1cccc2cc[nH]c12,Components-smiles-stereo-oe.smi,<frozen-chemistry-source>,5
1530,O2M,resolved,Cc1csc(n1)CNC(=O)c2ccn[nH]2,Cc1csc(CNC(=O)c2ccn[nH]2)n1,Components-smiles-stereo-oe.smi,<frozen-chemistry-source>,3
2024,O2R,resolved,CCCCOc1ccc(cc1CC(=O)Nc2cnccc2C)Cl,CCCCOc1ccc(Cl)cc1CC(=O)Nc1cnccc1C,Components-smiles-stereo-oe.smi,<frozen-chemistry-source>,3
102,O33,resolved,CC1([C@H](N(CS1)C(=O)[C@H]([C@H](Cc2ccccc2)NC(=O)[C@H](CSC)NC(=O)COc3cccc4c3ccnc4)O)C(=O)N[C@H]5c6ccccc6C[C@H]5O)C,CSC[C@H](NC(=O)COc1cccc2cnccc12)C(=O)N[C@@H](Cc1ccccc1)[C@H](O)C(=O)N1CSC(C)(C)[C@H]1C(=O)N[C@H]1c2ccccc2C[C@H]1O,Components-smiles-stereo-oe.smi,<frozen-chemistry-source>,3
1520,O3G,resolved,c1ccc(cc1)CNCc2ccc(cc2)F,Fc1ccc(CNCc2ccccc2)cc1,Components-smiles-stereo-oe.smi,<frozen-chemistry-source>,4
2025,O3I,resolved,Cc1ccc(c(c1F)F)c2cc(cc(c2)Cl)CC(=O)Nc3cnccc3C,Cc1ccncc1NC(=O)Cc1cc(Cl)cc(-c2ccc(C)c(F)c2F)c1,Components-smiles-stereo-oe.smi,<frozen-chemistry-source>,3
654,O3N,resolved,C=CCN(Cc1ccccc1C(=O)NCC2CCCCC2)Cc3ccc4c(c3C(=O)O)OC[C@@H](O4)CCC(=O)O,C=CCN(Cc1ccccc1C(=O)NCC1CCCCC1)Cc1ccc2c(c1C(=O)O)OC[C@H](CCC(=O)O)O2,Components-smiles-stereo-oe.smi,<frozen-chemistry-source>,7
1576,O3R,resolved,CN(Cc1ccc(c(c1)Cl)Cl)c2ccc(cn2)S(=O)(=O)N,CN(Cc1ccc(Cl)c(Cl)c1)c1ccc(S(N)(=O)=O)cn1,Components-smiles-stereo-oe.smi,<frozen-chemistry-source>,3
1081,O3U,resolved,CC(=O)NC1=NC(=C(C2(C1C#N)CCCCC2)C#N)SC,CSC1=C(C#N)C2(CCCCC2)C(C#N)C(NC(C)=O)=N1,Components-smiles-stereo-oe.smi,<frozen-chemistry-source>,3
1577,O46,resolved,c1cc(cc(c1)O)CC(=O)NC2(CCOCC2)c3cccc(c3)F,O=C(Cc1cccc(O)c1)NC1(c2cccc(F)c2)CCOCC1,Components-smiles-stereo-oe.smi,<frozen-chemistry-source>,3
1578,O4F,resolved,Cc1cnccc1N2CCC(CC2)C(=O)NC3(CC3)C#N,Cc1cnccc1N1CCC(C(=O)NC2(C#N)CC2)CC1,Components-smiles-stereo-oe.smi,<frozen-chemistry-source>,3
1082,O4L,resolved,Cc1cc(c(n1NC(=O)C2=NNC(=O)c3c2cccc3)C)C(=O)C,CC(=O)c1cc(C)n(NC(=O)c2n[nH]c(=O)c3ccccc23)c1C,Components-smiles-stereo-oe.smi,<frozen-chemistry-source>,3
579,O51,resolved,c1cc(c(cc1NC(=O)[C@H]2CCCN(C2)C(=O)NCCN)F)Cl,NCCNC(=O)N1CCC[C@H](C(=O)Nc2ccc(Cl)c(F)c2)C1,Components-smiles-stereo-oe.smi,<frozen-chemistry-source>,5
1083,O5C,resolved,Cc1c(c2ccccn2c1C(=O)c3ccc(cc3)F)C(=O)C,CC(=O)c1c(C)c(C(=O)c2ccc(F)cc2)n2ccccc12,Components-smiles-stereo-oe.smi,<frozen-chemistry-source>,3
2619,O5F,resolved,C[C@@H](c1ccc2ccccc2c1)NC(=O)c3cccc4c3n(c(n4)c5cncc6c5cccc6)CCCC(=O)NC,CNC(=O)CCCn1c(-c2cncc3ccccc23)nc2cccc(C(=O)N[C@@H](C)c3ccc4ccccc4c3)c21,Components-smiles-stereo-oe.smi,<frozen-chemistry-source>,1
2620,O5O,resolved,CCC[C@@H](c1ccc(cc1)C(F)(F)F)NC(=O)c2cccc3c2n(c(n3)c4cncc5c4cccc5)C6CC(C6)C(=O)NC,CCC[C@H](NC(=O)c1cccc2nc(-c3cncc4ccccc34)n(C3CC(C(=O)NC)C3)c12)c1ccc(C(F)(F)F)cc1,Components-smiles-stereo-oe.smi,<frozen-chemistry-source>,1
665,O5U,resolved,c1ccc2c(c1)C[C@@H]([C@@H]2Cc3ccc4c(c3C(=O)O)OC[C@H](O4)CCC(=O)O)NC(=O)CCCCCN,NCCCCCC(=O)N[C@H]1Cc2ccccc2[C@H]1Cc1ccc2c(c1C(=O)O)OC[C@@H](CCC(=O)O)O2,Components-smiles-stereo-oe.smi,<frozen-chemistry-source>,4
2621,O69,resolved,C[C@@H](c1ccc2ccccc2c1)NC(=O)c3cccc4c3n(c(n4)c5cncc6c5cccc6)C7CC(C7)C(=O)NC,CNC(=O)C1CC(n2c(-c3cncc4ccccc34)nc3cccc(C(=O)N[C@@H](C)c4ccc5ccccc5c4)c32)C1,Components-smiles-stereo-oe.smi,<frozen-chemistry-source>,1
1791,O6K,resolved,CC(C)(C)OC(=O)NC1=CC=CN(C1=O)[C@@H](CC2CC2)C(=O)N[C@@H](C[C@@H]3CCNC3=O)[C@H](C(=O)NCc4ccccc4)O,CC(C)(C)OC(=O)Nc1cccn([C@@H](CC2CC2)C(=O)N[C@@H](C[C@@H]2CCNC2=O)[C@@H](O)C(=O)NCc2ccccc2)c1=O,Components-smiles-stereo-oe.smi,<frozen-chemistry-source>,6
2027,O87,resolved,c1ccc2c(c1)C(=CC(=O)N2)C(=O)N3CCN(CC3)c4cccc(c4)C(F)(F)F,O=C(c1cc(=O)[nH]c2ccccc12)N1CCN(c2cccc(C(F)(F)F)c2)CC1,Components-smiles-stereo-oe.smi,<frozen-chemistry-source>,3
2028,O8L,resolved,Cc1ccncc1NC(=O)[C@@H](C)c2cc(cc(c2)Cl)O[C@@H]3CC(=O)N3,Cc1ccncc1NC(=O)[C@@H](C)c1cc(Cl)cc(O[C@@H]2CC(=O)N2)c1,Components-smiles-stereo-oe.smi,<frozen-chemistry-source>,3
2029,O9O,resolved,COc1cccc(n1)Oc2cc(cc(c2)Cl)NC(=O)Cc3cncc4c3cccc4,COc1cccc(Oc2cc(Cl)cc(NC(=O)Cc3cncc4ccccc34)c2)n1,Components-smiles-stereo-oe.smi,<frozen-chemistry-source>,3
2030,O9X,resolved,Cc1ccncc1NC(=O)[C@@H](C)OC(F)F,Cc1ccncc1NC(=O)[C@@H](C)OC(F)F,Components-smiles-stereo-oe.smi,<frozen-chemistry-source>,3
2031,OAO,resolved,Cc1ccncc1NC(=O)Cc2cc(cc(c2)Cl)OCc3nc(no3)C,Cc1noc(COc2cc(Cl)cc(CC(=O)Nc3cnccc3C)c2)n1,Components-smiles-stereo-oe.smi,<frozen-chemistry-source>,3
1857,OAR,resolved,[H]/N=C(/N)\NCCC[C@@H](CO)N,[H]/N=C(/N)NCCC[C@H](N)CO,Components-smiles-stereo-oe.smi,<frozen-chemistry-source>,4
587,OBF,resolved,C([C@@H](C(=O)O)N)C(F)F,N[C@@H](CC(F)F)C(=O)O,Components-smiles-stereo-oe.smi,<frozen-chemistry-source>,1
2032,OBO,resolved,c1cc(cc(c1)Cl)CC(=O)Nc2cncc3c2[nH]cn3,O=C(Cc1cccc(Cl)c1)Nc1cncc2nc[nH]c12,Components-smiles-stereo-oe.smi,<frozen-chemistry-source>,3
2638,OCA,resolved,CCCCCCCC(=O)O,CCCCCCCC(=O)O,Components-smiles-stereo-oe.smi,<frozen-chemistry-source>,1
2033,OCI,resolved,Cc1ccncc1NC(=O)Cc2cc(cc(c2)Cl)NS(=O)(=O)N,Cc1ccncc1NC(=O)Cc1cc(Cl)cc(NS(N)(=O)=O)c1,Components-smiles-stereo-oe.smi,<frozen-chemistry-source>,3
740,OCS,resolved,C([C@@H](C(=O)O)N)S(=O)(=O)O,N[C@@H](CS(=O)(=O)O)C(=O)O,Components-smiles-stereo-oe.smi,<frozen-chemistry-source>,1
1092,OCT,resolved,CCCCCCCC,CCCCCCCC,Components-smiles-stereo-oe.smi,<frozen-chemistry-source>,1
2034,OD7,resolved,COc1ccc2c(c1)n(nn2)CC(=O)N(Cc3ccccn3)c4ccc(cc4)C5CCNCC5,COc1ccc2nnn(CC(=O)N(Cc3ccccn3)c3ccc(C4CCNCC4)cc3)c2c1,Components-smiles-stereo-oe.smi,<frozen-chemistry-source>,3
2508,ODN,resolved,C[C@@H]1[C@@H]2CC[C@H]3[C@@]45CO[C@@]([C@]3([C@@H]2O)C1=O)([C@H]([C@@H]4C(CC[C@@H]5O)(C)C)O)O,C[C@H]1C(=O)[C@]23[C@H](O)[C@H]1CC[C@H]2[C@@]12CO[C@]3(O)[C@@H](O)[C@@H]1C(C)(C)CC[C@@H]2O,Components-smiles-stereo-oe.smi,<frozen-chemistry-source>,1
2035,ODX,resolved,Cc1ccncc1NC(=O)Cc2cc(cc(c2)Cl)N[C@H]3CCC[C@@H]3O,Cc1ccncc1NC(=O)Cc1cc(Cl)cc(N[C@H]2CCC[C@@H]2O)c1,Components-smiles-stereo-oe.smi,<frozen-chemistry-source>,3
2036,OE6,resolved,c1ccc2c(c1)nnn2NC(=O)Cc3cccc(c3)Cl,O=C(Cc1cccc(Cl)c1)Nn1nnc2ccccc21,Components-smiles-stereo-oe.smi,<frozen-chemistry-source>,5
2646,OEI,resolved,c1ccc(cc1)CNCCO,OCCNCc1ccccc1,Components-smiles-stereo-oe.smi,<frozen-chemistry-source>,1
2037,OEO,resolved,CN(C)c1ccc(cc1)N(Cc2ccsc2)C(=O)Cc3cncc4c3cccc4,CN(C)c1ccc(N(Cc2ccsc2)C(=O)Cc2cncc3ccccc23)cc1,Components-smiles-stereo-oe.smi,<frozen-chemistry-source>,3
2663,OF6,resolved,CNCc1csc(n1)c2cccc(c2)Cl,CNCc1csc(-c2cccc(Cl)c2)n1,Components-smiles-stereo-oe.smi,<frozen-chemistry-source>,1
2740,OF9,resolved,c1ccc(cc1)C[C@H]([C@@H](C(=O)NCc2ccccn2)O)NC(=O)[C@H]3CC(CN3C(=O)C4CCC(CC4)(F)F)(F)F,O=C(NCc1ccccn1)[C@@H](O)[C@@H](Cc1ccccc1)NC(=O)[C@H]1CC(F)(F)CN1C(=O)C1CCC(F)(F)CC1,Components-smiles-stereo-oe.smi,<frozen-chemistry-source>,1
2038,OFX,resolved,CN(C)c1ccc(cc1)N(Cc2ccn[nH]2)C(=O)Cn3c4ccccc4nn3,CN(C)c1ccc(N(Cc2ccn[nH]2)C(=O)Cn2nnc3ccccc32)cc1,Components-smiles-stereo-oe.smi,<frozen-chemistry-source>,3
2662,OG3,resolved,C[C@H](c1ccc(cc1)Cl)N,C[C@@H](N)c1ccc(Cl)cc1,Components-smiles-stereo-oe.smi,<frozen-chemistry-source>,1
2039,OGF,resolved,CNC(=O)Nc1ccc(cc1)N(Cc2ccsc2)C(=O)Cn3c4ccccc4nn3,CNC(=O)Nc1ccc(N(Cc2ccsc2)C(=O)Cn2nnc3ccccc32)cc1,Components-smiles-stereo-oe.smi,<frozen-chemistry-source>,3
2052,OGO,resolved,COc1ccccc1OC2CN(C2)C(=O)C3=CC(=O)Nc4c3cccc4,COc1ccccc1OC1CN(C(=O)c2cc(=O)[nH]c3ccccc23)C1,Components-smiles-stereo-oe.smi,<frozen-chemistry-source>,3
2051,OGV,resolved,c1ccn2c(c1)nnc2NC(=O)Cc3cccc(c3)Cl,O=C(Cc1cccc(Cl)c1)Nc1nnc2ccccn12,Components-smiles-stereo-oe.smi,<frozen-chemistry-source>,3
2652,OH9,resolved,COP(=O)(O)OP(=O)(O)OC[C@@H]1[C@H]([C@H]([C@@H](O1)n2cnc3c2ncnc3N)O)O,COP(=O)(O)OP(=O)(O)OC[C@H]1O[C@@H](n2cnc3c(N)ncnc32)[C@H](O)[C@@H]1O,Components-smiles-stereo-oe.smi,<frozen-chemistry-source>,1
1318,OHB,resolved,c1ccc(c(c1)C(=O)N)O,NC(=O)c1ccccc1O,Components-smiles-stereo-oe.smi,<frozen-chemistry-source>,3
2040,OHC,resolved,Cc1ccncc1NC(=O)Cc2cc(cc(c2)Cl)CNC(=O)C,CC(=O)NCc1cc(Cl)cc(CC(=O)Nc2cnccc2C)c1,Components-smiles-stereo-oe.smi,<frozen-chemistry-source>,3
1352,OHP,resolved,c1ccc(c(c1)CC(=O)O)O,O=C(O)Cc1ccccc1O,Components-smiles-stereo-oe.smi,<frozen-chemistry-source>,3
2647,OHR,resolved,c1nc(c2c(n1)n(cn2)[C@H]3C[C@@H]([C@H](O3)COP(=O)(O)OP(=O)(O)OC[C@@H]4[C@H]([C@H]([C@H](O4)O)O)O)O)N,Nc1ncnc2c1ncn2[C@H]1C[C@H](O)[C@@H](COP(=O)(O)OP(=O)(O)OC[C@H]2O[C@H](O)[C@H](O)[C@@H]2O)O1,Components-smiles-stereo-oe.smi,<frozen-chemistry-source>,1
2648,OI3,resolved,c1nc(c2c(n1)n(cn2)[C@H]3[C@@H]([C@@H]([C@H](O3)COP(=O)(O)OP(=O)(O)OC[C@@H]4[C@H]([C@H]([C@@H](O4)O)O)O)O)F)N,Nc1ncnc2c1ncn2[C@@H]1O[C@H](COP(=O)(O)OP(=O)(O)OC[C@H]2O[C@@H](O)[C@H](O)[C@@H]2O)[C@@H](O)[C@H]1F,Components-smiles-stereo-oe.smi,<frozen-chemistry-source>,1
2041,OI4,resolved,Cc1ccncc1NC(=O)[C@@H]2CCOc3c2cc(cc3)Cl,Cc1ccncc1NC(=O)[C@@H]1CCOc2ccc(Cl)cc21,Components-smiles-stereo-oe.smi,<frozen-chemistry-source>,6
2649,OI6,resolved,c1nc(c2c(n1)n(c(n2)Br)[C@H]3[C@@H]([C@@H]([C@H](O3)COP(=O)(O)OP(=O)(O)OC[C@@H]4[C@H]([C@H]([C@@H](O4)O)O)O)O)O)N,Nc1ncnc2c1nc(Br)n2[C@@H]1O[C@H](COP(=O)(O)OP(=O)(O)OC[C@H]2O[C@@H](O)[C@H](O)[C@@H]2O)[C@@H](O)[C@H]1O,Components-smiles-stereo-oe.smi,<frozen-chemistry-source>,1
2042,OIE,resolved,c1ccc2c(c1)cncc2NC(=O)Cc3cc(ccn3)Cl,O=C(Cc1cc(Cl)ccn1)Nc1cncc2ccccc12,Components-smiles-stereo-oe.smi,<frozen-chemistry-source>,3
2651,OIG,resolved,CCOP(=O)(O)OP(=O)(O)OC[C@@H]1[C@H]([C@H]([C@@H](O1)n2cnc3c2ncnc3N)O)O,CCOP(=O)(O)OP(=O)(O)OC[C@H]1O[C@@H](n2cnc3c(N)ncnc32)[C@H](O)[C@@H]1O,Components-smiles-stereo-oe.smi,<frozen-chemistry-source>,1
2043,OIK,resolved,c1ccc(cc1)N2CCN(CC2)C(=O)c3cncc4c3cccc4,O=C(c1cncc2ccccc12)N1CCN(c2ccccc2)CC1,Components-smiles-stereo-oe.smi,<frozen-chemistry-source>,3
845,OIS,resolved,Cc1nc(cs1)CN2CCN(C2=O)[C@@H](C(C)C)C(=O)N[C@@H](Cc3ccccc3)[C@@H](C[N@](CC(C)C)S(=O)(=O)c4ccc(cc4)\C=N\O)O,Cc1nc(CN2CCN([C@H](C(=O)N[C@@H](Cc3ccccc3)[C@H](O)CN(CC(C)C)S(=O)(=O)c3ccc(/C=N/O)cc3)C(C)C)C2=O)cs1,Components-smiles-stereo-oe.smi,<frozen-chemistry-source>,3
2044,OIX,resolved,COc1ccccc1OCCNC(=O)c2cncc3c2cccc3,COc1ccccc1OCCNC(=O)c1cncc2ccccc12,Components-smiles-stereo-oe.smi,<frozen-chemistry-source>,3
2045,OJ9,resolved,c1ccc2c(c1)cncc2NC(=O)Cc3cc(cc4c3occ4)Cl,O=C(Cc1cc(Cl)cc2ccoc12)Nc1cncc2ccccc12,Components-smiles-stereo-oe.smi,<frozen-chemistry-source>,3
2046,OJO,resolved,CC(=O)N1CCN(CC1)Cc2cc(cc(c2)Cl)O,CC(=O)N1CCN(Cc2cc(O)cc(Cl)c2)CC1,Components-smiles-stereo-oe.smi,<frozen-chemistry-source>,3
2047,OK9,resolved,c1cc(sc1)C(=O)N/C(=C\c2ccc(s2)N3CCOCC3)/C=O,O=C/C(=C/c1ccc(N2CCOCC2)s1)NC(=O)c1cccs1,Components-smiles-stereo-oe.smi,<frozen-chemistry-source>,3
2048,OKW,resolved,c1cc(cc(c1)Cl)CC(=O)Nc2cncc3c2CCC3,O=C(Cc1cccc(Cl)c1)Nc1cncc2c1CCC2,Components-smiles-stereo-oe.smi,<frozen-chemistry-source>,3
2049,OLX,resolved,CCc1ccc2c(c1)[C@H](C(=O)N2CC(=O)O)O,CCc1ccc2c(c1)[C@@H](O)C(=O)N2CC(=O)O,Components-smiles-stereo-oe.smi,<frozen-chemistry-source>,3
703,OM1,resolved,COc1ccc(cc1)CNC(=O)c2ccccc2C[NH2+]Cc3ccc4c(c3C(=O)O)OCO4,COc1ccc(CNC(=O)c2ccccc2C[NH2+]Cc2ccc3c(c2C(=O)O)OCO3)cc1,Components-smiles-stereo-oe.smi,<frozen-chemistry-source>,4
672,OM3,resolved,C[NH+](Cc1ccccc1C(=O)NCC2CCCCC2)Cc3ccc4c(c3C(=O)O)OCO4,C[NH+](Cc1ccccc1C(=O)NCC1CCCCC1)Cc1ccc2c(c1C(=O)O)OCO2,Components-smiles-stereo-oe.smi,<frozen-chemistry-source>,4
1110,OMG,resolved,CO[C@@H]1[C@@H]([C@H](O[C@H]1n2cnc3c2N=C(NC3=O)N)COP(=O)(O)O)O,CO[C@@H]1[C@H](O)[C@@H](COP(=O)(O)O)O[C@H]1n1cnc2c(=O)[nH]c(N)nc21,Components-smiles-stereo-oe.smi,<frozen-chemistry-source>,1
1109,OMU,resolved,CO[C@@H]1[C@@H]([C@H](O[C@H]1N2C=CC(=O)NC2=O)COP(=O)(O)O)O,CO[C@@H]1[C@H](O)[C@@H](COP(=O)(O)O)O[C@H]1n1ccc(=O)[nH]c1=O,Components-smiles-stereo-oe.smi,<frozen-chemistry-source>,1
778,ON1,resolved,c1cc(c(cc1Cc2nc(c(c(n2)O)O)C(=O)O)Cl)Cl,O=C(O)c1nc(Cc2ccc(Cl)c(Cl)c2)nc(O)c1O,Components-smiles-stereo-oe.smi,<frozen-chemistry-source>,3
2050,ONU,resolved,COc1ccccc1NC2CN(C2)C(=O)C3=CC(=O)Nc4c3cccc4,COc1ccccc1NC1CN(C(=O)c2cc(=O)[nH]c3ccccc23)C1,Components-smiles-stereo-oe.smi,<frozen-chemistry-source>,4
680,ONZ,resolved,c1cc(c2c(c1)OCO2)C(=O)NCC(=O)O,O=C(O)CNC(=O)c1cccc2c1OCO2,Components-smiles-stereo-oe.smi,<frozen-chemistry-source>,4
987,OO4,resolved,COC(=O)N[C@@H](C1CC1)C(=O)N[C@@H](Cc2ccccc2)[C@H](C[C@H](Cc3ccccc3)NC(=O)O[C@H]4CO[C@@H]5[C@H]4CCO5)O,COC(=O)N[C@H](C(=O)N[C@@H](Cc1ccccc1)[C@@H](O)C[C@H](Cc1ccccc1)NC(=O)O[C@H]1CO[C@H]2OCC[C@H]21)C1CC1,Components-smiles-stereo-oe.smi,<frozen-chemistry-source>,3
2053,OO6,resolved,C[C@@H]1COc2ccc(cc2[C@@H]1C(=O)Nc3cncc4c3cccc4)Cl,C[C@@H]1COc2ccc(Cl)cc2[C@@H]1C(=O)Nc1cncc2ccccc12,Components-smiles-stereo-oe.smi,<frozen-chemistry-source>,3
2054,OOL,resolved,[H]/N=C/c1nc(cc(n1)OC)OC,[H]/N=C/c1nc(OC)cc(OC)n1,Components-smiles-stereo-oe.smi,<frozen-chemistry-source>,3
984,OP7,resolved,COC(=O)N[C@@H](C1CCCC1)C(=O)N[C@@H](Cc2ccccc2)[C@H](C[C@H](Cc3ccccc3)NC(=O)O[C@H]4CO[C@@H]5[C@H]4CCO5)O,COC(=O)N[C@H](C(=O)N[C@@H](Cc1ccccc1)[C@@H](O)C[C@H](Cc1ccccc1)NC(=O)O[C@H]1CO[C@H]2OCC[C@H]21)C1CCCC1,Components-smiles-stereo-oe.smi,<frozen-chemistry-source>,3
983,OPJ,resolved,COC(=O)NC1(CCCC1)C(=O)N[C@@H](Cc2ccccc2)[C@H](C[C@H](Cc3ccccc3)NC(=O)O[C@H]4CO[C@@H]5[C@H]4CCO5)O,COC(=O)NC1(C(=O)N[C@@H](Cc2ccccc2)[C@@H](O)C[C@H](Cc2ccccc2)NC(=O)O[C@H]2CO[C@H]3OCC[C@H]32)CCCC1,Components-smiles-stereo-oe.smi,<frozen-chemistry-source>,3
2055,OPU,resolved,Cc1ccn2cnnc2c1NC(=O)[C@@H]3CCOc4c3cc(cc4)Cl,Cc1ccn2cnnc2c1NC(=O)[C@@H]1CCOc2ccc(Cl)cc21,Components-smiles-stereo-oe.smi,<frozen-chemistry-source>,3
992,OQ7,resolved,COC(=O)N[C@@H](C1CCCC1)C(=O)N[C@@H](Cc2ccccc2)C[C@@H]([C@H](Cc3ccccc3)NC(=O)O[C@H]4CO[C@@H]5[C@H]4CCO5)O,COC(=O)N[C@H](C(=O)N[C@@H](Cc1ccccc1)C[C@H](O)[C@H](Cc1ccccc1)NC(=O)O[C@H]1CO[C@H]2OCC[C@H]21)C1CCCC1,Components-smiles-stereo-oe.smi,<frozen-chemistry-source>,3
989,OQA,resolved,CC[C@@H](C)[C@@H](C(=O)N[C@@H](Cc1ccccc1)[C@H](C[C@H](Cc2ccccc2)NC(=O)O[C@H]3CO[C@@H]4[C@H]3CCO4)O)NC(=O)OC,CC[C@@H](C)[C@H](NC(=O)OC)C(=O)N[C@@H](Cc1ccccc1)[C@@H](O)C[C@H](Cc1ccccc1)NC(=O)O[C@H]1CO[C@H]2OCC[C@H]21,Components-smiles-stereo-oe.smi,<frozen-chemistry-source>,3
988,OQD,resolved,CC[C@H](C)[C@@H](C(=O)N[C@@H](Cc1ccccc1)[C@H](C[C@H](Cc2ccccc2)NC(=O)O[C@H]3CO[C@@H]4[C@H]3CCO4)O)NC(=O)OC,CC[C@H](C)[C@H](NC(=O)OC)C(=O)N[C@@H](Cc1ccccc1)[C@@H](O)C[C@H](Cc1ccccc1)NC(=O)O[C@H]1CO[C@H]2OCC[C@H]21,Components-smiles-stereo-oe.smi,<frozen-chemistry-source>,3
2056,OQF,resolved,CN(C)c1ccc(cc1)N(Cc2cscn2)C(=O)Cn3c4ccccc4nn3,CN(C)c1ccc(N(Cc2cscn2)C(=O)Cn2nnc3ccccc32)cc1,Components-smiles-stereo-oe.smi,<frozen-chemistry-source>,3
986,OQG,resolved,CC(C)[C@@H](C(=O)N[C@@H](Cc1ccccc1)[C@H](C[C@H](Cc2ccccc2)NC(=O)O[C@H]3CO[C@@H]4[C@H]3CCO4)O)NC(=O)OC,COC(=O)N[C@H](C(=O)N[C@@H](Cc1ccccc1)[C@@H](O)C[C@H](Cc1ccccc1)NC(=O)O[C@H]1CO[C@H]2OCC[C@H]21)C(C)C,Components-smiles-stereo-oe.smi,<frozen-chemistry-source>,3
2057,OQL,resolved,c1ccc2c(c1)cncc2NC(=O)[C@@H]3CCNc4c3cc(cc4)Cl,O=C(Nc1cncc2ccccc12)[C@@H]1CCNc2ccc(Cl)cc21,Components-smiles-stereo-oe.smi,<frozen-chemistry-source>,8
991,OQP,resolved,COC(=O)NC1(CCCC1)C(=O)N[C@@H](Cc2ccccc2)C[C@@H]([C@H](Cc3ccccc3)NC(=O)O[C@H]4CO[C@@H]5[C@H]4CCO5)O,COC(=O)NC1(C(=O)N[C@@H](Cc2ccccc2)C[C@H](O)[C@H](Cc2ccccc2)NC(=O)O[C@H]2CO[C@H]3OCC[C@H]32)CCCC1,Components-smiles-stereo-oe.smi,<frozen-chemistry-source>,3
990,OQV,resolved,CC(C)(C)[C@@H](C(=O)N[C@@H](Cc1ccccc1)C[C@@H]([C@H](Cc2ccccc2)NC(=O)O[C@H]3CO[C@@H]4[C@H]3CCO4)O)NC(=O)OC,COC(=O)N[C@H](C(=O)N[C@@H](Cc1ccccc1)C[C@H](O)[C@H](Cc1ccccc1)NC(=O)O[C@H]1CO[C@H]2OCC[C@H]21)C(C)(C)C,Components-smiles-stereo-oe.smi,<frozen-chemistry-source>,3
2058,OQX,resolved,COc1ccc(cc1)N(Cc2cccc(c2)Cl)C(=O)Cn3c4ccccc4nn3,COc1ccc(N(Cc2cccc(Cl)c2)C(=O)Cn2nnc3ccccc32)cc1,Components-smiles-stereo-oe.smi,<frozen-chemistry-source>,3
982,OQY,resolved,CC(C)(C)[C@@H](C(=O)N[C@@H](Cc1ccccc1)[C@H](C[C@H](Cc2ccccc2)NC(=O)O[C@H]3CO[C@@H]4[C@H]3CCO4)O)NC(=O)OC,COC(=O)N[C@H](C(=O)N[C@@H](Cc1ccccc1)[C@@H](O)C[C@H](Cc1ccccc1)NC(=O)O[C@H]1CO[C@H]2OCC[C@H]21)C(C)(C)C,Components-smiles-stereo-oe.smi,<frozen-chemistry-source>,3
981,OR1,resolved,Cc1cccc(c1OCC(=O)N[C@@H](Cc2ccccc2)[C@H](C[C@H](Cc3ccccc3)NC(=O)O[C@H]4CO[C@@H]5[C@H]4CCO5)O)C,Cc1cccc(C)c1OCC(=O)N[C@@H](Cc1ccccc1)[C@@H](O)C[C@H](Cc1ccccc1)NC(=O)O[C@H]1CO[C@H]2OCC[C@H]21,Components-smiles-stereo-oe.smi,<frozen-chemistry-source>,4
499,ORQ,resolved,CC(=O)NCCC[C@@H](C(=O)O)N,CC(=O)NCCC[C@H](N)C(=O)O,Components-smiles-stereo-oe.smi,<frozen-chemistry-source>,4
2059,ORR,resolved,c1cc(cc(c1)Cl)CC(=O)N2CCCc3c2cncc3N,Nc1cncc2c1CCCN2C(=O)Cc1cccc(Cl)c1,Components-smiles-stereo-oe.smi,<frozen-chemistry-source>,3
985,ORV,resolved,C[C@@H](C(=O)N[C@@H](Cc1ccccc1)[C@H](C[C@H](Cc2ccccc2)NC(=O)O[C@H]3CO[C@@H]4[C@H]3CCO4)O)NC(=O)OC,COC(=O)N[C@@H](C)C(=O)N[C@@H](Cc1ccccc1)[C@@H](O)C[C@H](Cc1ccccc1)NC(=O)O[C@H]1CO[C@H]2OCC[C@H]21,Components-smiles-stereo-oe.smi,<frozen-chemistry-source>,3
2060,OSI,resolved,C[C@]1(CCOc2c1cc(cc2)Cl)C(=O)Nc3cncc4c3cccc4,C[C@@]1(C(=O)Nc2cncc3ccccc23)CCOc2ccc(Cl)cc21,Components-smiles-stereo-oe.smi,<frozen-chemistry-source>,3
2061,OT6,resolved,Cc1ccncc1NC(=O)Cc2cc(cc(c2)Cl)NCC(C)(C)C#N,Cc1ccncc1NC(=O)Cc1cc(Cl)cc(NCC(C)(C)C#N)c1,Components-smiles-stereo-oe.smi,<frozen-chemistry-source>,3
2062,OTV,resolved,Cc1ccncc1NC(=O)Cc2cc(cc(c2)Cl)N[C@H]3C[C@H]3C(F)(F)F,Cc1ccncc1NC(=O)Cc1cc(Cl)cc(N[C@H]2C[C@H]2C(F)(F)F)c1,Components-smiles-stereo-oe.smi,<frozen-chemistry-source>,3
2998,OU3,resolved,Cc1cc(ccc1F)N2C(=Nc3cc(c(c(c3C2=O)O)O)O)CC(C)C,Cc1cc(-n2c(CC(C)C)nc3cc(O)c(O)c(O)c3c2=O)ccc1F,Components-smiles-stereo-oe.smi,<frozen-chemistry-source>,1
2063,OUF,resolved,CC(C)OCCCN(Cc1ccco1)C(=O)NC2=CN(C(=O)c3c2cccc3)C,CC(C)OCCCN(Cc1ccco1)C(=O)Nc1cn(C)c(=O)c2ccccc12,Components-smiles-stereo-oe.smi,<frozen-chemistry-source>,3
2064,OV4,resolved,CN(C)c1ccc(cc1)N(Cc2ccccc2)C(=O)Cn3c4ccccc4nn3,CN(C)c1ccc(N(Cc2ccccc2)C(=O)Cn2nnc3ccccc32)cc1,Components-smiles-stereo-oe.smi,<frozen-chemistry-source>,3
2065,OVF,resolved,CN(C)c1ccc(cc1)N(Cc2cccc(c2)Cl)C(=O)Cn3c4ccccc4nn3,CN(C)c1ccc(N(Cc2cccc(Cl)c2)C(=O)Cn2nnc3ccccc32)cc1,Components-smiles-stereo-oe.smi,<frozen-chemistry-source>,3
2066,OVX,resolved,c1ccc2c(c1)cncc2C(=O)N3CCN(C(=O)C3)c4cccc(c4)Cl,O=C(c1cncc2ccccc12)N1CCN(c2cccc(Cl)c2)C(=O)C1,Components-smiles-stereo-oe.smi,<frozen-chemistry-source>,6
2654,OW1,resolved,CC1([C@@H]2[C@H]1[C@H](N(C2)C(=O)[C@H](C(C)(C)C)NC(=O)C(F)(F)F)C(=O)N[C@@H](C[C@@H]3CCNC3=O)C=C)C,C=C[C@H](C[C@@H]1CCNC1=O)NC(=O)[C@@H]1[C@@H]2[C@H](CN1C(=O)[C@@H](NC(=O)C(F)(F)F)C(C)(C)C)C2(C)C,Components-smiles-stereo-oe.smi,<frozen-chemistry-source>,1
2067,OWC,resolved,c1ccc2c(c1)cncc2N3CCC[C@H](C3=O)c4cccc(c4)Cl,O=C1[C@H](c2cccc(Cl)c2)CCCN1c1cncc2ccccc12,Components-smiles-stereo-oe.smi,<frozen-chemistry-source>,6
2068,OWX,resolved,c1cc(cc(c1)Cl)CC(=O)Nc2cncc3c2CCCN3,O=C(Cc1cccc(Cl)c1)Nc1cncc2c1CCCN2,Components-smiles-stereo-oe.smi,<frozen-chemistry-source>,3
2069,OYF,resolved,c1cc2c(cc1Cl)[C@@H](CCO2)C(=O)Nc3cncc4c3ccnc4,O=C(Nc1cncc2cnccc12)[C@@H]1CCOc2ccc(Cl)cc21,Components-smiles-stereo-oe.smi,<frozen-chemistry-source>,6
2070,OYX,resolved,c1ccc2c(c1)cncc2CC(=O)N(CCC3CCCCC3)Cc4cccs4,O=C(Cc1cncc2ccccc12)N(CCC1CCCCC1)Cc1cccs1,Components-smiles-stereo-oe.smi,<frozen-chemistry-source>,6
443,OZ1,resolved,c1cc(c(cc1F)F)CNC(=O)C2=C(c3cc(cnc3N(C2=O)O)CCCCCCO)N,Nc1c(C(=O)NCc2ccc(F)cc2F)c(=O)n(O)c2ncc(CCCCCCO)cc12,Components-smiles-stereo-oe.smi,<frozen-chemistry-source>,6
2741,OZ6,resolved,CC1([C@@H]2[C@H]1[C@H](N(C2)C(=O)[C@H](C(C)(C)C)NC(=O)NC(C)(C)C)C(=O)N[C@@H](C[C@@H]3CCNC3=O)C=O)C,CC(C)(C)NC(=O)N[C@H](C(=O)N1C[C@H]2[C@@H]([C@H]1C(=O)N[C@H](C=O)C[C@@H]1CCNC1=O)C2(C)C)C(C)(C)C,Components-smiles-stereo-oe.smi,<frozen-chemistry-source>,1
2745,OZB,resolved,CC(C)(C)[C@@H](C(=O)N1CC2(C[C@H]1C(=O)N[C@@H](C[C@@H]3CCNC3=O)C#N)SCCS2)NC(=O)C4(CC4)F,CC(C)(C)[C@H](NC(=O)C1(F)CC1)C(=O)N1CC2(C[C@H]1C(=O)N[C@H](C#N)C[C@@H]1CCNC1=O)SCCS2,Components-smiles-stereo-oe.smi,<frozen-chemistry-source>,1
2071,OZC,resolved,c1ccc2c(c1)cncc2N3CCC[C@H](C3=O)c4ccc(cc4)Cl,O=C1[C@H](c2ccc(Cl)cc2)CCCN1c1cncc2ccccc12,Components-smiles-stereo-oe.smi,<frozen-chemistry-source>,6
2744,OZL,resolved,CC(C)(C)[C@@H](C(=O)N1CC2(C[C@H]1C(=O)N[C@@H](C[C@@H]3CCNC3=O)C#N)SCCS2)NC(=O)NC(C)(C)C,CC(C)(C)NC(=O)N[C@H](C(=O)N1CC2(C[C@H]1C(=O)N[C@H](C#N)C[C@@H]1CCNC1=O)SCCS2)C(C)(C)C,Components-smiles-stereo-oe.smi,<frozen-chemistry-source>,1
2072,OZX,resolved,c1ccc2c(c1)cncc2NC(=O)Cc3cccc(n3)Cl,O=C(Cc1cccc(Cl)n1)Nc1cncc2ccccc12,Components-smiles-stereo-oe.smi,<frozen-chemistry-source>,6
2743,P0O,resolved,CC(=O)C=C[C@H](C[C@@H]1CCNC1=O)NC(=O)[C@@H]2[C@@H]3[C@@H](C3(C)C)CN2C(=O)[C@H](C(C)(C)C)NC(=O)NC(C)(C)C,CC(=O)C=C[C@H](C[C@@H]1CCNC1=O)NC(=O)[C@@H]1[C@@H]2[C@H](CN1C(=O)[C@@H](NC(=O)NC(C)(C)C)C(C)(C)C)C2(C)C,Components-smiles-stereo-oe.smi,<frozen-chemistry-source>,1
2073,P0X,resolved,c1ccc2c(c1)C(=CC(=O)N2)C(=O)N3CCN(C(=O)C3)c4cccc(c4)Cl,O=C(c1cc(=O)[nH]c2ccccc12)N1CCN(c2cccc(Cl)c2)C(=O)C1,Components-smiles-stereo-oe.smi,<frozen-chemistry-source>,3
13,P12,resolved,[H]/N=C(\N)/N1CC[NH+](CC1)Cc2cc(ccc2OCCC[NH3+])OC,[H]/N=C(\N)N1CC[NH+](Cc2cc(OC)ccc2OCCC[NH3+])CC1,Components-smiles-stereo-oe.smi,<frozen-chemistry-source>,3
11,P13,resolved,c1cc2c(cc[nH]2)cc1c3ccc(c(c3)CNCCN4CCNCC4)OCCCN,NCCCOc1ccc(-c2ccc3[nH]ccc3c2)cc1CNCCN1CCNCC1,Components-smiles-stereo-oe.smi,<frozen-chemistry-source>,3
12,P14,resolved,COc1ccc(c(c1)CNCCCCNC(=[NH2+])N)OCCNC(=[NH2+])N,COc1ccc(OCCNC(N)=[NH2+])c(CNCCCCNC(N)=[NH2+])c1,Components-smiles-stereo-oe.smi,<frozen-chemistry-source>,3
195,P1Y,resolved,COc1ccc(cc1Br)Cc2nc(c(c(n2)O)O)C(=O)O,COc1ccc(Cc2nc(O)c(O)c(C(=O)O)n2)cc1Br,Components-smiles-stereo-oe.smi,<frozen-chemistry-source>,3
2074,P3L,resolved,c1cc2c(cc1Cl)[C@@H](CCO2)C(=O)N[C@@H]3CCNC(=O)C3,O=C1C[C@H](NC(=O)[C@@H]2CCOc3ccc(Cl)cc32)CCN1,Components-smiles-stereo-oe.smi,<frozen-chemistry-source>,6
993,P3V,resolved,CC(C)CN(CC([C@H](Cc1ccccc1)NC(=O)O[C@H]2CO[C@@H]3[C@H]2CCO3)(O)O)S(=O)(=O)c4ccc(cc4)N,CC(C)CN(CC(O)(O)[C@H](Cc1ccccc1)NC(=O)O[C@H]1CO[C@H]2OCC[C@H]21)S(=O)(=O)c1ccc(N)cc1,Components-smiles-stereo-oe.smi,<frozen-chemistry-source>,3
549,P4G,resolved,CCOCCOCCOCC,CCOCCOCCOCC,Components-smiles-stereo-oe.smi,<frozen-chemistry-source>,3
2075,P4R,resolved,c1ccc2c(c1)cncc2N3C(=O)[C@@]4(CCOc5c4cc(cc5)Cl)NC3=O,O=C1N[C@]2(CCOc3ccc(Cl)cc32)C(=O)N1c1cncc2ccccc12,Components-smiles-stereo-oe.smi,<frozen-chemistry-source>,9
197,P4Y,resolved,c1ccc(cc1)c2c(c3ccccc3[nH]2)Cc4nc(c(c(n4)O)O)C(=O)O,O=C(O)c1nc(Cc2c(-c3ccccc3)[nH]c3ccccc23)nc(O)c1O,Components-smiles-stereo-oe.smi,<frozen-chemistry-source>,3
2664,P5X,resolved,CN(C)c1ccc(cc1)N(Cc2cc(cs2)Cl)C(=O)Cc3cncc4c3cccc4,CN(C)c1ccc(N(Cc2cc(Cl)cs2)C(=O)Cc2cncc3ccccc23)cc1,Components-smiles-stereo-oe.smi,<frozen-chemistry-source>,1
2665,P6I,resolved,CSc1ccc(cc1)N(Cc2cc(cs2)Cl)C(=O)Cc3cncc4c3cccc4,CSc1ccc(N(Cc2cc(Cl)cs2)C(=O)Cc2cncc3ccccc23)cc1,Components-smiles-stereo-oe.smi,<frozen-chemistry-source>,1
1792,P6N,resolved,C[C@H]1CCc2ccccc2C1=O,C[C@H]1CCc2ccccc2C1=O,Components-smiles-stereo-oe.smi,<frozen-chemistry-source>,3
2076,P6O,resolved,c1ccc2c(c1)cncc2NC(=O)[C@@]3(CC(=O)Nc4c3cc(cc4)Cl)O,O=C1C[C@@](O)(C(=O)Nc2cncc3ccccc23)c2cc(Cl)ccc2N1,Components-smiles-stereo-oe.smi,<frozen-chemistry-source>,3
2666,P6R,resolved,CC(C)(C)c1ccc(cc1)N(Cc2cc(cs2)Cl)C(=O)Cc3cncc4c3cccc4,CC(C)(C)c1ccc(N(Cc2cc(Cl)cs2)C(=O)Cc2cncc3ccccc23)cc1,Components-smiles-stereo-oe.smi,<frozen-chemistry-source>,1
2667,P7L,resolved,COc1ccc(cc1)N(Cc2cc(cs2)Cl)C(=O)Cc3cncc4c3cccc4,COc1ccc(N(Cc2cc(Cl)cs2)C(=O)Cc2cncc3ccccc23)cc1,Components-smiles-stereo-oe.smi,<frozen-chemistry-source>,1
2077,P7R,resolved,CN1c2c(cncc2NC(=O)[C@@H]3CCOc4c3cc(cc4)Cl)NC1=O,Cn1c(=O)[nH]c2cncc(NC(=O)[C@@H]3CCOc4ccc(Cl)cc43)c21,Components-smiles-stereo-oe.smi,<frozen-chemistry-source>,6
2671,P8C,resolved,CC(C)C[C@@H](C(=O)N[C@@H](C[C@@H]1CCNC1=O)[C@H](O)[S+](=O)(O)O)NC(=O)OC[C@H]2C[C@@H]2C3CCC(CC3)(F)F,CC(C)C[C@H](NC(=O)OC[C@H]1C[C@@H]1C1CCC(F)(F)CC1)C(=O)N[C@@H](C[C@@H]1CCNC1=O)[C@H](O)[S+](=O)(O)O,Components-smiles-stereo-oe.smi,<frozen-chemistry-source>,1
2669,P8L,resolved,CC(C)C[C@@H](C(=O)N[C@@H](C[C@@H]1CCNC1=O)[C@H](O)[S+](=O)(O)O)NC(=O)OC[C@H]2C[C@@H]2C3CCCCC3,CC(C)C[C@H](NC(=O)OC[C@H]1C[C@@H]1C1CCCCC1)C(=O)N[C@@H](C[C@@H]1CCNC1=O)[C@H](O)[S+](=O)(O)O,Components-smiles-stereo-oe.smi,<frozen-chemistry-source>,1
2668,P8U,resolved,CC(C)C[C@@H](C(=O)N[C@@H](C[C@@H]1CCNC1=O)[C@@H](O)[S+](=O)(O)O)NC(=O)OC[C@H]2C[C@@H]2C3CCCCC3,CC(C)C[C@H](NC(=O)OC[C@H]1C[C@@H]1C1CCCCC1)C(=O)N[C@@H](C[C@@H]1CCNC1=O)[C@@H](O)[S+](=O)(O)O,Components-smiles-stereo-oe.smi,<frozen-chemistry-source>,1
2078,P9O,resolved,c1cc2c(cc1Cl)[C@@H](CCO2)C(=O)Nc3cncc4c3CNCC4,O=C(Nc1cncc2c1CNCC2)[C@@H]1CCOc2ccc(Cl)cc21,Components-smiles-stereo-oe.smi,<frozen-chemistry-source>,6
3,PBM,resolved,C[Pb+](C)C,[CH3][Pb+]([CH3])[CH3],Components-smiles-stereo-oe.smi,<frozen-chemistry-source>,4
2749,PBP,resolved,c1cc(ccc1C(=O)CBr)Br,O=C(CBr)c1ccc(Br)cc1,Components-smiles-stereo-oe.smi,<frozen-chemistry-source>,1
73,PBU,resolved,CCCC(=O)OC[C@H](COP(=O)(O)O[C@@H]1[C@@H]([C@@H]([C@H]([C@@H]([C@H]1O)OP(=O)(O)O)OP(=O)(O)O)O)O)OC(=O)CCC,CCCC(=O)OC[C@H](COP(=O)(O)O[C@@H]1[C@H](O)[C@H](O)[C@@H](OP(=O)(O)O)[C@H](OP(=O)(O)O)[C@H]1O)OC(=O)CCC,Components-smiles-stereo-oe.smi,<frozen-chemistry-source>,5
80,PC0,resolved,CCOc1ccnc(c1F)CCNC(=S)Nc2ccc(cn2)C,CCOc1ccnc(CCNC(=S)Nc2ccc(C)cn2)c1F,Components-smiles-stereo-oe.smi,<frozen-chemistry-source>,3
91,PC8,resolved,CCCCCCCC(=O)OC[C@H](CO[P@](=O)(O)OCC[N+](C)(C)C)OC(=O)CCCCCCC,CCCCCCCC(=O)OC[C@H](CO[P@](=O)(O)OCC[N+](C)(C)C)OC(=O)CCCCCCC,Components-smiles-stereo-oe.smi,<frozen-chemistry-source>,3
135,PDZ,resolved,c1ccc(cc1)Oc2c(ccc(c2F)CC3=NNC(=O)C=C3)Cl,O=c1ccc(Cc2ccc(Cl)c(Oc3ccccc3)c2F)n[nH]1,Components-smiles-stereo-oe.smi,<frozen-chemistry-source>,3
1084,PEE,resolved,CCCCCCCC/C=C\CCCCCCCC(=O)OC[C@H](COP(=O)(O)OCCN)OC(=O)CCCCCCC/C=C\CCCCCCCC,CCCCCCCC/C=C\CCCCCCCC(=O)OC[C@H](COP(=O)(O)OCCN)OC(=O)CCCCCCC/C=C\CCCCCCCC,Components-smiles-stereo-oe.smi,<frozen-chemistry-source>,4
1351,PF0,resolved,Cc1c(cccc1O)C(=O)O,Cc1c(O)cccc1C(=O)O,Components-smiles-stereo-oe.smi,<frozen-chemistry-source>,3
2684,PG0,resolved,COCCOCCO,COCCOCCO,Components-smiles-stereo-oe.smi,<frozen-chemistry-source>,3
2938,PG5,resolved,COCCOCCOCCOC,COCCOCCOCCOC,Components-smiles-stereo-oe.smi,<frozen-chemistry-source>,3
3003,PG6,resolved,COCCOCCOCCOCCOCCOC,COCCOCCOCCOCCOCCOC,Components-smiles-stereo-oe.smi,<frozen-chemistry-source>,4
76,PGR,resolved,C[C@H](CO)O,C[C@@H](O)CO,Components-smiles-stereo-oe.smi,<frozen-chemistry-source>,7
1341,PHB,resolved,c1cc(ccc1C(=O)O)O,O=C(O)c1ccc(O)cc1,Components-smiles-stereo-oe.smi,<frozen-chemistry-source>,3
2804,PHL,resolved,c1ccc(cc1)C[C@@H](CO)N,N[C@H](CO)Cc1ccccc1,Components-smiles-stereo-oe.smi,<frozen-chemistry-source>,1
814,PHP,resolved,CC(C)[C@@H](C(=O)N[C@@H](Cc1ccccc1)P(=O)([C@H](Cc2ccccc2)NC(=O)[C@H](C(C)C)NC(=O)OCc3ccccc3)O)NC(=O)OCc4ccccc4,CC(C)[C@H](NC(=O)OCc1ccccc1)C(=O)N[C@@H](Cc1ccccc1)P(=O)(O)[C@H](Cc1ccccc1)NC(=O)[C@@H](NC(=O)OCc1ccccc1)C(C)C,Components-smiles-stereo-oe.smi,<frozen-chemistry-source>,3
1800,PHQ,resolved,c1ccc(cc1)COC(=O)Cl,O=C(Cl)OCc1ccccc1,Components-smiles-stereo-oe.smi,<frozen-chemistry-source>,7
790,PI4,resolved,CC(C)(C)NC(=O)[C@@H]1CCCC[N@]1C[C@H]([C@@H]2Cc3ccc(cc3)OCCCC(=O)N[C@H](C(=O)N2)CC(=O)N)O,CC(C)(C)NC(=O)[C@@H]1CCCCN1C[C@@H](O)[C@@H]1Cc2ccc(cc2)OCCCC(=O)N[C@@H](CC(N)=O)C(=O)N1,Components-smiles-stereo-oe.smi,<frozen-chemistry-source>,3
789,PI5,resolved,CC[C@H](C)[C@H]1C(=O)NCCCOc2ccc(cc2)C[C@@H](C(=O)N1)NC[C@H]([C@H](Cc3ccc(cc3)O)NC(=O)[C@H](C(C)C)N4CCCC4=O)O,CC[C@H](C)[C@@H]1NC(=O)[C@@H](NC[C@@H](O)[C@H](Cc2ccc(O)cc2)NC(=O)[C@H](C(C)C)N2CCCC2=O)Cc2ccc(cc2)OCCCNC1=O,Components-smiles-stereo-oe.smi,<frozen-chemistry-source>,3
791,PI6,resolved,CC[C@H](C)[C@H]1C(=O)NCCCOc2ccc(cc2)C[C@@H](C(=O)N1)NC[C@H]([C@H](Cc3ccccc3)NC(=O)OC(C)(C)C)O,CC[C@H](C)[C@@H]1NC(=O)[C@@H](NC[C@@H](O)[C@H](Cc2ccccc2)NC(=O)OC(C)(C)C)Cc2ccc(cc2)OCCCNC1=O,Components-smiles-stereo-oe.smi,<frozen-chemistry-source>,5
792,PI7,resolved,CC[C@H](C)[C@H]1C(=O)NCCCOc2ccc(cc2)C[C@@H](C(=O)N1)NC[C@H]([C@H](Cc3ccc(cc3)O)NC(=O)[C@H](C(C)C)NC(=O)CC)O,CCC(=O)N[C@H](C(=O)N[C@@H](Cc1ccc(O)cc1)[C@H](O)CN[C@H]1Cc2ccc(cc2)OCCCNC(=O)[C@H]([C@@H](C)CC)NC1=O)C(C)C,Components-smiles-stereo-oe.smi,<frozen-chemistry-source>,3
797,PI8,resolved,CC[C@H](C)[C@H]1C(=O)NCCCCCOc2ccc(cc2)C[C@@H](C(=O)N1)NC[C@H](C[C@@H](Cc3ccccc3)C(=O)N[C@H]4c5ccccc5C[C@H]4O)O,CC[C@H](C)[C@@H]1NC(=O)[C@@H](NC[C@@H](O)C[C@@H](Cc2ccccc2)C(=O)N[C@H]2c3ccccc3C[C@H]2O)Cc2ccc(cc2)OCCCCCNC1=O,Components-smiles-stereo-oe.smi,<frozen-chemistry-source>,3
798,PI9,resolved,CC(C)CC[N@@](C[C@H]([C@@H]1Cc2ccc(cc2)OCCCCCC(=O)N[C@H](C(=O)N1)C(C)C)O)S(=O)(=O)c3ccc(cc3)N,CC(C)CCN(C[C@@H](O)[C@@H]1Cc2ccc(cc2)OCCCCCC(=O)N[C@@H](C(C)C)C(=O)N1)S(=O)(=O)c1ccc(N)cc1,Components-smiles-stereo-oe.smi,<frozen-chemistry-source>,3
2529,PIM,resolved,c1ccc(cc1)c2cnc[nH]2,c1ccc(-c2cnc[nH]2)cc1,Components-smiles-stereo-oe.smi,<frozen-chemistry-source>,1
74,PIO,resolved,CCCCCCCC(=O)OC[C@H](COP(=O)(O)O[C@@H]1[C@@H]([C@@H]([C@H]([C@@H]([C@H]1O)OP(=O)(O)O)OP(=O)(O)O)O)O)OC(=O)CCCCCCC,CCCCCCCC(=O)OC[C@H](COP(=O)(O)O[C@@H]1[C@H](O)[C@H](O)[C@@H](OP(=O)(O)O)[C@H](OP(=O)(O)O)[C@H]1O)OC(=O)CCCCCCC,Components-smiles-stereo-oe.smi,<frozen-chemistry-source>,28
2079,PJ6,resolved,CO[C@]1(CCOc2c1cc(cc2)Cl)C(=O)Nc3cncc4c3cccc4,CO[C@@]1(C(=O)Nc2cncc3ccccc23)CCOc2ccc(Cl)cc21,Components-smiles-stereo-oe.smi,<frozen-chemistry-source>,9
1763,PJE,resolved,C1CNC(=O)[C@@H]1C[C@@H](/C=C/C(=O)O)N,N[C@H](/C=C/C(=O)O)C[C@@H]1CCNC1=O,Components-smiles-stereo-oe.smi,<frozen-chemistry-source>,5
811,PJJ,resolved,c1ccc(cc1)C[C@H](C[C@@H]([C@H](Cc2ccccc2)N)O)C(=O)O,N[C@@H](Cc1ccccc1)[C@@H](O)C[C@@H](Cc1ccccc1)C(=O)O,Components-smiles-stereo-oe.smi,<frozen-chemistry-source>,3
2670,PJR,resolved,CC(C)C[C@@H](C(=O)N[C@@H](C[C@@H]1CCNC1=O)[C@@H](O)[S+](=O)(O)O)NC(=O)OC[C@H]2C[C@@H]2C3CCC(CC3)(F)F,CC(C)C[C@H](NC(=O)OC[C@H]1C[C@@H]1C1CCC(F)(F)CC1)C(=O)N[C@@H](C[C@@H]1CCNC1=O)[C@@H](O)[S+](=O)(O)O,Components-smiles-stereo-oe.smi,<frozen-chemistry-source>,1
2080,PJX,resolved,CN1CC[C@H](c2c1ccc(c2)Cl)C(=O)Nc3cncc4c3cccc4,CN1CC[C@@H](C(=O)Nc2cncc3ccccc23)c2cc(Cl)ccc21,Components-smiles-stereo-oe.smi,<frozen-chemistry-source>,8
1178,PK4,resolved,Cc1cccc(c1F)S(=O)(=O)NC,CNS(=O)(=O)c1cccc(C)c1F,Components-smiles-stereo-oe.smi,<frozen-chemistry-source>,3
1831,PK8,resolved,c1cc[n+]2c(c1)S[Zn]O2,c1cc[n+]2c(c1)[S][Zn][O]2,Components-smiles-stereo-oe.smi,<frozen-chemistry-source>,3
2081,PKW,resolved,Cn1cnc2c1c(cnc2)NC(=O)[C@@H]3CCOc4c3cc(cc4)Cl,Cn1cnc2cncc(NC(=O)[C@@H]3CCOc4ccc(Cl)cc43)c21,Components-smiles-stereo-oe.smi,<frozen-chemistry-source>,3
6,PMZ,resolved,CC(=O)c1ccc2c(c1)N(c3ccccc3S2)CCCN(C)C,CC(=O)c1ccc2c(c1)N(CCCN(C)C)c1ccccc1S2,Components-smiles-stereo-oe.smi,<frozen-chemistry-source>,3
1028,PNU,resolved,C[C@@H](c1cc2ccoc2cn1)Sc3nc(cc(n3)Cl)N,C[C@H](Sc1nc(N)cc(Cl)n1)c1cc2ccoc2cn1,Components-smiles-stereo-oe.smi,<frozen-chemistry-source>,3
3010,POL,resolved,CCCO,CCCO,Components-smiles-stereo-oe.smi,<frozen-chemistry-source>,1
1796,POP,resolved,O[P@@](=O)([O-])O[P@@](=O)(O)[O-],O=[P@@]([O-])(O)O[P@](=O)([O-])O,Components-smiles-stereo-oe.smi,<frozen-chemistry-source>,17
302,PPF,resolved,C(=O)(O)P(=O)(O)O,O=C(O)P(=O)(O)O,Components-smiles-stereo-oe.smi,<frozen-chemistry-source>,4
777,PPN,resolved,c1cc(ccc1C[C@@H](C(=O)O)N)[N+](=O)[O-],N[C@@H](Cc1ccc([N+](=O)[O-])cc1)C(=O)O,Components-smiles-stereo-oe.smi,<frozen-chemistry-source>,4
2082,PQ6,resolved,c1ccc2c(c1)cncc2NC(=O)[C@@]3(CCOc4c3cc(cc4)Cl)CN,NC[C@@]1(C(=O)Nc2cncc3ccccc23)CCOc2ccc(Cl)cc21,Components-smiles-stereo-oe.smi,<frozen-chemistry-source>,6
2747,PQL,resolved,CC(C)(C)[C@@H](C(=O)N1CC2(C[C@H]1C(=O)N[C@@H](C[C@@H]3CCNC3=O)C#N)SCCS2)NC(=O)C(F)(F)F,CC(C)(C)[C@H](NC(=O)C(F)(F)F)C(=O)N1CC2(C[C@H]1C(=O)N[C@H](C#N)C[C@@H]1CCNC1=O)SCCS2,Components-smiles-stereo-oe.smi,<frozen-chemistry-source>,1
2748,PQX,resolved,C[C@H](c1cccc2c1cccc2)N3CCC(CC3)C(=O)O,C[C@H](c1cccc2ccccc12)N1CCC(C(=O)O)CC1,Components-smiles-stereo-oe.smi,<frozen-chemistry-source>,1
2520,PRL,resolved,c1cc(cc2c1cc3ccc(cc3n2)N)N,Nc1ccc2cc3ccc(N)cc3nc2c1,Components-smiles-stereo-oe.smi,<frozen-chemistry-source>,1
3002,PRO,resolved,C1C[C@H](NC1)C(=O)O,O=C(O)[C@@H]1CCCN1,Components-smiles-stereo-oe.smi,<frozen-chemistry-source>,8
586,PSF,resolved,CCCCCC(=O)OCC(CO[P@@](=O)(O)OC[C@@H](C(=O)O)N)OC(=O)CCCCC,CCCCCC(=O)OCC(CO[P@@](=O)(O)OC[C@H](N)C(=O)O)OC(=O)CCCCC,Components-smiles-stereo-oe.smi,<frozen-chemistry-source>,3
784,PSI,resolved,C[C@@H](C(=O)N[C@@H](C)C(=O)N[C@@H](Cc1ccccc1)[C@H](CCC(=O)N[C@@H](C(C)C)C(=O)N[C@@H](C(C)C)C(=O)OC)O)N,COC(=O)[C@@H](NC(=O)[C@@H](NC(=O)CC[C@H](O)[C@H](Cc1ccccc1)NC(=O)[C@H](C)NC(=O)[C@H](C)N)C(C)C)C(C)C,Components-smiles-stereo-oe.smi,<frozen-chemistry-source>,5
1108,PSU,resolved,C1=C(C(=O)NC(=O)N1)[C@H]2[C@@H]([C@@H]([C@H](O2)COP(=O)(O)O)O)O,O=c1[nH]cc([C@@H]2O[C@H](COP(=O)(O)O)[C@@H](O)[C@H]2O)c(=O)[nH]1,Components-smiles-stereo-oe.smi,<frozen-chemistry-source>,1
914,PUK,resolved,c1ccc(cc1)C[C@@H](CN[C@@H](Cc2ccccc2)C(=O)O)N,N[C@H](CN[C@@H](Cc1ccccc1)C(=O)O)Cc1ccccc1,Components-smiles-stereo-oe.smi,<frozen-chemistry-source>,3
2083,PUU,resolved,CC(=O)N1CC[C@H](c2c1ccc(c2)Cl)C(=O)Nc3cncc4c3cccc4,CC(=O)N1CC[C@@H](C(=O)Nc2cncc3ccccc23)c2cc(Cl)ccc21,Components-smiles-stereo-oe.smi,<frozen-chemistry-source>,6
2084,PVR,resolved,CC(=O)N1CCN(CC1)CC(=O)Nc2cnccc2C3CC3,CC(=O)N1CCN(CC(=O)Nc2cnccc2C2CC2)CC1,Components-smiles-stereo-oe.smi,<frozen-chemistry-source>,3
2085,PWR,resolved,c1ccc2c(c1)c[n+](cc2NC(=O)[C@@H]3CCOc4c3cc(cc4)Cl)[O-],O=C(Nc1c[n+]([O-])cc2ccccc12)[C@@H]1CCOc2ccc(Cl)cc21,Components-smiles-stereo-oe.smi,<frozen-chemistry-source>,3
1363,PYD,resolved,Cc1cnc(nc1N)C,Cc1ncc(C)c(N)n1,Components-smiles-stereo-oe.smi,<frozen-chemistry-source>,3
145,PZ2,resolved,Cc1cc(cc(c1)Oc2ccc(cc2Br)Cc3c4ccnnc4[nH]n3)C#N,Cc1cc(C#N)cc(Oc2ccc(Cc3n[nH]c4nnccc34)cc2Br)c1,Components-smiles-stereo-oe.smi,<frozen-chemistry-source>,3
2086,PZ6,resolved,c1ccc2c(c1)cncc2NC(=O)[C@]3(CCOc4c3cc(cc4)Cl)CN,NC[C@]1(C(=O)Nc2cncc3ccccc23)CCOc2ccc(Cl)cc21,Components-smiles-stereo-oe.smi,<frozen-chemistry-source>,3
1343,PZA,resolved,c1cnc(cn1)C(=O)N,NC(=O)c1cnccn1,Components-smiles-stereo-oe.smi,<frozen-chemistry-source>,3
144,PZL,resolved,c1cc(c(c(c1Cc2c3ccnnc3[nH]n2)F)Oc4cc(cc(c4)Cl)C#N)Br,N#Cc1cc(Cl)cc(Oc2c(Br)ccc(Cc3n[nH]c4nnccc34)c2F)c1,Components-smiles-stereo-oe.smi,<frozen-chemistry-source>,3
2087,Q0I,resolved,CCC(=O)N(c1cncc2c1cccc2)C(=O)[C@@H]3CCOc4c3cc(cc4)Cl,CCC(=O)N(C(=O)[C@@H]1CCOc2ccc(Cl)cc21)c1cncc2ccccc12,Components-smiles-stereo-oe.smi,<frozen-chemistry-source>,9
2088,Q1C,resolved,Cc1ccncc1NC(=O)CN2CCC(CC2)C,Cc1ccncc1NC(=O)CN1CCC(C)CC1,Components-smiles-stereo-oe.smi,<frozen-chemistry-source>,3
994,Q1D,resolved,B(c1ccc(cc1)S(=O)(=O)N(C[C@H]([C@H](Cc2ccccc2)NC(=O)O[C@H]3[C@@H]4C[C@@H]5[C@H]3CO[C@@H]5OC4)O)CC(C)C)(O)O,CC(C)CN(C[C@@H](O)[C@H](Cc1ccccc1)NC(=O)O[C@H]1[C@H]2CO[C@H]3OC[C@@H]1[C@H]3C2)S(=O)(=O)c1ccc(B(O)O)cc1,Components-smiles-stereo-oe.smi,<frozen-chemistry-source>,3
2089,Q1U,resolved,COc1ccc2cncc(c2c1)NC(=O)Cc3cccc(c3)Cl,COc1ccc2cncc(NC(=O)Cc3cccc(Cl)c3)c2c1,Components-smiles-stereo-oe.smi,<frozen-chemistry-source>,3
2090,Q2G,resolved,Cc1ccncc1NC(=O)Nc2cccc(c2)Cl,Cc1ccncc1NC(=O)Nc1cccc(Cl)c1,Components-smiles-stereo-oe.smi,<frozen-chemistry-source>,3
2091,Q2U,resolved,COc1ccccc1OCCNC(=O)C2=CC(=O)Nc3c2cccc3,COc1ccccc1OCCNC(=O)c1cc(=O)[nH]c2ccccc12,Components-smiles-stereo-oe.smi,<frozen-chemistry-source>,3
692,Q31,resolved,CC(C)C[C@@H](Cc1ccc2c(c1C(=O)O)OCO2)CNC(=O)Cc3c[nH]cn3,CC(C)C[C@H](CNC(=O)Cc1c[nH]cn1)Cc1ccc2c(c1C(=O)O)OCO2,Components-smiles-stereo-oe.smi,<frozen-chemistry-source>,4
2092,Q36,resolved,Cc1ccncc1NC(=O)[C@H](C)c2cccc(c2)C#N,Cc1ccncc1NC(=O)[C@H](C)c1cccc(C#N)c1,Components-smiles-stereo-oe.smi,<frozen-chemistry-source>,3
1406,Q3C,resolved,c1ccc2c(c1)cc(cn2)C(=O)O,O=C(O)c1cnc2ccccc2c1,Components-smiles-stereo-oe.smi,<frozen-chemistry-source>,3
2093,Q3U,resolved,c1cc(cc(c1)Cl)NC(=O)Nc2cc(cnc2)N,Nc1cncc(NC(=O)Nc2cccc(Cl)c2)c1,Components-smiles-stereo-oe.smi,<frozen-chemistry-source>,3
2094,Q45,resolved,CS(=O)(=O)NCC[C@@H]1CCCCN1CC(=O)Nc2cccnc2,CS(=O)(=O)NCC[C@@H]1CCCCN1CC(=O)Nc1cccnc1,Components-smiles-stereo-oe.smi,<frozen-chemistry-source>,3
2095,Q4F,resolved,CC(=O)N1C[C@@H]2C[C@H]1CN2Cc3cccc(c3)Cl,CC(=O)N1C[C@@H]2C[C@H]1CN2Cc1cccc(Cl)c1,Components-smiles-stereo-oe.smi,<frozen-chemistry-source>,3
2096,Q4R,resolved,Cc1ccncc1NC(=O)CN(C)S(=O)(=O)c2cccc3c2nccc3,Cc1ccncc1NC(=O)CN(C)S(=O)(=O)c1cccc2cccnc12,Components-smiles-stereo-oe.smi,<frozen-chemistry-source>,3
829,Q50,resolved,CC(C)(C)OC(=O)N[C@@H](Cc1ccccc1)C(=O)C[C@@H](Cc2ccccc2)C(=O)N[C@@H](CCC(=O)N)C(=O)N[C@@H](Cc3ccccc3)C(=O)N,CC(C)(C)OC(=O)N[C@@H](Cc1ccccc1)C(=O)C[C@@H](Cc1ccccc1)C(=O)N[C@@H](CCC(N)=O)C(=O)N[C@@H](Cc1ccccc1)C(N)=O,Components-smiles-stereo-oe.smi,<frozen-chemistry-source>,5
2600,Q56,resolved,CC(C)C[C@@H](C(=O)N[C@@H](C[C@@H]1CCNC1=O)[C@H](O)S(=O)(=O)O)NC(=O)OCc2ccc3ccccc3c2,CC(C)C[C@H](NC(=O)OCc1ccc2ccccc2c1)C(=O)N[C@@H](C[C@@H]1CCNC1=O)[C@H](O)S(=O)(=O)O,Components-smiles-stereo-oe.smi,<frozen-chemistry-source>,1
2097,Q5C,resolved,Cc1ccncc1NC(=O)CNC(=O)Cc2cccnc2,Cc1ccncc1NC(=O)CNC(=O)Cc1cccnc1,Components-smiles-stereo-oe.smi,<frozen-chemistry-source>,3
2098,Q5K,resolved,c1ccc(c(c1)NC(=O)[C@H](c2cccnc2)O)NS(=O)(=O)c3ccc(cc3)F,O=C(Nc1ccccc1NS(=O)(=O)c1ccc(F)cc1)[C@@H](O)c1cccnc1,Components-smiles-stereo-oe.smi,<frozen-chemistry-source>,3
2099,Q5R,resolved,c1ccc(cc1)N2CCN(CC2)C(=O)C3=CC(=O)Nc4c3cccc4,O=C(c1cc(=O)[nH]c2ccccc12)N1CCN(c2ccccc2)CC1,Components-smiles-stereo-oe.smi,<frozen-chemistry-source>,3
1794,Q5T,resolved,CC[C@@H](C(=O)N[C@H](C(=O)N[C@@H](CC(C)C)C(=O)N[C@@H](CCC(=O)N)CCS(=O)(=O)C)C(C)(C)C)NC(=O)CCOCCOCCOCCOCCNC(=O)CCCC[C@@H]1[C@@H]2[C@H](C=S1)NC(=O)N2,CC[C@H](NC(=O)CCOCCOCCOCCOCCNC(=O)CCCC[C@H]1[SH]=C[C@@H]2NC(=O)N[C@@H]21)C(=O)N[C@H](C(=O)N[C@@H](CC(C)C)C(=O)N[C@@H](CCC(N)=O)CCS(C)(=O)=O)C(C)(C)C,Components-smiles-stereo-oe.smi,<frozen-chemistry-source>,1
2100,Q60,resolved,Cn1cc(nn1)CNC(=O)N(CCc2ccccc2)Cc3cccnc3,Cn1cc(CNC(=O)N(CCc2ccccc2)Cc2cccnc2)nn1,Components-smiles-stereo-oe.smi,<frozen-chemistry-source>,3
2101,Q69,resolved,CC(=O)N[C@@H](CO)c1cccc(c1)Cl,CC(=O)N[C@@H](CO)c1cccc(Cl)c1,Components-smiles-stereo-oe.smi,<frozen-chemistry-source>,3
1332,Q6T,resolved,c1cc(c2c(c1)OCO2)C(=O)O,O=C(O)c1cccc2c1OCO2,Components-smiles-stereo-oe.smi,<frozen-chemistry-source>,3
2102,Q6U,resolved,CC(=O)N1CCN(CC1)CC#C,C#CCN1CCN(C(C)=O)CC1,Components-smiles-stereo-oe.smi,<frozen-chemistry-source>,3
2103,Q7C,resolved,CC(=O)N(CCC(=O)N)[C@H]1CCS(=O)(=O)C1,CC(=O)N(CCC(N)=O)[C@H]1CCS(=O)(=O)C1,Components-smiles-stereo-oe.smi,<frozen-chemistry-source>,3
2104,Q7R,resolved,CC(=O)N1CCN(CC1)C(c2ccccc2)c3ccccc3,CC(=O)N1CCN(C(c2ccccc2)c2ccccc2)CC1,Components-smiles-stereo-oe.smi,<frozen-chemistry-source>,3
822,Q82,resolved,c1ccc(cc1)C[C@@H]2[C@@H]([C@H]([C@H](N(C(=NC#N)N2Cc3ccc(cc3)CO)Cc4ccc(cc4)CO)Cc5ccccc5)O)O,N#CN=C1N(Cc2ccc(CO)cc2)[C@H](Cc2ccccc2)[C@H](O)[C@@H](O)[C@@H](Cc2ccccc2)N1Cc1ccc(CO)cc1,Components-smiles-stereo-oe.smi,<frozen-chemistry-source>,3
3025,Q83,resolved,c1cc2c(cc1[N+](=O)[O-])N(CC2)C(=O)CCCCCC(=O)O,O=C(O)CCCCCC(=O)N1CCc2ccc([N+](=O)[O-])cc21,Components-smiles-stereo-oe.smi,<frozen-chemistry-source>,1
2105,Q8I,resolved,CNCc1c[nH]c2c1cc(cc2)F,CNCc1c[nH]c2ccc(F)cc12,Components-smiles-stereo-oe.smi,<frozen-chemistry-source>,3
2106,Q8O,resolved,Cc1ccncc1NC(=O)Cc2ccc3c(c2)[nH]cn3,Cc1ccncc1NC(=O)Cc1ccc2nc[nH]c2c1,Components-smiles-stereo-oe.smi,<frozen-chemistry-source>,3
2107,Q99,resolved,c1ccc2c(c1)C(=CC(=O)N2)C(=O)NCCOc3cc(cc(c3)Cl)O[C@H]4CC(=O)N4,O=C1C[C@H](Oc2cc(Cl)cc(OCCNC(=O)c3cc(=O)[nH]c4ccccc34)c2)N1,Components-smiles-stereo-oe.smi,<frozen-chemistry-source>,4
1055,QAG,resolved,Cc1cc(cc(c1Oc2c3c(ccs3)nc(n2)Nc4ccc(c(c4)F)C#N)C)/C=C/C#N,Cc1cc(/C=C/C#N)cc(C)c1Oc1nc(Nc2ccc(C#N)c(F)c2)nc2ccsc12,Components-smiles-stereo-oe.smi,<frozen-chemistry-source>,3
2672,QAO,resolved,c1cc(cc(c1)F)CCNC(=O)[C@@H](c2cccnc2)N(c3ccc(cc3)S(F)(F)(F)(F)F)C(=O)C(Cl)Cl,O=C(NCCc1cccc(F)c1)[C@@H](c1cccnc1)N(C(=O)C(Cl)Cl)c1ccc(S(F)(F)(F)(F)F)cc1,Components-smiles-stereo-oe.smi,<frozen-chemistry-source>,1
2108,QBR,resolved,CC(C)(C)c1ccc(cc1)N([C@H](c2cccnc2)C(=O)NCCc3cccc(c3)F)C(=O)c4ccco4,CC(C)(C)c1ccc(N(C(=O)c2ccco2)[C@@H](C(=O)NCCc2cccc(F)c2)c2cccnc2)cc1,Components-smiles-stereo-oe.smi,<frozen-chemistry-source>,4
2109,QC3,resolved,c1ccc2c(c1)cncc2N3CC[C@H](C3=O)c4cccc(c4)Cl,O=C1[C@H](c2cccc(Cl)c2)CCN1c1cncc2ccccc12,Components-smiles-stereo-oe.smi,<frozen-chemistry-source>,7
2110,QCC,resolved,Cc1ccncc1NC(=O)Cc2cc(cc(c2)Cl)O[C@H]3CC(=O)N3,Cc1ccncc1NC(=O)Cc1cc(Cl)cc(O[C@H]2CC(=O)N2)c1,Components-smiles-stereo-oe.smi,<frozen-chemistry-source>,4
726,QCG,resolved,Cc1c(cc(c2c1CCCO2)F)c3c(c(nc4n3nc(c4)c5ccccc5)C)[C@@H](C(=O)O)OC(C)(C)C,Cc1nc2cc(-c3ccccc3)nn2c(-c2cc(F)c3c(c2C)CCCO3)c1[C@H](OC(C)(C)C)C(=O)O,Components-smiles-stereo-oe.smi,<frozen-chemistry-source>,4
662,QCH,resolved,CN(Cc1ccccc1C(=O)NCC2CCCCC2)Cc3ccc4c(c3C(=O)O)OC[C@@H](O4)CCC(=O)O,CN(Cc1ccccc1C(=O)NCC1CCCCC1)Cc1ccc2c(c1C(=O)O)OC[C@H](CCC(=O)O)O2,Components-smiles-stereo-oe.smi,<frozen-chemistry-source>,4
2111,QCO,resolved,CC(C)Oc1ccc(cc1)N([C@H](c2cccnc2)C(=O)NCCc3cccc(c3)F)C(=O)c4c[nH]cn4,CC(C)Oc1ccc(N(C(=O)c2c[nH]cn2)[C@@H](C(=O)NCCc2cccc(F)c2)c2cccnc2)cc1,Components-smiles-stereo-oe.smi,<frozen-chemistry-source>,3
1825,QCP,resolved,CC(C)[C@@H](c1ccccc1)C(=O)Nc2ccc(cc2)C(=O)NO,CC(C)[C@H](C(=O)Nc1ccc(C(=O)NO)cc1)c1ccccc1,Components-smiles-stereo-oe.smi,<frozen-chemistry-source>,3
2112,QD4,resolved,c1ccc2c(c1)cncc2NC(=O)[C@@H]3CCN(c4c3cc(cc4)Cl)C(=O)N,NC(=O)N1CC[C@@H](C(=O)Nc2cncc3ccccc23)c2cc(Cl)ccc21,Components-smiles-stereo-oe.smi,<frozen-chemistry-source>,4
457,QD6,resolved,Cc1cc2c(c(c(nc2n1Cc3cnn(c3)C)C)[C@@H](C(=O)O)OC(C)(C)C)c4ccc(cc4)Cl,Cc1nc2c(cc(C)n2Cc2cnn(C)c2)c(-c2ccc(Cl)cc2)c1[C@H](OC(C)(C)C)C(=O)O,Components-smiles-stereo-oe.smi,<frozen-chemistry-source>,8
2113,QD9,resolved,CN(C)c1ccc(nc1)N(Cc2cccc(c2)Cl)C(=O)Cc3cncc4c3cccc4,CN(C)c1ccc(N(Cc2cccc(Cl)c2)C(=O)Cc2cncc3ccccc23)nc1,Components-smiles-stereo-oe.smi,<frozen-chemistry-source>,4
2114,QDF,resolved,c1ccc2c(c1)cncc2NC(=O)[C@@H]3CC(=O)Nc4c3cc(cc4)Cl,O=C1C[C@@H](C(=O)Nc2cncc3ccccc23)c2cc(Cl)ccc2N1,Components-smiles-stereo-oe.smi,<frozen-chemistry-source>,4
2115,QDU,resolved,c1ccc2c(c1)cncc2NC(=O)Cc3cc(ccc3F)F,O=C(Cc1cc(F)ccc1F)Nc1cncc2ccccc12,Components-smiles-stereo-oe.smi,<frozen-chemistry-source>,4
2116,QE3,resolved,c1ccc2c(c1)cncc2NC(=O)Cc3ccc(cn3)Cl,O=C(Cc1ccc(Cl)cn1)Nc1cncc2ccccc12,Components-smiles-stereo-oe.smi,<frozen-chemistry-source>,4
1813,QEL,resolved,C[C@@H](C(c1ccc(cc1)O)O)N2CCC(CC2)Cc3ccccc3,C[C@@H](C(O)c1ccc(O)cc1)N1CCC(Cc2ccccc2)CC1,Components-smiles-stereo-oe.smi,<frozen-chemistry-source>,3
2117,QER,resolved,c1ccc2c(c1)cncc2NC(=O)Cc3cccc(c3)F,O=C(Cc1cccc(F)c1)Nc1cncc2ccccc12,Components-smiles-stereo-oe.smi,<frozen-chemistry-source>,4
2118,QEX,resolved,Cc1cccc(c1)CC(=O)Nc2cncc3c2cccc3,Cc1cccc(CC(=O)Nc2cncc3ccccc23)c1,Components-smiles-stereo-oe.smi,<frozen-chemistry-source>,4
2119,QF5,resolved,c1ccc(cc1)CC(=O)Nc2cncc3c2cccc3,O=C(Cc1ccccc1)Nc1cncc2ccccc12,Components-smiles-stereo-oe.smi,<frozen-chemistry-source>,4
2120,QF9,resolved,c1ccc2c(c1)cncc2NC(=O)Cc3cc(cc(c3)Cl)C#N,N#Cc1cc(Cl)cc(CC(=O)Nc2cncc3ccccc23)c1,Components-smiles-stereo-oe.smi,<frozen-chemistry-source>,3
82,QFI,resolved,CC(C)C[N@@](C[C@H]([C@H](Cc1ccc(cc1)OCP(=O)(O)O)NC(=O)O[C@H]2CO[C@@H]3[C@H]2CCO3)O)S(=O)(=O)c4ccc(cc4)OC,COc1ccc(S(=O)(=O)N(CC(C)C)C[C@@H](O)[C@H](Cc2ccc(OCP(=O)(O)O)cc2)NC(=O)O[C@H]2CO[C@H]3OCC[C@H]32)cc1,Components-smiles-stereo-oe.smi,<frozen-chemistry-source>,3
2121,QFL,resolved,c1ccc2c(c1)cncc2NC(=O)Cc3ccc(cc3)F,O=C(Cc1ccc(F)cc1)Nc1cncc2ccccc12,Components-smiles-stereo-oe.smi,<frozen-chemistry-source>,4
2122,QFU,resolved,c1ccc2c(c1)cncc2NC(=O)Cc3cccc(c3)C#N,N#Cc1cccc(CC(=O)Nc2cncc3ccccc23)c1,Components-smiles-stereo-oe.smi,<frozen-chemistry-source>,3
2123,QG3,resolved,c1ccc2c(c1)cncc2NC(=O)Cc3cc(cc(c3)F)F,O=C(Cc1cc(F)cc(F)c1)Nc1cncc2ccccc12,Components-smiles-stereo-oe.smi,<frozen-chemistry-source>,4
2124,QGC,resolved,c1ccc2c(c1)cncc2NC(=O)[C@@H]3CCN(c4c3cc(cc4)Cl)Cc5[nH]cnn5,O=C(Nc1cncc2ccccc12)[C@@H]1CCN(Cc2nnc[nH]2)c2ccc(Cl)cc21,Components-smiles-stereo-oe.smi,<frozen-chemistry-source>,4
2125,QGO,resolved,CN(C)C(=O)C[C@]1(CCOc2c1cc(cc2)Cl)C(=O)Nc3cncc4c3cccc4,CN(C)C(=O)C[C@@]1(C(=O)Nc2cncc3ccccc23)CCOc2ccc(Cl)cc21,Components-smiles-stereo-oe.smi,<frozen-chemistry-source>,4
2126,QGX,resolved,c1ccc2c(c1)cncc2NC(=O)[C@@H](c3ccc(c(c3)Cl)Cl)N,N[C@@H](C(=O)Nc1cncc2ccccc12)c1ccc(Cl)c(Cl)c1,Components-smiles-stereo-oe.smi,<frozen-chemistry-source>,4
2656,QH0,resolved,CC(C)C[C@@H](C(=O)N[C@H](CC[N+](=O)[O-])C[C@H]1CCNC1=O)NC(=O)OCc2ccccc2,CC(C)C[C@H](NC(=O)OCc1ccccc1)C(=O)N[C@H](CC[N+](=O)[O-])C[C@H]1CCNC1=O,Components-smiles-stereo-oe.smi,<frozen-chemistry-source>,1
2127,QH6,resolved,c1ccc2c(c1)cncc2NC(=O)Cc3ccc(c(c3)Cl)F,O=C(Cc1ccc(F)c(Cl)c1)Nc1cncc2ccccc12,Components-smiles-stereo-oe.smi,<frozen-chemistry-source>,4
924,QHA,resolved,CC(C)CN(C[C@H]([C@H](Cc1ccccc1)NC(=O)O[C@H]2CO[C@@H]3[C@H]2[C@H](CO3)OCC(=C)F)O)S(=O)(=O)c4ccc5c(c4)oc(n5)NC,C=C(F)CO[C@H]1CO[C@@H]2OC[C@H](OC(=O)N[C@@H](Cc3ccccc3)[C@H](O)CN(CC(C)C)S(=O)(=O)c3ccc4nc(NC)oc4c3)[C@@H]21,Components-smiles-stereo-oe.smi,<frozen-chemistry-source>,3
2128,QHI,resolved,c1ccc2c(c1)cncc2NC(=O)[C@@H]3CCOc4c3cc(cc4Cl)Cl,O=C(Nc1cncc2ccccc12)[C@@H]1CCOc2c(Cl)cc(Cl)cc21,Components-smiles-stereo-oe.smi,<frozen-chemistry-source>,4
2129,QHU,resolved,c1ccc2c(c1)cncc2NC(=O)[C@@H]3CCOc4c3cc(c(c4)Cl)Cl,O=C(Nc1cncc2ccccc12)[C@@H]1CCOc2cc(Cl)c(Cl)cc21,Components-smiles-stereo-oe.smi,<frozen-chemistry-source>,3
2130,QI4,resolved,C[C@@H](c1ccc(c(c1)Cl)Cl)C(=O)Nc2cncc3c2cccc3,C[C@H](C(=O)Nc1cncc2ccccc12)c1ccc(Cl)c(Cl)c1,Components-smiles-stereo-oe.smi,<frozen-chemistry-source>,4
2131,QI7,resolved,c1ccc2c(c1)cncc2NC(=O)[C@@H]3CCN(c4c3cc(cc4)Cl)Cc5[nH]ccn5,O=C(Nc1cncc2ccccc12)[C@@H]1CCN(Cc2ncc[nH]2)c2ccc(Cl)cc21,Components-smiles-stereo-oe.smi,<frozen-chemistry-source>,4
2133,QIB,resolved,c1ccc2c(c1)cncc2NC(=O)[C@@]3(CCOc4c3cc(cc4)Cl)O,O=C(Nc1cncc2ccccc12)[C@]1(O)CCOc2ccc(Cl)cc21,Components-smiles-stereo-oe.smi,<frozen-chemistry-source>,4
196,QID,resolved,c1ccc(cc1)S(=O)(=O)c2ccc3c(c2)C(=O)N(C(=O)N3)O,O=c1[nH]c2ccc(S(=O)(=O)c3ccccc3)cc2c(=O)n1O,Components-smiles-stereo-oe.smi,<frozen-chemistry-source>,3
2132,QIM,resolved,CS(=O)(=O)c1ccc2cncc(c2c1)NC(=O)[C@@H]3CCOc4c3cc(cc4)Cl,CS(=O)(=O)c1ccc2cncc(NC(=O)[C@@H]3CCOc4ccc(Cl)cc43)c2c1,Components-smiles-stereo-oe.smi,<frozen-chemistry-source>,4
1703,QIO,resolved,c1cc2c(cc1F)[nH]c3c2c(ncn3)N4CCC[C@H](C4)[C@H](C(=O)O)O,O=C(O)[C@H](O)[C@@H]1CCCN(c2ncnc3[nH]c4cc(F)ccc4c23)C1,Components-smiles-stereo-oe.smi,<frozen-chemistry-source>,3
2134,QIQ,resolved,c1ccc2c(c1)cncc2NC(=O)Cc3cc(cnc3)Cl,O=C(Cc1cncc(Cl)c1)Nc1cncc2ccccc12,Components-smiles-stereo-oe.smi,<frozen-chemistry-source>,4
1704,QIR,resolved,c1cc2c(cc1F)[nH]c3c2c(ncn3)N4CCC[C@H](C4)[C@@H](C(=O)O)O,O=C(O)[C@@H](O)[C@@H]1CCCN(c2ncnc3[nH]c4cc(F)ccc4c23)C1,Components-smiles-stereo-oe.smi,<frozen-chemistry-source>,3
2135,QIT,resolved,CN[C@@H](c1ccc(c(c1)Cl)Cl)C(=O)Nc2cncc3c2cccc3,CN[C@H](C(=O)Nc1cncc2ccccc12)c1ccc(Cl)c(Cl)c1,Components-smiles-stereo-oe.smi,<frozen-chemistry-source>,4
1639,QIW,resolved,CCc1c[nH]c2c1cc(cn2)c3c(c(nn3C)C)C(=O)O,CCc1c[nH]c2ncc(-c3c(C(=O)O)c(C)nn3C)cc12,Components-smiles-stereo-oe.smi,<frozen-chemistry-source>,4
2136,QIZ,resolved,c1ccc2c(c1)cncc2NC(=O)[C@@H]3CCOc4c3cc(c(c4)F)Cl,O=C(Nc1cncc2ccccc12)[C@@H]1CCOc2cc(F)c(Cl)cc21,Components-smiles-stereo-oe.smi,<frozen-chemistry-source>,6
1640,QJ0,resolved,c1c(cnc2c1c(c[nH]2)C(=O)CSc3[nH]nnn3)Br,O=C(CSc1nnn[nH]1)c1c[nH]c2ncc(Br)cc12,Components-smiles-stereo-oe.smi,<frozen-chemistry-source>,3
2137,QJ6,resolved,CO[C@H](c1ccc(c(c1)Cl)Cl)C(=O)Nc2cncc3c2cccc3,CO[C@@H](C(=O)Nc1cncc2ccccc12)c1ccc(Cl)c(Cl)c1,Components-smiles-stereo-oe.smi,<frozen-chemistry-source>,4
1641,QJC,resolved,C1CN(C[C@]1(CF)C(=O)O)C(=O)C2=CC(=O)NN=C2,O=C(c1cn[nH]c(=O)c1)N1CC[C@@](CF)(C(=O)O)C1,Components-smiles-stereo-oe.smi,<frozen-chemistry-source>,3
2138,QJF,resolved,COc1ccc2cncc(c2c1)NC(=O)[C@@H]3CCOc4c3cc(cc4)Cl,COc1ccc2cncc(NC(=O)[C@@H]3CCOc4ccc(Cl)cc43)c2c1,Components-smiles-stereo-oe.smi,<frozen-chemistry-source>,3
1642,QJG,resolved,C[C@H]1C[C@H](N1C(=O)c2cc(nc3c2cc(cc3)F)O)C(=O)O,C[C@H]1C[C@@H](C(=O)O)N1C(=O)c1cc(O)nc2ccc(F)cc12,Components-smiles-stereo-oe.smi,<frozen-chemistry-source>,3
2139,QJL,resolved,CN(C)CC(=O)NC[C@]1(CCOc2c1cc(cc2)Cl)C(=O)Nc3cncc4c3cccc4,CN(C)CC(=O)NC[C@@]1(C(=O)Nc2cncc3ccccc23)CCOc2ccc(Cl)cc21,Components-smiles-stereo-oe.smi,<frozen-chemistry-source>,4
1643,QJO,resolved,c1c(cnc(n1)N)S(=O)(=O)N2CC(C[C@H]2C(=O)O)(F)F,Nc1ncc(S(=O)(=O)N2CC(F)(F)C[C@H]2C(=O)O)cn1,Components-smiles-stereo-oe.smi,<frozen-chemistry-source>,3
2140,QJR,resolved,c1cc(c(cc1CC(=O)Nc2cncc3c2ccnc3)Cl)Cl,O=C(Cc1ccc(Cl)c(Cl)c1)Nc1cncc2cnccc12,Components-smiles-stereo-oe.smi,<frozen-chemistry-source>,4
1644,QJU,resolved,Cc1nc(on1)C[C@H]2CCCN(C2)c3c4c5ccc(cc5[nH]c4ncn3)F,Cc1noc(C[C@H]2CCCN(c3ncnc4[nH]c5cc(F)ccc5c34)C2)n1,Components-smiles-stereo-oe.smi,<frozen-chemistry-source>,3
996,QJY,resolved,CC(C)CN(C[C@H]([C@H](Cc1cc(cc(c1)F)F)NC(=O)O[C@H]2CCO[C@@H]3[C@H]2CCO3)O)S(=O)(=O)c4ccc5c(c4)sc(n5)NC(C)C,CC(C)CN(C[C@@H](O)[C@H](Cc1cc(F)cc(F)c1)NC(=O)O[C@H]1CCO[C@H]2OCC[C@H]21)S(=O)(=O)c1ccc2nc(NC(C)C)sc2c1,Components-smiles-stereo-oe.smi,<frozen-chemistry-source>,3
997,QK1,resolved,CC(C)CN(C[C@H]([C@H](Cc1ccc(cc1)F)NC(=O)O[C@H]2CCO[C@@H]3[C@H]2CCO3)O)S(=O)(=O)c4ccc5c(c4)sc(n5)NC(C)C,CC(C)CN(C[C@@H](O)[C@H](Cc1ccc(F)cc1)NC(=O)O[C@H]1CCO[C@H]2OCC[C@H]21)S(=O)(=O)c1ccc2nc(NC(C)C)sc2c1,Components-smiles-stereo-oe.smi,<frozen-chemistry-source>,3
2141,QK3,resolved,c1ccc2c(c1)cncc2NC(=O)[C@@]3(CCOc4c3cc(cc4)Cl)CNC(=O)Cn5ccnc5,O=C(Cn1ccnc1)NC[C@@]1(C(=O)Nc2cncc3ccccc23)CCOc2ccc(Cl)cc21,Components-smiles-stereo-oe.smi,<frozen-chemistry-source>,4
1645,QK6,resolved,c1cc2c(cc1F)[nH]c3c2c(ncn3)N4CCO[C@@H](C4)CC(=O)O,O=C(O)C[C@@H]1CN(c2ncnc3[nH]c4cc(F)ccc4c23)CCO1,Components-smiles-stereo-oe.smi,<frozen-chemistry-source>,3
2142,QKB,resolved,c1cc2cncc(c2cc1F)NC(=O)[C@@H]3CCOc4c3cc(cc4)Cl,O=C(Nc1cncc2ccc(F)cc12)[C@@H]1CCOc2ccc(Cl)cc21,Components-smiles-stereo-oe.smi,<frozen-chemistry-source>,3
1646,QKC,resolved,CS(=O)(=O)[C@@H]1CCCN(C1)c2c3c4ccc(cc4[nH]c3ncn2)F,CS(=O)(=O)[C@@H]1CCCN(c2ncnc3[nH]c4cc(F)ccc4c23)C1,Components-smiles-stereo-oe.smi,<frozen-chemistry-source>,4
2143,QKI,resolved,c1ccc2c(c1)cncc2NC(=O)[C@H](c3ccc(c(c3)Cl)Cl)O,O=C(Nc1cncc2ccccc12)[C@@H](O)c1ccc(Cl)c(Cl)c1,Components-smiles-stereo-oe.smi,<frozen-chemistry-source>,4
1647,QKL,resolved,c1ccc2c(c1)C[C@@H]([C@H]2NC(=O)c3ccc(cc3)NC(=O)NC4CC4)C(=O)O,O=C(Nc1ccc(C(=O)N[C@H]2c3ccccc3C[C@@H]2C(=O)O)cc1)NC1CC1,Components-smiles-stereo-oe.smi,<frozen-chemistry-source>,3
2144,QKR,resolved,c1ccc2c(c1)cncc2NC(=O)C(c3ccc(c(c3)Cl)Cl)(F)F,O=C(Nc1cncc2ccccc12)C(F)(F)c1ccc(Cl)c(Cl)c1,Components-smiles-stereo-oe.smi,<frozen-chemistry-source>,4
1648,QKX,resolved,c1ccc2c(c1)C[C@@H]([C@@H]2NC(=O)c3ccc(cc3)NC(=O)NC4CC4)C(=O)O,O=C(Nc1ccc(C(=O)N[C@@H]2c3ccccc3C[C@@H]2C(=O)O)cc1)NC1CC1,Components-smiles-stereo-oe.smi,<frozen-chemistry-source>,3
2145,QL3,resolved,CC(=O)Nc1ccc(cn1)N(Cc2cccc(c2)Cl)C(=O)Cc3cncc4c3cccc4,CC(=O)Nc1ccc(N(Cc2cccc(Cl)c2)C(=O)Cc2cncc3ccccc23)cn1,Components-smiles-stereo-oe.smi,<frozen-chemistry-source>,4
1649,QL6,resolved,c1ccc2c(c1)c(c([nH]2)C(=O)O)CNC(=O)c3ccc(cc3)NC(=O)NC4CC4,O=C(Nc1ccc(C(=O)NCc2c(C(=O)O)[nH]c3ccccc23)cc1)NC1CC1,Components-smiles-stereo-oe.smi,<frozen-chemistry-source>,5
2146,QLC,resolved,COCCO[C@H](c1ccc(c(c1)Cl)Cl)C(=O)Nc2cncc3c2cccc3,COCCO[C@@H](C(=O)Nc1cncc2ccccc12)c1ccc(Cl)c(Cl)c1,Components-smiles-stereo-oe.smi,<frozen-chemistry-source>,4
1615,QLF,resolved,c1cc2c(c(c1)O)C[C@@H]([C@@H]2NC(=O)c3cc4c(nc3)NCCC4)C(=O)O,O=C(N[C@@H]1c2cccc(O)c2C[C@@H]1C(=O)O)c1cnc2c(c1)CCCN2,Components-smiles-stereo-oe.smi,<frozen-chemistry-source>,3
2147,QLO,resolved,CNC(=O)C[C@]1(CCOc2c1cc(cc2)Cl)C(=O)Nc3cncc4c3cccc4,CNC(=O)C[C@@]1(C(=O)Nc2cncc3ccccc23)CCOc2ccc(Cl)cc21,Components-smiles-stereo-oe.smi,<frozen-chemistry-source>,4
1616,QLU,resolved,c1cc2c(c(c1)O)C[C@H]([C@H]2NC(=O)c3cc4c(nc3)NCCC4)C(=O)O,O=C(N[C@H]1c2cccc(O)c2C[C@H]1C(=O)O)c1cnc2c(c1)CCCN2,Components-smiles-stereo-oe.smi,<frozen-chemistry-source>,3
2148,QM3,resolved,c1ccc2c(c1)cncc2N3C(=O)C[C@@]4(C3=O)CCOc5c4cc(cc5)Cl,O=C1C[C@]2(CCOc3ccc(Cl)cc32)C(=O)N1c1cncc2ccccc12,Components-smiles-stereo-oe.smi,<frozen-chemistry-source>,7
1650,QM6,resolved,c1ccc2c(c1)c(c(o2)C(=O)O)CNC(=O)c3ccc(cc3)NC(=O)NC4CC4,O=C(Nc1ccc(C(=O)NCc2c(C(=O)O)oc3ccccc23)cc1)NC1CC1,Components-smiles-stereo-oe.smi,<frozen-chemistry-source>,3
394,QM8,resolved,C(CCS)C[C@@H](C(=O)O)N,N[C@@H](CCCCS)C(=O)O,Components-smiles-stereo-oe.smi,<frozen-chemistry-source>,1
2149,QM9,resolved,c1ccc2c(c1)cncc2NC(=O)[C@@]3(CCOc4c3cc(cc4)Cl)N,N[C@@]1(C(=O)Nc2cncc3ccccc23)CCOc2ccc(Cl)cc21,Components-smiles-stereo-oe.smi,<frozen-chemistry-source>,4
1651,QMF,resolved,c1ccc2c(c1)c(c(s2)C(=O)O)CNC(=O)c3ccc(cc3)NC(=O)NC4CC4,O=C(Nc1ccc(C(=O)NCc2c(C(=O)O)sc3ccccc23)cc1)NC1CC1,Components-smiles-stereo-oe.smi,<frozen-chemistry-source>,3
2150,QML,resolved,CCC(=O)N(c1cncc2c1cccc2)C(=O)[C@@H]3COc4c3cc(cc4)Cl,CCC(=O)N(C(=O)[C@@H]1COc2ccc(Cl)cc21)c1cncc2ccccc12,Components-smiles-stereo-oe.smi,<frozen-chemistry-source>,4
1652,QMO,resolved,CC(C)NC(=O)Nc1ccc(cc1)C(=O)N[C@H]2c3cccc(c3C[C@H]2C(=O)O)O,CC(C)NC(=O)Nc1ccc(C(=O)N[C@H]2c3cccc(O)c3C[C@H]2C(=O)O)cc1,Components-smiles-stereo-oe.smi,<frozen-chemistry-source>,3
2151,QMX,resolved,Cn1ccc(n1)CNC[C@]2(CCOc3c2cc(cc3)Cl)C(=O)Nc4cncc5c4cccc5,Cn1ccc(CNC[C@@]2(C(=O)Nc3cncc4ccccc34)CCOc3ccc(Cl)cc32)n1,Components-smiles-stereo-oe.smi,<frozen-chemistry-source>,4
1653,QN0,resolved,CC(C)NC(=O)Nc1ccc(cc1)C(=O)N[C@@H]2c3cccc(c3C[C@@H]2C(=O)O)O,CC(C)NC(=O)Nc1ccc(C(=O)N[C@@H]2c3cccc(O)c3C[C@@H]2C(=O)O)cc1,Components-smiles-stereo-oe.smi,<frozen-chemistry-source>,3
107,QN1,resolved,c1cc(ccc1CN([C@H]2CNC[C@@H]2N(Cc3ccc(cc3)C(F)(F)F)S(=O)(=O)c4ccc(cc4)C(=O)N)S(=O)(=O)c5ccc(cc5)C(=O)N)C(F)(F)F,NC(=O)c1ccc(S(=O)(=O)N(Cc2ccc(C(F)(F)F)cc2)[C@H]2CNC[C@@H]2N(Cc2ccc(C(F)(F)F)cc2)S(=O)(=O)c2ccc(C(N)=O)cc2)cc1,Components-smiles-stereo-oe.smi,<frozen-chemistry-source>,3
108,QN2,resolved,c1ccc(cc1)S(=O)(=O)N(Cc2ccc(cc2)I)[C@H]3CNC[C@@H]3N(Cc4ccc(cc4)I)S(=O)(=O)c5ccccc5,O=S(=O)(c1ccccc1)N(Cc1ccc(I)cc1)[C@H]1CNC[C@@H]1N(Cc1ccc(I)cc1)S(=O)(=O)c1ccccc1,Components-smiles-stereo-oe.smi,<frozen-chemistry-source>,3
109,QN3,resolved,c1ccc(cc1)CN([C@H]2CNC[C@@H]2N(Cc3ccccc3)S(=O)(=O)c4ccccc4Cl)S(=O)(=O)c5ccccc5Cl,O=S(=O)(c1ccccc1Cl)N(Cc1ccccc1)[C@H]1CNC[C@@H]1N(Cc1ccccc1)S(=O)(=O)c1ccccc1Cl,Components-smiles-stereo-oe.smi,<frozen-chemistry-source>,3
2152,QN9,resolved,c1ccc2c(c1)cncc2NC(=O)[C@@]3(CCOc4c3cc(cc4)Cl)CC(=O)N5CCN(CC5)CCCO,O=C(C[C@@]1(C(=O)Nc2cncc3ccccc23)CCOc2ccc(Cl)cc21)N1CCN(CCCO)CC1,Components-smiles-stereo-oe.smi,<frozen-chemistry-source>,3
1654,QNF,resolved,c1cc2c(c(c1)O)C[C@H]([C@H]2NC(=O)c3ccc4c(c3)OCC(=O)N4)C(=O)O,O=C1COc2cc(C(=O)N[C@H]3c4cccc(O)c4C[C@H]3C(=O)O)ccc2N1,Components-smiles-stereo-oe.smi,<frozen-chemistry-source>,3
348,QNG,resolved,CC(C)(C#Cc1ccc(c(n1)[C@H](Cc2cc(cc(c2)F)F)NC(=O)Cn3c4c(c(n3)C(F)(F)F)[C@H]5C[C@H]5C4(F)F)c6ccc(c7c6n(nc7NS(=O)(=O)C)CC(F)(F)F)Cl)S(=O)(=O)C,CC(C)(C#Cc1ccc(-c2ccc(Cl)c3c(NS(C)(=O)=O)nn(CC(F)(F)F)c23)c([C@H](Cc2cc(F)cc(F)c2)NC(=O)Cn2nc(C(F)(F)F)c3c2C(F)(F)[C@@H]2C[C@H]32)n1)S(C)(=O)=O,Components-smiles-stereo-oe.smi,<frozen-chemistry-source>,20
2153,QNU,resolved,c1ccc2c(c1)cncc2NC(=O)[C@@H]3CNCc4c3cc(cc4)Cl,O=C(Nc1cncc2ccccc12)[C@@H]1CNCc2ccc(Cl)cc21,Components-smiles-stereo-oe.smi,<frozen-chemistry-source>,6
1655,QNV,resolved,c1cc2c(c(c1)O)C[C@@H]([C@@H]2NC(=O)c3ccc4c(c3)OCC(=O)N4)C(=O)O,O=C1COc2cc(C(=O)N[C@@H]3c4cccc(O)c4C[C@@H]3C(=O)O)ccc2N1,Components-smiles-stereo-oe.smi,<frozen-chemistry-source>,4
2154,QO0,resolved,CO[C@]1(CCOc2c1cc(c(c2)Cl)Cl)C(=O)Nc3cncc4c3cccc4,CO[C@@]1(C(=O)Nc2cncc3ccccc23)CCOc2cc(Cl)c(Cl)cc21,Components-smiles-stereo-oe.smi,<frozen-chemistry-source>,4
1656,QO3,resolved,c1cc2c(c(c1)O)C[C@H]([C@H]2NC(=O)c3ccc(nc3)NCC4CC4)C(=O)O,O=C(N[C@H]1c2cccc(O)c2C[C@H]1C(=O)O)c1ccc(NCC2CC2)nc1,Components-smiles-stereo-oe.smi,<frozen-chemistry-source>,3
2641,QO6,resolved,CC(=O)Nc1ccc2c(c1)CCC2,CC(=O)Nc1ccc2c(c1)CCC2,Components-smiles-stereo-oe.smi,<frozen-chemistry-source>,1
199,QO9,resolved,CC1=CN(C(=O)NC1=O)[C@H]2[C@@H]([C@]3([C@H](O2)CO[Si](C)(C)C(C)(C)C)C(=CS(=O)(=O)O3)N)O[Si](C)(C)C(C)(C)C,Cc1cn([C@@H]2O[C@H](CO[Si](C)(C)C(C)(C)C)[C@@]3(OS(=O)(=O)C=C3N)[C@H]2O[Si](C)(C)C(C)(C)C)c(=O)[nH]c1=O,Components-smiles-stereo-oe.smi,<frozen-chemistry-source>,3
2157,QOC,resolved,c1ccc2c(c1)cncc2N3CCC[C@@H](C3=O)c4ccc(c(c4)Cl)Cl,O=C1[C@@H](c2ccc(Cl)c(Cl)c2)CCCN1c1cncc2ccccc12,Components-smiles-stereo-oe.smi,<frozen-chemistry-source>,3
1657,QOF,resolved,c1cc2c(c(c1)O)C[C@@H]([C@@H]2NC(=O)c3ccc(nc3)NCC4CC4)C(=O)O,O=C(N[C@@H]1c2cccc(O)c2C[C@@H]1C(=O)O)c1ccc(NCC2CC2)nc1,Components-smiles-stereo-oe.smi,<frozen-chemistry-source>,3
589,QOJ,resolved,c1ccc2c(c1)c(c3c([n+]2CCCCCCCCCC[n+]4c5ccccc5c(c6c4CCC6)N)CCC3)N,Nc1c2c([n+](CCCCCCCCCC[n+]3c4c(c(N)c5ccccc53)CCC4)c3ccccc13)CCC2,Components-smiles-stereo-oe.smi,<frozen-chemistry-source>,5
2155,QOO,resolved,CCS(=O)(=O)N1CCN(CC1)c2cc(cc(c2)Cl)CC(=O)Nc3cncc4c3cccc4,CCS(=O)(=O)N1CCN(c2cc(Cl)cc(CC(=O)Nc3cncc4ccccc34)c2)CC1,Components-smiles-stereo-oe.smi,<frozen-chemistry-source>,3
1658,QOR,resolved,c1cc2c(c(c1)O)C[C@H]([C@H]2NC(=O)c3cnc(cn3)NC4CCOCC4)C(=O)O,O=C(N[C@H]1c2cccc(O)c2C[C@H]1C(=O)O)c1cnc(NC2CCOCC2)cn1,Components-smiles-stereo-oe.smi,<frozen-chemistry-source>,3
2156,QOU,resolved,COCC[C@]1(CCNc2c1cc(cc2)Cl)C(=O)Nc3cncc4c3cccc4,COCC[C@@]1(C(=O)Nc2cncc3ccccc23)CCNc2ccc(Cl)cc21,Components-smiles-stereo-oe.smi,<frozen-chemistry-source>,3
2158,QP0,resolved,C[C@H]1COc2ccc(cc2[C@@H]1C(=O)Nc3cncc4c3cccc4)Cl,C[C@H]1COc2ccc(Cl)cc2[C@@H]1C(=O)Nc1cncc2ccccc12,Components-smiles-stereo-oe.smi,<frozen-chemistry-source>,3
2159,QP6,resolved,CO[C@]1(CCOc2c1cc(cc2F)F)C(=O)Nc3cncc4c3cccc4,CO[C@@]1(C(=O)Nc2cncc3ccccc23)CCOc2c(F)cc(F)cc21,Components-smiles-stereo-oe.smi,<frozen-chemistry-source>,7
1659,QP9,resolved,c1cc2c(c(c1)O)C[C@@H]([C@@H]2NC(=O)c3cnc(cn3)NC4CCOCC4)C(=O)O,O=C(N[C@@H]1c2cccc(O)c2C[C@@H]1C(=O)O)c1cnc(NC2CCOCC2)cn1,Components-smiles-stereo-oe.smi,<frozen-chemistry-source>,3
1660,QPL,resolved,c1cc2c(c(c1)O)C[C@H]([C@H]2NC(=O)c3ccc4c(c3)nc([nH]4)CO)C(=O)O,O=C(N[C@H]1c2cccc(O)c2C[C@H]1C(=O)O)c1ccc2[nH]c(CO)nc2c1,Components-smiles-stereo-oe.smi,<frozen-chemistry-source>,3
2160,QPQ,resolved,CO[C@]1(CCOc2c1cc(c(c2)F)Cl)C(=O)Nc3cncc4c3cccc4,CO[C@@]1(C(=O)Nc2cncc3ccccc23)CCOc2cc(F)c(Cl)cc21,Components-smiles-stereo-oe.smi,<frozen-chemistry-source>,3
1661,QPX,resolved,c1cc2c(c(c1)O)C[C@@H]([C@@H]2NC(=O)c3ccc4c(c3)nc([nH]4)CO)C(=O)O,O=C(N[C@@H]1c2cccc(O)c2C[C@@H]1C(=O)O)c1ccc2[nH]c(CO)nc2c1,Components-smiles-stereo-oe.smi,<frozen-chemistry-source>,4
2161,QQ6,resolved,c1ccc2c(c1)cncc2NC(=O)[C@@H]3CCSc4c3cc(cc4)Cl,O=C(Nc1cncc2ccccc12)[C@@H]1CCSc2ccc(Cl)cc21,Components-smiles-stereo-oe.smi,<frozen-chemistry-source>,3
1663,QQ9,resolved,c1c[nH]c2c1c(ccn2)C(=O)N3CCC[C@H](C3)C(=O)O,O=C(O)[C@@H]1CCCN(C(=O)c2ccnc3[nH]ccc23)C1,Components-smiles-stereo-oe.smi,<frozen-chemistry-source>,3
2162,QQF,resolved,C[C@@](c1ccc(c(c1)Cl)Cl)(C(=O)Nc2cncc3c2cccc3)NC(=O)COC,COCC(=O)N[C@@](C)(C(=O)Nc1cncc2ccccc12)c1ccc(Cl)c(Cl)c1,Components-smiles-stereo-oe.smi,<frozen-chemistry-source>,3
1664,QQI,resolved,c1cc2c(c(c1)O)C[C@H]([C@H]2NC(=O)c3ccc(nc3)NC(=O)NC4CC4)C(=O)O,O=C(Nc1ccc(C(=O)N[C@H]2c3cccc(O)c3C[C@H]2C(=O)O)cn1)NC1CC1,Components-smiles-stereo-oe.smi,<frozen-chemistry-source>,3
2655,QQL,resolved,CC(C)C[C@@H](C(=O)N[C@H](CC[N+](=O)[O-])C[C@@H]1CCNC1=O)NC(=O)c2cc3c([nH]2)cccc3OC,COc1cccc2[nH]c(C(=O)N[C@@H](CC(C)C)C(=O)N[C@H](CC[N+](=O)[O-])C[C@@H]3CCNC3=O)cc12,Components-smiles-stereo-oe.smi,<frozen-chemistry-source>,1
2163,QQO,resolved,CC(C)N1CCO[C@H](C1)C(=O)N[C@](C)(c2ccc(c(c2)Cl)Cl)C(=O)Nc3cncc4c3cccc4,CC(C)N1CCO[C@@H](C(=O)N[C@@](C)(C(=O)Nc2cncc3ccccc23)c2ccc(Cl)c(Cl)c2)C1,Components-smiles-stereo-oe.smi,<frozen-chemistry-source>,3
1665,QQR,resolved,c1cc2c(c(c1)O)C[C@@H]([C@@H]2NC(=O)c3ccc(nc3)NC(=O)NC4CC4)C(=O)O,O=C(Nc1ccc(C(=O)N[C@@H]2c3cccc(O)c3C[C@@H]2C(=O)O)cn1)NC1CC1,Components-smiles-stereo-oe.smi,<frozen-chemistry-source>,3
2164,QQU,resolved,c1ccc2c(c1)cncc2NC(=O)[C@@]3(CCOc4c3cc(cc4)Cl)CC(=O)N5CCCC[C@@H]5c6c[nH]nc6,O=C(C[C@@]1(C(=O)Nc2cncc3ccccc23)CCOc2ccc(Cl)cc21)N1CCCC[C@@H]1c1cn[nH]c1,Components-smiles-stereo-oe.smi,<frozen-chemistry-source>,3
1662,QR0,resolved,c1cc2c(c(c1)O)C[C@@H]([C@@H]2NC(=O)c3ccc(cc3)Nn4ccnc4)C(=O)O,O=C(N[C@@H]1c2cccc(O)c2C[C@@H]1C(=O)O)c1ccc(Nn2ccnc2)cc1,Components-smiles-stereo-oe.smi,<frozen-chemistry-source>,3
2165,QR5,resolved,C[C@@](c1ccc(c(c1)Cl)Cl)(C(=O)Nc2cncc3c2cccc3)NC(=O)CN4CCN(C4=O)C5CC5,C[C@](NC(=O)CN1CCN(C2CC2)C1=O)(C(=O)Nc1cncc2ccccc12)c1ccc(Cl)c(Cl)c1,Components-smiles-stereo-oe.smi,<frozen-chemistry-source>,3
1666,QR6,resolved,c1cc2c(c(c1)O)C[C@@H]([C@@H]2NC(=O)c3ccc(cc3Cl)NC(=O)NC4CC4)C(=O)O,O=C(Nc1ccc(C(=O)N[C@@H]2c3cccc(O)c3C[C@@H]2C(=O)O)c(Cl)c1)NC1CC1,Components-smiles-stereo-oe.smi,<frozen-chemistry-source>,3
2166,QR9,resolved,CC(=O)N1C[C@H]2C[C@@H]1CN2C(=O)C[C@]3(CCOc4c3cc(cc4)Cl)C(=O)Nc5cncc6c5cccc6,CC(=O)N1C[C@H]2C[C@@H]1CN2C(=O)C[C@@]1(C(=O)Nc2cncc3ccccc23)CCOc2ccc(Cl)cc21,Components-smiles-stereo-oe.smi,<frozen-chemistry-source>,3
1667,QRC,resolved,CNC(=O)Nc1ccc(cc1)C(=O)N[C@@H]2c3cccc(c3C[C@@H]2C(=O)O)O,CNC(=O)Nc1ccc(C(=O)N[C@@H]2c3cccc(O)c3C[C@@H]2C(=O)O)cc1,Components-smiles-stereo-oe.smi,<frozen-chemistry-source>,4
2168,QRF,resolved,c1ccc2c(c1)cncc2NC(=O)Cc3cc(cc(c3)Cl)N4CCN(CC4)C(=O)c5ccco5,O=C(Cc1cc(Cl)cc(N2CCN(C(=O)c3ccco3)CC2)c1)Nc1cncc2ccccc12,Components-smiles-stereo-oe.smi,<frozen-chemistry-source>,4
1668,QRI,resolved,CNC(=O)Nc1ccc(cc1)C(=O)N[C@H]2c3cccc(c3C[C@H]2C(=O)O)O,CNC(=O)Nc1ccc(C(=O)N[C@H]2c3cccc(O)c3C[C@H]2C(=O)O)cc1,Components-smiles-stereo-oe.smi,<frozen-chemistry-source>,3
2167,QRS,resolved,C[C@@](c1ccc(c(c1)Cl)Cl)(C(=O)Nc2cncc3c2cccc3)NC(=O)[C@H]4CCN(C4)C,CN1CC[C@H](C(=O)N[C@@](C)(C(=O)Nc2cncc3ccccc23)c2ccc(Cl)c(Cl)c2)C1,Components-smiles-stereo-oe.smi,<frozen-chemistry-source>,3
1618,QRU,resolved,c1cc2c(c(c1)O)C[C@H]([C@H]2NC(=O)c3ccc(cc3)NC(=O)NC4CC4)C(=O)O,O=C(Nc1ccc(C(=O)N[C@H]2c3cccc(O)c3C[C@H]2C(=O)O)cc1)NC1CC1,Components-smiles-stereo-oe.smi,<frozen-chemistry-source>,5
2169,QS3,resolved,CN1C(=O)N(C(=O)[C@@]12CCOc3c2cc(cc3)Cl)c4cncc5c4cccc5,CN1C(=O)N(c2cncc3ccccc23)C(=O)[C@@]12CCOc1ccc(Cl)cc12,Components-smiles-stereo-oe.smi,<frozen-chemistry-source>,3
1669,QS6,resolved,c1c[nH]c2c1c(ncn2)N[C@H]3CC[C@H](C3)O,O[C@@H]1CC[C@H](Nc2ncnc3[nH]ccc23)C1,Components-smiles-stereo-oe.smi,<frozen-chemistry-source>,3
2170,QSF,resolved,C[C@@]1(c2cc(ccc2NC1=O)Cl)C(=O)Nc3cncc4c3cccc4,C[C@@]1(C(=O)Nc2cncc3ccccc23)C(=O)Nc2ccc(Cl)cc21,Components-smiles-stereo-oe.smi,<frozen-chemistry-source>,3
1670,QSL,resolved,c1c[nH]c2c1c(ncn2)NCC3CS(=O)(=O)C3,O=S1(=O)CC(CNc2ncnc3[nH]ccc23)C1,Components-smiles-stereo-oe.smi,<frozen-chemistry-source>,4
2171,QSX,resolved,CN1C[C@@H]2C[C@H]1CN2C(=O)C[C@]3(CCOc4c3cc(cc4)Cl)C(=O)Nc5cncc6c5cccc6,CN1C[C@@H]2C[C@H]1CN2C(=O)C[C@@]1(C(=O)Nc2cncc3ccccc23)CCOc2ccc(Cl)cc21,Components-smiles-stereo-oe.smi,<frozen-chemistry-source>,3
1671,QT0,resolved,c1cc2c(cc1F)[nH]c3c2c(ncn3)N4CCC[C@H](C4)C5=NNC(=O)O5,O=c1[nH]nc([C@@H]2CCCN(c3ncnc4[nH]c5cc(F)ccc5c34)C2)o1,Components-smiles-stereo-oe.smi,<frozen-chemistry-source>,3
2172,QT3,resolved,CN1CCc2ccc(cc2[C@@H]1C(=O)Nc3cncc4c3cccc4)Cl,CN1CCc2ccc(Cl)cc2[C@@H]1C(=O)Nc1cncc2ccccc12,Components-smiles-stereo-oe.smi,<frozen-chemistry-source>,3
1672,QT6,resolved,c1cc2c(cc1F)[nH]c3c2c(ncn3)N4CCC[C@H](C4)CCC(=O)O,O=C(O)CC[C@@H]1CCCN(c2ncnc3[nH]c4cc(F)ccc4c23)C1,Components-smiles-stereo-oe.smi,<frozen-chemistry-source>,3
2173,QTC,resolved,CCc1cc(cc(c1)Cl)CC(=O)Nc2cncc3c2cccc3,CCc1cc(Cl)cc(CC(=O)Nc2cncc3ccccc23)c1,Components-smiles-stereo-oe.smi,<frozen-chemistry-source>,3
1673,QTF,resolved,c1cc2c(cc1F)[nH]c3c2c(ncn3)N4C[C@](C5(C4)CCC5)(C(=O)O)F,O=C(O)[C@]1(F)CN(c2ncnc3[nH]c4cc(F)ccc4c23)CC12CCC2,Components-smiles-stereo-oe.smi,<frozen-chemistry-source>,3
2174,QTL,resolved,c1ccc2c(c1)cncc2NC(=O)[C@H]3c4cc(ccc4CCN3)Cl,O=C(Nc1cncc2ccccc12)[C@@H]1NCCc2ccc(Cl)cc21,Components-smiles-stereo-oe.smi,<frozen-chemistry-source>,3
1674,QTO,resolved,c1ccc(cc1)Nc2cc(ncn2)N3C[C@@](C4(C3)CCC4)(C(=O)O)F,O=C(O)[C@@]1(F)CN(c2cc(Nc3ccccc3)ncn2)CC12CCC2,Components-smiles-stereo-oe.smi,<frozen-chemistry-source>,3
1675,QU3,resolved,CNS(=O)(=O)c1cc(co1)C(=O)N2CCc3c(cnc(n3)N)C2,CNS(=O)(=O)c1cc(C(=O)N2CCc3nc(N)ncc3C2)co1,Components-smiles-stereo-oe.smi,<frozen-chemistry-source>,3
2175,QU9,resolved,c1ccc2c(c1)cncc2NC(=O)[C@@]3(CCOc4c3cc(cc4)Cl)CC(=O)N5CCC[C@@H]5Cn6ccnc6,O=C(C[C@@]1(C(=O)Nc2cncc3ccccc23)CCOc2ccc(Cl)cc21)N1CCC[C@@H]1Cn1ccnc1,Components-smiles-stereo-oe.smi,<frozen-chemistry-source>,3
1676,QUC,resolved,C[C@@H]1[C@H](CCCN1S(=O)(=O)c2c[nH]c3c2cc(cn3)Cl)C(=O)O,C[C@@H]1[C@@H](C(=O)O)CCCN1S(=O)(=O)c1c[nH]c2ncc(Cl)cc12,Components-smiles-stereo-oe.smi,<frozen-chemistry-source>,3
2726,QUE,resolved,c1cc(c(cc1C2=C(C(=O)c3c(cc(cc3O2)O)O)O)O)O,O=c1c(O)c(-c2ccc(O)c(O)c2)oc2cc(O)cc(O)c12,Components-smiles-stereo-oe.smi,<frozen-chemistry-source>,1
2176,QUQ,resolved,CC(=O)N1Cc2ccc(cc2[C@@H](C1)C(=O)Nc3cncc4c3cccc4)Cl,CC(=O)N1Cc2ccc(Cl)cc2[C@H](C(=O)Nc2cncc3ccccc23)C1,Components-smiles-stereo-oe.smi,<frozen-chemistry-source>,4
1678,QUR,resolved,C[C@H]1CN(C[C@@H]1C(=O)O)C(=O)c2cccc3c2OC(=O)N3,C[C@H]1CN(C(=O)c2cccc3[nH]c(=O)oc23)C[C@@H]1C(=O)O,Components-smiles-stereo-oe.smi,<frozen-chemistry-source>,3
727,QUW,resolved,c1cc(c(cc1F)F)CNC(=O)C2=C(c3cc(cnc3N(C2=O)O)CCCCCO)N,Nc1c(C(=O)NCc2ccc(F)cc2F)c(=O)n(O)c2ncc(CCCCCO)cc12,Components-smiles-stereo-oe.smi,<frozen-chemistry-source>,3
2177,QV0,resolved,c1ccc2c(c1)cncc2N3CCC[C@@]4(C3=O)CCOc5c4cc(cc5)Cl,O=C1N(c2cncc3ccccc23)CCC[C@]12CCOc1ccc(Cl)cc12,Components-smiles-stereo-oe.smi,<frozen-chemistry-source>,4
1679,QV1,resolved,C[C@@H]1CN(C[C@H]1C(=O)O)C(=O)c2cccc3c2OC(=O)N3,C[C@@H]1CN(C(=O)c2cccc3[nH]c(=O)oc23)C[C@H]1C(=O)O,Components-smiles-stereo-oe.smi,<frozen-chemistry-source>,3
2178,QV9,resolved,c1ccc2c(c1)cncc2N3CC[C@@H](C3=O)c4cccc(c4)Cl,O=C1[C@@H](c2cccc(Cl)c2)CCN1c1cncc2ccccc12,Components-smiles-stereo-oe.smi,<frozen-chemistry-source>,4
1677,QVC,resolved,Cc1nc(on1)c2ccnc(c2)c3ccnc4c3cc[nH]4,Cc1noc(-c2ccnc(-c3ccnc4[nH]ccc34)c2)n1,Components-smiles-stereo-oe.smi,<frozen-chemistry-source>,3
2179,QVG,resolved,c1cc2cncc(c2cc1F)NC(=O)[C@@H]3CCOc4c3cc(c(c4)F)Cl,O=C(Nc1cncc2ccc(F)cc12)[C@@H]1CCOc2cc(F)c(Cl)cc21,Components-smiles-stereo-oe.smi,<frozen-chemistry-source>,4
2180,QVJ,resolved,CNC(=O)COC[C@]1(CCOc2c1cc(cc2)Cl)C(=O)Nc3cncc4c3cccc4,CNC(=O)COC[C@@]1(C(=O)Nc2cncc3ccccc23)CCOc2ccc(Cl)cc21,Components-smiles-stereo-oe.smi,<frozen-chemistry-source>,4
1680,QVL,resolved,Cc1c[nH]c2c1cc(cn2)C(=O)N(C)c3[nH]nnn3,Cc1c[nH]c2ncc(C(=O)N(C)c3nnn[nH]3)cc12,Components-smiles-stereo-oe.smi,<frozen-chemistry-source>,4
2181,QVU,resolved,c1cncc2c1c(cnc2)NC(=O)[C@@H]3CCNc4c3cc(c(c4)Cl)Cl,O=C(Nc1cncc2cnccc12)[C@@H]1CCNc2cc(Cl)c(Cl)cc21,Components-smiles-stereo-oe.smi,<frozen-chemistry-source>,3
1681,QVX,resolved,c1cc2c(c(c1)O)C[C@@H]([C@@H]2NC(=O)c3ccc(cc3)Nc4cccnc4)C(=O)O,O=C(N[C@@H]1c2cccc(O)c2C[C@@H]1C(=O)O)c1ccc(Nc2cccnc2)cc1,Components-smiles-stereo-oe.smi,<frozen-chemistry-source>,3
2182,QW1,resolved,c1ccc2c(c1)cncc2NC(=O)[C@@H]3CN(Cc4c3cc(cc4)Cl)C(=O)N,NC(=O)N1Cc2ccc(Cl)cc2[C@H](C(=O)Nc2cncc3ccccc23)C1,Components-smiles-stereo-oe.smi,<frozen-chemistry-source>,4
1682,QW3,resolved,c1cc2c(c(c1)O)C[C@H]([C@H]2NC(=O)c3ccc(cc3O)NC(=O)NC4CC4)C(=O)O,O=C(Nc1ccc(C(=O)N[C@H]2c3cccc(O)c3C[C@H]2C(=O)O)c(O)c1)NC1CC1,Components-smiles-stereo-oe.smi,<frozen-chemistry-source>,3
1683,QWC,resolved,c1cc2c(c(c1)O)C[C@@H]([C@@H]2NC(=O)c3ccc(cc3O)NC(=O)NC4CC4)C(=O)O,O=C(Nc1ccc(C(=O)N[C@@H]2c3cccc(O)c3C[C@@H]2C(=O)O)c(O)c1)NC1CC1,Components-smiles-stereo-oe.smi,<frozen-chemistry-source>,3
2183,QWL,resolved,c1cc2cncc(c2cc1F)NC(=O)[C@@H]3CCNc4c3cc(c(c4)Cl)Cl,O=C(Nc1cncc2ccc(F)cc12)[C@@H]1CCNc2cc(Cl)c(Cl)cc21,Components-smiles-stereo-oe.smi,<frozen-chemistry-source>,3
1686,QWO,resolved,c1cc2c(c(c1)O)C[C@@H]([C@@H]2NC(=O)c3ccc(c4c3scn4)NC(=O)NC5CC5)C(=O)O,O=C(Nc1ccc(C(=O)N[C@@H]2c3cccc(O)c3C[C@@H]2C(=O)O)c2scnc12)NC1CC1,Components-smiles-stereo-oe.smi,<frozen-chemistry-source>,3
2184,QWU,resolved,C[C@]1(CNc2c1cc(cc2)Cl)C(=O)Nc3cncc4c3cccc4,C[C@@]1(C(=O)Nc2cncc3ccccc23)CNc2ccc(Cl)cc21,Components-smiles-stereo-oe.smi,<frozen-chemistry-source>,3
1684,QWX,resolved,c1cc2c(c(c1)O)C[C@H]([C@H]2NC(=O)c3ccc(cc3N)NC(=O)NC4CC4)C(=O)O,Nc1cc(NC(=O)NC2CC2)ccc1C(=O)N[C@H]1c2cccc(O)c2C[C@H]1C(=O)O,Components-smiles-stereo-oe.smi,<frozen-chemistry-source>,3
2185,QX3,resolved,c1cncc(c1C2CC2)NC(=O)[C@@H]3CCNc4c3cc(c(c4)Cl)Cl,O=C(Nc1cnccc1C1CC1)[C@@H]1CCNc2cc(Cl)c(Cl)cc21,Components-smiles-stereo-oe.smi,<frozen-chemistry-source>,3
1685,QX5,resolved,c1cc2c(c(c1)O)C[C@@H]([C@@H]2NC(=O)c3ccc(cc3N)NC(=O)NC4CC4)C(=O)O,Nc1cc(NC(=O)NC2CC2)ccc1C(=O)N[C@@H]1c2cccc(O)c2C[C@@H]1C(=O)O,Components-smiles-stereo-oe.smi,<frozen-chemistry-source>,3
2186,QX9,resolved,Cc1ccc2cncc(c2c1)NC(=O)Cc3cccc(c3)Cl,Cc1ccc2cncc(NC(=O)Cc3cccc(Cl)c3)c2c1,Components-smiles-stereo-oe.smi,<frozen-chemistry-source>,3
1687,QXC,resolved,c1ccnc(c1)CNc2c3cc[nH]c3ncn2,c1ccc(CNc2ncnc3[nH]ccc23)nc1,Components-smiles-stereo-oe.smi,<frozen-chemistry-source>,4
2187,QXI,resolved,C[C@H]1c2nncn2CCN1C(=O)C[C@]3(CCOc4c3cc(cc4)Cl)C(=O)Nc5cncc6c5cccc6,C[C@H]1c2nncn2CCN1C(=O)C[C@@]1(C(=O)Nc2cncc3ccccc23)CCOc2ccc(Cl)cc21,Components-smiles-stereo-oe.smi,<frozen-chemistry-source>,4
1690,QXL,resolved,c1c[nH]c2c1c(ncn2)N[C@@H]3CCCS(=O)(=O)C3,O=S1(=O)CCC[C@@H](Nc2ncnc3[nH]ccc23)C1,Components-smiles-stereo-oe.smi,<frozen-chemistry-source>,5
2188,QXR,resolved,CC(C)(C)Oc1ccncc1NC(=O)Cc2cccc(c2)Cl,CC(C)(C)Oc1ccncc1NC(=O)Cc1cccc(Cl)c1,Components-smiles-stereo-oe.smi,<frozen-chemistry-source>,4
1688,QXS,resolved,c1c[nH]c2c1c(ncn2)N[C@@H]3CCCC[C@@H]3O,O[C@H]1CCCC[C@H]1Nc1ncnc2[nH]ccc12,Components-smiles-stereo-oe.smi,<frozen-chemistry-source>,3
2189,QXX,resolved,c1cc(cc(c1)Cl)CC(=O)Nc2cnccc2C(F)(F)F,O=C(Cc1cccc(Cl)c1)Nc1cnccc1C(F)(F)F,Components-smiles-stereo-oe.smi,<frozen-chemistry-source>,3
1689,QY0,resolved,c1c[nH]c2c1c(ncn2)N[C@H]3CCCC[C@H]3O,O[C@@H]1CCCC[C@@H]1Nc1ncnc2[nH]ccc12,Components-smiles-stereo-oe.smi,<frozen-chemistry-source>,3
2190,QY6,resolved,c1ccc2c(c1)cncc2N3CCC[C@@]4(C3=O)CCNc5c4cc(cc5)Cl,O=C1N(c2cncc3ccccc23)CCC[C@]12CCNc1ccc(Cl)cc12,Components-smiles-stereo-oe.smi,<frozen-chemistry-source>,4
1691,QYC,resolved,c1cc2c(c(c1)O)C[C@@H]([C@H]2NC(=O)c3ccc(cc3)NC(=O)NC4CC4)C(=O)O,O=C(Nc1ccc(C(=O)N[C@H]2c3cccc(O)c3C[C@@H]2C(=O)O)cc1)NC1CC1,Components-smiles-stereo-oe.smi,<frozen-chemistry-source>,3
2191,QYI,resolved,CO[C@]1(CCOc2c1cc(cc2)Cl)C(=O)Nc3cncc4c3cc(cc4)F,CO[C@@]1(C(=O)Nc2cncc3ccc(F)cc23)CCOc2ccc(Cl)cc21,Components-smiles-stereo-oe.smi,<frozen-chemistry-source>,4
1617,QYJ,resolved,c1cc2c(c(c1)O)C[C@@H]([C@@H]2NC(=O)c3ccc(cc3)NC(=O)NC4CC4)C(=O)O,O=C(Nc1ccc(C(=O)N[C@@H]2c3cccc(O)c3C[C@@H]2C(=O)O)cc1)NC1CC1,Components-smiles-stereo-oe.smi,<frozen-chemistry-source>,7
2192,QYN,resolved,c1ccc2c(c1)cncc2NC(=O)[C@@H]3CN(Cc4c3cc(cc4)Cl)S(=O)(=O)c5[nH]ccn5,O=C(Nc1cncc2ccccc12)[C@@H]1CN(S(=O)(=O)c2ncc[nH]2)Cc2ccc(Cl)cc21,Components-smiles-stereo-oe.smi,<frozen-chemistry-source>,4
1692,QYO,resolved,c1cc2c(cc1F)[nH]c3c2c(ncn3)N[C@@H]4CC[C@@H](C4)O,O[C@H]1CC[C@@H](Nc2ncnc3[nH]c4cc(F)ccc4c23)C1,Components-smiles-stereo-oe.smi,<frozen-chemistry-source>,3
2193,QYR,resolved,c1ccc2c(c1)cncc2NC(=O)[C@@H]3CN(Cc4c3cc(cc4)Cl)S(=O)(=O)C5CC5,O=C(Nc1cncc2ccccc12)[C@@H]1CN(S(=O)(=O)C2CC2)Cc2ccc(Cl)cc21,Components-smiles-stereo-oe.smi,<frozen-chemistry-source>,3
2915,QYS,resolved,CC(C)C[C@@H](C(=O)N[C@@H](C[C@@H]1CCNC1=O)C(O)S(=O)(=O)O)NC(=O)OCC2CCC(CC2)(F)F,CC(C)C[C@H](NC(=O)OCC1CCC(F)(F)CC1)C(=O)N[C@@H](C[C@@H]1CCNC1=O)C(O)S(=O)(=O)O,Components-smiles-stereo-oe.smi,<frozen-chemistry-source>,4
1693,QYU,resolved,c1cc2c(cc1F)[nH]c3c2c(ncn3)N[C@H]4CC[C@H](C4)O,O[C@@H]1CC[C@H](Nc2ncnc3[nH]c4cc(F)ccc4c23)C1,Components-smiles-stereo-oe.smi,<frozen-chemistry-source>,3
2194,QZ0,resolved,CN(C)C(=O)N1Cc2ccc(cc2[C@@H](C1)C(=O)Nc3cncc4c3cccc4)Cl,CN(C)C(=O)N1Cc2ccc(Cl)cc2[C@H](C(=O)Nc2cncc3ccccc23)C1,Components-smiles-stereo-oe.smi,<frozen-chemistry-source>,4
1694,QZ6,resolved,c1cc2c(cc1F)[nH]c3c2c(ncn3)NC[C@H]4CCS4(=O)=O,O=S1(=O)CC[C@@H]1CNc1ncnc2[nH]c3cc(F)ccc3c12,Components-smiles-stereo-oe.smi,<frozen-chemistry-source>,3
2195,QZC,resolved,CN(C)S(=O)(=O)N1Cc2ccc(cc2[C@@H](C1)C(=O)Nc3cncc4c3cccc4)Cl,CN(C)S(=O)(=O)N1Cc2ccc(Cl)cc2[C@H](C(=O)Nc2cncc3ccccc23)C1,Components-smiles-stereo-oe.smi,<frozen-chemistry-source>,4
1695,QZF,resolved,c1ccc2c(c1)c3c([nH]2)ncnc3N4C[C@](C5(C4)CCC5)(C(=O)O)F,O=C(O)[C@]1(F)CN(c2ncnc3[nH]c4ccccc4c23)CC12CCC2,Components-smiles-stereo-oe.smi,<frozen-chemistry-source>,4
2196,QZL,resolved,C[C@@H]1CCN(C1)S(=O)(=O)N2Cc3ccc(cc3[C@@H](C2)C(=O)Nc4cncc5c4cccc5)Cl,C[C@@H]1CCN(S(=O)(=O)N2Cc3ccc(Cl)cc3[C@H](C(=O)Nc3cncc4ccccc34)C2)C1,Components-smiles-stereo-oe.smi,<frozen-chemistry-source>,4
1696,QZO,resolved,c1cc2c(cc1F)[nH]c3c2c(ncn3)N4CC[C@@H]5[C@H](C4)[C@H]5C(=O)O,O=C(O)[C@H]1[C@@H]2CCN(c3ncnc4[nH]c5cc(F)ccc5c34)C[C@@H]21,Components-smiles-stereo-oe.smi,<frozen-chemistry-source>,3
2197,QZU,resolved,C=CC(=O)NC[C@]1(CCOc2c1cc(cc2)Cl)C(=O)Nc3cncc4c3cccc4,C=CC(=O)NC[C@@]1(C(=O)Nc2cncc3ccccc23)CCOc2ccc(Cl)cc21,Components-smiles-stereo-oe.smi,<frozen-chemistry-source>,3
729,QZV,resolved,Cc1ccc2c(c1)c(c(o2)C#Cc3ccc(cc3)C(=O)NCCOCCOCCNC(=O)c4ccc(cc4)C#Cc5c(c6cc(ccc6o5)C)CC(=O)O)CC(=O)O,Cc1ccc2oc(C#Cc3ccc(C(=O)NCCOCCOCCNC(=O)c4ccc(C#Cc5oc6ccc(C)cc6c5CC(=O)O)cc4)cc3)c(CC(=O)O)c2c1,Components-smiles-stereo-oe.smi,<frozen-chemistry-source>,3
1697,QZX,resolved,c1cc2c(cc1F)[nH]c3c2c(ncn3)N4CC[C@H]5[C@@H](C4)[C@@H]5C(=O)O,O=C(O)[C@H]1[C@@H]2CN(c3ncnc4[nH]c5cc(F)ccc5c34)CC[C@@H]21,Components-smiles-stereo-oe.smi,<frozen-chemistry-source>,3
2198,R08,resolved,Cn1c(ccn1)C(=O)N2Cc3ccc(cc3[C@@H](C2)C(=O)Nc4cncc5c4cccc5)Cl,Cn1nccc1C(=O)N1Cc2ccc(Cl)cc2[C@H](C(=O)Nc2cncc3ccccc23)C1,Components-smiles-stereo-oe.smi,<frozen-chemistry-source>,4
1698,R0A,resolved,c1cc2c(cc1F)[nH]c3c2c(ncn3)N4C[C@@H](OC5(C4)CCC5)CC(=O)O,O=C(O)C[C@H]1CN(c2ncnc3[nH]c4cc(F)ccc4c23)CC2(CCC2)O1,Components-smiles-stereo-oe.smi,<frozen-chemistry-source>,3
2199,R0F,resolved,CNC(=O)CN1Cc2ccc(cc2[C@@H](C1)C(=O)Nc3cncc4c3cccc4)Cl,CNC(=O)CN1Cc2ccc(Cl)cc2[C@H](C(=O)Nc2cncc3ccccc23)C1,Components-smiles-stereo-oe.smi,<frozen-chemistry-source>,4
1699,R0H,resolved,COC(=O)[C@@]1(CCN(C1)c2c3c4ccc(cc4[nH]c3ncn2)F)CO,COC(=O)[C@]1(CO)CCN(c2ncnc3[nH]c4cc(F)ccc4c23)C1,Components-smiles-stereo-oe.smi,<frozen-chemistry-source>,3
590,R0J,resolved,c1cc(nc2c1n(c(n2)CN3c4cnccc4N(C3=O)C5CC5)CCCC(F)(F)F)Cl,O=c1n(Cc2nc3nc(Cl)ccc3n2CCCC(F)(F)F)c2cnccc2n1C1CC1,Components-smiles-stereo-oe.smi,<frozen-chemistry-source>,3
1700,R0L,resolved,c1cc2c(cc1F)[nH]c3c2c(ncn3)N4CCO[C@H](C4)C(=O)O,O=C(O)[C@H]1CN(c2ncnc3[nH]c4cc(F)ccc4c23)CCO1,Components-smiles-stereo-oe.smi,<frozen-chemistry-source>,4
753,R0P,resolved,CS(=O)(=O)CCCn1c2ccncc2cc1CN3c4cnccc4N(C3=O)C5CC5,CS(=O)(=O)CCCn1c(Cn2c(=O)n(C3CC3)c3ccncc32)cc2cnccc21,Components-smiles-stereo-oe.smi,<frozen-chemistry-source>,3
2200,R0Q,resolved,COC(=O)NC[C@]1(CCOc2c1cc(cc2)Cl)C(=O)Nc3cncc4c3cccc4,COC(=O)NC[C@@]1(C(=O)Nc2cncc3ccccc23)CCOc2ccc(Cl)cc21,Components-smiles-stereo-oe.smi,<frozen-chemistry-source>,3
1701,R0R,resolved,c1cc2c(cc1F)[nH]c3c2c(ncn3)N4C[C@](C5(C4)COC5)(C(=O)O)F,O=C(O)[C@]1(F)CN(c2ncnc3[nH]c4cc(F)ccc4c23)CC12COC2,Components-smiles-stereo-oe.smi,<frozen-chemistry-source>,3
754,R0S,resolved,COc1ccc(cc1OC)N2c3ccncc3N(C2=O)Cc4cc5cc(ccc5n4CCCC#N)Cl,COc1ccc(-n2c(=O)n(Cc3cc4cc(Cl)ccc4n3CCCC#N)c3cnccc32)cc1OC,Components-smiles-stereo-oe.smi,<frozen-chemistry-source>,3
1702,R0W,resolved,c1cc2c(cc1F)[nH]c3c2c(ncn3)N4C[C@@](C5(C4)COC5)(C(=O)O)F,O=C(O)[C@@]1(F)CN(c2ncnc3[nH]c4cc(F)ccc4c23)CC12COC2,Components-smiles-stereo-oe.smi,<frozen-chemistry-source>,3
2201,R1I,resolved,COCCN1Cc2ccc(cc2[C@@H](C1)C(=O)Nc3cncc4c3cccc4)Cl,COCCN1Cc2ccc(Cl)cc2[C@H](C(=O)Nc2cncc3ccccc23)C1,Components-smiles-stereo-oe.smi,<frozen-chemistry-source>,3
2202,R1U,resolved,Cn1c2c(cncc2NC(=O)Cc3cccc(c3)Cl)cn1,Cn1ncc2cncc(NC(=O)Cc3cccc(Cl)c3)c21,Components-smiles-stereo-oe.smi,<frozen-chemistry-source>,4
772,R22,resolved,Cc1cc(cc(c1)OC2=C(C(=O)NC(=C2CSCc3ccco3)C)I)C,Cc1cc(C)cc(Oc2c(CSCc3ccco3)c(C)[nH]c(=O)c2I)c1,Components-smiles-stereo-oe.smi,<frozen-chemistry-source>,3
730,R2A,resolved,Cc1ccc2c(c1)c(c(o2)C#Cc3cccc(c3)C(=O)NCCN4CCN(CC4)C(=O)c5cccc(c5)C#Cc6c(c7cc(ccc7o6)C)CC(=O)O)CC(=O)O,Cc1ccc2oc(C#Cc3cccc(C(=O)NCCN4CCN(C(=O)c5cccc(C#Cc6oc7ccc(C)cc7c6CC(=O)O)c5)CC4)c3)c(CC(=O)O)c2c1,Components-smiles-stereo-oe.smi,<frozen-chemistry-source>,5
731,R2D,resolved,c1ccc2c(c1)nc3n2c(c(s3)CC(=O)O)c4ccc(cc4)Cl,O=C(O)Cc1sc2nc3ccccc3n2c1-c1ccc(Cl)cc1,Components-smiles-stereo-oe.smi,<frozen-chemistry-source>,5
2203,R2L,resolved,Cc1c(cncc1NC(=O)[C@@H]2CCOc3c2cc(cc3)Cl)NC,CNc1cncc(NC(=O)[C@@H]2CCOc3ccc(Cl)cc32)c1C,Components-smiles-stereo-oe.smi,<frozen-chemistry-source>,3
2204,R2X,resolved,c1ccc2c(c1)cncc2NC(=O)[C@@H](c3cccc(c3)Cl)NC(=O)[C@@H]4CC[C@@H](O4)C(=O)N5CCCC5,O=C(N[C@@H](C(=O)Nc1cncc2ccccc12)c1cccc(Cl)c1)[C@@H]1CC[C@H](C(=O)N2CCCC2)O1,Components-smiles-stereo-oe.smi,<frozen-chemistry-source>,7
1953,R30,resolved,CCC(=O)Nc1ccc(cc1)N(Cc2ccsc2)C(=O)Cn3c4ccccc4nn3,CCC(=O)Nc1ccc(N(Cc2ccsc2)C(=O)Cn2nnc3ccccc32)cc1,Components-smiles-stereo-oe.smi,<frozen-chemistry-source>,3
2205,R3I,resolved,c1cc2cncc(c2cc1F)N3CC[C@@]4(C3=O)COc5c4cc(cc5)Cl,O=C1N(c2cncc3ccc(F)cc23)CC[C@]12COc1ccc(Cl)cc12,Components-smiles-stereo-oe.smi,<frozen-chemistry-source>,4
2206,R43,resolved,c1ccc2c(c1)cncc2NC(=O)[C@@H]3CN(Cc4c3cc(cc4)Cl)S(=O)(=O)N5CC(C5)C#N,N#CC1CN(S(=O)(=O)N2Cc3ccc(Cl)cc3[C@H](C(=O)Nc3cncc4ccccc34)C2)C1,Components-smiles-stereo-oe.smi,<frozen-chemistry-source>,4
2207,R4X,resolved,c1ccc2c(c1)cncc2NC(=O)[C@@H]3CN(Cc4c3cc(cc4)Cl)S(=O)(=O)N5CCC5,O=C(Nc1cncc2ccccc12)[C@@H]1CN(S(=O)(=O)N2CCC2)Cc2ccc(Cl)cc21,Components-smiles-stereo-oe.smi,<frozen-chemistry-source>,4
2208,R5H,resolved,COC1CN(C1)S(=O)(=O)N2Cc3ccc(cc3[C@@H](C2)C(=O)Nc4cncc5c4cccc5)Cl,COC1CN(S(=O)(=O)N2Cc3ccc(Cl)cc3[C@H](C(=O)Nc3cncc4ccccc34)C2)C1,Components-smiles-stereo-oe.smi,<frozen-chemistry-source>,4
599,R5K,resolved,[H]/N=C(\N)/NCCCCC(=O)NCCN1C[C@@H](CCC12CCCCC2)NC(=O)C(=O)Nc3ccc(cc3)Cl,[H]/N=C(\N)NCCCCC(=O)NCCN1C[C@H](NC(=O)C(=O)Nc2ccc(Cl)cc2)CCC12CCCCC2,Components-smiles-stereo-oe.smi,<frozen-chemistry-source>,3
2209,R5O,resolved,CO[C@]1(CCOc2c1cc(cc2)Cl)C(=O)Nc3cncc4c3cc(cc4)NS(=O)(=O)C,CO[C@@]1(C(=O)Nc2cncc3ccc(NS(C)(=O)=O)cc23)CCOc2ccc(Cl)cc21,Components-smiles-stereo-oe.smi,<frozen-chemistry-source>,4
2210,R66,resolved,c1ccc2c(c1)cncc2N3CC[C@](C3=O)(c4cccc(c4)Cl)O,O=C1N(c2cncc3ccccc23)CC[C@@]1(O)c1cccc(Cl)c1,Components-smiles-stereo-oe.smi,<frozen-chemistry-source>,4
2211,R6L,resolved,CNS(=O)(=O)c1ccc2c(c1)cncc2NC(=O)[C@@]3(CCOc4c3cc(cc4)Cl)OC,CNS(=O)(=O)c1ccc2c(NC(=O)[C@]3(OC)CCOc4ccc(Cl)cc43)cncc2c1,Components-smiles-stereo-oe.smi,<frozen-chemistry-source>,4
1798,R6Q,resolved,c1ccc2c(c1)C3(CCN(CC3)CCc4ccc(cc4)C(F)(F)F)OC(=O)N2,O=C1Nc2ccccc2C2(CCN(CCc3ccc(C(F)(F)F)cc3)CC2)O1,Components-smiles-stereo-oe.smi,<frozen-chemistry-source>,3
2213,R76,resolved,CNC(=O)CN1C[C@H](c2cc(ccc2C1=O)Cl)C(=O)Nc3cncc4c3cccc4,CNC(=O)CN1C[C@@H](C(=O)Nc2cncc3ccccc23)c2cc(Cl)ccc2C1=O,Components-smiles-stereo-oe.smi,<frozen-chemistry-source>,7
2212,R7F,resolved,CC(C)(c1ccc2cncc(c2c1)NC(=O)[C@@H]3CCNc4c3cc(cc4)Cl)O,CC(C)(O)c1ccc2cncc(NC(=O)[C@@H]3CCNc4ccc(Cl)cc43)c2c1,Components-smiles-stereo-oe.smi,<frozen-chemistry-source>,4
732,R7J,resolved,c1cc(cc(c1)F)c2ccc3c(c2)c(co3)CC(=O)O,O=C(O)Cc1coc2ccc(-c3cccc(F)c3)cc12,Components-smiles-stereo-oe.smi,<frozen-chemistry-source>,3
1799,R7Q,resolved,Cc1ccc(cc1)C(=O)C(C)C,Cc1ccc(C(=O)C(C)C)cc1,Components-smiles-stereo-oe.smi,<frozen-chemistry-source>,3
2214,R87,resolved,CO[C@]1(CCOc2c1cc(cc2)Cl)C(=O)Nc3cncc4c3ccc(c4)F,CO[C@@]1(C(=O)Nc2cncc3cc(F)ccc23)CCOc2ccc(Cl)cc21,Components-smiles-stereo-oe.smi,<frozen-chemistry-source>,3
143,R8D,resolved,c1cc2c(n[nH]c2nc1)COc3ccc(c(c3)Oc4cc(cc(c4)Cl)C#N)Cl,N#Cc1cc(Cl)cc(Oc2cc(OCc3n[nH]c4ncccc34)ccc2Cl)c1,Components-smiles-stereo-oe.smi,<frozen-chemistry-source>,3
142,R8E,resolved,c1cc(c(cc1OCc2c3ccc(nc3[nH]n2)N)Oc4cc(cc(c4)Cl)C#N)Cl,N#Cc1cc(Cl)cc(Oc2cc(OCc3n[nH]c4nc(N)ccc34)ccc2Cl)c1,Components-smiles-stereo-oe.smi,<frozen-chemistry-source>,5
1802,R8H,resolved,c1ccc(cc1)C[C@H]([C@@H](C(=O)NCc2ccccn2)O)NC(=O)[C@H]3CCC(=O)N3Cc4ccccc4,O=C(NCc1ccccn1)[C@@H](O)[C@@H](Cc1ccccc1)NC(=O)[C@H]1CCC(=O)N1Cc1ccccc1,Components-smiles-stereo-oe.smi,<frozen-chemistry-source>,3
2215,R8I,resolved,c1ccc2c(c1)cncc2NC(=O)[C@@H]3CN(Cc4c3cc(cc4)Cl)CC(=O)NCC#N,N#CCNC(=O)CN1Cc2ccc(Cl)cc2[C@H](C(=O)Nc2cncc3ccccc23)C1,Components-smiles-stereo-oe.smi,<frozen-chemistry-source>,3
1705,R8K,resolved,CS(=O)(=O)NC(=O)[C@]1(CN(CC12CCC2)c3c4c5ccc(cc5[nH]c4ncn3)F)F,CS(=O)(=O)NC(=O)[C@@]1(F)CN(c2ncnc3[nH]c4cc(F)ccc4c23)CC12CCC2,Components-smiles-stereo-oe.smi,<frozen-chemistry-source>,3
2216,R8O,resolved,c1ccc2c(c1)cncc2NC(=O)[C@@H]3CN(Cc4c3cc(cc4)Cl)CC(=O)NC5CC5,O=C(CN1Cc2ccc(Cl)cc2[C@H](C(=O)Nc2cncc3ccccc23)C1)NC1CC1,Components-smiles-stereo-oe.smi,<frozen-chemistry-source>,3
1706,R8R,resolved,c1cc2c(cc1F)[nH]c3c2c(ncn3)N4CCC5(CCC5)[C@H](C4)C(=O)O,O=C(O)[C@H]1CN(c2ncnc3[nH]c4cc(F)ccc4c23)CCC12CCC2,Components-smiles-stereo-oe.smi,<frozen-chemistry-source>,4
2217,R8X,resolved,CN(CCOC)S(=O)(=O)N1Cc2ccc(cc2[C@@H](C1)C(=O)Nc3cncc4c3cccc4)Cl,COCCN(C)S(=O)(=O)N1Cc2ccc(Cl)cc2[C@H](C(=O)Nc2cncc3ccccc23)C1,Components-smiles-stereo-oe.smi,<frozen-chemistry-source>,4
1707,R8Z,resolved,CN(c1c2c3ccc(cc3[nH]c2ncn1)F)[C@@H]4CCCS(=O)(=O)C4,CN(c1ncnc2[nH]c3cc(F)ccc3c12)[C@@H]1CCCS(=O)(=O)C1,Components-smiles-stereo-oe.smi,<frozen-chemistry-source>,3
2218,R95,resolved,CN(CC#N)S(=O)(=O)N1Cc2ccc(cc2[C@@H](C1)C(=O)Nc3cncc4c3cccc4)Cl,CN(CC#N)S(=O)(=O)N1Cc2ccc(Cl)cc2[C@H](C(=O)Nc2cncc3ccccc23)C1,Components-smiles-stereo-oe.smi,<frozen-chemistry-source>,4
1708,R98,resolved,CN(Cc1ccccn1)c2c3c4ccc(cc4[nH]c3ncn2)F,CN(Cc1ccccn1)c1ncnc2[nH]c3cc(F)ccc3c12,Components-smiles-stereo-oe.smi,<frozen-chemistry-source>,4
2219,R9E,resolved,COc1cc2c(cc1F)cncc2NC(=O)Cc3cccc(c3)Cl,COc1cc2c(NC(=O)Cc3cccc(Cl)c3)cncc2cc1F,Components-smiles-stereo-oe.smi,<frozen-chemistry-source>,3
1709,R9F,resolved,c1cc2c(cc1F)[nH]c3c2c(ncn3)N,Nc1ncnc2[nH]c3cc(F)ccc3c12,Components-smiles-stereo-oe.smi,<frozen-chemistry-source>,5
2220,R9I,resolved,CN(CC(=O)OC)S(=O)(=O)N1Cc2ccc(cc2[C@@H](C1)C(=O)Nc3cncc4c3cccc4)Cl,COC(=O)CN(C)S(=O)(=O)N1Cc2ccc(Cl)cc2[C@H](C(=O)Nc2cncc3ccccc23)C1,Components-smiles-stereo-oe.smi,<frozen-chemistry-source>,4
1710,R9L,resolved,c1cc2c(cc1F)[nH]c3c2c(ncn3)NCC4CS(=O)(=O)C4,O=S1(=O)CC(CNc2ncnc3[nH]c4cc(F)ccc4c23)C1,Components-smiles-stereo-oe.smi,<frozen-chemistry-source>,3
2221,R9R,resolved,CC1(CS(=O)(=O)C1)CS(=O)(=O)N2Cc3ccc(cc3[C@@H](C2)C(=O)Nc4cncc5c4cccc5)Cl,CC1(CS(=O)(=O)N2Cc3ccc(Cl)cc3[C@H](C(=O)Nc3cncc4ccccc34)C2)CS(=O)(=O)C1,Components-smiles-stereo-oe.smi,<frozen-chemistry-source>,4
1711,R9U,resolved,CS(=O)(=O)NC(=O)[C@H]1CN(CCO1)c2c3c4ccc(cc4[nH]c3ncn2)F,CS(=O)(=O)NC(=O)[C@H]1CN(c2ncnc3[nH]c4cc(F)ccc4c23)CCO1,Components-smiles-stereo-oe.smi,<frozen-chemistry-source>,3
2429,R9V,resolved,c1ccc(cc1)CN2[C@@H]3CC[C@H]2CC(C3)O,OC1C[C@H]2CC[C@@H](C1)N2Cc1ccccc1,Components-smiles-stereo-oe.smi,<frozen-chemistry-source>,1
1803,R9W,resolved,C1CCc2c(c(c3c(n2)CCC3)N)C1,Nc1c2c(nc3c1CCC3)CCCC2,Components-smiles-stereo-oe.smi,<frozen-chemistry-source>,3
2222,R9Z,resolved,COC1(CC1)CS(=O)(=O)N2Cc3ccc(cc3[C@@H](C2)C(=O)Nc4cncc5c4cccc5)Cl,COC1(CS(=O)(=O)N2Cc3ccc(Cl)cc3[C@H](C(=O)Nc3cncc4ccccc34)C2)CC1,Components-smiles-stereo-oe.smi,<frozen-chemistry-source>,4
1712,RA3,resolved,c1cc2c(cc1F)[nH]c3c2c(ncn3)N4C[C@H](O[C@H](C4)CO)CC(=O)O,O=C(O)C[C@@H]1CN(c2ncnc3[nH]c4cc(F)ccc4c23)C[C@H](CO)O1,Components-smiles-stereo-oe.smi,<frozen-chemistry-source>,3
2223,RAQ,resolved,c1ccc2c(c1)cncc2NC(=O)[C@@H]3CN(Cc4c3cc(cc4)Cl)S(=O)(=O)CC5CCOCC5,O=C(Nc1cncc2ccccc12)[C@@H]1CN(S(=O)(=O)CC2CCOCC2)Cc2ccc(Cl)cc21,Components-smiles-stereo-oe.smi,<frozen-chemistry-source>,4
1713,RBB,resolved,CC1(CN(C[C@H](O1)CC(=O)O)c2c3c4ccccc4[nH]c3ncn2)C,CC1(C)CN(c2ncnc3[nH]c4ccccc4c23)C[C@@H](CC(=O)O)O1,Components-smiles-stereo-oe.smi,<frozen-chemistry-source>,4
2224,RBM,resolved,CN(CCC#N)S(=O)(=O)N1Cc2ccc(cc2[C@@H](C1)C(=O)Nc3cncc4c3cccc4)Cl,CN(CCC#N)S(=O)(=O)N1Cc2ccc(Cl)cc2[C@H](C(=O)Nc2cncc3ccccc23)C1,Components-smiles-stereo-oe.smi,<frozen-chemistry-source>,4
1714,RBO,resolved,c1ccc2c(c1)c3c([nH]2)ncnc3N4CCO[C@@H](C4)CC(=O)O,O=C(O)C[C@@H]1CN(c2ncnc3[nH]c4ccccc4c23)CCO1,Components-smiles-stereo-oe.smi,<frozen-chemistry-source>,3
2225,RBX,resolved,CCN(C)S(=O)(=O)N1Cc2ccc(cc2[C@@H](C1)C(=O)Nc3cncc4c3cccc4)Cl,CCN(C)S(=O)(=O)N1Cc2ccc(Cl)cc2[C@H](C(=O)Nc2cncc3ccccc23)C1,Components-smiles-stereo-oe.smi,<frozen-chemistry-source>,4
1715,RC3,resolved,c1ccc2c(c1)c3c([nH]2)ncnc3N4CCO[C@H](C4)CC(=O)O,O=C(O)C[C@H]1CN(c2ncnc3[nH]c4ccccc4c23)CCO1,Components-smiles-stereo-oe.smi,<frozen-chemistry-source>,3
2226,RC9,resolved,c1ccc2c(c1)cncc2NC(=O)[C@@H]3CN(Cc4c3cc(cc4)Cl)S(=O)(=O)CC5(CCC5)C#N,N#CC1(CS(=O)(=O)N2Cc3ccc(Cl)cc3[C@H](C(=O)Nc3cncc4ccccc34)C2)CCC1,Components-smiles-stereo-oe.smi,<frozen-chemistry-source>,4
1716,RCR,resolved,c1cc2c(cc1Br)[nH]c3c2c(ncn3)N4C[C@](C5(C4)CCC5)(C(=O)O)F,O=C(O)[C@]1(F)CN(c2ncnc3[nH]c4cc(Br)ccc4c23)CC12CCC2,Components-smiles-stereo-oe.smi,<frozen-chemistry-source>,3
2227,RD5,resolved,CS(=O)(=O)NCc1ccc(cc1CC(=O)Nc2cncc3c2cccc3)Cl,CS(=O)(=O)NCc1ccc(Cl)cc1CC(=O)Nc1cncc2ccccc12,Components-smiles-stereo-oe.smi,<frozen-chemistry-source>,4
1717,RD6,resolved,c1cc2c(cc1Br)[nH]c3c2c(ncn3)N4C[C@@](C5(C4)CCC5)(C(=O)O)F,O=C(O)[C@@]1(F)CN(c2ncnc3[nH]c4cc(Br)ccc4c23)CC12CCC2,Components-smiles-stereo-oe.smi,<frozen-chemistry-source>,3
2228,RDK,resolved,C[C@]1(CNS(=O)(=O)c2c1cc(cc2)Cl)C(=O)Nc3cncc4c3cccc4,C[C@@]1(C(=O)Nc2cncc3ccccc23)CNS(=O)(=O)c2ccc(Cl)cc21,Components-smiles-stereo-oe.smi,<frozen-chemistry-source>,4
1718,RDN,resolved,c1ccc2c(c1)c3c([nH]2)ncnc3N4C[C@@H](C5(C4)CCC5)C(=O)O,O=C(O)[C@H]1CN(c2ncnc3[nH]c4ccccc4c23)CC12CCC2,Components-smiles-stereo-oe.smi,<frozen-chemistry-source>,3
2229,RDQ,resolved,CNC(=O)CN1C[C@H](c2cc(ccc2C1=O)Cl)C(=O)Nc3cncc4c3cc(cc4)NS(=O)(=O)C,CNC(=O)CN1C[C@@H](C(=O)Nc2cncc3ccc(NS(C)(=O)=O)cc23)c2cc(Cl)ccc2C1=O,Components-smiles-stereo-oe.smi,<frozen-chemistry-source>,4
1719,RDU,resolved,c1cc2c(cc1F)[nH]c3c2c(ncn3)N4C[C@@H](OC5(C4)CCC5)CO,OC[C@H]1CN(c2ncnc3[nH]c4cc(F)ccc4c23)CC2(CCC2)O1,Components-smiles-stereo-oe.smi,<frozen-chemistry-source>,3
2230,RDX,resolved,CN(CCO)S(=O)(=O)N1Cc2ccc(cc2[C@@H](C1)C(=O)Nc3cncc4c3cccc4)Cl,CN(CCO)S(=O)(=O)N1Cc2ccc(Cl)cc2[C@H](C(=O)Nc2cncc3ccccc23)C1,Components-smiles-stereo-oe.smi,<frozen-chemistry-source>,4
358,RE5,resolved,C[C@H](Cn1cnc2c1ncnc2N)OCP(=O)(N[C@@H](CCC(=O)O)C(=O)O)O,C[C@H](Cn1cnc2c(N)ncnc21)OCP(=O)(O)N[C@@H](CCC(=O)O)C(=O)O,Components-smiles-stereo-oe.smi,<frozen-chemistry-source>,6
3013,REA,resolved,CC1=C(C(CCC1)(C)C)/C=C/C(=C/C=C/C(=C/C(=O)O)/C)/C,CC1=C(/C=C/C(C)=C/C=C/C(C)=C/C(=O)O)C(C)(C)CCC1,Components-smiles-stereo-oe.smi,<frozen-chemistry-source>,1
357,REK,resolved,C[C@H](Cn1cnc2c1ncnc2N)OCP(=O)(N[C@H](CC(=O)O)C(=O)O)O,C[C@H](Cn1cnc2c(N)ncnc21)OCP(=O)(O)N[C@H](CC(=O)O)C(=O)O,Components-smiles-stereo-oe.smi,<frozen-chemistry-source>,6
2231,REU,resolved,C[C@@H](C(=O)NC)N1Cc2ccc(cc2[C@@H](C1)C(=O)Nc3cncc4c3cccc4)Cl,CNC(=O)[C@H](C)N1Cc2ccc(Cl)cc2[C@H](C(=O)Nc2cncc3ccccc23)C1,Components-smiles-stereo-oe.smi,<frozen-chemistry-source>,4
1720,RF0,resolved,CO[C@@H]1CN(C[C@H](O1)CO)c2c3c4ccc(cc4[nH]c3ncn2)F,CO[C@@H]1CN(c2ncnc3[nH]c4cc(F)ccc4c23)C[C@@H](CO)O1,Components-smiles-stereo-oe.smi,<frozen-chemistry-source>,3
359,RFE,resolved,C[C@H](Cn1cnc2c1ncnc2N)OCP(=O)(N[C@@H](CCSC)C(=O)O)O,CSCC[C@H](NP(=O)(O)CO[C@H](C)Cn1cnc2c(N)ncnc21)C(=O)O,Components-smiles-stereo-oe.smi,<frozen-chemistry-source>,6
2232,RFF,resolved,Cn1c2c(cncc2NC(=O)[C@@H]3CN(Cc4c3cc(cc4)Cl)S(=O)(=O)CC5(CC5)C#N)cn1,Cn1ncc2cncc(NC(=O)[C@@H]3CN(S(=O)(=O)CC4(C#N)CC4)Cc4ccc(Cl)cc43)c21,Components-smiles-stereo-oe.smi,<frozen-chemistry-source>,4
1721,RFI,resolved,c1cc2c(cc1F)[nH]c3c2c(ncn3)N4CC[C@@H](C4)N5CCOC5=O,O=C1OCCN1[C@H]1CCN(c2ncnc3[nH]c4cc(F)ccc4c23)C1,Components-smiles-stereo-oe.smi,<frozen-chemistry-source>,3
2233,RFR,resolved,CNC(=O)CN1Cc2ccc(cc2[C@@H](C1)C(=O)Nc3cncc4c3cc(cc4)NS(=O)(=O)C)Cl,CNC(=O)CN1Cc2ccc(Cl)cc2[C@H](C(=O)Nc2cncc3ccc(NS(C)(=O)=O)cc23)C1,Components-smiles-stereo-oe.smi,<frozen-chemistry-source>,3
1722,RFU,resolved,c1cc2c(cc1F)[nH]c3c2c(ncn3)N4CC[C@H](C4)N5CCOC5=O,O=C1OCCN1[C@@H]1CCN(c2ncnc3[nH]c4cc(F)ccc4c23)C1,Components-smiles-stereo-oe.smi,<frozen-chemistry-source>,3
2234,RG3,resolved,CNC(=O)CN1C[C@H](c2cc(ccc2C1=O)Cl)C(=O)Nc3cncc4c3ccc(c4)S(=O)(=O)C,CNC(=O)CN1C[C@@H](C(=O)Nc2cncc3cc(S(C)(=O)=O)ccc23)c2cc(Cl)ccc2C1=O,Components-smiles-stereo-oe.smi,<frozen-chemistry-source>,4
1723,RG5,resolved,c1cc2c(cc1F)[nH]c3c2c(ncn3)N4CCO[C@H](C4)c5[nH]nnn5,Fc1ccc2c(c1)[nH]c1ncnc(N3CCO[C@@H](c4nnn[nH]4)C3)c12,Components-smiles-stereo-oe.smi,<frozen-chemistry-source>,3
2235,RG9,resolved,CC(C)(c1ccc2c(c1)cncc2NC(=O)Cc3cccc(c3)Cl)O,CC(C)(O)c1ccc2c(NC(=O)Cc3cccc(Cl)c3)cncc2c1,Components-smiles-stereo-oe.smi,<frozen-chemistry-source>,4
1724,RGF,resolved,c1cc2c(cc1F)[nH]c3c2c(ncn3)N4C[C@H](C5(C4)CCC5)C(=O)O,O=C(O)[C@@H]1CN(c2ncnc3[nH]c4cc(F)ccc4c23)CC12CCC2,Components-smiles-stereo-oe.smi,<frozen-chemistry-source>,3
2236,RGQ,resolved,CNC(=O)CN1Cc2ccc(cc2[C@@H](C1)C(=O)Nc3cncc4c3ccc(c4)F)Cl,CNC(=O)CN1Cc2ccc(Cl)cc2[C@H](C(=O)Nc2cncc3cc(F)ccc23)C1,Components-smiles-stereo-oe.smi,<frozen-chemistry-source>,4
2237,RGX,resolved,c1ccc2c(c1)cncc2NC(=O)[C@@H]3CN(Cc4c3cc(cc4)Cl)S(=O)(=O)NC5CC5,O=C(Nc1cncc2ccccc12)[C@@H]1CN(S(=O)(=O)NC2CC2)Cc2ccc(Cl)cc21,Components-smiles-stereo-oe.smi,<frozen-chemistry-source>,4
2238,RHI,resolved,CNC(=O)CN1Cc2ccc(cc2[C@@H](C1)C(=O)Nc3cncc4c3ccc(c4)S(=O)(=O)C)Cl,CNC(=O)CN1Cc2ccc(Cl)cc2[C@H](C(=O)Nc2cncc3cc(S(C)(=O)=O)ccc23)C1,Components-smiles-stereo-oe.smi,<frozen-chemistry-source>,4
2239,RI1,resolved,c1ccc2c(c1)cncc2NC(=O)[C@@H]3CNS(=O)(=O)c4c3cc(cc4)Cl,O=C(Nc1cncc2ccccc12)[C@@H]1CNS(=O)(=O)c2ccc(Cl)cc21,Components-smiles-stereo-oe.smi,<frozen-chemistry-source>,4
1725,RI3,resolved,c1cc2c(cc1F)[nH]c3c2c(ncn3)N4C[C@H]([C@@](C4)(C(=O)O)F)C5CC5,O=C(O)[C@]1(F)CN(c2ncnc3[nH]c4cc(F)ccc4c23)C[C@H]1C1CC1,Components-smiles-stereo-oe.smi,<frozen-chemistry-source>,3
2240,RI6,resolved,CNC(=O)CN1Cc2ccc(cc2[C@@H](C1)C(=O)Nc3cncc4c3ccc(c4)Cl)Cl,CNC(=O)CN1Cc2ccc(Cl)cc2[C@H](C(=O)Nc2cncc3cc(Cl)ccc23)C1,Components-smiles-stereo-oe.smi,<frozen-chemistry-source>,3
1726,RI7,resolved,COC(=O)C[C@H]1CN(CCO1)c2c3c4ccc(cc4[nH]c3ncn2)F,COC(=O)C[C@H]1CN(c2ncnc3[nH]c4cc(F)ccc4c23)CCO1,Components-smiles-stereo-oe.smi,<frozen-chemistry-source>,3
2241,RIJ,resolved,CNC(=O)CN1Cc2ccc(cc2[C@]3(C1)CC(=O)N(C3=O)c4cncc5c4cccc5)Cl,CNC(=O)CN1Cc2ccc(Cl)cc2[C@@]2(CC(=O)N(c3cncc4ccccc34)C2=O)C1,Components-smiles-stereo-oe.smi,<frozen-chemistry-source>,4
1727,RIK,resolved,c1cc2c(cc1F)[nH]c3c2c(ncn3)N4CCO[C@@H](C4)CCC(=O)O,O=C(O)CC[C@@H]1CN(c2ncnc3[nH]c4cc(F)ccc4c23)CCO1,Components-smiles-stereo-oe.smi,<frozen-chemistry-source>,3
49,RIT,resolved,CC(C)c1nc(cs1)CN(C)C(=O)N[C@@H](C(C)C)C(=O)N[C@@H](Cc2ccccc2)C[C@@H]([C@H](Cc3ccccc3)NC(=O)OCc4cncs4)O,CC(C)c1nc(CN(C)C(=O)N[C@H](C(=O)N[C@@H](Cc2ccccc2)C[C@H](O)[C@H](Cc2ccccc2)NC(=O)OCc2cncs2)C(C)C)cs1,Components-smiles-stereo-oe.smi,<frozen-chemistry-source>,21
2242,RIU,resolved,CN(C)CCOc1ccc2cncc(c2c1)NC(=O)Cc3cccc(c3)Cl,CN(C)CCOc1ccc2cncc(NC(=O)Cc3cccc(Cl)c3)c2c1,Components-smiles-stereo-oe.smi,<frozen-chemistry-source>,4
1728,RIW,resolved,c1cc2c(cc1F)[nH]c3c2c(ncn3)NN4CCCC4=O,O=C1CCCN1Nc1ncnc2[nH]c3cc(F)ccc3c12,Components-smiles-stereo-oe.smi,<frozen-chemistry-source>,3
2243,RIY,resolved,CCNS(=O)(=O)N1Cc2ccc(cc2[C@@H](C1)C(=O)Nc3cncc4c3cccc4)Cl,CCNS(=O)(=O)N1Cc2ccc(Cl)cc2[C@H](C(=O)Nc2cncc3ccccc23)C1,Components-smiles-stereo-oe.smi,<frozen-chemistry-source>,4
1729,RIZ,resolved,c1cc2c(cc1F)[nH]c3c2c(ncn3)N[C@H]4CCCC[C@H]4C(=O)O,O=C(O)[C@@H]1CCCC[C@@H]1Nc1ncnc2[nH]c3cc(F)ccc3c12,Components-smiles-stereo-oe.smi,<frozen-chemistry-source>,3
2244,RJ3,resolved,c1cc(cc(c1)Cl)CC(=O)Nc2cncc3c2ccc(c3)C(=O)O,O=C(Cc1cccc(Cl)c1)Nc1cncc2cc(C(=O)O)ccc12,Components-smiles-stereo-oe.smi,<frozen-chemistry-source>,4
1730,RJ9,resolved,c1cc2c(cc1F)[nH]c3c2c(ncn3)N[C@@H]4CCCC[C@@H]4C(=O)O,O=C(O)[C@H]1CCCC[C@H]1Nc1ncnc2[nH]c3cc(F)ccc3c12,Components-smiles-stereo-oe.smi,<frozen-chemistry-source>,3
2245,RJF,resolved,Cc1cccc2c1c(cnc2)NC(=O)[C@@H]3CN(C(=O)c4c3cc(cc4)Cl)CC(=O)NC,CNC(=O)CN1C[C@@H](C(=O)Nc2cncc3cccc(C)c23)c2cc(Cl)ccc2C1=O,Components-smiles-stereo-oe.smi,<frozen-chemistry-source>,4
1731,RJL,resolved,COc1cc(cnc1)C(=O)NCCNC(=O)c2c(cccn2)O,COc1cncc(C(=O)NCCNC(=O)c2ncccc2O)c1,Components-smiles-stereo-oe.smi,<frozen-chemistry-source>,3
2246,RJO,resolved,CNC(=O)CN1C[C@H](c2cc(ccc2C1=O)Cl)C(=O)Nc3cncc4c3cc(cc4)F,CNC(=O)CN1C[C@@H](C(=O)Nc2cncc3ccc(F)cc23)c2cc(Cl)ccc2C1=O,Components-smiles-stereo-oe.smi,<frozen-chemistry-source>,4
1732,RJS,resolved,c1ccn2c(c1)c(cn2)C(=O)NS(=O)(=O)Cc3ccc(c(c3)F)Br,O=C(NS(=O)(=O)Cc1ccc(Br)c(F)c1)c1cnn2ccccc12,Components-smiles-stereo-oe.smi,<frozen-chemistry-source>,3
2247,RJX,resolved,c1cc(cc(c1)Cl)CC(=O)Nc2cncc3c2cc(cc3)C(=O)O,O=C(Cc1cccc(Cl)c1)Nc1cncc2ccc(C(=O)O)cc12,Components-smiles-stereo-oe.smi,<frozen-chemistry-source>,4
1733,RK0,resolved,Cc1ccc(cc1C#N)NS(=O)(=O)c2c(nc(s2)NC(=O)C)C,CC(=O)Nc1nc(C)c(S(=O)(=O)Nc2ccc(C)c(C#N)c2)s1,Components-smiles-stereo-oe.smi,<frozen-chemistry-source>,3
2248,RK6,resolved,CNC(=O)c1ccc2c(c1)cncc2NC(=O)Cc3cccc(c3)Cl,CNC(=O)c1ccc2c(NC(=O)Cc3cccc(Cl)c3)cncc2c1,Components-smiles-stereo-oe.smi,<frozen-chemistry-source>,4
1734,RK9,resolved,CCC(=O)Nc1nc(c(s1)S(=O)(=O)Nc2cccc(c2)C#N)C,CCC(=O)Nc1nc(C)c(S(=O)(=O)Nc2cccc(C#N)c2)s1,Components-smiles-stereo-oe.smi,<frozen-chemistry-source>,3
2249,RKC,resolved,c1ccc2c(c1)cncc2N3CC[C@@]4(C3=O)CCOc5c4cc(cc5)Cl,O=C1N(c2cncc3ccccc23)CC[C@]12CCOc1ccc(Cl)cc12,Components-smiles-stereo-oe.smi,<frozen-chemistry-source>,4
1735,RKI,resolved,c1cc(cc(c1)CNC(=O)c2c3c(ccs3)ncn2)CC(=O)O,O=C(O)Cc1cccc(CNC(=O)c2ncnc3ccsc23)c1,Components-smiles-stereo-oe.smi,<frozen-chemistry-source>,3
2250,RKR,resolved,CN(C)c1ccc2cncc(c2c1)NC(=O)Cc3cccc(c3)Cl,CN(C)c1ccc2cncc(NC(=O)Cc3cccc(Cl)c3)c2c1,Components-smiles-stereo-oe.smi,<frozen-chemistry-source>,4
1736,RKU,resolved,c1cc(ccc1[C@H](CC(=O)O)NC(=O)c2cc(cc3c2nc[nH]3)F)Br,O=C(O)C[C@H](NC(=O)c1cc(F)cc2[nH]cnc12)c1ccc(Br)cc1,Components-smiles-stereo-oe.smi,<frozen-chemistry-source>,3
2251,RL0,resolved,CN(c1ccc2cncc(c2c1)NC(=O)Cc3cccc(c3)Cl)S(=O)(=O)C,CN(c1ccc2cncc(NC(=O)Cc3cccc(Cl)c3)c2c1)S(C)(=O)=O,Components-smiles-stereo-oe.smi,<frozen-chemistry-source>,4
1737,RL5,resolved,CCNc1ncc(s1)C(=O)NCCn2cc(nc2)C(=O)O,CCNc1ncc(C(=O)NCCn2cnc(C(=O)O)c2)s1,Components-smiles-stereo-oe.smi,<frozen-chemistry-source>,3
2252,RL8,resolved,CNC(=O)c1ccc2cncc(c2c1)NC(=O)Cc3cccc(c3)Cl,CNC(=O)c1ccc2cncc(NC(=O)Cc3cccc(Cl)c3)c2c1,Components-smiles-stereo-oe.smi,<frozen-chemistry-source>,4
1738,RL9,resolved,c1cc2c(cc[nH]2)cc1C(=O)NCc3cc(ccc3F)C(=O)O,O=C(O)c1ccc(F)c(CNC(=O)c2ccc3[nH]ccc3c2)c1,Components-smiles-stereo-oe.smi,<frozen-chemistry-source>,3
2253,RLH,resolved,c1cc(cc(c1)Cl)CC(=O)Nc2cncc3c2ccc(c3)OCCN4CCCC4,O=C(Cc1cccc(Cl)c1)Nc1cncc2cc(OCCN3CCCC3)ccc12,Components-smiles-stereo-oe.smi,<frozen-chemistry-source>,3
1739,RLN,resolved,c1cc(ccc1CC(=O)O)CNC(=O)c2ccnc3c2scc3,O=C(O)Cc1ccc(CNC(=O)c2ccnc3ccsc23)cc1,Components-smiles-stereo-oe.smi,<frozen-chemistry-source>,3
2254,RLR,resolved,c1ccc2c(c1)cncc2NC(=O)[C@@H]3CN(Cc4c3cc(cc4)Cl)[C@@H]5CCNC5=O,O=C1NCC[C@H]1N1Cc2ccc(Cl)cc2[C@H](C(=O)Nc2cncc3ccccc23)C1,Components-smiles-stereo-oe.smi,<frozen-chemistry-source>,3
1740,RLU,resolved,c1cc(ccc1[C@@H](CC(=O)O)NC(=O)c2c3cc[nH]c3ncn2)Br,O=C(O)C[C@@H](NC(=O)c1ncnc2[nH]ccc12)c1ccc(Br)cc1,Components-smiles-stereo-oe.smi,<frozen-chemistry-source>,3
2255,RM3,resolved,CN(C)c1ccc2c(c1)cncc2NC(=O)Cc3cccc(c3)Cl,CN(C)c1ccc2c(NC(=O)Cc3cccc(Cl)c3)cncc2c1,Components-smiles-stereo-oe.smi,<frozen-chemistry-source>,3
1741,RM6,resolved,c1csc2c1cc(nc2)C(=O)NCC3CC(C3)CC(=O)O,O=C(O)CC1CC(CNC(=O)c2cc3ccsc3cn2)C1,Components-smiles-stereo-oe.smi,<frozen-chemistry-source>,3
2256,RMI,resolved,CN(C)CCOc1ccc2c(c1)cncc2NC(=O)Cc3cccc(c3)Cl,CN(C)CCOc1ccc2c(NC(=O)Cc3cccc(Cl)c3)cncc2c1,Components-smiles-stereo-oe.smi,<frozen-chemistry-source>,4
1742,RMU,resolved,Cc1c(cc(o1)C(=O)N)S(=O)(=O)Nc2cc(c(nc2)Cl)C#N,Cc1oc(C(N)=O)cc1S(=O)(=O)Nc1cnc(Cl)c(C#N)c1,Components-smiles-stereo-oe.smi,<frozen-chemistry-source>,3
1807,RMZ,resolved,Cc1ccc(cc1C)N2CCN(CC2)CC[C@H]3c4ccccc4C(=O)N3,Cc1ccc(N2CCN(CC[C@@H]3NC(=O)c4ccccc43)CC2)cc1C,Components-smiles-stereo-oe.smi,<frozen-chemistry-source>,3
2257,RN0,resolved,CS(=O)(=O)Oc1ccc2cncc(c2c1)NC(=O)Cc3cccc(c3)Cl,CS(=O)(=O)Oc1ccc2cncc(NC(=O)Cc3cccc(Cl)c3)c2c1,Components-smiles-stereo-oe.smi,<frozen-chemistry-source>,4
1743,RNC,resolved,CNc1cnc(cn1)C(=O)N2CC(C2)c3nc(on3)O,CNc1cnc(C(=O)N2CC(c3noc(O)n3)C2)cn1,Components-smiles-stereo-oe.smi,<frozen-chemistry-source>,3
2258,RNI,resolved,CS(=O)(=O)Nc1ccc2c(c1)cncc2NC(=O)[C@@H]3CN(Cc4c3cc(cc4)Cl)S(=O)(=O)CC5(CC5)C#N,CS(=O)(=O)Nc1ccc2c(NC(=O)[C@@H]3CN(S(=O)(=O)CC4(C#N)CC4)Cc4ccc(Cl)cc43)cncc2c1,Components-smiles-stereo-oe.smi,<frozen-chemistry-source>,3
1744,RNL,resolved,CN1C=Cn2c(nnc2C1=O)CCNC(=O)[C@H]3C[C@H]3C(=O)O,Cn1ccn2c(CCNC(=O)[C@H]3C[C@H]3C(=O)O)nnc2c1=O,Components-smiles-stereo-oe.smi,<frozen-chemistry-source>,3
1808,RNW,resolved,c1ccc(cc1)C(c2ccccc2)S(=O)CC(=O)NO,O=C(CS(=O)C(c1ccccc1)c1ccccc1)NO,Components-smiles-stereo-oe.smi,<frozen-chemistry-source>,3
857,RO1,resolved,CC(C)(C)NC(=O)[C@@H]1C[C@@H]2CCCC[C@@H]2C[N@]1CC(=O)[C@H](Cc3ccccc3)NC(=O)[C@H](C(C)(C)S(=O)(=O)C)NC(=O)COc4cccnc4,CC(C)(C)NC(=O)[C@@H]1C[C@@H]2CCCC[C@@H]2CN1CC(=O)[C@H](Cc1ccccc1)NC(=O)[C@@H](NC(=O)COc1cccnc1)C(C)(C)S(C)(=O)=O,Components-smiles-stereo-oe.smi,<frozen-chemistry-source>,3
2844,ROA,resolved,c1cc(c(cc1C[C@H](C(=O)O)OC(=O)/C=C/c2ccc(c(c2)O)O)O)O,O=C(/C=C/c1ccc(O)c(O)c1)O[C@H](Cc1ccc(O)c(O)c1)C(=O)O,Components-smiles-stereo-oe.smi,<frozen-chemistry-source>,1
48,ROC,resolved,CC(C)(C)NC(=O)[C@@H]1C[C@@H]2CCCC[C@@H]2C[N@]1C[C@H]([C@H](Cc3ccccc3)NC(=O)[C@H](CC(=O)N)NC(=O)c4ccc5ccccc5n4)O,CC(C)(C)NC(=O)[C@@H]1C[C@@H]2CCCC[C@@H]2CN1C[C@@H](O)[C@H](Cc1ccccc1)NC(=O)[C@H](CC(N)=O)NC(=O)c1ccc2ccccc2n1,Components-smiles-stereo-oe.smi,<frozen-chemistry-source>,61
1745,ROO,resolved,Cc1c(cc(o1)CNc2c3c4ccccc4[nH]c3ncn2)C(=O)O,Cc1oc(CNc2ncnc3[nH]c4ccccc4c23)cc1C(=O)O,Components-smiles-stereo-oe.smi,<frozen-chemistry-source>,3
2259,ROZ,resolved,c1cc(cc(c1)Cl)CC(=O)Nc2cncc3c2cc(cc3)C(=O)N,NC(=O)c1ccc2cncc(NC(=O)Cc3cccc(Cl)c3)c2c1,Components-smiles-stereo-oe.smi,<frozen-chemistry-source>,3
1746,RP0,resolved,Cc1c(cc(o1)C(=O)N)S(=O)(=O)Nc2ccc(c(c2)C#N)Br,Cc1oc(C(N)=O)cc1S(=O)(=O)Nc1ccc(Br)c(C#N)c1,Components-smiles-stereo-oe.smi,<frozen-chemistry-source>,3
2260,RPK,resolved,CC(=O)Nc1ccc2cncc(c2c1)NC(=O)Cc3cccc(c3)Cl,CC(=O)Nc1ccc2cncc(NC(=O)Cc3cccc(Cl)c3)c2c1,Components-smiles-stereo-oe.smi,<frozen-chemistry-source>,3
1747,RPU,resolved,C[C@H](Cc1ccco1)C(=O)N[C@H](CC(=O)O)c2ccc3c(c2)OCO3,C[C@H](Cc1ccco1)C(=O)N[C@H](CC(=O)O)c1ccc2c(c1)OCO2,Components-smiles-stereo-oe.smi,<frozen-chemistry-source>,3
2261,RPZ,resolved,CNC(=O)CN1Cc2ccc(cc2[C@]3(C1)CCN(C3=O)c4cncc5c4cccc5)Cl,CNC(=O)CN1Cc2ccc(Cl)cc2[C@@]2(CCN(c3cncc4ccccc34)C2=O)C1,Components-smiles-stereo-oe.smi,<frozen-chemistry-source>,7
2262,RQ6,resolved,CNC(=O)CN1C[C@H](c2cc(ccc2C1=O)Cl)C(=O)Nc3cncc4c3ccc(c4)F,CNC(=O)CN1C[C@@H](C(=O)Nc2cncc3cc(F)ccc23)c2cc(Cl)ccc2C1=O,Components-smiles-stereo-oe.smi,<frozen-chemistry-source>,3
1748,RQ8,resolved,CC(c1cc(cnc1)C(=O)N[C@@H](Cc2cc(cnc2)Br)C(=O)O)(F)F,CC(F)(F)c1cncc(C(=O)N[C@@H](Cc2cncc(Br)c2)C(=O)O)c1,Components-smiles-stereo-oe.smi,<frozen-chemistry-source>,3
1749,RQC,resolved,Cn1c2c(cn1)C(=O)NC(=N2)CCC(=O)N3CC[C@H](C3)C(=O)O,Cn1ncc2c(=O)[nH]c(CCC(=O)N3CC[C@@H](C(=O)O)C3)nc21,Components-smiles-stereo-oe.smi,<frozen-chemistry-source>,3
2264,RQF,resolved,CCCNC(=O)CN1C[C@H](c2cc(ccc2C1=O)Cl)C(=O)Nc3cncc4c3ccc(c4)F,CCCNC(=O)CN1C[C@@H](C(=O)Nc2cncc3cc(F)ccc23)c2cc(Cl)ccc2C1=O,Components-smiles-stereo-oe.smi,<frozen-chemistry-source>,3
733,RQG,resolved,Cc1ccc2c(c1)c(co2)CC(=O)O,Cc1ccc2occ(CC(=O)O)c2c1,Components-smiles-stereo-oe.smi,<frozen-chemistry-source>,3
1809,RQH,resolved,CC(C)(C)C(=O)[C@@H](n1ccnc1)Oc2ccc(cc2)Cl,CC(C)(C)C(=O)[C@H](Oc1ccc(Cl)cc1)n1ccnc1,Components-smiles-stereo-oe.smi,<frozen-chemistry-source>,3
1750,RQI,resolved,c1c(c(cc2c1nc[nH]2)F)C(=O)NCCc3nc(cs3)C(=O)O,O=C(O)c1csc(CCNC(=O)c2cc3nc[nH]c3cc2F)n1,Components-smiles-stereo-oe.smi,<frozen-chemistry-source>,3
1810,RQN,resolved,CCc1cc(c(cc1F)Oc2ccc(cc2F)C(=O)N)O,CCc1cc(O)c(Oc2ccc(C(N)=O)cc2F)cc1F,Components-smiles-stereo-oe.smi,<frozen-chemistry-source>,3
2263,RQO,resolved,CN(C)C(=O)c1ccc2cncc(c2c1)NC(=O)Cc3cccc(c3)Cl,CN(C)C(=O)c1ccc2cncc(NC(=O)Cc3cccc(Cl)c3)c2c1,Components-smiles-stereo-oe.smi,<frozen-chemistry-source>,3
1751,RQR,resolved,c1csc2c1c(ncn2)C(=O)N[C@@H]3C[C@@H](C=C3)C(=O)O,O=C(N[C@H]1C=C[C@@H](C(=O)O)C1)c1ncnc2sccc12,Components-smiles-stereo-oe.smi,<frozen-chemistry-source>,3
2265,RR0,resolved,c1cc2c(cc1F)cncc2NC(=O)C34CC(C3)Oc5c4cc(cc5)Cl,O=C(Nc1cncc2cc(F)ccc12)C12CC(C1)Oc1ccc(Cl)cc12,Components-smiles-stereo-oe.smi,<frozen-chemistry-source>,4
1752,RR3,resolved,Cn1c2c(cn1)ncnc2NS(=O)(=O)Cc3ccc(cc3)CC#N,Cn1ncc2ncnc(NS(=O)(=O)Cc3ccc(CC#N)cc3)c21,Components-smiles-stereo-oe.smi,<frozen-chemistry-source>,4
2266,RRD,resolved,c1ccc2c(c1)cncc2NC(=O)[C@@H]3CN(C(=O)c4c3cc(cc4)Cl)CC(=O)NC5COC5,O=C(CN1C[C@@H](C(=O)Nc2cncc3ccccc23)c2cc(Cl)ccc2C1=O)NC1COC1,Components-smiles-stereo-oe.smi,<frozen-chemistry-source>,3
1753,RRF,resolved,c1cc2c(c(c1)O)C[C@H]([C@H]2NC(=O)c3ccc4c(c3)nc[nH]4)C(=O)O,O=C(N[C@H]1c2cccc(O)c2C[C@H]1C(=O)O)c1ccc2[nH]cnc2c1,Components-smiles-stereo-oe.smi,<frozen-chemistry-source>,3
2267,RRU,resolved,c1ccc2c(c1)cncc2N3CC[C@@]4(C3=O)CN(Cc5c4cc(cc5)Cl)S(=O)(=O)CC6(CC6)C#N,N#CC1(CS(=O)(=O)N2Cc3ccc(Cl)cc3[C@@]3(CCN(c4cncc5ccccc45)C3=O)C2)CC1,Components-smiles-stereo-oe.smi,<frozen-chemistry-source>,3
1754,RS0,resolved,c1cc2c(c(c1)O)C[C@@H]([C@@H]2NC(=O)c3ccc4c(c3)nc[nH]4)C(=O)O,O=C(N[C@@H]1c2cccc(O)c2C[C@@H]1C(=O)O)c1ccc2[nH]cnc2c1,Components-smiles-stereo-oe.smi,<frozen-chemistry-source>,3
2268,RS6,resolved,CC(C)NC(=O)CN1C[C@H](c2cc(ccc2C1=O)Cl)C(=O)Nc3cncc4c3ccc(c4)F,CC(C)NC(=O)CN1C[C@@H](C(=O)Nc2cncc3cc(F)ccc23)c2cc(Cl)ccc2C1=O,Components-smiles-stereo-oe.smi,<frozen-chemistry-source>,4
1755,RS9,resolved,c1cc2c(c(c1)O)C[C@@H]([C@H]2NC(=O)c3ccc4c(c3)nc([nH]4)CO)C(=O)O,O=C(N[C@H]1c2cccc(O)c2C[C@@H]1C(=O)O)c1ccc2[nH]c(CO)nc2c1,Components-smiles-stereo-oe.smi,<frozen-chemistry-source>,3
2269,RSL,resolved,CS(=O)(=O)Oc1ccc2c(c1)cncc2NC(=O)Cc3cccc(c3)Cl,CS(=O)(=O)Oc1ccc2c(NC(=O)Cc3cccc(Cl)c3)cncc2c1,Components-smiles-stereo-oe.smi,<frozen-chemistry-source>,3
1756,RSR,resolved,c1cc2c(cc1F)[nH]c3c2c(nc(n3)N)N4C[C@](C5(C4)CCC5)(C(=O)O)F,Nc1nc(N2CC3(CCC3)[C@](F)(C(=O)O)C2)c2c(n1)[nH]c1cc(F)ccc12,Components-smiles-stereo-oe.smi,<frozen-chemistry-source>,3
905,RSY,resolved,CC(C)C[C@@H](C(=O)N)NC(=O)[C@H](CCl)NC(=O)C[C@@H]([C@H](Cc1ccccc1)NC(=O)[C@@H](C(C)C)NC(=O)c2ccccn2)O,CC(C)C[C@H](NC(=O)[C@H](CCl)NC(=O)C[C@H](O)[C@H](Cc1ccccc1)NC(=O)[C@H](NC(=O)c1ccccn1)C(C)C)C(N)=O,Components-smiles-stereo-oe.smi,<frozen-chemistry-source>,3
906,RSZ,resolved,CC(C)[C@@H](C(=O)N[C@@H](Cc1ccccc1)[C@H](CC(=O)N[C@H](Cc2ccccc2)C(=O)NCC#C)O)NC(=O)c3ccccn3,C#CCNC(=O)[C@@H](Cc1ccccc1)NC(=O)C[C@H](O)[C@H](Cc1ccccc1)NC(=O)[C@@H](NC(=O)c1ccccn1)C(C)C,Components-smiles-stereo-oe.smi,<frozen-chemistry-source>,3
1811,RT2,resolved,CCc1ccc(cc1)Cc2ccc3c(c2)[C@]4([C@H]([C@H]([C@@H]([C@H](O4)CO)O)O)O)OC3,CCc1ccc(Cc2ccc3c(c2)[C@]2(OC3)O[C@H](CO)[C@@H](O)[C@H](O)[C@@H]2O)cc1,Components-smiles-stereo-oe.smi,<frozen-chemistry-source>,1
149,RT3,resolved,Cc1ccc2c(c1)CCCN2C(=O)SCC(=O)Nc3ccc(cc3Cl)S(=O)(=O)N,Cc1ccc2c(c1)CCCN2C(=O)SCC(=O)Nc1ccc(S(N)(=O)=O)cc1Cl,Components-smiles-stereo-oe.smi,<frozen-chemistry-source>,3
2270,RT4,resolved,c1ccc2c(c1)cncc2NC(=O)[C@@H]3CN(C(=O)c4c3cc(cc4)Cl)CC(=O)NC5CC5,O=C(CN1C[C@@H](C(=O)Nc2cncc3ccccc23)c2cc(Cl)ccc2C1=O)NC1CC1,Components-smiles-stereo-oe.smi,<frozen-chemistry-source>,4
1757,RT5,resolved,c1cc2c(cc1F)[nH]c3c2c(nc(n3)N)N4C[C@@](C5(C4)CCC5)(C(=O)O)F,Nc1nc(N2CC3(CCC3)[C@@](F)(C(=O)O)C2)c2c(n1)[nH]c1cc(F)ccc12,Components-smiles-stereo-oe.smi,<frozen-chemistry-source>,3
150,RT7,resolved,c1cc(c(cc1S(=O)(=O)N)Cl)NC(=O)CSC(=O)N2CCCc3c2c(cc(c3)Cl)Cl,NS(=O)(=O)c1ccc(NC(=O)CSC(=O)N2CCCc3cc(Cl)cc(Cl)c32)c(Cl)c1,Components-smiles-stereo-oe.smi,<frozen-chemistry-source>,3
2271,RT9,resolved,COC1(CC1)CS(=O)(=O)N2C[C@H](c3cc(ccc3C2=O)Cl)C(=O)Nc4cncc5c4cccc5,COC1(CS(=O)(=O)N2C[C@@H](C(=O)Nc3cncc4ccccc34)c3cc(Cl)ccc3C2=O)CC1,Components-smiles-stereo-oe.smi,<frozen-chemistry-source>,4
1758,RTI,resolved,c1cc2c(c(c1)O)C[C@@H]([C@@H]2NC(=O)c3ccc4c(c3)cc[nH]4)C(=O)O,O=C(N[C@@H]1c2cccc(O)c2C[C@@H]1C(=O)O)c1ccc2[nH]ccc2c1,Components-smiles-stereo-oe.smi,<frozen-chemistry-source>,3
2272,RTS,resolved,C[C@]1(CN(S(=O)(=O)c2c1cc(cc2)Cl)CC(=O)NC)C(=O)Nc3cncc4c3cccc4,CNC(=O)CN1C[C@@](C)(C(=O)Nc2cncc3ccccc23)c2cc(Cl)ccc2S1(=O)=O,Components-smiles-stereo-oe.smi,<frozen-chemistry-source>,3
1759,RTU,resolved,c1cc2c(c(c1)O)C[C@H]([C@H]2NC(=O)c3ccc4c(c3)cc[nH]4)C(=O)O,O=C(N[C@H]1c2cccc(O)c2C[C@H]1C(=O)O)c1ccc2[nH]ccc2c1,Components-smiles-stereo-oe.smi,<frozen-chemistry-source>,3
788,RTY,resolved,c1cc(ccc1C[C@@H]([C@H](CBr)O)N)OCCCC(=O)O,N[C@@H](Cc1ccc(OCCCC(=O)O)cc1)[C@@H](O)CBr,Components-smiles-stereo-oe.smi,<frozen-chemistry-source>,5
816,RUN,resolved,CC(C)[C@@H](C(=O)N[C@@H](Cc1ccccc1)[C@H](C[C@@H](Cc2ccccc2)c3[nH]c(cn3)C(=O)C(C)C)O)NC(=O)OCc4ccccc4,CC(C)C(=O)c1cnc([C@H](Cc2ccccc2)C[C@H](O)[C@H](Cc2ccccc2)NC(=O)[C@@H](NC(=O)OCc2ccccc2)C(C)C)[nH]1,Components-smiles-stereo-oe.smi,<frozen-chemistry-source>,4
2273,RV0,resolved,CC[C@]1(CNS(=O)(=O)c2c1cc(cc2)Cl)C(=O)Nc3cncc4c3cccc4,CC[C@@]1(C(=O)Nc2cncc3ccccc23)CNS(=O)(=O)c2ccc(Cl)cc21,Components-smiles-stereo-oe.smi,<frozen-chemistry-source>,3
1760,RV3,resolved,c1ccc2c(c1)c(c([nH]2)C(=O)O)CNC(=O)c3ccc4c(c3)nc[nH]4,O=C(NCc1c(C(=O)O)[nH]c2ccccc12)c1ccc2[nH]cnc2c1,Components-smiles-stereo-oe.smi,<frozen-chemistry-source>,3
1812,RV5,resolved,c1cc2c(cc1NC(=O)NCC(=O)N3CCCCC3)snn2,O=C(NCC(=O)N1CCCCC1)Nc1ccc2nnsc2c1,Components-smiles-stereo-oe.smi,<frozen-chemistry-source>,3
1815,RV8,resolved,C1[C@@H](O1)CN2C(=O)N(C(=O)N(C2=O)C[C@H]3CO3)C[C@H]4CO4,O=c1n(C[C@H]2CO2)c(=O)n(C[C@H]2CO2)c(=O)n1C[C@H]1CO1,Components-smiles-stereo-oe.smi,<frozen-chemistry-source>,3
1761,RVF,resolved,c1ccc2c(c1)c(c([nH]2)C(=O)O)CNC(=O)c3ccc4c(c3)nc([nH]4)O,O=C(NCc1c(C(=O)O)[nH]c2ccccc12)c1ccc2[nH]c(O)nc2c1,Components-smiles-stereo-oe.smi,<frozen-chemistry-source>,3
2650,RVK,resolved,CO[C@@H]1[C@@H]([C@@H]([C@H](O1)COP(=O)(O)OP(=O)(O)OC[C@@H]2[C@H]([C@H]([C@@H](O2)n3cnc4c3ncnc4N)O)O)O)O,CO[C@H]1O[C@H](COP(=O)(O)OP(=O)(O)OC[C@H]2O[C@@H](n3cnc4c(N)ncnc43)[C@H](O)[C@@H]2O)[C@@H](O)[C@H]1O,Components-smiles-stereo-oe.smi,<frozen-chemistry-source>,1
2274,RVL,resolved,CNC(=O)C1(CC1)N2C[C@H](c3cc(ccc3C2=O)Cl)C(=O)Nc4cncc5c4cccc5,CNC(=O)C1(N2C[C@@H](C(=O)Nc3cncc4ccccc34)c3cc(Cl)ccc3C2=O)CC1,Components-smiles-stereo-oe.smi,<frozen-chemistry-source>,4
693,RVN,resolved,c1ccc2c(c1)/C(=C\c3ccc4c(c3C(=O)O)OCO4)/C(=O)N2,O=C1Nc2ccccc2/C1=C\c1ccc2c(c1C(=O)O)OCO2,Components-smiles-stereo-oe.smi,<frozen-chemistry-source>,4
1582,RVO,resolved,c1cnccc1O[C@@H]2CCN(C2)c3c(c(ncn3)N)Cl,Nc1ncnc(N2CC[C@@H](Oc3ccncc3)C2)c1Cl,Components-smiles-stereo-oe.smi,<frozen-chemistry-source>,3
2883,RVP,resolved,c1nc(nn1[C@H]2[C@@H]([C@@H]([C@H](O2)COP(=O)(O)O)O)O)C(=O)N,NC(=O)c1ncn([C@@H]2O[C@H](COP(=O)(O)O)[C@@H](O)[C@H]2O)n1,Components-smiles-stereo-oe.smi,<frozen-chemistry-source>,3
2275,RVR,resolved,c1cc2c(cc1Cl)[C@@H](CNS2(=O)=O)C(=O)Nc3cncc4c3CCCC4,O=C(Nc1cncc2c1CCCC2)[C@@H]1CNS(=O)(=O)c2ccc(Cl)cc21,Components-smiles-stereo-oe.smi,<frozen-chemistry-source>,6
1608,RVS,resolved,c1ccc2c(c1)CC[C@@H]([C@@H]2NC(=O)c3ccc(cc3)NC(=O)NC4CC4)C(=O)O,O=C(Nc1ccc(C(=O)N[C@@H]2c3ccccc3CC[C@@H]2C(=O)O)cc1)NC1CC1,Components-smiles-stereo-oe.smi,<frozen-chemistry-source>,4
1816,RVW,resolved,C([C@H]1[C@@H]([C@H]([C@@H]([C@@H](O1)S)O)O)O)O,OC[C@@H]1O[C@@H](S)[C@@H](O)[C@H](O)[C@H]1O,Components-smiles-stereo-oe.smi,<frozen-chemistry-source>,3
2276,RW0,resolved,C[C@@H]1[C@H](c2cc(ccc2C(=O)N1CC(=O)NC)Cl)C(=O)Nc3cncc4c3ccc(c4)S(=O)(=O)C,CNC(=O)CN1C(=O)c2ccc(Cl)cc2[C@H](C(=O)Nc2cncc3cc(S(C)(=O)=O)ccc23)[C@H]1C,Components-smiles-stereo-oe.smi,<frozen-chemistry-source>,4
1627,RW5,resolved,Cc1ccc(o1)[C@@H]2C[C@H](CCN2C(=O)c3c4cc[nH]c4ncn3)C,Cc1ccc([C@@H]2C[C@@H](C)CCN2C(=O)c2ncnc3[nH]ccc23)o1,Components-smiles-stereo-oe.smi,<frozen-chemistry-source>,3
2277,RW9,resolved,CNC(=O)CN1C[C@]2(CCN(C2=O)c3cncc4c3cccc4)c5cc(ccc5C1=O)Cl,CNC(=O)CN1C[C@]2(CCN(c3cncc4ccccc34)C2=O)c2cc(Cl)ccc2C1=O,Components-smiles-stereo-oe.smi,<frozen-chemistry-source>,4
1610,RWC,resolved,c1ccc2c(c1)C[C@@H](CN2C(=O)c3ccc(cc3)NC(=O)NC4CC4)C(=O)O,O=C(Nc1ccc(C(=O)N2C[C@@H](C(=O)O)Cc3ccccc32)cc1)NC1CC1,Components-smiles-stereo-oe.smi,<frozen-chemistry-source>,3
1606,RWL,resolved,c1c(nc(s1)Cl)Cn2cnc3c2nc(nc3N)N,Nc1nc(N)c2ncn(Cc3csc(Cl)n3)c2n1,Components-smiles-stereo-oe.smi,<frozen-chemistry-source>,3
2278,RWO,resolved,C[C@@]1(CNS(=O)(=O)c2c1cc(cc2)Cl)C(=O)Nc3cncc4c3CCCC4,C[C@]1(C(=O)Nc2cncc3c2CCCC3)CNS(=O)(=O)c2ccc(Cl)cc21,Components-smiles-stereo-oe.smi,<frozen-chemistry-source>,4
1581,RWQ,resolved,c1cc2c(cc1F)[nH]c3c2c(ncn3)N4CCC[C@H](C4)CO,OC[C@@H]1CCCN(c2ncnc3[nH]c4cc(F)ccc4c23)C1,Components-smiles-stereo-oe.smi,<frozen-chemistry-source>,3
423,RWR,resolved,Cc1ccc(c(c1[C@@H](C(=O)O)OC(C)(C)C)c2ccc3c(c2)CCCO3)C4CC4,Cc1ccc(C2CC2)c(-c2ccc3c(c2)CCCO3)c1[C@H](OC(C)(C)C)C(=O)O,Components-smiles-stereo-oe.smi,<frozen-chemistry-source>,6
2279,RWT,resolved,C[C@]1(CNS(=O)(=O)c2c1cc(cc2)Cl)C(=O)Nc3cncc4c3CCCC4,C[C@@]1(C(=O)Nc2cncc3c2CCCC3)CNS(=O)(=O)c2ccc(Cl)cc21,Components-smiles-stereo-oe.smi,<frozen-chemistry-source>,4
1609,RXI,resolved,Cc1nnc2n1C[C@H](N(C2)C(=O)c3ccc(cc3)NC(=O)NC4CC4)C(=O)O,Cc1nnc2n1C[C@@H](C(=O)O)N(C(=O)c1ccc(NC(=O)NC3CC3)cc1)C2,Components-smiles-stereo-oe.smi,<frozen-chemistry-source>,3
2280,RXU,resolved,CNC(=O)CN1Cc2ccc(cc2[C@]3(C1)CCN(C3=O)c4cncc5c4CCCC5)Cl,CNC(=O)CN1Cc2ccc(Cl)cc2[C@@]2(CCN(c3cncc4c3CCCC4)C2=O)C1,Components-smiles-stereo-oe.smi,<frozen-chemistry-source>,4
1607,RXX,resolved,Cc1ccc(o1)c2nc(cs2)Cn3cnc4c3nc(nc4N)N,Cc1ccc(-c2nc(Cn3cnc4c(N)nc(N)nc43)cs2)o1,Components-smiles-stereo-oe.smi,<frozen-chemistry-source>,4
39,RY,resolved,C1C=C(NC(=O)N1[C@H]2[C@@H]([C@@H]([C@H](O2)COP(=O)(O)O)O)O)N,NC1=CCN([C@@H]2O[C@H](COP(=O)(O)O)[C@@H](O)[C@H]2O)C(=O)N1,Components-smiles-stereo-oe.smi,<frozen-chemistry-source>,4
1175,RY4,resolved,CS(=O)(=O)Nc1ccc(cc1)CN,CS(=O)(=O)Nc1ccc(CN)cc1,Components-smiles-stereo-oe.smi,<frozen-chemistry-source>,3
1817,RY5,resolved,c1cc2c(cc1Cl)CC[C@@]23C(=O)N(C(=O)N3)Cc4ccon4,O=C1N[C@]2(CCc3cc(Cl)ccc32)C(=O)N1Cc1ccon1,Components-smiles-stereo-oe.smi,<frozen-chemistry-source>,3
1611,RY6,resolved,c1cc2c(c(c1)O)C[C@@H]([C@@H]2NC(=O)c3ccc(cc3)NC(=O)N)C(=O)O,NC(=O)Nc1ccc(C(=O)N[C@@H]2c3cccc(O)c3C[C@@H]2C(=O)O)cc1,Components-smiles-stereo-oe.smi,<frozen-chemistry-source>,4
2281,RYB,resolved,CN(C)CCOc1ccc2cncc(c2c1)N3CC[C@@]4(C3=O)CN(Cc5c4cc(cc5)Cl)S(=O)(=O)CC6(CC6)C#N,CN(C)CCOc1ccc2cncc(N3CC[C@]4(CN(S(=O)(=O)CC5(C#N)CC5)Cc5ccc(Cl)cc54)C3=O)c2c1,Components-smiles-stereo-oe.smi,<frozen-chemistry-source>,4
1612,RYC,resolved,c1cc2c(c(c1)O)C[C@H]([C@H]2NC(=O)c3ccc(cc3)NC(=O)N)C(=O)O,NC(=O)Nc1ccc(C(=O)N[C@H]2c3cccc(O)c3C[C@H]2C(=O)O)cc1,Components-smiles-stereo-oe.smi,<frozen-chemistry-source>,3
1587,RYI,resolved,c1c[nH]c2c1c(ncn2)N3CCC[C@]4(C3)CCS(=O)(=O)C4,O=S1(=O)CC[C@@]2(CCCN(c3ncnc4[nH]ccc34)C2)C1,Components-smiles-stereo-oe.smi,<frozen-chemistry-source>,3
1188,RYM,resolved,c1ccc2c(c1)ncn2Cc3ccc(cc3)C#N,N#Cc1ccc(Cn2cnc3ccccc32)cc1,Components-smiles-stereo-oe.smi,<frozen-chemistry-source>,3
1620,RYQ,resolved,Cc1nc(cs1)Cn2cnc3c2nc(nc3N)N,Cc1nc(Cn2cnc3c(N)nc(N)nc32)cs1,Components-smiles-stereo-oe.smi,<frozen-chemistry-source>,3
1594,RZ9,resolved,c1c[nH]c2c1c(ncn2)N3CCC[C@@H](C3)C4=NNC(=O)O4,O=c1[nH]nc([C@H]2CCCN(c3ncnc4[nH]ccc34)C2)o1,Components-smiles-stereo-oe.smi,<frozen-chemistry-source>,3
2282,RZF,resolved,CNC(=O)CN1C[C@]2(CCN(C2=O)c3cncc4c3cc(cc4)Cl)c5cc(ccc5C1=O)Cl,CNC(=O)CN1C[C@]2(CCN(c3cncc4ccc(Cl)cc34)C2=O)c2cc(Cl)ccc2C1=O,Components-smiles-stereo-oe.smi,<frozen-chemistry-source>,4
1209,RZG,resolved,COC(=O)c1ccc(cc1)S(=O)(=O)N,COC(=O)c1ccc(S(N)(=O)=O)cc1,Components-smiles-stereo-oe.smi,<frozen-chemistry-source>,3
1621,RZI,resolved,c1c(nc(s1)C2CC2)Cn3cnc4c3nc(nc4N)N,Nc1nc(N)c2ncn(Cc3csc(C4CC4)n3)c2n1,Components-smiles-stereo-oe.smi,<frozen-chemistry-source>,4
1210,RZJ,resolved,CN1CCCc2c1cc(cc2)S(=O)(=O)N,CN1CCCc2ccc(S(N)(=O)=O)cc21,Components-smiles-stereo-oe.smi,<frozen-chemistry-source>,3
1622,RZR,resolved,CNC(=O)Nc1ccc(cc1)C(=O)N[C@H]2c3ccccc3C[C@@H]2C(=O)O,CNC(=O)Nc1ccc(C(=O)N[C@H]2c3ccccc3C[C@@H]2C(=O)O)cc1,Components-smiles-stereo-oe.smi,<frozen-chemistry-source>,3
1211,RZS,resolved,CCNc1ccc(cn1)C#N,CCNc1ccc(C#N)cn1,Components-smiles-stereo-oe.smi,<frozen-chemistry-source>,5
2283,RZU,resolved,CNC(=O)C1(CC1)N2C[C@]3(CCN(C3=O)c4cncc5c4cccc5)c6cc(ccc6C2=O)Cl,CNC(=O)C1(N2C[C@]3(CCN(c4cncc5ccccc45)C3=O)c3cc(Cl)ccc3C2=O)CC1,Components-smiles-stereo-oe.smi,<frozen-chemistry-source>,7
1613,S09,resolved,c1ccc(cc1)NC(=O)Nc2ccc(cc2)C(=O)N[C@H]3c4cccc(c4C[C@H]3C(=O)O)O,O=C(Nc1ccccc1)Nc1ccc(C(=O)N[C@H]2c3cccc(O)c3C[C@H]2C(=O)O)cc1,Components-smiles-stereo-oe.smi,<frozen-chemistry-source>,3
451,S0I,resolved,c1ccc(cc1)CN2CC(=O)Nc3c2cccc3,O=C1CN(Cc2ccccc2)c2ccccc2N1,Components-smiles-stereo-oe.smi,<frozen-chemistry-source>,3
1614,S0T,resolved,c1ccc(cc1)NC(=O)Nc2ccc(cc2)C(=O)N[C@@H]3c4cccc(c4C[C@@H]3C(=O)O)O,O=C(Nc1ccccc1)Nc1ccc(C(=O)N[C@@H]2c3cccc(O)c3C[C@@H]2C(=O)O)cc1,Components-smiles-stereo-oe.smi,<frozen-chemistry-source>,3
2284,S0X,resolved,c1ccc2c(c1)cncc2N3CC[C@@]4(C3=O)CN(Cc5c4cc(cc5)Cl)CC(=O)NCC6CC6,O=C(CN1Cc2ccc(Cl)cc2[C@@]2(CCN(c3cncc4ccccc34)C2=O)C1)NCC1CC1,Components-smiles-stereo-oe.smi,<frozen-chemistry-source>,4
734,S0Y,resolved,Cc1ccc2c(c1)c(c(o2)C#C)CC(=O)O,C#Cc1oc2ccc(C)cc2c1CC(=O)O,Components-smiles-stereo-oe.smi,<frozen-chemistry-source>,3
1025,S11,resolved,CC(C)c1c(n(c(n1)COC(=O)N)Cc2ccncc2)Sc3cc(cc(c3)Cl)Cl,CC(C)c1nc(COC(N)=O)n(Cc2ccncc2)c1Sc1cc(Cl)cc(Cl)c1,Components-smiles-stereo-oe.smi,<frozen-chemistry-source>,3
1619,S1F,resolved,COC(=O)Nc1ccc(cc1)C(=O)N[C@@H]2c3ccccc3C[C@@H]2C(=O)O,COC(=O)Nc1ccc(C(=O)N[C@@H]2c3ccccc3C[C@@H]2C(=O)O)cc1,Components-smiles-stereo-oe.smi,<frozen-chemistry-source>,3
2286,S1L,resolved,c1ccc2c(c1)cncc2NC(=O)[C@@H]3CN(Cc4c3cc(cc4)Cl)CC(=O)Nc5cccc(c5)N6CCOCC6,O=C(CN1Cc2ccc(Cl)cc2[C@H](C(=O)Nc2cncc3ccccc23)C1)Nc1cccc(N2CCOCC2)c1,Components-smiles-stereo-oe.smi,<frozen-chemistry-source>,4
1592,S1O,resolved,c1c[nH]c2c1c(ncn2)N3CCC[C@@H](C3)n4cc(nn4)CO,OCc1cn([C@H]2CCCN(c3ncnc4[nH]ccc34)C2)nn1,Components-smiles-stereo-oe.smi,<frozen-chemistry-source>,3
2285,S1U,resolved,CCN1CCN(CC1)c2ccc(cc2)NC(=O)CN3Cc4ccc(cc4[C@@H](C3)C(=O)Nc5cncc6c5cccc6)Cl,CCN1CCN(c2ccc(NC(=O)CN3Cc4ccc(Cl)cc4[C@H](C(=O)Nc4cncc5ccccc45)C3)cc2)CC1,Components-smiles-stereo-oe.smi,<frozen-chemistry-source>,4
1818,S1W,resolved,CN(C)c1cccc(c1)Oc2cnc(nc2)Nc3cccc(c3)O,CN(C)c1cccc(Oc2cnc(Nc3cccc(O)c3)nc2)c1,Components-smiles-stereo-oe.smi,<frozen-chemistry-source>,3
1623,S1X,resolved,c1ccc2c(c1)C[C@@H]([C@@H]2NC(=O)c3ccc(cc3)NC(=O)C4CC4)C(=O)O,O=C(N[C@@H]1c2ccccc2C[C@@H]1C(=O)O)c1ccc(NC(=O)C2CC2)cc1,Components-smiles-stereo-oe.smi,<frozen-chemistry-source>,3
1624,S2R,resolved,c1ccc2c(c1)C[C@H]([C@H]2NC(=O)c3ccc(cc3)NC(=O)C4CC4)C(=O)O,O=C(N[C@H]1c2ccccc2C[C@H]1C(=O)O)c1ccc(NC(=O)C2CC2)cc1,Components-smiles-stereo-oe.smi,<frozen-chemistry-source>,3
1476,S2S,resolved,CS(=O)(=O)Nc1ccc(cc1)C(=O)N,CS(=O)(=O)Nc1ccc(C(N)=O)cc1,Components-smiles-stereo-oe.smi,<frozen-chemistry-source>,3
2287,S39,resolved,c1ccc2c(c1)cncc2NC(=O)[C@@H]3CN(Cc4c3cc(cc4)Cl)CC(=O)Nc5ccc6c(c5)ncs6,O=C(CN1Cc2ccc(Cl)cc2[C@H](C(=O)Nc2cncc3ccccc23)C1)Nc1ccc2scnc2c1,Components-smiles-stereo-oe.smi,<frozen-chemistry-source>,4
1604,S3E,resolved,c1c[nH]c2c1c(ncn2)N3CCO[C@H](C3)CC(=O)O,O=C(O)C[C@H]1CN(c2ncnc3[nH]ccc23)CCO1,Components-smiles-stereo-oe.smi,<frozen-chemistry-source>,3
690,S3G,resolved,CC(C)C[C@@H](Cc1ccc2c(c1C(=O)O)OCO2)CNC(=O)c3ccncc3,CC(C)C[C@H](CNC(=O)c1ccncc1)Cc1ccc2c(c1C(=O)O)OCO2,Components-smiles-stereo-oe.smi,<frozen-chemistry-source>,4
1625,S3R,resolved,Cc1nnc(n1C2CC2)CNc3c(ncc(n3)Cl)N,Cc1nnc(CNc2nc(Cl)cnc2N)n1C1CC1,Components-smiles-stereo-oe.smi,<frozen-chemistry-source>,3
2288,S3X,resolved,C[C@@H](c1ccc(cc1)[N+](=O)[O-])NC(=O)CN2Cc3ccc(cc3[C@@H](C2)C(=O)Nc4cncc5c4cccc5)Cl,C[C@H](NC(=O)CN1Cc2ccc(Cl)cc2[C@H](C(=O)Nc2cncc3ccccc23)C1)c1ccc([N+](=O)[O-])cc1,Components-smiles-stereo-oe.smi,<frozen-chemistry-source>,4
1626,S4F,resolved,c1nc(c(c(n1)N2CCC[C@@H](C2)CCC(=O)O)Cl)N,Nc1ncnc(N2CCC[C@H](CCC(=O)O)C2)c1Cl,Components-smiles-stereo-oe.smi,<frozen-chemistry-source>,3
2603,S4L,resolved,c1ccc(cc1)COC(=O)N[C@@H](CC2CCCCC2)C(=O)N[C@@H](C[C@@H]3CCNC3=O)[C@H](O)S(=O)(=O)O,O=C(N[C@@H](CC1CCCCC1)C(=O)N[C@@H](C[C@@H]1CCNC1=O)[C@H](O)S(=O)(=O)O)OCc1ccccc1,Components-smiles-stereo-oe.smi,<frozen-chemistry-source>,1
1628,S4O,resolved,Cn1c2c(c(n1)O)CCN(C2)C(=O)C3=CC(=CC(=O)O3)O,Cn1nc(O)c2c1CN(C(=O)c1cc(O)cc(=O)o1)CC2,Components-smiles-stereo-oe.smi,<frozen-chemistry-source>,3
2289,S4X,resolved,c1ccc2c(c1)cncc2NC(=O)[C@@H]3CN(Cc4c3cc(cc4)Cl)CC(=O)NC56C[C@H]7C[C@@H](C5)CC(C7)(C6)O,O=C(CN1Cc2ccc(Cl)cc2[C@H](C(=O)Nc2cncc3ccccc23)C1)NC12C[C@@H]3C[C@@H](CC(O)(C3)C1)C2,Components-smiles-stereo-oe.smi,<frozen-chemistry-source>,4
1629,S50,resolved,Cc1cc(n(n1)C2CCCC2)S(=O)(=O)Nc3cc4cc[nH]c4nc3,Cc1cc(S(=O)(=O)Nc2cnc3[nH]ccc3c2)n(C2CCCC2)n1,Components-smiles-stereo-oe.smi,<frozen-chemistry-source>,3
1630,S5F,resolved,c1nncn1C[C@H]2CN(CC23CCC3)C4=NC(=O)NC(=C4)Cl,O=c1nc(N2C[C@H](Cn3cnnc3)C3(CCC3)C2)cc(Cl)[nH]1,Components-smiles-stereo-oe.smi,<frozen-chemistry-source>,3
1565,S5J,resolved,COc1ccccc1N2CCN(CC2)CC#N,COc1ccccc1N1CCN(CC#N)CC1,Components-smiles-stereo-oe.smi,<frozen-chemistry-source>,3
2290,S5L,resolved,CC(=O)Nc1ccc(cc1)NC(=O)CN2Cc3ccc(cc3[C@@H](C2)C(=O)Nc4cncc5c4cccc5)Cl,CC(=O)Nc1ccc(NC(=O)CN2Cc3ccc(Cl)cc3[C@H](C(=O)Nc3cncc4ccccc34)C2)cc1,Components-smiles-stereo-oe.smi,<frozen-chemistry-source>,4
1638,S5O,resolved,c1[nH]c2c(n1)ncnc2N3C[C@@H]4CC[C@H](C3)[C@@H](C4)C(=O)O,O=C(O)[C@@H]1C[C@H]2CC[C@@H]1CN(c1ncnc3nc[nH]c13)C2,Components-smiles-stereo-oe.smi,<frozen-chemistry-source>,3
1631,S5U,resolved,CN(CCCC(=O)O)C(=O)c1c2cc[nH]c2ncn1,CN(CCCC(=O)O)C(=O)c1ncnc2[nH]ccc12,Components-smiles-stereo-oe.smi,<frozen-chemistry-source>,4
1632,S63,resolved,C[C@]1(CCN(C1)C(=O)Cc2c[nH]c3c2c(ccn3)Cl)C(=O)O,C[C@@]1(C(=O)O)CCN(C(=O)Cc2c[nH]c3nccc(Cl)c23)C1,Components-smiles-stereo-oe.smi,<frozen-chemistry-source>,3
1633,S6C,resolved,c1[nH]c2c(n1)ncnc2N3CCC[C@H](C3)CC(=O)O,O=C(O)C[C@@H]1CCCN(c2ncnc3nc[nH]c23)C1,Components-smiles-stereo-oe.smi,<frozen-chemistry-source>,3
2291,S6K,resolved,C[C@H]1CN(C(=O)[C@@]12CN(Cc3c2cc(cc3)Cl)S(=O)(=O)CC4(CC4)C#N)c5cncc6c5cccc6,C[C@H]1CN(c2cncc3ccccc23)C(=O)[C@@]12CN(S(=O)(=O)CC1(C#N)CC1)Cc1ccc(Cl)cc12,Components-smiles-stereo-oe.smi,<frozen-chemistry-source>,4
1634,S6N,resolved,CC1(CC[C@@H](CN1C(=O)c2c3cc[nH]c3ncn2)C(=O)O)C,CC1(C)CC[C@H](C(=O)O)CN1C(=O)c1ncnc2[nH]ccc12,Components-smiles-stereo-oe.smi,<frozen-chemistry-source>,3
1635,S6U,resolved,c1c[nH]c2c1c(ncn2)C(=O)OCCN3CCOC3=O,O=C(OCCN1CCOC1=O)c1ncnc2[nH]ccc12,Components-smiles-stereo-oe.smi,<frozen-chemistry-source>,3
2510,S6V,resolved,c1ccc(cc1)NC(=O)NCCN2CCCC2=O,O=C(NCCN1CCCC1=O)Nc1ccccc1,Components-smiles-stereo-oe.smi,<frozen-chemistry-source>,1
2292,S7C,resolved,CC[C@H]1CN(C(=O)[C@@]12CN(Cc3c2cc(cc3)Cl)S(=O)(=O)CC4(CC4)C#N)c5cncc6c5cccc6,CC[C@H]1CN(c2cncc3ccccc23)C(=O)[C@@]12CN(S(=O)(=O)CC1(C#N)CC1)Cc1ccc(Cl)cc12,Components-smiles-stereo-oe.smi,<frozen-chemistry-source>,4
1253,S7D,resolved,C[C@H]1CN(CCO1)C(=O)Cn2cccn2,C[C@H]1CN(C(=O)Cn2cccn2)CCO1,Components-smiles-stereo-oe.smi,<frozen-chemistry-source>,3
1636,S7F,resolved,Cc1cc(cnc1N)S(=O)(=O)N2CCC[C@@H](C2)C(=O)N,Cc1cc(S(=O)(=O)N2CCC[C@H](C(N)=O)C2)cnc1N,Components-smiles-stereo-oe.smi,<frozen-chemistry-source>,3
1174,S7G,resolved,CC(=O)N[C@@H]1Cc2ccccc2NC1,CC(=O)N[C@H]1CNc2ccccc2C1,Components-smiles-stereo-oe.smi,<frozen-chemistry-source>,3
1814,S7H,resolved,C[C@H](CN1C(=O)N(C(=O)N(C1=O)C[C@@H]2CO2)C[C@H]3CO3)O,C[C@@H](O)Cn1c(=O)n(C[C@H]2CO2)c(=O)n(C[C@@H]2CO2)c1=O,Components-smiles-stereo-oe.smi,<frozen-chemistry-source>,3
1177,S7J,resolved,c1c(cnc(n1)C(F)(F)F)C(=O)N,NC(=O)c1cnc(C(F)(F)F)nc1,Components-smiles-stereo-oe.smi,<frozen-chemistry-source>,5
1637,S7O,resolved,CN(CC(=O)O)C(=O)c1ccc2[n+](c1)C(=O)NN2,CN(CC(=O)O)C(=O)c1ccc2[nH][nH]c(=O)[n+]2c1,Components-smiles-stereo-oe.smi,<frozen-chemistry-source>,3
2293,S7U,resolved,c1ccc2c(c1)cncc2N3CCC[C@@]4(C3=O)CN(Cc5c4cc(cc5)Cl)S(=O)(=O)CC6(CC6)C#N,N#CC1(CS(=O)(=O)N2Cc3ccc(Cl)cc3[C@@]3(CCCN(c4cncc5ccccc45)C3=O)C2)CC1,Components-smiles-stereo-oe.smi,<frozen-chemistry-source>,4
1296,S7V,resolved,c1ccc(cc1)CN2CCO[C@H](C2)CO,OC[C@H]1CN(Cc2ccccc2)CCO1,Components-smiles-stereo-oe.smi,<frozen-chemistry-source>,3
1819,S7W,resolved,C1C[C@@H](OC1)N2C=C(C(=O)NC2=O)F,O=c1[nH]c(=O)n([C@H]2CCCO2)cc1F,Components-smiles-stereo-oe.smi,<frozen-chemistry-source>,3
2613,S88,resolved,C[C@H](c1cccc2c1cccc2)N3CCC(CC3)C(=O)NCc4cccc(c4)F,C[C@H](c1cccc2ccccc12)N1CCC(C(=O)NCc2cccc(F)c2)CC1,Components-smiles-stereo-oe.smi,<frozen-chemistry-source>,1
1821,S8B,resolved,CC(C)NC(=O)c1ccc(cn1)C#Cc2ccncc2,CC(C)NC(=O)c1ccc(C#Cc2ccncc2)cn1,Components-smiles-stereo-oe.smi,<frozen-chemistry-source>,3
1820,S8E,conflicting_sources,CCN[P@](=O)(NCCBr)OCc1cnc(n1C)[N+](=O)[O-],CCN[P@](=O)(NCCBr)OCc1cnc([N+](=O)[O-])n1C,Components-smiles-stereo-oe.smi,<frozen-chemistry-source>,3
1823,S8H,resolved,CC(C)OC(=O)CNC(=O)[C@@H](CS)NC(=O)CC[C@@H](C(=O)O)N,CC(C)OC(=O)CNC(=O)[C@@H](CS)NC(=O)CC[C@H](N)C(=O)O,Components-smiles-stereo-oe.smi,<frozen-chemistry-source>,3
1826,S8T,resolved,CC(C)c1ccc2c(c1)CCc3ccc(cc3S2)F,CC(C)c1ccc2c(c1)CCc1ccc(F)cc1S2,Components-smiles-stereo-oe.smi,<frozen-chemistry-source>,4
674,S8Y,resolved,CC(C)(C)NC(=O)[C@@H](c1ccccc1)NC(=O)N(C)Cc2ccc3c(c2C(=O)O)OCO3,CN(Cc1ccc2c(c1C(=O)O)OCO2)C(=O)N[C@@H](C(=O)NC(C)(C)C)c1ccccc1,Components-smiles-stereo-oe.smi,<frozen-chemistry-source>,4
1171,S9S,resolved,CS(=O)(=O)NCCc1ccc(cc1)F,CS(=O)(=O)NCCc1ccc(F)cc1,Components-smiles-stereo-oe.smi,<frozen-chemistry-source>,4
1123,SAC,resolved,CC(=O)N[C@@H](CO)C(=O)O,CC(=O)N[C@@H](CO)C(=O)O,Components-smiles-stereo-oe.smi,<frozen-chemistry-source>,1
1140,SAH,resolved,c1nc(c2c(n1)n(cn2)[C@H]3[C@@H]([C@@H]([C@H](O3)CSCC[C@@H](C(=O)O)N)O)O)N,Nc1ncnc2c1ncn2[C@@H]1O[C@H](CSCC[C@H](N)C(=O)O)[C@@H](O)[C@H]1O,Components-smiles-stereo-oe.smi,<frozen-chemistry-source>,19
1139,SAM,resolved,C[S@@+](CC[C@@H](C(=O)[O-])N)C[C@@H]1[C@H]([C@H]([C@@H](O1)n2cnc3c2ncnc3N)O)O,C[S@@+](CC[C@H](N)C(=O)[O-])C[C@H]1O[C@@H](n2cnc3c(N)ncnc32)[C@H](O)[C@@H]1O,Components-smiles-stereo-oe.smi,<frozen-chemistry-source>,27
1032,SBN,resolved,Cc1cc(cc(c1)S(=O)(=O)c2cccc(c2C#N)N)C,Cc1cc(C)cc(S(=O)(=O)c2cccc(N)c2C#N)c1,Components-smiles-stereo-oe.smi,<frozen-chemistry-source>,3
555,SCN,resolved,C(#N)[S-],N#C[S-],Components-smiles-stereo-oe.smi,<frozen-chemistry-source>,3
1071,SDY,resolved,C([C@@H]1[C@@H]([C@@H]([C@@H]([C@@H](O1)O)O)O)O)O,OC[C@H]1O[C@@H](O)[C@@H](O)[C@@H](O)[C@H]1O,Components-smiles-stereo-oe.smi,<frozen-chemistry-source>,5
2629,SE,resolved,[SeH2],[SeH2],Components-smiles-stereo-oe.smi,<frozen-chemistry-source>,5
1099,SEP,resolved,C([C@@H](C(=O)O)N)OP(=O)(O)O,N[C@@H](COP(=O)(O)O)C(=O)O,Components-smiles-stereo-oe.smi,<frozen-chemistry-source>,1
2422,SER,resolved,C([C@@H](C(=O)O)N)O,N[C@@H](CO)C(=O)O,Components-smiles-stereo-oe.smi,<frozen-chemistry-source>,3
491,SET,resolved,C([C@@H](C(=O)N)N)O,NC(=O)[C@@H](N)CO,Components-smiles-stereo-oe.smi,<frozen-chemistry-source>,7
1138,SF4,resolved,[S]12[Fe]3[S]4[Fe]1[S]5[Fe]2[S]3[Fe]45,[S]12[Fe]3[S]4[Fe]1[S]1[Fe]2[S]3[Fe]41,Components-smiles-stereo-oe.smi,<frozen-chemistry-source>,1
1141,SFG,resolved,c1nc(c2c(n1)n(cn2)[C@H]3[C@@H]([C@@H]([C@H](O3)C[C@H](CC[C@@H](C(=O)O)N)N)O)O)N,Nc1ncnc2c1ncn2[C@@H]1O[C@H](C[C@@H](N)CC[C@H](N)C(=O)O)[C@@H](O)[C@H]1O,Components-smiles-stereo-oe.smi,<frozen-chemistry-source>,6
1252,SFY,resolved,c1ccnc(c1)NS(=O)(=O)c2ccc(cc2)N,Nc1ccc(S(=O)(=O)Nc2ccccn2)cc1,Components-smiles-stereo-oe.smi,<frozen-chemistry-source>,3
2765,SGV,resolved,c1c(c2c(ncnc2n1[C@H]3[C@@H]([C@@H]([C@H](O3)CO)O)O)N)C(=O)N,NC(=O)c1cn([C@@H]2O[C@H](CO)[C@@H](O)[C@H]2O)c2ncnc(N)c12,Components-smiles-stereo-oe.smi,<frozen-chemistry-source>,1
1348,SHA,resolved,c1ccc(c(c1)C(=O)NO)O,O=C(NO)c1ccccc1O,Components-smiles-stereo-oe.smi,<frozen-chemistry-source>,3
1015,SIN,resolved,C(CC(=O)O)C(=O)O,O=C(O)CCC(=O)O,Components-smiles-stereo-oe.smi,<frozen-chemistry-source>,5
2816,SJF,resolved,c1cc(c(cc1OCC(=O)N2C[C@@H]3CCC[C@@H]3[C@H]2C(=O)N[C@@H](C[C@@H]4CCNC4=O)CO)Cl)Cl,O=C1NCC[C@H]1C[C@@H](CO)NC(=O)[C@@H]1[C@H]2CCC[C@H]2CN1C(=O)COc1ccc(Cl)c(Cl)c1,Components-smiles-stereo-oe.smi,<frozen-chemistry-source>,1
735,SJY,resolved,Cc1ccc2c(c1)c(c(o2)C#Cc3cccs3)CC(=O)O,Cc1ccc2oc(C#Cc3cccs3)c(CC(=O)O)c2c1,Components-smiles-stereo-oe.smi,<frozen-chemistry-source>,3
2418,SNM,resolved,CN(C)[C@@H](CO)C(=O)O,CN(C)[C@@H](CO)C(=O)O,Components-smiles-stereo-oe.smi,<frozen-chemistry-source>,3
2817,SO0,resolved,c1cc(c(cc1Cl)Cl)OCC(=O)N2C[C@@H]3CCC[C@@H]3[C@H]2C(=O)N[C@@H](C[C@@H]4CCNC4=O)CO,O=C1NCC[C@H]1C[C@@H](CO)NC(=O)[C@@H]1[C@H]2CCC[C@H]2CN1C(=O)COc1ccc(Cl)cc1Cl,Components-smiles-stereo-oe.smi,<frozen-chemistry-source>,1
1135,SPD,resolved,C(CCNCCCN)CN,NCCCCNCCCN,Components-smiles-stereo-oe.smi,<frozen-chemistry-source>,1
493,SPH,resolved,CCCCCCCCCCCCCC=C[C@@H]([C@@H](CO)N)O,CCCCCCCCCCCCCC=C[C@H](O)[C@H](N)CO,Components-smiles-stereo-oe.smi,<frozen-chemistry-source>,3
1136,SPM,resolved,C(CCNCCCN)CNCCCN,NCCCNCCCCNCCCN,Components-smiles-stereo-oe.smi,<frozen-chemistry-source>,1
760,SPP,resolved,CC(C)Nc1cccnc1N2CCN(CC2)C(=O)c3cc4cc(ccc4[nH]3)NS(=O)(=O)C,CC(C)Nc1cccnc1N1CCN(C(=O)c2cc3cc(NS(C)(=O)=O)ccc3[nH]2)CC1,Components-smiles-stereo-oe.smi,<frozen-chemistry-source>,3
1827,SQ2,resolved,CC1CCN(CC1)C(=O)Cn2c3ccccc3nn2,CC1CCN(C(=O)Cn2nnc3ccccc32)CC1,Components-smiles-stereo-oe.smi,<frozen-chemistry-source>,5
2818,SQ3,resolved,CC1([C@@H]2[C@H]1[C@H](N(C2)C(=O)COc3ccc(cc3Cl)Cl)C(=O)N[C@@H](C[C@@H]4CCNC4=O)CO)C,CC1(C)[C@@H]2[C@@H](C(=O)N[C@H](CO)C[C@@H]3CCNC3=O)N(C(=O)COc3ccc(Cl)cc3Cl)C[C@@H]21,Components-smiles-stereo-oe.smi,<frozen-chemistry-source>,1
1828,SQ5,resolved,c1c(cncc1F)N2C(=O)[C@@H](NC2=O)CC3CCCCC3,O=C1N[C@@H](CC2CCCCC2)C(=O)N1c1cncc(F)c1,Components-smiles-stereo-oe.smi,<frozen-chemistry-source>,4
2681,SRU,resolved,CC(=O)N1[C@@H](CC(=N1)c2ccccc2)c3ccc(c(c3)OC)OC,COc1ccc([C@@H]2CC(c3ccccc3)=NN2C(C)=O)cc1OC,Components-smiles-stereo-oe.smi,<frozen-chemistry-source>,1
3014,STE,resolved,CCCCCCCCCCCCCCCCCC(=O)O,CCCCCCCCCCCCCCCCCC(=O)O,Components-smiles-stereo-oe.smi,<frozen-chemistry-source>,1
1192,STV,resolved,CCS(=O)(=O)NCc1ccc2c(c1)OCO2,CCS(=O)(=O)NCc1ccc2c(c1)OCO2,Components-smiles-stereo-oe.smi,<frozen-chemistry-source>,3
1839,SV6,resolved,CCC[C@@H]([C@H](C(=O)NC1CC1)O)NC(=O)[C@@H]2[C@H]3CCC[C@H]3CN2C(=O)[C@H](C(C)(C)C)NC(=O)[C@H](C4CCCCC4)NC(=O)c5cnccn5,CCC[C@H](NC(=O)[C@@H]1[C@H]2CCC[C@H]2CN1C(=O)[C@@H](NC(=O)[C@@H](NC(=O)c1cnccn1)C1CCCCC1)C(C)(C)C)[C@@H](O)C(=O)NC1CC1,Components-smiles-stereo-oe.smi,<frozen-chemistry-source>,12
2682,SVL,resolved,CC(C)C[C@@H]1CN(CCN1Cc2cccc(c2)Cl)C(=O)C,CC(=O)N1CCN(Cc2cccc(Cl)c2)[C@H](CC(C)C)C1,Components-smiles-stereo-oe.smi,<frozen-chemistry-source>,1
1829,SYH,resolved,C=C1CCN(CC1)C(=O)Cn2c3ccccc3nn2,C=C1CCN(C(=O)Cn2nnc3ccccc32)CC1,Components-smiles-stereo-oe.smi,<frozen-chemistry-source>,3
1554,SZE,resolved,CN1CC[N@](CC1=O)c2c(cccn2)F,CN1CCN(c2ncccc2F)CC1=O,Components-smiles-stereo-oe.smi,<frozen-chemistry-source>,3
1214,SZY,resolved,Cc1ccncc1NC(=O)C,CC(=O)Nc1cnccc1C,Components-smiles-stereo-oe.smi,<frozen-chemistry-source>,3
1215,T0J,resolved,c1ccc(cc1)NC(=O)N2CCC(CC2)C(=O)N,NC(=O)C1CCN(C(=O)Nc2ccccc2)CC1,Components-smiles-stereo-oe.smi,<frozen-chemistry-source>,3
1217,T0S,resolved,CC(=O)NCc1ccc(cc1)S(=O)(=O)N,CC(=O)NCc1ccc(S(N)(=O)=O)cc1,Components-smiles-stereo-oe.smi,<frozen-chemistry-source>,3
1218,T0V,resolved,c1cc(cc(c1)F)CNCc2ccco2,Fc1cccc(CNCc2ccco2)c1,Components-smiles-stereo-oe.smi,<frozen-chemistry-source>,3
1830,T0W,resolved,CCN(Cc1ccoc1)C(=O)Cn2c3ccccc3nn2,CCN(Cc1ccoc1)C(=O)Cn1nnc2ccccc21,Components-smiles-stereo-oe.smi,<frozen-chemistry-source>,3
1221,T0Y,resolved,c1cscc1CN2CCC(CC2)O,OC1CCN(Cc2ccsc2)CC1,Components-smiles-stereo-oe.smi,<frozen-chemistry-source>,3
1222,T1J,resolved,c1ccc(c(c1)CNc2[nH]c3ccccc3n2)O,Oc1ccccc1CNc1nc2ccccc2[nH]1,Components-smiles-stereo-oe.smi,<frozen-chemistry-source>,3
1224,T1M,resolved,C[C@@H]1[C@H](CCCN1Cc2ccccc2)O,C[C@@H]1[C@@H](O)CCCN1Cc1ccccc1,Components-smiles-stereo-oe.smi,<frozen-chemistry-source>,3
999,T1R,resolved,CC(C)CN(C[C@H]([C@H](Cc1ccccc1)NC(=O)O[C@@H]2C[C@@H]3CO[C@H]4[C@@H]3C[C@@H]2O4)O)S(=O)(=O)c5ccc(cc5)OC,COc1ccc(S(=O)(=O)N(CC(C)C)C[C@@H](O)[C@H](Cc2ccccc2)NC(=O)O[C@@H]2C[C@@H]3CO[C@@H]4O[C@H]2C[C@H]34)cc1,Components-smiles-stereo-oe.smi,<frozen-chemistry-source>,3
1227,T1S,resolved,c1cc(cc(c1)Cl)CN2CCOCC2,Clc1cccc(CN2CCOCC2)c1,Components-smiles-stereo-oe.smi,<frozen-chemistry-source>,3
1228,T1V,resolved,CC(=O)N1CCN(CC1)S(=O)(=O)c2cccs2,CC(=O)N1CCN(S(=O)(=O)c2cccs2)CC1,Components-smiles-stereo-oe.smi,<frozen-chemistry-source>,3
2685,T1X,resolved,CC(C)C[C@@H](C(=O)N[C@@H](C[C@@H]1CCNC1=O)[C@@H](c2nc3c(cccc3s2)F)O)NC(=O)c4cc5c(ccc(c5[nH]4)F)OC,COc1ccc(F)c2[nH]c(C(=O)N[C@@H](CC(C)C)C(=O)N[C@@H](C[C@@H]3CCNC3=O)[C@H](O)c3nc4c(F)cccc4s3)cc12,Components-smiles-stereo-oe.smi,<frozen-chemistry-source>,1
1229,T1Y,resolved,CC(=O)N1CCN(CC1)S(=O)(=O)c2cccc(c2)F,CC(=O)N1CCN(S(=O)(=O)c2cccc(F)c2)CC1,Components-smiles-stereo-oe.smi,<frozen-chemistry-source>,3
123,T27,resolved,Cc1cc(cc(c1Nc2ccnc(n2)Nc3ccc(cc3)C#N)C)/C=C/C#N,Cc1cc(/C=C/C#N)cc(C)c1Nc1ccnc(Nc2ccc(C#N)cc2)n1,Components-smiles-stereo-oe.smi,<frozen-chemistry-source>,63
1230,T2G,resolved,Cc1cccc(c1)CN2CCN(CC2)C(=O)C,CC(=O)N1CCN(Cc2cccc(C)c2)CC1,Components-smiles-stereo-oe.smi,<frozen-chemistry-source>,3
1231,T2J,resolved,CC(=O)N1CCN(CC1)c2ccccc2[N+](=O)[O-],CC(=O)N1CCN(c2ccccc2[N+](=O)[O-])CC1,Components-smiles-stereo-oe.smi,<frozen-chemistry-source>,3
2683,T2L,resolved,CC1([C@@H]2[C@H]1[C@H](N(C2)C(=O)[C@H](C(C)(C)C)NC(=O)C(F)(F)F)C(=O)N[C@@H](C[C@@H]3CCNC3=O)[C@@H](c4nc5c(cccc5s4)F)O)C,CC(C)(C)[C@H](NC(=O)C(F)(F)F)C(=O)N1C[C@H]2[C@@H]([C@H]1C(=O)N[C@@H](C[C@@H]1CCNC1=O)[C@H](O)c1nc3c(F)cccc3s1)C2(C)C,Components-smiles-stereo-oe.smi,<frozen-chemistry-source>,1
1000,T2R,resolved,CC(C)CN(C[C@H]([C@H](Cc1ccccc1)NC(=O)O[C@H]2C[C@H]3CO[C@@H]4[C@H]3C[C@H]2O4)O)S(=O)(=O)c5ccc6c(c5)oc(n6)NC(C)C,CC(C)CN(C[C@@H](O)[C@H](Cc1ccccc1)NC(=O)O[C@H]1C[C@H]2CO[C@H]3O[C@@H]1C[C@@H]23)S(=O)(=O)c1ccc2nc(NC(C)C)oc2c1,Components-smiles-stereo-oe.smi,<frozen-chemistry-source>,3
1232,T2V,resolved,CC(=O)N1CCC[C@H](C1)c2nc3ccccc3s2,CC(=O)N1CCC[C@@H](c2nc3ccccc3s2)C1,Components-smiles-stereo-oe.smi,<frozen-chemistry-source>,3
1233,T2Y,resolved,CC(=O)NCc1ccc2c(c1)OCO2,CC(=O)NCc1ccc2c(c1)OCO2,Components-smiles-stereo-oe.smi,<frozen-chemistry-source>,3
1234,T3G,resolved,CC(=O)N1CCN(CC1)S(=O)(=O)c2c(cccc2F)F,CC(=O)N1CCN(S(=O)(=O)c2c(F)cccc2F)CC1,Components-smiles-stereo-oe.smi,<frozen-chemistry-source>,3
1235,T3J,resolved,CC(=O)N1CCO[C@H](C1)c2ccc(cc2)F,CC(=O)N1CCO[C@@H](c2ccc(F)cc2)C1,Components-smiles-stereo-oe.smi,<frozen-chemistry-source>,3
1236,T3V,resolved,CC(=O)N1CCN(CC1)S(=O)(=O)c2ccccc2F,CC(=O)N1CCN(S(=O)(=O)c2ccccc2F)CC1,Components-smiles-stereo-oe.smi,<frozen-chemistry-source>,3
2686,T43,resolved,CC1([C@@H]2[C@H]1[C@H](N(C2)C(=O)[C@H](C(C)(C)C)NC(=O)C(F)(F)F)C(=S)N[C@@H](C[C@@H]3CCNC3=O)C(=O)c4nc5c(cccc5s4)F)C,CC(C)(C)[C@H](NC(=O)C(F)(F)F)C(=O)N1C[C@H]2[C@@H]([C@H]1C(=S)N[C@@H](C[C@@H]1CCNC1=O)C(=O)c1nc3c(F)cccc3s1)C2(C)C,Components-smiles-stereo-oe.smi,<frozen-chemistry-source>,1
1237,T47,resolved,CC(=O)N1CCN(CC1)Cc2cccc(c2)Cl,CC(=O)N1CCN(Cc2cccc(Cl)c2)CC1,Components-smiles-stereo-oe.smi,<frozen-chemistry-source>,3
1238,T4D,resolved,CC(=O)N1CCN(CC1)S(=O)(=O)c2ccccc2C#N,CC(=O)N1CCN(S(=O)(=O)c2ccccc2C#N)CC1,Components-smiles-stereo-oe.smi,<frozen-chemistry-source>,3
1239,T4J,resolved,CC(=O)Nc1cccc(c1)C(=O)N2CCSCC2,CC(=O)Nc1cccc(C(=O)N2CCSCC2)c1,Components-smiles-stereo-oe.smi,<frozen-chemistry-source>,3
1240,T4M,resolved,C[C@@H](c1cccc2c1cccc2)NC(=O)C,CC(=O)N[C@@H](C)c1cccc2ccccc12,Components-smiles-stereo-oe.smi,<frozen-chemistry-source>,3
1241,T4V,resolved,CC(=O)N1CCN(CC1)Cc2cccc3c2cccc3,CC(=O)N1CCN(Cc2cccc3ccccc23)CC1,Components-smiles-stereo-oe.smi,<frozen-chemistry-source>,3
1242,T4Y,resolved,Cc1ccccc1CN2CCCN(CC2)C(=O)C,CC(=O)N1CCCN(Cc2ccccc2C)CC1,Components-smiles-stereo-oe.smi,<frozen-chemistry-source>,3
1047,T50,resolved,Cc1cccc2c1nc(n2Cc3c(cccc3F)F)c4c(cccc4F)F,Cc1cccc2c1nc(-c1c(F)cccc1F)n2Cc1c(F)cccc1F,Components-smiles-stereo-oe.smi,<frozen-chemistry-source>,3
1243,T54,resolved,c1cscc1[C@@H]2CCC[C@@H]2C(=O)N,NC(=O)[C@H]1CCC[C@H]1c1ccsc1,Components-smiles-stereo-oe.smi,<frozen-chemistry-source>,3
1244,T5D,resolved,c1ccnc(c1)C2(CCCC2)CO,OCC1(c2ccccn2)CCCC1,Components-smiles-stereo-oe.smi,<frozen-chemistry-source>,3
1245,T5G,resolved,c1cc(ccc1S(=O)(=O)N)Br,NS(=O)(=O)c1ccc(Br)cc1,Components-smiles-stereo-oe.smi,<frozen-chemistry-source>,3
1247,T5V,resolved,c1c(cncn1)N,Nc1cncnc1,Components-smiles-stereo-oe.smi,<frozen-chemistry-source>,3
1248,T5Y,resolved,c1ccnc(c1)O,Oc1ccccn1,Components-smiles-stereo-oe.smi,<frozen-chemistry-source>,3
1251,T67,resolved,CN1CCN(CC1)C(=O)Cc2c[nH]c3c2cccn3,CN1CCN(C(=O)Cc2c[nH]c3ncccc23)CC1,Components-smiles-stereo-oe.smi,<frozen-chemistry-source>,3
2658,T6B,resolved,Cn1ccc2c1nccc2c3ccc(o3)C(=O)N4CCOCC4,Cn1ccc2c(-c3ccc(C(=O)N4CCOCC4)o3)ccnc21,Components-smiles-stereo-oe.smi,<frozen-chemistry-source>,1
1257,T6J,resolved,CS(=O)(=O)Cc1[nH]c2ccccc2n1,CS(=O)(=O)Cc1nc2ccccc2[nH]1,Components-smiles-stereo-oe.smi,<frozen-chemistry-source>,7
1259,T6M,resolved,CC(=O)N1CCN(CC1)S(=O)(=O)c2ccc(cc2)Cl,CC(=O)N1CCN(S(=O)(=O)c2ccc(Cl)cc2)CC1,Components-smiles-stereo-oe.smi,<frozen-chemistry-source>,3
2659,T6O,resolved,CC1C(C(=O)N1S(=O)(=O)O)NC(=O)C(=NOC(C)(C)C(=O)O)c2csc(n2)N,CC1C(NC(=O)C(=NOC(C)(C)C(=O)O)c2csc(N)n2)C(=O)N1S(=O)(=O)O,Components-smiles-stereo-oe.smi,<frozen-chemistry-source>,1
1260,T6V,resolved,CC(=O)N(c1ccccc1)[C@@H]2CS(=O)(=O)C=C2,CC(=O)N(c1ccccc1)[C@H]1C=CS(=O)(=O)C1,Components-smiles-stereo-oe.smi,<frozen-chemistry-source>,3
1261,T6Y,resolved,CC(=O)N1CCN(CC1)Cc2ccc(s2)Cl,CC(=O)N1CCN(Cc2ccc(Cl)s2)CC1,Components-smiles-stereo-oe.smi,<frozen-chemistry-source>,3
1262,T71,resolved,Cc1ccc(c(c1)S(=O)(=O)N2CCN(CC2)C(=O)C)C,CC(=O)N1CCN(S(=O)(=O)c2cc(C)ccc2C)CC1,Components-smiles-stereo-oe.smi,<frozen-chemistry-source>,3
1263,T7A,resolved,CC(=O)Nc1nc2c(cccc2s1)OC,COc1cccc2sc(NC(C)=O)nc12,Components-smiles-stereo-oe.smi,<frozen-chemistry-source>,3
1264,T7D,resolved,CC(=O)N1CCC(CC1)NC(=O)c2ccccc2,CC(=O)N1CCC(NC(=O)c2ccccc2)CC1,Components-smiles-stereo-oe.smi,<frozen-chemistry-source>,3
1265,T7G,resolved,CC(=O)N1CCC(CC1)C(=O)Nc2ccccc2O,CC(=O)N1CCC(C(=O)Nc2ccccc2O)CC1,Components-smiles-stereo-oe.smi,<frozen-chemistry-source>,3
1266,T7J,resolved,Cc1ccc(cc1)N([C@H]2CS(=O)(=O)C=C2)C(=O)C,CC(=O)N(c1ccc(C)cc1)[C@@H]1C=CS(=O)(=O)C1,Components-smiles-stereo-oe.smi,<frozen-chemistry-source>,3
1267,T7P,resolved,CC(=O)N(c1ccc(cc1)F)[C@H]2CS(=O)(=O)C=C2,CC(=O)N(c1ccc(F)cc1)[C@@H]1C=CS(=O)(=O)C1,Components-smiles-stereo-oe.smi,<frozen-chemistry-source>,3
1268,T7S,resolved,CC(=O)N1CCC(CC1)C(=O)N2CCCCC2,CC(=O)N1CCC(C(=O)N2CCCCC2)CC1,Components-smiles-stereo-oe.smi,<frozen-chemistry-source>,3
1269,T7V,resolved,C[C@H](c1cccc(c1)Cl)NC(=O)C,CC(=O)N[C@H](C)c1cccc(Cl)c1,Components-smiles-stereo-oe.smi,<frozen-chemistry-source>,3
1270,T7Y,resolved,CC(=O)Nc1cccc(c1)N2CCCC2=O,CC(=O)Nc1cccc(N2CCCC2=O)c1,Components-smiles-stereo-oe.smi,<frozen-chemistry-source>,3
1271,T81,resolved,CC(=O)N1CCN(CC1)Cc2ccc(s2)Br,CC(=O)N1CCN(Cc2ccc(Br)s2)CC1,Components-smiles-stereo-oe.smi,<frozen-chemistry-source>,3
1272,T84,resolved,CC(=O)N1CCN(CC1)Cc2ccsc2,CC(=O)N1CCN(Cc2ccsc2)CC1,Components-smiles-stereo-oe.smi,<frozen-chemistry-source>,3
1273,T8A,resolved,CC(=O)N1Cc2ccccc2[C@@H](C1)c3ccccc3,CC(=O)N1Cc2ccccc2[C@H](c2ccccc2)C1,Components-smiles-stereo-oe.smi,<frozen-chemistry-source>,3
1274,T8D,resolved,CC(=O)N1CCN(CC1)S(=O)(=O)c2ccc(s2)Cl,CC(=O)N1CCN(S(=O)(=O)c2ccc(Cl)s2)CC1,Components-smiles-stereo-oe.smi,<frozen-chemistry-source>,3
1275,T8J,resolved,CC(=O)N1CCN(CC1)C(=O)c2cccs2,CC(=O)N1CCN(C(=O)c2cccs2)CC1,Components-smiles-stereo-oe.smi,<frozen-chemistry-source>,3
1276,T8M,resolved,CC(=O)N1CCN(CC1)Cc2cccs2,CC(=O)N1CCN(Cc2cccs2)CC1,Components-smiles-stereo-oe.smi,<frozen-chemistry-source>,5
1277,T8P,resolved,CC(=O)N1CCN(CC1)c2ccc(cc2)OC,COc1ccc(N2CCN(C(C)=O)CC2)cc1,Components-smiles-stereo-oe.smi,<frozen-chemistry-source>,3
1278,T8S,resolved,CC(C)N(C)C(=O)C1CCN(CC1)C(=O)C,CC(=O)N1CCC(C(=O)N(C)C(C)C)CC1,Components-smiles-stereo-oe.smi,<frozen-chemistry-source>,3
1279,T8V,resolved,CC(=O)Nc1cccnc1Cl,CC(=O)Nc1cccnc1Cl,Components-smiles-stereo-oe.smi,<frozen-chemistry-source>,3
1280,T8Y,resolved,CC(=O)N1CCN(CC1)C(=O)C,CC(=O)N1CCN(C(C)=O)CC1,Components-smiles-stereo-oe.smi,<frozen-chemistry-source>,3
1053,T90,resolved,Cc1nnc(n1Cc2ccccc2)SCc3cc(ccc3OC)C(=O)C,COc1ccc(C(C)=O)cc1CSc1nnc(C)n1Cc1ccccc1,Components-smiles-stereo-oe.smi,<frozen-chemistry-source>,3
1281,T9J,resolved,CC(=O)N[C@@H](Cc1ccc(cc1)O)C(=O)NCC#CBr,CC(=O)N[C@@H](Cc1ccc(O)cc1)C(=O)NCC#CBr,Components-smiles-stereo-oe.smi,<frozen-chemistry-source>,3
1282,T9M,resolved,C[C@H]([C@H](C(=O)NCC=C)NC(=O)C)O,C=CCNC(=O)[C@H](NC(C)=O)[C@@H](C)O,Components-smiles-stereo-oe.smi,<frozen-chemistry-source>,3
1283,T9P,resolved,CC(=O)N[C@@H](CC(=O)N)C(=O)NCC=C,C=CCNC(=O)[C@H](CC(N)=O)NC(C)=O,Components-smiles-stereo-oe.smi,<frozen-chemistry-source>,3
768,TB9,resolved,C[C@H]1CN2c3c(cc(cc3NC2=S)Cl)CN1CC=C(C)C,CC(C)=CCN1Cc2cc(Cl)cc3[nH]c(=S)n(c23)C[C@@H]1C,Components-smiles-stereo-oe.smi,<frozen-chemistry-source>,5
2845,TBG,resolved,CC(C)(C)[C@@H](C(=O)O)N,CC(C)(C)[C@H](N)C(=O)O,Components-smiles-stereo-oe.smi,<frozen-chemistry-source>,1
2657,TBN,resolved,c1cn(c2c1c(ncn2)N)[C@H]3[C@@H]([C@@H]([C@H](O3)CO)O)O,Nc1ncnc2c1ccn2[C@@H]1O[C@H](CO)[C@@H](O)[C@H]1O,Components-smiles-stereo-oe.smi,<frozen-chemistry-source>,1
769,TBO,resolved,C[C@H]1CN2c3c(ccc(c3C[N@]1CC=C(C)C)Cl)NC2=S,CC(C)=CCN1Cc2c(Cl)ccc3[nH]c(=S)n(c23)C[C@@H]1C,Components-smiles-stereo-oe.smi,<frozen-chemistry-source>,5
1390,TFA,resolved,C(=O)(C(F)(F)F)O,O=C(O)C(F)(F)F,Components-smiles-stereo-oe.smi,<frozen-chemistry-source>,7
1040,TFO,resolved,C[C@H](Cn1cnc2c1ncnc2N)OCP(=O)(O)O,C[C@H](Cn1cnc2c(N)ncnc21)OCP(=O)(O)O,Components-smiles-stereo-oe.smi,<frozen-chemistry-source>,3
1841,TG3,resolved,CCOC(=O)CC[C@H](C[C@@H]1CCNC1=O)NC(=O)[C@H](CC(C)C)NC(=O)[C@H]([C@@H](C)OC(C)(C)C)NC(=O)OCc2ccccc2,CCOC(=O)CC[C@H](C[C@@H]1CCNC1=O)NC(=O)[C@H](CC(C)C)NC(=O)[C@@H](NC(=O)OCc1ccccc1)[C@@H](C)OC(C)(C)C,Components-smiles-stereo-oe.smi,<frozen-chemistry-source>,10
785,THK,resolved,c1cc(ccc1C2(SCCS2)CCCN3CCC(CC3)(c4ccc(cc4)Cl)O)F,OC1(c2ccc(Cl)cc2)CCN(CCCC2(c3ccc(F)cc3)SCCS2)CC1,Components-smiles-stereo-oe.smi,<frozen-chemistry-source>,6
389,TK7,resolved,CCC(CC)CN(C[C@H]([C@H](Cc1ccc(cc1)OCP(=O)(OCC)OCC)NC(=O)O[C@H]2CO[C@@H]3[C@H]2CCO3)O)S(=O)(=O)c4ccc(cc4)N,CCOP(=O)(COc1ccc(C[C@H](NC(=O)O[C@H]2CO[C@H]3OCC[C@H]32)[C@H](O)CN(CC(CC)CC)S(=O)(=O)c2ccc(N)cc2)cc1)OCC,Components-smiles-stereo-oe.smi,<frozen-chemistry-source>,5
2673,TKX,resolved,c1cc(c(cc1COc2cc(cnc2C=O)Br)[N+](=O)[O-])Cl,O=Cc1ncc(Br)cc1OCc1ccc(Cl)c([N+](=O)[O-])c1,Components-smiles-stereo-oe.smi,<frozen-chemistry-source>,1
2500,TLA,resolved,[C@@H]([C@H](C(=O)O)O)(C(=O)O)O,O=C(O)[C@H](O)[C@@H](O)C(=O)O,Components-smiles-stereo-oe.smi,<frozen-chemistry-source>,1
2674,TNI,resolved,c1cc(c(cc1COc2cc(cnc2C=O)Br)Br)Cl,O=Cc1ncc(Br)cc1OCc1ccc(Cl)c(Br)c1,Components-smiles-stereo-oe.smi,<frozen-chemistry-source>,1
1030,TNK,resolved,CC(C)C1=C(N(C(=O)NC1=O)COCc2ccccc2)Cc3ccccc3,CC(C)c1c(Cc2ccccc2)n(COCc2ccccc2)c(=O)[nH]c1=O,Components-smiles-stereo-oe.smi,<frozen-chemistry-source>,7
158,TNV,resolved,C[C@H](Cn1cnc2c1ncnc2N)OC[P@](=O)(O)O[P@](=O)(O)OP(=O)(O)O,C[C@H](Cn1cnc2c(N)ncnc21)OC[P@](=O)(O)O[P@](=O)(O)OP(=O)(O)O,Components-smiles-stereo-oe.smi,<frozen-chemistry-source>,5
2767,TO1,resolved,c1c(c2c(ncnc2n1[C@H]3[C@@H]([C@@H]([C@H](O3)CO)O)O)N)C#N,N#Cc1cn([C@@H]2O[C@H](CO)[C@@H](O)[C@H]2O)c2ncnc(N)c12,Components-smiles-stereo-oe.smi,<frozen-chemistry-source>,1
763,TPB,resolved,Cc1cc(c(c(c1)C)Nc2ccnc(n2)Nc3ccc(cc3)C#N)C,Cc1cc(C)c(Nc2ccnc(Nc3ccc(C#N)cc3)n2)c(C)c1,Components-smiles-stereo-oe.smi,<frozen-chemistry-source>,3
96,TPV,resolved,CCC[C@]1(CC(=C(C(=O)O1)[C@H](CC)c2cccc(c2)NS(=O)(=O)c3ccc(cn3)C(F)(F)F)O)CCc4ccccc4,CCC[C@@]1(CCc2ccccc2)CC(O)=C([C@H](CC)c2cccc(NS(=O)(=O)c3ccc(C(F)(F)F)cn3)c2)C(=O)O1,Components-smiles-stereo-oe.smi,<frozen-chemistry-source>,21
706,TQ2,resolved,Cc1ccc(cc1C)c2c3ccccc3nc(c2[C@@H](C(=O)O)OC(C)(C)C)C,Cc1ccc(-c2c([C@H](OC(C)(C)C)C(=O)O)c(C)nc3ccccc23)cc1C,Components-smiles-stereo-oe.smi,<frozen-chemistry-source>,3
736,TQM,resolved,c1cc(cc(c1)F)c2ccc3c(c2)c(c(o3)C#Cc4cccs4)CC(=O)O,O=C(O)Cc1c(C#Cc2cccs2)oc2ccc(-c3cccc(F)c3)cc12,Components-smiles-stereo-oe.smi,<frozen-chemistry-source>,3
707,TQX,resolved,Cc1c(cc(c2c1CCCO2)F)c3c4ccccc4nc(c3[C@@H](C(=O)O)OC(C)(C)C)C,Cc1nc2ccccc2c(-c2cc(F)c3c(c2C)CCCO3)c1[C@H](OC(C)(C)C)C(=O)O,Components-smiles-stereo-oe.smi,<frozen-chemistry-source>,3
1017,TRP,resolved,c1ccc2c(c1)c(c[nH]2)C[C@@H](C(=O)O)N,N[C@@H](Cc1c[nH]c2ccccc12)C(=O)O,Components-smiles-stereo-oe.smi,<frozen-chemistry-source>,3
111,TT1,resolved,c1ccc(cc1)Cn2c(nnc2SCc3ccccc3Cl)c4cccs4,Clc1ccccc1CSc1nnc(-c2cccs2)n1Cc1ccccc1,Components-smiles-stereo-oe.smi,<frozen-chemistry-source>,3
618,TTA,resolved,c1ccc(cc1)[As+](c2ccccc2)(c3ccccc3)c4ccccc4,c1ccc([As+](c2ccccc2)(c2ccccc2)c2ccccc2)cc1,Components-smiles-stereo-oe.smi,<frozen-chemistry-source>,3
619,TTO,resolved,c1ccc(cc1)[As+](c2ccccc2)(c3ccccc3)c4ccc(c(c4)O)O,Oc1ccc([As+](c2ccccc2)(c2ccccc2)c2ccccc2)cc1O,Components-smiles-stereo-oe.smi,<frozen-chemistry-source>,3
1038,TTP,resolved,CC1=CN(C(=O)NC1=O)[C@H]2C[C@@H]([C@H](O2)CO[P@](=O)(O)O[P@@](=O)(O)OP(=O)(O)O)O,Cc1cn([C@H]2C[C@H](O)[C@@H](CO[P@](=O)(O)O[P@@](=O)(O)OP(=O)(O)O)O2)c(=O)[nH]c1=O,Components-smiles-stereo-oe.smi,<frozen-chemistry-source>,7
1843,TTT,resolved,Cc1ccc(cc1C(=O)N[C@H](C)c2cccc3c2cccc3)N,Cc1ccc(N)cc1C(=O)N[C@H](C)c1cccc2ccccc12,Components-smiles-stereo-oe.smi,<frozen-chemistry-source>,13
1835,TU8,resolved,c1ccc2c(c1)CC[C@@]23C(=O)N(C(=O)N3)c4cc(cnc4)F,O=C1N[C@]2(CCc3ccccc32)C(=O)N1c1cncc(F)c1,Components-smiles-stereo-oe.smi,<frozen-chemistry-source>,1
737,TXM,resolved,Cc1ccc2c(c1)c(c(o2)C#Cc3cccs3)[C@H](C(C)C)C(=O)O,Cc1ccc2oc(C#Cc3cccs3)c([C@@H](C(=O)O)C(C)C)c2c1,Components-smiles-stereo-oe.smi,<frozen-chemistry-source>,3
1313,TYZ,resolved,CC(=O)Nc1ccc(cc1)C(=O)O,CC(=O)Nc1ccc(C(=O)O)cc1,Components-smiles-stereo-oe.smi,<frozen-chemistry-source>,3
841,U01,resolved,CC(C)[C@@H](c1ccc(cc1)Br)C2=C(c3ccccc3OC2=O)O,CC(C)[C@@H](c1ccc(Br)cc1)c1c(O)c2ccccc2oc1=O,Components-smiles-stereo-oe.smi,<frozen-chemistry-source>,3
875,U02,resolved,CC[C@H](Cc1ccccc1)C2=CC(=C(C(=O)O2)[C@H](c3cccc(c3)NC(=O)CCNC(=O)OC(C)(C)C)C4C=C4)O,CC[C@H](Cc1ccccc1)c1cc(O)c([C@H](c2cccc(NC(=O)CCNC(=O)OC(C)(C)C)c2)C2C=C2)c(=O)o1,Components-smiles-stereo-oe.smi,<frozen-chemistry-source>,3
1033,U05,resolved,CCN1c2cc(ccc2N(C(=O)c3c1nccc3)C)[N+](=O)[O-],CCN1c2cc([N+](=O)[O-])ccc2N(C)C(=O)c2cccnc21,Components-smiles-stereo-oe.smi,<frozen-chemistry-source>,7
1834,U08,resolved,c1cc(n2c1c(ncn2)N)[C@]3([C@@H]([C@@H]([C@H](O3)CO)O)O)C#N,N#C[C@@]1(c2ccc3c(N)ncnn23)O[C@H](CO)[C@@H](O)[C@H]1O,Components-smiles-stereo-oe.smi,<frozen-chemistry-source>,5
783,U0E,resolved,CC(C)[C@H](C[C@@H]([C@H](CC1CCCCC1)NC(=O)C)O)C(=O)N[C@@H](CCC(=O)N)C(=O)N[C@@H](CCCNC(=N)N)C(=O)N,CC(=O)N[C@@H](CC1CCCCC1)[C@@H](O)C[C@H](C(=O)N[C@@H](CCC(N)=O)C(=O)N[C@@H](CCCNC(=N)N)C(N)=O)C(C)C,Components-smiles-stereo-oe.smi,<frozen-chemistry-source>,15
1285,U0M,resolved,Cc1nnc(s1)CN2CCC=C(C2)F,Cc1nnc(CN2CCC=C(F)C2)s1,Components-smiles-stereo-oe.smi,<frozen-chemistry-source>,3
1286,U0P,resolved,Cc1cc(no1)CN(C)C(=O)NC2CC2,Cc1cc(CN(C)C(=O)NC2CC2)no1,Components-smiles-stereo-oe.smi,<frozen-chemistry-source>,5
2675,U0R,resolved,c1cc(c(cc1Br)COc2cc(cnc2C=O)Br)Cl,O=Cc1ncc(Br)cc1OCc1cc(Br)ccc1Cl,Components-smiles-stereo-oe.smi,<frozen-chemistry-source>,1
1287,U0S,resolved,c1cnc(cn1)N2CC[C@@]3(C2)CCOC3,c1cnc(N2CC[C@]3(CCOC3)C2)cn1,Components-smiles-stereo-oe.smi,<frozen-chemistry-source>,3
1288,U0V,resolved,c1ccc(c(c1)C(=O)NCCc2ccncc2)F,O=C(NCCc1ccncc1)c1ccccc1F,Components-smiles-stereo-oe.smi,<frozen-chemistry-source>,6
1289,U0Y,resolved,Cc1ccc(cc1)C(=O)N2CCN(CC2)C(=O)C,CC(=O)N1CCN(C(=O)c2ccc(C)cc2)CC1,Components-smiles-stereo-oe.smi,<frozen-chemistry-source>,3
1291,U1A,resolved,Cc1ccc(cc1)S(=O)(=O)N2CCN(CC2)C(=O)C,CC(=O)N1CCN(S(=O)(=O)c2ccc(C)cc2)CC1,Components-smiles-stereo-oe.smi,<frozen-chemistry-source>,3
1290,U1D,resolved,CC(=O)NNC(=O)c1cc2c(s1)CCCC2,CC(=O)NNC(=O)c1cc2c(s1)CCCC2,Components-smiles-stereo-oe.smi,<frozen-chemistry-source>,3
1292,U1G,resolved,CC(=O)N1CCN(CC1)C(=O)c2ccco2,CC(=O)N1CCN(C(=O)c2ccco2)CC1,Components-smiles-stereo-oe.smi,<frozen-chemistry-source>,3
2676,U1J,resolved,Cc1ccc(cc1[N+](=O)[O-])COc2cc(cnc2C=O)Br,Cc1ccc(COc2cc(Br)cnc2C=O)cc1[N+](=O)[O-],Components-smiles-stereo-oe.smi,<frozen-chemistry-source>,1
1293,U1M,resolved,Cc1ccc(c(c1)C)S(=O)(=O)N2CCN(CC2)C(=O)C,CC(=O)N1CCN(S(=O)(=O)c2ccc(C)cc2C)CC1,Components-smiles-stereo-oe.smi,<frozen-chemistry-source>,3
2677,U1R,resolved,c1ccc2cc(ccc2c1)COc3cc(cnc3C=O)Br,O=Cc1ncc(Br)cc1OCc1ccc2ccccc2c1,Components-smiles-stereo-oe.smi,<frozen-chemistry-source>,1
1294,U1V,resolved,Cc1cc(ccc1CS(=O)(=O)N)F,Cc1cc(F)ccc1CS(N)(=O)=O,Components-smiles-stereo-oe.smi,<frozen-chemistry-source>,5
2678,U26,resolved,c1ccc2c(c1)cncc2N3C(=O)CN(C3=O)Cc4ccc(cc4)F,O=C1CN(Cc2ccc(F)cc2)C(=O)N1c1cncc2ccccc12,Components-smiles-stereo-oe.smi,<frozen-chemistry-source>,1
2679,U2B,resolved,c1ccc2c(c1)cncc2N3C(=O)[C@]4(CCc5c4cccc5)NC3=O,O=C1N[C@@]2(CCc3ccccc32)C(=O)N1c1cncc2ccccc12,Components-smiles-stereo-oe.smi,<frozen-chemistry-source>,1
1106,U2H,resolved,CCCN(C)Cc1c[nH]c2c1cc(cc2)OCc3ccccc3,CCCN(C)Cc1c[nH]c2ccc(OCc3ccccc3)cc12,Components-smiles-stereo-oe.smi,<frozen-chemistry-source>,1
2680,U2I,resolved,C[C@H]1CN(Cc2ccccc2O1)C(=O)Nc3cncc4c3cccc4,C[C@H]1CN(C(=O)Nc2cncc3ccccc23)Cc2ccccc2O1,Components-smiles-stereo-oe.smi,<frozen-chemistry-source>,1
681,U2Z,resolved,Cc1cc(nn1c2ccccc2CN)CO,Cc1cc(CO)nn1-c1ccccc1CN,Components-smiles-stereo-oe.smi,<frozen-chemistry-source>,4
1780,U3P,resolved,C1=CN(C(=O)NC1=O)[C@H]2[C@@H]([C@@H]([C@H](O2)CO)OP(=O)(O)O)O,O=c1ccn([C@@H]2O[C@H](CO)[C@@H](OP(=O)(O)O)[C@H]2O)c(=O)[nH]1,Components-smiles-stereo-oe.smi,<frozen-chemistry-source>,4
535,U3X,resolved,c1cc(ccc1C[C@@H](C(=O)O)N)NCC2CCCCC2,N[C@@H](Cc1ccc(NCC2CCCCC2)cc1)C(=O)O,Components-smiles-stereo-oe.smi,<frozen-chemistry-source>,1
435,U43,resolved,CNc1ccc(cc1N)C(F)(F)F,CNc1ccc(C(F)(F)F)cc1N,Components-smiles-stereo-oe.smi,<frozen-chemistry-source>,3
433,U4D,resolved,c1cc(ncc1C(F)(F)F)O,Oc1ccc(C(F)(F)F)cn1,Components-smiles-stereo-oe.smi,<frozen-chemistry-source>,3
1836,U5G,resolved,CC1([C@@H]2[C@H]1[C@H](N(C2)C(=O)[C@H](C(C)(C)C)NC(=O)NC(C)(C)C)C(=O)N[C@@H](CC3CCC3)[C@H](C(=O)N)O)C,CC(C)(C)NC(=O)N[C@H](C(=O)N1C[C@H]2[C@@H]([C@H]1C(=O)N[C@@H](CC1CCC1)[C@@H](O)C(N)=O)C2(C)C)C(C)(C)C,Components-smiles-stereo-oe.smi,<frozen-chemistry-source>,17
424,U5L,resolved,Cc1ccc(c(c1[C@@H](C(=O)O)OC(C)(C)C)c2ccc3c(c2C)CCCO3)C4CC4,Cc1ccc(C2CC2)c(-c2ccc3c(c2C)CCCO3)c1[C@H](OC(C)(C)C)C(=O)O,Components-smiles-stereo-oe.smi,<frozen-chemistry-source>,4
1204,U5P,resolved,C1=CN(C(=O)NC1=O)[C@H]2[C@@H]([C@@H]([C@H](O2)COP(=O)(O)O)O)O,O=c1ccn([C@@H]2O[C@H](COP(=O)(O)O)[C@@H](O)[C@H]2O)c(=O)[nH]1,Components-smiles-stereo-oe.smi,<frozen-chemistry-source>,11
427,U5S,resolved,Cc1ccc(c(c1[C@@H](C(=O)O)OC2CC2)c3cc(c4c(c3C)CCCO4)F)C5CC5,Cc1ccc(C2CC2)c(-c2cc(F)c3c(c2C)CCCO3)c1[C@H](OC1CC1)C(=O)O,Components-smiles-stereo-oe.smi,<frozen-chemistry-source>,4
426,U60,resolved,Cc1ccc(c(c1[C@@H](C(=O)O)OC2CC2)c3ccc4c(c3C)CCCO4)C5CC5,Cc1ccc(C2CC2)c(-c2ccc3c(c2C)CCCO3)c1[C@H](OC1CC1)C(=O)O,Components-smiles-stereo-oe.smi,<frozen-chemistry-source>,4
2688,U6Y,resolved,CC(C)C[C@@H](C(=O)N[C@@H](C[C@@H]1CCNC1=O)[C@H](C(=O)NC2CC2)O)N3C[C@H](CC3=O)NC(=O)OCc4ccccc4,CC(C)C[C@@H](C(=O)N[C@@H](C[C@@H]1CCNC1=O)[C@@H](O)C(=O)NC1CC1)N1C[C@@H](NC(=O)OCc2ccccc2)CC1=O,Components-smiles-stereo-oe.smi,<frozen-chemistry-source>,1
2689,U76,resolved,CC(C)C[C@@H](C(=O)N[C@@H](C[C@@H]1CCNC1=O)[C@H](C(=O)NC2CC2)O)N3C[C@H](CCC3=O)NC(=O)OCc4cc(cc(c4)F)F,CC(C)C[C@@H](C(=O)N[C@@H](C[C@@H]1CCNC1=O)[C@@H](O)C(=O)NC1CC1)N1C[C@@H](NC(=O)OCc2cc(F)cc(F)c2)CCC1=O,Components-smiles-stereo-oe.smi,<frozen-chemistry-source>,1
2515,U7W,resolved,C[C@H]1c2ccsc2CCN1C(=O)Cn3c4ccccc4nn3,C[C@H]1c2ccsc2CCN1C(=O)Cn1nnc2ccccc21,Components-smiles-stereo-oe.smi,<frozen-chemistry-source>,1
2611,U88,resolved,c1c(scn1)N(=O)=O,O=[N+]([O-])c1cncs1,Components-smiles-stereo-oe.smi,<frozen-chemistry-source>,1
2516,U9H,resolved,c1c(cncc1F)N2C(=O)C3(CC(C3)C4CCC4)NC2=O,O=C1NC2(CC(C3CCC3)C2)C(=O)N1c1cncc(F)c1,Components-smiles-stereo-oe.smi,<frozen-chemistry-source>,1
2661,UAX,resolved,CC(C)(C)OC(=O)NC1=CC=CN(C1=O)[C@@H](CC2CC2)C(=O)N[C@@H](C[C@H]3CCNC3=O)[C@@H](C(=O)NCc4ccccc4)O,CC(C)(C)OC(=O)Nc1cccn([C@@H](CC2CC2)C(=O)N[C@@H](C[C@H]2CCNC2=O)[C@H](O)C(=O)NCc2ccccc2)c1=O,Components-smiles-stereo-oe.smi,<frozen-chemistry-source>,1
1031,UC1,resolved,Cc1c(cco1)C(=S)Nc2ccc(c(c2)OCC=C(C)C)Cl,CC(C)=CCOc1cc(NC(=S)c2ccoc2C)ccc1Cl,Components-smiles-stereo-oe.smi,<frozen-chemistry-source>,9
1035,UC2,resolved,Cc1c(cco1)C(=S)Nc2ccc(c(c2)\C=N\OC(C)(C)C)Cl,Cc1occc1C(=S)Nc1ccc(Cl)c(/C=N/OC(C)(C)C)c1,Components-smiles-stereo-oe.smi,<frozen-chemistry-source>,3
1036,UC3,resolved,CC(C)OC(=O)c1cc(ccc1Cl)NC(=S)OC(C)C,CC(C)OC(=O)c1cc(NC(=S)OC(C)C)ccc1Cl,Components-smiles-stereo-oe.smi,<frozen-chemistry-source>,3
1037,UC4,resolved,CC1=C(SCCO1)C(=O)Nc2ccc(c(c2)C(=O)OC(C)C)Cl,CC1=C(C(=O)Nc2ccc(Cl)c(C(=O)OC(C)C)c2)SCCO1,Components-smiles-stereo-oe.smi,<frozen-chemistry-source>,3
153,UDR,resolved,Cc1cc(cc2c1OC(=O)N2C)/C(=C/CCCc3nnc(o3)C)/c4cc(c(c(c4)C(=O)SC)OC)C,COc1c(C)cc(/C(=C\CCCc2nnc(C)o2)c2cc(C)c3oc(=O)n(C)c3c2)cc1C(=O)SC,Components-smiles-stereo-oe.smi,<frozen-chemistry-source>,3
2412,UED,resolved,CC(C)C[C@@H](C(=O)N[C@@H](C[C@@H]1CCNC1=O)CO)NC(=O)OCc2ccccc2,CC(C)C[C@H](NC(=O)OCc1ccccc1)C(=O)N[C@H](CO)C[C@@H]1CCNC1=O,Components-smiles-stereo-oe.smi,<frozen-chemistry-source>,5
2507,UFT,resolved,C1=CN(C(=O)NC1=O)[C@H]2[C@@H]([C@@H]([C@H](O2)COP(=O)(O)O)O)F,O=c1ccn([C@@H]2O[C@H](COP(=O)(O)O)[C@@H](O)[C@H]2F)c(=O)[nH]1,Components-smiles-stereo-oe.smi,<frozen-chemistry-source>,1
2886,UGD,resolved,c1cc(cc(c1)O[C@@H]2CC(=O)N2)NC(=O)Cc3cncnc3,O=C(Cc1cncnc1)Nc1cccc(O[C@@H]2CC(=O)N2)c1,Components-smiles-stereo-oe.smi,<frozen-chemistry-source>,3
2887,UGG,resolved,c1ccc(cc1)NC(=O)Cc2cncc3c2cccc3,O=C(Cc1cncc2ccccc12)Nc1ccccc1,Components-smiles-stereo-oe.smi,<frozen-chemistry-source>,3
2888,UGM,resolved,c1cc(cnc1)NC(=O)Cc2cc(cnc2)C#N,N#Cc1cncc(CC(=O)Nc2cccnc2)c1,Components-smiles-stereo-oe.smi,<frozen-chemistry-source>,3
2889,UGP,resolved,Cc1ccncc1NC(=O)Cc2cccc(c2)C#N,Cc1ccncc1NC(=O)Cc1cccc(C#N)c1,Components-smiles-stereo-oe.smi,<frozen-chemistry-source>,3
2890,UGS,resolved,COc1ccnc(c1)NC(=O)Cc2ccc3ccccc3c2,COc1ccnc(NC(=O)Cc2ccc3ccccc3c2)c1,Components-smiles-stereo-oe.smi,<frozen-chemistry-source>,3
2893,UGV,resolved,c1cc(cnc1)NC(=O)Cc2ccc(s2)Cl,O=C(Cc1ccc(Cl)s1)Nc1cccnc1,Components-smiles-stereo-oe.smi,<frozen-chemistry-source>,3
2891,UH1,resolved,c1cc(cc(c1)C#N)CC(=O)Nc2cccnc2,N#Cc1cccc(CC(=O)Nc2cccnc2)c1,Components-smiles-stereo-oe.smi,<frozen-chemistry-source>,3
2892,UH4,resolved,Cc1ccc(s1)NC(=O)Nc2cccnc2,Cc1ccc(NC(=O)Nc2cccnc2)s1,Components-smiles-stereo-oe.smi,<frozen-chemistry-source>,3
2894,UH7,resolved,Cc1ccncc1NC(=O)Cc2cccc(c2)Cl,Cc1ccncc1NC(=O)Cc1cccc(Cl)c1,Components-smiles-stereo-oe.smi,<frozen-chemistry-source>,3
2895,UHA,resolved,Cc1ccncc1NC(=O)[C@H](C)c2cccc(c2)Cl,Cc1ccncc1NC(=O)[C@H](C)c1cccc(Cl)c1,Components-smiles-stereo-oe.smi,<frozen-chemistry-source>,3
2896,UHG,resolved,C[C@H](c1ccc2c3cc(ccc3[nH]c2c1)Cl)C(=O)O,C[C@@H](C(=O)O)c1ccc2c(c1)[nH]c1ccc(Cl)cc12,Components-smiles-stereo-oe.smi,<frozen-chemistry-source>,3
2899,UHM,resolved,c1ccc(c(c1)C(=O)NCc2cnsc2)OCC#N,N#CCOc1ccccc1C(=O)NCc1cnsc1,Components-smiles-stereo-oe.smi,<frozen-chemistry-source>,3
2885,UHS,resolved,CCC(=O)N(c1cc(on1)C(C)(C)C)[C@H](c2cccnc2)C(=O)NC(C)(C)C,CCC(=O)N(c1cc(C(C)(C)C)on1)[C@@H](C(=O)NC(C)(C)C)c1cccnc1,Components-smiles-stereo-oe.smi,<frozen-chemistry-source>,3
2545,UHV,resolved,CCC(=O)N(c1cc(on1)C(C)(C)C)[C@H](c2cccnc2)C(=O)Nc3ccc(cc3C)OC,CCC(=O)N(c1cc(C(C)(C)C)on1)[C@@H](C(=O)Nc1ccc(OC)cc1C)c1cccnc1,Components-smiles-stereo-oe.smi,<frozen-chemistry-source>,3
2897,UHY,resolved,CCc1cccc(c1NC(=O)[C@@H](c2cccnc2)N(c3ccc(nc3)C(C)C)C(=O)CC)C,CCC(=O)N(c1ccc(C(C)C)nc1)[C@@H](C(=O)Nc1c(C)cccc1CC)c1cccnc1,Components-smiles-stereo-oe.smi,<frozen-chemistry-source>,3
2898,UJ1,resolved,CCc1cccc(c1NC(=O)[C@@H](c2cccnc2)N(c3cc([nH]n3)C(C)(C)C)C(=O)CC)C,CCC(=O)N(c1cc(C(C)(C)C)[nH]n1)[C@@H](C(=O)Nc1c(C)cccc1CC)c1cccnc1,Components-smiles-stereo-oe.smi,<frozen-chemistry-source>,3
2900,UJ4,resolved,CCC(=O)N(c1ccc(cc1)[C@H](C)OC)[C@H](c2cccnc2)C(=O)Nc3ccc(cc3C)OC,CCC(=O)N(c1ccc([C@H](C)OC)cc1)[C@@H](C(=O)Nc1ccc(OC)cc1C)c1cccnc1,Components-smiles-stereo-oe.smi,<frozen-chemistry-source>,3
676,UJ6,resolved,c1ccc2c(c1)[C@@H](C(=O)N2)Cc3ccc4c(c3C(=O)O)OCO4,O=C(O)c1c(C[C@@H]2C(=O)Nc3ccccc32)ccc2c1OCO2,Components-smiles-stereo-oe.smi,<frozen-chemistry-source>,4
1201,UJK,resolved,Cc1ccccc1n2cc(nn2)C(=O)O,Cc1ccccc1-n1cc(C(=O)O)nn1,Components-smiles-stereo-oe.smi,<frozen-chemistry-source>,1
356,UMV,resolved,Cc1c2cc(ccc2c(cc1Oc3ccccc3OCCN4C=CC(=O)NC4=O)CC(=O)OC)C#N,COC(=O)Cc1cc(Oc2ccccc2OCCn2ccc(=O)[nH]c2=O)c(C)c2cc(C#N)ccc12,Components-smiles-stereo-oe.smi,<frozen-chemistry-source>,5
353,UMY,resolved,Cc1c2cc(ccc2c(cc1Oc3ccccc3OCCN4C=CC(=O)NC4=O)F)C#N,Cc1c(Oc2ccccc2OCCn2ccc(=O)[nH]c2=O)cc(F)c2ccc(C#N)cc12,Components-smiles-stereo-oe.smi,<frozen-chemistry-source>,3
815,UNI,resolved,c1cc(cc(c1)NS(=O)(=O)c2ccc(cc2)C#N)[C@H](C3CC3)C4=C(C5=C(CCCCCC5)OC4=O)O,N#Cc1ccc(S(=O)(=O)Nc2cccc([C@@H](c3c(O)c4c(oc3=O)CCCCCC4)C3CC3)c2)cc1,Components-smiles-stereo-oe.smi,<frozen-chemistry-source>,3
542,UNL,missing_smiles,,,,,0
354,UNS,resolved,Cc1cc(c(c2c1ccc(c2)C#N)C)Oc3ccc(cc3OCCN4C=CC(=O)NC4=O)F,Cc1cc(Oc2ccc(F)cc2OCCn2ccc(=O)[nH]c2=O)c(C)c2cc(C#N)ccc12,Components-smiles-stereo-oe.smi,<frozen-chemistry-source>,3
355,UO4,resolved,Cc1c2cc(ccc2c(cc1Oc3ccccc3OCCN4C=CC(=O)NC4=O)CC5CC5)C#N,Cc1c(Oc2ccccc2OCCn2ccc(=O)[nH]c2=O)cc(CC2CC2)c2ccc(C#N)cc12,Components-smiles-stereo-oe.smi,<frozen-chemistry-source>,3
2690,UO9,resolved,CC(C)C[C@@H](C(=O)N[C@@H](C[C@@H]1CCNC1=O)[C@H](O)S(=O)(=O)O)NC(=O)OCC(C)(C)S(=O)c2ccccc2,CC(C)C[C@H](NC(=O)OCC(C)(C)S(=O)c1ccccc1)C(=O)N[C@@H](C[C@@H]1CCNC1=O)[C@H](O)S(=O)(=O)O,Components-smiles-stereo-oe.smi,<frozen-chemistry-source>,1
591,UOV,resolved,Cc1ccc(cc1)c2ccc(cc2)NC(=O)N3CCC4(CC3)CCO4,Cc1ccc(-c2ccc(NC(=O)N3CCC4(CCO4)CC3)cc2)cc1,Components-smiles-stereo-oe.smi,<frozen-chemistry-source>,9
2904,UPD,resolved,CC(=O)N1CCC(CC1)C(=O)Nc2ccc(nc2)OC,COc1ccc(NC(=O)C2CCN(C(C)=O)CC2)cn1,Components-smiles-stereo-oe.smi,<frozen-chemistry-source>,3
2905,UPJ,resolved,CC(=O)N1CCC(CC1)C(=O)N(C)c2ccccc2,CC(=O)N1CCC(C(=O)N(C)c2ccccc2)CC1,Components-smiles-stereo-oe.smi,<frozen-chemistry-source>,3
2693,UQO,resolved,CC(C)C[C@@H](C(=O)N[C@@H](C[C@@H]1CCNC1=O)[C@@H](O)S(=O)(=O)O)NC(=O)OCC(C)(C)S(=O)(=O)c2ccccc2,CC(C)C[C@H](NC(=O)OCC(C)(C)S(=O)(=O)c1ccccc1)C(=O)N[C@@H](C[C@@H]1CCNC1=O)[C@@H](O)S(=O)(=O)O,Components-smiles-stereo-oe.smi,<frozen-chemistry-source>,1
1163,UQS,resolved,c1ccc(c(c1)CNc2c[nH]nc2)F,Fc1ccccc1CNc1cn[nH]c1,Components-smiles-stereo-oe.smi,<frozen-chemistry-source>,3
2517,UQW,resolved,CC[C@H](C(=O)NCCc1c[nH]c2c1cccc2)OC(=O)C=C,C=CC(=O)O[C@H](CC)C(=O)NCCc1c[nH]c2ccccc12,Components-smiles-stereo-oe.smi,<frozen-chemistry-source>,1
2519,UQZ,resolved,CCCN([C@@H](c1cccc(c1)O)C(=O)NCc2ccc3c(c2)OCO3)C(=O)C=C,C=CC(=O)N(CCC)[C@H](C(=O)NCc1ccc2c(c1)OCO2)c1cccc(O)c1,Components-smiles-stereo-oe.smi,<frozen-chemistry-source>,1
1128,UR3,resolved,CN1C(=O)C=CN(C1=O)[C@H]2[C@@H]([C@@H]([C@H](O2)COP(=O)(O)O)O)O,Cn1c(=O)ccn([C@@H]2O[C@H](COP(=O)(O)O)[C@@H](O)[C@H]2O)c1=O,Components-smiles-stereo-oe.smi,<frozen-chemistry-source>,1
1149,UR7,resolved,Cc1ccc(cc1F)CS(=O)(=O)N,Cc1ccc(CS(N)(=O)=O)cc1F,Components-smiles-stereo-oe.smi,<frozen-chemistry-source>,3
2518,URK,resolved,COc1cccc(c1OC)CNC(=O)[C@H](c2ccc(cc2)[N+](=O)[O-])OC(=O)C=C,C=CC(=O)O[C@H](C(=O)NCc1cccc(OC)c1OC)c1ccc([N+](=O)[O-])cc1,Components-smiles-stereo-oe.smi,<frozen-chemistry-source>,1
2691,URR,resolved,CC(C)C[C@@H](C(=O)N[C@@H](C[C@@H]1CCNC1=O)[C@@H](O)S(=O)(=O)O)NC(=O)OCC(C)(C)S(=O)c2ccccc2,CC(C)C[C@H](NC(=O)OCC(C)(C)S(=O)c1ccccc1)C(=O)N[C@@H](C[C@@H]1CCNC1=O)[C@@H](O)S(=O)(=O)O,Components-smiles-stereo-oe.smi,<frozen-chemistry-source>,1
167,URT,resolved,c1nc(c2c(n1)n(cn2)[C@H]3C(=C[C@H](O3)OCP(=O)(O)O)F)N,Nc1ncnc2c1ncn2[C@@H]1O[C@H](OCP(=O)(O)O)C=C1F,Components-smiles-stereo-oe.smi,<frozen-chemistry-source>,3
2903,US7,resolved,CS(=O)(=O)c1ccc(cc1)N2CCNCC2,CS(=O)(=O)c1ccc(N2CCNCC2)cc1,Components-smiles-stereo-oe.smi,<frozen-chemistry-source>,3
2522,US8,resolved,CC(=O)Nc1c(cc(s1)c2ccccc2)C(=O)NC3CC3,CC(=O)Nc1sc(-c2ccccc2)cc1C(=O)NC1CC1,Components-smiles-stereo-oe.smi,<frozen-chemistry-source>,1
2902,USA,resolved,[H]/N=C/c1[nH]ccn1,[H]/N=C/c1ncc[nH]1,Components-smiles-stereo-oe.smi,<frozen-chemistry-source>,3
2901,USD,resolved,[H]/N=C/c1ncccn1,[H]/N=C/c1ncccn1,Components-smiles-stereo-oe.smi,<frozen-chemistry-source>,3
2523,USH,resolved,CCCN(CC(=O)Nc1ccccc1OC)C(=O)CCl,CCCN(CC(=O)Nc1ccccc1OC)C(=O)CCl,Components-smiles-stereo-oe.smi,<frozen-chemistry-source>,1
2524,USZ,resolved,CCC(=O)N(c1ccc(cc1)C(C)(C)C)[C@H](c2cccnc2)C(=O)NCCc3cccc(c3)F,CCC(=O)N(c1ccc(C(C)(C)C)cc1)[C@@H](C(=O)NCCc1cccc(F)c1)c1cccnc1,Components-smiles-stereo-oe.smi,<frozen-chemistry-source>,1
2616,UTP,resolved,C1=CN(C(=O)NC1=O)[C@H]2[C@@H]([C@@H]([C@H](O2)CO[P@@](=O)(O)O[P@@](=O)(O)OP(=O)(O)O)O)O,O=c1ccn([C@@H]2O[C@H](CO[P@@](=O)(O)O[P@@](=O)(O)OP(=O)(O)O)[C@@H](O)[C@H]2O)c(=O)[nH]1,Components-smiles-stereo-oe.smi,<frozen-chemistry-source>,1
1493,UUJ,resolved,c1cc(c(cc1Br)C#N)O,N#Cc1cc(Br)ccc1O,Components-smiles-stereo-oe.smi,<frozen-chemistry-source>,3
2697,UUR,resolved,CC(C)C[C@@H](C(=O)N[C@@H](C[C@@H]1CCNC1=O)[C@@H](O)S(=O)(=O)O)NC(=O)OCCSc2ccccc2,CC(C)C[C@H](NC(=O)OCCSc1ccccc1)C(=O)N[C@@H](C[C@@H]1CCNC1=O)[C@@H](O)S(=O)(=O)O,Components-smiles-stereo-oe.smi,<frozen-chemistry-source>,1
2696,UV2,resolved,CC(C)C[C@@H](C(=O)N[C@@H](C[C@@H]1CCNC1=O)[C@H](O)S(=O)(=O)O)NC(=O)OCCSc2ccccc2,CC(C)C[C@H](NC(=O)OCCSc1ccccc1)C(=O)N[C@@H](C[C@@H]1CCNC1=O)[C@H](O)S(=O)(=O)O,Components-smiles-stereo-oe.smi,<frozen-chemistry-source>,1
1165,UVA,resolved,CNc1ccccc1S(=O)(=O)C,CNc1ccccc1S(C)(=O)=O,Components-smiles-stereo-oe.smi,<frozen-chemistry-source>,3
2413,UVC,resolved,C1=CN(C(=O)NC1=O)[C@H]2[C@H]3[C@@H]([C@H](O2)CO)O[V](=O)(O3)(O)O,O=c1ccn([C@@H]2O[C@H](CO)[C@H]3[O][V](=[O])([OH])([OH])[O][C@H]32)c(=O)[nH]1,Components-smiles-stereo-oe.smi,<frozen-chemistry-source>,4
1168,UVJ,resolved,Cc1nc2ccccc2n1CCC(=O)N,Cc1nc2ccccc2n1CCC(N)=O,Components-smiles-stereo-oe.smi,<frozen-chemistry-source>,3
2756,UWO,resolved,CC(=O)N1c2ccc(cc2NC3=C([C@H]1c4ccc(cc4)C(F)(F)F)C(=O)CCC3)C(=O)OC,COC(=O)c1ccc2c(c1)NC1=C(C(=O)CCC1)[C@@H](c1ccc(C(F)(F)F)cc1)N2C(C)=O,Components-smiles-stereo-oe.smi,<frozen-chemistry-source>,1
1551,UWY,resolved,CCn1cc(cn1)NC(=O)C2CCCC2,CCn1cc(NC(=O)C2CCCC2)cn1,Components-smiles-stereo-oe.smi,<frozen-chemistry-source>,3
1556,UX1,resolved,CNC(=O)C1(CC1)Cc2ccccc2F,CNC(=O)C1(Cc2ccccc2F)CC1,Components-smiles-stereo-oe.smi,<frozen-chemistry-source>,4
1176,UXG,resolved,c1ccc(cc1)C(c2ccccc2)N3CC(C3)O,OC1CN(C(c2ccccc2)c2ccccc2)C1,Components-smiles-stereo-oe.smi,<frozen-chemistry-source>,4
1781,UXS,resolved,CSCC[C@@H](CO)N,CSCC[C@H](N)CO,Components-smiles-stereo-oe.smi,<frozen-chemistry-source>,3
1127,UY1,resolved,CO[C@@H]1[C@@H]([C@H](O[C@H]1C2=CNC(=O)NC2=O)COP(=O)(O)O)O,CO[C@@H]1[C@H](O)[C@@H](COP(=O)(O)O)O[C@H]1c1c[nH]c(=O)[nH]c1=O,Components-smiles-stereo-oe.smi,<frozen-chemistry-source>,1
2997,UZF,resolved,c1ccc2c(c1)CCc3ccccc3N2C(=O)CS,O=C(CS)N1c2ccccc2CCc2ccccc21,Components-smiles-stereo-oe.smi,<frozen-chemistry-source>,1
2757,V00,resolved,C[C@H](c1cc(cc2c1cccc2)OC)N3CCC(CC3)C(=O)NCc4cccc(c4)F,COc1cc([C@@H](C)N2CCC(C(=O)NCc3cccc(F)c3)CC2)c2ccccc2c1,Components-smiles-stereo-oe.smi,<frozen-chemistry-source>,1
428,V06,resolved,c1cncc(c1N)Br,Nc1ccncc1Br,Components-smiles-stereo-oe.smi,<frozen-chemistry-source>,6
2525,V18,resolved,c1ccc2c(c1)cncc2N3C(=O)C4(CC(C4)C5CCC5)NC3=O,O=C1NC2(CC(C3CCC3)C2)C(=O)N1c1cncc2ccccc12,Components-smiles-stereo-oe.smi,<frozen-chemistry-source>,1
2537,V1B,resolved,c1ccc(cc1)C2CC3(C2)C(=O)N(C(=O)N3)c4cncc5c4cccc5,O=C1NC2(CC(c3ccccc3)C2)C(=O)N1c1cncc2ccccc12,Components-smiles-stereo-oe.smi,<frozen-chemistry-source>,1
1788,V1V,resolved,CCC[C@@H]([C@@H](C(=O)O)O)N,CCC[C@H](N)[C@H](O)C(=O)O,Components-smiles-stereo-oe.smi,<frozen-chemistry-source>,3
2687,V2M,resolved,CC(C)C[C@@H](C(=O)N[C@@H](C[C@@H]1CCNC1=O)[C@@H](CO)O)NC(=O)c2cc3c([nH]2)cccc3OC,COc1cccc2[nH]c(C(=O)N[C@@H](CC(C)C)C(=O)N[C@@H](C[C@@H]3CCNC3=O)[C@H](O)CO)cc12,Components-smiles-stereo-oe.smi,<frozen-chemistry-source>,4
2999,V3E,resolved,COC(=O)[C@H](Cc1ccccc1O)N,COC(=O)[C@@H](N)Cc1ccccc1O,Components-smiles-stereo-oe.smi,<frozen-chemistry-source>,1
2597,V46,resolved,CC(C)C[C@@H](C(=O)N[C@@H](C[C@@H]1CCNC1=O)[C@H](O)S(=O)(=O)O)NC(=O)OCc2cccc(c2)Cl,CC(C)C[C@H](NC(=O)OCc1cccc(Cl)c1)C(=O)N[C@@H](C[C@@H]1CCNC1=O)[C@H](O)S(=O)(=O)O,Components-smiles-stereo-oe.smi,<frozen-chemistry-source>,1
1129,V5N,resolved,c1c([nH]cn1)[C@H]([C@@H](C(=O)O)N)O,N[C@H](C(=O)O)[C@H](O)c1cnc[nH]1,Components-smiles-stereo-oe.smi,<frozen-chemistry-source>,1
1790,V7G,resolved,CC(C)C[C@@H](C(=O)N[C@@H](C[C@@H]1CCNC1=O)[C@@H](c2nc3ccccc3s2)O)NC(=O)c4cc5c([nH]4)cccc5OC,COc1cccc2[nH]c(C(=O)N[C@@H](CC(C)C)C(=O)N[C@@H](C[C@@H]3CCNC3=O)[C@H](O)c3nc4ccccc4s3)cc12,Components-smiles-stereo-oe.smi,<frozen-chemistry-source>,6
668,V7H,resolved,c1ccc(cc1)CNC(=O)c2ccccc2CNCc3ccc4c(c3C(=O)O)OC[C@@H](O4)CCC(=O)O,O=C(O)CC[C@H]1COc2c(ccc(CNCc3ccccc3C(=O)NCc3ccccc3)c2C(=O)O)O1,Components-smiles-stereo-oe.smi,<frozen-chemistry-source>,4
2814,V83,resolved,COC(=O)c1c2c(sc1NC(=O)[C@@H]3CC=CC[C@H]3C(=O)O)CCCCC2,COC(=O)c1c(NC(=O)[C@@H]2CC=CC[C@H]2C(=O)O)sc2c1CCCCC2,Components-smiles-stereo-oe.smi,<frozen-chemistry-source>,1
1067,V96,resolved,c1cc(c(cc1C[C@@H](C(=O)O)N)c2c(c3c(c(c2O)O)C(=O)c4cc(c(c(c4C3=O)C(=O)O)C(=O)O)O)O)O,N[C@@H](Cc1ccc(O)c(-c2c(O)c(O)c3c(c2O)C(=O)c2c(cc(O)c(C(=O)O)c2C(=O)O)C3=O)c1)C(=O)O,Components-smiles-stereo-oe.smi,<frozen-chemistry-source>,3
2407,V9G,invalid_smiles,,,,,5
1068,V9O,resolved,c1cc(c(cc1CCN)c2c(c3c(c(c2O)O)C(=O)c4cc(c(c(c4C3=O)C(=O)O)C(=O)O)O)O)O,NCCc1ccc(O)c(-c2c(O)c(O)c3c(c2O)C(=O)c2c(cc(O)c(C(=O)O)c2C(=O)O)C3=O)c1,Components-smiles-stereo-oe.smi,<frozen-chemistry-source>,3
2640,V9R,resolved,CC(C)(C)OC(=O)NC1=CC=CN(C1=O)[C@H](CC2CC2)C(=O)N[C@@H](C[C@@H]3CCNC3=O)[C@@H](C(=O)NCc4ccccc4)O,CC(C)(C)OC(=O)Nc1cccn([C@H](CC2CC2)C(=O)N[C@@H](C[C@@H]2CCNC2=O)[C@H](O)C(=O)NCc2ccccc2)c1=O,Components-smiles-stereo-oe.smi,<frozen-chemistry-source>,1
1069,VA9,resolved,CC(=O)NCCc1ccc(c(c1)c2c(c3c(c(c2O)O)C(=O)c4cc(c(c(c4C3=O)C(=O)O)C(=O)O)O)O)O,CC(=O)NCCc1ccc(O)c(-c2c(O)c(O)c3c(c2O)C(=O)c2c(cc(O)c(C(=O)O)c2C(=O)O)C3=O)c1,Components-smiles-stereo-oe.smi,<frozen-chemistry-source>,3
919,VAC,resolved,c1ccc(cc1)C[C@H](CC(C[C@@H](Cc2ccccc2)C(=O)N[C@H]3c4ccccc4C[C@H]3O)O)C(=O)N[C@H]5c6ccccc6C[C@H]5O,O=C(N[C@H]1c2ccccc2C[C@H]1O)[C@H](Cc1ccccc1)CC(O)C[C@@H](Cc1ccccc1)C(=O)N[C@H]1c2ccccc2C[C@H]1O,Components-smiles-stereo-oe.smi,<frozen-chemistry-source>,4
2409,VBY,resolved,Cc1ccc(cc1C(=O)N[C@H](C)c2cccc3c2cccc3)NC(=O)C=C,C=CC(=O)Nc1ccc(C)c(C(=O)N[C@H](C)c2cccc3ccccc23)c1,Components-smiles-stereo-oe.smi,<frozen-chemistry-source>,5
3006,VCG,resolved,CCCCCCCC/C=C/CCCCCCCC(=O)OCCOC[C@@H]([C@@H]1[C@@H](C[C@@H](O1)OCCO)OCCO)OCCO,CCCCCCCC/C=C/CCCCCCCC(=O)OCCOC[C@H](OCCO)[C@H]1O[C@@H](OCCO)C[C@H]1OCCO,Components-smiles-stereo-oe.smi,<frozen-chemistry-source>,9
2906,VEG,resolved,CCC(=O)N(c1ccc(cc1)C(C)(C)C)[C@H](c2cccnc2)C(=O)NCCC(=O)OCC,CCOC(=O)CCNC(=O)[C@@H](c1cccnc1)N(C(=O)CC)c1ccc(C(C)(C)C)cc1,Components-smiles-stereo-oe.smi,<frozen-chemistry-source>,3
2907,VEJ,resolved,CCC(=O)N(c1ccc(cc1)C(C)(C)C)[C@H](c2cccnc2)C(=O)NCCCOC,CCC(=O)N(c1ccc(C(C)(C)C)cc1)[C@@H](C(=O)NCCCOC)c1cccnc1,Components-smiles-stereo-oe.smi,<frozen-chemistry-source>,3
2908,VEM,resolved,CCC(=O)N(c1ccc(cc1)C(C)(C)C)[C@H](c2cccnc2)C(=O)NCCOC,CCC(=O)N(c1ccc(C(C)(C)C)cc1)[C@@H](C(=O)NCCOC)c1cccnc1,Components-smiles-stereo-oe.smi,<frozen-chemistry-source>,3
2909,VEP,resolved,CCC(=O)N(c1ccc(cc1)C(C)(C)C)[C@H](c2cccnc2)C(=O)NC3CCOCC3,CCC(=O)N(c1ccc(C(C)(C)C)cc1)[C@@H](C(=O)NC1CCOCC1)c1cccnc1,Components-smiles-stereo-oe.smi,<frozen-chemistry-source>,3
2910,VEV,resolved,CCC(=O)N(c1ccc(cc1)C(C)(C)C)[C@H](c2cccnc2)C(=O)NC,CCC(=O)N(c1ccc(C(C)(C)C)cc1)[C@@H](C(=O)NC)c1cccnc1,Components-smiles-stereo-oe.smi,<frozen-chemistry-source>,3
2911,VEY,resolved,CCC(=O)N(c1ccc(cc1)C(C)(C)C)[C@H](c2cccnc2)C(=O)NCC,CCNC(=O)[C@@H](c1cccnc1)N(C(=O)CC)c1ccc(C(C)(C)C)cc1,Components-smiles-stereo-oe.smi,<frozen-chemistry-source>,3
2929,VHJ,resolved,CC(C)[C@@H](C(=O)N[C@@H](Cc1ccccc1)C(=O)N[C@@H](C[C@@H]2CCNC2=O)CO)NC(=O)OCc3ccccc3,CC(C)[C@H](NC(=O)OCc1ccccc1)C(=O)N[C@@H](Cc1ccccc1)C(=O)N[C@H](CO)C[C@@H]1CCNC1=O,Components-smiles-stereo-oe.smi,<frozen-chemistry-source>,3
2930,VHM,resolved,CC(C)[C@@H](C(=O)N[C@@H](CC1CCCCC1)C(=O)N[C@@H](C[C@@H]2CCNC2=O)CO)NC(=O)OCc3ccccc3,CC(C)[C@H](NC(=O)OCc1ccccc1)C(=O)N[C@@H](CC1CCCCC1)C(=O)N[C@H](CO)C[C@@H]1CCNC1=O,Components-smiles-stereo-oe.smi,<frozen-chemistry-source>,3
2931,VHP,resolved,C[C@H]([C@@H](C(=O)N[C@@H](CC(C)C)C(=O)N[C@@H](C[C@@H]1CCNC1=O)CO)NC(=O)OCc2ccccc2)OC(C)(C)C,CC(C)C[C@H](NC(=O)[C@@H](NC(=O)OCc1ccccc1)[C@@H](C)OC(C)(C)C)C(=O)N[C@H](CO)C[C@@H]1CCNC1=O,Components-smiles-stereo-oe.smi,<frozen-chemistry-source>,3
2928,VHV,resolved,CC(C)C[C@@H](C(=O)N[C@@H](C[C@@H]1CCNC1=O)CO)NC(=O)[C@H](C(C)C)NC(=O)OCc2ccccc2,CC(C)C[C@H](NC(=O)[C@@H](NC(=O)OCc1ccccc1)C(C)C)C(=O)N[C@H](CO)C[C@@H]1CCNC1=O,Components-smiles-stereo-oe.smi,<frozen-chemistry-source>,3
2815,VI1,resolved,COC(=O)c1c2c(sc1NC(=O)[C@@H]3CCCC[C@H]3C(=O)O)CCCCCC2,COC(=O)c1c(NC(=O)[C@@H]2CCCC[C@H]2C(=O)O)sc2c1CCCCCC2,Components-smiles-stereo-oe.smi,<frozen-chemistry-source>,1
2733,VIB,resolved,Cc1c(sc[n+]1Cc2cnc(nc2N)C)CCO,Cc1ncc(C[n+]2csc(CCO)c2C)c(N)n1,Components-smiles-stereo-oe.smi,<frozen-chemistry-source>,1
2926,VJA,resolved,CC(C)C[C@@H](C(=O)N[C@H](C[C@@H]1CCNC1=O)CO)NC(=O)[C@H](C(C)C)NC(=O)OCc2ccccc2,CC(C)C[C@H](NC(=O)[C@@H](NC(=O)OCc1ccccc1)C(C)C)C(=O)N[C@@H](CO)C[C@@H]1CCNC1=O,Components-smiles-stereo-oe.smi,<frozen-chemistry-source>,3
663,VL4,resolved,CN(Cc1ccccc1C(=O)NCC2CCC2)Cc3ccc4c(c3C(=O)O)OC[C@@H](O4)CCC(=O)O,CN(Cc1ccccc1C(=O)NCC1CCC1)Cc1ccc2c(c1C(=O)O)OC[C@H](CCC(=O)O)O2,Components-smiles-stereo-oe.smi,<frozen-chemistry-source>,4
2694,VLU,resolved,CC(C)C[C@@H](C(=O)N[C@@H](C[C@@H]1CCNC1=O)[C@H](O)S(=O)(=O)O)NC(=O)OCC(C)(C)Sc2cccc(c2)Cl,CC(C)C[C@H](NC(=O)OCC(C)(C)Sc1cccc(Cl)c1)C(=O)N[C@@H](C[C@@H]1CCNC1=O)[C@H](O)S(=O)(=O)O,Components-smiles-stereo-oe.smi,<frozen-chemistry-source>,1
2695,VM0,resolved,CC(C)C[C@@H](C(=O)N[C@@H](C[C@@H]1CCNC1=O)[C@@H](O)S(=O)(=O)O)NC(=O)OCC(C)(C)Sc2cccc(c2)Cl,CC(C)C[C@H](NC(=O)OCC(C)(C)Sc1cccc(Cl)c1)C(=O)N[C@@H](C[C@@H]1CCNC1=O)[C@@H](O)S(=O)(=O)O,Components-smiles-stereo-oe.smi,<frozen-chemistry-source>,1
780,VM5,resolved,c1cc(c(cc1S(=O)(=O)N)Cl)NC(=O)Cc2ccc(c(c2F)Oc3cc(cc(c3)Cl)C#N)Br,N#Cc1cc(Cl)cc(Oc2c(Br)ccc(CC(=O)Nc3ccc(S(N)(=O)=O)cc3Cl)c2F)c1,Components-smiles-stereo-oe.smi,<frozen-chemistry-source>,3
479,VO8,resolved,CCC(=O)N1c2ccccc2N(C1=O)CCOc3ccccc3Oc4cccc5c4ccc(c5)C#N,CCC(=O)n1c(=O)n(CCOc2ccccc2Oc2cccc3cc(C#N)ccc23)c2ccccc21,Components-smiles-stereo-oe.smi,<frozen-chemistry-source>,3
475,VOI,resolved,CN(C)C(=O)CCOc1ccccc1Oc2cccn3c2cc(c3)C#N,CN(C)C(=O)CCOc1ccccc1Oc1cccn2cc(C#N)cc12,Components-smiles-stereo-oe.smi,<frozen-chemistry-source>,3
476,VOU,resolved,c1ccc(c(c1)OCCC(=O)N2CCCC2)Oc3cccn4c3cc(c4)C#N,N#Cc1cc2c(Oc3ccccc3OCCC(=O)N3CCCC3)cccn2c1,Components-smiles-stereo-oe.smi,<frozen-chemistry-source>,3
477,VP2,resolved,c1ccc(c(c1)OCCC(=O)NCC(F)F)Oc2cccn3c2cc(c3)C#N,N#Cc1cc2c(Oc3ccccc3OCCC(=O)NCC(F)F)cccn2c1,Components-smiles-stereo-oe.smi,<frozen-chemistry-source>,3
478,VPB,resolved,c1ccc(c(c1)OCCC(=O)N2CCOCC2)Oc3cccn4c3cc(c4)C#N,N#Cc1cc2c(Oc3ccccc3OCCC(=O)N3CCOCC3)cccn2c1,Components-smiles-stereo-oe.smi,<frozen-chemistry-source>,3
460,VQ0,resolved,c1cc(c(cc1Cl)OCCN2C=C(C(=O)NC2=O)Cl)Oc3cc(cc(c3)Cl)C#N,N#Cc1cc(Cl)cc(Oc2ccc(Cl)cc2OCCn2cc(Cl)c(=O)[nH]c2=O)c1,Components-smiles-stereo-oe.smi,<frozen-chemistry-source>,3
461,VQK,resolved,C=CC(=O)Nc1cccc(c1)CCOc2cc(ccc2Oc3cc(cc(c3)Cl)C#N)Cl,C=CC(=O)Nc1cccc(CCOc2cc(Cl)ccc2Oc2cc(Cl)cc(C#N)c2)c1,Components-smiles-stereo-oe.smi,<frozen-chemistry-source>,3
2759,VQN,resolved,CC(C)C[C@H](C(=O)N[C@@H](C[C@H]1CCNC1=O)/C=C\C(=O)N2CCN(CC2)CC3CCN(CC3)c4cc5c(cc4F)C(=O)N(C5=O)[C@@H]6CCC(=O)NC6=O)NC(=O)OCc7ccccc7,CC(C)C[C@@H](NC(=O)OCc1ccccc1)C(=O)N[C@H](/C=C\C(=O)N1CCN(CC2CCN(c3cc4c(cc3F)C(=O)N([C@@H]3CCC(=O)NC3=O)C4=O)CC2)CC1)C[C@H]1CCNC1=O,Components-smiles-stereo-oe.smi,<frozen-chemistry-source>,1
2758,VQR,resolved,CC(C)C[C@@H](C(=O)N[C@@H](CCC(=O)OC)C[C@@H]1CCNC1=O)NC(=O)OCc2ccccc2,COC(=O)CC[C@@H](C[C@@H]1CCNC1=O)NC(=O)[C@H](CC(C)C)NC(=O)OCc1ccccc1,Components-smiles-stereo-oe.smi,<frozen-chemistry-source>,1
2414,VQV,resolved,C1=CN(C(=O)NC1=O)[C@H]2[C@H]([C@@H]([C@@H](O2)COP(=O)(O)O)OP(=O)(O)O)O,O=c1ccn([C@@H]2O[C@@H](COP(=O)(O)O)[C@@H](OP(=O)(O)O)[C@@H]2O)c(=O)[nH]1,Components-smiles-stereo-oe.smi,<frozen-chemistry-source>,5
2934,VR4,resolved,CC(C)C[C@@H](C(=O)N[C@@H](C[C@@H]1CCNC1=O)[C@H](C(=O)NCc2ccccc2)O)NC(=O)OCc3ccccc3,CC(C)C[C@H](NC(=O)OCc1ccccc1)C(=O)N[C@@H](C[C@@H]1CCNC1=O)[C@@H](O)C(=O)NCc1ccccc1,Components-smiles-stereo-oe.smi,<frozen-chemistry-source>,4
469,VR9,resolved,CCC(=O)N(C)CCOc1cc(ccc1Oc2cccn3c2cc(c3)C#N)Cl,CCC(=O)N(C)CCOc1cc(Cl)ccc1Oc1cccn2cc(C#N)cc12,Components-smiles-stereo-oe.smi,<frozen-chemistry-source>,3
470,VRF,resolved,CN(CCOc1ccccc1Oc2cccc3c2ccc(c3)C#N)C(=O)C=C,C=CC(=O)N(C)CCOc1ccccc1Oc1cccc2cc(C#N)ccc12,Components-smiles-stereo-oe.smi,<frozen-chemistry-source>,3
471,VRQ,resolved,CN(CCOc1cc(ccc1Oc2cccc3c2ccc(c3)C#N)Cl)C(=O)C=C,C=CC(=O)N(C)CCOc1cc(Cl)ccc1Oc1cccc2cc(C#N)ccc12,Components-smiles-stereo-oe.smi,<frozen-chemistry-source>,3
2799,VSN,resolved,c1nc2c(n1[C@H]3[C@@H]([C@@H]([C@H](O3)COP(=O)(O)OP(=S)(O)O)O)O)N=C(NC2=O)N,Nc1nc2c(ncn2[C@@H]2O[C@H](COP(=O)(O)OP(O)(O)=S)[C@@H](O)[C@H]2O)c(=O)[nH]1,Components-smiles-stereo-oe.smi,<frozen-chemistry-source>,1
462,VTN,resolved,C=CC(=O)NCCc1ccc(c(c1)Oc2cc(cc(c2)Cl)C#N)Cl,C=CC(=O)NCCc1ccc(Cl)c(Oc2cc(Cl)cc(C#N)c2)c1,Components-smiles-stereo-oe.smi,<frozen-chemistry-source>,3
464,VTS,resolved,CN(CCOc1ccc(c(c1)Oc2cc(cc(c2)Cl)C#N)Cl)C(=O)C=C,C=CC(=O)N(C)CCOc1ccc(Cl)c(Oc2cc(Cl)cc(C#N)c2)c1,Components-smiles-stereo-oe.smi,<frozen-chemistry-source>,3
465,VTV,resolved,CN(CCc1ccc(c(c1)Oc2cc(cc(c2)Cl)C#N)Cl)C(=O)C=C,C=CC(=O)N(C)CCc1ccc(Cl)c(Oc2cc(Cl)cc(C#N)c2)c1,Components-smiles-stereo-oe.smi,<frozen-chemistry-source>,3
466,VU8,resolved,CN(CCOc1cc(ccc1Oc2cc(cc(c2)Cl)C#N)Cl)C(=O)C=C,C=CC(=O)N(C)CCOc1cc(Cl)ccc1Oc1cc(Cl)cc(C#N)c1,Components-smiles-stereo-oe.smi,<frozen-chemistry-source>,3
1147,VVD,resolved,CC(=O)Nc1ccc(c(c1)C(=O)O)F,CC(=O)Nc1ccc(F)c(C(=O)O)c1,Components-smiles-stereo-oe.smi,<frozen-chemistry-source>,4
467,VVE,resolved,CCC(=O)N1c2ccccc2N(C1=O)CCOc3cc(ccc3Oc4cc(cc(c4)Cl)C#N)Cl,CCC(=O)n1c(=O)n(CCOc2cc(Cl)ccc2Oc2cc(Cl)cc(C#N)c2)c2ccccc21,Components-smiles-stereo-oe.smi,<frozen-chemistry-source>,6
1148,VVG,resolved,CCS(=O)(=O)Nc1ccccc1F,CCS(=O)(=O)Nc1ccccc1F,Components-smiles-stereo-oe.smi,<frozen-chemistry-source>,4
1150,VVJ,resolved,CN(C1CCCCCC1)S(=O)(=O)C,CN(C1CCCCCC1)S(C)(=O)=O,Components-smiles-stereo-oe.smi,<frozen-chemistry-source>,3
1151,VVM,resolved,c1ccc(cc1)NS(=O)(=O)c2ccc(cc2)N,Nc1ccc(S(=O)(=O)Nc2ccccc2)cc1,Components-smiles-stereo-oe.smi,<frozen-chemistry-source>,3
468,VVN,resolved,CCC(=O)N(C)CCOc1ccccc1Oc2cccn3c2cc(c3)C#N,CCC(=O)N(C)CCOc1ccccc1Oc1cccn2cc(C#N)cc12,Components-smiles-stereo-oe.smi,<frozen-chemistry-source>,3
1153,VVP,resolved,COc1cccc2c1cc[nH]2,COc1cccc2[nH]ccc12,Components-smiles-stereo-oe.smi,<frozen-chemistry-source>,3
1152,VVY,resolved,c1ccc(cc1)OCC(=O)N2CCCC2,O=C(COc1ccccc1)N1CCCC1,Components-smiles-stereo-oe.smi,<frozen-chemistry-source>,3
1155,VW1,resolved,C[C@@H](C(=O)N)Oc1ccc(cc1)C#N,C[C@H](Oc1ccc(C#N)cc1)C(N)=O,Components-smiles-stereo-oe.smi,<frozen-chemistry-source>,3
472,VW2,resolved,CCC(=O)N(C)CCOc1ccccc1Oc2cc(cn3c2cc(c3)C#N)Cl,CCC(=O)N(C)CCOc1ccccc1Oc1cc(Cl)cn2cc(C#N)cc12,Components-smiles-stereo-oe.smi,<frozen-chemistry-source>,3
1158,VW4,resolved,C[C@H](CS(=O)(=O)N)c1ccccc1,C[C@H](CS(N)(=O)=O)c1ccccc1,Components-smiles-stereo-oe.smi,<frozen-chemistry-source>,3
1161,VW7,resolved,Cc1ccc(c2c1NCCC2)NC(=O)C,CC(=O)Nc1ccc(C)c2c1CCCN2,Components-smiles-stereo-oe.smi,<frozen-chemistry-source>,3
1164,VWA,resolved,C[C@@H](c1ccc(cc1)F)NC,CN[C@@H](C)c1ccc(F)cc1,Components-smiles-stereo-oe.smi,<frozen-chemistry-source>,3
474,VWB,resolved,c1ccc(c(c1)OCCC(=O)N2CCCC2)Oc3cccc4c3ccc(c4)C#N,N#Cc1ccc2c(Oc3ccccc3OCCC(=O)N3CCCC3)cccc2c1,Components-smiles-stereo-oe.smi,<frozen-chemistry-source>,3
1166,VWD,resolved,CS(=O)(=O)C[C@@H](c1ccccc1)O,CS(=O)(=O)C[C@H](O)c1ccccc1,Components-smiles-stereo-oe.smi,<frozen-chemistry-source>,3
1167,VWG,resolved,c1ccc2c(c1)ccc(n2)C(=O)NO,O=C(NO)c1ccc2ccccc2n1,Components-smiles-stereo-oe.smi,<frozen-chemistry-source>,5
1170,VWJ,resolved,CC(C)Nc1[nH]c2ccccc2n1,CC(C)Nc1nc2ccccc2[nH]1,Components-smiles-stereo-oe.smi,<frozen-chemistry-source>,5
473,VWK,resolved,CN(C)C(=O)CCOc1ccccc1Oc2cccc3c2ccc(c3)C#N,CN(C)C(=O)CCOc1ccccc1Oc1cccc2cc(C#N)ccc12,Components-smiles-stereo-oe.smi,<frozen-chemistry-source>,3
1173,VWM,resolved,CC(=O)N1CCC[C@@](C1)(C(=O)O)O,CC(=O)N1CCC[C@](O)(C(=O)O)C1,Components-smiles-stereo-oe.smi,<frozen-chemistry-source>,3
463,VWU,resolved,c1cc(c(cc1CCNC(=O)CCl)Oc2cc(cc(c2)Cl)C#N)Cl,N#Cc1cc(Cl)cc(Oc2cc(CCNC(=O)CCl)ccc2Cl)c1,Components-smiles-stereo-oe.smi,<frozen-chemistry-source>,3
1185,VWV,resolved,CCOC(=O)CN1CCS(=O)(=O)CC1,CCOC(=O)CN1CCS(=O)(=O)CC1,Components-smiles-stereo-oe.smi,<frozen-chemistry-source>,5
1187,VWY,resolved,CCNC(=O)c1ccc(cc1)NS(=O)(=O)C,CCNC(=O)c1ccc(NS(C)(=O)=O)cc1,Components-smiles-stereo-oe.smi,<frozen-chemistry-source>,4
1191,VX4,resolved,C[C@H]1CCCN(CC1)C(=O)c2cscn2,C[C@H]1CCCN(C(=O)c2cscn2)CC1,Components-smiles-stereo-oe.smi,<frozen-chemistry-source>,3
1195,VXD,resolved,Cc1c(cccc1Cl)NC(=O)CN,Cc1c(Cl)cccc1NC(=O)CN,Components-smiles-stereo-oe.smi,<frozen-chemistry-source>,5
1196,VXG,resolved,CC(=O)N1C[C@H]([C@@H](C1)C(=O)O)c2ccccc2,CC(=O)N1C[C@@H](C(=O)O)[C@H](c2ccccc2)C1,Components-smiles-stereo-oe.smi,<frozen-chemistry-source>,3
931,VXL,resolved,CC(C)CN(C[C@H]([C@H](Cc1ccccc1)NC(=O)O[C@H]2CO[C@@H]3[C@H]2[C@H](CO3)OCC(=O)NC)O)S(=O)(=O)c4ccc(cc4)OC,CNC(=O)CO[C@H]1CO[C@@H]2OC[C@H](OC(=O)N[C@@H](Cc3ccccc3)[C@H](O)CN(CC(C)C)S(=O)(=O)c3ccc(OC)cc3)[C@@H]21,Components-smiles-stereo-oe.smi,<frozen-chemistry-source>,3
697,VXO,resolved,CC(C)C[C@@H](Cc1ccc2c(c1C(=O)O)OCO2)CNC(=O)Cc3c[nH]c4c3cccc4,CC(C)C[C@H](CNC(=O)Cc1c[nH]c2ccccc12)Cc1ccc2c(c1C(=O)O)OCO2,Components-smiles-stereo-oe.smi,<frozen-chemistry-source>,4
2305,VXQ,resolved,c1cc2c(cc1CN)CCO2,NCc1ccc2c(c1)CCO2,Components-smiles-stereo-oe.smi,<frozen-chemistry-source>,3
1440,VZM,resolved,COc1ccc(cn1)NC(=O)Nc2cccs2,COc1ccc(NC(=O)Nc2cccs2)cn1,Components-smiles-stereo-oe.smi,<frozen-chemistry-source>,3
1442,VZP,resolved,CC(C)NC(=O)N(C)[C@@H]1CCS(=O)(=O)C1,CC(C)NC(=O)N(C)[C@@H]1CCS(=O)(=O)C1,Components-smiles-stereo-oe.smi,<frozen-chemistry-source>,3
1443,VZS,resolved,Cc1ccc(c(c1)NC(=O)Nn2cnnc2)OC,COc1ccc(C)cc1NC(=O)Nn1cnnc1,Components-smiles-stereo-oe.smi,<frozen-chemistry-source>,6
1444,VZY,resolved,Cc1cccc(c1)C(=O)NCC(=O)O,Cc1cccc(C(=O)NCC(=O)O)c1,Components-smiles-stereo-oe.smi,<frozen-chemistry-source>,3
1447,W04,resolved,Cc1ccnc(c1)NC(=O)CNC,CNCC(=O)Nc1cc(C)ccn1,Components-smiles-stereo-oe.smi,<frozen-chemistry-source>,3
2764,W08,resolved,CN1CCC(CC1)NC(=O)[C@@H]2[C@H]([C@H]([C@@H](O2)n3cnc4c3ncnc4N)O)O,CN1CCC(NC(=O)[C@H]2O[C@@H](n3cnc4c(N)ncnc43)[C@H](O)[C@@H]2O)CC1,Components-smiles-stereo-oe.smi,<frozen-chemistry-source>,1
1448,W0A,resolved,CCCC(=O)NCc1[nH]c2ccccc2n1,CCCC(=O)NCc1nc2ccccc2[nH]1,Components-smiles-stereo-oe.smi,<frozen-chemistry-source>,3
1451,W0D,resolved,c1ccc2c(c1)[nH]c(n2)CNC(=O)c3ccco3,O=C(NCc1nc2ccccc2[nH]1)c1ccco1,Components-smiles-stereo-oe.smi,<frozen-chemistry-source>,3
1452,W0G,resolved,CN[C@@H]1CCN(C1=O)c2ccccc2F,CN[C@@H]1CCN(c2ccccc2F)C1=O,Components-smiles-stereo-oe.smi,<frozen-chemistry-source>,5
1454,W0J,resolved,CN[C@@H]1CCCN(C1)c2cccnn2,CN[C@@H]1CCCN(c2cccnn2)C1,Components-smiles-stereo-oe.smi,<frozen-chemistry-source>,3
1455,W0M,resolved,C[C@H](C(=O)N)Oc1ccc(cc1)Cl,C[C@@H](Oc1ccc(Cl)cc1)C(N)=O,Components-smiles-stereo-oe.smi,<frozen-chemistry-source>,3
1456,W0P,resolved,C[C@H](C(=O)O)Oc1ccccc1F,C[C@@H](Oc1ccccc1F)C(=O)O,Components-smiles-stereo-oe.smi,<frozen-chemistry-source>,3
1457,W0S,resolved,COc1cc(cc(c1OC)OC)CN,COc1cc(CN)cc(OC)c1OC,Components-smiles-stereo-oe.smi,<frozen-chemistry-source>,3
1458,W0V,resolved,CC(C)C(=O)NCc1[nH]c2ccccc2n1,CC(C)C(=O)NCc1nc2ccccc2[nH]1,Components-smiles-stereo-oe.smi,<frozen-chemistry-source>,3
1464,W0Y,resolved,CNC(=O)c1ccc(cc1)S(=O)(=O)N,CNC(=O)c1ccc(S(N)(=O)=O)cc1,Components-smiles-stereo-oe.smi,<frozen-chemistry-source>,3
430,W15,resolved,c1cc(c(c(c1)Cl)CCN)F,NCCc1c(F)cccc1Cl,Components-smiles-stereo-oe.smi,<frozen-chemistry-source>,3
1465,W17,resolved,c1c(cn(n1)CCO)C(=O)N,NC(=O)c1cnn(CCO)c1,Components-smiles-stereo-oe.smi,<frozen-chemistry-source>,3
1466,W1A,resolved,CS(=O)(=O)NCC1CCNCC1,CS(=O)(=O)NCC1CCNCC1,Components-smiles-stereo-oe.smi,<frozen-chemistry-source>,3
1467,W1D,resolved,CC(=O)c1ccc(cc1)OCC(=O)O,CC(=O)c1ccc(OCC(=O)O)cc1,Components-smiles-stereo-oe.smi,<frozen-chemistry-source>,3
1470,W1J,resolved,CCCn1nc(nn1)NC(=O)c2ccco2,CCCn1nnc(NC(=O)c2ccco2)n1,Components-smiles-stereo-oe.smi,<frozen-chemistry-source>,3
1472,W1M,resolved,Cn1ccc(n1)C(=O)Nc2cccc(c2)C(=O)O,Cn1ccc(C(=O)Nc2cccc(C(=O)O)c2)n1,Components-smiles-stereo-oe.smi,<frozen-chemistry-source>,3
1473,W1P,resolved,CC1=NN(C(=O)C1)c2ccccc2,CC1=NN(c2ccccc2)C(=O)C1,Components-smiles-stereo-oe.smi,<frozen-chemistry-source>,3
1474,W1S,resolved,c1cn2c(n1)[C@H](CCC2)C(=O)N,NC(=O)[C@H]1CCCn2ccnc21,Components-smiles-stereo-oe.smi,<frozen-chemistry-source>,3
1477,W1V,resolved,Cc1c(c(n(n1)C)C)CC(=O)N,Cc1nn(C)c(C)c1CC(N)=O,Components-smiles-stereo-oe.smi,<frozen-chemistry-source>,3
1478,W1Y,resolved,CNCc1cnn(c1)c2ccccc2,CNCc1cnn(-c2ccccc2)c1,Components-smiles-stereo-oe.smi,<frozen-chemistry-source>,3
1479,W21,resolved,C[C@@H](C(=O)O)NC(=O)C1CCCC1,C[C@H](NC(=O)C1CCCC1)C(=O)O,Components-smiles-stereo-oe.smi,<frozen-chemistry-source>,3
1481,W24,resolved,C[C@H]1[C@H](CCCN1S(=O)(=O)C)C(=O)NC,CNC(=O)[C@H]1CCCN(S(C)(=O)=O)[C@H]1C,Components-smiles-stereo-oe.smi,<frozen-chemistry-source>,3
1482,W27,resolved,CC(=O)N1[C@@H]2CC[C@H]1c3cccnc3C2,CC(=O)N1[C@@H]2CC[C@H]1c1cccnc1C2,Components-smiles-stereo-oe.smi,<frozen-chemistry-source>,3
2819,W28,resolved,CC(C)C[C@@H](C(=O)N[C@@H](C[C@@H]1CCNC1=O)CO)NC(=O)c2cc3ccccc3[nH]2,CC(C)C[C@H](NC(=O)c1cc2ccccc2[nH]1)C(=O)N[C@H](CO)C[C@@H]1CCNC1=O,Components-smiles-stereo-oe.smi,<frozen-chemistry-source>,1
1480,W2A,resolved,C[C@@H]1[C@@H](CCCN1S(=O)(=O)C)C#N,C[C@@H]1[C@H](C#N)CCCN1S(C)(=O)=O,Components-smiles-stereo-oe.smi,<frozen-chemistry-source>,5
1483,W2G,resolved,c1cscc1[C@H]2CCC[C@H]2C(=O)O,O=C(O)[C@@H]1CCC[C@@H]1c1ccsc1,Components-smiles-stereo-oe.smi,<frozen-chemistry-source>,4
1484,W2J,resolved,C[C@@H]1C[C@H](CNC1)CO,C[C@H]1CNC[C@H](CO)C1,Components-smiles-stereo-oe.smi,<frozen-chemistry-source>,3
1485,W2M,resolved,c1ccc2c(c1)C[C@]3(CCCN3)C(=O)N2,O=C1Nc2ccccc2C[C@]12CCCN2,Components-smiles-stereo-oe.smi,<frozen-chemistry-source>,3
425,W2Q,resolved,Cc1ccc(c(c1[C@@H](C(=O)O)OC2CC2)c3ccc4c(c3)CCCO4)C5CC5,Cc1ccc(C2CC2)c(-c2ccc3c(c2)CCCO3)c1[C@H](OC1CC1)C(=O)O,Components-smiles-stereo-oe.smi,<frozen-chemistry-source>,4
1486,W2S,resolved,Cc1ccccc1[C@@H]2COC[C@@H]2C(=O)O,Cc1ccccc1[C@@H]1COC[C@@H]1C(=O)O,Components-smiles-stereo-oe.smi,<frozen-chemistry-source>,3
1487,W2V,resolved,COc1cccc(c1)[C@H]2CCOC[C@H]2C(=O)O,COc1cccc([C@H]2CCOC[C@H]2C(=O)O)c1,Components-smiles-stereo-oe.smi,<frozen-chemistry-source>,3
1488,W2Y,resolved,C[C@H]1[C@H](CCCN1S(=O)(=O)C)C(=O)N,C[C@H]1[C@@H](C(N)=O)CCCN1S(C)(=O)=O,Components-smiles-stereo-oe.smi,<frozen-chemistry-source>,3
1489,W34,resolved,COc1cccc(c1)[C@@H]2CCOC[C@@H]2N,COc1cccc([C@@H]2CCOC[C@@H]2N)c1,Components-smiles-stereo-oe.smi,<frozen-chemistry-source>,3
1494,W3A,resolved,c1c(cn(n1)CC(=O)O)Br,O=C(O)Cn1cc(Br)cn1,Components-smiles-stereo-oe.smi,<frozen-chemistry-source>,3
1495,W3D,resolved,C1=CN(C(=O)C=C1Br)CC(=O)O,O=C(O)Cn1ccc(Br)cc1=O,Components-smiles-stereo-oe.smi,<frozen-chemistry-source>,3
1501,W3G,resolved,C1=CC(=O)NN=C1,O=c1cccn[nH]1,Components-smiles-stereo-oe.smi,<frozen-chemistry-source>,6
1502,W3J,resolved,C1CNC(=NC1)N,NC1=NCCCN1,Components-smiles-stereo-oe.smi,<frozen-chemistry-source>,7
1505,W3M,resolved,c1c([nH]cn1)C#N,N#Cc1cnc[nH]1,Components-smiles-stereo-oe.smi,<frozen-chemistry-source>,5
1506,W3P,resolved,c1cc2cccnc2nc1,c1cnc2ncccc2c1,Components-smiles-stereo-oe.smi,<frozen-chemistry-source>,3
1507,W3S,resolved,c1ccn2c(c1)nnc2N,Nc1nnc2ccccn12,Components-smiles-stereo-oe.smi,<frozen-chemistry-source>,3
1508,W3V,resolved,C1CN(CCC1C(=O)O)C(=O)N,NC(=O)N1CCC(C(=O)O)CC1,Components-smiles-stereo-oe.smi,<frozen-chemistry-source>,3
1509,W3Y,resolved,C[C@H]1C(=O)NC(=O)N1c2ccc(cc2)Cl,C[C@H]1C(=O)NC(=O)N1c1ccc(Cl)cc1,Components-smiles-stereo-oe.smi,<frozen-chemistry-source>,3
1510,W41,resolved,c1cc(nn2c1nnn2)Cl,Clc1ccc2nnnn2n1,Components-smiles-stereo-oe.smi,<frozen-chemistry-source>,3
1511,W44,resolved,Cn1c2ccccc2c3c1[C@H]4C[C@@H](C3)NC[C@@H]4O,Cn1c2c(c3ccccc31)C[C@@H]1C[C@H]2[C@@H](O)CN1,Components-smiles-stereo-oe.smi,<frozen-chemistry-source>,3
2598,W48,resolved,c1cc(cc(c1)Cl)COC(=O)N[C@@H](CC2CCCCC2)C(=O)N[C@@H](C[C@@H]3C=CNC3=O)[C@H](O)S(=O)(=O)O,O=C(N[C@@H](CC1CCCCC1)C(=O)N[C@@H](C[C@@H]1C=CNC1=O)[C@H](O)S(=O)(=O)O)OCc1cccc(Cl)c1,Components-smiles-stereo-oe.smi,<frozen-chemistry-source>,1
1300,W4S,resolved,Cn1ccc2c1ncnc2N,Cn1ccc2c(N)ncnc21,Components-smiles-stereo-oe.smi,<frozen-chemistry-source>,3
1299,W4V,resolved,c1nc2nc3c(c(n2n1)N)CCC3,Nc1c2c(nc3ncnn13)CCC2,Components-smiles-stereo-oe.smi,<frozen-chemistry-source>,3
1297,W4Y,resolved,CC(C)OCCN1c2cc[nH]c2C(=O)NC1=S,CC(C)OCCn1c(=S)[nH]c(=O)c2[nH]ccc21,Components-smiles-stereo-oe.smi,<frozen-chemistry-source>,3
1310,W51,resolved,c1nc(c(c(n1)N2CC3CCC2CC3)Cl)N,Nc1ncnc(N2CC3CCC2CC3)c1Cl,Components-smiles-stereo-oe.smi,<frozen-chemistry-source>,3
1309,W57,resolved,COc1cc(on1)Cn2cnc(c-3ncnc23)N,COc1cc(Cn2cnc(N)c3ncnc2-3)on1,Components-smiles-stereo-oe.smi,<frozen-chemistry-source>,3
1308,W5A,resolved,Cc1nc(cs1)Cn2cnc(c-3ncnc23)N,Cc1nc(Cn2cnc(N)c3ncnc2-3)cs1,Components-smiles-stereo-oe.smi,<frozen-chemistry-source>,3
1307,W5D,resolved,c1c[nH]c2c1c(ncn2)N3CCCCCOCC3,c1nc(N2CCCCCOCC2)c2cc[nH]c2n1,Components-smiles-stereo-oe.smi,<frozen-chemistry-source>,3
1306,W5G,resolved,c1c[nH]c2c1c(ncn2)N3CCCC4(C3)CC4,c1nc(N2CCCC3(CC3)C2)c2cc[nH]c2n1,Components-smiles-stereo-oe.smi,<frozen-chemistry-source>,3
1305,W5J,resolved,CN(CCC(=O)O)c1c2cc[nH]c2ncn1,CN(CCC(=O)O)c1ncnc2[nH]ccc12,Components-smiles-stereo-oe.smi,<frozen-chemistry-source>,3
1304,W5M,resolved,Cn1cnc2c1nc(nc2N)N,Cn1cnc2c(N)nc(N)nc21,Components-smiles-stereo-oe.smi,<frozen-chemistry-source>,3
1303,W5P,resolved,c1c[nH]c2c1c(ncn2)N3CCC[C@H](C3)F,F[C@@H]1CCCN(c2ncnc3[nH]ccc23)C1,Components-smiles-stereo-oe.smi,<frozen-chemistry-source>,3
1301,W5S,resolved,Cc1c(n(c2c1c(ncn2)N)Cc3ccco3)C,Cc1c(C)n(Cc2ccco2)c2ncnc(N)c12,Components-smiles-stereo-oe.smi,<frozen-chemistry-source>,3
1378,W6A,resolved,c1cc2c(cc([nH]2)C(=O)O)c(c1)Cl,O=C(O)c1cc2c(Cl)cccc2[nH]1,Components-smiles-stereo-oe.smi,<frozen-chemistry-source>,3
1380,W6D,resolved,c1cc(c2cc[nH]c2c1)C(=O)N,NC(=O)c1cccc2[nH]ccc12,Components-smiles-stereo-oe.smi,<frozen-chemistry-source>,3
1383,W6G,resolved,c1ccc(cc1)S(=O)(=O)Nc2nncs2,O=S(=O)(Nc1nncs1)c1ccccc1,Components-smiles-stereo-oe.smi,<frozen-chemistry-source>,3
1384,W6J,resolved,c1ccnc(c1)N2CCCNCC2,c1ccc(N2CCCNCC2)nc1,Components-smiles-stereo-oe.smi,<frozen-chemistry-source>,3
1385,W6M,resolved,Cc1nc(on1)CNC(=O)c2cccc(c2)C(=O)O,Cc1noc(CNC(=O)c2cccc(C(=O)O)c2)n1,Components-smiles-stereo-oe.smi,<frozen-chemistry-source>,3
1386,W6P,resolved,c1ccc2c(c1)CC(=O)N2,O=C1Cc2ccccc2N1,Components-smiles-stereo-oe.smi,<frozen-chemistry-source>,3
1388,W6S,resolved,c1c[nH]nc1C2CCNCC2,c1cc(C2CCNCC2)n[nH]1,Components-smiles-stereo-oe.smi,<frozen-chemistry-source>,3
1389,W6V,resolved,c1ccc(cc1)C(=O)Nc2nccs2,O=C(Nc1nccs1)c1ccccc1,Components-smiles-stereo-oe.smi,<frozen-chemistry-source>,3
1391,W7S,resolved,c1ccc(cc1)CNC(=O)c2cnccn2,O=C(NCc1ccccc1)c1cnccn1,Components-smiles-stereo-oe.smi,<frozen-chemistry-source>,3
1401,W7V,resolved,CN(c1c[nH]nc1)C(=O)C23CCC[C@@H]2C3,CN(C(=O)C12CCC[C@@H]1C2)c1cn[nH]c1,Components-smiles-stereo-oe.smi,<frozen-chemistry-source>,3
1402,W7Y,resolved,c1c[nH]c2c1c(ncn2)N3CCC[C@@H]3C4CCC4,c1nc(N2CCC[C@@H]2C2CCC2)c2cc[nH]c2n1,Components-smiles-stereo-oe.smi,<frozen-chemistry-source>,3
1403,W8A,resolved,C[C@@H](C(=O)N1CCNC1=O)SCC(=O)O,C[C@H](SCC(=O)O)C(=O)N1CCNC1=O,Components-smiles-stereo-oe.smi,<frozen-chemistry-source>,3
1404,W8D,resolved,c1nc-2c(ncn(c2n1)C[C@H]3CCCO3)N,Nc1ncn(C[C@H]2CCCO2)c2ncnc1-2,Components-smiles-stereo-oe.smi,<frozen-chemistry-source>,3
1405,W8J,resolved,c1nc-2c(ncn(c2n1)CCC[C@H]3CCOC3)N,Nc1ncn(CCC[C@H]2CCOC2)c2ncnc1-2,Components-smiles-stereo-oe.smi,<frozen-chemistry-source>,4
1415,WB1,resolved,Cc1ccc2c(c1)[nH]cc2C(=O)O,Cc1ccc2c(C(=O)O)c[nH]c2c1,Components-smiles-stereo-oe.smi,<frozen-chemistry-source>,3
420,WBV,resolved,Cc1c(n(c2c1c(c(c(n2)C)[C@@H](C(=O)O)OC(C)(C)C)c3ccc(cc3)Cl)Cc4cnn(c4)C)C,Cc1nc2c(c(C)c(C)n2Cc2cnn(C)c2)c(-c2ccc(Cl)cc2)c1[C@H](OC(C)(C)C)C(=O)O,Components-smiles-stereo-oe.smi,<frozen-chemistry-source>,10
2698,WEL,resolved,CC(C)C[C@@H](C(=O)N[C@@H](C[C@@H]1CCNC1=O)[C@@H](O)S(=O)(=O)O)NC(=O)OCC(C)(C)Sc2[nH]c3ccccc3n2,CC(C)C[C@H](NC(=O)OCC(C)(C)Sc1nc2ccccc2[nH]1)C(=O)N[C@@H](C[C@@H]1CCNC1=O)[C@@H](O)S(=O)(=O)O,Components-smiles-stereo-oe.smi,<frozen-chemistry-source>,1
2699,WEQ,resolved,CC(C)C[C@@H](C(=O)N[C@@H](C[C@@H]1CCNC1=O)[C@H](O)S(=O)(=O)O)NC(=O)OCC(C)(C)Sc2[nH]c3ccccc3n2,CC(C)C[C@H](NC(=O)OCC(C)(C)Sc1nc2ccccc2[nH]1)C(=O)N[C@@H](C[C@@H]1CCNC1=O)[C@H](O)S(=O)(=O)O,Components-smiles-stereo-oe.smi,<frozen-chemistry-source>,1
2700,WF5,resolved,CC(C)C[C@@H](C(=O)N[C@@H](C[C@@H]1CCNC1=O)[C@@H](O)S(=O)(=O)O)NC(=O)OCC(C)(C)Oc2ccc(cc2)Cl,CC(C)C[C@H](NC(=O)OCC(C)(C)Oc1ccc(Cl)cc1)C(=O)N[C@@H](C[C@@H]1CCNC1=O)[C@@H](O)S(=O)(=O)O,Components-smiles-stereo-oe.smi,<frozen-chemistry-source>,1
2800,WGE,resolved,c1ccc(cc1)COC(=O)N2CC3(CCCC3)C[C@H]2C(=O)N[C@@H](C[C@@H]4CCNC4=O)CO,O=C1NCC[C@H]1C[C@@H](CO)NC(=O)[C@@H]1CC2(CCCC2)CN1C(=O)OCc1ccccc1,Components-smiles-stereo-oe.smi,<frozen-chemistry-source>,1
2801,WGI,resolved,c1ccc(cc1)COC(=O)N2CC3(CCCCC3)C[C@H]2C(=O)N[C@@H](C[C@@H]4CCNC4=O)CO,O=C1NCC[C@H]1C[C@@H](CO)NC(=O)[C@@H]1CC2(CCCCC2)CN1C(=O)OCc1ccccc1,Components-smiles-stereo-oe.smi,<frozen-chemistry-source>,1
2701,WGO,resolved,CC(C)C[C@@H](C(=O)N[C@@H](C[C@@H]1CCNC1=O)[C@H](O)S(=O)(=O)O)NC(=O)OCC(C)(C)Oc2ccc(cc2)F,CC(C)C[C@H](NC(=O)OCC(C)(C)Oc1ccc(F)cc1)C(=O)N[C@@H](C[C@@H]1CCNC1=O)[C@H](O)S(=O)(=O)O,Components-smiles-stereo-oe.smi,<frozen-chemistry-source>,1
2702,WGU,resolved,CC(C)C[C@@H](C(=O)N[C@@H](C[C@@H]1CCNC1=O)[C@@H](O)S(=O)(=O)O)NC(=O)OCC(C)(C)Oc2ccc(cc2)F,CC(C)C[C@H](NC(=O)OCC(C)(C)Oc1ccc(F)cc1)C(=O)N[C@@H](C[C@@H]1CCNC1=O)[C@@H](O)S(=O)(=O)O,Components-smiles-stereo-oe.smi,<frozen-chemistry-source>,1
1561,WH1,resolved,CN(CCc1ccccn1)C(=O)c2ccccc2,CN(CCc1ccccn1)C(=O)c1ccccc1,Components-smiles-stereo-oe.smi,<frozen-chemistry-source>,3
119,WHU,resolved,c1cc(c(c(c1CNC(=O)c2c(nc([nH]2)N)Cl)F)Oc3cc(cc(c3)Cl)C#N)Br,N#Cc1cc(Cl)cc(Oc2c(Br)ccc(CNC(=O)c3[nH]c(N)nc3Cl)c2F)c1,Components-smiles-stereo-oe.smi,<frozen-chemistry-source>,5
2703,WIO,resolved,CC(C)C[C@@H](C(=O)N[C@@H](C[C@@H]1CCNC1=O)[C@H](O)S(=O)(=O)O)NC(=O)OCC(C)(C)Oc2cccc(c2)F,CC(C)C[C@H](NC(=O)OCC(C)(C)Oc1cccc(F)c1)C(=O)N[C@@H](C[C@@H]1CCNC1=O)[C@H](O)S(=O)(=O)O,Components-smiles-stereo-oe.smi,<frozen-chemistry-source>,1
2704,WIX,resolved,CC(C)C[C@@H](C(=O)N[C@@H](C[C@@H]1CCNC1=O)[C@@H](O)S(=O)(=O)O)NC(=O)OC[C@@](C)(c2cccc(c2)Cl)O,CC(C)C[C@H](NC(=O)OC[C@](C)(O)c1cccc(Cl)c1)C(=O)N[C@@H](C[C@@H]1CCNC1=O)[C@@H](O)S(=O)(=O)O,Components-smiles-stereo-oe.smi,<frozen-chemistry-source>,1
2705,WJ0,resolved,CC(C)C[C@@H](C(=O)N[C@@H](C[C@@H]1CC=NC1=O)[C@H](O)S(=O)(=O)O)NC(=O)OC[C@](C)(c2cccc(c2)Cl)O,CC(C)C[C@H](NC(=O)OC[C@@](C)(O)c1cccc(Cl)c1)C(=O)N[C@@H](C[C@@H]1CC=NC1=O)[C@H](O)S(=O)(=O)O,Components-smiles-stereo-oe.smi,<frozen-chemistry-source>,1
2692,WJB,resolved,CC(C)C[C@@H](C(=O)N[C@@H](C[C@@H]1CCNC1=O)[C@H](O)S(=O)(=O)O)NC(=O)OCC(C)(C)S(=O)(=O)c2ccccc2,CC(C)C[C@H](NC(=O)OCC(C)(C)S(=O)(=O)c1ccccc1)C(=O)N[C@@H](C[C@@H]1CCNC1=O)[C@H](O)S(=O)(=O)O,Components-smiles-stereo-oe.smi,<frozen-chemistry-source>,1
1524,WJD,resolved,COCC(=O)Nc1ccccc1,COCC(=O)Nc1ccccc1,Components-smiles-stereo-oe.smi,<frozen-chemistry-source>,3
1568,WKA,resolved,CC(=O)Nc1cccc2c1non2,CC(=O)Nc1cccc2nonc12,Components-smiles-stereo-oe.smi,<frozen-chemistry-source>,3
1571,WKS,resolved,Cc1cc(nc(n1)C)N2CCNCC2,Cc1cc(N2CCNCC2)nc(C)n1,Components-smiles-stereo-oe.smi,<frozen-chemistry-source>,3
1521,WL7,resolved,CN(CCO)S(=O)(=O)c1ccc(cc1)N,CN(CCO)S(=O)(=O)c1ccc(N)cc1,Components-smiles-stereo-oe.smi,<frozen-chemistry-source>,3
1549,WN1,resolved,COc1cccc(c1)C(=O)Nc2ccccc2F,COc1cccc(C(=O)Nc2ccccc2F)c1,Components-smiles-stereo-oe.smi,<frozen-chemistry-source>,3
2513,WNM,resolved,c1ccc(cc1)S(=O)(=O)N2CC[C@@H](C2)N,N[C@H]1CCN(S(=O)(=O)c2ccccc2)C1,Components-smiles-stereo-oe.smi,<frozen-chemistry-source>,1
1536,WNV,resolved,Cc1cccc(c1C)C(=O)N(C)C,Cc1cccc(C(=O)N(C)C)c1C,Components-smiles-stereo-oe.smi,<frozen-chemistry-source>,3
2994,WOH,resolved,CC(C)C[C@@H](C(=O)NN(CCC(=O)N)C(=O)CCl)NC(=O)OCc1ccccc1,CC(C)C[C@H](NC(=O)OCc1ccccc1)C(=O)NN(CCC(N)=O)C(=O)CCl,Components-smiles-stereo-oe.smi,<frozen-chemistry-source>,1
2820,WOK,resolved,CC1([C@@H]2[C@H]1[C@H](N(C2)C(=O)[C@H](C(C)(C)C)NC(=O)C(F)(F)F)C(=O)N[C@@H](C[C@@H]3CCNC3=O)[C@@H](c4nc5cc(ccc5s4)F)O)C,CC(C)(C)[C@H](NC(=O)C(F)(F)F)C(=O)N1C[C@H]2[C@@H]([C@H]1C(=O)N[C@@H](C[C@@H]1CCNC1=O)[C@H](O)c1nc3cc(F)ccc3s1)C2(C)C,Components-smiles-stereo-oe.smi,<frozen-chemistry-source>,1
671,WOP,resolved,CN(Cc1ccc2c(c1C(=O)O)OCO2)C(=O)N[C@@H](c3ccccc3)C(=O)NCc4ccccc4,CN(Cc1ccc2c(c1C(=O)O)OCO2)C(=O)N[C@H](C(=O)NCc1ccccc1)c1ccccc1,Components-smiles-stereo-oe.smi,<frozen-chemistry-source>,4
1416,WOY,resolved,c1c2c(ncn1)NCC2,c1ncc2c(n1)NCC2,Components-smiles-stereo-oe.smi,<frozen-chemistry-source>,6
1417,WPS,resolved,Cc1c(c([nH]n1)N)C#N,Cc1n[nH]c(N)c1C#N,Components-smiles-stereo-oe.smi,<frozen-chemistry-source>,4
1418,WPV,resolved,c1c(cncc1Br)CN,NCc1cncc(Br)c1,Components-smiles-stereo-oe.smi,<frozen-chemistry-source>,3
1419,WPY,resolved,CC(=O)Nc1nccs1,CC(=O)Nc1nccs1,Components-smiles-stereo-oe.smi,<frozen-chemistry-source>,3
1420,WQ1,resolved,Cc1ccncc1CO,Cc1ccncc1CO,Components-smiles-stereo-oe.smi,<frozen-chemistry-source>,3
1421,WQ4,resolved,Cc1nc(c(o1)N)C#N,Cc1nc(C#N)c(N)o1,Components-smiles-stereo-oe.smi,<frozen-chemistry-source>,3
1422,WQ7,resolved,C1=CC(=O)N(C=C1)CCN,NCCn1ccccc1=O,Components-smiles-stereo-oe.smi,<frozen-chemistry-source>,3
1424,WQA,resolved,c1c2c[nH]nc2ncc1N,Nc1cnc2n[nH]cc2c1,Components-smiles-stereo-oe.smi,<frozen-chemistry-source>,3
1425,WQG,resolved,c1ccc2c(c1)C(=O)NC=N2,O=c1[nH]cnc2ccccc12,Components-smiles-stereo-oe.smi,<frozen-chemistry-source>,3
1426,WQJ,resolved,c1c(cnc2c1COCC2)N,Nc1cnc2c(c1)COCC2,Components-smiles-stereo-oe.smi,<frozen-chemistry-source>,3
1427,WQM,resolved,CNC(=O)C1C=CC(=O)N=C1,CNC(=O)C1C=CC(=O)N=C1,Components-smiles-stereo-oe.smi,<frozen-chemistry-source>,3
2706,WQO,resolved,c1ccc2c(c1)C[C@@H]([C@H]2OC(=O)c3ccc(cc3O)N)C(=O)O,Nc1ccc(C(=O)O[C@H]2c3ccccc3C[C@@H]2C(=O)O)c(O)c1,Components-smiles-stereo-oe.smi,<frozen-chemistry-source>,1
1428,WQV,resolved,CC(=O)NC1=CC(=CNC1=O)Br,CC(=O)Nc1cc(Br)c[nH]c1=O,Components-smiles-stereo-oe.smi,<frozen-chemistry-source>,3
1429,WQY,resolved,c1ccc2c(c1)cc(cn2)CN,NCc1cnc2ccccc2c1,Components-smiles-stereo-oe.smi,<frozen-chemistry-source>,3
1430,WRD,resolved,c1cc2c(c(c1)O)CCC[C@H]2N,N[C@@H]1CCCc2c(O)cccc21,Components-smiles-stereo-oe.smi,<frozen-chemistry-source>,3
1431,WRJ,resolved,c1ccc2c(c1)C=C(CO2)C(=O)N,NC(=O)C1=Cc2ccccc2OC1,Components-smiles-stereo-oe.smi,<frozen-chemistry-source>,3
1432,WRM,resolved,CNC(=O)Cn1cnc2c1cccc2,CNC(=O)Cn1cnc2ccccc21,Components-smiles-stereo-oe.smi,<frozen-chemistry-source>,3
1435,WRV,resolved,Cc1ccc(cc1F)NC(=O)N[C@@H](C)CO,Cc1ccc(NC(=O)N[C@@H](C)CO)cc1F,Components-smiles-stereo-oe.smi,<frozen-chemistry-source>,3
1436,WRY,resolved,Cc1c(cc2ccc(cc2n1)F)C(=O)NC,CNC(=O)c1cc2ccc(F)cc2nc1C,Components-smiles-stereo-oe.smi,<frozen-chemistry-source>,3
1437,WS4,resolved,Cn1cc(cn1)C(=O)Nc2ccc(cc2)O,Cn1cc(C(=O)Nc2ccc(O)cc2)cn1,Components-smiles-stereo-oe.smi,<frozen-chemistry-source>,3
2798,WSB,resolved,C1=CN(C(=O)NC1=O)[C@H]2[C@@H]([C@@H]([C@H](O2)COP(=O)(CP(=O)(O)OP(=O)(O)O)O)O)O,O=c1ccn([C@@H]2O[C@H](COP(=O)(O)CP(=O)(O)OP(=O)(O)O)[C@@H](O)[C@H]2O)c(=O)[nH]1,Components-smiles-stereo-oe.smi,<frozen-chemistry-source>,1
1438,WSG,resolved,CCn1cc(cn1)NC(=O)c2ccc(cc2)F,CCn1cc(NC(=O)c2ccc(F)cc2)cn1,Components-smiles-stereo-oe.smi,<frozen-chemistry-source>,3
1439,WSJ,resolved,CC1=C(C(=O)N(N1C)c2ccccc2)NS(=O)(=O)C,Cc1c(NS(C)(=O)=O)c(=O)n(-c2ccccc2)n1C,Components-smiles-stereo-oe.smi,<frozen-chemistry-source>,3
1434,WSM,resolved,c1ccc2c(c1)N(C(=O)CO2)CCCN,NCCCN1C(=O)COc2ccccc21,Components-smiles-stereo-oe.smi,<frozen-chemistry-source>,3
1469,WSY,resolved,Cc1nc(n(n1)CCC(=O)O)C,Cc1nc(C)n(CCC(=O)O)n1,Components-smiles-stereo-oe.smi,<frozen-chemistry-source>,3
2821,WTE,resolved,CC(C)C[C@@H](C(=O)N[C@@H](C[C@@H]1CCCO1)/C=C\2/CCOC2=O)NC(=O)[C@H](Cc3ccc(cc3)F)NC(=O)OCc4ccccc4,CC(C)C[C@H](NC(=O)[C@H](Cc1ccc(F)cc1)NC(=O)OCc1ccccc1)C(=O)N[C@H](/C=C1/CCOC1=O)C[C@@H]1CCCO1,Components-smiles-stereo-oe.smi,<frozen-chemistry-source>,1
2822,WTV,resolved,CC(C)C[C@@H](C(=O)N[C@H](C[C@@H]1CCOC1=O)C[C@H]2CCCO2)NC(=O)[C@H](Cc3ccc(cc3)F)NC(=O)OCc4ccccc4,CC(C)C[C@H](NC(=O)[C@H](Cc1ccc(F)cc1)NC(=O)OCc1ccccc1)C(=O)N[C@@H](C[C@H]1CCCO1)C[C@@H]1CCOC1=O,Components-smiles-stereo-oe.smi,<frozen-chemistry-source>,1
1512,WUG,resolved,Cc1c([nH]c(n1)C)CN,Cc1nc(C)c(CN)[nH]1,Components-smiles-stereo-oe.smi,<frozen-chemistry-source>,4
1513,WUJ,resolved,c1cc(oc1)CNC(=O)N,NC(=O)NCc1ccco1,Components-smiles-stereo-oe.smi,<frozen-chemistry-source>,4
2707,WUK,resolved,C[C@H](c1cccc2c1cccc2)NC(=O)c3ccccc3CCC(=O)NNC(=O)CCC(=O)OC,COC(=O)CCC(=O)NNC(=O)CCc1ccccc1C(=O)N[C@H](C)c1cccc2ccccc12,Components-smiles-stereo-oe.smi,<frozen-chemistry-source>,1
1514,WUM,resolved,CN(C)Cc1csc(n1)N,CN(C)Cc1csc(N)n1,Components-smiles-stereo-oe.smi,<frozen-chemistry-source>,4
1515,WUS,resolved,Cc1[nH]c2c(n1)C[C@@H](CC2)N,Cc1nc2c([nH]1)CC[C@@H](N)C2,Components-smiles-stereo-oe.smi,<frozen-chemistry-source>,3
1516,WUV,resolved,CC1=CN(C(=O)NC1=O)[C@H]2C[C@@H]([C@H](O2)CS)O,Cc1cn([C@H]2C[C@H](O)[C@@H](CS)O2)c(=O)[nH]c1=O,Components-smiles-stereo-oe.smi,<frozen-chemistry-source>,4
1517,WUY,resolved,c1ccc(cc1)NC(=O)NCCN,NCCNC(=O)Nc1ccccc1,Components-smiles-stereo-oe.smi,<frozen-chemistry-source>,3
1579,WVG,resolved,c1c[nH]c2c1c(ncn2)N3CCC[C@@H](C3)CCC(=O)O,O=C(O)CC[C@H]1CCCN(c2ncnc3[nH]ccc23)C1,Components-smiles-stereo-oe.smi,<frozen-chemistry-source>,3
1583,WVM,resolved,C[C@H](CNc1cc(ncn1)N2C[C@@](C3(C2)CCC3)(C(=O)O)F)O,C[C@@H](O)CNc1cc(N2CC3(CCC3)[C@@](F)(C(=O)O)C2)ncn1,Components-smiles-stereo-oe.smi,<frozen-chemistry-source>,3
448,WVU,resolved,c1ccc(cc1)COC(=O)N2CCNC(=O)C2,O=C1CN(C(=O)OCc2ccccc2)CCN1,Components-smiles-stereo-oe.smi,<frozen-chemistry-source>,3
1584,WVY,resolved,c1cnn(c1)c2ccc(cc2)CC(=O)OC[C@@H]3CCCNC3=O,O=C(Cc1ccc(-n2cccn2)cc1)OC[C@@H]1CCCNC1=O,Components-smiles-stereo-oe.smi,<frozen-chemistry-source>,3
444,WVZ,resolved,c1ccc(cc1)[C@H]2c3ccccc3CC(=O)N2,O=C1Cc2ccccc2[C@H](c2ccccc2)N1,Components-smiles-stereo-oe.smi,<frozen-chemistry-source>,3
1860,WW0,resolved,CCC(CC)NC(=O)c1ccnc2c1nc([nH]2)O,CCC(CC)NC(=O)c1ccnc2[nH]c(O)nc12,Components-smiles-stereo-oe.smi,<frozen-chemistry-source>,4
1585,WW1,resolved,C[C@@H](CSc1nnc2n1nc[nH]2)c3ccccc3,C[C@@H](CSc1nnc2[nH]cnn12)c1ccccc1,Components-smiles-stereo-oe.smi,<frozen-chemistry-source>,3
1586,WW4,resolved,c1c[nH]c2c1c(ncn2)N3CC[C@@H](C3)Cc4nccs4,c1csc(C[C@H]2CCN(c3ncnc4[nH]ccc34)C2)n1,Components-smiles-stereo-oe.smi,<frozen-chemistry-source>,3
1861,WWC,resolved,CC1(CC1)C(=O)NNc2c3c(nc[nH]3)ncn2,CC1(C(=O)NNc2ncnc3nc[nH]c23)CC1,Components-smiles-stereo-oe.smi,<frozen-chemistry-source>,4
1862,WWH,resolved,CC[C@@H](CNc1c2c([nH]cn2)ncn1)NC(=O)CCC3CCCCC3,CC[C@@H](CNc1ncnc2[nH]cnc12)NC(=O)CCC1CCCCC1,Components-smiles-stereo-oe.smi,<frozen-chemistry-source>,5
1588,WWJ,resolved,CCc1c[nH]c2c1c(ncn2)N3CCC[C@@H](C3)Cc4nc(no4)C,CCc1c[nH]c2ncnc(N3CCC[C@H](Cc4nc(C)no4)C3)c12,Components-smiles-stereo-oe.smi,<frozen-chemistry-source>,3
1863,WWN,resolved,CC[C@@H](CNc1c2c(nc[nH]2)ncn1)NC(=O)CC3CCCCC3,CC[C@@H](CNc1ncnc2nc[nH]c12)NC(=O)CC1CCCCC1,Components-smiles-stereo-oe.smi,<frozen-chemistry-source>,3
1589,WWP,resolved,c1cc(cc(c1)C(F)(F)F)Cn2cnc(c-3ncnc23)N,Nc1ncn(Cc2cccc(C(F)(F)F)c2)c2ncnc1-2,Components-smiles-stereo-oe.smi,<frozen-chemistry-source>,3
447,WWR,resolved,c1ccc(cc1)CN2C=CNC2=O,O=c1[nH]ccn1Cc1ccccc1,Components-smiles-stereo-oe.smi,<frozen-chemistry-source>,3
1590,WWS,resolved,c1cc(ncc1Cl)Cn2cnc(c-3ncnc23)N,Nc1ncn(Cc2ccc(Cl)cn2)c2ncnc1-2,Components-smiles-stereo-oe.smi,<frozen-chemistry-source>,3
1864,WWT,resolved,CCCNC(=O)c1ccnc2c1nc([nH]2)O,CCCNC(=O)c1ccnc2[nH]c(O)nc12,Components-smiles-stereo-oe.smi,<frozen-chemistry-source>,3
1591,WX4,resolved,c1c[nH]c2c1c(ncn2)N3CCC[C@H](C3)n4cc(nn4)CO,OCc1cn([C@@H]2CCCN(c3ncnc4[nH]ccc34)C2)nn1,Components-smiles-stereo-oe.smi,<frozen-chemistry-source>,3
1865,WX6,resolved,c1cnc2c(c1C(=O)N3CCCCCC3)nc([nH]2)O,O=C(c1ccnc2[nH]c(O)nc12)N1CCCCCC1,Components-smiles-stereo-oe.smi,<frozen-chemistry-source>,3
1593,WX7,resolved,c1c[nH]c2c1c(ncn2)N3CCC[C@H](C3)C4=NNC(=O)O4,O=c1[nH]nc([C@@H]2CCCN(c3ncnc4[nH]ccc34)C2)o1,Components-smiles-stereo-oe.smi,<frozen-chemistry-source>,3
1596,WXA,resolved,CCc1c[nH]c2c1c(ncn2)N3CCC[C@H](C3)S(=O)(=O)C,CCc1c[nH]c2ncnc(N3CCC[C@@H](S(C)(=O)=O)C3)c12,Components-smiles-stereo-oe.smi,<frozen-chemistry-source>,3
1866,WXB,resolved,c1c(cnc2c1C(=O)NC(=O)N2)C(=O)N3CCCCCC3,O=C(c1cnc2[nH]c(=O)[nH]c(=O)c2c1)N1CCCCCC1,Components-smiles-stereo-oe.smi,<frozen-chemistry-source>,3
1595,WXD,resolved,CCc1c[nH]c2c1c(ncn2)N3CCC[C@@H](C3)S(=O)(=O)C,CCc1c[nH]c2ncnc(N3CCC[C@H](S(C)(=O)=O)C3)c12,Components-smiles-stereo-oe.smi,<frozen-chemistry-source>,3
1867,WXF,resolved,C[C@@H]1CN(CCO1)C(=O)c2ccnc3c2nc([nH]3)O,C[C@@H]1CN(C(=O)c2ccnc3[nH]c(O)nc23)CCO1,Components-smiles-stereo-oe.smi,<frozen-chemistry-source>,3
1597,WXG,resolved,c1[nH]c2c(n1)c(ncn2)SCCN3CCCC3=O,O=C1CCCN1CCSc1ncnc2[nH]cnc12,Components-smiles-stereo-oe.smi,<frozen-chemistry-source>,3
1598,WXJ,resolved,c1cc(ccc1C#N)OCCn2cnc(c-3ncnc23)N,N#Cc1ccc(OCCn2cnc(N)c3ncnc2-3)cc1,Components-smiles-stereo-oe.smi,<frozen-chemistry-source>,3
1868,WXK,resolved,CC1(CC1)NS(=O)(=O)c2cc3c(nc2)NC(=O)NC3=O,CC1(NS(=O)(=O)c2cnc3[nH]c(=O)[nH]c(=O)c3c2)CC1,Components-smiles-stereo-oe.smi,<frozen-chemistry-source>,3
1869,WXO,resolved,c1c(cnc2c1C(=O)NC(=O)N2)S(=O)(=O)N3CCCCCC3,O=c1[nH]c(=O)c2cc(S(=O)(=O)N3CCCCCC3)cnc2[nH]1,Components-smiles-stereo-oe.smi,<frozen-chemistry-source>,3
1599,WXS,resolved,CC1=C(OC(=O)O1)CSc2c3c([nH]cn3)ncn2,Cc1oc(=O)oc1CSc1ncnc2[nH]cnc12,Components-smiles-stereo-oe.smi,<frozen-chemistry-source>,3
1870,WXT,resolved,CC(C)[C@@H](CNC(=O)C1(CCC1)C)Nc2c3c([nH]cn3)ncn2,CC(C)[C@@H](CNC(=O)C1(C)CCC1)Nc1ncnc2[nH]cnc12,Components-smiles-stereo-oe.smi,<frozen-chemistry-source>,3
1871,WXX,resolved,CC[C@H](CNC(=O)CCC1CCCCC1)Nc2c3cn[nH]c3ncn2,CC[C@H](CNC(=O)CCC1CCCCC1)Nc1ncnc2[nH]ncc12,Components-smiles-stereo-oe.smi,<frozen-chemistry-source>,3
1600,WXY,resolved,c1c[nH]c2c1c(ncn2)C(=O)N3CCCC34CCCCC4,O=C(c1ncnc2[nH]ccc12)N1CCCC12CCCCC2,Components-smiles-stereo-oe.smi,<frozen-chemistry-source>,3
1872,WY6,resolved,CC[C@@H](CNc1c2c(nc[nH]2)ncn1)NC(=O)CCc3ccccc3,CC[C@@H](CNc1ncnc2nc[nH]c12)NC(=O)CCc1ccccc1,Components-smiles-stereo-oe.smi,<frozen-chemistry-source>,3
1601,WY7,resolved,c1cc(oc1)c2cc(no2)Cn3cnc(c-4ncnc34)N,Nc1ncn(Cc2cc(-c3ccco3)on2)c2ncnc1-2,Components-smiles-stereo-oe.smi,<frozen-chemistry-source>,3
1602,WYA,resolved,CN(Cc1nnc2n1C=CNC2=O)c3ccc4c(n3)nccn4,CN(Cc1nnc2c(=O)[nH]ccn12)c1ccc2nccnc2n1,Components-smiles-stereo-oe.smi,<frozen-chemistry-source>,3
1603,WYG,resolved,c1c[nH]c2c1c(ncn2)N3CCO[C@@H](C3)CC(=O)O,O=C(O)C[C@@H]1CN(c2ncnc3[nH]ccc23)CCO1,Components-smiles-stereo-oe.smi,<frozen-chemistry-source>,3
1605,WYJ,resolved,C[C@@H]1CN(C[C@H](O1)CO)c2c3c4ccccc4[nH]c3ncn2,C[C@@H]1CN(c2ncnc3[nH]c4ccccc4c23)C[C@@H](CO)O1,Components-smiles-stereo-oe.smi,<frozen-chemistry-source>,3
1580,WYY,resolved,c1c[nH]c2c1c(ncn2)N3CCC[C@H](C3)CCC(=O)O,O=C(O)CC[C@@H]1CCCN(c2ncnc3[nH]ccc23)C1,Components-smiles-stereo-oe.smi,<frozen-chemistry-source>,3
456,WZ9,resolved,c1ccc(cc1)CN2c3cccc(c3NC2=O)N,Nc1cccc2c1[nH]c(=O)n2Cc1ccccc1,Components-smiles-stereo-oe.smi,<frozen-chemistry-source>,3
2802,WZK,resolved,CN(C)c1ccc(cc1)N(Cc2cc(cs2)Cl)C(=O)Cc3cncc4c3c(ccc4)O,CN(C)c1ccc(N(Cc2cc(Cl)cs2)C(=O)Cc2cncc3cccc(O)c23)cc1,Components-smiles-stereo-oe.smi,<frozen-chemistry-source>,1
455,WZL,resolved,c1ccc(cc1)CN2c3cccc(c3NC2=O)Br,O=c1[nH]c2c(Br)cccc2n1Cc1ccccc1,Components-smiles-stereo-oe.smi,<frozen-chemistry-source>,3
450,WZR,resolved,c1ccc(cc1)[C@H]2CC(=O)Nc3c2ccc(c3)O,O=C1C[C@H](c2ccccc2)c2ccc(O)cc2N1,Components-smiles-stereo-oe.smi,<frozen-chemistry-source>,3
454,WZX,resolved,CCOC(=O)CN1CC(=O)Nc2c1cccc2,CCOC(=O)CN1CC(=O)Nc2ccccc21,Components-smiles-stereo-oe.smi,<frozen-chemistry-source>,3
453,X0H,resolved,COC(=O)CC1=CC(=O)Nc2c1cccc2,COC(=O)Cc1cc(=O)[nH]c2ccccc12,Components-smiles-stereo-oe.smi,<frozen-chemistry-source>,3
452,X0L,resolved,Cc1ccc(cc1)CN2c3ccccc3NC(=O)C2=O,Cc1ccc(Cn2c(=O)c(=O)[nH]c3ccccc32)cc1,Components-smiles-stereo-oe.smi,<frozen-chemistry-source>,3
688,X0P,resolved,CN(Cc1cccc(c1C(=O)O)OC)Cc2cc3ccccc3cc2C(=O)NCc4ccc(cc4)OC,COc1ccc(CNC(=O)c2cc3ccccc3cc2CN(C)Cc2cccc(OC)c2C(=O)O)cc1,Components-smiles-stereo-oe.smi,<frozen-chemistry-source>,4
2420,X0Y,resolved,CN1c2c[nH]cc2C(=O)N(C1=O)C,Cn1c(=O)c2c[nH]cc2n(C)c1=O,Components-smiles-stereo-oe.smi,<frozen-chemistry-source>,8
2841,X1Z,resolved,COC[C@H](C(=O)NC1(CCC1)[C@@H](C(=O)NCc2nccs2)O)NC(=O)[C@@H](C3CCCCC3)NC(=O)C4CCC(CC4)(F)F,COC[C@@H](NC(=O)[C@H](NC(=O)C1CCC(F)(F)CC1)C1CCCCC1)C(=O)NC1([C@H](O)C(=O)NCc2nccs2)CCC1,Components-smiles-stereo-oe.smi,<frozen-chemistry-source>,1
365,X2G,resolved,c1cc(c(cc1OS(=O)(=O)F)OCCN2C=CC(=O)NC2=O)Oc3cc(cc(c3)F)/C=C/C#N,N#C/C=C/c1cc(F)cc(Oc2ccc(OS(=O)(=O)F)cc2OCCn2ccc(=O)[nH]c2=O)c1,Components-smiles-stereo-oe.smi,<frozen-chemistry-source>,3
362,X2J,resolved,c1cc(c(cc1OS(=O)(=O)F)OCCN2C=CC(=O)NC2=O)Oc3cc(cc(c3)Cl)/C=C/C#N,N#C/C=C/c1cc(Cl)cc(Oc2ccc(OS(=O)(=O)F)cc2OCCn2ccc(=O)[nH]c2=O)c1,Components-smiles-stereo-oe.smi,<frozen-chemistry-source>,3
363,X2S,resolved,c1cc(c(cc1OS(=O)(=O)F)OCCN2C=CC(=O)NC2=O)Oc3cc(cc(c3)Cl)C#N,N#Cc1cc(Cl)cc(Oc2ccc(OS(=O)(=O)F)cc2OCCn2ccc(=O)[nH]c2=O)c1,Components-smiles-stereo-oe.smi,<frozen-chemistry-source>,3
364,X2V,resolved,c1cc2cc(ccc2c(c1)Oc3ccc(cc3OCCN4C=CC(=O)NC4=O)OS(=O)(=O)F)C#N,N#Cc1ccc2c(Oc3ccc(OS(=O)(=O)F)cc3OCCn3ccc(=O)[nH]c3=O)cccc2c1,Components-smiles-stereo-oe.smi,<frozen-chemistry-source>,3
2421,X4P,resolved,c1cnc(cc1C(=O)N)Cl,NC(=O)c1ccnc(Cl)c1,Components-smiles-stereo-oe.smi,<frozen-chemistry-source>,3
2423,X4V,resolved,CN(C)c1ccnc(c1)N,CN(C)c1ccnc(N)c1,Components-smiles-stereo-oe.smi,<frozen-chemistry-source>,3
1093,X6O,resolved,CC1([C@@H]2[C@H]1[C@H](N(C2)C(=O)[C@H](C(C)(C)C)NC(=O)C(F)(F)F)C(=O)N[C@@H](C[C@@H]3CCCNC3=O)[C@H](C(=O)N4CCC4)O)C,CC(C)(C)[C@H](NC(=O)C(F)(F)F)C(=O)N1C[C@H]2[C@@H]([C@H]1C(=O)N[C@@H](C[C@@H]1CCCNC1=O)[C@@H](O)C(=O)N1CCC1)C2(C)C,Components-smiles-stereo-oe.smi,<frozen-chemistry-source>,1
1095,X6T,resolved,CC1(CN(C1)C(=O)[C@@H]([C@H](C[C@@H]2CCCNC2=O)NC(=O)[C@@H]3[C@@H]4[C@@H](C4(C)C)CN3C(=O)[C@H](C(C)(C)C)NC(=O)C(F)(F)F)O)C,CC1(C)CN(C(=O)[C@H](O)[C@H](C[C@@H]2CCCNC2=O)NC(=O)[C@@H]2[C@@H]3[C@H](CN2C(=O)[C@@H](NC(=O)C(F)(F)F)C(C)(C)C)C3(C)C)C1,Components-smiles-stereo-oe.smi,<frozen-chemistry-source>,1
1094,X70,resolved,CC1([C@@H]2[C@H]1[C@H](N(C2)C(=O)[C@H](C(C)(C)C)NC(=O)C(F)(F)F)C(=O)N[C@@H](C[C@@H]3CCCNC3=O)[C@H](C(=O)N4CC(C4)(F)F)O)C,CC(C)(C)[C@H](NC(=O)C(F)(F)F)C(=O)N1C[C@H]2[C@@H]([C@H]1C(=O)N[C@@H](C[C@@H]1CCCNC1=O)[C@@H](O)C(=O)N1CC(F)(F)C1)C2(C)C,Components-smiles-stereo-oe.smi,<frozen-chemistry-source>,1
2768,X77,resolved,CC(C)(C)c1ccc(cc1)N([C@H](c2cccnc2)C(=O)NC3CCCCC3)C(=O)c4c[nH]cn4,CC(C)(C)c1ccc(N(C(=O)c2c[nH]cn2)[C@@H](C(=O)NC2CCCCC2)c2cccnc2)cc1,Components-smiles-stereo-oe.smi,<frozen-chemistry-source>,5
1007,X7B,resolved,[B-]1(c2ccc(cc2C(=O)O1)S(=O)(=O)N(C[C@H]([C@H](Cc3ccccc3)NC(=O)O[C@H]4CO[C@@H]5[C@H]4CCO5)O)CC(C)C)(O)O,CC(C)CN(C[C@@H](O)[C@H](Cc1ccccc1)NC(=O)O[C@H]1CO[C@H]2OCC[C@H]21)S(=O)(=O)c1ccc2c(c1)C(=O)O[B-]2(O)O,Components-smiles-stereo-oe.smi,<frozen-chemistry-source>,5
1008,X7H,resolved,CC(C)CN(C[C@H]([C@H](Cc1ccccc1)NC(=O)O[C@H]2CO[C@@H]3[C@H]2CCO3)O)S(=O)(=O)c4ccc(cc4)NC(=O)CCl,CC(C)CN(C[C@@H](O)[C@H](Cc1ccccc1)NC(=O)O[C@H]1CO[C@H]2OCC[C@H]21)S(=O)(=O)c1ccc(NC(=O)CCl)cc1,Components-smiles-stereo-oe.smi,<frozen-chemistry-source>,3
2935,X7V,resolved,C[C@@H](c1ccccc1)NC(=O)[C@@H](c2cccnc2)N(c3ccc(cc3)c4ccccc4)C(=O)c5ccco5,C[C@H](NC(=O)[C@@H](c1cccnc1)N(C(=O)c1ccco1)c1ccc(-c2ccccc2)cc1)c1ccccc1,Components-smiles-stereo-oe.smi,<frozen-chemistry-source>,3
2825,X83,resolved,C[C@H](CC[C@@H]([C@H](C(=O)NC)O)NC(=O)[C@@H]1[C@H]2CCC[C@H]2CN1C(=O)[C@H](C(C)(C)C)NC(=O)OC)F,CNC(=O)[C@H](O)[C@H](CC[C@@H](C)F)NC(=O)[C@@H]1[C@H]2CCC[C@H]2CN1C(=O)[C@@H](NC(=O)OC)C(C)(C)C,Components-smiles-stereo-oe.smi,<frozen-chemistry-source>,1
2826,X8F,resolved,C[C@@H](CC[C@@H]([C@H](C(=O)NC)O)NC(=O)[C@@H]1[C@H]2CCC[C@H]2CN1C(=O)[C@H](C(C)(C)C)NC(=O)OC)F,CNC(=O)[C@H](O)[C@H](CC[C@H](C)F)NC(=O)[C@@H]1[C@H]2CCC[C@H]2CN1C(=O)[C@@H](NC(=O)OC)C(C)(C)C,Components-smiles-stereo-oe.smi,<frozen-chemistry-source>,1
1096,X9Z,resolved,CC1([C@@H]2[C@H]1[C@H](N(C2)C(=O)[C@H](C(C)(C)C)NC(=O)C(F)(F)F)C(=O)N[C@@H](CN3CCCC3=O)[C@H](C(=O)N4CCC4)O)C,CC(C)(C)[C@H](NC(=O)C(F)(F)F)C(=O)N1C[C@H]2[C@@H]([C@H]1C(=O)N[C@@H](CN1CCCC1=O)[C@@H](O)C(=O)N1CCC1)C2(C)C,Components-smiles-stereo-oe.smi,<frozen-chemistry-source>,1
1097,XA8,resolved,CC1([C@@H]2[C@H]1[C@H](N(C2)C(=O)[C@H](C(C)(C)C)NC(=O)C(F)(F)F)C(=O)N[C@@H](CN3CCCCC3=O)[C@H](C(=O)N4CCC4)O)C,CC(C)(C)[C@H](NC(=O)C(F)(F)F)C(=O)N1C[C@H]2[C@@H]([C@H]1C(=O)N[C@@H](CN1CCCCC1=O)[C@@H](O)C(=O)N1CCC1)C2(C)C,Components-smiles-stereo-oe.smi,<frozen-chemistry-source>,1
1387,XAN,resolved,c1[nH]c2c(n1)C(=O)NC(=O)N2,O=c1[nH]c(=O)c2nc[nH]c2[nH]1,Components-smiles-stereo-oe.smi,<frozen-chemistry-source>,3
2424,XB1,resolved,CN1c2c(nc([nH]2)SCCCNC(=S)NCCN3CCOCC3)C(=O)N(C1=O)C,Cn1c(=O)c2nc(SCCCNC(=S)NCCN3CCOCC3)[nH]c2n(C)c1=O,Components-smiles-stereo-oe.smi,<frozen-chemistry-source>,3
2824,XB5,resolved,CCn1ccc(n1)c2cc(cc(c2)[C@@H](C)NC(=O)c3cc(ccc3C)OCCN(C)C)c4cnn(c4)C,CCn1ccc(-c2cc(-c3cnn(C)c3)cc([C@@H](C)NC(=O)c3cc(OCCN(C)C)ccc3C)c2)n1,Components-smiles-stereo-oe.smi,<frozen-chemistry-source>,1
439,XBQ,resolved,CN(c1ccc(cc1)OC)C(=O)[C@H](Cc2ccccc2)NC(=O)CN3CCN(CC3=O)S(=O)(=O)c4ccc(cc4)N,COc1ccc(N(C)C(=O)[C@H](Cc2ccccc2)NC(=O)CN2CCN(S(=O)(=O)c3ccc(N)cc3)CC2=O)cc1,Components-smiles-stereo-oe.smi,<frozen-chemistry-source>,8
2936,XC4,resolved,c1ccc2c(c1)nnn2OC(=O)c3ccc4c(c3)cc[nH]4,O=C(On1nnc2ccccc21)c1ccc2[nH]ccc2c1,Components-smiles-stereo-oe.smi,<frozen-chemistry-source>,3
2711,XCK,resolved,[H]/N=C\[C@H](C[C@@H]1CCNC1=O)NC(=O)[C@H](CC(C)C)NC(=O)OCC(C)(C)Sc2ccccc2,[H]/N=C\[C@H](C[C@@H]1CCNC1=O)NC(=O)[C@H](CC(C)C)NC(=O)OCC(C)(C)Sc1ccccc1,Components-smiles-stereo-oe.smi,<frozen-chemistry-source>,1
2712,XDU,resolved,c1cc(c(cc1Cl)Cl)/C=C/c2cc(nc(n2)O)C(F)(F)F,Oc1nc(/C=C/c2ccc(Cl)cc2Cl)cc(C(F)(F)F)n1,Components-smiles-stereo-oe.smi,<frozen-chemistry-source>,1
2713,XE0,resolved,c1cc(c(cc1Cl)Cl)CCc2cc(nc(n2)O)C(F)(F)F,Oc1nc(CCc2ccc(Cl)cc2Cl)cc(C(F)(F)F)n1,Components-smiles-stereo-oe.smi,<frozen-chemistry-source>,1
2827,XEK,resolved,CN1C=C(C(=O)NC1=O)C2=CN(C(=O)C(=C2)c3cc(c(c(c3)Cl)F)OCc4ccccc4Cl)c5cccnc5,Cn1cc(-c2cc(-c3cc(Cl)c(F)c(OCc4ccccc4Cl)c3)c(=O)n(-c3cccnc3)c2)c(=O)[nH]c1=O,Components-smiles-stereo-oe.smi,<frozen-chemistry-source>,1
2939,XEY,resolved,c1ccc(c(c1)C#N)C2=CN(C(=O)C(=C2)c3cc(cc(c3)Cl)Cl)c4cccnc4,N#Cc1ccccc1-c1cc(-c2cc(Cl)cc(Cl)c2)c(=O)n(-c2cccnc2)c1,Components-smiles-stereo-oe.smi,<frozen-chemistry-source>,3
2940,XF1,resolved,CCCOc1cc(cc(c1)Cl)C2=CC(=CN(C2=O)c3cccnc3)c4ccccc4C#N,CCCOc1cc(Cl)cc(-c2cc(-c3ccccc3C#N)cn(-c3cccnc3)c2=O)c1,Components-smiles-stereo-oe.smi,<frozen-chemistry-source>,4
2941,XF4,resolved,c1ccc(cc1)COc2cc(cc(c2)Cl)C3=CC(=CN(C3=O)c4cccnc4)C5=CNC(=O)NC5=O,O=c1[nH]cc(-c2cc(-c3cc(Cl)cc(OCc4ccccc4)c3)c(=O)n(-c3cccnc3)c2)c(=O)[nH]1,Components-smiles-stereo-oe.smi,<frozen-chemistry-source>,3
2942,XF7,resolved,c1ccc(c(c1)COc2cc(cc(c2)Cl)C3=CC(=CN(C3=O)c4cccnc4)C5=CNC(=O)NC5=O)Cl,O=c1[nH]cc(-c2cc(-c3cc(Cl)cc(OCc4ccccc4Cl)c3)c(=O)n(-c3cccnc3)c2)c(=O)[nH]1,Components-smiles-stereo-oe.smi,<frozen-chemistry-source>,3
2710,XF8,resolved,CC(C)C[C@@H](C(=O)N[C@@H](C[C@@H]1CCNC1=O)[C@](C(=O)NC2CC2)(O)S(=O)(=O)O)NC(=O)OCC(C)(C)Sc3ccccc3,CC(C)C[C@H](NC(=O)OCC(C)(C)Sc1ccccc1)C(=O)N[C@@H](C[C@@H]1CCNC1=O)[C@@](O)(C(=O)NC1CC1)S(=O)(=O)O,Components-smiles-stereo-oe.smi,<frozen-chemistry-source>,1
2943,XFD,resolved,c1ccc(c(c1)C#N)C2=CN(C(=O)C(=C2)c3cc(cc(c3)Cl)OCC4CC4)c5cccnc5,N#Cc1ccccc1-c1cc(-c2cc(Cl)cc(OCC3CC3)c2)c(=O)n(-c2cccnc2)c1,Components-smiles-stereo-oe.smi,<frozen-chemistry-source>,4
2708,XFF,resolved,CC(C)C[C@@H](C(=O)N[C@@H](C[C@@H]1CCNC1=O)[C@@H](O)S(=O)(=O)O)NC(=O)OCC(C)(C)Sc2ccccc2,CC(C)C[C@H](NC(=O)OCC(C)(C)Sc1ccccc1)C(=O)N[C@@H](C[C@@H]1CCNC1=O)[C@@H](O)S(=O)(=O)O,Components-smiles-stereo-oe.smi,<frozen-chemistry-source>,1
2709,XFR,resolved,CC(C)C[C@@H](C(=O)N[C@@H](C[C@@H]1CCNC1=O)[C@H](O)S(=O)(=O)O)NC(=O)OCC(C)(C)Sc2ccccc2,CC(C)C[C@H](NC(=O)OCC(C)(C)Sc1ccccc1)C(=O)N[C@@H](C[C@@H]1CCNC1=O)[C@H](O)S(=O)(=O)O,Components-smiles-stereo-oe.smi,<frozen-chemistry-source>,1
739,XFS,resolved,Cc1ccc2c(c1)c(c(o2)C#Cc3cccc(c3)C(=O)O)CC(=O)O,Cc1ccc2oc(C#Cc3cccc(C(=O)O)c3)c(CC(=O)O)c2c1,Components-smiles-stereo-oe.smi,<frozen-chemistry-source>,3
2772,XH9,resolved,c1ccc(c(c1)CN2CCCN(CC2)C(=O)c3cc(cnc3)Cl)C#N,N#Cc1ccccc1CN1CCCN(C(=O)c2cncc(Cl)c2)CC1,Components-smiles-stereo-oe.smi,<frozen-chemistry-source>,1
2773,XHW,resolved,c1ccc(c(c1)CN2CCCN(CC2)C(=O)c3cc(cnc3)Cl)Cl,O=C(c1cncc(Cl)c1)N1CCCN(Cc2ccccc2Cl)CC1,Components-smiles-stereo-oe.smi,<frozen-chemistry-source>,1
741,XHY,resolved,Cc1ccc2c(c1)c(c(o2)C#Cc3ccc(cc3)C(=O)O)CC(=O)O,Cc1ccc2oc(C#Cc3ccc(C(=O)O)cc3)c(CC(=O)O)c2c1,Components-smiles-stereo-oe.smi,<frozen-chemistry-source>,1
2771,XI0,resolved,Cc1cc(cnc1)CC(=O)N2CCC[C@H]2c3cccc(c3)Cl,Cc1cncc(CC(=O)N2CCC[C@H]2c2cccc(Cl)c2)c1,Components-smiles-stereo-oe.smi,<frozen-chemistry-source>,1
3027,XIO,resolved,c1ccc2c(c1)c(c([nH]2)Sc3ccc(cc3)[N+](=O)[O-])C[C@@H](C(=O)O)NC(=O)CCC(CCC(=O)N[C@@H](Cc4c5ccccc5[nH]c4Sc6ccc(cc6)[N+](=O)[O-])C(=O)O)(CCC(=O)N[C@@H](Cc7c8ccccc8[nH]c7Sc9ccc(cc9)[N+](=O)[O-])C(=O)O)NC(=O)CN,NCC(=O)NC(CCC(=O)N[C@@H](Cc1c(Sc2ccc([N+](=O)[O-])cc2)[nH]c2ccccc12)C(=O)O)(CCC(=O)N[C@@H](Cc1c(Sc2ccc([N+](=O)[O-])cc2)[nH]c2ccccc12)C(=O)O)CCC(=O)N[C@@H](Cc1c(Sc2ccc([N+](=O)[O-])cc2)[nH]c2ccccc12)C(=O)O,Components-smiles-stereo-oe.smi,<frozen-chemistry-source>,1
2842,XIU,resolved,c1ccc2c(c1)nnn2CC(=O)N(Cc3cccc(c3)Cl)c4ccc(cc4)c5cnc[nH]5,O=C(Cn1nnc2ccccc21)N(Cc1cccc(Cl)c1)c1ccc(-c2cnc[nH]2)cc1,Components-smiles-stereo-oe.smi,<frozen-chemistry-source>,1
1315,XIY,resolved,c1ccc2c(c1)[nH]c(n2)CO,OCc1nc2ccccc2[nH]1,Components-smiles-stereo-oe.smi,<frozen-chemistry-source>,3
2774,XJ9,resolved,Cc1cc(cnc1)CC(=O)N2CCc3cc(c(cc3C2)Cl)Cl,Cc1cncc(CC(=O)N2CCc3cc(Cl)c(Cl)cc3C2)c1,Components-smiles-stereo-oe.smi,<frozen-chemistry-source>,1
826,XK2,resolved,c1ccc(cc1)C[C@@H]2[C@@H]([C@H]([C@H](N(C(=O)N2Cc3ccc4ccccc4c3)Cc5ccc6ccccc6c5)Cc7ccccc7)O)O,O=C1N(Cc2ccc3ccccc3c2)[C@H](Cc2ccccc2)[C@H](O)[C@@H](O)[C@@H](Cc2ccccc2)N1Cc1ccc2ccccc2c1,Components-smiles-stereo-oe.smi,<frozen-chemistry-source>,3
2828,XKQ,resolved,CC(C)(C)[C@@H](C(=O)N1C[C@@H]2CCC[C@@H]2[C@H]1C(=O)N[C@@H](CCC(C)(F)F)[C@H](C(=O)NC)O)NC(=O)OC,CNC(=O)[C@H](O)[C@H](CCC(C)(F)F)NC(=O)[C@@H]1[C@H]2CCC[C@H]2CN1C(=O)[C@@H](NC(=O)OC)C(C)(C)C,Components-smiles-stereo-oe.smi,<frozen-chemistry-source>,1
2932,XM2,resolved,C[C@H]([C@@H](C(=O)N[C@@H](Cc1ccccc1)C(=O)N[C@@H](C[C@@H]2CCNC2=O)CO)NC(=O)OCc3ccccc3)OC(C)(C)C,C[C@@H](OC(C)(C)C)[C@H](NC(=O)OCc1ccccc1)C(=O)N[C@@H](Cc1ccccc1)C(=O)N[C@H](CO)C[C@@H]1CCNC1=O,Components-smiles-stereo-oe.smi,<frozen-chemistry-source>,3
831,XN1,resolved,C[C@H](c1ccccc1)[C@H](C[C@@H](C[N@@]2CC[N@](C[C@H]2C(=O)NC(C)(C)C)Cc3cccnc3)O)C(=O)N[C@H]4c5ccccc5C[C@H]4O,C[C@H](c1ccccc1)[C@H](C[C@H](O)CN1CCN(Cc2cccnc2)C[C@H]1C(=O)NC(C)(C)C)C(=O)N[C@H]1c2ccccc2C[C@H]1O,Components-smiles-stereo-oe.smi,<frozen-chemistry-source>,3
832,XN2,resolved,C[C@H](c1ccccc1)[C@H](C[C@@H](C[N@@]2CC[N@](C[C@H]2C(=O)NC(C)(C)C)Cc3ccc4c(c3)OCO4)O)C(=O)N[C@H]5c6ccccc6C[C@H]5O,C[C@H](c1ccccc1)[C@H](C[C@H](O)CN1CCN(Cc2ccc3c(c2)OCO3)C[C@H]1C(=O)NC(C)(C)C)C(=O)N[C@H]1c2ccccc2C[C@H]1O,Components-smiles-stereo-oe.smi,<frozen-chemistry-source>,3
830,XN3,resolved,CC(C)(C)NC(=O)[C@@H]1C[N@@](CC[N@]1C[C@H](C[C@@H](Cc2ccccc2)C(=O)N[C@H]3c4ccccc4C[C@H]3O)O)Cc5ccc6c(c5)OCO6,CC(C)(C)NC(=O)[C@@H]1CN(Cc2ccc3c(c2)OCO3)CCN1C[C@@H](O)C[C@@H](Cc1ccccc1)C(=O)N[C@H]1c2ccccc2C[C@H]1O,Components-smiles-stereo-oe.smi,<frozen-chemistry-source>,3
2425,XNJ,resolved,Cc1ccc(cc1Nc2nc(cs2)c3cccnc3)NC(=O)c4ccc(cc4)CN5CCNCC5,Cc1ccc(NC(=O)c2ccc(CN3CCNCC3)cc2)cc1Nc1nc(-c2cccnc2)cs1,Components-smiles-stereo-oe.smi,<frozen-chemistry-source>,3
2635,XNV,resolved,CCOC(=O)CC[C@H](C[C@@H]1CCNC1=O)NC(=O)[C@H](CC#C)N2C=CC=C(C2=O)NC(=O)c3cc(on3)C,C#CC[C@@H](C(=O)N[C@H](CCC(=O)OCC)C[C@@H]1CCNC1=O)n1cccc(NC(=O)c2cc(C)on2)c1=O,Components-smiles-stereo-oe.smi,<frozen-chemistry-source>,1
2427,XR8,resolved,Cc1ccc(cc1C(=O)N[C@H](C)c2cccc(c2)c3ccc(s3)CN4CCCC4)NC5CNC5,Cc1ccc(NC2CNC2)cc1C(=O)N[C@H](C)c1cccc(-c2ccc(CN3CCCC3)s2)c1,Components-smiles-stereo-oe.smi,<frozen-chemistry-source>,1
1066,XRB,resolved,Cc1cc(cc(c1Oc2ccnc(n2)Nc3ccc(c(c3)C#N)N4CCN(CC4)S(=O)(=O)C)C)/C=C/C#N,Cc1cc(/C=C/C#N)cc(C)c1Oc1ccnc(Nc2ccc(N3CCN(S(C)(=O)=O)CC3)c(C#N)c2)n1,Components-smiles-stereo-oe.smi,<frozen-chemistry-source>,3
1058,XRF,resolved,CC1=CN(C(=O)NC1=O)[C@@H]2C[C@H]([C@@H](O2)COP(=O)(O)OP(=O)(O)OP(=O)(O)O)O,Cc1cn([C@@H]2C[C@@H](O)[C@H](COP(=O)(O)OP(=O)(O)OP(=O)(O)O)O2)c(=O)[nH]c1=O,Components-smiles-stereo-oe.smi,<frozen-chemistry-source>,4
2426,XT7,resolved,Cc1ccc(cc1C(=O)N[C@H](C)c2cccc(c2)c3ccc(s3)CN[C@H]4CC[C@H](C4)O)NC5CNC5,Cc1ccc(NC2CNC2)cc1C(=O)N[C@H](C)c1cccc(-c2ccc(CN[C@H]3CC[C@@H](O)C3)s2)c1,Components-smiles-stereo-oe.smi,<frozen-chemistry-source>,1
1070,XTE,resolved,c1nc2c(n1[C@H]\3C[C@@H]([C@](/C3=C\F)(COP(=O)(O)OP(=O)(O)OP(=O)(O)O)C#N)O)N=C(NC2=O)N,N#C[C@]1(COP(=O)(O)OP(=O)(O)OP(=O)(O)O)/C(=C\F)[C@@H](n2cnc3c(=O)[nH]c(N)nc32)C[C@@H]1O,Components-smiles-stereo-oe.smi,<frozen-chemistry-source>,7
2945,XTJ,resolved,c1cc(cc(c1)F)COC(=O)N[C@@H](CC2CC2)C(=O)N[C@@H](C[C@@H]3CCNC3=O)CO,O=C(N[C@@H](CC1CC1)C(=O)N[C@H](CO)C[C@@H]1CCNC1=O)OCc1cccc(F)c1,Components-smiles-stereo-oe.smi,<frozen-chemistry-source>,1
2946,XTM,resolved,CC(C)C[C@@H](C(=O)N[C@@H](C[C@@H]1CCNC1=O)CO)NC(=O)OCc2cccc(c2)F,CC(C)C[C@H](NC(=O)OCc1cccc(F)c1)C(=O)N[C@H](CO)C[C@@H]1CCNC1=O,Components-smiles-stereo-oe.smi,<frozen-chemistry-source>,1
2596,XTP,resolved,c1ccc(cc1)COC(=O)N[C@@H](CC2CC2)C(=O)N[C@@H](C[C@@H]3CCNC3=O)CO,O=C(N[C@@H](CC1CC1)C(=O)N[C@H](CO)C[C@@H]1CCNC1=O)OCc1ccccc1,Components-smiles-stereo-oe.smi,<frozen-chemistry-source>,1
2947,XU4,resolved,C[C@@H](c1ccccc1)OC(=O)N[C@@H](CC(C)C)C(=O)N[C@@H](C[C@@H]2CCNC2=O)CO,CC(C)C[C@H](NC(=O)O[C@@H](C)c1ccccc1)C(=O)N[C@H](CO)C[C@@H]1CCNC1=O,Components-smiles-stereo-oe.smi,<frozen-chemistry-source>,1
440,XU9,resolved,CCOC(=O)c1cnn2c1c(ccc2)C#CC3CC3,CCOC(=O)c1cnn2cccc(C#CC3CC3)c12,Components-smiles-stereo-oe.smi,<frozen-chemistry-source>,3
382,XUM,resolved,CCOP(=O)(COc1ccc(cc1)C[C@@H]([C@@H](CN(CC(C)C)S(=O)(=O)c2ccc3c(c2)OCO3)O)NC(=O)O[C@H]4CO[C@@H]5[C@H]4CCO5)OCC,CCOP(=O)(COc1ccc(C[C@H](NC(=O)O[C@H]2CO[C@H]3OCC[C@H]32)[C@H](O)CN(CC(C)C)S(=O)(=O)c2ccc3c(c2)OCO3)cc1)OCC,Components-smiles-stereo-oe.smi,<frozen-chemistry-source>,5
383,XUP,resolved,CCOP(=O)(COc1ccc(cc1)C[C@@H]([C@@H](CN(CC(C)C)S(=O)(=O)c2ccc3c(c2)scn3)O)NC(=O)O[C@H]4CO[C@@H]5[C@H]4CCO5)OCC,CCOP(=O)(COc1ccc(C[C@H](NC(=O)O[C@H]2CO[C@H]3OCC[C@H]32)[C@H](O)CN(CC(C)C)S(=O)(=O)c2ccc3ncsc3c2)cc1)OCC,Components-smiles-stereo-oe.smi,<frozen-chemistry-source>,5
384,XUS,resolved,CC[C@H](C)CN(C[C@H]([C@H](Cc1ccc(cc1)OCP(=O)(OCC)OCC)NC(=O)O[C@H]2CO[C@@H]3[C@H]2CCO3)O)S(=O)(=O)c4ccc(cc4)N,CCOP(=O)(COc1ccc(C[C@H](NC(=O)O[C@H]2CO[C@H]3OCC[C@H]32)[C@H](O)CN(C[C@@H](C)CC)S(=O)(=O)c2ccc(N)cc2)cc1)OCC,Components-smiles-stereo-oe.smi,<frozen-chemistry-source>,5
385,XUV,resolved,CC[C@H](C)CN(C[C@H]([C@H](Cc1ccc(cc1)OCP(=O)(OCC)OCC)NC(=O)O[C@H]2CO[C@@H]3[C@H]2CCO3)O)S(=O)(=O)c4ccc(cc4)OC,CCOP(=O)(COc1ccc(C[C@H](NC(=O)O[C@H]2CO[C@H]3OCC[C@H]32)[C@H](O)CN(C[C@@H](C)CC)S(=O)(=O)c2ccc(OC)cc2)cc1)OCC,Components-smiles-stereo-oe.smi,<frozen-chemistry-source>,5
381,XUY,resolved,CC(C)CN(C[C@H]([C@H](Cc1ccccc1)NC(=O)O[C@H]2CO[C@@H]3[C@H]2CCO3)O)S(=O)(=O)c4ccc5c(c4)scn5,CC(C)CN(C[C@@H](O)[C@H](Cc1ccccc1)NC(=O)O[C@H]1CO[C@H]2OCC[C@H]21)S(=O)(=O)c1ccc2ncsc2c1,Components-smiles-stereo-oe.smi,<frozen-chemistry-source>,5
2948,XV4,resolved,CC(C)C[C@@H](C(=O)N[C@@H](C[C@@H]1CCNC1=O)CO)NC(=O)c2cc3c([nH]2)cccc3OC,COc1cccc2[nH]c(C(=O)N[C@@H](CC(C)C)C(=O)N[C@H](CO)C[C@@H]3CCNC3=O)cc12,Components-smiles-stereo-oe.smi,<frozen-chemistry-source>,1
793,XV6,resolved,c1ccc(cc1)C[C@@H]2[C@@H]([C@H]([C@H](N(C(=O)N2Cc3cccc(c3)C(=O)Nc4nccs4)Cc5cccc(c5)C(=O)Nc6nccs6)Cc7ccccc7)O)O,O=C(Nc1nccs1)c1cccc(CN2C(=O)N(Cc3cccc(C(=O)Nc4nccs4)c3)[C@H](Cc3ccccc3)[C@H](O)[C@@H](O)[C@H]2Cc2ccccc2)c1,Components-smiles-stereo-oe.smi,<frozen-chemistry-source>,9
388,XVJ,resolved,CC[C@H](C)CN(C[C@H]([C@H](Cc1ccc(cc1)OCP(=O)(OCC)OCC)NC(=O)O[C@H]2CO[C@@H]3[C@H]2CCO3)O)S(=O)(=O)c4ccc5c(c4)scn5,CCOP(=O)(COc1ccc(C[C@H](NC(=O)O[C@H]2CO[C@H]3OCC[C@H]32)[C@H](O)CN(C[C@@H](C)CC)S(=O)(=O)c2ccc3ncsc3c2)cc1)OCC,Components-smiles-stereo-oe.smi,<frozen-chemistry-source>,5
387,XVM,resolved,CC[C@H](C)CN(C[C@H]([C@H](Cc1ccc(cc1)OCP(=O)(OCC)OCC)NC(=O)O[C@H]2CO[C@@H]3[C@H]2CCO3)O)S(=O)(=O)c4ccc5c(c4)OCO5,CCOP(=O)(COc1ccc(C[C@H](NC(=O)O[C@H]2CO[C@H]3OCC[C@H]32)[C@H](O)CN(C[C@@H](C)CC)S(=O)(=O)c2ccc3c(c2)OCO3)cc1)OCC,Components-smiles-stereo-oe.smi,<frozen-chemistry-source>,5
386,XVP,resolved,CC[C@H](C)CN(C[C@H]([C@H](Cc1ccc(cc1)OCP(=O)(OCC)OCC)NC(=O)O[C@H]2CO[C@@H]3[C@H]2CCO3)O)S(=O)(=O)c4ccc(cc4)CO,CCOP(=O)(COc1ccc(C[C@H](NC(=O)O[C@H]2CO[C@H]3OCC[C@H]32)[C@H](O)CN(C[C@@H](C)CC)S(=O)(=O)c2ccc(CO)cc2)cc1)OCC,Components-smiles-stereo-oe.smi,<frozen-chemistry-source>,5
390,XVS,resolved,CCC(CC)CN(C[C@H]([C@H](Cc1ccc(cc1)OCP(=O)(OCC)OCC)NC(=O)O[C@H]2CO[C@@H]3[C@H]2CCO3)O)S(=O)(=O)c4ccc(cc4)OC,CCOP(=O)(COc1ccc(C[C@H](NC(=O)O[C@H]2CO[C@H]3OCC[C@H]32)[C@H](O)CN(CC(CC)CC)S(=O)(=O)c2ccc(OC)cc2)cc1)OCC,Components-smiles-stereo-oe.smi,<frozen-chemistry-source>,5
393,XVV,resolved,CCC(CC)CN(C[C@H]([C@H](Cc1ccc(cc1)OCP(=O)(OCC)OCC)NC(=O)O[C@H]2CO[C@@H]3[C@H]2CCO3)O)S(=O)(=O)c4ccc5c(c4)scn5,CCOP(=O)(COc1ccc(C[C@H](NC(=O)O[C@H]2CO[C@H]3OCC[C@H]32)[C@H](O)CN(CC(CC)CC)S(=O)(=O)c2ccc3ncsc3c2)cc1)OCC,Components-smiles-stereo-oe.smi,<frozen-chemistry-source>,5
391,XVY,resolved,CCC(CC)CN(C[C@H]([C@H](Cc1ccc(cc1)OCP(=O)(OCC)OCC)NC(=O)O[C@H]2CO[C@@H]3[C@H]2CCO3)O)S(=O)(=O)c4ccc(cc4)CO,CCOP(=O)(COc1ccc(C[C@H](NC(=O)O[C@H]2CO[C@H]3OCC[C@H]32)[C@H](O)CN(CC(CC)CC)S(=O)(=O)c2ccc(CO)cc2)cc1)OCC,Components-smiles-stereo-oe.smi,<frozen-chemistry-source>,5
392,XW4,resolved,CCC(CC)CN(C[C@H]([C@H](Cc1ccc(cc1)OCP(=O)(OCC)OCC)NC(=O)O[C@H]2CO[C@@H]3[C@H]2CCO3)O)S(=O)(=O)c4ccc5c(c4)OCO5,CCOP(=O)(COc1ccc(C[C@H](NC(=O)O[C@H]2CO[C@H]3OCC[C@H]32)[C@H](O)CN(CC(CC)CC)S(=O)(=O)c2ccc3c(c2)OCO3)cc1)OCC,Components-smiles-stereo-oe.smi,<frozen-chemistry-source>,5
2294,XWH,resolved,c1cnccc1c2cc(n[nH]2)C(F)(F)F,FC(F)(F)c1cc(-c2ccncc2)[nH]n1,Components-smiles-stereo-oe.smi,<frozen-chemistry-source>,3
2829,XWO,resolved,Cc1ccc(cc1C(=O)N[C@H](C)c2cc(cc(c2)c3cnn(c3)C)c4cnn(c4)C)OCCN(C)C,Cc1ccc(OCCN(C)C)cc1C(=O)N[C@H](C)c1cc(-c2cnn(C)c2)cc(-c2cnn(C)c2)c1,Components-smiles-stereo-oe.smi,<frozen-chemistry-source>,1
2430,XWS,resolved,c1ccc(cc1)N2CC[C@H](N[C@H]2O)O,O[C@@H]1CCN(c2ccccc2)[C@H](O)N1,Components-smiles-stereo-oe.smi,<frozen-chemistry-source>,1
2295,XWZ,resolved,c1c(cncc1Br)N,Nc1cncc(Br)c1,Components-smiles-stereo-oe.smi,<frozen-chemistry-source>,4
724,XXJ,resolved,c1ccc(cc1)S(=O)(=O)CCc2cc3c(nc2)N(C(=O)C(=C3N)C(=O)NCc4ccc(cc4F)F)O,Nc1c(C(=O)NCc2ccc(F)cc2F)c(=O)n(O)c2ncc(CCS(=O)(=O)c3ccccc3)cc12,Components-smiles-stereo-oe.smi,<frozen-chemistry-source>,3
446,XXL,resolved,CCOC(=O)CN1c2ccccc2OCC1=O,CCOC(=O)CN1C(=O)COc2ccccc21,Components-smiles-stereo-oe.smi,<frozen-chemistry-source>,3
2322,XXN,resolved,c1cc(c2c(c1Cl)[C@@H](C(=O)N2)O)Cl,O=C1Nc2c(Cl)ccc(Cl)c2[C@@H]1O,Components-smiles-stereo-oe.smi,<frozen-chemistry-source>,5
2830,XXW,resolved,Cc1ccc(cc1C(=O)N[C@H](C)c2cc(cc(c2)c3cnn(c3)C(F)F)c4cnn(c4)COC)OCCN(C)C,COCn1cc(-c2cc(-c3cnn(C(F)F)c3)cc([C@@H](C)NC(=O)c3cc(OCCN(C)C)ccc3C)c2)cn1,Components-smiles-stereo-oe.smi,<frozen-chemistry-source>,1
2431,XY4,resolved,CC(C)NC(=O)Nc1ccccc1,CC(C)NC(=O)Nc1ccccc1,Components-smiles-stereo-oe.smi,<frozen-chemistry-source>,1
2831,XYI,resolved,Cc1ccc(cc1C(=O)N[C@H](C)c2cc(cc(c2)c3cnn(c3)C(C)C)c4cnn(c4)C)OCCN(C)C,Cc1ccc(OCCN(C)C)cc1C(=O)N[C@H](C)c1cc(-c2cnn(C)c2)cc(-c2cnn(C(C)C)c2)c1,Components-smiles-stereo-oe.smi,<frozen-chemistry-source>,1
2432,XYJ,resolved,CN1c2c(nc([nH]2)SCCC(=O)NS(=O)(=O)CCN3CCOCC3)C(=O)N(C1=O)C,Cn1c(=O)c2nc(SCCC(=O)NS(=O)(=O)CCN3CCOCC3)[nH]c2n(C)c1=O,Components-smiles-stereo-oe.smi,<frozen-chemistry-source>,1
498,XYL,resolved,C([C@@H](C([C@@H](CO)O)O)O)O,OC[C@@H](O)C(O)[C@@H](O)CO,Components-smiles-stereo-oe.smi,<frozen-chemistry-source>,5
2832,XYR,resolved,Cc1ccc(cc1C(=O)N[C@H](C)c2cc(cc(c2)c3cnn(c3)C(F)F)c4cnn(c4)C)OCCN(C)C,Cc1ccc(OCCN(C)C)cc1C(=O)N[C@H](C)c1cc(-c2cnn(C)c2)cc(-c2cnn(C(F)F)c2)c1,Components-smiles-stereo-oe.smi,<frozen-chemistry-source>,1
2320,XZ6,invalid_smiles,,,,,3
2316,XZE,resolved,c1ccc2c(c1)ccc(n2)C(=O)c3ccccn3,O=C(c1ccccn1)c1ccc2ccccc2n1,Components-smiles-stereo-oe.smi,<frozen-chemistry-source>,3
2315,XZI,resolved,CN(C)C(=O)COc1ccc2ccccc2c1,CN(C)C(=O)COc1ccc2ccccc2c1,Components-smiles-stereo-oe.smi,<frozen-chemistry-source>,3
2314,XZO,resolved,c1c(cc(cc1Cl)Cl)N2C(=O)CCC2=O,O=C1CCC(=O)N1c1cc(Cl)cc(Cl)c1,Components-smiles-stereo-oe.smi,<frozen-chemistry-source>,3
2313,XZT,resolved,c1cc(c(cc1F)F)N2C(=O)CCC2=O,O=C1CCC(=O)N1c1ccc(F)cc1F,Components-smiles-stereo-oe.smi,<frozen-chemistry-source>,3
2312,XZX,resolved,C[C@@H](C(=O)Nc1cc(cc(c1)Cl)Cl)O,C[C@H](O)C(=O)Nc1cc(Cl)cc(Cl)c1,Components-smiles-stereo-oe.smi,<frozen-chemistry-source>,4
441,Y05,resolved,C[C@@H]1CN(C[C@@H](O1)C)c2ccc3c(c2)N=C(N(C3=O)c4ccc(c5c4n(nc5NS(=O)(=O)C)C)Cl)[C@H](Cc6cc(cc(c6)F)F)NC(=O)Cn7c8c(c(n7)C(F)F)[C@H]9C[C@H]9C8(F)F,C[C@@H]1CN(c2ccc3c(=O)n(-c4ccc(Cl)c5c(NS(C)(=O)=O)nn(C)c45)c([C@H](Cc4cc(F)cc(F)c4)NC(=O)Cn4nc(C(F)F)c5c4C(F)(F)[C@@H]4C[C@H]54)nc3c2)C[C@H](C)O1,Components-smiles-stereo-oe.smi,<frozen-chemistry-source>,5
2311,Y0C,resolved,c1ccc(c(c1)[C@H]2NC(=O)CS2)F,O=C1CS[C@@H](c2ccccc2F)N1,Components-smiles-stereo-oe.smi,<frozen-chemistry-source>,4
2715,Y0E,resolved,C[C@@H](c1ccccc1)NC(=O)[C@@H](c2cccnc2)N(c3ccc(cc3)c4ccccc4)C(=O)C=C,C=CC(=O)N(c1ccc(-c2ccccc2)cc1)[C@@H](C(=O)N[C@@H](C)c1ccccc1)c1cccnc1,Components-smiles-stereo-oe.smi,<frozen-chemistry-source>,1
2310,Y0H,resolved,Cn1c(cc(n1)c2ccc(cc2)Cl)N,Cn1nc(-c2ccc(Cl)cc2)cc1N,Components-smiles-stereo-oe.smi,<frozen-chemistry-source>,3
2714,Y0I,resolved,C[C@@H](c1ccccc1)NC(=O)[C@@H](c2cccnc2)N(c3ccc(cc3)c4ccccc4)C(=O)CC=N,C[C@H](NC(=O)[C@@H](c1cccnc1)N(C(=O)CC=N)c1ccc(-c2ccccc2)cc1)c1ccccc1,Components-smiles-stereo-oe.smi,<frozen-chemistry-source>,1
2309,Y0L,resolved,c1ccc(cc1)C(=O)NCc2ccc3c(c2)CCO3,O=C(NCc1ccc2c(c1)CCO2)c1ccccc1,Components-smiles-stereo-oe.smi,<frozen-chemistry-source>,3
2307,Y0O,resolved,c1c(cncc1C(=O)O)C#CCC2CCCCC2,O=C(O)c1cncc(C#CCC2CCCCC2)c1,Components-smiles-stereo-oe.smi,<frozen-chemistry-source>,3
2306,Y0S,resolved,Cc1ccsc1CNC(=O)c2ccccc2,Cc1ccsc1CNC(=O)c1ccccc1,Components-smiles-stereo-oe.smi,<frozen-chemistry-source>,3
2303,Y0W,resolved,c1cc2c(cc1C(F)(F)F)nc([nH]2)[C@H]3CCNC3,FC(F)(F)c1ccc2[nH]c([C@H]3CCNC3)nc2c1,Components-smiles-stereo-oe.smi,<frozen-chemistry-source>,3
290,Y1,resolved,[Y+2],[Y+2],Components-smiles-stereo-oe.smi,<frozen-chemistry-source>,24
2301,Y1C,resolved,CC(=O)CCn1nc(c(n1)Br)Br,CC(=O)CCn1nc(Br)c(Br)n1,Components-smiles-stereo-oe.smi,<frozen-chemistry-source>,3
2716,Y1E,resolved,C[C@@H](c1ccccc1)NC(=O)[C@H](c2cccnc2)N(c3ccc(cc3)c4ccccc4)C(=O)C=C,C=CC(=O)N(c1ccc(-c2ccccc2)cc1)[C@H](C(=O)N[C@@H](C)c1ccccc1)c1cccnc1,Components-smiles-stereo-oe.smi,<frozen-chemistry-source>,1
2300,Y1H,resolved,c1c(cc(c2c1COCO2)CO)F,OCc1cc(F)cc2c1OCOC2,Components-smiles-stereo-oe.smi,<frozen-chemistry-source>,3
2299,Y1L,resolved,c1cc2c(cc1Cl)c(cs2)CO,OCc1csc2ccc(Cl)cc12,Components-smiles-stereo-oe.smi,<frozen-chemistry-source>,4
600,Y1O,resolved,[H]/N=C(/N)\NC[C@@H]1[C@H](c2ccc(cc2N1C(=O)OC)CNC)NC(=O)C(=O)Nc3ccc(c(c3)F)Cl,[H]/N=C(/N)NC[C@@H]1[C@@H](NC(=O)C(=O)Nc2ccc(Cl)c(F)c2)c2ccc(CNC)cc2N1C(=O)OC,Components-smiles-stereo-oe.smi,<frozen-chemistry-source>,6
2298,Y1R,resolved,C[C@@H](c1ccn[nH]1)O,C[C@H](O)c1ccn[nH]1,Components-smiles-stereo-oe.smi,<frozen-chemistry-source>,4
606,Y1T,resolved,[H]/N=C(/N)\NC[C@@H]1[C@H](c2ccc(cc2N1C(=O)OCc3c(c(c(c(c3F)F)F)F)F)CNC)NC(=O)C(=O)Nc4ccc(c(c4)F)Cl,[H]/N=C(/N)NC[C@@H]1[C@@H](NC(=O)C(=O)Nc2ccc(Cl)c(F)c2)c2ccc(CNC)cc2N1C(=O)OCc1c(F)c(F)c(F)c(F)c1F,Components-smiles-stereo-oe.smi,<frozen-chemistry-source>,6
601,Y1X,resolved,[H]/N=C(/N)\NC[C@@H]1[C@H](c2ccc(cc2N1C(=O)OCC)CNC)NC(=O)C(=O)Nc3ccc(c(c3)F)Cl,[H]/N=C(/N)NC[C@@H]1[C@@H](NC(=O)C(=O)Nc2ccc(Cl)c(F)c2)c2ccc(CNC)cc2N1C(=O)OCC,Components-smiles-stereo-oe.smi,<frozen-chemistry-source>,6
2297,Y25,resolved,c1c(cncc1Cl)O,Oc1cncc(Cl)c1,Components-smiles-stereo-oe.smi,<frozen-chemistry-source>,4
602,Y26,resolved,[H]/N=C(/N)\NC[C@@H]1[C@H](c2ccc(cc2N1C(=O)OCCC)CNC)NC(=O)C(=O)Nc3ccc(c(c3)F)Cl,[H]/N=C(/N)NC[C@@H]1[C@@H](NC(=O)C(=O)Nc2ccc(Cl)c(F)c2)c2ccc(CNC)cc2N1C(=O)OCCC,Components-smiles-stereo-oe.smi,<frozen-chemistry-source>,6
2296,Y2C,resolved,c1c(c(c(cn1)Cl)N)Cl,Nc1c(Cl)cncc1Cl,Components-smiles-stereo-oe.smi,<frozen-chemistry-source>,4
604,Y2E,resolved,[H]/N=C(/N)\NC[C@@H]1[C@H](c2ccc(cc2N1C(=O)OCCC(F)(F)F)CNC)NC(=O)C(=O)Nc3ccc(c(c3)F)Cl,[H]/N=C(/N)NC[C@@H]1[C@@H](NC(=O)C(=O)Nc2ccc(Cl)c(F)c2)c2ccc(CNC)cc2N1C(=O)OCCC(F)(F)F,Components-smiles-stereo-oe.smi,<frozen-chemistry-source>,6
2833,Y2I,resolved,Cc1ccc(cc1C(=O)N[C@H](C)c2cc(cc(c2)c3cnn(c3)C4CC4)c5cnn(c5)C)OCCN(C)C,Cc1ccc(OCCN(C)C)cc1C(=O)N[C@H](C)c1cc(-c2cnn(C)c2)cc(-c2cnn(C3CC3)c2)c1,Components-smiles-stereo-oe.smi,<frozen-chemistry-source>,1
603,Y2K,resolved,[H]/N=C(/N)\NC[C@@H]1[C@H](c2ccc(cc2N1C(=O)OCC(F)(F)F)CNC)NC(=O)C(=O)Nc3ccc(c(c3)F)Cl,[H]/N=C(/N)NC[C@@H]1[C@@H](NC(=O)C(=O)Nc2ccc(Cl)c(F)c2)c2ccc(CNC)cc2N1C(=O)OCC(F)(F)F,Components-smiles-stereo-oe.smi,<frozen-chemistry-source>,6
2834,Y2N,resolved,Cc1ccc(cc1C(=O)N[C@H](C)c2cc(cc(c2)c3cncs3)c4cnn(c4)C)OCCN(C)C,Cc1ccc(OCCN(C)C)cc1C(=O)N[C@H](C)c1cc(-c2cnn(C)c2)cc(-c2cncs2)c1,Components-smiles-stereo-oe.smi,<frozen-chemistry-source>,1
605,Y2O,resolved,[H]/N=C(/N)\NC[C@@H]1[C@H](c2ccc(cc2N1C(=O)OCc3ccccc3)CNC)NC(=O)C(=O)Nc4ccc(c(c4)F)Cl,[H]/N=C(/N)NC[C@@H]1[C@@H](NC(=O)C(=O)Nc2ccc(Cl)c(F)c2)c2ccc(CNC)cc2N1C(=O)OCc1ccccc1,Components-smiles-stereo-oe.smi,<frozen-chemistry-source>,6
2835,Y2R,resolved,Cc1ccc(cc1C(=O)N[C@H](C)c2cc(cc(c2)c3ccc(s3)CN)c4cccs4)OCCN(C)C,Cc1ccc(OCCN(C)C)cc1C(=O)N[C@H](C)c1cc(-c2cccs2)cc(-c2ccc(CN)s2)c1,Components-smiles-stereo-oe.smi,<frozen-chemistry-source>,1
2304,Y3N,resolved,CC(=O)Nc1ccc(cc1C(F)(F)F)C#N,CC(=O)Nc1ccc(C#N)cc1C(F)(F)F,Components-smiles-stereo-oe.smi,<frozen-chemistry-source>,3
2836,Y3R,resolved,CCOC(=O)CCC(=O)NNC(=O)CCc1ccccc1C(=O)N[C@H](C)c2cccc(c2)c3ccsc3,CCOC(=O)CCC(=O)NNC(=O)CCc1ccccc1C(=O)N[C@H](C)c1cccc(-c2ccsc2)c1,Components-smiles-stereo-oe.smi,<frozen-chemistry-source>,1
2411,Y41,resolved,Cc1c(cccc1N)C(=O)N[C@H](C)c2cccc3c2cccc3,Cc1c(N)cccc1C(=O)N[C@H](C)c1cccc2ccccc12,Components-smiles-stereo-oe.smi,<frozen-chemistry-source>,5
2601,Y48,resolved,CC(C)C[C@@H](C(=O)N[C@@H](C[C@@H]1CCNC1=O)[C@@H](O)S(=O)(=O)O)NC(=O)OCc2cc(c(cc2F)F)F,CC(C)C[C@H](NC(=O)OCc1cc(F)c(F)cc1F)C(=O)N[C@@H](C[C@@H]1CCNC1=O)[C@@H](O)S(=O)(=O)O,Components-smiles-stereo-oe.smi,<frozen-chemistry-source>,1
2433,Y4D,resolved,CC(C)C[C@@H](C(=O)N[C@@H](C[C@@H]1CCNC1=O)[C@H](O)S(=O)(=O)O)NC(=O)OCC2C[C@@H]3CCC[C@@H](C3)C2,CC(C)C[C@H](NC(=O)OCC1C[C@H]2CCC[C@@H](C1)C2)C(=O)N[C@@H](C[C@@H]1CCNC1=O)[C@H](O)S(=O)(=O)O,Components-smiles-stereo-oe.smi,<frozen-chemistry-source>,1
2441,Y4J,resolved,CC(C)C[C@@H](C(=O)N[C@@H](C[C@@H]1CCNC1=O)[C@H](O)S(=O)(=O)O)NC(=O)OC[C@@H]2C[C@@H]3CC=C[C@@H](C3)C2,CC(C)C[C@H](NC(=O)OC[C@H]1C[C@H]2C=CC[C@H](C2)C1)C(=O)N[C@@H](C[C@@H]1CCNC1=O)[C@H](O)S(=O)(=O)O,Components-smiles-stereo-oe.smi,<frozen-chemistry-source>,1
2438,Y4P,resolved,CC(C)C[C@@H](C(=O)N[C@@H](C[C@@H]1CCNC1=O)C(O)S(=O)(=O)O)NC(=O)OC[C@H]2C[C@H]3CC[C@@H]2C3,CC(C)C[C@H](NC(=O)OC[C@H]1C[C@H]2CC[C@@H]1C2)C(=O)N[C@@H](C[C@@H]1CCNC1=O)C(O)S(=O)(=O)O,Components-smiles-stereo-oe.smi,<frozen-chemistry-source>,1
2440,Y4V,resolved,CC(C)C[C@@H](C(=O)N[C@@H](C[C@@H]1CCNC1=O)[C@H](O)S(=O)(=O)O)NC(=O)OCC23CC4CC(C2)CC(C4)C3,CC(C)C[C@H](NC(=O)OCC12CC3CC(CC(C3)C1)C2)C(=O)N[C@@H](C[C@@H]1CCNC1=O)[C@H](O)S(=O)(=O)O,Components-smiles-stereo-oe.smi,<frozen-chemistry-source>,1
2445,Y51,resolved,CC(C)C[C@@H](C(=O)N[C@@H](C[C@@H]1CCNC1=O)C(O)S(=O)(=O)O)NC(=O)OC[C@H]2C[C@@H]3C[C@H]2C=C3,CC(C)C[C@H](NC(=O)OC[C@H]1C[C@H]2C=C[C@@H]1C2)C(=O)N[C@@H](C[C@@H]1CCNC1=O)C(O)S(=O)(=O)O,Components-smiles-stereo-oe.smi,<frozen-chemistry-source>,1
2447,Y54,resolved,Cc1ccc(cc1C(=O)N[C@H](C)c2cccc(c2)c3ccc(s3)CN[C@@H]4CC[C@@H](C4)O)NC5CNC5,Cc1ccc(NC2CNC2)cc1C(=O)N[C@H](C)c1cccc(-c2ccc(CN[C@@H]3CC[C@H](O)C3)s2)c1,Components-smiles-stereo-oe.smi,<frozen-chemistry-source>,1
313,Y55,resolved,c1cc(oc1)c2ccc3c(c2)C(=O)N(C(=O)C3)O,O=C1Cc2ccc(-c3ccco3)cc2C(=O)N1O,Components-smiles-stereo-oe.smi,<frozen-chemistry-source>,4
2434,Y5S,resolved,CC(C)C[C@@H](C(=O)N[C@@H](C[C@@H]1CCNC1=O)[C@@H](O)S(=O)(=O)O)NC(=O)OCC2C[C@@H]3CCC[C@@H](C3)C2,CC(C)C[C@H](NC(=O)OCC1C[C@H]2CCC[C@@H](C1)C2)C(=O)N[C@@H](C[C@@H]1CCNC1=O)[C@@H](O)S(=O)(=O)O,Components-smiles-stereo-oe.smi,<frozen-chemistry-source>,1
2448,Y61,resolved,Cc1ccc(cc1C(=O)N[C@H](C)c2cccc(c2)c3ccc(s3)CNC(=O)C)NC4CNC4,CC(=O)NCc1ccc(-c2cccc([C@@H](C)NC(=O)c3cc(NC4CNC4)ccc3C)c2)s1,Components-smiles-stereo-oe.smi,<frozen-chemistry-source>,1
2442,Y64,resolved,CC(C)C[C@@H](C(=O)N[C@@H](C[C@@H]1CCNC1=O)C(O)S(=O)(=O)O)NC(=O)OC[C@@H]2C[C@@H]3CC=C[C@@H](C3)C2,CC(C)C[C@H](NC(=O)OC[C@H]1C[C@H]2C=CC[C@H](C2)C1)C(=O)N[C@@H](C[C@@H]1CCNC1=O)C(O)S(=O)(=O)O,Components-smiles-stereo-oe.smi,<frozen-chemistry-source>,1
2949,Y6A,resolved,c1ccc2c(c1)nnn2CC(=O)N(Cc3ccsc3)c4ccc(cc4)c5c[nH]nc5,O=C(Cn1nnc2ccccc21)N(Cc1ccsc1)c1ccc(-c2cn[nH]c2)cc1,Components-smiles-stereo-oe.smi,<frozen-chemistry-source>,1
2950,Y6G,resolved,c1ccc2c(c1)nnn2CC(=O)N(Cc3ccsc3)c4ccc(cc4)c5c[nH]cn5,O=C(Cn1nnc2ccccc21)N(Cc1ccsc1)c1ccc(-c2c[nH]cn2)cc1,Components-smiles-stereo-oe.smi,<frozen-chemistry-source>,1
1952,Y6J,resolved,c1ccc2c(c1)nnn2CC(=O)N(Cc3ccsc3)c4ccc(cc4)NC(=O)C5CC5,O=C(Nc1ccc(N(Cc2ccsc2)C(=O)Cn2nnc3ccccc32)cc1)C1CC1,Components-smiles-stereo-oe.smi,<frozen-chemistry-source>,3
2446,Y71,resolved,CC(C)C[C@@H](C(=O)N[C@@H](C[C@@H]1CCNC1=O)C(O)S(=O)(=O)O)NC(=O)OC[C@H]2C[C@@H]3C[C@H]2C=C3,CC(C)C[C@H](NC(=O)OC[C@H]1C[C@H]2C=C[C@@H]1C2)C(=O)N[C@@H](C[C@@H]1CCNC1=O)C(O)S(=O)(=O)O,Components-smiles-stereo-oe.smi,<frozen-chemistry-source>,1
2437,Y7G,resolved,CC(C)C[C@@H](C(=O)N[C@@H](C[C@@H]1CCNC1=O)C(O)S(=O)(=O)O)NC(=O)OC[C@H]2C[C@H]3CC[C@@H]2C3,CC(C)C[C@H](NC(=O)OC[C@H]1C[C@H]2CC[C@@H]1C2)C(=O)N[C@@H](C[C@@H]1CCNC1=O)C(O)S(=O)(=O)O,Components-smiles-stereo-oe.smi,<frozen-chemistry-source>,1
2439,Y7M,resolved,CC(C)C[C@@H](C(=O)N[C@@H](C[C@@H]1CCNC1=O)C(O)S(=O)(=O)O)NC(=O)OCC23CC4CC(C2)CC(C4)C3,CC(C)C[C@H](NC(=O)OCC12CC3CC(CC(C3)C1)C2)C(=O)N[C@@H](C[C@@H]1CCNC1=O)C(O)S(=O)(=O)O,Components-smiles-stereo-oe.smi,<frozen-chemistry-source>,1
686,Y7N,resolved,c1ccc\2c(c1)C[C@@H](/C2=C/c3ccc4c(c3C(=O)O)OCO4)NC(=O)CCCCCN,NCCCCCC(=O)N[C@H]1Cc2ccccc2/C1=C\c1ccc2c(c1C(=O)O)OCO2,Components-smiles-stereo-oe.smi,<frozen-chemistry-source>,4
2717,Y8O,resolved,[H]/N=C\[C@H](C[C@@H]1CCCNC1=O)NC(=O)[C@@H]2[C@@H]3[C@@H](C3(C)C)CN2C(=O)[C@H](C(C)(C)C)NC(=O)C(F)F,[H]/N=C\[C@H](C[C@@H]1CCCNC1=O)NC(=O)[C@@H]1[C@@H]2[C@H](CN1C(=O)[C@@H](NC(=O)C(F)F)C(C)(C)C)C2(C)C,Components-smiles-stereo-oe.smi,<frozen-chemistry-source>,1
2443,Y8S,resolved,CC(C)C[C@@H](C(=O)N[C@@H](C[C@@H]1CCNC1=O)C(O)S(=O)(=O)O)NC(=O)OC[C@H]2C[C@@H]3CC=C[C@@H](C3)C2,CC(C)C[C@H](NC(=O)OC[C@@H]1C[C@H]2C=CC[C@H](C2)C1)C(=O)N[C@@H](C[C@@H]1CCNC1=O)C(O)S(=O)(=O)O,Components-smiles-stereo-oe.smi,<frozen-chemistry-source>,1
2444,Y8V,resolved,CC(C)C[C@@H](C(=O)N[C@@H](C[C@@H]1CCNC1=O)[C@@H](O)S(=O)(=O)O)NC(=O)OC[C@H]2C[C@@H]3CC=C[C@@H](C3)C2,CC(C)C[C@H](NC(=O)OC[C@@H]1C[C@H]2C=CC[C@H](C2)C1)C(=O)N[C@@H](C[C@@H]1CCNC1=O)[C@@H](O)S(=O)(=O)O,Components-smiles-stereo-oe.smi,<frozen-chemistry-source>,1
2435,Y8Y,resolved,CC(C)C[C@@H](C(=O)N[C@@H](C[C@@H]1CCNC1=O)C(O)S(=O)(=O)O)NC(=O)OCC2C[C@@H]3CCC[C@@H](C3)C2,CC(C)C[C@H](NC(=O)OCC1C[C@H]2CCC[C@@H](C1)C2)C(=O)N[C@@H](C[C@@H]1CCNC1=O)C(O)S(=O)(=O)O,Components-smiles-stereo-oe.smi,<frozen-chemistry-source>,1
2436,Y91,resolved,CC(C)C[C@@H](C(=O)N[C@@H](C[C@@H]1CCNC1=O)C(O)S(=O)(=O)O)NC(=O)OCC2C[C@@H]3CCC[C@@H](C3)C2,CC(C)C[C@H](NC(=O)OCC1C[C@H]2CCC[C@@H](C1)C2)C(=O)N[C@@H](C[C@@H]1CCNC1=O)C(O)S(=O)(=O)O,Components-smiles-stereo-oe.smi,<frozen-chemistry-source>,1
2415,Y94,resolved,Cc1ccc(cc1C(=O)N[C@H](C)c2cccc3c2cccc3)NC(=O)NCC=C,C=CCNC(=O)Nc1ccc(C)c(C(=O)N[C@H](C)c2cccc3ccccc23)c1,Components-smiles-stereo-oe.smi,<frozen-chemistry-source>,3
2408,Y95,resolved,Cc1ccc(cc1C(=O)N[C@H](C)c2cccc3c2cccc3)NC(=O)NC(=O)N,Cc1ccc(NC(=O)NC(N)=O)cc1C(=O)N[C@H](C)c1cccc2ccccc12,Components-smiles-stereo-oe.smi,<frozen-chemistry-source>,3
2416,Y96,resolved,Cc1ccc(cc1C(=O)N[C@H](C)c2cccc3c2cccc3)/C=N/O,Cc1ccc(/C=N/O)cc1C(=O)N[C@H](C)c1cccc2ccccc12,Components-smiles-stereo-oe.smi,<frozen-chemistry-source>,5
2449,Y97,resolved,Cc1ccc(cc1C(=O)N[C@H](C)c2cccc(c2)c3ccc(s3)CN[C@@H]4CCOC4)NC5CNC5,Cc1ccc(NC2CNC2)cc1C(=O)N[C@H](C)c1cccc(-c2ccc(CN[C@@H]3CCOC3)s2)c1,Components-smiles-stereo-oe.smi,<frozen-chemistry-source>,1
1010,Y9N,resolved,Cc1ccc(cc1Nc2nccc(n2)c3cccnc3)C(=O)N[C@@H](Cc4cc(cc(c4)F)F)[C@@H](CN(CC(C)C)S(=O)(=O)c5ccc(cc5)OC)O,COc1ccc(S(=O)(=O)N(CC(C)C)C[C@@H](O)[C@H](Cc2cc(F)cc(F)c2)NC(=O)c2ccc(C)c(Nc3nccc(-c4cccnc4)n3)c2)cc1,Components-smiles-stereo-oe.smi,<frozen-chemistry-source>,3
1009,Y9R,resolved,Cc1ccc(cc1Nc2nccc(n2)c3cccnc3)C(=O)N[C@@H](Cc4ccccc4)[C@@H](CN(CC(C)C)S(=O)(=O)c5ccc(cc5)N)O,Cc1ccc(C(=O)N[C@@H](Cc2ccccc2)[C@H](O)CN(CC(C)C)S(=O)(=O)c2ccc(N)cc2)cc1Nc1nccc(-c2cccnc2)n1,Components-smiles-stereo-oe.smi,<frozen-chemistry-source>,3
742,YAV,resolved,Cc1ccc2c(c1)c(c(o2)C#Cc3cccc(c3)C(=O)NCCOCCOCCNC(=O)c4cccc(c4)C#Cc5c(c6cc(ccc6o5)C)CC(=O)O)CC(=O)O,Cc1ccc2oc(C#Cc3cccc(C(=O)NCCOCCOCCNC(=O)c4cccc(C#Cc5oc6ccc(C)cc6c5CC(=O)O)c4)c3)c(CC(=O)O)c2c1,Components-smiles-stereo-oe.smi,<frozen-chemistry-source>,3
593,YB7,resolved,Cc1cc([nH]c1C(=O)N[C@@H](CN)c2ncc(s2)CO)c3ccc(cn3)C(F)(F)F,Cc1cc(-c2ccc(C(F)(F)F)cn2)[nH]c1C(=O)N[C@@H](CN)c1ncc(CO)s1,Components-smiles-stereo-oe.smi,<frozen-chemistry-source>,3
592,YBA,resolved,c1cc(c(cc1c2ccc([nH]2)C(=O)N[C@@H](CN)c3nc(cs3)CO)F)C(F)(F)F,NC[C@H](NC(=O)c1ccc(-c2ccc(C(F)(F)F)c(F)c2)[nH]1)c1nc(CO)cs1,Components-smiles-stereo-oe.smi,<frozen-chemistry-source>,3
594,YBD,resolved,c1cc(c(cc1c2ccc([nH]2)C(=O)N[C@H](CN)c3ncc(s3)CO)F)Cl,NC[C@@H](NC(=O)c1ccc(-c2ccc(Cl)c(F)c2)[nH]1)c1ncc(CO)s1,Components-smiles-stereo-oe.smi,<frozen-chemistry-source>,3
2951,YCV,resolved,CN(C)C(=O)COc1c(cc(cc1OC)c2cccc3c2cn[nH]3)C=O,COc1cc(-c2cccc3[nH]ncc23)cc(C=O)c1OCC(=O)N(C)C,Components-smiles-stereo-oe.smi,<frozen-chemistry-source>,1
2514,YD1,resolved,c1cc(c(cc1N2CCN(CC2)C(=O)C3=CC(=O)NC(=O)N3)Cl)Cl,O=C(c1cc(=O)[nH]c(=O)[nH]1)N1CCN(c2ccc(Cl)c(Cl)c2)CC1,Components-smiles-stereo-oe.smi,<frozen-chemistry-source>,1
2837,YDL,resolved,CC(C)(C)[C@@H](C(=O)N1C[C@@H](C[C@H]1C(=O)N[C@@H](C[C@@H]2CCNC2=O)C=N)C(F)(F)F)NC(=O)OC,COC(=O)N[C@H](C(=O)N1C[C@H](C(F)(F)F)C[C@H]1C(=O)N[C@H](C=N)C[C@@H]1CCNC1=O)C(C)(C)C,Components-smiles-stereo-oe.smi,<frozen-chemistry-source>,1
124,YDP,resolved,CC(=CCN([C@H]1CNC[C@@H]1N(CC=C(C)C)S(=O)(=O)c2ccc(cc2)C(=O)N)S(=O)(=O)c3ccc(cc3)C(=O)N)C,CC(C)=CCN([C@H]1CNC[C@@H]1N(CC=C(C)C)S(=O)(=O)c1ccc(C(N)=O)cc1)S(=O)(=O)c1ccc(C(N)=O)cc1,Components-smiles-stereo-oe.smi,<frozen-chemistry-source>,5
2719,YFK,resolved,CC(C)C[C@@H](C(=O)N[C@@H](C[C@@H]1CCNC1=O)C=C)NC(=O)c2cc3c([nH]2)cccc3OC,C=C[C@H](C[C@@H]1CCNC1=O)NC(=O)[C@H](CC(C)C)NC(=O)c1cc2c(OC)cccc2[nH]1,Components-smiles-stereo-oe.smi,<frozen-chemistry-source>,1
2450,YG4,resolved,CN1CN(C2=C1C(=O)NC(=N2)N)[C@H]3[C@@H]([C@@H]([C@H](O3)COP(=O)(O)OP(=O)(O)OP(=O)(O)OC[C@@H]4[C@H]([C@H]([C@@H](O4)N5CNc6c5ncnc6N)OC)OP(=O)(O)OC[C@@H]7[C@H]([C@H]([C@H](O7)N8C=CC(=O)NC8=O)O)O)O)O,CO[C@@H]1[C@H](OP(=O)(O)OC[C@H]2O[C@H](n3ccc(=O)[nH]c3=O)[C@H](O)[C@@H]2O)[C@@H](COP(=O)(O)OP(=O)(O)OP(=O)(O)OC[C@H]2O[C@@H](N3CN(C)c4c3nc(N)[nH]c4=O)[C@H](O)[C@@H]2O)O[C@H]1N1CNc2c(N)ncnc21,Components-smiles-stereo-oe.smi,<frozen-chemistry-source>,1
2452,YHI,resolved,CC1([C@@H]2[C@H]1[C@H](N(C2)C(=O)OCc3ccccc3)C(=O)N[C@@H](C[C@@H]4CCNC4=O)CO)C,CC1(C)[C@@H]2[C@@H](C(=O)N[C@H](CO)C[C@@H]3CCNC3=O)N(C(=O)OCc3ccccc3)C[C@@H]21,Components-smiles-stereo-oe.smi,<frozen-chemistry-source>,1
2451,YHJ,resolved,c1ccc(cc1)COC(=O)N2C[C@@H]3CCCC3[C@H]2C(=O)N[C@@H](C[C@@H]4CCNC4=O)CO,O=C1NCC[C@H]1C[C@@H](CO)NC(=O)[C@@H]1C2CCC[C@H]2CN1C(=O)OCc1ccccc1,Components-smiles-stereo-oe.smi,<frozen-chemistry-source>,1
2465,YKA,resolved,CC(C)C[C@@H](C(=O)N[C@@H](C[C@@H]1CC=NC1=O)C(O)S(=O)(=O)O)NC(=O)OC(C)(C)C2CCC(CC2)(F)F,CC(C)C[C@H](NC(=O)OC(C)(C)C1CCC(F)(F)CC1)C(=O)N[C@@H](C[C@@H]1CC=NC1=O)C(O)S(=O)(=O)O,Components-smiles-stereo-oe.smi,<frozen-chemistry-source>,1
2466,YKD,resolved,CC(C)C[C@@H](C(=O)N[C@@H](C[C@@H]1CC=NC1=O)C(O)S(=O)(=O)O)NC(=O)OC(C)(C)C2CCC(CC2)(F)F,CC(C)C[C@H](NC(=O)OC(C)(C)C1CCC(F)(F)CC1)C(=O)N[C@@H](C[C@@H]1CC=NC1=O)C(O)S(=O)(=O)O,Components-smiles-stereo-oe.smi,<frozen-chemistry-source>,1
2455,YKM,resolved,C[C@@H](C1CCC(CC1)(F)F)OC(=O)N[C@@H](CC(C)C)C(=O)N[C@@H](C[C@@H]2CCNC2=O)C(O)S(=O)(=O)O,CC(C)C[C@H](NC(=O)O[C@@H](C)C1CCC(F)(F)CC1)C(=O)N[C@@H](C[C@@H]1CCNC1=O)C(O)S(=O)(=O)O,Components-smiles-stereo-oe.smi,<frozen-chemistry-source>,1
626,YKN,resolved,Cc1ccnc(n1)SC(c2nc3ccccc3o2)(F)F,Cc1ccnc(SC(F)(F)c2nc3ccccc3o2)n1,Components-smiles-stereo-oe.smi,<frozen-chemistry-source>,5
2456,YKP,resolved,C[C@@H](C1CCC(CC1)(F)F)OC(=O)N[C@@H](CC(C)C)C(=O)N[C@@H](C[C@@H]2CCNC2=O)C(O)S(=O)(=O)O,CC(C)C[C@H](NC(=O)O[C@@H](C)C1CCC(F)(F)CC1)C(=O)N[C@@H](C[C@@H]1CCNC1=O)C(O)S(=O)(=O)O,Components-smiles-stereo-oe.smi,<frozen-chemistry-source>,1
2468,YKS,resolved,CC(C)C[C@@H](C(=O)N[C@@H](C[C@@H]1CCNC1=O)C(O)S(=O)(=O)O)NC(=O)O[C@@H](Cc2ccccc2)C3CCC(CC3)(F)F,CC(C)C[C@H](NC(=O)O[C@@H](Cc1ccccc1)C1CCC(F)(F)CC1)C(=O)N[C@@H](C[C@@H]1CCNC1=O)C(O)S(=O)(=O)O,Components-smiles-stereo-oe.smi,<frozen-chemistry-source>,1
2467,YKV,resolved,CC(C)C[C@@H](C(=O)N[C@@H](C[C@@H]1CCNC1=O)C(O)S(=O)(=O)O)NC(=O)O[C@@H](Cc2ccccc2)C3CCC(CC3)(F)F,CC(C)C[C@H](NC(=O)O[C@@H](Cc1ccccc1)C1CCC(F)(F)CC1)C(=O)N[C@@H](C[C@@H]1CCNC1=O)C(O)S(=O)(=O)O,Components-smiles-stereo-oe.smi,<frozen-chemistry-source>,1
2470,YKY,resolved,CC(C)C[C@@H](C(=O)N[C@@H](C[C@@H]1CC=NC1=O)C(O)S(=O)(=O)O)NC(=O)OCc2ccccc2F,CC(C)C[C@H](NC(=O)OCc1ccccc1F)C(=O)N[C@@H](C[C@@H]1CC=NC1=O)C(O)S(=O)(=O)O,Components-smiles-stereo-oe.smi,<frozen-chemistry-source>,1
2469,YL7,resolved,CC(C)C[C@@H](C(=O)N[C@@H](C[C@@H]1CC=NC1=O)C(O)S(=O)(=O)O)NC(=O)OCc2ccccc2F,CC(C)C[C@H](NC(=O)OCc1ccccc1F)C(=O)N[C@@H](C[C@@H]1CC=NC1=O)C(O)S(=O)(=O)O,Components-smiles-stereo-oe.smi,<frozen-chemistry-source>,1
2471,YLD,resolved,CC(C)C[C@@H](C(=O)N[C@@H](C[C@@H]1CCNC1=O)C(O)S(=O)(=O)O)NC(=O)OCc2cccc(c2)F,CC(C)C[C@H](NC(=O)OCc1cccc(F)c1)C(=O)N[C@@H](C[C@@H]1CCNC1=O)C(O)S(=O)(=O)O,Components-smiles-stereo-oe.smi,<frozen-chemistry-source>,1
2472,YLJ,resolved,CC(C)C[C@@H](C(=O)N[C@@H](C[C@@H]1CCNC1=O)C(O)S(=O)(=O)O)NC(=O)OCc2cccc(c2)F,CC(C)C[C@H](NC(=O)OCc1cccc(F)c1)C(=O)N[C@@H](C[C@@H]1CCNC1=O)C(O)S(=O)(=O)O,Components-smiles-stereo-oe.smi,<frozen-chemistry-source>,1
2457,YLM,resolved,CC(C)C[C@@H](C(=O)N[C@@H](C[C@@H]1CCNC1=O)C(O)S(=O)(=O)O)NC(=O)OCc2ccc(cc2)F,CC(C)C[C@H](NC(=O)OCc1ccc(F)cc1)C(=O)N[C@@H](C[C@@H]1CCNC1=O)C(O)S(=O)(=O)O,Components-smiles-stereo-oe.smi,<frozen-chemistry-source>,1
2458,YLS,resolved,CC(C)C[C@@H](C(=O)N[C@@H](C[C@@H]1CCNC1=O)[C@@H](O)S(=O)(=O)O)NC(=O)OCc2ccc(cc2)F,CC(C)C[C@H](NC(=O)OCc1ccc(F)cc1)C(=O)N[C@@H](C[C@@H]1CCNC1=O)[C@@H](O)S(=O)(=O)O,Components-smiles-stereo-oe.smi,<frozen-chemistry-source>,1
2473,YLV,resolved,CC(C)C[C@@H](C(=O)N[C@@H](C[C@@H]1C=CNC1=O)C(O)S(=O)(=O)O)NC(=O)OCc2c(c(c(c(c2F)F)F)F)F,CC(C)C[C@H](NC(=O)OCc1c(F)c(F)c(F)c(F)c1F)C(=O)N[C@@H](C[C@@H]1C=CNC1=O)C(O)S(=O)(=O)O,Components-smiles-stereo-oe.smi,<frozen-chemistry-source>,1
2474,YM1,resolved,CC(C)C[C@@H](C(=O)N[C@@H](C[C@@H]1C=CNC1=O)C(O)S(=O)(=O)O)NC(=O)OCc2c(c(c(c(c2F)F)F)F)F,CC(C)C[C@H](NC(=O)OCc1c(F)c(F)c(F)c(F)c1F)C(=O)N[C@@H](C[C@@H]1C=CNC1=O)C(O)S(=O)(=O)O,Components-smiles-stereo-oe.smi,<frozen-chemistry-source>,1
2460,YMD,resolved,CC(C)C[C@@H](C(=O)N[C@@H](C[C@@H]1CCNC1=O)C(O)S(=O)(=O)O)NC(=O)OC2CCC(CC2)(C)C,CC(C)C[C@H](NC(=O)OC1CCC(C)(C)CC1)C(=O)N[C@@H](C[C@@H]1CCNC1=O)C(O)S(=O)(=O)O,Components-smiles-stereo-oe.smi,<frozen-chemistry-source>,1
2459,YMG,resolved,CC(C)C[C@@H](C(=O)N[C@@H](C[C@@H]1CCNC1=O)C(O)S(=O)(=O)O)NC(=O)OC2CCC(CC2)(C)C,CC(C)C[C@H](NC(=O)OC1CCC(C)(C)CC1)C(=O)N[C@@H](C[C@@H]1CCNC1=O)C(O)S(=O)(=O)O,Components-smiles-stereo-oe.smi,<frozen-chemistry-source>,1
2461,YMJ,resolved,CCCC1CCC(CC1)OC(=O)N[C@@H](CC(C)C)C(=O)N[C@@H](C[C@@H]2CCNC2=O)C(O)S(=O)(=O)O,CCCC1CCC(OC(=O)N[C@@H](CC(C)C)C(=O)N[C@@H](C[C@@H]2CCNC2=O)C(O)S(=O)(=O)O)CC1,Components-smiles-stereo-oe.smi,<frozen-chemistry-source>,1
2462,YMM,resolved,CCCC1CCC(CC1)OC(=O)N[C@@H](CC(C)C)C(=O)N[C@@H](C[C@@H]2CCNC2=O)C(O)S(=O)(=O)O,CCCC1CCC(OC(=O)N[C@@H](CC(C)C)C(=O)N[C@@H](C[C@@H]2CCNC2=O)C(O)S(=O)(=O)O)CC1,Components-smiles-stereo-oe.smi,<frozen-chemistry-source>,1
2463,YMS,resolved,CC(C)C[C@@H](C(=O)N[C@@H](C[C@@H]1CCNC1=O)C(O)S(=O)(=O)O)NC(=O)OC2CCC(CC2)c3ccccc3,CC(C)C[C@H](NC(=O)OC1CCC(c2ccccc2)CC1)C(=O)N[C@@H](C[C@@H]1CCNC1=O)C(O)S(=O)(=O)O,Components-smiles-stereo-oe.smi,<frozen-chemistry-source>,1
2464,YMV,resolved,CC(C)C[C@@H](C(=O)N[C@@H](C[C@@H]1CCNC1=O)C(O)S(=O)(=O)O)NC(=O)OC2CCC(CC2)c3ccccc3,CC(C)C[C@H](NC(=O)OC1CCC(c2ccccc2)CC1)C(=O)N[C@@H](C[C@@H]1CCNC1=O)C(O)S(=O)(=O)O,Components-smiles-stereo-oe.smi,<frozen-chemistry-source>,1
2453,YMY,resolved,CCCC1CCC(CC1)COC(=O)N[C@@H](CC(C)C)C(=O)N[C@@H](C[C@@H]2CCNC2=O)C(O)S(=O)(=O)O,CCCC1CCC(COC(=O)N[C@@H](CC(C)C)C(=O)N[C@@H](C[C@@H]2CCNC2=O)C(O)S(=O)(=O)O)CC1,Components-smiles-stereo-oe.smi,<frozen-chemistry-source>,1
2454,YN1,resolved,CCCC1CCC(CC1)COC(=O)N[C@@H](CC(C)C)C(=O)N[C@@H](C[C@@H]2CCNC2=O)C(O)S(=O)(=O)O,CCCC1CCC(COC(=O)N[C@@H](CC(C)C)C(=O)N[C@@H](C[C@@H]2CCNC2=O)C(O)S(=O)(=O)O)CC1,Components-smiles-stereo-oe.smi,<frozen-chemistry-source>,1
2720,YOO,resolved,CN1CCC(CC1)c2cc(cc(c2)OC)C(=O)Nc3ccc(cc3)S(=O)(=O)N4CCCC4,COc1cc(C(=O)Nc2ccc(S(=O)(=O)N3CCCC3)cc2)cc(C2CCN(C)CC2)c1,Components-smiles-stereo-oe.smi,<frozen-chemistry-source>,1
2477,YOP,resolved,C1=CNC(=O)C(=C1)C[C@@H](CO)N,N[C@H](CO)Cc1ccc[nH]c1=O,Components-smiles-stereo-oe.smi,<frozen-chemistry-source>,1
2770,YQN,resolved,CC(C)(C)c1ccc(cc1)N([C@@H](c2cccnc2)C(=O)NC3CCCCC3)C(=O)C4C=NC(=O)NC4=O,CC(C)(C)c1ccc(N(C(=O)C2C=NC(=O)NC2=O)[C@H](C(=O)NC2CCCCC2)c2cccnc2)cc1,Components-smiles-stereo-oe.smi,<frozen-chemistry-source>,1
2526,YRL,resolved,c1cc(ccc1CCO)O,OCCc1ccc(O)cc1,Components-smiles-stereo-oe.smi,<frozen-chemistry-source>,1
2478,YSG,resolved,CCCOc1cc(cc(c1)Cl)C2=CC(=CN(C2=O)c3cccnc3)C4=CNC(=O)NC4=O,CCCOc1cc(Cl)cc(-c2cc(-c3c[nH]c(=O)[nH]c3=O)cn(-c3cccnc3)c2=O)c1,Components-smiles-stereo-oe.smi,<frozen-chemistry-source>,1
2481,YSJ,resolved,c1ccc(c(c1)COc2cc(cc(c2F)Cl)C3=CC(=CN(C3=O)c4cccnc4)C5=CNC(=O)NC5=O)Cl,O=c1[nH]cc(-c2cc(-c3cc(Cl)c(F)c(OCc4ccccc4Cl)c3)c(=O)n(-c3cccnc3)c2)c(=O)[nH]1,Components-smiles-stereo-oe.smi,<frozen-chemistry-source>,1
2480,YSM,resolved,c1cc(cc(c1)F)COc2cc(cc(c2)Cl)C3=CC(=CN(C3=O)c4cccnc4)C5=CNC(=O)NC5=O,O=c1[nH]cc(-c2cc(-c3cc(Cl)cc(OCc4cccc(F)c4)c3)c(=O)n(-c3cccnc3)c2)c(=O)[nH]1,Components-smiles-stereo-oe.smi,<frozen-chemistry-source>,1
2479,YSP,resolved,Cc1ccccc1COc2cc(cc(c2)Cl)C3=CC(=CN(C3=O)c4cccnc4)C5=CNC(=O)NC5=O,Cc1ccccc1COc1cc(Cl)cc(-c2cc(-c3c[nH]c(=O)[nH]c3=O)cn(-c3cccnc3)c2=O)c1,Components-smiles-stereo-oe.smi,<frozen-chemistry-source>,1
29,YT3,resolved,[Y+3],[Y+3],Components-smiles-stereo-oe.smi,<frozen-chemistry-source>,18
366,YTG,resolved,CN(c1ccc(cc1)Cl)C(=O)[C@H](Cc2ccccc2)NC(=O)Cc3c[nH]c4c3cc(cc4)O,CN(C(=O)[C@H](Cc1ccccc1)NC(=O)Cc1c[nH]c2ccc(O)cc12)c1ccc(Cl)cc1,Components-smiles-stereo-oe.smi,<frozen-chemistry-source>,3
2482,YTJ,resolved,COCCOc1cc(cc(c1)Cl)C2=CC(=CN(C2=O)c3cccnc3)c4ccccc4C#N,COCCOc1cc(Cl)cc(-c2cc(-c3ccccc3C#N)cn(-c3cccnc3)c2=O)c1,Components-smiles-stereo-oe.smi,<frozen-chemistry-source>,1
2483,YTM,resolved,c1ccc(cc1)CCOc2cc(cc(c2)Cl)C3=CC(=CN(C3=O)c4cccnc4)C5=CNC(=O)NC5=O,O=c1[nH]cc(-c2cc(-c3cc(Cl)cc(OCCc4ccccc4)c3)c(=O)n(-c3cccnc3)c2)c(=O)[nH]1,Components-smiles-stereo-oe.smi,<frozen-chemistry-source>,1
2485,YTS,resolved,c1cc(cnc1)N2C=C(C=C(C2=O)c3cc(cc(c3)Cl)OCCN4CCNC(=O)C4)C5=CNC(=O)NC5=O,O=C1CN(CCOc2cc(Cl)cc(-c3cc(-c4c[nH]c(=O)[nH]c4=O)cn(-c4cccnc4)c3=O)c2)CCN1,Components-smiles-stereo-oe.smi,<frozen-chemistry-source>,1
2484,YTV,resolved,CC(C)(CCOc1cc(cc(c1)Cl)C2=CC(=CN(C2=O)c3cccnc3)C4=CNC(=O)NC4=O)O,CC(C)(O)CCOc1cc(Cl)cc(-c2cc(-c3c[nH]c(=O)[nH]c3=O)cn(-c3cccnc3)c2=O)c1,Components-smiles-stereo-oe.smi,<frozen-chemistry-source>,1
1321,YTX,resolved,COc1cc(ccc1O)CC(=O)O,COc1cc(CC(=O)O)ccc1O,Components-smiles-stereo-oe.smi,<frozen-chemistry-source>,3
372,YTY,resolved,CCC(CC)CN(C[C@H]([C@H](Cc1ccc(cc1)OCP(=O)(OCC)OCC)NC(=O)O[C@H]2CO[C@@H]3[C@H]2CCO3)O)S(=O)(=O)c4ccc(cc4)[C@H](C)O,CCOP(=O)(COc1ccc(C[C@H](NC(=O)O[C@H]2CO[C@H]3OCC[C@H]32)[C@H](O)CN(CC(CC)CC)S(=O)(=O)c2ccc([C@H](C)O)cc2)cc1)OCC,Components-smiles-stereo-oe.smi,<frozen-chemistry-source>,3
2486,YU4,resolved,c1cc(cnc1)N2C=C(C=C(C2=O)c3cc(cc(c3)Cl)OCCC(F)(F)F)C4=CNC(=O)NC4=O,O=c1[nH]cc(-c2cc(-c3cc(Cl)cc(OCCC(F)(F)F)c3)c(=O)n(-c3cccnc3)c2)c(=O)[nH]1,Components-smiles-stereo-oe.smi,<frozen-chemistry-source>,1
378,YUA,resolved,CCC(CC)CN(C[C@H]([C@H](Cc1ccccc1)NC(=O)O[C@H]2CO[C@@H]3[C@H]2CCO3)O)S(=O)(=O)c4ccc5c(c4)CC[C@@H]5O,CCC(CC)CN(C[C@@H](O)[C@H](Cc1ccccc1)NC(=O)O[C@H]1CO[C@H]2OCC[C@H]21)S(=O)(=O)c1ccc2c(c1)CC[C@@H]2O,Components-smiles-stereo-oe.smi,<frozen-chemistry-source>,5
377,YUD,resolved,CC[C@H](C)CN(C[C@H]([C@H](Cc1ccccc1)NC(=O)O[C@H]2CO[C@@H]3[C@H]2CCO3)O)S(=O)(=O)c4ccc5c(c4)CC[C@@H]5O,CC[C@H](C)CN(C[C@@H](O)[C@H](Cc1ccccc1)NC(=O)O[C@H]1CO[C@H]2OCC[C@H]21)S(=O)(=O)c1ccc2c(c1)CC[C@@H]2O,Components-smiles-stereo-oe.smi,<frozen-chemistry-source>,5
376,YUJ,resolved,CC(C)CN(C[C@H]([C@H](Cc1ccccc1)NC(=O)O[C@H]2CO[C@@H]3[C@H]2CCO3)O)S(=O)(=O)c4ccc5c(c4)CC[C@@H]5O,CC(C)CN(C[C@@H](O)[C@H](Cc1ccccc1)NC(=O)O[C@H]1CO[C@H]2OCC[C@H]21)S(=O)(=O)c1ccc2c(c1)CC[C@@H]2O,Components-smiles-stereo-oe.smi,<frozen-chemistry-source>,5
374,YUM,resolved,Cc1nc(cs1)COc2ccc(cc2)C[C@@H]([C@@H](CN(CC(C)C)S(=O)(=O)c3ccc(cc3)[C@H](C)O)O)NC(=O)O[C@H]4CO[C@@H]5[C@H]4CCO5,Cc1nc(COc2ccc(C[C@H](NC(=O)O[C@H]3CO[C@H]4OCC[C@H]43)[C@H](O)CN(CC(C)C)S(=O)(=O)c3ccc([C@H](C)O)cc3)cc2)cs1,Components-smiles-stereo-oe.smi,<frozen-chemistry-source>,3
375,YUP,resolved,C[C@@H](c1ccc(cc1)S(=O)(=O)N(C[C@H]([C@H](Cc2cc(cc(c2)F)F)NC(=O)O[C@H]3CO[C@@H]4[C@H]3CCO4)O)CC(C)C)O,CC(C)CN(C[C@@H](O)[C@H](Cc1cc(F)cc(F)c1)NC(=O)O[C@H]1CO[C@H]2OCC[C@H]21)S(=O)(=O)c1ccc([C@H](C)O)cc1,Components-smiles-stereo-oe.smi,<frozen-chemistry-source>,3
2492,YV7,resolved,CCOC(=O)CC[C@H](C[C@@H]1CCNC1=O)NC(=O)[C@H](Cc2ccc(cc2)F)NC(=O)[C@@H](Cc3ccccc3)N,CCOC(=O)CC[C@H](C[C@@H]1CCNC1=O)NC(=O)[C@H](Cc1ccc(F)cc1)NC(=O)[C@H](N)Cc1ccccc1,Components-smiles-stereo-oe.smi,<frozen-chemistry-source>,1
2491,YVA,resolved,CCOC(=O)CC[C@H](C[C@@H]1CCNC1=O)NC(=O)[C@H](CC2CC2)NC(=O)/C=C/c3ccc(cc3)C#C,C#Cc1ccc(/C=C/C(=O)N[C@@H](CC2CC2)C(=O)N[C@H](CCC(=O)OCC)C[C@@H]2CCNC2=O)cc1,Components-smiles-stereo-oe.smi,<frozen-chemistry-source>,1
2493,YVD,resolved,CCOC(=O)CC[C@H](C[C@@H]1CCNC1=O)NC(=O)[C@H](Cc2ccc(cc2)F)NC(=O)[C@@H](Cc3ccc(cc3)F)N,CCOC(=O)CC[C@H](C[C@@H]1CCNC1=O)NC(=O)[C@H](Cc1ccc(F)cc1)NC(=O)[C@H](N)Cc1ccc(F)cc1,Components-smiles-stereo-oe.smi,<frozen-chemistry-source>,1
2494,YVG,resolved,CCOC(=O)CC[C@H](C[C@@H]1CCNC1=O)NC(=O)[C@H](Cc2ccccc2)NC(=O)[C@@H](Cc3ccccc3)N,CCOC(=O)CC[C@H](C[C@@H]1CCNC1=O)NC(=O)[C@H](Cc1ccccc1)NC(=O)[C@H](N)Cc1ccccc1,Components-smiles-stereo-oe.smi,<frozen-chemistry-source>,1
2495,YVJ,resolved,CCOC(=O)CC[C@H](C[C@@H]1CCNC1=O)NC(=O)[C@H](Cc2ccccc2)NC(=O)[C@@H](Cc3ccc(cc3)F)N,CCOC(=O)CC[C@H](C[C@@H]1CCNC1=O)NC(=O)[C@H](Cc1ccccc1)NC(=O)[C@H](N)Cc1ccc(F)cc1,Components-smiles-stereo-oe.smi,<frozen-chemistry-source>,1
2496,YVM,resolved,CCOC(=O)CC[C@H](C[C@@H]1CCNC1=O)NC(=O)[C@H](Cc2ccccc2)NC(=O)[C@@H](Cc3ccc(cc3)F)NC(=O)CCOCC#C,C#CCOCCC(=O)N[C@H](Cc1ccc(F)cc1)C(=O)N[C@@H](Cc1ccccc1)C(=O)N[C@H](CCC(=O)OCC)C[C@@H]1CCNC1=O,Components-smiles-stereo-oe.smi,<frozen-chemistry-source>,1
2488,YVP,resolved,[H]/N=C(/N)\NCCC[C@@H](C(=O)C)NC(=O)[C@H](Cc1ccccc1)NC(=O)[C@@H](Cc2ccccc2)NC(=O)CCOCC#C,[H]/N=C(/N)NCCC[C@H](NC(=O)[C@H](Cc1ccccc1)NC(=O)[C@@H](Cc1ccccc1)NC(=O)CCOCC#C)C(C)=O,Components-smiles-stereo-oe.smi,<frozen-chemistry-source>,1
2497,YVV,resolved,CCOC(=O)CC[C@H](C[C@@H]1CCNC1=O)NC(=O)[C@H](Cc2ccccc2)NC(=O)[C@@H](Cc3ccccc3)NC(=O)CCOCC#C,C#CCOCCC(=O)N[C@H](Cc1ccccc1)C(=O)N[C@@H](Cc1ccccc1)C(=O)N[C@H](CCC(=O)OCC)C[C@@H]1CCNC1=O,Components-smiles-stereo-oe.smi,<frozen-chemistry-source>,1
2490,YVY,resolved,CC(=O)[C@H](CCCNC(=O)N)NC(=O)[C@H](Cc1ccccc1)NC(=O)[C@@H](Cc2ccccc2)NC(=O)CCOCC#C,C#CCOCCC(=O)N[C@H](Cc1ccccc1)C(=O)N[C@@H](Cc1ccccc1)C(=O)N[C@@H](CCCNC(N)=O)C(C)=O,Components-smiles-stereo-oe.smi,<frozen-chemistry-source>,1
2718,YVZ,resolved,CC[C@H](C[C@@H]1CCNC1=O)NC(=O)[C@@H]2[C@@H]3[C@@H](C3(C)C)CN2C(=O)[C@H](C(C)(C)C)NC(=O)C(F)(F)F,CC[C@H](C[C@@H]1CCNC1=O)NC(=O)[C@@H]1[C@@H]2[C@H](CN1C(=O)[C@@H](NC(=O)C(F)(F)F)C(C)(C)C)C2(C)C,Components-smiles-stereo-oe.smi,<frozen-chemistry-source>,1
2498,YWJ,resolved,CC(C)C[C@@H](C(=O)N[C@@H](C[C@@H]1CCCNC1=O)C(=O)C)NC(=O)c2cc3c([nH]2)cccc3OC,COc1cccc2[nH]c(C(=O)N[C@@H](CC(C)C)C(=O)N[C@@H](C[C@@H]3CCCNC3=O)C(C)=O)cc12,Components-smiles-stereo-oe.smi,<frozen-chemistry-source>,1
370,YWM,resolved,CCOP(=O)(COc1ccc(cc1)C[C@@H]([C@@H](CN(CC(C)C)S(=O)(=O)c2ccc(cc2)[C@H](C)O)O)NC(=O)O[C@H]3CO[C@@H]4[C@H]3CCO4)OCC,CCOP(=O)(COc1ccc(C[C@H](NC(=O)O[C@H]2CO[C@H]3OCC[C@H]32)[C@H](O)CN(CC(C)C)S(=O)(=O)c2ccc([C@H](C)O)cc2)cc1)OCC,Components-smiles-stereo-oe.smi,<frozen-chemistry-source>,5
371,YWP,resolved,CCOP(=O)(COc1ccc(cc1)C[C@@H]([C@@H](CN(CC(C)C)S(=O)(=O)c2ccc(cc2)[C@@H](C)O)O)NC(=O)O[C@H]3CO[C@@H]4[C@H]3CCO4)OCC,CCOP(=O)(COc1ccc(C[C@H](NC(=O)O[C@H]2CO[C@H]3OCC[C@H]32)[C@H](O)CN(CC(C)C)S(=O)(=O)c2ccc([C@@H](C)O)cc2)cc1)OCC,Components-smiles-stereo-oe.smi,<frozen-chemistry-source>,5
373,YWS,resolved,CC[C@H](C)CN(C[C@H]([C@H](Cc1ccc(cc1)OCP(=O)(OCC)OCC)NC(=O)O[C@H]2CO[C@@H]3[C@H]2CCO3)O)S(=O)(=O)c4ccc(cc4)[C@H](C)O,CCOP(=O)(COc1ccc(C[C@H](NC(=O)O[C@H]2CO[C@H]3OCC[C@H]32)[C@H](O)CN(C[C@@H](C)CC)S(=O)(=O)c2ccc([C@H](C)O)cc2)cc1)OCC,Components-smiles-stereo-oe.smi,<frozen-chemistry-source>,5
1120,YYG,resolved,Cc1c(n2c(n1)N(c3c(ncn3[C@H]4[C@@H]([C@@H]([C@H](O4)COP(=O)(O)O)O)O)C2=O)C)CC[C@@H](C(=O)OC)NC(=O)OC,COC(=O)N[C@@H](CCc1c(C)nc2n(C)c3c(ncn3[C@@H]3O[C@H](COP(=O)(O)O)[C@@H](O)[C@H]3O)c(=O)n12)C(=O)OC,Components-smiles-stereo-oe.smi,<frozen-chemistry-source>,1
608,YZI,resolved,CN1CCN(CC1)C(=O)N2C[C@@H](C[C@@H](C2)C(=O)Nc3ccc(c(c3)F)Cl)CN,CN1CCN(C(=O)N2C[C@H](CN)C[C@H](C(=O)Nc3ccc(Cl)c(F)c3)C2)CC1,Components-smiles-stereo-oe.smi,<frozen-chemistry-source>,3
610,Z1I,resolved,C[C@@H]1CN(C[C@@H](N1C)C)C(=O)N2C[C@@H](C[C@@H](C2)C(=O)Nc3ccc(c(c3)F)Cl)CN,C[C@@H]1CN(C(=O)N2C[C@H](CN)C[C@H](C(=O)Nc3ccc(Cl)c(F)c3)C2)C[C@H](C)N1C,Components-smiles-stereo-oe.smi,<frozen-chemistry-source>,3
611,Z1Z,resolved,c1cc(c(cc1NC(=O)[C@H]2C[C@H](CN(C2)C(=O)N3CCN(CC3)C(=O)CN)CO)F)Cl,NCC(=O)N1CCN(C(=O)N2C[C@H](CO)C[C@H](C(=O)Nc3ccc(Cl)c(F)c3)C2)CC1,Components-smiles-stereo-oe.smi,<frozen-chemistry-source>,3
2026,Z26,resolved,COc1ccc(cc1CC(=O)Nc2cncc3c2cccc3)Cl,COc1ccc(Cl)cc1CC(=O)Nc1cncc2ccccc12,Components-smiles-stereo-oe.smi,<frozen-chemistry-source>,3
612,Z2O,resolved,c1cc(c(cc1NC(=O)[C@H]2C[C@H](CN(C2)C(=O)N3CCN(CC3)CC(=O)O)CO)F)Cl,O=C(O)CN1CCN(C(=O)N2C[C@H](CO)C[C@H](C(=O)Nc3ccc(Cl)c(F)c3)C2)CC1,Components-smiles-stereo-oe.smi,<frozen-chemistry-source>,3
609,Z3F,resolved,CN1CCN(CC1)C(=O)N2CCC[C@@H](C2)C(=O)Nc3ccc(c(c3)F)Cl,CN1CCN(C(=O)N2CCC[C@H](C(=O)Nc3ccc(Cl)c(F)c3)C2)CC1,Components-smiles-stereo-oe.smi,<frozen-chemistry-source>,3
613,Z6F,resolved,CN1CCN(CC1)C(=O)N2C[C@@H](C[C@@H](C2)C(=O)Nc3ccc(c(c3)F)Cl)CO,CN1CCN(C(=O)N2C[C@H](CO)C[C@H](C(=O)Nc3ccc(Cl)c(F)c3)C2)CC1,Components-smiles-stereo-oe.smi,<frozen-chemistry-source>,3
614,Z7N,resolved,C[C@@H]1CN(C[C@@H](N1C)C)C(=O)N2C[C@@H](C[C@@H](C2)C(=O)Nc3ccc(c(c3)F)Cl)CO,C[C@@H]1CN(C(=O)N2C[C@H](CO)C[C@H](C(=O)Nc3ccc(Cl)c(F)c3)C2)C[C@H](C)N1C,Components-smiles-stereo-oe.smi,<frozen-chemistry-source>,3
2721,ZGI,resolved,CC1([C@@H]2[C@H]1[C@H](N(C2)C(=O)[C@H](C(C)(C)C)NC(=O)NC(C)(C)C)C(=O)N[C@@H](C[C@@H]3CCNC3=O)C(=O)c4nc5ccccc5s4)C,CC(C)(C)NC(=O)N[C@H](C(=O)N1C[C@H]2[C@@H]([C@H]1C(=O)N[C@@H](C[C@@H]1CCNC1=O)C(=O)c1nc3ccccc3s1)C2(C)C)C(C)(C)C,Components-smiles-stereo-oe.smi,<frozen-chemistry-source>,1
2723,ZGO,resolved,CC1([C@@H]2[C@H]1[C@H](N(C2)C(=O)[C@H](C(C)(C)C)NC(=O)NC3(CCCCC3)CS(=O)(=O)C(C)(C)C)C(=O)N[C@@H](C[C@@H]4CCNC4=O)C#N)C,CC(C)(C)[C@H](NC(=O)NC1(CS(=O)(=O)C(C)(C)C)CCCCC1)C(=O)N1C[C@H]2[C@@H]([C@H]1C(=O)N[C@H](C#N)C[C@@H]1CCNC1=O)C2(C)C,Components-smiles-stereo-oe.smi,<frozen-chemistry-source>,1
2724,ZGW,resolved,CC1([C@@H]2[C@H]1[C@H](N(C2)C(=O)[C@H](C(C)(C)C)NC(=O)C(F)(F)F)C(=O)N[C@@H](C[C@@H]3CCNC3=O)C#N)C,CC(C)(C)[C@H](NC(=O)C(F)(F)F)C(=O)N1C[C@H]2[C@@H]([C@H]1C(=O)N[C@H](C#N)C[C@@H]1CCNC1=O)C2(C)C,Components-smiles-stereo-oe.smi,<frozen-chemistry-source>,1
2722,ZH0,resolved,CC(C)C[C@@H](C(=O)N[C@@H](C[C@@H]1CCNC1=O)C=O)NC(=O)OCc2ccccc2,CC(C)C[C@H](NC(=O)OCc1ccccc1)C(=O)N[C@H](C=O)C[C@@H]1CCNC1=O,Components-smiles-stereo-oe.smi,<frozen-chemistry-source>,1
2302,ZHA,resolved,CC(=O)Nc1ccc2c(c1)CCCC2=O,CC(=O)Nc1ccc2c(c1)CCCC2=O,Components-smiles-stereo-oe.smi,<frozen-chemistry-source>,3
2502,ZJ1,resolved,CCS(=O)(=O)N(c1ccc(cc1)C(C)(C)C)[C@H](c2cccnc2)C(=O)NC3CCCCC3,CCS(=O)(=O)N(c1ccc(C(C)(C)C)cc1)[C@@H](C(=O)NC1CCCCC1)c1cccnc1,Components-smiles-stereo-oe.smi,<frozen-chemistry-source>,1
2725,ZJ3,resolved,c1cc2c(cc1O[C@@H]3[C@@H]([C@@H]([C@H](O3)COP(=O)(O)OP(=O)(O)OC[C@@H]4[C@H]([C@H]([C@@H](O4)n5cnc6c5ncnc6N)O)O)O)O)OC(=O)C=C2C(F)(F)F,Nc1ncnc2c1ncn2[C@@H]1O[C@H](COP(=O)(O)OP(=O)(O)OC[C@H]2O[C@H](Oc3ccc4c(C(F)(F)F)cc(=O)oc4c3)[C@H](O)[C@@H]2O)[C@@H](O)[C@H]1O,Components-smiles-stereo-oe.smi,<frozen-chemistry-source>,1
2503,ZL7,resolved,CC[C@@H]([C@H](C(=O)NC1CC1)O)NC(=O)[C@H](CS(=O)(=O)CC2CC2)N[C@@H](c3ccc(cc3)F)C(F)(F)F,CC[C@H](NC(=O)[C@H](CS(=O)(=O)CC1CC1)N[C@@H](c1ccc(F)cc1)C(F)(F)F)[C@@H](O)C(=O)NC1CC1,Components-smiles-stereo-oe.smi,<frozen-chemistry-source>,1
929,ZLP,resolved,CC(C)CN(C[C@H]([C@H](Cc1ccccc1)NC(=O)O[C@H]2CO[C@@H]3[C@H]2[C@H](CO3)OCCOC)O)S(=O)(=O)c4ccc5c(c4)O/C(=N\C)/N5,C/N=c1/[nH]c2ccc(S(=O)(=O)N(CC(C)C)C[C@@H](O)[C@H](Cc3ccccc3)NC(=O)O[C@H]3CO[C@H]4OC[C@H](OCCOC)[C@H]43)cc2o1,Components-smiles-stereo-oe.smi,<frozen-chemistry-source>,3
615,ZNF,resolved,C[C@@H]1CN(C[C@@H](N1C)C)C(=O)N2CCC[C@@H](C2)C(=O)Nc3ccc(c(c3)F)Cl,C[C@@H]1CN(C(=O)N2CCC[C@H](C(=O)Nc3ccc(Cl)c(F)c3)C2)C[C@H](C)N1C,Components-smiles-stereo-oe.smi,<frozen-chemistry-source>,3
170,ZP4,resolved,CC1=CN(C(=O)NC1=O)[C@H]2C[C@@H]([C@H](O2)CO[P@@](=O)(O)O[P@@](=O)(O)O[P@@](=O)(O)O[P@](=O)(O)OC[C@@H]3[C@H]([C@H]([C@@H](O3)n4cnc5c4ncnc5N)O)O)N=[N+]=[N-],Cc1cn([C@H]2C[C@H](N=[N+]=[N-])[C@@H](CO[P@@](=O)(O)O[P@@](=O)(O)O[P@@](=O)(O)O[P@](=O)(O)OC[C@H]3O[C@@H](n4cnc5c(N)ncnc54)[C@H](O)[C@@H]3O)O2)c(=O)[nH]c1=O,Components-smiles-stereo-oe.smi,<frozen-chemistry-source>,11
1519,ZQA,resolved,CCc1csc(n1)c2cnc[nH]2,CCc1csc(-c2cnc[nH]2)n1,Components-smiles-stereo-oe.smi,<frozen-chemistry-source>,3
2805,ZQB,resolved,[H]/N=C\[C@H](C[C@@H]1CCCNC1=O)NC(=O)[C@H](CC2CC2)NC(=O)c3cc4cccc(c4[nH]3)Cl,[H]/N=C\[C@H](C[C@@H]1CCCNC1=O)NC(=O)[C@H](CC1CC1)NC(=O)c1cc2cccc(Cl)c2[nH]1,Components-smiles-stereo-oe.smi,<frozen-chemistry-source>,1
1523,ZQD,resolved,Cc1cc(no1)[C@@H]2CCCN2S(=O)(=O)C,Cc1cc([C@@H]2CCCN2S(C)(=O)=O)no1,Components-smiles-stereo-oe.smi,<frozen-chemistry-source>,4
1526,ZQG,resolved,c1cnc([nH]1)CCCN,NCCCc1ncc[nH]1,Components-smiles-stereo-oe.smi,<frozen-chemistry-source>,3
1527,ZQJ,resolved,CN1C(=O)C=C2CNCCC2=N1,Cn1nc2c(cc1=O)CNCC2,Components-smiles-stereo-oe.smi,<frozen-chemistry-source>,4
1528,ZQM,resolved,CC(C)Sc1ccccc1NC(=O)N,CC(C)Sc1ccccc1NC(N)=O,Components-smiles-stereo-oe.smi,<frozen-chemistry-source>,3
656,ZSV,resolved,COc1ccc(cc1)CNC(=O)c2ccccc2C[NH+](CC=C)Cc3ccc4c(c3C(=O)O)OC[C@@H](O4)CCC(=O)O,C=CC[NH+](Cc1ccccc1C(=O)NCc1ccc(OC)cc1)Cc1ccc2c(c1C(=O)O)OC[C@H](CCC(=O)O)O2,Components-smiles-stereo-oe.smi,<frozen-chemistry-source>,4
655,ZSW,resolved,CC[C@@H](C)NC(=O)c1ccccc1C[NH+](CC=C)Cc2ccc3c(c2C(=O)O)OC[C@@H](O3)CCC(=O)O,C=CC[NH+](Cc1ccccc1C(=O)N[C@H](C)CC)Cc1ccc2c(c1C(=O)O)OC[C@H](CCC(=O)O)O2,Components-smiles-stereo-oe.smi,<frozen-chemistry-source>,4
2794,ZU0,resolved,C[C@H]([C@@H](C(=O)O)N)OC(C)(C)C,C[C@@H](OC(C)(C)C)[C@H](N)C(=O)O,Components-smiles-stereo-oe.smi,<frozen-chemistry-source>,1
2795,ZV7,resolved,C(CN(C(=O)CCl)N)C=O,NN(CCC=O)C(=O)CCl,Components-smiles-stereo-oe.smi,<frozen-chemistry-source>,1
322,ZW2,resolved,c1ccc(cc1)Cc2cc3c(s2)NC(=O)N(C3=O)O,O=c1[nH]c2sc(Cc3ccccc3)cc2c(=O)n1O,Components-smiles-stereo-oe.smi,<frozen-chemistry-source>,4
194,ZYJ,resolved,COc1ccc(cc1OC)/C=N/O[C@@H]2C[C@H](NC2)C(=O)O,COc1ccc(/C=N/O[C@H]2CN[C@H](C(=O)O)C2)cc1OC,Components-smiles-stereo-oe.smi,<frozen-chemistry-source>,3
193,ZYK,resolved,COc1ccc(cc1OC)C(=O)NO[C@@H]2C[C@H](NC2)C(=O)O,COc1ccc(C(=O)NO[C@H]2CN[C@H](C(=O)O)C2)cc1OC,Components-smiles-stereo-oe.smi,<frozen-chemistry-source>,3
1323,ZZA,resolved,c1ccc(cc1)n2cc(cn2)C(=O)O,O=C(O)c1cnn(-c2ccccc2)c1,Components-smiles-stereo-oe.smi,<frozen-chemistry-source>,3
115,ZZE,resolved,CCc1c(c(n(n1)CCO)CC)Oc2cc(cc(c2)C#N)C#N,CCc1nn(CCO)c(CC)c1Oc1cc(C#N)cc(C#N)c1,Components-smiles-stereo-oe.smi,<frozen-chemistry-source>,5
