virus_name,pdb_id,protein
Human immunodeficiency virus 1,1A1N,Polymerase
Human immunodeficiency virus 1,1A1O,Polymerase
Human immunodeficiency virus 1,1A1T,Capsid Protein
Human immunodeficiency virus 1,1A1T,Nucleocapsid Protein
Human immunodeficiency virus 1,1A30,Capsid Protein
Human immunodeficiency virus 1,1A30,Protease
Human immunodeficiency virus 1,1A43,Capsid Protein
Human immunodeficiency virus 1,1A8G,Protease
Human immunodeficiency virus 1,1A8K,Protease
Human immunodeficiency virus 1,1A8O,Capsid Protein
Human immunodeficiency virus 1,1A94,Protease
Human immunodeficiency virus 1,1A9M,Protease
Human immunodeficiency virus 1,1AAF,Capsid Protein
Human immunodeficiency virus 1,1AAF,Nucleocapsid Protein
Human immunodeficiency virus 1,1AAQ,Protease
Human immunodeficiency virus 1,1ACY,Envelope Protein/Glycoprotein
Human immunodeficiency virus 1,1AFV,Capsid Protein
Human immunodeficiency virus 1,1AGB,Capsid Protein
Human immunodeficiency virus 1,1AGC,Capsid Protein
Human immunodeficiency virus 1,1AGD,Capsid Protein
Human immunodeficiency virus 1,1AGE,Capsid Protein
Human immunodeficiency virus 1,1AGF,Capsid Protein
Human immunodeficiency virus 1,1AID,Protease
Human immunodeficiency virus 1,1AIK,Envelope Protein/Glycoprotein
Human immunodeficiency virus 1,1AIK,Protease
Human immunodeficiency virus 1,1AJV,Protease
Human immunodeficiency virus 1,1AJX,Protease
Human immunodeficiency virus 1,1AK4,Capsid Protein
Human immunodeficiency virus 1,1AUM,Capsid Protein
Human immunodeficiency virus 1,1AXA,Protease
Human immunodeficiency virus 1,1B03,Envelope Protein/Glycoprotein
Human immunodeficiency virus 1,1B6J,Protease
Human immunodeficiency virus 1,1B6K,Protease
Human immunodeficiency virus 1,1B6L,Protease
Human immunodeficiency virus 1,1B6M,Protease
Human immunodeficiency virus 1,1B6P,Protease
Human immunodeficiency virus 1,1B92,Integrase
Human immunodeficiency virus 1,1B9D,Integrase
Human immunodeficiency virus 1,1B9F,Integrase
Human immunodeficiency virus 1,1BAJ,Capsid Protein
Human immunodeficiency virus 1,1BDE,Accessory Proteins
Human immunodeficiency virus 1,1BDL,Protease
Human immunodeficiency virus 1,1BDQ,Protease
Human immunodeficiency virus 1,1BDR,Protease
Human immunodeficiency virus 1,1BHL,Integrase
Human immunodeficiency virus 1,1BI4,Integrase
Human immunodeficiency virus 1,1BIS,Integrase
Human immunodeficiency virus 1,1BIS,Protease
Human immunodeficiency virus 1,1BIU,Integrase
Human immunodeficiency virus 1,1BIU,Protease
Human immunodeficiency virus 1,1BIZ,Integrase
Human immunodeficiency virus 1,1BIZ,Protease
Human immunodeficiency virus 1,1BJ6,Capsid Protein
Human immunodeficiency virus 1,1BJ6,Nucleocapsid Protein
Human immunodeficiency virus 1,1BL3,Integrase
Human immunodeficiency virus 1,1BMX,Capsid Protein
Human immunodeficiency virus 1,1BQM,Polymerase
Human immunodeficiency virus 1,1BQM,Reverse Transcriptase
Human immunodeficiency virus 1,1BQN,Polymerase
Human immunodeficiency virus 1,1BQN,Reverse Transcriptase
Human immunodeficiency virus 1,1BV7,Protease
Human immunodeficiency virus 1,1BV9,Protease
Human immunodeficiency virus 1,1BVE,Polymerase
Human immunodeficiency virus 1,1BVE,Protease
Human immunodeficiency virus 1,1BVG,Polymerase
Human immunodeficiency virus 1,1BVG,Protease
Human immunodeficiency virus 1,1BVJ,Reverse Transcriptase
Human immunodeficiency virus 1,1BWA,Protease
Human immunodeficiency virus 1,1BWB,Protease
Human immunodeficiency virus 1,1C0T,Reverse Transcriptase
Human immunodeficiency virus 1,1C0U,Reverse Transcriptase
Human immunodeficiency virus 1,1C1B,Reverse Transcriptase
Human immunodeficiency virus 1,1C1C,Reverse Transcriptase
Human immunodeficiency virus 1,1C6X,Protease
Human immunodeficiency virus 1,1C6Y,Protease
Human immunodeficiency virus 1,1C6Z,Protease
Human immunodeficiency virus 1,1C70,Protease
Human immunodeficiency virus 1,1CE0,Envelope Protein/Glycoprotein
Human immunodeficiency virus 1,1CE4,Envelope Protein/Glycoprotein
Human immunodeficiency virus 1,1CEU,Accessory Proteins
Human immunodeficiency virus 1,1CPI,Protease
Human immunodeficiency virus 1,1D4K,Protease
Human immunodeficiency virus 1,1D4L,Protease
Human immunodeficiency virus 1,1D4S,Protease
Human immunodeficiency virus 1,1D4Y,Protease
Human immunodeficiency virus 1,1DAZ,Protease
Human immunodeficiency virus 1,1DDH,Envelope Protein/Glycoprotein
Human immunodeficiency virus 1,1DF4,Envelope Protein/Glycoprotein
Human immunodeficiency virus 1,1DF5,Envelope Protein/Glycoprotein
Human immunodeficiency virus 1,1DIF,Protease
Human immunodeficiency virus 1,1DLB,Envelope Protein/Glycoprotein
Human immunodeficiency virus 1,1DLO,Polymerase
Human immunodeficiency virus 1,1DLO,Reverse Transcriptase
Human immunodeficiency virus 1,1DMP,Polymerase
Human immunodeficiency virus 1,1DMP,Protease
Human immunodeficiency virus 1,1DSJ,Accessory Proteins
Human immunodeficiency virus 1,1DSK,Accessory Proteins
Human immunodeficiency virus 1,1DTQ,Reverse Transcriptase
Human immunodeficiency virus 1,1DTT,Reverse Transcriptase
Human immunodeficiency virus 1,1DW6,Protease
Human immunodeficiency virus 1,1E6J,Capsid Protein
Human immunodeficiency virus 1,1EBK,Protease
Human immunodeficiency virus 1,1EBW,Protease
Human immunodeficiency virus 1,1EBY,Protease
Human immunodeficiency virus 1,1EBZ,Protease
Human immunodeficiency virus 1,1EC0,Protease
Human immunodeficiency virus 1,1EC1,Protease
Human immunodeficiency virus 1,1EC2,Protease
Human immunodeficiency virus 1,1EC3,Protease
Human immunodeficiency virus 1,1EET,Reverse Transcriptase
Human immunodeficiency virus 1,1ENV,Envelope Protein/Glycoprotein
Human immunodeficiency virus 1,1EP4,Reverse Transcriptase
Human immunodeficiency virus 1,1ERF,Envelope Protein/Glycoprotein
Human immunodeficiency virus 1,1ESK,Capsid Protein
Human immunodeficiency virus 1,1ESK,Nucleocapsid Protein
Human immunodeficiency virus 1,1ESX,Accessory Proteins
Human immunodeficiency virus 1,1EX4,Integrase
Human immunodeficiency virus 1,1EXQ,Integrase
Human immunodeficiency virus 1,1F23,Envelope Protein/Glycoprotein
Human immunodeficiency virus 1,1F58,Envelope Protein/Glycoprotein
Human immunodeficiency virus 1,1F6U,Capsid Protein
Human immunodeficiency virus 1,1F6U,Nucleocapsid Protein
Human immunodeficiency virus 1,1F7A,Capsid Protein
Human immunodeficiency virus 1,1F7A,Protease
Human immunodeficiency virus 1,1FAV,Envelope Protein/Glycoprotein
Human immunodeficiency virus 1,1FB7,Protease
Human immunodeficiency virus 1,1FEJ,Protease
Human immunodeficiency virus 1,1FF0,Protease
Human immunodeficiency virus 1,1FFF,Protease
Human immunodeficiency virus 1,1FFI,Protease
Human immunodeficiency virus 1,1FG6,Protease
Human immunodeficiency virus 1,1FG8,Protease
Human immunodeficiency virus 1,1FGC,Protease
Human immunodeficiency virus 1,1FGL,Capsid Protein
Human immunodeficiency virus 1,1FI0,Accessory Proteins
Human immunodeficiency virus 1,1FK9,Reverse Transcriptase
Human immunodeficiency virus 1,1FKO,Reverse Transcriptase
Human immunodeficiency virus 1,1FKP,Reverse Transcriptase
Human immunodeficiency virus 1,1FQX,Protease
Human immunodeficiency virus 1,1G2K,Protease
Human immunodeficiency virus 1,1G35,Protease
Human immunodeficiency virus 1,1G6L,Protease
Human immunodeficiency virus 1,1G9M,Envelope Protein/Glycoprotein
Human immunodeficiency virus 1,1G9N,Envelope Protein/Glycoprotein
Human immunodeficiency virus 1,1GC1,Envelope Protein/Glycoprotein
Human immunodeficiency virus 1,1GGI,Envelope Protein/Glycoprotein
Human immunodeficiency virus 1,1GNM,Protease
Human immunodeficiency virus 1,1GNN,Protease
Human immunodeficiency virus 1,1GNO,Protease
Human immunodeficiency virus 1,1GTC,RNAse H
Human immunodeficiency virus 1,1GTC,Reverse Transcriptase
Human immunodeficiency virus 1,1GWP,Capsid Protein
Human immunodeficiency virus 1,1GWP,Matrix Protein
Human immunodeficiency virus 1,1GZL,Envelope Protein/Glycoprotein
Human immunodeficiency virus 1,1GZL,Fusion Protein
Human immunodeficiency virus 1,1HAR,Polymerase
Human immunodeficiency virus 1,1HAR,Reverse Transcriptase
Human immunodeficiency virus 1,1HBV,Protease
Human immunodeficiency virus 1,1HEF,Protease
Human immunodeficiency virus 1,1HEG,Protease
Human immunodeficiency virus 1,1HHG,Envelope Protein/Glycoprotein
Human immunodeficiency virus 1,1HHJ,Reverse Transcriptase
Human immunodeficiency virus 1,1HHP,Protease
Human immunodeficiency virus 1,1HIH,Protease
Human immunodeficiency virus 1,1HIV,Protease
Human immunodeficiency virus 1,1HIW,Capsid Protein
Human immunodeficiency virus 1,1HIW,Matrix Protein
Human immunodeficiency virus 1,1HMV,Polymerase
Human immunodeficiency virus 1,1HMV,Reverse Transcriptase
Human immunodeficiency virus 1,1HNI,Reverse Transcriptase
Human immunodeficiency virus 1,1HNV,Reverse Transcriptase
Human immunodeficiency virus 1,1HOS,Protease
Human immunodeficiency virus 1,1HPO,Protease
Human immunodeficiency virus 1,1HPS,Protease
Human immunodeficiency virus 1,1HPV,Protease
Human immunodeficiency virus 1,1HPX,Protease
Human immunodeficiency virus 1,1HPZ,Reverse Transcriptase
Human immunodeficiency virus 1,1HQE,Reverse Transcriptase
Human immunodeficiency virus 1,1HQU,Reverse Transcriptase
Human immunodeficiency virus 1,1HRH,RNAse H
Human immunodeficiency virus 1,1HRH,Reverse Transcriptase
Human immunodeficiency virus 1,1HSG,Protease
Human immunodeficiency virus 1,1HTE,Protease
Human immunodeficiency virus 1,1HTF,Protease
Human immunodeficiency virus 1,1HTG,Protease
Human immunodeficiency virus 1,1HVC,Protease
Human immunodeficiency virus 1,1HVH,Protease
Human immunodeficiency virus 1,1HVI,Protease
Human immunodeficiency virus 1,1HVJ,Protease
Human immunodeficiency virus 1,1HVK,Protease
Human immunodeficiency virus 1,1HVL,Protease
Human immunodeficiency virus 1,1HVN,Capsid Protein
Human immunodeficiency virus 1,1HVN,Nucleocapsid Protein
Human immunodeficiency virus 1,1HVO,Capsid Protein
Human immunodeficiency virus 1,1HVO,Nucleocapsid Protein
Human immunodeficiency virus 1,1HVR,Protease
Human immunodeficiency virus 1,1HVS,Protease
Human immunodeficiency virus 1,1HVU,Protease
Human immunodeficiency virus 1,1HVU,Reverse Transcriptase
Human immunodeficiency virus 1,1HWR,Protease
Human immunodeficiency virus 1,1HXB,Protease
Human immunodeficiency virus 1,1HXW,Protease
Human immunodeficiency virus 1,1HYS,RNAse H
Human immunodeficiency virus 1,1HYS,Reverse Transcriptase
Human immunodeficiency virus 1,1HYV,Integrase
Human immunodeficiency virus 1,1HYZ,Integrase
Human immunodeficiency virus 1,1I5X,Envelope Protein/Glycoprotein
Human immunodeficiency virus 1,1I5Y,Envelope Protein/Glycoprotein
Human immunodeficiency virus 1,1IHV,Integrase
Human immunodeficiency virus 1,1IHW,Integrase
Human immunodeficiency virus 1,1IIQ,Protease
Human immunodeficiency virus 1,1IKV,Reverse Transcriptase
Human immunodeficiency virus 1,1IKW,Reverse Transcriptase
Human immunodeficiency virus 1,1IKX,Reverse Transcriptase
Human immunodeficiency virus 1,1IKY,Reverse Transcriptase
Human immunodeficiency virus 1,1IM7,Envelope Protein/Glycoprotein
Human immunodeficiency virus 1,1ITG,Integrase
Human immunodeficiency virus 1,1IZH,Protease
Human immunodeficiency virus 1,1IZI,Protease
Human immunodeficiency virus 1,1J5O,Polymerase
Human immunodeficiency virus 1,1J5O,Reverse Transcriptase
Human immunodeficiency virus 1,1J8N,Envelope Protein/Glycoprotein
Human immunodeficiency virus 1,1J8Z,Envelope Protein/Glycoprotein
Human immunodeficiency virus 1,1J9V,Envelope Protein/Glycoprotein
Human immunodeficiency virus 1,1JAA,Envelope Protein/Glycoprotein
Human immunodeficiency virus 1,1JAR,Envelope Protein/Glycoprotein
Human immunodeficiency virus 1,1JAU,Envelope Protein/Glycoprotein
Human immunodeficiency virus 1,1JAV,Envelope Protein/Glycoprotein
Human immunodeficiency virus 1,1JC8,Envelope Protein/Glycoprotein
Human immunodeficiency virus 1,1JCP,Envelope Protein/Glycoprotein
Human immunodeficiency virus 1,1JD8,Envelope Protein/Glycoprotein
Human immunodeficiency virus 1,1JD8,Transmembrane Protein
Human immunodeficiency virus 1,1JFW,Accessory Proteins
Human immunodeficiency virus 1,1JKH,Reverse Transcriptase
Human immunodeficiency virus 1,1JLA,Reverse Transcriptase
Human immunodeficiency virus 1,1JLB,Reverse Transcriptase
Human immunodeficiency virus 1,1JLC,Reverse Transcriptase
Human immunodeficiency virus 1,1JLE,Reverse Transcriptase
Human immunodeficiency virus 1,1JLF,Reverse Transcriptase
Human immunodeficiency virus 1,1JLG,Reverse Transcriptase
Human immunodeficiency virus 1,1JLQ,Reverse Transcriptase
Human immunodeficiency virus 1,1JM4,Accessory Proteins
Human immunodeficiency virus 1,1K1T,Protease
Human immunodeficiency virus 1,1K1U,Protease
Human immunodeficiency virus 1,1K2B,Protease
Human immunodeficiency virus 1,1K2C,Protease
Human immunodeficiency virus 1,1K33,Envelope Protein/Glycoprotein
Human immunodeficiency virus 1,1K34,Envelope Protein/Glycoprotein
Human immunodeficiency virus 1,1K5K,Accessory Proteins
Human immunodeficiency virus 1,1K5M,Envelope Protein/Glycoprotein
Human immunodeficiency virus 1,1K5M,VP Proteins
Human immunodeficiency virus 1,1K6C,Protease
Human immunodeficiency virus 1,1K6P,Protease
Human immunodeficiency virus 1,1K6T,Protease
Human immunodeficiency virus 1,1K6V,Protease
Human immunodeficiency virus 1,1K6Y,Integrase
Human immunodeficiency virus 1,1KJ4,Capsid Protein
Human immunodeficiency virus 1,1KJ4,Protease
Human immunodeficiency virus 1,1KJ7,Capsid Protein
Human immunodeficiency virus 1,1KJ7,Nucleocapsid Protein
Human immunodeficiency virus 1,1KJ7,Protease
Human immunodeficiency virus 1,1KJF,Capsid Protein
Human immunodeficiency virus 1,1KJF,Protease
Human immunodeficiency virus 1,1KJG,Capsid Protein
Human immunodeficiency virus 1,1KJG,Protease
Human immunodeficiency virus 1,1KJG,RNAse H
Human immunodeficiency virus 1,1KJG,Reverse Transcriptase
Human immunodeficiency virus 1,1KJH,Integrase
Human immunodeficiency virus 1,1KJH,Protease
Human immunodeficiency virus 1,1KJH,RNAse H
Human immunodeficiency virus 1,1KLM,Polymerase
Human immunodeficiency virus 1,1KLM,Reverse Transcriptase
Human immunodeficiency virus 1,1KZS,Accessory Proteins
Human immunodeficiency virus 1,1KZT,Accessory Proteins
Human immunodeficiency virus 1,1KZV,Accessory Proteins
Human immunodeficiency virus 1,1L6N,Capsid Protein
Human immunodeficiency virus 1,1LB0,Envelope Protein/Glycoprotein
Human immunodeficiency virus 1,1LCX,Envelope Protein/Glycoprotein
Human immunodeficiency virus 1,1LV1,Protease
Human immunodeficiency virus 1,1LVJ,Accessory Proteins
Human immunodeficiency virus 1,1LW0,Reverse Transcriptase
Human immunodeficiency virus 1,1LW2,Reverse Transcriptase
Human immunodeficiency virus 1,1LWC,Reverse Transcriptase
Human immunodeficiency virus 1,1LWE,Reverse Transcriptase
Human immunodeficiency virus 1,1LWF,Reverse Transcriptase
Human immunodeficiency virus 1,1LZQ,Capsid Protein
Human immunodeficiency virus 1,1LZQ,Protease
Human immunodeficiency virus 1,1M0B,Capsid Protein
Human immunodeficiency virus 1,1M0B,Protease
Human immunodeficiency virus 1,1M4P,Capsid Protein
Human immunodeficiency virus 1,1M4Q,Capsid Protein
Human immunodeficiency virus 1,1M8L,Accessory Proteins
Human immunodeficiency virus 1,1M9C,Capsid Protein
Human immunodeficiency virus 1,1M9D,Capsid Protein
Human immunodeficiency virus 1,1M9E,Capsid Protein
Human immunodeficiency virus 1,1M9F,Capsid Protein
Human immunodeficiency virus 1,1M9X,Capsid Protein
Human immunodeficiency virus 1,1M9Y,Capsid Protein
Human immunodeficiency virus 1,1MEQ,Envelope Protein/Glycoprotein
Human immunodeficiency virus 1,1MER,Protease
Human immunodeficiency virus 1,1MES,Protease
Human immunodeficiency virus 1,1MET,Protease
Human immunodeficiency virus 1,1MEU,Protease
Human immunodeficiency virus 1,1MRW,Protease
Human immunodeficiency virus 1,1MRX,Protease
Human immunodeficiency virus 1,1MSM,Protease
Human immunodeficiency virus 1,1MSN,Protease
Human immunodeficiency virus 1,1MT7,Capsid Protein
Human immunodeficiency virus 1,1MT7,Protease
Human immunodeficiency virus 1,1MT8,Capsid Protein
Human immunodeficiency virus 1,1MT8,Protease
Human immunodeficiency virus 1,1MT9,Capsid Protein
Human immunodeficiency virus 1,1MT9,Protease
Human immunodeficiency virus 1,1MTB,Capsid Protein
Human immunodeficiency virus 1,1MTB,Protease
Human immunodeficiency virus 1,1MTR,Protease
Human immunodeficiency virus 1,1MUI,Protease
Human immunodeficiency virus 1,1MZI,Envelope Protein/Glycoprotein
Human immunodeficiency virus 1,1MZI,Fusion Protein
Human immunodeficiency virus 1,1N49,Capsid Protein
Human immunodeficiency virus 1,1N49,Protease
Human immunodeficiency virus 1,1N5Y,Reverse Transcriptase
Human immunodeficiency virus 1,1N6Q,Reverse Transcriptase
Human immunodeficiency virus 1,1NAK,Envelope Protein/Glycoprotein
Human immunodeficiency virus 1,1NCP,Capsid Protein
Human immunodeficiency virus 1,1NCP,Nucleocapsid Protein
Human immunodeficiency virus 1,1NH0,Protease
Human immunodeficiency virus 1,1NIZ,Envelope Protein/Glycoprotein
Human immunodeficiency virus 1,1NJ0,Envelope Protein/Glycoprotein
Human immunodeficiency virus 1,1NPA,Protease
Human immunodeficiency virus 1,1NPV,Protease
Human immunodeficiency virus 1,1NPW,Protease
Human immunodeficiency virus 1,1O1W,RNAse H
Human immunodeficiency virus 1,1O1W,Reverse Transcriptase
Human immunodeficiency virus 1,1ODW,Capsid Protein
Human immunodeficiency virus 1,1ODW,Protease
Human immunodeficiency virus 1,1ODX,Capsid Protein
Human immunodeficiency virus 1,1ODX,Protease
Human immunodeficiency virus 1,1ODY,Protease
Human immunodeficiency virus 1,1OHR,Protease
Human immunodeficiency virus 1,1P5A,Envelope Protein/Glycoprotein
Human immunodeficiency virus 1,1PI7,Accessory Proteins
Human immunodeficiency virus 1,1PI8,Accessory Proteins
Human immunodeficiency virus 1,1PJE,Accessory Proteins
Human immunodeficiency virus 1,1PRO,Polymerase
Human immunodeficiency virus 1,1PRO,Protease
Human immunodeficiency virus 1,1Q1J,Envelope Protein/Glycoprotein
Human immunodeficiency virus 1,1Q94,Reverse Transcriptase
Human immunodeficiency virus 1,1QA4,Protease
Human immunodeficiency virus 1,1QA5,Protease
Human immunodeficiency virus 1,1QBR,Protease
Human immunodeficiency virus 1,1QBS,Protease
Human immunodeficiency virus 1,1QBT,Protease
Human immunodeficiency virus 1,1QBU,Protease
Human immunodeficiency virus 1,1QD3,Accessory Proteins
Human immunodeficiency virus 1,1QE1,Polymerase
Human immunodeficiency virus 1,1QE1,Reverse Transcriptase
Human immunodeficiency virus 1,1QMC,Integrase
Human immunodeficiency virus 1,1QNZ,Envelope Protein/Glycoprotein
Human immunodeficiency virus 1,1QR8,Envelope Protein/Glycoprotein
Human immunodeficiency virus 1,1QR9,Envelope Protein/Glycoprotein
Human immunodeficiency virus 1,1QS4,Integrase
Human immunodeficiency virus 1,1QS4,Protease
Human immunodeficiency virus 1,1R0A,Reverse Transcriptase
Human immunodeficiency virus 1,1RDH,RNAse H
Human immunodeficiency virus 1,1RDH,Reverse Transcriptase
Human immunodeficiency virus 1,1REV,Protease
Human immunodeficiency virus 1,1REV,Reverse Transcriptase
Human immunodeficiency virus 1,1RL8,Capsid Protein
Human immunodeficiency virus 1,1RL8,Protease
Human immunodeficiency virus 1,1RPI,Protease
Human immunodeficiency virus 1,1RQ9,Protease
Human immunodeficiency virus 1,1RT1,Reverse Transcriptase
Human immunodeficiency virus 1,1RT2,Reverse Transcriptase
Human immunodeficiency virus 1,1RT3,Reverse Transcriptase
Human immunodeficiency virus 1,1RT4,Reverse Transcriptase
Human immunodeficiency virus 1,1RT5,Reverse Transcriptase
Human immunodeficiency virus 1,1RT6,Reverse Transcriptase
Human immunodeficiency virus 1,1RT7,Reverse Transcriptase
Human immunodeficiency virus 1,1RTD,Reverse Transcriptase
Human immunodeficiency virus 1,1RTH,Reverse Transcriptase
Human immunodeficiency virus 1,1RTI,Reverse Transcriptase
Human immunodeficiency virus 1,1RTJ,Reverse Transcriptase
Human immunodeficiency virus 1,1RV7,Protease
Human immunodeficiency virus 1,1RZJ,Envelope Protein/Glycoprotein
Human immunodeficiency virus 1,1RZK,Envelope Protein/Glycoprotein
Human immunodeficiency virus 1,1S1T,Reverse Transcriptase
Human immunodeficiency virus 1,1S1U,Reverse Transcriptase
Human immunodeficiency virus 1,1S1V,Reverse Transcriptase
Human immunodeficiency virus 1,1S1W,Reverse Transcriptase
Human immunodeficiency virus 1,1S1X,Reverse Transcriptase
Human immunodeficiency virus 1,1S6P,Polymerase
Human immunodeficiency virus 1,1S6P,Reverse Transcriptase
Human immunodeficiency virus 1,1S6Q,Polymerase
Human immunodeficiency virus 1,1S6Q,Reverse Transcriptase
Human immunodeficiency virus 1,1S8D,Capsid Protein
Human immunodeficiency virus 1,1S9E,Polymerase
Human immunodeficiency virus 1,1S9E,Reverse Transcriptase
Human immunodeficiency virus 1,1S9G,Polymerase
Human immunodeficiency virus 1,1S9G,Reverse Transcriptase
Human immunodeficiency virus 1,1SBG,Protease
Human immunodeficiency virus 1,1SDT,Capsid Protein
Human immunodeficiency virus 1,1SDT,Protease
Human immunodeficiency virus 1,1SDU,Capsid Protein
Human immunodeficiency virus 1,1SDU,Protease
Human immunodeficiency virus 1,1SDV,Capsid Protein
Human immunodeficiency virus 1,1SDV,Protease
Human immunodeficiency virus 1,1SGU,Protease
Human immunodeficiency virus 1,1SH9,Protease
Human immunodeficiency virus 1,1SJE,Capsid Protein
Human immunodeficiency virus 1,1SJE,Polymerase
Human immunodeficiency virus 1,1SP5,Protease
Human immunodeficiency virus 1,1SUQ,Polymerase
Human immunodeficiency virus 1,1SUQ,Reverse Transcriptase
Human immunodeficiency virus 1,1SV5,Polymerase
Human immunodeficiency virus 1,1SV5,Reverse Transcriptase
Human immunodeficiency virus 1,1SZT,Envelope Protein/Glycoprotein
Human immunodeficiency virus 1,1T03,Reverse Transcriptase
Human immunodeficiency virus 1,1T05,Reverse Transcriptase
Human immunodeficiency virus 1,1T1W,Capsid Protein
Human immunodeficiency virus 1,1T3R,Capsid Protein
Human immunodeficiency virus 1,1T3R,Protease
Human immunodeficiency virus 1,1T7I,Protease
Human immunodeficiency virus 1,1T7J,Protease
Human immunodeficiency virus 1,1T7K,Protease
Human immunodeficiency virus 1,1TAC,Accessory Proteins
Human immunodeficiency virus 1,1TAM,Matrix Protein
Human immunodeficiency virus 1,1TBC,Accessory Proteins
Human immunodeficiency virus 1,1TCX,Polymerase
Human immunodeficiency virus 1,1TCX,Protease
Human immunodeficiency virus 1,1TIV,Accessory Proteins
Human immunodeficiency virus 1,1TJG,Envelope Protein/Glycoprotein
Human immunodeficiency virus 1,1TJH,Envelope Protein/Glycoprotein
Human immunodeficiency virus 1,1TJI,Envelope Protein/Glycoprotein
Human immunodeficiency virus 1,1TKT,Reverse Transcriptase
Human immunodeficiency virus 1,1TKX,Reverse Transcriptase
Human immunodeficiency virus 1,1TKZ,Reverse Transcriptase
Human immunodeficiency virus 1,1TL1,Reverse Transcriptase
Human immunodeficiency virus 1,1TL3,Reverse Transcriptase
Human immunodeficiency virus 1,1TSQ,Capsid Protein
Human immunodeficiency virus 1,1TSQ,Nucleocapsid Protein
Human immunodeficiency virus 1,1TSQ,Protease
Human immunodeficiency virus 1,1TSU,Capsid Protein
Human immunodeficiency virus 1,1TSU,Nucleocapsid Protein
Human immunodeficiency virus 1,1TSU,Protease
Human immunodeficiency virus 1,1TV6,Reverse Transcriptase
Human immunodeficiency virus 1,1TVR,Polymerase
Human immunodeficiency virus 1,1TVR,Protease
Human immunodeficiency virus 1,1TVR,Reverse Transcriptase
Human immunodeficiency virus 1,1TW7,Protease
Human immunodeficiency virus 1,1U57,Capsid Protein
Human immunodeficiency virus 1,1U6U,Envelope Protein/Glycoprotein
Human immunodeficiency virus 1,1U6V,Envelope Protein/Glycoprotein
Human immunodeficiency virus 1,1U8G,Capsid Protein
Human immunodeficiency virus 1,1U8G,Protease
Human immunodeficiency virus 1,1U8H,Envelope Protein/Glycoprotein
Human immunodeficiency virus 1,1U8I,Envelope Protein/Glycoprotein
Human immunodeficiency virus 1,1U8J,Envelope Protein/Glycoprotein
Human immunodeficiency virus 1,1U8K,Envelope Protein/Glycoprotein
Human immunodeficiency virus 1,1U8L,Envelope Protein/Glycoprotein
Human immunodeficiency virus 1,1U8M,Envelope Protein/Glycoprotein
Human immunodeficiency virus 1,1U8N,Envelope Protein/Glycoprotein
Human immunodeficiency virus 1,1U8O,Envelope Protein/Glycoprotein
Human immunodeficiency virus 1,1U8P,Envelope Protein/Glycoprotein
Human immunodeficiency virus 1,1U8Q,Envelope Protein/Glycoprotein
Human immunodeficiency virus 1,1U91,Envelope Protein/Glycoprotein
Human immunodeficiency virus 1,1U92,Envelope Protein/Glycoprotein
Human immunodeficiency virus 1,1U93,Envelope Protein/Glycoprotein
Human immunodeficiency virus 1,1U95,Envelope Protein/Glycoprotein
Human immunodeficiency virus 1,1UPH,Capsid Protein
Human immunodeficiency virus 1,1UPH,Matrix Protein
Human immunodeficiency virus 1,1UPJ,Protease
Human immunodeficiency virus 1,1UTS,Accessory Proteins
Human immunodeficiency virus 1,1UTS,Polymerase
Human immunodeficiency virus 1,1UUD,Accessory Proteins
Human immunodeficiency virus 1,1UUD,Polymerase
Human immunodeficiency virus 1,1UUI,Accessory Proteins
Human immunodeficiency virus 1,1UUI,Polymerase
Human immunodeficiency virus 1,1UWB,Polymerase
Human immunodeficiency virus 1,1UWB,Protease
Human immunodeficiency virus 1,1UWB,Reverse Transcriptase
Human immunodeficiency virus 1,1VIJ,Protease
Human immunodeficiency virus 1,1VIK,Protease
Human immunodeficiency virus 1,1VPC,Accessory Proteins
Human immunodeficiency virus 1,1VPU,Accessory Proteins
Human immunodeficiency virus 1,1VRT,Reverse Transcriptase
Human immunodeficiency virus 1,1VRU,Reverse Transcriptase
Human immunodeficiency virus 1,1WBK,Protease
Human immunodeficiency virus 1,1WBM,Protease
Human immunodeficiency virus 1,1WJA,Integrase
Human immunodeficiency virus 1,1WJA,Protease
Human immunodeficiency virus 1,1WJB,Integrase
Human immunodeficiency virus 1,1WJB,Protease
Human immunodeficiency virus 1,1WJC,Integrase
Human immunodeficiency virus 1,1WJC,Protease
Human immunodeficiency virus 1,1WJD,Integrase
Human immunodeficiency virus 1,1WJD,Protease
Human immunodeficiency virus 1,1WJE,Integrase
Human immunodeficiency virus 1,1WJE,Protease
Human immunodeficiency virus 1,1WJE,Polymerase
Human immunodeficiency virus 1,1WJF,Integrase
Human immunodeficiency virus 1,1WJF,Protease
Human immunodeficiency virus 1,1WJF,Polymerase
Human immunodeficiency virus 1,1X9V,Accessory Proteins
Human immunodeficiency virus 1,1XL2,Capsid Protein
Human immunodeficiency virus 1,1XL2,Protease
Human immunodeficiency virus 1,1XL5,Capsid Protein
Human immunodeficiency virus 1,1XL5,Protease
Human immunodeficiency virus 1,1YT9,Protease
Human immunodeficiency virus 1,1YTG,Polymerase
Human immunodeficiency virus 1,1YTG,Protease
Human immunodeficiency virus 1,1YTH,Polymerase
Human immunodeficiency virus 1,1YTH,Protease
Human immunodeficiency virus 1,1YYL,Envelope Protein/Glycoprotein
Human immunodeficiency virus 1,1YYM,Envelope Protein/Glycoprotein
Human immunodeficiency virus 1,1Z1H,Protease
Human immunodeficiency virus 1,1Z1R,Protease
Human immunodeficiency virus 1,1Z8C,Protease
Human immunodeficiency virus 1,1ZBG,Protease
Human immunodeficiency virus 1,1ZJ7,Protease
Human immunodeficiency virus 1,1ZLF,Protease
Human immunodeficiency virus 1,1ZP8,Protease
Human immunodeficiency virus 1,1ZPA,Protease
Human immunodeficiency virus 1,1ZPK,Protease
Human immunodeficiency virus 1,1ZSF,Protease
Human immunodeficiency virus 1,1ZSR,Protease
Human immunodeficiency virus 1,1ZTZ,Capsid Protein
Human immunodeficiency virus 1,1ZTZ,Protease
Human immunodeficiency virus 1,2A1E,Capsid Protein
Human immunodeficiency virus 1,2A1E,Protease
Human immunodeficiency virus 1,2A4F,Protease
Human immunodeficiency virus 1,2AID,Protease
Human immunodeficiency virus 1,2AOC,Protease
Human immunodeficiency virus 1,2AOD,Protease
Human immunodeficiency virus 1,2AOE,Protease
Human immunodeficiency virus 1,2AOF,Protease
Human immunodeficiency virus 1,2AOG,Protease
Human immunodeficiency virus 1,2AOH,Protease
Human immunodeficiency virus 1,2AOI,Protease
Human immunodeficiency virus 1,2AOJ,Protease
Human immunodeficiency virus 1,2AQU,Protease
Human immunodeficiency virus 1,2ARI,Envelope Protein/Glycoprotein
Human immunodeficiency virus 1,2AVM,Capsid Protein
Human immunodeficiency virus 1,2AVM,Protease
Human immunodeficiency virus 1,2AVO,Capsid Protein
Human immunodeficiency virus 1,2AVO,Protease
Human immunodeficiency virus 1,2AVQ,Capsid Protein
Human immunodeficiency virus 1,2AVQ,Protease
Human immunodeficiency virus 1,2AVS,Capsid Protein
Human immunodeficiency virus 1,2AVS,Protease
Human immunodeficiency virus 1,2AVV,Capsid Protein
Human immunodeficiency virus 1,2AVV,Protease
Human immunodeficiency virus 1,2AZ8,Protease
Human immunodeficiency virus 1,2AZ9,Protease
Human immunodeficiency virus 1,2AZB,Protease
Human immunodeficiency virus 1,2AZC,Protease
Human immunodeficiency virus 1,2B0S,Envelope Protein/Glycoprotein
Human immunodeficiency virus 1,2B1A,Envelope Protein/Glycoprotein
Human immunodeficiency virus 1,2B4C,Envelope Protein/Glycoprotein
Human immunodeficiency virus 1,2B4J,Integrase
Human immunodeficiency virus 1,2B5J,Polymerase
Human immunodeficiency virus 1,2B5J,Reverse Transcriptase
Human immunodeficiency virus 1,2B60,Capsid Protein
Human immunodeficiency virus 1,2B60,Protease
Human immunodeficiency virus 1,2B6A,Reverse Transcriptase
Human immunodeficiency virus 1,2B7Z,Protease
Human immunodeficiency virus 1,2BAN,Polymerase
Human immunodeficiency virus 1,2BAN,Reverse Transcriptase
Human immunodeficiency virus 1,2BB9,Capsid Protein
Human immunodeficiency virus 1,2BB9,Protease
Human immunodeficiency virus 1,2BBB,Capsid Protein
Human immunodeficiency virus 1,2BBB,Protease
Human immunodeficiency virus 1,2BE2,Polymerase
Human immunodeficiency virus 1,2BE2,Reverse Transcriptase
Human immunodeficiency virus 1,2BGN,Accessory Proteins
Human immunodeficiency virus 1,2BGN,Protease
Human immunodeficiency virus 1,2BGR,Accessory Proteins
Human immunodeficiency virus 1,2BPV,Protease
Human immunodeficiency virus 1,2BPW,Protease
Human immunodeficiency virus 1,2BPX,Protease
Human immunodeficiency virus 1,2BPY,Protease
Human immunodeficiency virus 1,2BPZ,Protease
Human immunodeficiency virus 1,2BQV,Protease
Human immunodeficiency virus 1,2BUO,Capsid Protein
Human immunodeficiency virus 1,2BVO,Capsid Protein
Human immunodeficiency virus 1,2BVO,Nucleoprotein
Human immunodeficiency virus 1,2BVO,Nucleocapsid Protein
Human immunodeficiency virus 1,2BVO,Reverse Transcriptase
Human immunodeficiency virus 1,2C55,Capsid Protein
Human immunodeficiency virus 1,2C55,Nucleoprotein
Human immunodeficiency virus 1,2C7U,Capsid Protein
Human immunodeficiency virus 1,2C7U,Nucleoprotein
Human immunodeficiency virus 1,2C7U,Nucleocapsid Protein
Human immunodeficiency virus 1,2C7U,Reverse Transcriptase
Human immunodeficiency virus 1,2CEJ,Protease
Human immunodeficiency virus 1,2CEM,Protease
Human immunodeficiency virus 1,2CEN,Protease
Human immunodeficiency virus 1,2CMR,Envelope Protein/Glycoprotein
Human immunodeficiency virus 1,2ESX,Envelope Protein/Glycoprotein
Human immunodeficiency virus 1,2ESZ,Envelope Protein/Glycoprotein
Human immunodeficiency virus 1,2EXF,Capsid Protein
Human immunodeficiency virus 1,2EXF,Nucleocapsid Protein
Human immunodeficiency virus 1,2F3K,Protease
Human immunodeficiency virus 1,2F5B,Envelope Protein/Glycoprotein
Human immunodeficiency virus 1,2F80,Protease
Human immunodeficiency virus 1,2F81,Protease
Human immunodeficiency virus 1,2F8G,Protease
Human immunodeficiency virus 1,2FDD,Capsid Protein
Human immunodeficiency virus 1,2FDD,Protease
Human immunodeficiency virus 1,2FDE,Capsid Protein
Human immunodeficiency virus 1,2FDE,Protease
Human immunodeficiency virus 1,2FGU,Capsid Protein
Human immunodeficiency virus 1,2FGU,Protease
Human immunodeficiency virus 1,2FGV,Capsid Protein
Human immunodeficiency virus 1,2FGV,Protease
Human immunodeficiency virus 1,2FLE,Protease
Human immunodeficiency virus 1,2FNS,Capsid Protein
Human immunodeficiency virus 1,2FNS,Nucleocapsid Protein
Human immunodeficiency virus 1,2FNS,Protease
Human immunodeficiency virus 1,2FNT,Capsid Protein
Human immunodeficiency virus 1,2FNT,Nucleocapsid Protein
Human immunodeficiency virus 1,2FNT,Protease
Human immunodeficiency virus 1,2FX7,Envelope Protein/Glycoprotein
Human immunodeficiency virus 1,2FX8,Envelope Protein/Glycoprotein
Human immunodeficiency virus 1,2FX9,Envelope Protein/Glycoprotein
Human immunodeficiency virus 1,2FXD,Protease
Human immunodeficiency virus 1,2FXE,Protease
Human immunodeficiency virus 1,2G69,Protease
Human immunodeficiency virus 1,2GOF,Accessory Proteins
Human immunodeficiency virus 1,2GOH,Accessory Proteins
Human immunodeficiency virus 1,2GOL,Capsid Protein
Human immunodeficiency virus 1,2GOL,Matrix Protein
Human immunodeficiency virus 1,2GON,Capsid Protein
Human immunodeficiency virus 1,2H3F,Capsid Protein
Human immunodeficiency virus 1,2H3I,Capsid Protein
Human immunodeficiency virus 1,2H3I,Matrix Protein
Human immunodeficiency virus 1,2H3Q,Capsid Protein
Human immunodeficiency virus 1,2H3Q,Matrix Protein
Human immunodeficiency virus 1,2H3V,Capsid Protein
Human immunodeficiency virus 1,2H3V,Matrix Protein
Human immunodeficiency virus 1,2H3Z,Capsid Protein
Human immunodeficiency virus 1,2H3Z,Matrix Protein
Human immunodeficiency virus 1,2HB2,Protease
Human immunodeficiency virus 1,2HB3,Capsid Protein
Human immunodeficiency virus 1,2HB3,Protease
Human immunodeficiency virus 1,2HB4,Capsid Protein
Human immunodeficiency virus 1,2HB4,Protease
Human immunodeficiency virus 1,2HC0,Capsid Protein
Human immunodeficiency virus 1,2HC0,Protease
Human immunodeficiency virus 1,2HJK,Capsid Protein
Human immunodeficiency virus 1,2HJL,Capsid Protein
Human immunodeficiency virus 1,2HMI,Polymerase
Human immunodeficiency virus 1,2HMI,Reverse Transcriptase
Human immunodeficiency virus 1,2HMX,Matrix Protein
Human immunodeficiency virus 1,2HND,Reverse Transcriptase
Human immunodeficiency virus 1,2HNY,Reverse Transcriptase
Human immunodeficiency virus 1,2HNZ,Capsid Protein
Human immunodeficiency virus 1,2HNZ,Reverse Transcriptase
Human immunodeficiency virus 1,2HS1,Capsid Protein
Human immunodeficiency virus 1,2HS1,Protease
Human immunodeficiency virus 1,2HS2,Capsid Protein
Human immunodeficiency virus 1,2HS2,Protease
Human immunodeficiency virus 1,2HVP,Protease
Human immunodeficiency virus 1,2I0A,Capsid Protein
Human immunodeficiency virus 1,2I0A,Protease
Human immunodeficiency virus 1,2I0D,Protease
Human immunodeficiency virus 1,2I4D,Capsid Protein
Human immunodeficiency virus 1,2I4D,Protease
Human immunodeficiency virus 1,2I4U,Capsid Protein
Human immunodeficiency virus 1,2I4U,Protease
Human immunodeficiency virus 1,2I4V,Capsid Protein
Human immunodeficiency virus 1,2I4V,Protease
Human immunodeficiency virus 1,2I4W,Capsid Protein
Human immunodeficiency virus 1,2I4W,Protease
Human immunodeficiency virus 1,2I4X,Capsid Protein
Human immunodeficiency virus 1,2I4X,Protease
Human immunodeficiency virus 1,2I5J,Capsid Protein
Human immunodeficiency virus 1,2I5J,Polymerase
Human immunodeficiency virus 1,2I5J,RNAse H
Human immunodeficiency virus 1,2I5J,Reverse Transcriptase
Human immunodeficiency virus 1,2I60,Envelope Protein/Glycoprotein
Human immunodeficiency virus 1,2IAJ,Reverse Transcriptase
Human immunodeficiency virus 1,2IC3,Reverse Transcriptase
Human immunodeficiency virus 1,2IDW,Capsid Protein
Human immunodeficiency virus 1,2IDW,Protease
Human immunodeficiency virus 1,2IEN,Capsid Protein
Human immunodeficiency virus 1,2IEN,Protease
Human immunodeficiency virus 1,2IEO,Capsid Protein
Human immunodeficiency virus 1,2IEO,Protease
Human immunodeficiency virus 1,2ITG,Integrase
Human immunodeficiency virus 1,2J9J,Polymerase
Human immunodeficiency virus 1,2J9J,Protease
Human immunodeficiency virus 1,2J9K,Protease
Human immunodeficiency virus 1,2JE4,Protease
Human immunodeficiency virus 1,2JLE,Protease
Human immunodeficiency virus 1,2JLE,Nucleoprotein
Human immunodeficiency virus 1,2JLE,Polymerase
Human immunodeficiency virus 1,2JLE,Capsid Protein
Human immunodeficiency virus 1,2JLE,Reverse Transcriptase
Human immunodeficiency virus 1,2JMG,Capsid Protein
Human immunodeficiency virus 1,2JMG,Matrix Protein
Human immunodeficiency virus 1,2JO0,Capsid Protein
Human immunodeficiency virus 1,2JPR,Capsid Protein
Human immunodeficiency virus 1,2JPX,Accessory Proteins
Human immunodeficiency virus 1,2JYG,Capsid Protein
Human immunodeficiency virus 1,2JYG,Nucleoprotein
Human immunodeficiency virus 1,2JYG,Polymerase
Human immunodeficiency virus 1,2JYG,Protease
Human immunodeficiency virus 1,2JYL,Capsid Protein
Human immunodeficiency virus 1,2JYL,Nucleoprotein
Human immunodeficiency virus 1,2JYL,Polymerase
Human immunodeficiency virus 1,2JYL,Protease
Human immunodeficiency virus 1,2JZW,Capsid Protein
Human immunodeficiency virus 1,2JZW,Nucleocapsid Protein
Human immunodeficiency virus 1,2K7Y,Accessory Proteins
Human immunodeficiency virus 1,2KOD,Capsid Protein
Human immunodeficiency virus 1,2L44,Capsid Protein
Human immunodeficiency virus 1,2L44,Nucleocapsid Protein
Human immunodeficiency virus 1,2L45,Capsid Protein
Human immunodeficiency virus 1,2L45,Nucleocapsid Protein
Human immunodeficiency virus 1,2L46,Capsid Protein
Human immunodeficiency virus 1,2L46,Nucleocapsid Protein
Human immunodeficiency virus 1,2L4L,Capsid Protein
Human immunodeficiency virus 1,2L4L,Nucleocapsid Protein
Human immunodeficiency virus 1,2L6E,Capsid Protein
Human immunodeficiency virus 1,2LF4,Capsid Protein
Human immunodeficiency virus 1,2LF4,Protease
Human immunodeficiency virus 1,2LP7,Envelope Protein/Glycoprotein
Human immunodeficiency virus 1,2LYA,Capsid Protein
Human immunodeficiency virus 1,2LYA,Matrix Protein
Human immunodeficiency virus 1,2LYB,Capsid Protein
Human immunodeficiency virus 1,2LYB,Matrix Protein
Human immunodeficiency virus 1,2M3Z,Capsid Protein
Human immunodeficiency virus 1,2M3Z,Nucleocapsid Protein
Human immunodeficiency virus 1,2M7W,Envelope Protein/Glycoprotein
Human immunodeficiency virus 1,2M8L,Capsid Protein
Human immunodeficiency virus 1,2M8L,Integrase
Human immunodeficiency virus 1,2M8M,Envelope Protein/Glycoprotein
Human immunodeficiency virus 1,2M8M,Transmembrane Protein
Human immunodeficiency virus 1,2M8N,Capsid Protein
Human immunodeficiency virus 1,2M8O,Envelope Protein/Glycoprotein
Human immunodeficiency virus 1,2M8O,Transmembrane Protein
Human immunodeficiency virus 1,2M8P,Capsid Protein
Human immunodeficiency virus 1,2MA9,Polymerase
Human immunodeficiency virus 1,2ME1,Envelope Protein/Glycoprotein
Human immunodeficiency virus 1,2ME2,Envelope Protein/Glycoprotein
Human immunodeficiency virus 1,2ME3,Envelope Protein/Glycoprotein
Human immunodeficiency virus 1,2ME4,Envelope Protein/Glycoprotein
Human immunodeficiency virus 1,2MG1,Envelope Protein/Glycoprotein
Human immunodeficiency virus 1,2MG1,Transmembrane Protein
Human immunodeficiency virus 1,2MG2,Envelope Protein/Glycoprotein
Human immunodeficiency virus 1,2MG2,Transmembrane Protein
Human immunodeficiency virus 1,2MG3,Envelope Protein/Glycoprotein
Human immunodeficiency virus 1,2MGU,Capsid Protein
Human immunodeficiency virus 1,2MGU,Matrix Protein
Human immunodeficiency virus 1,2MK3,Envelope Protein/Glycoprotein
Human immunodeficiency virus 1,2N28,Accessory Proteins
Human immunodeficiency virus 1,2N29,Accessory Proteins
Human immunodeficiency virus 1,2NCS,Envelope Protein/Glycoprotein
Human immunodeficiency virus 1,2NCT,Envelope Protein/Glycoprotein
Human immunodeficiency virus 1,2NMY,Capsid Protein
Human immunodeficiency virus 1,2NMY,Protease
Human immunodeficiency virus 1,2NMZ,Capsid Protein
Human immunodeficiency virus 1,2NMZ,Protease
Human immunodeficiency virus 1,2NNK,Capsid Protein
Human immunodeficiency virus 1,2NNK,Protease
Human immunodeficiency virus 1,2NNP,Capsid Protein
Human immunodeficiency virus 1,2NNP,Protease
Human immunodeficiency virus 1,2NPH,Protease
Human immunodeficiency virus 1,2NV3,Capsid Protein
Human immunodeficiency virus 1,2NV3,Matrix Protein
Human immunodeficiency virus 1,2NXD,VP Proteins
Human immunodeficiency virus 1,2NXD,Protease
Human immunodeficiency virus 1,2NXL,Protease
Human immunodeficiency virus 1,2NXM,Protease
Human immunodeficiency virus 1,2NXY,Envelope Protein/Glycoprotein
Human immunodeficiency virus 1,2NXZ,Envelope Protein/Glycoprotein
Human immunodeficiency virus 1,2NY0,Envelope Protein/Glycoprotein
Human immunodeficiency virus 1,2NY1,Envelope Protein/Glycoprotein
Human immunodeficiency virus 1,2NY2,Envelope Protein/Glycoprotein
Human immunodeficiency virus 1,2NY3,Envelope Protein/Glycoprotein
Human immunodeficiency virus 1,2NY4,Envelope Protein/Glycoprotein
Human immunodeficiency virus 1,2NY5,Envelope Protein/Glycoprotein
Human immunodeficiency virus 1,2NY6,Envelope Protein/Glycoprotein
Human immunodeficiency virus 1,2NY7,Envelope Protein/Glycoprotein
Human immunodeficiency virus 1,2O40,Protease
Human immunodeficiency virus 1,2O4K,Capsid Protein
Human immunodeficiency virus 1,2O4K,Protease
Human immunodeficiency virus 1,2O4L,Capsid Protein
Human immunodeficiency virus 1,2O4L,Protease
Human immunodeficiency virus 1,2O4N,Capsid Protein
Human immunodeficiency virus 1,2O4N,Protease
Human immunodeficiency virus 1,2O4P,Capsid Protein
Human immunodeficiency virus 1,2O4P,Protease
Human immunodeficiency virus 1,2O4S,Capsid Protein
Human immunodeficiency virus 1,2O4S,Protease
Human immunodeficiency virus 1,2ONT,Capsid Protein
Human immunodeficiency virus 1,2OPP,Capsid Protein
Human immunodeficiency virus 1,2OPP,Reverse Transcriptase
Human immunodeficiency virus 1,2OPQ,Capsid Protein
Human immunodeficiency virus 1,2OPQ,Reverse Transcriptase
Human immunodeficiency virus 1,2OPR,Capsid Protein
Human immunodeficiency virus 1,2OPR,Reverse Transcriptase
Human immunodeficiency virus 1,2OPS,Capsid Protein
Human immunodeficiency virus 1,2OPS,Reverse Transcriptase
Human immunodeficiency virus 1,2OT5,Envelope Protein/Glycoprotein
Human immunodeficiency virus 1,2P3A,Protease
Human immunodeficiency virus 1,2P3B,Capsid Protein
Human immunodeficiency virus 1,2P3B,Protease
Human immunodeficiency virus 1,2P3C,Protease
Human immunodeficiency virus 1,2P3D,Protease
Human immunodeficiency virus 1,2PC0,Protease
Human immunodeficiency virus 1,2PJV,Envelope Protein/Glycoprotein
Human immunodeficiency virus 1,2PK5,Capsid Protein
Human immunodeficiency virus 1,2PK5,Protease
Human immunodeficiency virus 1,2PK6,Capsid Protein
Human immunodeficiency virus 1,2PK6,Protease
Human immunodeficiency virus 1,2PQZ,Capsid Protein
Human immunodeficiency virus 1,2PQZ,Protease
Human immunodeficiency virus 1,2PSU,Protease
Human immunodeficiency virus 1,2PSV,Protease
Human immunodeficiency virus 1,2PV6,Envelope Protein/Glycoprotein
Human immunodeficiency virus 1,2PWC,Capsid Protein
Human immunodeficiency virus 1,2PWC,Protease
Human immunodeficiency virus 1,2PWM,Capsid Protein
Human immunodeficiency virus 1,2PWO,Capsid Protein
Human immunodeficiency virus 1,2PWR,Capsid Protein
Human immunodeficiency virus 1,2PWR,Protease
Human immunodeficiency virus 1,2PXR,Capsid Protein
Human immunodeficiency virus 1,2PYM,Capsid Protein
Human immunodeficiency virus 1,2PYM,Protease
Human immunodeficiency virus 1,2PYN,Capsid Protein
Human immunodeficiency virus 1,2PYN,Protease
Human immunodeficiency virus 1,2Q3I,Envelope Protein/Glycoprotein
Human immunodeficiency virus 1,2Q3I,Fusion Protein
Human immunodeficiency virus 1,2Q3K,Protease
Human immunodeficiency virus 1,2Q54,Protease
Human immunodeficiency virus 1,2Q55,Protease
Human immunodeficiency virus 1,2Q5K,Protease
Human immunodeficiency virus 1,2Q5U,Envelope Protein/Glycoprotein
Human immunodeficiency virus 1,2Q5U,Fusion Protein
Human immunodeficiency virus 1,2Q63,Capsid Protein
Human immunodeficiency virus 1,2Q63,Protease
Human immunodeficiency virus 1,2Q64,Capsid Protein
Human immunodeficiency virus 1,2Q64,Protease
Human immunodeficiency virus 1,2Q7C,Envelope Protein/Glycoprotein
Human immunodeficiency virus 1,2Q7C,Fusion Protein
Human immunodeficiency virus 1,2QAD,Envelope Protein/Glycoprotein
Human immunodeficiency virus 1,2QAK,Capsid Protein
Human immunodeficiency virus 1,2QAK,Protease
Human immunodeficiency virus 1,2QCI,Protease
Human immunodeficiency virus 1,2QD6,Protease
Human immunodeficiency virus 1,2QD7,Protease
Human immunodeficiency virus 1,2QD8,Protease
Human immunodeficiency virus 1,2QHC,Capsid Protein
Human immunodeficiency virus 1,2QHC,Protease
Human immunodeficiency virus 1,2QHY,Protease
Human immunodeficiency virus 1,2QHZ,Protease
Human immunodeficiency virus 1,2QI0,Protease
Human immunodeficiency virus 1,2QI1,Protease
Human immunodeficiency virus 1,2QI3,Protease
Human immunodeficiency virus 1,2QI4,Protease
Human immunodeficiency virus 1,2QI5,Protease
Human immunodeficiency virus 1,2QI6,Protease
Human immunodeficiency virus 1,2QI7,Protease
Human immunodeficiency virus 1,2QMP,Polymerase
Human immunodeficiency virus 1,2QMP,Protease
Human immunodeficiency virus 1,2QNN,Capsid Protein
Human immunodeficiency virus 1,2QNN,Nucleoprotein
Human immunodeficiency virus 1,2QNN,Polymerase
Human immunodeficiency virus 1,2QNN,Protease
Human immunodeficiency virus 1,2QNP,Capsid Protein
Human immunodeficiency virus 1,2QNP,Nucleoprotein
Human immunodeficiency virus 1,2QNP,Polymerase
Human immunodeficiency virus 1,2QNP,Protease
Human immunodeficiency virus 1,2QNQ,Capsid Protein
Human immunodeficiency virus 1,2QNQ,Nucleoprotein
Human immunodeficiency virus 1,2QNQ,Polymerase
Human immunodeficiency virus 1,2QNQ,Protease
Human immunodeficiency virus 1,2QSC,Envelope Protein/Glycoprotein
Human immunodeficiency virus 1,2QSC,Fusion Protein
Human immunodeficiency virus 1,2R02,Capsid Protein
Human immunodeficiency virus 1,2R02,Nucleoprotein
Human immunodeficiency virus 1,2R05,Capsid Protein
Human immunodeficiency virus 1,2R05,Nucleoprotein
Human immunodeficiency virus 1,2R38,Capsid Protein
Human immunodeficiency virus 1,2R38,Protease
Human immunodeficiency virus 1,2R3T,Capsid Protein
Human immunodeficiency virus 1,2R3T,Protease
Human immunodeficiency virus 1,2R3W,Capsid Protein
Human immunodeficiency virus 1,2R3W,Protease
Human immunodeficiency virus 1,2R43,Capsid Protein
Human immunodeficiency virus 1,2R43,Protease
Human immunodeficiency virus 1,2R5P,Protease
Human immunodeficiency virus 1,2R5Q,Protease
Human immunodeficiency virus 1,2R8N,Polymerase
Human immunodeficiency virus 1,2R8N,Protease
Human immunodeficiency virus 1,2RF2,Protease
Human immunodeficiency virus 1,2RF2,Nucleoprotein
Human immunodeficiency virus 1,2RF2,Polymerase
Human immunodeficiency virus 1,2RF2,Capsid Protein
Human immunodeficiency virus 1,2RF2,Reverse Transcriptase
Human immunodeficiency virus 1,2RKF,Capsid Protein
Human immunodeficiency virus 1,2RKF,Protease
Human immunodeficiency virus 1,2RKG,Capsid Protein
Human immunodeficiency virus 1,2RKG,Protease
Human immunodeficiency virus 1,2RKI,Protease
Human immunodeficiency virus 1,2RKI,RNAse H
Human immunodeficiency virus 1,2RKI,Nucleoprotein
Human immunodeficiency virus 1,2RKI,Polymerase
Human immunodeficiency virus 1,2RKI,Capsid Protein
Human immunodeficiency virus 1,2RKI,Reverse Transcriptase
Human immunodeficiency virus 1,2UPJ,Protease
Human immunodeficiency virus 1,2UXZ,Integrase
Human immunodeficiency virus 1,2UXZ,Protease
Human immunodeficiency virus 1,2UXZ,Reverse Transcriptase
Human immunodeficiency virus 1,2UY0,Integrase
Human immunodeficiency virus 1,2UY0,Protease
Human immunodeficiency virus 1,2UY0,Reverse Transcriptase
Human immunodeficiency virus 1,2VG5,Protease
Human immunodeficiency virus 1,2VG5,Nucleoprotein
Human immunodeficiency virus 1,2VG5,Polymerase
Human immunodeficiency virus 1,2VG5,Integrase
Human immunodeficiency virus 1,2VG5,Capsid Protein
Human immunodeficiency virus 1,2VG5,Reverse Transcriptase
Human immunodeficiency virus 1,2VG6,Protease
Human immunodeficiency virus 1,2VG6,Nucleoprotein
Human immunodeficiency virus 1,2VG6,Polymerase
Human immunodeficiency virus 1,2VG6,Integrase
Human immunodeficiency virus 1,2VG6,Capsid Protein
Human immunodeficiency virus 1,2VG6,Reverse Transcriptase
Human immunodeficiency virus 1,2VG7,Protease
Human immunodeficiency virus 1,2VG7,Nucleoprotein
Human immunodeficiency virus 1,2VG7,Polymerase
Human immunodeficiency virus 1,2VG7,Integrase
Human immunodeficiency virus 1,2VG7,Capsid Protein
Human immunodeficiency virus 1,2VG7,Reverse Transcriptase
Human immunodeficiency virus 1,2WHH,Polymerase
Human immunodeficiency virus 1,2WHH,Protease
Human immunodeficiency virus 1,2WKZ,Integrase
Human immunodeficiency virus 1,2WKZ,Protease
Human immunodeficiency virus 1,2WKZ,Reverse Transcriptase
Human immunodeficiency virus 1,2WL0,Integrase
Human immunodeficiency virus 1,2WL0,Protease
Human immunodeficiency virus 1,2WL0,Reverse Transcriptase
Human immunodeficiency virus 1,2WOM,Protease
Human immunodeficiency virus 1,2WOM,RNAse H
Human immunodeficiency virus 1,2WOM,Integrase
Human immunodeficiency virus 1,2WOM,Capsid Protein
Human immunodeficiency virus 1,2WOM,Reverse Transcriptase
Human immunodeficiency virus 1,2WON,Protease
Human immunodeficiency virus 1,2WON,RNAse H
Human immunodeficiency virus 1,2WON,Integrase
Human immunodeficiency virus 1,2WON,Capsid Protein
Human immunodeficiency virus 1,2WON,Reverse Transcriptase
Human immunodeficiency virus 1,2X2D,Capsid Protein
Human immunodeficiency virus 1,2X4O,Envelope Protein/Glycoprotein
Human immunodeficiency virus 1,2X4O,Nucleoprotein
Human immunodeficiency virus 1,2X4O,Capsid Protein
Human immunodeficiency virus 1,2X4O,Nucleocapsid Protein
Human immunodeficiency virus 1,2X4O,Reverse Transcriptase
Human immunodeficiency virus 1,2X4U,Protease
Human immunodeficiency virus 1,2X4U,Envelope Protein/Glycoprotein
Human immunodeficiency virus 1,2X4U,Nucleoprotein
Human immunodeficiency virus 1,2X4U,Capsid Protein
Human immunodeficiency virus 1,2X4U,Integrase
Human immunodeficiency virus 1,2X4U,Nucleocapsid Protein
Human immunodeficiency virus 1,2X4U,Reverse Transcriptase
Human immunodeficiency virus 1,2X7R,Envelope Protein/Glycoprotein
Human immunodeficiency virus 1,2X7R,Fusion Protein
Human immunodeficiency virus 1,2X7R,Transmembrane Protein
Human immunodeficiency virus 1,2X83,Capsid Protein
Human immunodeficiency virus 1,2X83,Fusion Protein
Human immunodeficiency virus 1,2XDE,Capsid Protein
Human immunodeficiency virus 1,2XT1,Capsid Protein
Human immunodeficiency virus 1,2XV6,Capsid Protein
Human immunodeficiency virus 1,2XYE,Integrase
Human immunodeficiency virus 1,2XYE,Protease
Human immunodeficiency virus 1,2XYE,Reverse Transcriptase
Human immunodeficiency virus 1,2XYF,Integrase
Human immunodeficiency virus 1,2XYF,Protease
Human immunodeficiency virus 1,2XYF,Reverse Transcriptase
Human immunodeficiency virus 1,2YKM,Integrase
Human immunodeficiency virus 1,2YKM,Protease
Human immunodeficiency virus 1,2YKM,Reverse Transcriptase
Human immunodeficiency virus 1,2YKN,Integrase
Human immunodeficiency virus 1,2YKN,Protease
Human immunodeficiency virus 1,2YKN,Reverse Transcriptase
Human immunodeficiency virus 1,2YNF,Protease
Human immunodeficiency virus 1,2YNF,RNAse H
Human immunodeficiency virus 1,2YNF,Capsid Protein
Human immunodeficiency virus 1,2YNF,Integrase
Human immunodeficiency virus 1,2YNF,Reverse Transcriptase
Human immunodeficiency virus 1,2YNG,Protease
Human immunodeficiency virus 1,2YNG,RNAse H
Human immunodeficiency virus 1,2YNG,Capsid Protein
Human immunodeficiency virus 1,2YNG,Integrase
Human immunodeficiency virus 1,2YNG,Reverse Transcriptase
Human immunodeficiency virus 1,2YNH,Protease
Human immunodeficiency virus 1,2YNH,RNAse H
Human immunodeficiency virus 1,2YNH,Capsid Protein
Human immunodeficiency virus 1,2YNH,Integrase
Human immunodeficiency virus 1,2YNH,Reverse Transcriptase
Human immunodeficiency virus 1,2YNI,Protease
Human immunodeficiency virus 1,2YNI,RNAse H
Human immunodeficiency virus 1,2YNI,Capsid Protein
Human immunodeficiency virus 1,2YNI,Integrase
Human immunodeficiency virus 1,2YNI,Reverse Transcriptase
Human immunodeficiency virus 1,2Z2T,Envelope Protein/Glycoprotein
Human immunodeficiency virus 1,2Z4O,Protease
Human immunodeficiency virus 1,2Z54,Capsid Protein
Human immunodeficiency virus 1,2Z54,Protease
Human immunodeficiency virus 1,2ZD1,Capsid Protein
Human immunodeficiency virus 1,2ZD1,Polymerase
Human immunodeficiency virus 1,2ZD1,Reverse Transcriptase
Human immunodeficiency virus 1,2ZE2,Capsid Protein
Human immunodeficiency virus 1,2ZE2,Polymerase
Human immunodeficiency virus 1,2ZE2,Reverse Transcriptase
Human immunodeficiency virus 1,2ZGA,Capsid Protein
Human immunodeficiency virus 1,2ZGA,Protease
Human immunodeficiency virus 1,2ZNF,Capsid Protein
Human immunodeficiency virus 1,2ZYE,Protease
Human immunodeficiency virus 1,2ZZO,Envelope Protein/Glycoprotein
Human immunodeficiency virus 1,2ZZO,Transmembrane Protein
Human immunodeficiency virus 1,3A2O,Protease
Human immunodeficiency virus 1,3AHA,Envelope Protein/Glycoprotein
Human immunodeficiency virus 1,3AHA,Transmembrane Protein
Human immunodeficiency virus 1,3AID,Protease
Human immunodeficiency virus 1,3AO1,Integrase
Human immunodeficiency virus 1,3AO2,Integrase
Human immunodeficiency virus 1,3AO3,Integrase
Human immunodeficiency virus 1,3AO4,Integrase
Human immunodeficiency virus 1,3AO5,Integrase
Human immunodeficiency virus 1,3AV9,Integrase
Human immunodeficiency virus 1,3AV9,Capsid Protein
Human immunodeficiency virus 1,3AVA,Integrase
Human immunodeficiency virus 1,3AVA,Capsid Protein
Human immunodeficiency virus 1,3AVB,Integrase
Human immunodeficiency virus 1,3AVB,Capsid Protein
Human immunodeficiency virus 1,3AVC,Integrase
Human immunodeficiency virus 1,3AVC,Capsid Protein
Human immunodeficiency virus 1,3AVF,Integrase
Human immunodeficiency virus 1,3AVF,Capsid Protein
Human immunodeficiency virus 1,3AVG,Integrase
Human immunodeficiency virus 1,3AVG,Capsid Protein
Human immunodeficiency virus 1,3AVH,Integrase
Human immunodeficiency virus 1,3AVI,Integrase
Human immunodeficiency virus 1,3AVI,Capsid Protein
Human immunodeficiency virus 1,3AVJ,Integrase
Human immunodeficiency virus 1,3AVJ,Capsid Protein
Human immunodeficiency virus 1,3AVK,Integrase
Human immunodeficiency virus 1,3AVK,Capsid Protein
Human immunodeficiency virus 1,3AVL,Integrase
Human immunodeficiency virus 1,3AVL,Capsid Protein
Human immunodeficiency virus 1,3AVM,Integrase
Human immunodeficiency virus 1,3AVM,Capsid Protein
Human immunodeficiency virus 1,3AVN,Integrase
Human immunodeficiency virus 1,3AVN,Capsid Protein
Human immunodeficiency virus 1,3B7V,Capsid Protein
Human immunodeficiency virus 1,3B7V,Protease
Human immunodeficiency virus 1,3B80,Capsid Protein
Human immunodeficiency virus 1,3B80,Protease
Human immunodeficiency virus 1,3BC4,Capsid Protein
Human immunodeficiency virus 1,3BC4,Nucleoprotein
Human immunodeficiency virus 1,3BC4,Polymerase
Human immunodeficiency virus 1,3BC4,Protease
Human immunodeficiency virus 1,3BGB,Capsid Protein
Human immunodeficiency virus 1,3BGB,Nucleoprotein
Human immunodeficiency virus 1,3BGB,Polymerase
Human immunodeficiency virus 1,3BGB,Protease
Human immunodeficiency virus 1,3BGC,Capsid Protein
Human immunodeficiency virus 1,3BGC,Nucleoprotein
Human immunodeficiency virus 1,3BGC,Polymerase
Human immunodeficiency virus 1,3BGC,Protease
Human immunodeficiency virus 1,3BGR,Capsid Protein
Human immunodeficiency virus 1,3BGR,Polymerase
Human immunodeficiency virus 1,3BGR,Reverse Transcriptase
Human immunodeficiency virus 1,3BHE,Capsid Protein
Human immunodeficiency virus 1,3BHE,Protease
Human immunodeficiency virus 1,3BVA,Capsid Protein
Human immunodeficiency virus 1,3BVA,Protease
Human immunodeficiency virus 1,3BVB,Capsid Protein
Human immunodeficiency virus 1,3BVB,Nucleoprotein
Human immunodeficiency virus 1,3BVB,Polymerase
Human immunodeficiency virus 1,3BVB,Protease
Human immunodeficiency virus 1,3BXR,Polymerase
Human immunodeficiency virus 1,3BXR,Nucleoprotein
Human immunodeficiency virus 1,3BXR,Capsid Protein
Human immunodeficiency virus 1,3BXR,Protease
Human immunodeficiency virus 1,3BXS,Polymerase
Human immunodeficiency virus 1,3BXS,Nucleoprotein
Human immunodeficiency virus 1,3BXS,Capsid Protein
Human immunodeficiency virus 1,3BXS,Protease
Human immunodeficiency virus 1,3C2A,Envelope Protein/Glycoprotein
Human immunodeficiency virus 1,3C6T,Protease
Human immunodeficiency virus 1,3C6T,Nucleoprotein
Human immunodeficiency virus 1,3C6T,Polymerase
Human immunodeficiency virus 1,3C6T,Capsid Protein
Human immunodeficiency virus 1,3C6T,Reverse Transcriptase
Human immunodeficiency virus 1,3C6U,Protease
Human immunodeficiency virus 1,3C6U,Nucleoprotein
Human immunodeficiency virus 1,3C6U,Polymerase
Human immunodeficiency virus 1,3C6U,Capsid Protein
Human immunodeficiency virus 1,3C6U,Reverse Transcriptase
Human immunodeficiency virus 1,3CKT,Capsid Protein
Human immunodeficiency virus 1,3CKT,Protease
Human immunodeficiency virus 1,3CP1,Fusion Protein
Human immunodeficiency virus 1,3CP1,Envelope Protein/Glycoprotein
Human immunodeficiency virus 1,3CP1,Transmembrane Protein
Human immunodeficiency virus 1,3CYO,Envelope Protein/Glycoprotein
Human immunodeficiency virus 1,3CYO,Fusion Protein
Human immunodeficiency virus 1,3CYO,Transmembrane Protein
Human immunodeficiency virus 1,3CYW,Capsid Protein
Human immunodeficiency virus 1,3CYW,Nucleoprotein
Human immunodeficiency virus 1,3CYW,Polymerase
Human immunodeficiency virus 1,3CYW,Protease
Human immunodeficiency virus 1,3CYX,Capsid Protein
Human immunodeficiency virus 1,3CYX,Protease
Human immunodeficiency virus 1,3D0V,Envelope Protein/Glycoprotein
Human immunodeficiency virus 1,3D1X,Capsid Protein
Human immunodeficiency virus 1,3D1X,Nucleoprotein
Human immunodeficiency virus 1,3D1X,Protease
Human immunodeficiency virus 1,3D1Y,Capsid Protein
Human immunodeficiency virus 1,3D1Y,Protease
Human immunodeficiency virus 1,3D1Z,Capsid Protein
Human immunodeficiency virus 1,3D1Z,Protease
Human immunodeficiency virus 1,3D20,Capsid Protein
Human immunodeficiency virus 1,3D20,Nucleoprotein
Human immunodeficiency virus 1,3D20,Polymerase
Human immunodeficiency virus 1,3D20,Protease
Human immunodeficiency virus 1,3D3T,Capsid Protein
Human immunodeficiency virus 1,3D3T,Protease
Human immunodeficiency virus 1,3DCG,Polymerase
Human immunodeficiency virus 1,3DCK,Protease
Human immunodeficiency virus 1,3DCR,Protease
Human immunodeficiency virus 1,3DI6,Capsid Protein
Human immunodeficiency virus 1,3DI6,Nucleoprotein
Human immunodeficiency virus 1,3DI6,Polymerase
Human immunodeficiency virus 1,3DI6,Reverse Transcriptase
Human immunodeficiency virus 1,3DIK,Capsid Protein
Human immunodeficiency virus 1,3DIK,Nucleoprotein
Human immunodeficiency virus 1,3DIK,Polymerase
Human immunodeficiency virus 1,3DIK,Protease
Human immunodeficiency virus 1,3DJK,Capsid Protein
Human immunodeficiency virus 1,3DJK,Nucleoprotein
Human immunodeficiency virus 1,3DJK,Polymerase
Human immunodeficiency virus 1,3DJK,Protease
Human immunodeficiency virus 1,3DK1,Capsid Protein
Human immunodeficiency virus 1,3DK1,Nucleoprotein
Human immunodeficiency virus 1,3DK1,Polymerase
Human immunodeficiency virus 1,3DK1,Protease
Human immunodeficiency virus 1,3DLE,Capsid Protein
Human immunodeficiency virus 1,3DLE,Reverse Transcriptase
Human immunodeficiency virus 1,3DLG,Capsid Protein
Human immunodeficiency virus 1,3DLG,Reverse Transcriptase
Human immunodeficiency virus 1,3DLK,Capsid Protein
Human immunodeficiency virus 1,3DLK,Nucleoprotein
Human immunodeficiency virus 1,3DLK,Polymerase
Human immunodeficiency virus 1,3DLK,Reverse Transcriptase
Human immunodeficiency virus 1,3DM2,Capsid Protein
Human immunodeficiency virus 1,3DM2,Reverse Transcriptase
Human immunodeficiency virus 1,3DMJ,Capsid Protein
Human immunodeficiency virus 1,3DMJ,Reverse Transcriptase
Human immunodeficiency virus 1,3DNL,Envelope Protein/Glycoprotein
Human immunodeficiency virus 1,3DNL,Fusion Protein
Human immunodeficiency virus 1,3DNL,Spike Protein
Human immunodeficiency virus 1,3DNN,Envelope Protein/Glycoprotein
Human immunodeficiency virus 1,3DNN,Fusion Protein
Human immunodeficiency virus 1,3DNN,Spike Protein
Human immunodeficiency virus 1,3DNO,Envelope Protein/Glycoprotein
Human immunodeficiency virus 1,3DNO,Fusion Protein
Human immunodeficiency virus 1,3DNO,Spike Protein
Human immunodeficiency virus 1,3DOK,Capsid Protein
Human immunodeficiency virus 1,3DOK,Reverse Transcriptase
Human immunodeficiency virus 1,3DOL,Capsid Protein
Human immunodeficiency virus 1,3DOL,Reverse Transcriptase
Human immunodeficiency virus 1,3DOX,Protease
Human immunodeficiency virus 1,3DOX,Nucleoprotein
Human immunodeficiency virus 1,3DOX,Matrix Protein
Human immunodeficiency virus 1,3DOX,Polymerase
Human immunodeficiency virus 1,3DOX,Integrase
Human immunodeficiency virus 1,3DOX,Capsid Protein
Human immunodeficiency virus 1,3DOX,Nucleocapsid Protein
Human immunodeficiency virus 1,3DOX,Reverse Transcriptase
Human immunodeficiency virus 1,3DPH,Protease
Human immunodeficiency virus 1,3DPH,Matrix Protein
Human immunodeficiency virus 1,3DPH,Capsid Protein
Human immunodeficiency virus 1,3DPH,Integrase
Human immunodeficiency virus 1,3DPH,Nucleocapsid Protein
Human immunodeficiency virus 1,3DPH,Reverse Transcriptase
Human immunodeficiency virus 1,3DRO,Envelope Protein/Glycoprotein
Human immunodeficiency virus 1,3DRP,Capsid Protein
Human immunodeficiency virus 1,3DRP,Reverse Transcriptase
Human immunodeficiency virus 1,3DRR,Capsid Protein
Human immunodeficiency virus 1,3DRR,Reverse Transcriptase
Human immunodeficiency virus 1,3DRS,Capsid Protein
Human immunodeficiency virus 1,3DRS,Reverse Transcriptase
Human immunodeficiency virus 1,3DS0,Capsid Protein
Human immunodeficiency virus 1,3DS1,Capsid Protein
Human immunodeficiency virus 1,3DS2,Capsid Protein
Human immunodeficiency virus 1,3DS3,Capsid Protein
Human immunodeficiency virus 1,3DS4,Capsid Protein
Human immunodeficiency virus 1,3DS5,Capsid Protein
Human immunodeficiency virus 1,3DTJ,Capsid Protein
Human immunodeficiency virus 1,3DYA,Capsid Protein
Human immunodeficiency virus 1,3DYA,Reverse Transcriptase
Human immunodeficiency virus 1,3E01,Capsid Protein
Human immunodeficiency virus 1,3E01,Reverse Transcriptase
Human immunodeficiency virus 1,3E6F,Envelope Protein/Glycoprotein
Human immunodeficiency virus 1,3E6H,Envelope Protein/Glycoprotein
Human immunodeficiency virus 1,3ECB,Envelope Protein/Glycoprotein
Human immunodeficiency virus 1,3ECB,Fusion Protein
Human immunodeficiency virus 1,3ECB,Transmembrane Protein
Human immunodeficiency virus 1,3EKP,Capsid Protein
Human immunodeficiency virus 1,3EKP,Protease
Human immunodeficiency virus 1,3EKQ,Capsid Protein
Human immunodeficiency virus 1,3EKQ,Protease
Human immunodeficiency virus 1,3EKT,Capsid Protein
Human immunodeficiency virus 1,3EKT,Protease
Human immunodeficiency virus 1,3EKV,Capsid Protein
Human immunodeficiency virus 1,3EKV,Protease
Human immunodeficiency virus 1,3EKW,Capsid Protein
Human immunodeficiency virus 1,3EKW,Protease
Human immunodeficiency virus 1,3EKX,Capsid Protein
Human immunodeficiency virus 1,3EKX,Protease
Human immunodeficiency virus 1,3EKY,Capsid Protein
Human immunodeficiency virus 1,3EKY,Protease
Human immunodeficiency virus 1,3EL0,Capsid Protein
Human immunodeficiency virus 1,3EL0,Protease
Human immunodeficiency virus 1,3EL1,Capsid Protein
Human immunodeficiency virus 1,3EL1,Protease
Human immunodeficiency virus 1,3EL4,Capsid Protein
Human immunodeficiency virus 1,3EL4,Protease
Human immunodeficiency virus 1,3EL5,Capsid Protein
Human immunodeficiency virus 1,3EL5,Protease
Human immunodeficiency virus 1,3EL9,Capsid Protein
Human immunodeficiency virus 1,3EL9,Protease
Human immunodeficiency virus 1,3EM3,Capsid Protein
Human immunodeficiency virus 1,3EM3,Protease
Human immunodeficiency virus 1,3EM4,Capsid Protein
Human immunodeficiency virus 1,3EM4,Protease
Human immunodeficiency virus 1,3EM6,Capsid Protein
Human immunodeficiency virus 1,3EM6,Protease
Human immunodeficiency virus 1,3F4Y,Envelope Protein/Glycoprotein
Human immunodeficiency virus 1,3F4Y,Fusion Protein
Human immunodeficiency virus 1,3F4Y,Transmembrane Protein
Human immunodeficiency virus 1,3F50,Envelope Protein/Glycoprotein
Human immunodeficiency virus 1,3F50,Fusion Protein
Human immunodeficiency virus 1,3F50,Transmembrane Protein
Human immunodeficiency virus 1,3FFI,Capsid Protein
Human immunodeficiency virus 1,3FFI,Nucleoprotein
Human immunodeficiency virus 1,3FFI,Polymerase
Human immunodeficiency virus 1,3FFI,Reverse Transcriptase
Human immunodeficiency virus 1,3FSM,Protease
Human immunodeficiency virus 1,3FX5,Protease
Human immunodeficiency virus 1,3G7A,Envelope Protein/Glycoprotein
Human immunodeficiency virus 1,3G7A,Fusion Protein
Human immunodeficiency virus 1,3G7A,Transmembrane Protein
Human immunodeficiency virus 1,3G9R,Envelope Protein/Glycoprotein
Human immunodeficiency virus 1,3G9R,Fusion Protein
Human immunodeficiency virus 1,3GGA,Protease
Human immunodeficiency virus 1,3GGU,Capsid Protein
Human immunodeficiency virus 1,3GGU,Protease
Human immunodeficiency virus 1,3GGV,Protease
Human immunodeficiency virus 1,3GGX,Protease
Human immunodeficiency virus 1,3GHB,Envelope Protein/Glycoprotein
Human immunodeficiency virus 1,3GHE,Envelope Protein/Glycoprotein
Human immunodeficiency virus 1,3GI4,Protease
Human immunodeficiency virus 1,3GI5,Protease
Human immunodeficiency virus 1,3GI6,Protease
Human immunodeficiency virus 1,3GO1,Envelope Protein/Glycoprotein
Human immunodeficiency virus 1,3GO1,Fusion Protein
Human immunodeficiency virus 1,3GO1,Transmembrane Protein
Human immunodeficiency virus 1,3GV2,Capsid Protein
Human immunodeficiency virus 1,3GWO,Envelope Protein/Glycoprotein
Human immunodeficiency virus 1,3GWO,Fusion Protein
Human immunodeficiency virus 1,3GWO,Transmembrane Protein
Human immunodeficiency virus 1,3H00,Envelope Protein/Glycoprotein
Human immunodeficiency virus 1,3H00,Fusion Protein
Human immunodeficiency virus 1,3H00,Transmembrane Protein
Human immunodeficiency virus 1,3H01,Envelope Protein/Glycoprotein
Human immunodeficiency virus 1,3H01,Fusion Protein
Human immunodeficiency virus 1,3H01,Transmembrane Protein
Human immunodeficiency virus 1,3H47,Capsid Protein
Human immunodeficiency virus 1,3H4E,Capsid Protein
Human immunodeficiency virus 1,3H5B,Capsid Protein
Human immunodeficiency virus 1,3H5B,Protease
Human immunodeficiency virus 1,3HAU,Protease
Human immunodeficiency virus 1,3HAW,Protease
Human immunodeficiency virus 1,3HBO,Protease
Human immunodeficiency virus 1,3HDK,Protease
Human immunodeficiency virus 1,3HI1,Envelope Protein/Glycoprotein
Human immunodeficiency virus 1,3HI1,Fusion Protein
Human immunodeficiency virus 1,3HLO,Protease
Human immunodeficiency virus 1,3HVP,Protease
Human immunodeficiency virus 1,3HVT,Polymerase
Human immunodeficiency virus 1,3HVT,Reverse Transcriptase
Human immunodeficiency virus 1,3HYF,Polymerase
Human immunodeficiency virus 1,3HYF,Protease
Human immunodeficiency virus 1,3HYF,RNAse H
Human immunodeficiency virus 1,3HYF,Reverse Transcriptase
Human immunodeficiency virus 1,3HZC,Protease
Human immunodeficiency virus 1,3I0R,Protease
Human immunodeficiency virus 1,3I0R,Nucleoprotein
Human immunodeficiency virus 1,3I0R,Matrix Protein
Human immunodeficiency virus 1,3I0R,Polymerase
Human immunodeficiency virus 1,3I0R,Capsid Protein
Human immunodeficiency virus 1,3I0R,Integrase
Human immunodeficiency virus 1,3I0R,Nucleocapsid Protein
Human immunodeficiency virus 1,3I0R,Reverse Transcriptase
Human immunodeficiency virus 1,3I0S,Protease
Human immunodeficiency virus 1,3I0S,Nucleoprotein
Human immunodeficiency virus 1,3I0S,Matrix Protein
Human immunodeficiency virus 1,3I0S,Polymerase
Human immunodeficiency virus 1,3I0S,Capsid Protein
Human immunodeficiency virus 1,3I0S,Integrase
Human immunodeficiency virus 1,3I0S,Nucleocapsid Protein
Human immunodeficiency virus 1,3I0S,Reverse Transcriptase
Human immunodeficiency virus 1,3I2L,Protease
Human immunodeficiency virus 1,3I6O,Capsid Protein
Human immunodeficiency virus 1,3I6O,Protease
Human immunodeficiency virus 1,3I7E,Protease
Human immunodeficiency virus 1,3I8W,Capsid Protein
Human immunodeficiency virus 1,3I8W,Nucleoprotein
Human immunodeficiency virus 1,3I8W,Polymerase
Human immunodeficiency virus 1,3I8W,Protease
Human immunodeficiency virus 1,3IA9,Protease
Human immunodeficiency virus 1,3IAW,Protease
Human immunodeficiency virus 1,3IDX,Envelope Protein/Glycoprotein
Human immunodeficiency virus 1,3IDX,Fusion Protein
Human immunodeficiency virus 1,3IDY,Envelope Protein/Glycoprotein
Human immunodeficiency virus 1,3IDY,Fusion Protein
Human immunodeficiency virus 1,3IG1,Protease
Human immunodeficiency virus 1,3IG1,RNAse H
Human immunodeficiency virus 1,3IG1,Matrix Protein
Human immunodeficiency virus 1,3IG1,Polymerase
Human immunodeficiency virus 1,3IG1,Integrase
Human immunodeficiency virus 1,3IG1,Capsid Protein
Human immunodeficiency virus 1,3IG1,Nucleocapsid Protein
Human immunodeficiency virus 1,3IG1,Reverse Transcriptase
Human immunodeficiency virus 1,3IRX,Protease
Human immunodeficiency virus 1,3IRX,Nucleoprotein
Human immunodeficiency virus 1,3IRX,Polymerase
Human immunodeficiency virus 1,3IRX,Capsid Protein
Human immunodeficiency virus 1,3IRX,Reverse Transcriptase
Human immunodeficiency virus 1,3IS9,Protease
Human immunodeficiency virus 1,3IS9,Nucleoprotein
Human immunodeficiency virus 1,3IS9,Polymerase
Human immunodeficiency virus 1,3IS9,Capsid Protein
Human immunodeficiency virus 1,3IS9,Reverse Transcriptase
Human immunodeficiency virus 1,3ISN,Capsid Protein
Human immunodeficiency virus 1,3ISN,Reverse Transcriptase
Human immunodeficiency virus 1,3ITH,Capsid Protein
Human immunodeficiency virus 1,3ITH,Reverse Transcriptase
Human immunodeficiency virus 1,3IXO,Polymerase
Human immunodeficiency virus 1,3IXO,Protease
Human immunodeficiency virus 1,3J34,Capsid Protein
Human immunodeficiency virus 1,3J3Q,Capsid Protein
Human immunodeficiency virus 1,3J3Q,Envelope Protein/Glycoprotein
Human immunodeficiency virus 1,3J3Y,Capsid Protein
Human immunodeficiency virus 1,3J3Y,Envelope Protein/Glycoprotein
Human immunodeficiency virus 1,3J4F,Capsid Protein
Human immunodeficiency virus 1,3J5M,Envelope Protein/Glycoprotein
Human immunodeficiency virus 1,3J5M,Spike Protein
Human immunodeficiency virus 1,3J70,Envelope Protein/Glycoprotein
Human immunodeficiency virus 1,3J70,Spike Protein
Human immunodeficiency virus 1,3J70,Transmembrane Protein
Human immunodeficiency virus 1,3JSM,Capsid Protein
Human immunodeficiency virus 1,3JSM,Polymerase
Human immunodeficiency virus 1,3JSM,RNAse H
Human immunodeficiency virus 1,3JSM,Reverse Transcriptase
Human immunodeficiency virus 1,3JVW,Protease
Human immunodeficiency virus 1,3JVW,Matrix Protein
Human immunodeficiency virus 1,3JVW,Capsid Protein
Human immunodeficiency virus 1,3JVW,Integrase
Human immunodeficiency virus 1,3JVW,Nucleocapsid Protein
Human immunodeficiency virus 1,3JVW,Reverse Transcriptase
Human immunodeficiency virus 1,3JVY,Protease
Human immunodeficiency virus 1,3JVY,Matrix Protein
Human immunodeficiency virus 1,3JVY,Capsid Protein
Human immunodeficiency virus 1,3JVY,Integrase
Human immunodeficiency virus 1,3JVY,Nucleocapsid Protein
Human immunodeficiency virus 1,3JVY,Reverse Transcriptase
Human immunodeficiency virus 1,3JW2,Protease
Human immunodeficiency virus 1,3JW2,Matrix Protein
Human immunodeficiency virus 1,3JW2,Capsid Protein
Human immunodeficiency virus 1,3JW2,Integrase
Human immunodeficiency virus 1,3JW2,Nucleocapsid Protein
Human immunodeficiency virus 1,3JW2,Reverse Transcriptase
Human immunodeficiency virus 1,3JWD,Envelope Protein/Glycoprotein
Human immunodeficiency virus 1,3JWD,Spike Protein
Human immunodeficiency virus 1,3JWD,Fusion Protein
Human immunodeficiency virus 1,3JYT,Capsid Protein
Human immunodeficiency virus 1,3JYT,Polymerase
Human immunodeficiency virus 1,3JYT,RNAse H
Human immunodeficiency virus 1,3JYT,Reverse Transcriptase
Human immunodeficiency virus 1,3K2P,Capsid Protein
Human immunodeficiency virus 1,3K2P,RNAse H
Human immunodeficiency virus 1,3K2P,Reverse Transcriptase
Human immunodeficiency virus 1,3K4V,Capsid Protein
Human immunodeficiency virus 1,3K4V,Protease
Human immunodeficiency virus 1,3K9A,Envelope Protein/Glycoprotein
Human immunodeficiency virus 1,3K9A,Fusion Protein
Human immunodeficiency virus 1,3KA2,Protease
Human immunodeficiency virus 1,3KDB,Capsid Protein
Human immunodeficiency virus 1,3KDB,Protease
Human immunodeficiency virus 1,3KDC,Capsid Protein
Human immunodeficiency virus 1,3KDC,Protease
Human immunodeficiency virus 1,3KDD,Capsid Protein
Human immunodeficiency virus 1,3KDD,Protease
Human immunodeficiency virus 1,3KF0,Protease
Human immunodeficiency virus 1,3KFN,Protease
Human immunodeficiency virus 1,3KFP,Protease
Human immunodeficiency virus 1,3KFR,Protease
Human immunodeficiency virus 1,3KFS,Protease
Human immunodeficiency virus 1,3KJV,Capsid Protein
Human immunodeficiency virus 1,3KJV,Reverse Transcriptase
Human immunodeficiency virus 1,3KK1,Capsid Protein
Human immunodeficiency virus 1,3KK1,Reverse Transcriptase
Human immunodeficiency virus 1,3KK2,Capsid Protein
Human immunodeficiency virus 1,3KK2,Reverse Transcriptase
Human immunodeficiency virus 1,3KK3,Capsid Protein
Human immunodeficiency virus 1,3KK3,Reverse Transcriptase
Human immunodeficiency virus 1,3KLE,Capsid Protein
Human immunodeficiency virus 1,3KLE,Polymerase
Human immunodeficiency virus 1,3KLE,Reverse Transcriptase
Human immunodeficiency virus 1,3KLF,Capsid Protein
Human immunodeficiency virus 1,3KLF,Polymerase
Human immunodeficiency virus 1,3KLF,Reverse Transcriptase
Human immunodeficiency virus 1,3KLG,Capsid Protein
Human immunodeficiency virus 1,3KLG,Polymerase
Human immunodeficiency virus 1,3KLG,Reverse Transcriptase
Human immunodeficiency virus 1,3KLH,Capsid Protein
Human immunodeficiency virus 1,3KLH,Polymerase
Human immunodeficiency virus 1,3KLH,Reverse Transcriptase
Human immunodeficiency virus 1,3KLI,Capsid Protein
Human immunodeficiency virus 1,3KLI,Polymerase
Human immunodeficiency virus 1,3KLI,Reverse Transcriptase
Human immunodeficiency virus 1,3KT2,Fusion Protein
Human immunodeficiency virus 1,3KT2,Capsid Protein
Human immunodeficiency virus 1,3KT2,Protease
Human immunodeficiency virus 1,3KT5,Fusion Protein
Human immunodeficiency virus 1,3KT5,Capsid Protein
Human immunodeficiency virus 1,3KT5,Protease
Human immunodeficiency virus 1,3L3U,Integrase
Human immunodeficiency virus 1,3L3V,Integrase
Human immunodeficiency virus 1,3LAK,Reverse Transcriptase
Human immunodeficiency virus 1,3LAL,Reverse Transcriptase
Human immunodeficiency virus 1,3LAM,Reverse Transcriptase
Human immunodeficiency virus 1,3LAN,Reverse Transcriptase
Human immunodeficiency virus 1,3LEX,Envelope Protein/Glycoprotein
Human immunodeficiency virus 1,3LEY,Envelope Protein/Glycoprotein
Human immunodeficiency virus 1,3LP0,RNAse H
Human immunodeficiency virus 1,3LP0,Nucleoprotein
Human immunodeficiency virus 1,3LP0,Polymerase
Human immunodeficiency virus 1,3LP0,Capsid Protein
Human immunodeficiency virus 1,3LP0,Reverse Transcriptase
Human immunodeficiency virus 1,3LP1,RNAse H
Human immunodeficiency virus 1,3LP1,Nucleoprotein
Human immunodeficiency virus 1,3LP1,Polymerase
Human immunodeficiency virus 1,3LP1,Capsid Protein
Human immunodeficiency virus 1,3LP1,Reverse Transcriptase
Human immunodeficiency virus 1,3LP2,Protease
Human immunodeficiency virus 1,3LP2,RNAse H
Human immunodeficiency virus 1,3LP2,Nucleoprotein
Human immunodeficiency virus 1,3LP2,Polymerase
Human immunodeficiency virus 1,3LP2,Capsid Protein
Human immunodeficiency virus 1,3LP2,Reverse Transcriptase
Human immunodeficiency virus 1,3LP3,RNAse H
Human immunodeficiency virus 1,3LP3,Nucleoprotein
Human immunodeficiency virus 1,3LP3,Polymerase
Human immunodeficiency virus 1,3LP3,Capsid Protein
Human immunodeficiency virus 1,3LP3,Reverse Transcriptase
Human immunodeficiency virus 1,3LPT,Integrase
Human immunodeficiency virus 1,3LPU,Integrase
Human immunodeficiency virus 1,3LQA,Envelope Protein/Glycoprotein
Human immunodeficiency virus 1,3LRY,Capsid Protein
Human immunodeficiency virus 1,3LZS,Capsid Protein
Human immunodeficiency virus 1,3LZS,Protease
Human immunodeficiency virus 1,3LZU,Capsid Protein
Human immunodeficiency virus 1,3LZU,Protease
Human immunodeficiency virus 1,3LZV,Capsid Protein
Human immunodeficiency virus 1,3LZV,Protease
Human immunodeficiency virus 1,3M8P,Capsid Protein
Human immunodeficiency virus 1,3M8P,Polymerase
Human immunodeficiency virus 1,3M8P,Reverse Transcriptase
Human immunodeficiency virus 1,3M8Q,Capsid Protein
Human immunodeficiency virus 1,3M8Q,Polymerase
Human immunodeficiency virus 1,3M8Q,Reverse Transcriptase
Human immunodeficiency virus 1,3M9F,Protease
Human immunodeficiency virus 1,3MA9,Envelope Protein/Glycoprotein
Human immunodeficiency virus 1,3MAC,Envelope Protein/Glycoprotein
Human immunodeficiency virus 1,3MEC,Reverse Transcriptase
Human immunodeficiency virus 1,3MED,Reverse Transcriptase
Human immunodeficiency virus 1,3MEE,Reverse Transcriptase
Human immunodeficiency virus 1,3MEG,Reverse Transcriptase
Human immunodeficiency virus 1,3MGE,Capsid Protein
Human immunodeficiency virus 1,3MI9,Accessory Proteins
Human immunodeficiency virus 1,3MIA,Accessory Proteins
Human immunodeficiency virus 1,3MLR,Envelope Protein/Glycoprotein
Human immunodeficiency virus 1,3MLT,Envelope Protein/Glycoprotein
Human immunodeficiency virus 1,3MLU,Envelope Protein/Glycoprotein
Human immunodeficiency virus 1,3MLV,Envelope Protein/Glycoprotein
Human immunodeficiency virus 1,3MLW,Envelope Protein/Glycoprotein
Human immunodeficiency virus 1,3MLX,Envelope Protein/Glycoprotein
Human immunodeficiency virus 1,3MLY,Envelope Protein/Glycoprotein
Human immunodeficiency virus 1,3MLZ,Envelope Protein/Glycoprotein
Human immunodeficiency virus 1,3MNW,Envelope Protein/Glycoprotein
Human immunodeficiency virus 1,3MNZ,Envelope Protein/Glycoprotein
Human immunodeficiency virus 1,3MOA,Envelope Protein/Glycoprotein
Human immunodeficiency virus 1,3MOB,Envelope Protein/Glycoprotein
Human immunodeficiency virus 1,3MOD,Envelope Protein/Glycoprotein
Human immunodeficiency virus 1,3MWS,Capsid Protein
Human immunodeficiency virus 1,3MWS,Protease
Human immunodeficiency virus 1,3MXD,Capsid Protein
Human immunodeficiency virus 1,3MXD,Protease
Human immunodeficiency virus 1,3MXE,Capsid Protein
Human immunodeficiency virus 1,3MXE,Protease
Human immunodeficiency virus 1,3N3I,Capsid Protein
Human immunodeficiency virus 1,3N3I,Fusion Protein
Human immunodeficiency virus 1,3N3I,Protease
Human immunodeficiency virus 1,3NBP,Capsid Protein
Human immunodeficiency virus 1,3NBP,Polymerase
Human immunodeficiency virus 1,3NBP,Reverse Transcriptase
Human immunodeficiency virus 1,3NDT,Capsid Protein
Human immunodeficiency virus 1,3NDT,Protease
Human immunodeficiency virus 1,3NDU,Protease
Human immunodeficiency virus 1,3NDW,Protease
Human immunodeficiency virus 1,3NDX,Protease
Human immunodeficiency virus 1,3NF6,Integrase
Human immunodeficiency virus 1,3NF7,Integrase
Human immunodeficiency virus 1,3NF8,Integrase
Human immunodeficiency virus 1,3NF9,Integrase
Human immunodeficiency virus 1,3NFA,Integrase
Human immunodeficiency virus 1,3NGB,Envelope Protein/Glycoprotein
Human immunodeficiency virus 1,3NLS,Protease
Human immunodeficiency virus 1,3NTE,Capsid Protein
Human immunodeficiency virus 1,3NU3,Capsid Protein
Human immunodeficiency virus 1,3NU3,Protease
Human immunodeficiency virus 1,3NU4,Capsid Protein
Human immunodeficiency virus 1,3NU4,Protease
Human immunodeficiency virus 1,3NU5,Capsid Protein
Human immunodeficiency virus 1,3NU5,Protease
Human immunodeficiency virus 1,3NU6,Capsid Protein
Human immunodeficiency virus 1,3NU6,Protease
Human immunodeficiency virus 1,3NU9,Capsid Protein
Human immunodeficiency virus 1,3NU9,Protease
Human immunodeficiency virus 1,3NUJ,Capsid Protein
Human immunodeficiency virus 1,3NUJ,Protease
Human immunodeficiency virus 1,3NUO,Capsid Protein
Human immunodeficiency virus 1,3NUO,Protease
Human immunodeficiency virus 1,3NWQ,Protease
Human immunodeficiency virus 1,3NWX,Protease
Human immunodeficiency virus 1,3NXE,Protease
Human immunodeficiency virus 1,3NXN,Protease
Human immunodeficiency virus 1,3NYG,Protease
Human immunodeficiency virus 1,3O6L,Accessory Proteins
Human immunodeficiency virus 1,3O6M,Accessory Proteins
Human immunodeficiency virus 1,3O99,Capsid Protein
Human immunodeficiency virus 1,3O99,Protease
Human immunodeficiency virus 1,3O9A,Capsid Protein
Human immunodeficiency virus 1,3O9A,Protease
Human immunodeficiency virus 1,3O9B,Capsid Protein
Human immunodeficiency virus 1,3O9B,Protease
Human immunodeficiency virus 1,3O9C,Capsid Protein
Human immunodeficiency virus 1,3O9C,Protease
Human immunodeficiency virus 1,3O9D,Capsid Protein
Human immunodeficiency virus 1,3O9D,Protease
Human immunodeficiency virus 1,3O9E,Capsid Protein
Human immunodeficiency virus 1,3O9E,Protease
Human immunodeficiency virus 1,3O9F,Capsid Protein
Human immunodeficiency virus 1,3O9F,Protease
Human immunodeficiency virus 1,3O9G,Capsid Protein
Human immunodeficiency virus 1,3O9G,Protease
Human immunodeficiency virus 1,3O9H,Capsid Protein
Human immunodeficiency virus 1,3O9H,Protease
Human immunodeficiency virus 1,3O9I,Capsid Protein
Human immunodeficiency virus 1,3O9I,Protease
Human immunodeficiency virus 1,3OBU,Capsid Protein
Human immunodeficiency virus 1,3OBX,Capsid Protein
Human immunodeficiency virus 1,3OK9,Protease
Human immunodeficiency virus 1,3OQ7,Protease
Human immunodeficiency virus 1,3OQA,Protease
Human immunodeficiency virus 1,3OQD,Protease
Human immunodeficiency virus 1,3OTS,Protease
Human immunodeficiency virus 1,3OTY,Protease
Human immunodeficiency virus 1,3OU1,Protease
Human immunodeficiency virus 1,3OU3,Protease
Human immunodeficiency virus 1,3OU4,Protease
Human immunodeficiency virus 1,3OUA,Protease
Human immunodeficiency virus 1,3OUB,Protease
Human immunodeficiency virus 1,3OUC,Protease
Human immunodeficiency virus 1,3OUD,Protease
Human immunodeficiency virus 1,3OVN,Integrase
Human immunodeficiency virus 1,3OXC,Protease
Human immunodeficiency virus 1,3OXV,Capsid Protein
Human immunodeficiency virus 1,3OXV,Protease
Human immunodeficiency virus 1,3OXW,Capsid Protein
Human immunodeficiency virus 1,3OXW,Protease
Human immunodeficiency virus 1,3OXX,Capsid Protein
Human immunodeficiency virus 1,3OXX,Protease
Human immunodeficiency virus 1,3OY4,Capsid Protein
Human immunodeficiency virus 1,3OY4,Protease
Human immunodeficiency virus 1,3P05,Capsid Protein
Human immunodeficiency virus 1,3P0A,Capsid Protein
Human immunodeficiency virus 1,3P30,Envelope Protein/Glycoprotein
Human immunodeficiency virus 1,3P9G,Capsid Protein
Human immunodeficiency virus 1,3P9H,Capsid Protein
Human immunodeficiency virus 1,3PHV,Protease
Human immunodeficiency virus 1,3PJ6,Protease
Human immunodeficiency virus 1,3PSU,Protease
Human immunodeficiency virus 1,3PWM,Protease
Human immunodeficiency virus 1,3PWR,Protease
Human immunodeficiency virus 1,3QAA,Protease
Human immunodeficiency virus 1,3QBF,Protease
Human immunodeficiency virus 1,3QIH,Protease
Human immunodeficiency virus 1,3QIN,Fusion Protein
Human immunodeficiency virus 1,3QIN,Capsid Protein
Human immunodeficiency virus 1,3QIN,RNAse H
Human immunodeficiency virus 1,3QIO,Capsid Protein
Human immunodeficiency virus 1,3QIO,RNAse H
Human immunodeficiency virus 1,3QIP,Protease
Human immunodeficiency virus 1,3QIP,RNAse H
Human immunodeficiency virus 1,3QIP,Matrix Protein
Human immunodeficiency virus 1,3QIP,Polymerase
Human immunodeficiency virus 1,3QIP,Integrase
Human immunodeficiency virus 1,3QIP,Capsid Protein
Human immunodeficiency virus 1,3QIP,Nucleocapsid Protein
Human immunodeficiency virus 1,3QIP,Reverse Transcriptase
Human immunodeficiency virus 1,3QLH,Capsid Protein
Human immunodeficiency virus 1,3QLH,RNAse H
Human immunodeficiency virus 1,3QLH,Reverse Transcriptase
Human immunodeficiency virus 1,3QN8,Protease
Human immunodeficiency virus 1,3QO9,Capsid Protein
Human immunodeficiency virus 1,3QO9,Nucleoprotein
Human immunodeficiency virus 1,3QO9,Polymerase
Human immunodeficiency virus 1,3QO9,Reverse Transcriptase
Human immunodeficiency virus 1,3QP0,Protease
Human immunodeficiency virus 1,3QPJ,Protease
Human immunodeficiency virus 1,3QRM,Protease
Human immunodeficiency virus 1,3QRO,Protease
Human immunodeficiency virus 1,3QRS,Protease
Human immunodeficiency virus 1,3R0W,Protease
Human immunodeficiency virus 1,3R0Y,Protease
Human immunodeficiency virus 1,3R4B,Capsid Protein
Human immunodeficiency virus 1,3R4B,Protease
Human immunodeficiency virus 1,3RJQ,Envelope Protein/Glycoprotein
Human immunodeficiency virus 1,3S43,Protease
Human immunodeficiency virus 1,3S53,Protease
Human immunodeficiency virus 1,3S54,Protease
Human immunodeficiency virus 1,3S56,Protease
Human immunodeficiency virus 1,3S85,Protease
Human immunodeficiency virus 1,3S85,Reverse Transcriptase
Human immunodeficiency virus 1,3SA3,Capsid Protein
Human immunodeficiency virus 1,3SA3,Protease
Human immunodeficiency virus 1,3SA4,Capsid Protein
Human immunodeficiency virus 1,3SA4,Protease
Human immunodeficiency virus 1,3SA5,Capsid Protein
Human immunodeficiency virus 1,3SA5,Protease
Human immunodeficiency virus 1,3SA6,Capsid Protein
Human immunodeficiency virus 1,3SA6,Protease
Human immunodeficiency virus 1,3SA7,Capsid Protein
Human immunodeficiency virus 1,3SA7,Protease
Human immunodeficiency virus 1,3SA8,Capsid Protein
Human immunodeficiency virus 1,3SA8,Protease
Human immunodeficiency virus 1,3SA9,Capsid Protein
Human immunodeficiency virus 1,3SA9,Protease
Human immunodeficiency virus 1,3SAA,Capsid Protein
Human immunodeficiency virus 1,3SAA,Protease
Human immunodeficiency virus 1,3SAB,Capsid Protein
Human immunodeficiency virus 1,3SAB,Protease
Human immunodeficiency virus 1,3SAC,Capsid Protein
Human immunodeficiency virus 1,3SAC,Protease
Human immunodeficiency virus 1,3SE8,Envelope Protein/Glycoprotein
Human immunodeficiency virus 1,3SE9,Envelope Protein/Glycoprotein
Human immunodeficiency virus 1,3SO9,Protease
Human immunodeficiency virus 1,3SPK,Protease
Human immunodeficiency virus 1,3ST5,Capsid Protein
Human immunodeficiency virus 1,3ST5,Protease
Human immunodeficiency virus 1,3T11,Capsid Protein
Human immunodeficiency virus 1,3T11,Protease
Human immunodeficiency virus 1,3T19,Capsid Protein
Human immunodeficiency virus 1,3T19,Reverse Transcriptase
Human immunodeficiency virus 1,3T1A,Capsid Protein
Human immunodeficiency virus 1,3T1A,Reverse Transcriptase
Human immunodeficiency virus 1,3T3C,Capsid Protein
Human immunodeficiency virus 1,3T3C,Protease
Human immunodeficiency virus 1,3TAM,Capsid Protein
Human immunodeficiency virus 1,3TAM,Reverse Transcriptase
Human immunodeficiency virus 1,3TGQ,Envelope Protein/Glycoprotein
Human immunodeficiency virus 1,3TGR,Envelope Protein/Glycoprotein
Human immunodeficiency virus 1,3TGS,Envelope Protein/Glycoprotein
Human immunodeficiency virus 1,3TGT,Envelope Protein/Glycoprotein
Human immunodeficiency virus 1,3TH9,Capsid Protein
Human immunodeficiency virus 1,3TH9,Protease
Human immunodeficiency virus 1,3TIH,Envelope Protein/Glycoprotein
Human immunodeficiency virus 1,3TKG,Capsid Protein
Human immunodeficiency virus 1,3TKG,Protease
Human immunodeficiency virus 1,3TKW,Capsid Protein
Human immunodeficiency virus 1,3TKW,Protease
Human immunodeficiency virus 1,3TL9,Capsid Protein
Human immunodeficiency virus 1,3TL9,Protease
Human immunodeficiency virus 1,3TLH,Protease
Human immunodeficiency virus 1,3TOF,Protease
Human immunodeficiency virus 1,3TOF,Matrix Protein
Human immunodeficiency virus 1,3TOF,Capsid Protein
Human immunodeficiency virus 1,3TOF,Integrase
Human immunodeficiency virus 1,3TOF,Nucleocapsid Protein
Human immunodeficiency virus 1,3TOF,Reverse Transcriptase
Human immunodeficiency virus 1,3TOG,Protease
Human immunodeficiency virus 1,3TOG,Matrix Protein
Human immunodeficiency virus 1,3TOG,Capsid Protein
Human immunodeficiency virus 1,3TOG,Integrase
Human immunodeficiency virus 1,3TOG,Nucleocapsid Protein
Human immunodeficiency virus 1,3TOG,Reverse Transcriptase
Human immunodeficiency virus 1,3TOH,Protease
Human immunodeficiency virus 1,3TOH,Matrix Protein
Human immunodeficiency virus 1,3TOH,Capsid Protein
Human immunodeficiency virus 1,3TOH,Integrase
Human immunodeficiency virus 1,3TOH,Nucleocapsid Protein
Human immunodeficiency virus 1,3TOH,Reverse Transcriptase
Human immunodeficiency virus 1,3TTP,Protease
Human immunodeficiency virus 1,3TYG,Envelope Protein/Glycoprotein
Human immunodeficiency virus 1,3U2S,Envelope Protein/Glycoprotein
Human immunodeficiency virus 1,3U4E,Envelope Protein/Glycoprotein
Human immunodeficiency virus 1,3U71,Protease
Human immunodeficiency virus 1,3U7S,Protease
Human immunodeficiency virus 1,3U7Y,Envelope Protein/Glycoprotein
Human immunodeficiency virus 1,3U91,Envelope Protein/Glycoprotein
Human immunodeficiency virus 1,3UCB,Protease
Human immunodeficiency virus 1,3UF3,Protease
Human immunodeficiency virus 1,3UHL,Protease
Human immunodeficiency virus 1,3UIA,Envelope Protein/Glycoprotein
Human immunodeficiency virus 1,3UJI,Envelope Protein/Glycoprotein
Human immunodeficiency virus 1,3UJI,Transmembrane Protein
Human immunodeficiency virus 1,3UJJ,Envelope Protein/Glycoprotein
Human immunodeficiency virus 1,3V4I,Capsid Protein
Human immunodeficiency virus 1,3V4I,Polymerase
Human immunodeficiency virus 1,3V4I,RNAse H
Human immunodeficiency virus 1,3V4I,Reverse Transcriptase
Human immunodeficiency virus 1,3V6D,Capsid Protein
Human immunodeficiency virus 1,3V6D,Polymerase
Human immunodeficiency virus 1,3V6D,RNAse H
Human immunodeficiency virus 1,3V6D,Reverse Transcriptase
Human immunodeficiency virus 1,3V81,Capsid Protein
Human immunodeficiency virus 1,3V81,Polymerase
Human immunodeficiency virus 1,3V81,Reverse Transcriptase
Human immunodeficiency virus 1,3VF5,Capsid Protein
Human immunodeficiency virus 1,3VF5,Protease
Human immunodeficiency virus 1,3VF7,Capsid Protein
Human immunodeficiency virus 1,3VF7,Protease
Human immunodeficiency virus 1,3VFA,Capsid Protein
Human immunodeficiency virus 1,3VFA,Protease
Human immunodeficiency virus 1,3VFB,Capsid Protein
Human immunodeficiency virus 1,3VFB,Protease
Human immunodeficiency virus 1,3VGX,Envelope Protein/Glycoprotein
Human immunodeficiency virus 1,3VGX,Transmembrane Protein
Human immunodeficiency virus 1,3VGY,Envelope Protein/Glycoprotein
Human immunodeficiency virus 1,3VGY,Transmembrane Protein
Human immunodeficiency virus 1,3VH7,Envelope Protein/Glycoprotein
Human immunodeficiency virus 1,3VH7,Transmembrane Protein
Human immunodeficiency virus 1,3VIE,Envelope Protein/Glycoprotein
Human immunodeficiency virus 1,3VQ4,Integrase
Human immunodeficiency virus 1,3VQ5,Integrase
Human immunodeficiency virus 1,3VQ6,Integrase
Human immunodeficiency virus 1,3VQ7,Integrase
Human immunodeficiency virus 1,3VQ8,Integrase
Human immunodeficiency virus 1,3VQ9,Integrase
Human immunodeficiency virus 1,3VQA,Integrase
Human immunodeficiency virus 1,3VQB,Integrase
Human immunodeficiency virus 1,3VQC,Integrase
Human immunodeficiency virus 1,3VQD,Integrase
Human immunodeficiency virus 1,3VQE,Integrase
Human immunodeficiency virus 1,3VQP,Integrase
Human immunodeficiency virus 1,3VQQ,Integrase
Human immunodeficiency virus 1,3VRL,Capsid Protein
Human immunodeficiency virus 1,3VTP,Envelope Protein/Glycoprotein
Human immunodeficiency virus 1,3VTP,Transmembrane Protein
Human immunodeficiency virus 1,3VTQ,Envelope Protein/Glycoprotein
Human immunodeficiency virus 1,3VU5,Envelope Protein/Glycoprotein
Human immunodeficiency virus 1,3VU5,Transmembrane Protein
Human immunodeficiency virus 1,3VU6,Envelope Protein/Glycoprotein
Human immunodeficiency virus 1,3VU6,Transmembrane Protein
Human immunodeficiency virus 1,3W19,Envelope Protein/Glycoprotein
Human immunodeficiency virus 1,3W19,Transmembrane Protein
Human immunodeficiency virus 1,3W39,Capsid Protein
Human immunodeficiency virus 1,3WFV,Envelope Protein/Glycoprotein
Human immunodeficiency virus 1,3WNE,Integrase
Human immunodeficiency virus 1,3WNE,Capsid Protein
Human immunodeficiency virus 1,3WNF,Integrase
Human immunodeficiency virus 1,3WNF,Capsid Protein
Human immunodeficiency virus 1,3WNG,Integrase
Human immunodeficiency virus 1,3WNG,Capsid Protein
Human immunodeficiency virus 1,3WNH,Integrase
Human immunodeficiency virus 1,3WNH,Capsid Protein
Human immunodeficiency virus 1,3ZPS,Protease
Human immunodeficiency virus 1,3ZPT,Protease
Human immunodeficiency virus 1,3ZPU,Protease
Human immunodeficiency virus 1,4B3O,Protease
Human immunodeficiency virus 1,4B3O,RNAse H
Human immunodeficiency virus 1,4B3O,Capsid Protein
Human immunodeficiency virus 1,4B3O,Integrase
Human immunodeficiency virus 1,4B3O,Reverse Transcriptase
Human immunodeficiency virus 1,4B3P,Protease
Human immunodeficiency virus 1,4B3P,RNAse H
Human immunodeficiency virus 1,4B3P,Capsid Protein
Human immunodeficiency virus 1,4B3P,Integrase
Human immunodeficiency virus 1,4B3P,Reverse Transcriptase
Human immunodeficiency virus 1,4B3Q,Protease
Human immunodeficiency virus 1,4B3Q,RNAse H
Human immunodeficiency virus 1,4B3Q,Capsid Protein
Human immunodeficiency virus 1,4B3Q,Integrase
Human immunodeficiency virus 1,4B3Q,Reverse Transcriptase
Human immunodeficiency virus 1,4B4N,Capsid Protein
Human immunodeficiency virus 1,4CC8,Envelope Protein/Glycoprotein
Human immunodeficiency virus 1,4CE9,Integrase
Human immunodeficiency virus 1,4CEA,Integrase
Human immunodeficiency virus 1,4CEB,Integrase
Human immunodeficiency virus 1,4CEC,Integrase
Human immunodeficiency virus 1,4CED,Integrase
Human immunodeficiency virus 1,4CEE,Integrase
Human immunodeficiency virus 1,4CEE,Polymerase
Human immunodeficiency virus 1,4CEF,Integrase
Human immunodeficiency virus 1,4CEF,Polymerase
Human immunodeficiency virus 1,4CEO,Integrase
Human immunodeficiency virus 1,4CEO,Polymerase
Human immunodeficiency virus 1,4CEQ,Integrase
Human immunodeficiency virus 1,4CER,Integrase
Human immunodeficiency virus 1,4CES,Integrase
Human immunodeficiency virus 1,4CEZ,Integrase
Human immunodeficiency virus 1,4CF0,Integrase
Human immunodeficiency virus 1,4CF1,Integrase
Human immunodeficiency virus 1,4CF2,Integrase
Human immunodeficiency virus 1,4CF8,Integrase
Human immunodeficiency virus 1,4CF9,Integrase
Human immunodeficiency virus 1,4CFA,Integrase
Human immunodeficiency virus 1,4CFB,Integrase
Human immunodeficiency virus 1,4CFC,Integrase
Human immunodeficiency virus 1,4CFD,Integrase
Human immunodeficiency virus 1,4CGD,Integrase
Human immunodeficiency virus 1,4CGF,Integrase
Human immunodeficiency virus 1,4CGG,Integrase
Human immunodeficiency virus 1,4CGH,Integrase
Human immunodeficiency virus 1,4CGI,Integrase
Human immunodeficiency virus 1,4CGJ,Integrase
Human immunodeficiency virus 1,4CHN,Integrase
Human immunodeficiency virus 1,4CHO,Integrase
Human immunodeficiency virus 1,4CHP,Integrase
Human immunodeficiency virus 1,4CHQ,Integrase
Human immunodeficiency virus 1,4CHY,Integrase
Human immunodeficiency virus 1,4CHZ,Integrase
Human immunodeficiency virus 1,4CIE,Integrase
Human immunodeficiency virus 1,4CIF,Integrase
Human immunodeficiency virus 1,4CIG,Integrase
Human immunodeficiency virus 1,4CJ3,Integrase
Human immunodeficiency virus 1,4CJ4,Integrase
Human immunodeficiency virus 1,4CJ5,Integrase
Human immunodeficiency virus 1,4CJE,Integrase
Human immunodeficiency virus 1,4CJF,Integrase
Human immunodeficiency virus 1,4CJK,Integrase
Human immunodeficiency virus 1,4CJL,Integrase
Human immunodeficiency virus 1,4CJP,Integrase
Human immunodeficiency virus 1,4CJQ,Integrase
Human immunodeficiency virus 1,4CJR,Integrase
Human immunodeficiency virus 1,4CJS,Integrase
Human immunodeficiency virus 1,4CJT,Integrase
Human immunodeficiency virus 1,4CJU,Integrase
Human immunodeficiency virus 1,4CJV,Integrase
Human immunodeficiency virus 1,4CJW,Integrase
Human immunodeficiency virus 1,4CK1,Integrase
Human immunodeficiency virus 1,4CK2,Integrase
Human immunodeficiency virus 1,4CK3,Integrase
Human immunodeficiency virus 1,4COC,Capsid Protein
Human immunodeficiency virus 1,4COP,Capsid Protein
Human immunodeficiency virus 1,4D1K,Capsid Protein
Human immunodeficiency virus 1,4DFG,Capsid Protein
Human immunodeficiency virus 1,4DFG,Protease
Human immunodeficiency virus 1,4DG1,Polymerase
Human immunodeficiency virus 1,4DG1,RNAse H
Human immunodeficiency virus 1,4DG1,Reverse Transcriptase
Human immunodeficiency virus 1,4DGA,Capsid Protein
Human immunodeficiency virus 1,4DGE,Capsid Protein
Human immunodeficiency virus 1,4DJO,Capsid Protein
Human immunodeficiency virus 1,4DJO,Protease
Human immunodeficiency virus 1,4DJP,Capsid Protein
Human immunodeficiency virus 1,4DJP,Protease
Human immunodeficiency virus 1,4DJQ,Capsid Protein
Human immunodeficiency virus 1,4DJQ,Protease
Human immunodeficiency virus 1,4DJR,Capsid Protein
Human immunodeficiency virus 1,4DJR,Protease
Human immunodeficiency virus 1,4DKO,Envelope Protein/Glycoprotein
Human immunodeficiency virus 1,4DKP,Envelope Protein/Glycoprotein
Human immunodeficiency virus 1,4DKQ,Envelope Protein/Glycoprotein
Human immunodeficiency virus 1,4DKR,Envelope Protein/Glycoprotein
Human immunodeficiency virus 1,4DKU,Envelope Protein/Glycoprotein
Human immunodeficiency virus 1,4DKV,Envelope Protein/Glycoprotein
Human immunodeficiency virus 1,4DMN,Integrase
Human immunodeficiency virus 1,4DMN,Capsid Protein
Human immunodeficiency virus 1,4DQB,Capsid Protein
Human immunodeficiency virus 1,4DQB,Protease
Human immunodeficiency virus 1,4DQC,Capsid Protein
Human immunodeficiency virus 1,4DQC,Protease
Human immunodeficiency virus 1,4DQE,Capsid Protein
Human immunodeficiency virus 1,4DQE,Protease
Human immunodeficiency virus 1,4DQF,Capsid Protein
Human immunodeficiency virus 1,4DQF,Protease
Human immunodeficiency virus 1,4DQG,Capsid Protein
Human immunodeficiency virus 1,4DQG,Protease
Human immunodeficiency virus 1,4DQH,Capsid Protein
Human immunodeficiency virus 1,4DQH,Protease
Human immunodeficiency virus 1,4DQO,Envelope Protein/Glycoprotein
Human immunodeficiency virus 1,4DVR,Envelope Protein/Glycoprotein
Human immunodeficiency virus 1,4DVS,Envelope Protein/Glycoprotein
Human immunodeficiency virus 1,4DVT,Envelope Protein/Glycoprotein
Human immunodeficiency virus 1,4DVV,Envelope Protein/Glycoprotein
Human immunodeficiency virus 1,4DVW,Envelope Protein/Glycoprotein
Human immunodeficiency virus 1,4DVX,Envelope Protein/Glycoprotein
Human immunodeficiency virus 1,4E1M,Integrase
Human immunodeficiency virus 1,4E1N,Integrase
Human immunodeficiency virus 1,4E43,Protease
Human immunodeficiency virus 1,4E91,Capsid Protein
Human immunodeficiency virus 1,4E92,Capsid Protein
Human immunodeficiency virus 1,4EJ8,Protease
Human immunodeficiency virus 1,4EJD,Protease
Human immunodeficiency virus 1,4EJK,Protease
Human immunodeficiency virus 1,4EJL,Protease
Human immunodeficiency virus 1,4EP2,Capsid Protein
Human immunodeficiency virus 1,4EP2,Protease
Human immunodeficiency virus 1,4EP3,Capsid Protein
Human immunodeficiency virus 1,4EP3,Protease
Human immunodeficiency virus 1,4EPJ,Capsid Protein
Human immunodeficiency virus 1,4EPJ,Protease
Human immunodeficiency virus 1,4EQ0,Capsid Protein
Human immunodeficiency virus 1,4EQ0,Protease
Human immunodeficiency virus 1,4EQJ,Capsid Protein
Human immunodeficiency virus 1,4EQJ,Protease
Human immunodeficiency virus 1,4EYR,Protease
Human immunodeficiency virus 1,4F73,Capsid Protein
Human immunodeficiency virus 1,4F73,Protease
Human immunodeficiency virus 1,4F74,Capsid Protein
Human immunodeficiency virus 1,4F74,Protease
Human immunodeficiency virus 1,4F75,Capsid Protein
Human immunodeficiency virus 1,4F75,Protease
Human immunodeficiency virus 1,4F76,Capsid Protein
Human immunodeficiency virus 1,4F76,Protease
Human immunodeficiency virus 1,4FAE,Protease
Human immunodeficiency virus 1,4FAF,Protease
Human immunodeficiency virus 1,4FE6,Capsid Protein
Human immunodeficiency virus 1,4FE6,Protease
Human immunodeficiency virus 1,4FL8,Capsid Protein
Human immunodeficiency virus 1,4FL8,Protease
Human immunodeficiency virus 1,4FLG,Capsid Protein
Human immunodeficiency virus 1,4FLG,Protease
Human immunodeficiency virus 1,4FM6,Capsid Protein
Human immunodeficiency virus 1,4FM6,Protease
Human immunodeficiency virus 1,4G1Q,Capsid Protein
Human immunodeficiency virus 1,4G1Q,Polymerase
Human immunodeficiency virus 1,4G1Q,Reverse Transcriptase
Human immunodeficiency virus 1,4G6F,Envelope Protein/Glycoprotein
Human immunodeficiency virus 1,4G8I,Capsid Protein
Human immunodeficiency virus 1,4G9F,Capsid Protein
Human immunodeficiency virus 1,4GB2,Protease
Human immunodeficiency virus 1,4GB2,Matrix Protein
Human immunodeficiency virus 1,4GB2,Capsid Protein
Human immunodeficiency virus 1,4GB2,Integrase
Human immunodeficiency virus 1,4GB2,Nucleocapsid Protein
Human immunodeficiency virus 1,4GB2,Reverse Transcriptase
Human immunodeficiency virus 1,4GVM,Protease
Human immunodeficiency virus 1,4GVM,Matrix Protein
Human immunodeficiency virus 1,4GVM,Integrase
Human immunodeficiency virus 1,4GVM,Capsid Protein
Human immunodeficiency virus 1,4GVM,Nucleocapsid Protein
Human immunodeficiency virus 1,4GVM,Reverse Transcriptase
Human immunodeficiency virus 1,4GW6,Protease
Human immunodeficiency virus 1,4GW6,Matrix Protein
Human immunodeficiency virus 1,4GW6,Integrase
Human immunodeficiency virus 1,4GW6,Capsid Protein
Human immunodeficiency virus 1,4GW6,Nucleocapsid Protein
Human immunodeficiency virus 1,4GW6,Reverse Transcriptase
Human immunodeficiency virus 1,4GYE,Protease
Human immunodeficiency virus 1,4GZF,Protease
Human immunodeficiency virus 1,4H4M,Capsid Protein
Human immunodeficiency virus 1,4H4M,Polymerase
Human immunodeficiency virus 1,4H4M,Reverse Transcriptase
Human immunodeficiency virus 1,4H4O,Capsid Protein
Human immunodeficiency virus 1,4H4O,Polymerase
Human immunodeficiency virus 1,4H4O,Reverse Transcriptase
Human immunodeficiency virus 1,4HDB,Capsid Protein
Human immunodeficiency virus 1,4HDB,Protease
Human immunodeficiency virus 1,4HDF,Capsid Protein
Human immunodeficiency virus 1,4HDF,Protease
Human immunodeficiency virus 1,4HDP,Capsid Protein
Human immunodeficiency virus 1,4HDP,Protease
Human immunodeficiency virus 1,4HE9,Capsid Protein
Human immunodeficiency virus 1,4HE9,Protease
Human immunodeficiency virus 1,4HEG,Capsid Protein
Human immunodeficiency virus 1,4HEG,Protease
Human immunodeficiency virus 1,4HLA,Capsid Protein
Human immunodeficiency virus 1,4HLA,Protease
Human immunodeficiency virus 1,4HLR,Envelope Protein/Glycoprotein
Human immunodeficiency virus 1,4HPO,Envelope Protein/Glycoprotein
Human immunodeficiency virus 1,4HPY,Envelope Protein/Glycoprotein
Human immunodeficiency virus 1,4HVP,Protease
Human immunodeficiency virus 1,4I2L,Envelope Protein/Glycoprotein
Human immunodeficiency virus 1,4I2L,Transmembrane Protein
Human immunodeficiency virus 1,4I2P,Capsid Protein
Human immunodeficiency virus 1,4I2P,Polymerase
Human immunodeficiency virus 1,4I2P,Reverse Transcriptase
Human immunodeficiency virus 1,4I2Q,Capsid Protein
Human immunodeficiency virus 1,4I2Q,Polymerase
Human immunodeficiency virus 1,4I2Q,Integrase
Human immunodeficiency virus 1,4I2Q,Reverse Transcriptase
Human immunodeficiency virus 1,4I48,Envelope Protein/Glycoprotein
Human immunodeficiency virus 1,4I53,Envelope Protein/Glycoprotein
Human immunodeficiency virus 1,4I54,Envelope Protein/Glycoprotein
Human immunodeficiency virus 1,4I7F,Capsid Protein
Human immunodeficiency virus 1,4I7F,Reverse Transcriptase
Human immunodeficiency virus 1,4I8W,Protease
Human immunodeficiency virus 1,4I8Z,Protease
Human immunodeficiency virus 1,4ICL,Capsid Protein
Human immunodeficiency virus 1,4ICL,Polymerase
Human immunodeficiency virus 1,4ICL,Reverse Transcriptase
Human immunodeficiency virus 1,4ID1,Protease
Human immunodeficiency virus 1,4ID1,Matrix Protein
Human immunodeficiency virus 1,4ID1,Integrase
Human immunodeficiency virus 1,4ID1,Capsid Protein
Human immunodeficiency virus 1,4ID1,Nucleocapsid Protein
Human immunodeficiency virus 1,4ID1,Reverse Transcriptase
Human immunodeficiency virus 1,4ID5,Capsid Protein
Human immunodeficiency virus 1,4ID5,Polymerase
Human immunodeficiency virus 1,4ID5,RNAse H
Human immunodeficiency virus 1,4ID5,Reverse Transcriptase
Human immunodeficiency virus 1,4IDK,Capsid Protein
Human immunodeficiency virus 1,4IDK,Polymerase
Human immunodeficiency virus 1,4IDK,Reverse Transcriptase
Human immunodeficiency virus 1,4IFV,Protease
Human immunodeficiency virus 1,4IFV,Matrix Protein
Human immunodeficiency virus 1,4IFV,Polymerase
Human immunodeficiency virus 1,4IFV,Capsid Protein
Human immunodeficiency virus 1,4IFV,Integrase
Human immunodeficiency virus 1,4IFV,Nucleocapsid Protein
Human immunodeficiency virus 1,4IFV,Reverse Transcriptase
Human immunodeficiency virus 1,4IFY,Capsid Protein
Human immunodeficiency virus 1,4IFY,Polymerase
Human immunodeficiency virus 1,4IFY,Reverse Transcriptase
Human immunodeficiency virus 1,4IG0,Capsid Protein
Human immunodeficiency virus 1,4IG0,Polymerase
Human immunodeficiency virus 1,4IG0,Reverse Transcriptase
Human immunodeficiency virus 1,4IG3,Capsid Protein
Human immunodeficiency virus 1,4IG3,Polymerase
Human immunodeficiency virus 1,4IG3,Reverse Transcriptase
Human immunodeficiency virus 1,4INB,Capsid Protein
Human immunodeficiency virus 1,4IPY,Capsid Protein
Human immunodeficiency virus 1,4J54,Protease
Human immunodeficiency virus 1,4J55,Protease
Human immunodeficiency virus 1,4J5J,Protease
Human immunodeficiency virus 1,4J6R,Envelope Protein/Glycoprotein
Human immunodeficiency virus 1,4J93,Capsid Protein
Human immunodeficiency virus 1,4JAN,Envelope Protein/Glycoprotein
Human immunodeficiency virus 1,4JB9,Envelope Protein/Glycoprotein
Human immunodeficiency virus 1,4JDT,Envelope Protein/Glycoprotein
Human immunodeficiency virus 1,4JEC,Capsid Protein
Human immunodeficiency virus 1,4JEC,Protease
Human immunodeficiency virus 1,4JKP,Envelope Protein/Glycoprotein
Human immunodeficiency virus 1,4JLH,Integrase
Human immunodeficiency virus 1,4JM2,Envelope Protein/Glycoprotein
Human immunodeficiency virus 1,4JMU,Protease
Human immunodeficiency virus 1,4JMU,Nucleocapsid Protein
Human immunodeficiency virus 1,4JMU,Polymerase
Human immunodeficiency virus 1,4JMU,Matrix Protein
Human immunodeficiency virus 1,4JMU,Capsid Protein
Human immunodeficiency virus 1,4JMU,Integrase
Human immunodeficiency virus 1,4JMU,Reverse Transcriptase
Human immunodeficiency virus 1,4JO1,Envelope Protein/Glycoprotein
Human immunodeficiency virus 1,4JO2,Envelope Protein/Glycoprotein
Human immunodeficiency virus 1,4JO3,Envelope Protein/Glycoprotein
Human immunodeficiency virus 1,4JPJ,Envelope Protein/Glycoprotein
Human immunodeficiency virus 1,4JPK,Envelope Protein/Glycoprotein
Human immunodeficiency virus 1,4JPV,Envelope Protein/Glycoprotein
Human immunodeficiency virus 1,4JPW,Envelope Protein/Glycoprotein
Human immunodeficiency virus 1,4JZW,Envelope Protein/Glycoprotein
Human immunodeficiency virus 1,4JZZ,Envelope Protein/Glycoprotein
Human immunodeficiency virus 1,4K0A,Envelope Protein/Glycoprotein
Human immunodeficiency virus 1,4K4P,Capsid Protein
Human immunodeficiency virus 1,4K4P,Protease
Human immunodeficiency virus 1,4K4Q,Capsid Protein
Human immunodeficiency virus 1,4K4Q,Protease
Human immunodeficiency virus 1,4K4R,Capsid Protein
Human immunodeficiency virus 1,4K4R,Protease
Human immunodeficiency virus 1,4KA2,Envelope Protein/Glycoprotein
Human immunodeficiency virus 1,4KB9,Protease
Human immunodeficiency virus 1,4KFB,Capsid Protein
Human immunodeficiency virus 1,4KFB,Polymerase
Human immunodeficiency virus 1,4KFB,Reverse Transcriptase
Human immunodeficiency virus 1,4KHT,Envelope Protein/Glycoprotein
Human immunodeficiency virus 1,4KHX,Envelope Protein/Glycoprotein
Human immunodeficiency virus 1,4KKO,Capsid Protein
Human immunodeficiency virus 1,4KKO,Polymerase
Human immunodeficiency virus 1,4KKO,Reverse Transcriptase
Human immunodeficiency virus 1,4KO0,Capsid Protein
Human immunodeficiency virus 1,4KO0,Polymerase
Human immunodeficiency virus 1,4KO0,Reverse Transcriptase
Human immunodeficiency virus 1,4KSE,Capsid Protein
Human immunodeficiency virus 1,4KSE,Reverse Transcriptase
Human immunodeficiency virus 1,4KV8,Capsid Protein
Human immunodeficiency virus 1,4KV8,Reverse Transcriptase
Human immunodeficiency virus 1,4L1A,Protease
Human immunodeficiency virus 1,4LAJ,Envelope Protein/Glycoprotein
Human immunodeficiency virus 1,4LH4,Integrase
Human immunodeficiency virus 1,4LH5,Integrase
Human immunodeficiency virus 1,4LL3,Protease
Human immunodeficiency virus 1,4LQW,Capsid Protein
Human immunodeficiency virus 1,4LSL,Capsid Protein
Human immunodeficiency virus 1,4LSL,Polymerase
Human immunodeficiency virus 1,4LSL,Reverse Transcriptase
Human immunodeficiency virus 1,4LSN,Capsid Protein
Human immunodeficiency virus 1,4LSN,Polymerase
Human immunodeficiency virus 1,4LSN,Reverse Transcriptase
Human immunodeficiency virus 1,4LSP,Envelope Protein/Glycoprotein
Human immunodeficiency virus 1,4LSQ,Envelope Protein/Glycoprotein
Human immunodeficiency virus 1,4LSR,Envelope Protein/Glycoprotein
Human immunodeficiency virus 1,4LSS,Envelope Protein/Glycoprotein
Human immunodeficiency virus 1,4LST,Envelope Protein/Glycoprotein
Human immunodeficiency virus 1,4LSU,Envelope Protein/Glycoprotein
Human immunodeficiency virus 1,4LSV,Envelope Protein/Glycoprotein
Human immunodeficiency virus 1,4M0I,Capsid Protein
Human immunodeficiency virus 1,4M1D,Envelope Protein/Glycoprotein
Human immunodeficiency virus 1,4M8X,Protease
Human immunodeficiency virus 1,4M8Y,Protease
Human immunodeficiency virus 1,4MC1,Capsid Protein
Human immunodeficiency virus 1,4MC1,Protease
Human immunodeficiency virus 1,4MC2,Capsid Protein
Human immunodeficiency virus 1,4MC2,Protease
Human immunodeficiency virus 1,4MC6,Capsid Protein
Human immunodeficiency virus 1,4MC6,Protease
Human immunodeficiency virus 1,4MC9,Capsid Protein
Human immunodeficiency virus 1,4MC9,Protease
Human immunodeficiency virus 1,4MFB,Capsid Protein
Human immunodeficiency virus 1,4MFB,Polymerase
Human immunodeficiency virus 1,4MFB,Reverse Transcriptase
Human immunodeficiency virus 1,4MJI,Reverse Transcriptase
Human immunodeficiency virus 1,4N9F,Polymerase
Human immunodeficiency virus 1,4NCG,Reverse Transcriptase
Human immunodeficiency virus 1,4NCO,Envelope Protein/Glycoprotein
Human immunodeficiency virus 1,4NJS,Protease
Human immunodeficiency virus 1,4NJT,Protease
Human immunodeficiency virus 1,4NJU,Protease
Human immunodeficiency virus 1,4NJV,Protease
Human immunodeficiency virus 1,4NKK,Protease
Human immunodeficiency virus 1,4NPT,Protease
Human immunodeficiency virus 1,4NPU,Protease
Human immunodeficiency virus 1,4NRX,Envelope Protein/Glycoprotein
Human immunodeficiency virus 1,4NX4,Capsid Protein
Human immunodeficiency virus 1,4NYF,Integrase
Human immunodeficiency virus 1,4NYF,Capsid Protein
Human immunodeficiency virus 1,4O0J,Integrase
Human immunodeficiency virus 1,4O0J,Capsid Protein
Human immunodeficiency virus 1,4O44,Capsid Protein
Human immunodeficiency virus 1,4O44,Polymerase
Human immunodeficiency virus 1,4O44,Reverse Transcriptase
Human immunodeficiency virus 1,4O4G,Capsid Protein
Human immunodeficiency virus 1,4O4G,Polymerase
Human immunodeficiency virus 1,4O4G,Reverse Transcriptase
Human immunodeficiency virus 1,4O55,Integrase
Human immunodeficiency virus 1,4O55,Capsid Protein
Human immunodeficiency virus 1,4O5B,Integrase
Human immunodeficiency virus 1,4O5B,Capsid Protein
Human immunodeficiency virus 1,4OBD,Capsid Protein
Human immunodeficiency virus 1,4OBD,Protease
Human immunodeficiency virus 1,4OBF,Capsid Protein
Human immunodeficiency virus 1,4OBF,Protease
Human immunodeficiency virus 1,4OBG,Capsid Protein
Human immunodeficiency virus 1,4OBG,Protease
Human immunodeficiency virus 1,4OBH,Capsid Protein
Human immunodeficiency virus 1,4OBH,Protease
Human immunodeficiency virus 1,4OBJ,Capsid Protein
Human immunodeficiency virus 1,4OBJ,Protease
Human immunodeficiency virus 1,4OBK,Capsid Protein
Human immunodeficiency virus 1,4OBK,Protease
Human immunodeficiency virus 1,4OGR,Accessory Proteins
Human immunodeficiency virus 1,4OJR,Integrase
Human immunodeficiency virus 1,4OJR,Capsid Protein
Human immunodeficiency virus 1,4OLU,Envelope Protein/Glycoprotein
Human immunodeficiency virus 1,4OLV,Envelope Protein/Glycoprotein
Human immunodeficiency virus 1,4OLW,Envelope Protein/Glycoprotein
Human immunodeficiency virus 1,4OLX,Envelope Protein/Glycoprotein
Human immunodeficiency virus 1,4OLY,Envelope Protein/Glycoprotein
Human immunodeficiency virus 1,4OLZ,Envelope Protein/Glycoprotein
Human immunodeficiency virus 1,4OM0,Envelope Protein/Glycoprotein
Human immunodeficiency virus 1,4OM1,Envelope Protein/Glycoprotein
Human immunodeficiency virus 1,4OR5,Accessory Proteins
Human immunodeficiency virus 1,4OVL,Integrase
Human immunodeficiency virus 1,4P6Z,Accessory Proteins
Human immunodeficiency virus 1,4P9H,Envelope Protein/Glycoprotein
Human immunodeficiency virus 1,4P9H,Spike Protein
Human immunodeficiency virus 1,4PHV,Protease
Human immunodeficiency virus 1,4PQU,Capsid Protein
Human immunodeficiency virus 1,4PQU,Polymerase
Human immunodeficiency virus 1,4PQU,RNAse H
Human immunodeficiency virus 1,4PQU,Reverse Transcriptase
Human immunodeficiency virus 1,4PUO,Capsid Protein
Human immunodeficiency virus 1,4PUO,Polymerase
Human immunodeficiency virus 1,4PUO,RNAse H
Human immunodeficiency virus 1,4PUO,Reverse Transcriptase
Human immunodeficiency virus 1,4PWD,Capsid Protein
Human immunodeficiency virus 1,4PWD,Polymerase
Human immunodeficiency virus 1,4PWD,RNAse H
Human immunodeficiency virus 1,4PWD,Reverse Transcriptase
Human immunodeficiency virus 1,4Q0B,Capsid Protein
Human immunodeficiency virus 1,4Q0B,Polymerase
Human immunodeficiency virus 1,4Q0B,RNAse H
Human immunodeficiency virus 1,4Q0B,Reverse Transcriptase
Human immunodeficiency virus 1,4Q1W,Capsid Protein
Human immunodeficiency virus 1,4Q1W,Protease
Human immunodeficiency virus 1,4Q1X,Capsid Protein
Human immunodeficiency virus 1,4Q1X,Protease
Human immunodeficiency virus 1,4Q1Y,Capsid Protein
Human immunodeficiency virus 1,4Q1Y,Protease
Human immunodeficiency virus 1,4Q5M,Capsid Protein
Human immunodeficiency virus 1,4Q5M,Protease
Human immunodeficiency virus 1,4QAG,Capsid Protein
Human immunodeficiency virus 1,4QAG,RNAse H
Human immunodeficiency virus 1,4QAG,Reverse Transcriptase
Human immunodeficiency virus 1,4QGI,Capsid Protein
Human immunodeficiency virus 1,4QGI,Protease
Human immunodeficiency virus 1,4QJ2,Capsid Protein
Human immunodeficiency virus 1,4QJ2,Protease
Human immunodeficiency virus 1,4QJ6,Capsid Protein
Human immunodeficiency virus 1,4QJ6,Protease
Human immunodeficiency virus 1,4QJ7,Capsid Protein
Human immunodeficiency virus 1,4QJ7,Protease
Human immunodeficiency virus 1,4QJ8,Capsid Protein
Human immunodeficiency virus 1,4QJ8,Protease
Human immunodeficiency virus 1,4QJ9,Capsid Protein
Human immunodeficiency virus 1,4QJ9,Protease
Human immunodeficiency virus 1,4QJA,Capsid Protein
Human immunodeficiency virus 1,4QJA,Protease
Human immunodeficiency virus 1,4QLH,Protease
Human immunodeficiency virus 1,4QNB,Capsid Protein
Human immunodeficiency virus 1,4R2G,Envelope Protein/Glycoprotein
Human immunodeficiency virus 1,4R4F,Envelope Protein/Glycoprotein
Human immunodeficiency virus 1,4R4H,Envelope Protein/Glycoprotein
Human immunodeficiency virus 1,4R4N,Envelope Protein/Glycoprotein
Human immunodeficiency virus 1,4R5P,Capsid Protein
Human immunodeficiency virus 1,4R5P,Polymerase
Human immunodeficiency virus 1,4R5P,RNAse H
Human immunodeficiency virus 1,4R5P,Reverse Transcriptase
Human immunodeficiency virus 1,4R61,Envelope Protein/Glycoprotein
Human immunodeficiency virus 1,4RFN,Envelope Protein/Glycoprotein
Human immunodeficiency virus 1,4RFO,Envelope Protein/Glycoprotein
Human immunodeficiency virus 1,4RIS,Envelope Protein/Glycoprotein
Human immunodeficiency virus 1,4RQS,Envelope Protein/Glycoprotein
Human immunodeficiency virus 1,4RVI,Protease
Human immunodeficiency virus 1,4RVJ,Protease
Human immunodeficiency virus 1,4RVX,Protease
Human immunodeficiency virus 1,4RW4,Capsid Protein
Human immunodeficiency virus 1,4RW4,Polymerase
Human immunodeficiency virus 1,4RW4,Reverse Transcriptase
Human immunodeficiency virus 1,4RW6,Capsid Protein
Human immunodeficiency virus 1,4RW6,Polymerase
Human immunodeficiency virus 1,4RW6,Reverse Transcriptase
Human immunodeficiency virus 1,4RW7,Capsid Protein
Human immunodeficiency virus 1,4RW7,Polymerase
Human immunodeficiency virus 1,4RW7,Reverse Transcriptase
Human immunodeficiency virus 1,4RW8,Capsid Protein
Human immunodeficiency virus 1,4RW8,Polymerase
Human immunodeficiency virus 1,4RW8,Reverse Transcriptase
Human immunodeficiency virus 1,4RW9,Capsid Protein
Human immunodeficiency virus 1,4RW9,Polymerase
Human immunodeficiency virus 1,4RW9,Reverse Transcriptase
Human immunodeficiency virus 1,4RWY,Envelope Protein/Glycoprotein
Human immunodeficiency virus 1,4RX4,Envelope Protein/Glycoprotein
Human immunodeficiency virus 1,4RZ8,Envelope Protein/Glycoprotein
Human immunodeficiency virus 1,4S1Q,Envelope Protein/Glycoprotein
Human immunodeficiency virus 1,4S1R,Envelope Protein/Glycoprotein
Human immunodeficiency virus 1,4S1S,Envelope Protein/Glycoprotein
Human immunodeficiency virus 1,4TSX,Integrase
Human immunodeficiency virus 1,4TVG,Protease
Human immunodeficiency virus 1,4TVH,Protease
Human immunodeficiency virus 1,4TVP,Envelope Protein/Glycoprotein
Human immunodeficiency virus 1,4U0A,Capsid Protein
Human immunodeficiency virus 1,4U0B,Capsid Protein
Human immunodeficiency virus 1,4U0C,Capsid Protein
Human immunodeficiency virus 1,4U0D,Capsid Protein
Human immunodeficiency virus 1,4U0E,Capsid Protein
Human immunodeficiency virus 1,4U0F,Capsid Protein
Human immunodeficiency virus 1,4U1H,Capsid Protein
Human immunodeficiency virus 1,4U1I,Capsid Protein
Human immunodeficiency virus 1,4U1J,Capsid Protein
Human immunodeficiency virus 1,4U1S,Accessory Proteins
Human immunodeficiency virus 1,4U6G,Envelope Protein/Glycoprotein
Human immunodeficiency virus 1,4U7Q,Protease
Human immunodeficiency virus 1,4U7V,Protease
Human immunodeficiency virus 1,4U8W,Capsid Protein
Human immunodeficiency virus 1,4U8W,Protease
Human immunodeficiency virus 1,4USN,Capsid Protein
Human immunodeficiency virus 1,4USN,Protease
Human immunodeficiency virus 1,4WE1,Capsid Protein
Human immunodeficiency virus 1,4WE1,Polymerase
Human immunodeficiency virus 1,4WE1,Reverse Transcriptase
Human immunodeficiency virus 1,4WY7,Envelope Protein/Glycoprotein
Human immunodeficiency virus 1,4WYM,Capsid Protein
Human immunodeficiency virus 1,4XAW,Envelope Protein/Glycoprotein
Human immunodeficiency virus 1,4XBE,Envelope Protein/Glycoprotein
Human immunodeficiency virus 1,4XC1,Envelope Protein/Glycoprotein
Human immunodeficiency virus 1,4XC3,Envelope Protein/Glycoprotein
Human immunodeficiency virus 1,4XCF,Envelope Protein/Glycoprotein
Human immunodeficiency virus 1,4XFX,Capsid Protein
Human immunodeficiency virus 1,4XFY,Capsid Protein
Human immunodeficiency virus 1,4XFZ,Capsid Protein
Human immunodeficiency virus 1,4XMK,Envelope Protein/Glycoprotein
Human immunodeficiency virus 1,4XMP,Envelope Protein/Glycoprotein
Human immunodeficiency virus 1,4XNY,Envelope Protein/Glycoprotein
Human immunodeficiency virus 1,4XNZ,Envelope Protein/Glycoprotein
Human immunodeficiency virus 1,4XRO,Capsid Protein
Human immunodeficiency virus 1,4XRQ,Capsid Protein
Human immunodeficiency virus 1,4XVS,Envelope Protein/Glycoprotein
Human immunodeficiency virus 1,4XVT,Envelope Protein/Glycoprotein
Human immunodeficiency virus 1,4Y1C,Integrase
Human immunodeficiency virus 1,4Y1D,Integrase
Human immunodeficiency virus 1,4YBL,Envelope Protein/Glycoprotein
Human immunodeficiency virus 1,4YC2,Envelope Protein/Glycoprotein
Human immunodeficiency virus 1,4YDI,Envelope Protein/Glycoprotein
Human immunodeficiency virus 1,4YDJ,Envelope Protein/Glycoprotein
Human immunodeficiency virus 1,4YDK,Envelope Protein/Glycoprotein
Human immunodeficiency virus 1,4YDL,Envelope Protein/Glycoprotein
Human immunodeficiency virus 1,4YDV,Envelope Protein/Glycoprotein
Human immunodeficiency virus 1,4YE3,Capsid Protein
Human immunodeficiency virus 1,4YE3,Protease
Human immunodeficiency virus 1,4YFL,Envelope Protein/Glycoprotein
Human immunodeficiency virus 1,4YHQ,Capsid Protein
Human immunodeficiency virus 1,4YHQ,Protease
Human immunodeficiency virus 1,4YOA,Protease
Human immunodeficiency virus 1,4YOB,Protease
Human immunodeficiency virus 1,4YWG,Envelope Protein/Glycoprotein
Human immunodeficiency virus 1,4Z4X,Protease
Human immunodeficiency virus 1,4Z50,Protease
Human immunodeficiency virus 1,4ZHR,Polymerase
Human immunodeficiency virus 1,4ZHR,Reverse Transcriptase
Human immunodeficiency virus 1,4ZIP,Capsid Protein
Human immunodeficiency virus 1,4ZIP,Protease
Human immunodeficiency virus 1,4ZLS,Capsid Protein
Human immunodeficiency virus 1,4ZLS,Protease
Human immunodeficiency virus 1,4ZMJ,Envelope Protein/Glycoprotein
Human immunodeficiency virus 1,4ZTO,Envelope Protein/Glycoprotein
Human immunodeficiency virus 1,5A7X,Envelope Protein/Glycoprotein
Human immunodeficiency virus 1,5A8H,Envelope Protein/Glycoprotein
Human immunodeficiency virus 1,5ACO,Envelope Protein/Glycoprotein
Human immunodeficiency virus 1,5AGZ,Protease
Human immunodeficiency virus 1,5AH6,Protease
Human immunodeficiency virus 1,5AH7,Protease
Human immunodeficiency virus 1,5AH8,Protease
Human immunodeficiency virus 1,5AH9,Protease
Human immunodeficiency virus 1,5AHA,Protease
Human immunodeficiency virus 1,5AHB,Protease
Human immunodeficiency virus 1,5AHC,Protease
Human immunodeficiency virus 1,5B18,Protease
Human immunodeficiency virus 1,5B56,Accessory Proteins
Human immunodeficiency virus 1,5BN0,Envelope Protein/Glycoprotein
Human immunodeficiency virus 1,5BRY,Capsid Protein
Human immunodeficiency virus 1,5BRY,Protease
Human immunodeficiency virus 1,5BS4,Capsid Protein
Human immunodeficiency virus 1,5BS4,Protease
Human immunodeficiency virus 1,5C0R,Envelope Protein/Glycoprotein
Human immunodeficiency virus 1,5C0R,Fusion Protein
Human immunodeficiency virus 1,5C0R,Hemagglutinin
Human immunodeficiency virus 1,5C0S,Envelope Protein/Glycoprotein
Human immunodeficiency virus 1,5C0S,Fusion Protein
Human immunodeficiency virus 1,5C0S,Hemagglutinin
Human immunodeficiency virus 1,5C24,Capsid Protein
Human immunodeficiency virus 1,5C24,Polymerase
Human immunodeficiency virus 1,5C24,Reverse Transcriptase
Human immunodeficiency virus 1,5C25,Capsid Protein
Human immunodeficiency virus 1,5C25,Polymerase
Human immunodeficiency virus 1,5C25,Reverse Transcriptase
Human immunodeficiency virus 1,5C42,Capsid Protein
Human immunodeficiency virus 1,5C42,Polymerase
Human immunodeficiency virus 1,5C42,Reverse Transcriptase
Human immunodeficiency virus 1,5C7K,Envelope Protein/Glycoprotein
Human immunodeficiency virus 1,5CD5,Envelope Protein/Glycoprotein
Human immunodeficiency virus 1,5CEZ,Envelope Protein/Glycoprotein
Human immunodeficiency virus 1,5CIL,Envelope Protein/Glycoprotein
Human immunodeficiency virus 1,5CIN,Envelope Protein/Glycoprotein
Human immunodeficiency virus 1,5CJX,Envelope Protein/Glycoprotein
Human immunodeficiency virus 1,5CMU,Envelope Protein/Glycoprotein
Human immunodeficiency virus 1,5CMU,Fusion Protein
Human immunodeficiency virus 1,5CMZ,Envelope Protein/Glycoprotein
Human immunodeficiency virus 1,5CN0,Envelope Protein/Glycoprotein
Human immunodeficiency virus 1,5CN0,Fusion Protein
Human immunodeficiency virus 1,5COK,Protease
Human immunodeficiency virus 1,5CON,Protease
Human immunodeficiency virus 1,5COO,Protease
Human immunodeficiency virus 1,5COP,Protease
Human immunodeficiency virus 1,5CYM,Reverse Transcriptase
Human immunodeficiency virus 1,5CYQ,Reverse Transcriptase
Human immunodeficiency virus 1,5D3G,Capsid Protein
Human immunodeficiency virus 1,5D3G,Reverse Transcriptase
Human immunodeficiency virus 1,5D9Q,Envelope Protein/Glycoprotein
Human immunodeficiency virus 1,5DD0,Envelope Protein/Glycoprotein
Human immunodeficiency virus 1,5DGU,Protease
Human immunodeficiency virus 1,5DGW,Protease
Human immunodeficiency virus 1,5DRZ,Envelope Protein/Glycoprotein
Human immunodeficiency virus 1,5DZM,RNAse H
Human immunodeficiency virus 1,5DZM,Reverse Transcriptase
Human immunodeficiency virus 1,5E5J,Protease
Human immunodeficiency virus 1,5E5K,Capsid Protein
Human immunodeficiency virus 1,5E5K,Protease
Human immunodeficiency virus 1,5ESV,Envelope Protein/Glycoprotein
Human immunodeficiency virus 1,5ESZ,Envelope Protein/Glycoprotein
Human immunodeficiency virus 1,5EU7,Integrase
Human immunodeficiency virus 1,5EU7,Capsid Protein
Human immunodeficiency virus 1,5F4L,Envelope Protein/Glycoprotein
Human immunodeficiency virus 1,5F4P,Envelope Protein/Glycoprotein
Human immunodeficiency virus 1,5F4R,Envelope Protein/Glycoprotein
Human immunodeficiency virus 1,5F4U,Envelope Protein/Glycoprotein
Human immunodeficiency virus 1,5F6J,Envelope Protein/Glycoprotein
Human immunodeficiency virus 1,5F96,Envelope Protein/Glycoprotein
Human immunodeficiency virus 1,5F9O,Envelope Protein/Glycoprotein
Human immunodeficiency virus 1,5F9W,Envelope Protein/Glycoprotein
Human immunodeficiency virus 1,5FA2,Envelope Protein/Glycoprotein
Human immunodeficiency virus 1,5FCU,Envelope Protein/Glycoprotein
Human immunodeficiency virus 1,5FDL,Capsid Protein
Human immunodeficiency virus 1,5FDL,Reverse Transcriptase
Human immunodeficiency virus 1,5FEC,Envelope Protein/Glycoprotein
Human immunodeficiency virus 1,5FJB,Capsid Protein
Human immunodeficiency virus 1,5FUU,Envelope Protein/Glycoprotein
Human immunodeficiency virus 1,5FYJ,Envelope Protein/Glycoprotein
Human immunodeficiency virus 1,5FYK,Envelope Protein/Glycoprotein
Human immunodeficiency virus 1,5FYL,Envelope Protein/Glycoprotein
Human immunodeficiency virus 1,5GHW,Envelope Protein/Glycoprotein
Human immunodeficiency virus 1,5H0N,Envelope Protein/Glycoprotein
Human immunodeficiency virus 1,5HBM,Capsid Protein
Human immunodeficiency virus 1,5HBM,RNAse H
Human immunodeficiency virus 1,5HBM,Reverse Transcriptase
Human immunodeficiency virus 1,5HFL,Envelope Protein/Glycoprotein
Human immunodeficiency virus 1,5HFM,Envelope Protein/Glycoprotein
Human immunodeficiency virus 1,5HGK,Capsid Protein
Human immunodeficiency virus 1,5HGL,Capsid Protein
Human immunodeficiency virus 1,5HGM,Capsid Protein
Human immunodeficiency virus 1,5HGN,Capsid Protein
Human immunodeficiency virus 1,5HGO,Capsid Protein
Human immunodeficiency virus 1,5HGP,Capsid Protein
Human immunodeficiency virus 1,5HLF,Capsid Protein
Human immunodeficiency virus 1,5HLF,Reverse Transcriptase
Human immunodeficiency virus 1,5HM1,Envelope Protein/Glycoprotein
Human immunodeficiency virus 1,5HOT,Integrase
Human immunodeficiency virus 1,5HP1,Capsid Protein
Human immunodeficiency virus 1,5HP1,Reverse Transcriptase
Human immunodeficiency virus 1,5HRN,Integrase
Human immunodeficiency virus 1,5HRN,Capsid Protein
Human immunodeficiency virus 1,5HRO,Capsid Protein
Human immunodeficiency virus 1,5HRO,Reverse Transcriptase
Human immunodeficiency virus 1,5HRP,Integrase
Human immunodeficiency virus 1,5HRP,Capsid Protein
Human immunodeficiency virus 1,5HRR,Integrase
Human immunodeficiency virus 1,5HRR,Capsid Protein
Human immunodeficiency virus 1,5HRS,Integrase
Human immunodeficiency virus 1,5HRS,Capsid Protein
Human immunodeficiency virus 1,5HVP,Protease
Human immunodeficiency virus 1,5I1R,Capsid Protein
Human immunodeficiency virus 1,5I1R,Nucleocapsid Protein
Human immunodeficiency virus 1,5I3U,Capsid Protein
Human immunodeficiency virus 1,5I3U,Reverse Transcriptase
Human immunodeficiency virus 1,5I42,Capsid Protein
Human immunodeficiency virus 1,5I42,Polymerase
Human immunodeficiency virus 1,5I42,Reverse Transcriptase
Human immunodeficiency virus 1,5I4T,Capsid Protein
Human immunodeficiency virus 1,5I8H,Envelope Protein/Glycoprotein
Human immunodeficiency virus 1,5I9Q,Envelope Protein/Glycoprotein
Human immunodeficiency virus 1,5IDL,Envelope Protein/Glycoprotein
Human immunodeficiency virus 1,5IGX,Envelope Protein/Glycoprotein
Human immunodeficiency virus 1,5IQ7,Envelope Protein/Glycoprotein
Human immunodeficiency virus 1,5IQ9,Envelope Protein/Glycoprotein
Human immunodeficiency virus 1,5IRT,Capsid Protein
Human immunodeficiency virus 1,5IVQ,Protease
Human immunodeficiency virus 1,5IVR,Protease
Human immunodeficiency virus 1,5IVS,Protease
Human immunodeficiency virus 1,5IVT,Protease
Human immunodeficiency virus 1,5J0M,Accessory Proteins
Human immunodeficiency virus 1,5J1E,Capsid Protein
Human immunodeficiency virus 1,5J1E,RNAse H
Human immunodeficiency virus 1,5J1E,Reverse Transcriptase
Human immunodeficiency virus 1,5J1O,Accessory Proteins
Human immunodeficiency virus 1,5J2M,Capsid Protein
Human immunodeficiency virus 1,5J2M,Reverse Transcriptase
Human immunodeficiency virus 1,5J2N,Capsid Protein
Human immunodeficiency virus 1,5J2N,Reverse Transcriptase
Human immunodeficiency virus 1,5J2P,Capsid Protein
Human immunodeficiency virus 1,5J2P,Reverse Transcriptase
Human immunodeficiency virus 1,5J2Q,Capsid Protein
Human immunodeficiency virus 1,5J2Q,Reverse Transcriptase
Human immunodeficiency virus 1,5J2W,Accessory Proteins
Human immunodeficiency virus 1,5JFP,Protease
Human immunodeficiency virus 1,5JFU,Protease
Human immunodeficiency virus 1,5JG1,Protease
Human immunodeficiency virus 1,5JK7,Accessory Proteins
Human immunodeficiency virus 1,5JL4,Integrase
Human immunodeficiency virus 1,5JL4,Capsid Protein
Human immunodeficiency virus 1,5JPA,Capsid Protein
Human immunodeficiency virus 1,5JS9,Envelope Protein/Glycoprotein
Human immunodeficiency virus 1,5JSA,Envelope Protein/Glycoprotein
Human immunodeficiency virus 1,5JYN,Envelope Protein/Glycoprotein
Human immunodeficiency virus 1,5JYN,Spike Protein
Human immunodeficiency virus 1,5K14,Capsid Protein
Human immunodeficiency virus 1,5K14,Reverse Transcriptase
Human immunodeficiency virus 1,5KA5,Envelope Protein/Glycoprotein
Human immunodeficiency virus 1,5KA6,Envelope Protein/Glycoprotein
Human immunodeficiency virus 1,5KA6,Transmembrane Protein
Human immunodeficiency virus 1,5KAO,Protease
Human immunodeficiency virus 1,5KD4,Envelope Protein/Glycoprotein
Human immunodeficiency virus 1,5KD7,Envelope Protein/Glycoprotein
Human immunodeficiency virus 1,5KGW,Integrase
Human immunodeficiency virus 1,5KGX,Integrase
Human immunodeficiency virus 1,5KJR,Envelope Protein/Glycoprotein
Human immunodeficiency virus 1,5KP9,Capsid Protein
Human immunodeficiency virus 1,5KQX,Protease
Human immunodeficiency virus 1,5KQY,Protease
Human immunodeficiency virus 1,5KQZ,Protease
Human immunodeficiency virus 1,5KR0,Protease
Human immunodeficiency virus 1,5KR1,Protease
Human immunodeficiency virus 1,5KR2,Protease
Human immunodeficiency virus 1,5KRS,Integrase
Human immunodeficiency virus 1,5KRT,Integrase
Human immunodeficiency virus 1,5KWW,Envelope Protein/Glycoprotein
Human immunodeficiency virus 1,5KWW,Fusion Protein
Human immunodeficiency virus 1,5L1Z,Accessory Proteins
Human immunodeficiency virus 1,5L93,Capsid Protein
Human immunodeficiency virus 1,5MCX,Capsid Protein
Human immunodeficiency virus 1,5MCY,Capsid Protein
Human immunodeficiency virus 1,5MCZ,Capsid Protein
Human immunodeficiency virus 1,5MD0,Capsid Protein
Human immunodeficiency virus 1,5MD1,Capsid Protein
Human immunodeficiency virus 1,5MD2,Capsid Protein
Human immunodeficiency virus 1,5MD3,Capsid Protein
Human immunodeficiency virus 1,5MD4,Capsid Protein
Human immunodeficiency virus 1,5MD5,Capsid Protein
Human immunodeficiency virus 1,5MD6,Capsid Protein
Human immunodeficiency virus 1,5MD7,Capsid Protein
Human immunodeficiency virus 1,5MD8,Capsid Protein
Human immunodeficiency virus 1,5MD9,Capsid Protein
Human immunodeficiency virus 1,5MDA,Capsid Protein
Human immunodeficiency virus 1,5MDB,Capsid Protein
Human immunodeficiency virus 1,5MDC,Capsid Protein
Human immunodeficiency virus 1,5MDD,Capsid Protein
Human immunodeficiency virus 1,5MDE,Capsid Protein
Human immunodeficiency virus 1,5MDF,Capsid Protein
Human immunodeficiency virus 1,5MDG,Capsid Protein
Human immunodeficiency virus 1,5NME,Capsid Protein
Human immunodeficiency virus 1,5NMF,Capsid Protein
Human immunodeficiency virus 1,5NMG,Capsid Protein
Human immunodeficiency virus 1,5NMH,Capsid Protein
Human immunodeficiency virus 1,5NMK,Capsid Protein
Human immunodeficiency virus 1,5NVP,Envelope Protein/Glycoprotein
Human immunodeficiency virus 1,5NWU,Envelope Protein/Glycoprotein
Human immunodeficiency virus 1,5NWV,Envelope Protein/Glycoprotein
Human immunodeficiency virus 1,5NWW,Envelope Protein/Glycoprotein
Human immunodeficiency virus 1,5O2U,Capsid Protein
Human immunodeficiency virus 1,5OI2,Integrase
Human immunodeficiency virus 1,5OI3,Integrase
Human immunodeficiency virus 1,5OI5,Integrase
Human immunodeficiency virus 1,5OI8,Integrase
Human immunodeficiency virus 1,5OIA,Integrase
Human immunodeficiency virus 1,5SVZ,Accessory Proteins
Human immunodeficiency virus 1,5T2E,Protease
Human immunodeficiency virus 1,5T2Z,Protease
Human immunodeficiency virus 1,5T3S,Envelope Protein/Glycoprotein
Human immunodeficiency virus 1,5T3X,Envelope Protein/Glycoprotein
Human immunodeficiency virus 1,5T3Z,Envelope Protein/Glycoprotein
Human immunodeficiency virus 1,5T7G,Envelope Protein/Glycoprotein
Human immunodeficiency virus 1,5T82,Reverse Transcriptase
Human immunodeficiency virus 1,5T84,Protease
Human immunodeficiency virus 1,5T8H,Protease
Human immunodeficiency virus 1,5TC2,Integrase
Human immunodeficiency virus 1,5TE4,Envelope Protein/Glycoprotein
Human immunodeficiency virus 1,5TE6,Envelope Protein/Glycoprotein
Human immunodeficiency virus 1,5TE7,Envelope Protein/Glycoprotein
Human immunodeficiency virus 1,5TEO,Capsid Protein
Human immunodeficiency virus 1,5TER,Capsid Protein
Human immunodeficiency virus 1,5TER,Polymerase
Human immunodeficiency virus 1,5TER,Reverse Transcriptase
Human immunodeficiency virus 1,5THR,Envelope Protein/Glycoprotein
Human immunodeficiency virus 1,5TSV,Capsid Protein
Human immunodeficiency virus 1,5TSX,Capsid Protein
Human immunodeficiency virus 1,5TUQ,Capsid Protein
Human immunodeficiency virus 1,5TUQ,Polymerase
Human immunodeficiency virus 1,5TUQ,RNAse H
Human immunodeficiency virus 1,5TUQ,Reverse Transcriptase
Human immunodeficiency virus 1,5TW3,Capsid Protein
Human immunodeficiency virus 1,5TW3,Polymerase
Human immunodeficiency virus 1,5TW3,Reverse Transcriptase
Human immunodeficiency virus 1,5TXL,Capsid Protein
Human immunodeficiency virus 1,5TXL,Reverse Transcriptase
Human immunodeficiency virus 1,5TXM,Capsid Protein
Human immunodeficiency virus 1,5TXM,Reverse Transcriptase
Human immunodeficiency virus 1,5TXN,Capsid Protein
Human immunodeficiency virus 1,5TXN,Reverse Transcriptase
Human immunodeficiency virus 1,5TXO,Capsid Protein
Human immunodeficiency virus 1,5TXO,Polymerase
Human immunodeficiency virus 1,5TXO,Reverse Transcriptase
Human immunodeficiency virus 1,5TXP,Capsid Protein
Human immunodeficiency virus 1,5TXP,Polymerase
Human immunodeficiency virus 1,5TXP,Reverse Transcriptase
Human immunodeficiency virus 1,5TYR,Protease
Human immunodeficiency virus 1,5TYS,Protease
Human immunodeficiency virus 1,5U1C,Integrase
Human immunodeficiency virus 1,5U1F,Envelope Protein/Glycoprotein
Human immunodeficiency virus 1,5U3J,Envelope Protein/Glycoprotein
Human immunodeficiency virus 1,5U3K,Envelope Protein/Glycoprotein
Human immunodeficiency virus 1,5U3L,Envelope Protein/Glycoprotein
Human immunodeficiency virus 1,5U3M,Envelope Protein/Glycoprotein
Human immunodeficiency virus 1,5U3N,Envelope Protein/Glycoprotein
Human immunodeficiency virus 1,5U3O,Envelope Protein/Glycoprotein
Human immunodeficiency virus 1,5U68,Envelope Protein/Glycoprotein
Human immunodeficiency virus 1,5U6E,Envelope Protein/Glycoprotein
Human immunodeficiency virus 1,5U7M,Envelope Protein/Glycoprotein
Human immunodeficiency virus 1,5U7O,Envelope Protein/Glycoprotein
Human immunodeficiency virus 1,5UEM,Envelope Protein/Glycoprotein
Human immunodeficiency virus 1,5UFZ,Protease
Human immunodeficiency virus 1,5UKR,Envelope Protein/Glycoprotein
Human immunodeficiency virus 1,5ULT,Protease
Human immunodeficiency virus 1,5UM8,Envelope Protein/Glycoprotein
Human immunodeficiency virus 1,5UOV,Protease
Human immunodeficiency virus 1,5UP4,Capsid Protein
Human immunodeficiency virus 1,5UPW,Capsid Protein
Human immunodeficiency virus 1,5UPZ,Protease
Human immunodeficiency virus 1,5UTF,Envelope Protein/Glycoprotein
Human immunodeficiency virus 1,5UTF,Spike Protein
Human immunodeficiency virus 1,5UTY,Envelope Protein/Glycoprotein
Human immunodeficiency virus 1,5UTY,Spike Protein
Human immunodeficiency virus 1,5UV5,Capsid Protein
Human immunodeficiency virus 1,5UV5,RNAse H
Human immunodeficiency virus 1,5UV5,Reverse Transcriptase
Human immunodeficiency virus 1,5V4Y,Protease
Human immunodeficiency virus 1,5V5L,Capsid Protein
Human immunodeficiency virus 1,5V5M,Capsid Protein
Human immunodeficiency virus 1,5V61,Accessory Proteins
Human immunodeficiency virus 1,5V6L,Envelope Protein/Glycoprotein
Human immunodeficiency virus 1,5V6M,Envelope Protein/Glycoprotein
Human immunodeficiency virus 1,5V7J,Envelope Protein/Glycoprotein
Human immunodeficiency virus 1,5V8L,Envelope Protein/Glycoprotein
Human immunodeficiency virus 1,5V8M,Envelope Protein/Glycoprotein
Human immunodeficiency virus 1,5VCK,Protease
Human immunodeficiency virus 1,5VEA,Protease
Human immunodeficiency virus 1,5VGJ,Envelope Protein/Glycoprotein
Human immunodeficiency virus 1,5VIY,Envelope Protein/Glycoprotein
Human immunodeficiency virus 1,5VJ3,Protease
Human immunodeficiency virus 1,5VJ6,Envelope Protein/Glycoprotein
Human immunodeficiency virus 1,5VN3,Envelope Protein/Glycoprotein
Human immunodeficiency virus 1,5VN3,Spike Protein
Human immunodeficiency virus 1,5VN8,Envelope Protein/Glycoprotein
Human immunodeficiency virus 1,5VN8,Spike Protein
Human immunodeficiency virus 1,5VQQ,Capsid Protein
Human immunodeficiency virus 1,5VQQ,Polymerase
Human immunodeficiency virus 1,5VQQ,Reverse Transcriptase
Human immunodeficiency virus 1,5VQR,Capsid Protein
Human immunodeficiency virus 1,5VQR,Polymerase
Human immunodeficiency virus 1,5VQR,Reverse Transcriptase
Human immunodeficiency virus 1,5VQS,Capsid Protein
Human immunodeficiency virus 1,5VQS,Polymerase
Human immunodeficiency virus 1,5VQS,Reverse Transcriptase
Human immunodeficiency virus 1,5VQT,Capsid Protein
Human immunodeficiency virus 1,5VQT,Polymerase
Human immunodeficiency virus 1,5VQT,Reverse Transcriptase
Human immunodeficiency virus 1,5VQU,Capsid Protein
Human immunodeficiency virus 1,5VQU,Polymerase
Human immunodeficiency virus 1,5VQU,Reverse Transcriptase
Human immunodeficiency virus 1,5VQV,Capsid Protein
Human immunodeficiency virus 1,5VQV,Polymerase
Human immunodeficiency virus 1,5VQV,Reverse Transcriptase
Human immunodeficiency virus 1,5VQW,Capsid Protein
Human immunodeficiency virus 1,5VQW,Polymerase
Human immunodeficiency virus 1,5VQW,Reverse Transcriptase
Human immunodeficiency virus 1,5VQX,Capsid Protein
Human immunodeficiency virus 1,5VQX,Polymerase
Human immunodeficiency virus 1,5VQX,Reverse Transcriptase
Human immunodeficiency virus 1,5VQY,Capsid Protein
Human immunodeficiency virus 1,5VQY,Polymerase
Human immunodeficiency virus 1,5VQY,Reverse Transcriptase
Human immunodeficiency virus 1,5VQZ,Capsid Protein
Human immunodeficiency virus 1,5VQZ,Polymerase
Human immunodeficiency virus 1,5VQZ,Reverse Transcriptase
Human immunodeficiency virus 1,5VWL,Envelope Protein/Glycoprotein
Human immunodeficiency virus 1,5VZ6,Capsid Protein
Human immunodeficiency virus 1,5VZ6,Reverse Transcriptase
Human immunodeficiency virus 1,5W4L,Envelope Protein/Glycoprotein
Human immunodeficiency virus 1,5W4O,Capsid Protein
Human immunodeficiency virus 1,5W4P,Capsid Protein
Human immunodeficiency virus 1,5W4Q,Capsid Protein
Human immunodeficiency virus 1,5W5W,Protease
Human immunodeficiency virus 1,5W6D,Envelope Protein/Glycoprotein
Human immunodeficiency virus 1,5WB9,Envelope Protein/Glycoprotein
Human immunodeficiency virus 1,5WDF,Envelope Protein/Glycoprotein
Human immunodeficiency virus 1,5WDU,Envelope Protein/Glycoprotein
Human immunodeficiency virus 1,5WES,Envelope Protein/Glycoprotein
Human immunodeficiency virus 1,5WET,Envelope Protein/Glycoprotein
Human immunodeficiency virus 1,5WEU,Envelope Protein/Glycoprotein
Human immunodeficiency virus 1,5WLO,Protease
Human immunodeficiency virus 1,5X08,Envelope Protein/Glycoprotein
Human immunodeficiency virus 1,5XN0,Reverse Transcriptase
Human immunodeficiency virus 1,5XN1,Reverse Transcriptase
Human immunodeficiency virus 1,5XN2,Reverse Transcriptase
Human immunodeficiency virus 1,5XOS,Reverse Transcriptase
Human immunodeficiency virus 1,5XOT,Reverse Transcriptase
Human immunodeficiency virus 1,5YB2,Envelope Protein/Glycoprotein
Human immunodeficiency virus 1,5YB3,Envelope Protein/Glycoprotein
Human immunodeficiency virus 1,5YB4,Envelope Protein/Glycoprotein
Human immunodeficiency virus 1,5YC0,Envelope Protein/Glycoprotein
Human immunodeficiency virus 1,5YOJ,Protease
Human immunodeficiency virus 1,5YOK,Protease
Human immunodeficiency virus 1,5YRS,Capsid Protein
Human immunodeficiency virus 1,5YRS,Protease
Human immunodeficiency virus 1,5Z0W,Envelope Protein/Glycoprotein
Human immunodeficiency virus 1,5ZCX,Envelope Protein/Glycoprotein
Human immunodeficiency virus 1,5ZPW,Envelope Protein/Glycoprotein
Human immunodeficiency virus 1,5ZPW,Transmembrane Protein
Human immunodeficiency virus 1,6A0Z,Envelope Protein/Glycoprotein
Human immunodeficiency virus 1,6A0Z,Fusion Protein
Human immunodeficiency virus 1,6A0Z,Hemagglutinin
Human immunodeficiency virus 1,6AMO,Capsid Protein
Human immunodeficiency virus 1,6AMO,Reverse Transcriptase
Human immunodeficiency virus 1,6AN2,Capsid Protein
Human immunodeficiency virus 1,6AN2,Reverse Transcriptase
Human immunodeficiency virus 1,6AN8,Capsid Protein
Human immunodeficiency virus 1,6AN8,Reverse Transcriptase
Human immunodeficiency virus 1,6ANQ,Capsid Protein
Human immunodeficiency virus 1,6ANQ,Reverse Transcriptase
Human immunodeficiency virus 1,6AOC,Capsid Protein
Human immunodeficiency virus 1,6AOC,RNAse H
Human immunodeficiency virus 1,6AOC,Reverse Transcriptase
Human immunodeficiency virus 1,6APD,Envelope Protein/Glycoprotein
Human immunodeficiency virus 1,6ASW,Capsid Protein
Human immunodeficiency virus 1,6ASW,Reverse Transcriptase
Human immunodeficiency virus 1,6AVM,Capsid Protein
Human immunodeficiency virus 1,6AVM,Reverse Transcriptase
Human immunodeficiency virus 1,6AVT,Capsid Protein
Human immunodeficiency virus 1,6AVT,Reverse Transcriptase
Human immunodeficiency virus 1,6AXR,Capsid Protein
Human immunodeficiency virus 1,6AXS,Capsid Protein
Human immunodeficiency virus 1,6AXT,Capsid Protein
Human immunodeficiency virus 1,6AXV,Capsid Protein
Human immunodeficiency virus 1,6AXW,Capsid Protein
Human immunodeficiency virus 1,6AXX,Capsid Protein
Human immunodeficiency virus 1,6AXY,Capsid Protein
Human immunodeficiency virus 1,6AY9,Capsid Protein
Human immunodeficiency virus 1,6AYA,Capsid Protein
Human immunodeficiency virus 1,6B0N,Envelope Protein/Glycoprotein
Human immunodeficiency virus 1,6B19,RNAse H
Human immunodeficiency virus 1,6B19,Reverse Transcriptase
Human immunodeficiency virus 1,6B2G,Capsid Protein
Human immunodeficiency virus 1,6B2H,Capsid Protein
Human immunodeficiency virus 1,6B2I,Capsid Protein
Human immunodeficiency virus 1,6B2J,Capsid Protein
Human immunodeficiency virus 1,6B2K,Capsid Protein
Human immunodeficiency virus 1,6B36,Capsid Protein
Human immunodeficiency virus 1,6B36,Protease
Human immunodeficiency virus 1,6B38,Capsid Protein
Human immunodeficiency virus 1,6B38,Protease
Human immunodeficiency virus 1,6B3C,Capsid Protein
Human immunodeficiency virus 1,6B3C,Protease
Human immunodeficiency virus 1,6B3F,Capsid Protein
Human immunodeficiency virus 1,6B3F,Protease
Human immunodeficiency virus 1,6B3G,Capsid Protein
Human immunodeficiency virus 1,6B3G,Protease
Human immunodeficiency virus 1,6B3H,Capsid Protein
Human immunodeficiency virus 1,6B3H,Protease
Human immunodeficiency virus 1,6B3U,Envelope Protein/Glycoprotein
Human immunodeficiency virus 1,6B4N,Protease
Human immunodeficiency virus 1,6BCK,Envelope Protein/Glycoprotein
Human immunodeficiency virus 1,6BF4,Envelope Protein/Glycoprotein
Human immunodeficiency virus 1,6BHJ,Polymerase
Human immunodeficiency virus 1,6BHJ,Reverse Transcriptase
Human immunodeficiency virus 1,6BHR,Capsid Protein
Human immunodeficiency virus 1,6BHS,Capsid Protein
Human immunodeficiency virus 1,6BHT,Capsid Protein
Human immunodeficiency virus 1,6BRA,Protease
Human immunodeficiency virus 1,6BSG,Reverse Transcriptase
Human immunodeficiency virus 1,6BSH,Capsid Protein
Human immunodeficiency virus 1,6BSH,RNAse H
Human immunodeficiency virus 1,6BSH,Reverse Transcriptase
Human immunodeficiency virus 1,6BSI,RNAse H
Human immunodeficiency virus 1,6BSI,Reverse Transcriptase
Human immunodeficiency virus 1,6BSJ,RNAse H
Human immunodeficiency virus 1,6BSJ,Reverse Transcriptase
Human immunodeficiency virus 1,6BZ2,Protease
Human immunodeficiency virus 1,6C0J,Capsid Protein
Human immunodeficiency virus 1,6C0J,Reverse Transcriptase
Human immunodeficiency virus 1,6C0K,Capsid Protein
Human immunodeficiency virus 1,6C0K,Reverse Transcriptase
Human immunodeficiency virus 1,6C0L,Capsid Protein
Human immunodeficiency virus 1,6C0L,Reverse Transcriptase
Human immunodeficiency virus 1,6C0N,Capsid Protein
Human immunodeficiency virus 1,6C0N,Reverse Transcriptase
Human immunodeficiency virus 1,6C0O,Capsid Protein
Human immunodeficiency virus 1,6C0O,Reverse Transcriptase
Human immunodeficiency virus 1,6C0P,Capsid Protein
Human immunodeficiency virus 1,6C0P,Reverse Transcriptase
Human immunodeficiency virus 1,6C0R,Capsid Protein
Human immunodeficiency virus 1,6C0R,Reverse Transcriptase
Human immunodeficiency virus 1,6C8X,Protease
Human immunodeficiency virus 1,6C8Y,Protease
Human immunodeficiency virus 1,6CCB,Envelope Protein/Glycoprotein
Human immunodeficiency virus 1,6CDE,Envelope Protein/Glycoprotein
Human immunodeficiency virus 1,6CDI,Envelope Protein/Glycoprotein
Human immunodeficiency virus 1,6CDJ,Protease
Human immunodeficiency virus 1,6CDL,Protease
Human immunodeficiency virus 1,6CE0,Envelope Protein/Glycoprotein
Human immunodeficiency virus 1,6CEZ,Envelope Protein/Glycoprotein
Human immunodeficiency virus 1,6CGF,Capsid Protein
Human immunodeficiency virus 1,6CGF,Reverse Transcriptase
Human immunodeficiency virus 1,6CH7,Envelope Protein/Glycoprotein
Human immunodeficiency virus 1,6CH8,Envelope Protein/Glycoprotein
Human immunodeficiency virus 1,6CH9,Envelope Protein/Glycoprotein
Human immunodeficiency virus 1,6CHB,Envelope Protein/Glycoprotein
Human immunodeficiency virus 1,6CK9,Envelope Protein/Glycoprotein
Human immunodeficiency virus 1,6CM3,Envelope Protein/Glycoprotein
Human immunodeficiency virus 1,6CNV,Envelope Protein/Glycoprotein
Human immunodeficiency virus 1,6CNV,Hemagglutinin
Human immunodeficiency virus 1,6CPL,Capsid Protein
Human immunodeficiency virus 1,6CPN,Capsid Protein
Human immunodeficiency virus 1,6CQJ,Capsid Protein
Human immunodeficiency virus 1,6CQL,Capsid Protein
Human immunodeficiency virus 1,6CQN,Capsid Protein
Human immunodeficiency virus 1,6CQQ,Capsid Protein
Human immunodeficiency virus 1,6CQR,Capsid Protein
Human immunodeficiency virus 1,6CRQ,Envelope Protein/Glycoprotein
Human immunodeficiency virus 1,6CUE,Envelope Protein/Glycoprotein
Human immunodeficiency virus 1,6CUF,Envelope Protein/Glycoprotein
Human immunodeficiency virus 1,6CXC,Fusion Protein
Human immunodeficiency virus 1,6CXC,Envelope Protein/Glycoprotein
Human immunodeficiency virus 1,6CYT,Accessory Proteins
Human immunodeficiency virus 1,6D0D,Protease
Human immunodeficiency virus 1,6D0E,Protease
Human immunodeficiency virus 1,6DB5,Envelope Protein/Glycoprotein
Human immunodeficiency virus 1,6DB6,Envelope Protein/Glycoprotein
Human immunodeficiency virus 1,6DB7,Envelope Protein/Glycoprotein
Human immunodeficiency virus 1,6DCQ,Envelope Protein/Glycoprotein
Human immunodeficiency virus 1,6DE7,Envelope Protein/Glycoprotein
Human immunodeficiency virus 1,6DFG,Envelope Protein/Glycoprotein
Human immunodeficiency virus 1,6DFH,Envelope Protein/Glycoprotein
Human immunodeficiency virus 1,6DGX,Protease
Human immunodeficiency virus 1,6DGY,Protease
Human immunodeficiency virus 1,6DGZ,Protease
Human immunodeficiency virus 1,6DH0,Protease
Human immunodeficiency virus 1,6DH1,Protease
Human immunodeficiency virus 1,6DH2,Protease
Human immunodeficiency virus 1,6DH3,Protease
Human immunodeficiency virus 1,6DH4,Protease
Human immunodeficiency virus 1,6DH5,Protease
Human immunodeficiency virus 1,6DH6,Protease
Human immunodeficiency virus 1,6DH7,Protease
Human immunodeficiency virus 1,6DH8,Protease
Human immunodeficiency virus 1,6DID,Envelope Protein/Glycoprotein
Human immunodeficiency virus 1,6DIF,Protease
Human immunodeficiency virus 1,6DIL,Protease
Human immunodeficiency virus 1,6DJ1,Protease
Human immunodeficiency virus 1,6DJ2,Protease
Human immunodeficiency virus 1,6DJ5,Protease
Human immunodeficiency virus 1,6DJ7,Protease
Human immunodeficiency virus 1,6DLN,Envelope Protein/Glycoprotein
Human immunodeficiency virus 1,6DLN,Transmembrane Protein
Human immunodeficiency virus 1,6DTW,Capsid Protein
Human immunodeficiency virus 1,6DTW,Reverse Transcriptase
Human immunodeficiency virus 1,6DTX,Capsid Protein
Human immunodeficiency virus 1,6DTX,Reverse Transcriptase
Human immunodeficiency virus 1,6DUF,Capsid Protein
Human immunodeficiency virus 1,6DUF,Reverse Transcriptase
Human immunodeficiency virus 1,6DUG,Capsid Protein
Human immunodeficiency virus 1,6DUG,Reverse Transcriptase
Human immunodeficiency virus 1,6DUH,Capsid Protein
Human immunodeficiency virus 1,6DUH,Reverse Transcriptase
Human immunodeficiency virus 1,6DV0,Protease
Human immunodeficiency virus 1,6DV4,Protease
Human immunodeficiency virus 1,6E5P,Envelope Protein/Glycoprotein
Human immunodeficiency virus 1,6E7J,Protease
Human immunodeficiency virus 1,6E8W,Envelope Protein/Glycoprotein
Human immunodeficiency virus 1,6E9A,Protease
Human immunodeficiency virus 1,6EB1,Integrase
Human immunodeficiency virus 1,6EB2,Integrase
Human immunodeficiency virus 1,6EC2,Capsid Protein
Human immunodeficiency virus 1,6ECL,RNAse H
Human immunodeficiency virus 1,6ECL,Reverse Transcriptase
Human immunodeficiency virus 1,6ECN,Capsid Protein
Human immunodeficiency virus 1,6ECO,Capsid Protein
Human immunodeficiency virus 1,6EDU,Envelope Protein/Glycoprotein
Human immunodeficiency virus 1,6ELI,Capsid Protein
Human immunodeficiency virus 1,6ELI,Polymerase
Human immunodeficiency virus 1,6ELI,RNAse H
Human immunodeficiency virus 1,6ELI,Reverse Transcriptase
Human immunodeficiency virus 1,6ERM,Capsid Protein
Human immunodeficiency virus 1,6ERN,Capsid Protein
Human immunodeficiency virus 1,6ES8,Capsid Protein
Human immunodeficiency virus 1,6EX9,Integrase
Human immunodeficiency virus 1,6FY2,Envelope Protein/Glycoprotein
Human immunodeficiency virus 1,6FY3,Envelope Protein/Glycoprotein
Human immunodeficiency virus 1,6G9I,Envelope Protein/Glycoprotein
Human immunodeficiency virus 1,6GML,Accessory Proteins
Human immunodeficiency virus 1,6GML,Polymerase
Human immunodeficiency virus 1,6H09,Capsid Protein
Human immunodeficiency virus 1,6HAK,Capsid Protein
Human immunodeficiency virus 1,6HAK,Polymerase
Human immunodeficiency virus 1,6HAK,Reverse Transcriptase
Human immunodeficiency virus 1,6I45,Protease
Human immunodeficiency virus 1,6IEQ,Envelope Protein/Glycoprotein
Human immunodeficiency virus 1,6IK9,Reverse Transcriptase
Human immunodeficiency virus 1,6IKA,Reverse Transcriptase
Human immunodeficiency virus 1,6IXD,Protease
Human immunodeficiency virus 1,6J5E,Envelope Protein/Glycoprotein
Human immunodeficiency virus 1,6JCF,Integrase
Human immunodeficiency virus 1,6JCG,Integrase
Human immunodeficiency virus 1,6KDJ,Reverse Transcriptase
Human immunodeficiency virus 1,6KDK,Reverse Transcriptase
Human immunodeficiency virus 1,6KDM,Reverse Transcriptase
Human immunodeficiency virus 1,6KDN,Reverse Transcriptase
Human immunodeficiency virus 1,6KDO,Reverse Transcriptase
Human immunodeficiency virus 1,6KMP,Protease
Human immunodeficiency virus 1,6KTS,Envelope Protein/Glycoprotein
Human immunodeficiency virus 1,6L0C,Integrase
Human immunodeficiency virus 1,6L1Y,Envelope Protein/Glycoprotein
Human immunodeficiency virus 1,6LMI,Integrase
Human immunodeficiency virus 1,6LMQ,Integrase
Human immunodeficiency virus 1,6MAR,Envelope Protein/Glycoprotein
Human immunodeficiency virus 1,6MAR,Fusion Protein
Human immunodeficiency virus 1,6MCE,Accessory Proteins
Human immunodeficiency virus 1,6MCF,Accessory Proteins
Human immunodeficiency virus 1,6MCO,Envelope Protein/Glycoprotein
Human immunodeficiency virus 1,6MCO,Transmembrane Protein
Human immunodeficiency virus 1,6MCR,Protease
Human immunodeficiency virus 1,6MCS,Protease
Human immunodeficiency virus 1,6MDT,Envelope Protein/Glycoprotein
Human immunodeficiency virus 1,6MDT,Transmembrane Protein
Human immunodeficiency virus 1,6ME1,Envelope Protein/Glycoprotein
Human immunodeficiency virus 1,6MEO,Envelope Protein/Glycoprotein
Human immunodeficiency virus 1,6MEO,Spike Protein
Human immunodeficiency virus 1,6MET,Envelope Protein/Glycoprotein
Human immunodeficiency virus 1,6MET,Spike Protein
Human immunodeficiency virus 1,6MFP,Envelope Protein/Glycoprotein
Human immunodeficiency virus 1,6MG7,Envelope Protein/Glycoprotein
Human immunodeficiency virus 1,6MK9,Protease
Human immunodeficiency virus 1,6MKL,Protease
Human immunodeficiency virus 1,6MN7,Envelope Protein/Glycoprotein
Human immunodeficiency virus 1,6MNQ,Envelope Protein/Glycoprotein
Human immunodeficiency virus 1,6MNR,Envelope Protein/Glycoprotein
Human immunodeficiency virus 1,6MNS,Envelope Protein/Glycoprotein
Human immunodeficiency virus 1,6MPG,Envelope Protein/Glycoprotein
Human immunodeficiency virus 1,6MPH,Envelope Protein/Glycoprotein
Human immunodeficiency virus 1,6MQA,Capsid Protein
Human immunodeficiency virus 1,6MQM,Envelope Protein/Glycoprotein
Human immunodeficiency virus 1,6MQO,Capsid Protein
Human immunodeficiency virus 1,6MQP,Capsid Protein
Human immunodeficiency virus 1,6MTJ,Envelope Protein/Glycoprotein
Human immunodeficiency virus 1,6MTN,Envelope Protein/Glycoprotein
Human immunodeficiency virus 1,6MTO,Envelope Protein/Glycoprotein
Human immunodeficiency virus 1,6MTP,Envelope Protein/Glycoprotein
Human immunodeficiency virus 1,6MTQ,Envelope Protein/Glycoprotein
Human immunodeficiency virus 1,6MTT,Envelope Protein/Glycoprotein
Human immunodeficiency virus 1,6MU6,Envelope Protein/Glycoprotein
Human immunodeficiency virus 1,6MU7,Envelope Protein/Glycoprotein
Human immunodeficiency virus 1,6MU8,Envelope Protein/Glycoprotein
Human immunodeficiency virus 1,6MUF,Envelope Protein/Glycoprotein
Human immunodeficiency virus 1,6MUG,Envelope Protein/Glycoprotein
Human immunodeficiency virus 1,6MYY,Envelope Protein/Glycoprotein
Human immunodeficiency virus 1,6MYY,Fusion Protein
Human immunodeficiency virus 1,6MZJ,Envelope Protein/Glycoprotein
Human immunodeficiency virus 1,6MZJ,Fusion Protein
Human immunodeficiency virus 1,6N1V,Envelope Protein/Glycoprotein
Human immunodeficiency virus 1,6N1W,Envelope Protein/Glycoprotein
Human immunodeficiency virus 1,6N3J,Capsid Protein
Human immunodeficiency virus 1,6N3U,Capsid Protein
Human immunodeficiency virus 1,6NC2,Envelope Protein/Glycoprotein
Human immunodeficiency virus 1,6NC3,Envelope Protein/Glycoprotein
Human immunodeficiency virus 1,6NCJ,Integrase
Human immunodeficiency virus 1,6NF2,Envelope Protein/Glycoprotein
Human immunodeficiency virus 1,6NF5,Envelope Protein/Glycoprotein
Human immunodeficiency virus 1,6NFC,Envelope Protein/Glycoprotein
Human immunodeficiency virus 1,6NIJ,Envelope Protein/Glycoprotein
Human immunodeficiency virus 1,6NM6,Envelope Protein/Glycoprotein
Human immunodeficiency virus 1,6NNF,Envelope Protein/Glycoprotein
Human immunodeficiency virus 1,6NNJ,Envelope Protein/Glycoprotein
Human immunodeficiency virus 1,6NPR,Envelope Protein/Glycoprotein
Human immunodeficiency virus 1,6NQD,Envelope Protein/Glycoprotein
Human immunodeficiency virus 1,6NUJ,Integrase
Human immunodeficiency virus 1,6O3G,Envelope Protein/Glycoprotein
Human immunodeficiency virus 1,6O3J,Envelope Protein/Glycoprotein
Human immunodeficiency virus 1,6O3L,Envelope Protein/Glycoprotein
Human immunodeficiency virus 1,6O42,Envelope Protein/Glycoprotein
Human immunodeficiency virus 1,6O48,Protease
Human immunodeficiency virus 1,6O54,Protease
Human immunodeficiency virus 1,6O57,Protease
Human immunodeficiency virus 1,6O5A,Protease
Human immunodeficiency virus 1,6O5X,Protease
Human immunodeficiency virus 1,6O9E,Reverse Transcriptase
Human immunodeficiency virus 1,6OBH,Capsid Protein
Human immunodeficiency virus 1,6OE3,Capsid Protein
Human immunodeficiency virus 1,6OE3,Reverse Transcriptase
Human immunodeficiency virus 1,6OEJ,Envelope Protein/Glycoprotein
Human immunodeficiency virus 1,6OFI,Envelope Protein/Glycoprotein
Human immunodeficiency virus 1,6OGL,Protease
Human immunodeficiency virus 1,6OGP,Protease
Human immunodeficiency virus 1,6OGQ,Protease
Human immunodeficiency virus 1,6OGR,Protease
Human immunodeficiency virus 1,6OGS,Protease
Human immunodeficiency virus 1,6OGT,Protease
Human immunodeficiency virus 1,6OGV,Protease
Human immunodeficiency virus 1,6OKP,Envelope Protein/Glycoprotein
Human immunodeficiency virus 1,6OLP,Envelope Protein/Glycoprotein
Human immunodeficiency virus 1,6OMT,Capsid Protein
Human immunodeficiency virus 1,6ONE,Envelope Protein/Glycoprotein
Human immunodeficiency virus 1,6ONF,Envelope Protein/Glycoprotein
Human immunodeficiency virus 1,6ONH,Envelope Protein/Glycoprotein
Human immunodeficiency virus 1,6ONV,Envelope Protein/Glycoprotein
Human immunodeficiency virus 1,6OOO,Envelope Protein/Glycoprotein
Human immunodeficiency virus 1,6OOS,Protease
Human immunodeficiency virus 1,6OOT,Protease
Human immunodeficiency virus 1,6OOU,Protease
Human immunodeficiency virus 1,6OPA,Envelope Protein/Glycoprotein
Human immunodeficiency virus 1,6OPN,Envelope Protein/Glycoprotein
Human immunodeficiency virus 1,6OPO,Envelope Protein/Glycoprotein
Human immunodeficiency virus 1,6OPP,Envelope Protein/Glycoprotein
Human immunodeficiency virus 1,6OPQ,Envelope Protein/Glycoprotein
Human immunodeficiency virus 1,6OPS,Protease
Human immunodeficiency virus 1,6OPT,Protease
Human immunodeficiency virus 1,6OPU,Protease
Human immunodeficiency virus 1,6OPV,Protease
Human immunodeficiency virus 1,6OPW,Protease
Human immunodeficiency virus 1,6OPX,Protease
Human immunodeficiency virus 1,6OPY,Protease
Human immunodeficiency virus 1,6OPZ,Protease
Human immunodeficiency virus 1,6OR7,Capsid Protein
Human immunodeficiency virus 1,6OR7,Reverse Transcriptase
Human immunodeficiency virus 1,6ORN,Envelope Protein/Glycoprotein
Human immunodeficiency virus 1,6ORO,Envelope Protein/Glycoprotein
Human immunodeficiency virus 1,6ORP,Envelope Protein/Glycoprotein
Human immunodeficiency virus 1,6ORQ,Envelope Protein/Glycoprotein
Human immunodeficiency virus 1,6OSY,Envelope Protein/Glycoprotein
Human immunodeficiency virus 1,6OT1,Envelope Protein/Glycoprotein
Human immunodeficiency virus 1,6OTG,Protease
Human immunodeficiency virus 1,6OTZ,Capsid Protein
Human immunodeficiency virus 1,6OTZ,Reverse Transcriptase
Human immunodeficiency virus 1,6OUN,Capsid Protein
Human immunodeficiency virus 1,6OUN,Reverse Transcriptase
Human immunodeficiency virus 1,6OXO,Protease
Human immunodeficiency virus 1,6OXP,Protease
Human immunodeficiency virus 1,6OXQ,Protease
Human immunodeficiency virus 1,6OXR,Protease
Human immunodeficiency virus 1,6OXS,Protease
Human immunodeficiency virus 1,6OXT,Protease
Human immunodeficiency virus 1,6OXU,Protease
Human immunodeficiency virus 1,6OXV,Protease
Human immunodeficiency virus 1,6OXW,Protease
Human immunodeficiency virus 1,6OXX,Protease
Human immunodeficiency virus 1,6OXY,Protease
Human immunodeficiency virus 1,6OXZ,Protease
Human immunodeficiency virus 1,6OY0,Protease
Human immunodeficiency virus 1,6OY1,Protease
Human immunodeficiency virus 1,6OY2,Protease
Human immunodeficiency virus 1,6OYD,Protease
Human immunodeficiency virus 1,6OYR,Protease
Human immunodeficiency virus 1,6OZ2,Envelope Protein/Glycoprotein
Human immunodeficiency virus 1,6OZ3,Envelope Protein/Glycoprotein
Human immunodeficiency virus 1,6OZ4,Envelope Protein/Glycoprotein
Human immunodeficiency virus 1,6OZC,Envelope Protein/Glycoprotein
Human immunodeficiency virus 1,6P1I,Capsid Protein
Human immunodeficiency virus 1,6P1I,Reverse Transcriptase
Human immunodeficiency virus 1,6P1X,Capsid Protein
Human immunodeficiency virus 1,6P1X,Reverse Transcriptase
Human immunodeficiency virus 1,6P2G,Capsid Protein
Human immunodeficiency virus 1,6P2G,Reverse Transcriptase
Human immunodeficiency virus 1,6P62,Envelope Protein/Glycoprotein
Human immunodeficiency virus 1,6P65,Envelope Protein/Glycoprotein
Human immunodeficiency virus 1,6P8M,Envelope Protein/Glycoprotein
Human immunodeficiency virus 1,6P8N,Envelope Protein/Glycoprotein
Human immunodeficiency virus 1,6P9A,Capsid Protein
Human immunodeficiency virus 1,6P9A,Protease
Human immunodeficiency virus 1,6P9B,Capsid Protein
Human immunodeficiency virus 1,6P9B,Protease
Human immunodeficiency virus 1,6P9N,Envelope Protein/Glycoprotein
Human immunodeficiency virus 1,6PJB,Protease
Human immunodeficiency virus 1,6PJC,Protease
Human immunodeficiency virus 1,6PJD,Protease
Human immunodeficiency virus 1,6PJE,Protease
Human immunodeficiency virus 1,6PJF,Protease
Human immunodeficiency virus 1,6PJG,Protease
Human immunodeficiency virus 1,6PJH,Protease
Human immunodeficiency virus 1,6PJI,Protease
Human immunodeficiency virus 1,6PJK,Protease
Human immunodeficiency virus 1,6PJL,Protease
Human immunodeficiency virus 1,6PJM,Protease
Human immunodeficiency virus 1,6PJN,Protease
Human immunodeficiency virus 1,6PJO,Protease
Human immunodeficiency virus 1,6PRF,Capsid Protein
Human immunodeficiency virus 1,6PRF,Protease
Human immunodeficiency virus 1,6PSA,Envelope Protein/Glycoprotein
Human immunodeficiency virus 1,6PTP,Protease
Human immunodeficiency virus 1,6PU1,Capsid Protein
Human immunodeficiency virus 1,6PU8,Protease
Human immunodeficiency virus 1,6PUT,Integrase
Human immunodeficiency virus 1,6PUW,Integrase
Human immunodeficiency virus 1,6PUY,Integrase
Human immunodeficiency virus 1,6PUZ,Integrase
Human immunodeficiency virus 1,6PW6,Envelope Protein/Glycoprotein
Human immunodeficiency virus 1,6PWU,Envelope Protein/Glycoprotein
Human immunodeficiency virus 1,6R2G,Envelope Protein/Glycoprotein
Human immunodeficiency virus 1,6R6Q,Capsid Protein
Human immunodeficiency virus 1,6R8C,Capsid Protein
Human immunodeficiency virus 1,6RWG,Capsid Protein
Human immunodeficiency virus 1,6SH9,Envelope Protein/Glycoprotein
Human immunodeficiency virus 1,6SKK,Capsid Protein
Human immunodeficiency virus 1,6SKM,Capsid Protein
Human immunodeficiency virus 1,6SKN,Capsid Protein
Human immunodeficiency virus 1,6SLQ,Capsid Protein
Human immunodeficiency virus 1,6SLU,Capsid Protein
Human immunodeficiency virus 1,6SMU,Capsid Protein
Human immunodeficiency virus 1,6SNC,Envelope Protein/Glycoprotein
Human immunodeficiency virus 1,6SND,Envelope Protein/Glycoprotein
Human immunodeficiency virus 1,6SNE,Envelope Protein/Glycoprotein
Human immunodeficiency virus 1,6T6E,Integrase
Human immunodeficiency virus 1,6T6I,Integrase
Human immunodeficiency virus 1,6T6J,Integrase
Human immunodeficiency virus 1,6TVQ,Envelope Protein/Glycoprotein
Human immunodeficiency virus 1,6TVU,Envelope Protein/Glycoprotein
Human immunodeficiency virus 1,6TVU,Transmembrane Protein
Human immunodeficiency virus 1,6TVW,Envelope Protein/Glycoprotein
Human immunodeficiency virus 1,6TVW,Transmembrane Protein
Human immunodeficiency virus 1,6U0L,Envelope Protein/Glycoprotein
Human immunodeficiency virus 1,6U0N,Envelope Protein/Glycoprotein
Human immunodeficiency virus 1,6U59,Envelope Protein/Glycoprotein
Human immunodeficiency virus 1,6U7O,Protease
Human immunodeficiency virus 1,6U7P,Protease
Human immunodeficiency virus 1,6U8Q,Integrase
Human immunodeficiency virus 1,6U8Q,Nucleoprotein
Human immunodeficiency virus 1,6UDA,Envelope Protein/Glycoprotein
Human immunodeficiency virus 1,6UDJ,Envelope Protein/Glycoprotein
Human immunodeficiency virus 1,6UDK,Envelope Protein/Glycoprotein
Human immunodeficiency virus 1,6UIR,Capsid Protein
Human immunodeficiency virus 1,6UIR,Polymerase
Human immunodeficiency virus 1,6UIR,Reverse Transcriptase
Human immunodeficiency virus 1,6UIS,Capsid Protein
Human immunodeficiency virus 1,6UIS,Polymerase
Human immunodeficiency virus 1,6UIS,Reverse Transcriptase
Human immunodeficiency virus 1,6UIT,Capsid Protein
Human immunodeficiency virus 1,6UIT,Polymerase
Human immunodeficiency virus 1,6UIT,Reverse Transcriptase
Human immunodeficiency virus 1,6UJU,Envelope Protein/Glycoprotein
Human immunodeficiency virus 1,6UJV,Envelope Protein/Glycoprotein
Human immunodeficiency virus 1,6UJV,Spike Protein
Human immunodeficiency virus 1,6UJX,Capsid Protein
Human immunodeficiency virus 1,6UJX,Polymerase
Human immunodeficiency virus 1,6UJX,Reverse Transcriptase
Human immunodeficiency virus 1,6UJY,Capsid Protein
Human immunodeficiency virus 1,6UJY,Polymerase
Human immunodeficiency virus 1,6UJY,Reverse Transcriptase
Human immunodeficiency virus 1,6UJZ,Capsid Protein
Human immunodeficiency virus 1,6UJZ,Polymerase
Human immunodeficiency virus 1,6UJZ,Reverse Transcriptase
Human immunodeficiency virus 1,6UK0,Capsid Protein
Human immunodeficiency virus 1,6UK0,Polymerase
Human immunodeficiency virus 1,6UK0,Reverse Transcriptase
Human immunodeficiency virus 1,6UL5,Reverse Transcriptase
Human immunodeficiency virus 1,6ULC,Envelope Protein/Glycoprotein
Human immunodeficiency virus 1,6UM5,Envelope Protein/Glycoprotein
Human immunodeficiency virus 1,6UM6,Envelope Protein/Glycoprotein
Human immunodeficiency virus 1,6UM7,Envelope Protein/Glycoprotein
Human immunodeficiency virus 1,6UM8,Integrase
Human immunodeficiency virus 1,6USW,Envelope Protein/Glycoprotein
Human immunodeficiency virus 1,6UT1,Envelope Protein/Glycoprotein
Human immunodeficiency virus 1,6UTB,Envelope Protein/Glycoprotein
Human immunodeficiency virus 1,6UTD,Envelope Protein/Glycoprotein
Human immunodeficiency virus 1,6UTK,Envelope Protein/Glycoprotein
Human immunodeficiency virus 1,6UWB,Protease
Human immunodeficiency virus 1,6UWC,Protease
Human immunodeficiency virus 1,6V0R,Envelope Protein/Glycoprotein
Human immunodeficiency virus 1,6V2F,Capsid Protein
Human immunodeficiency virus 1,6V3K,Integrase
Human immunodeficiency virus 1,6V4T,Envelope Protein/Glycoprotein
Human immunodeficiency virus 1,6V4T,Spike Protein
Human immunodeficiency virus 1,6V6W,Envelope Protein/Glycoprotein
Human immunodeficiency virus 1,6V8X,Envelope Protein/Glycoprotein
Human immunodeficiency virus 1,6V8Z,Envelope Protein/Glycoprotein
Human immunodeficiency virus 1,6VBO,Envelope Protein/Glycoprotein
Human immunodeficiency virus 1,6VBP,Envelope Protein/Glycoprotein
Human immunodeficiency virus 1,6VBQ,Envelope Protein/Glycoprotein
Human immunodeficiency virus 1,6VCE,Protease
Human immunodeficiency virus 1,6VDK,Integrase
Human immunodeficiency virus 1,6VDK,Nucleoprotein
Human immunodeficiency virus 1,6VI0,Envelope Protein/Glycoprotein
Human immunodeficiency virus 1,6VKA,Integrase
Human immunodeficiency virus 1,6VKC,Envelope Protein/Glycoprotein
Human immunodeficiency virus 1,6VKN,Envelope Protein/Glycoprotein
Human immunodeficiency virus 1,6VKV,Capsid Protein
Human immunodeficiency virus 1,6VLH,Integrase
Human immunodeficiency virus 1,6VLM,Integrase
Human immunodeficiency virus 1,6VLR,Envelope Protein/Glycoprotein
Human immunodeficiency virus 1,6VN0,Envelope Protein/Glycoprotein
Human immunodeficiency virus 1,6VO0,Envelope Protein/Glycoprotein
Human immunodeficiency virus 1,6VO1,Envelope Protein/Glycoprotein
Human immunodeficiency virus 1,6VO3,Envelope Protein/Glycoprotein
Human immunodeficiency virus 1,6VOD,Protease
Human immunodeficiency virus 1,6VOE,Protease
Human immunodeficiency virus 1,6VPX,Envelope Protein/Glycoprotein
Human immunodeficiency virus 1,6VQS,Integrase
Human immunodeficiency virus 1,6VRG,Integrase
Human immunodeficiency virus 1,6VRW,Envelope Protein/Glycoprotein
Human immunodeficiency virus 1,6VTT,Envelope Protein/Glycoprotein
Human immunodeficiency virus 1,6VUG,Capsid Protein
Human immunodeficiency virus 1,6VUG,Reverse Transcriptase
Human immunodeficiency virus 1,6VWS,Capsid Protein
Human immunodeficiency virus 1,6VX2,Integrase
Human immunodeficiency virus 1,6VY2,Envelope Protein/Glycoprotein
Human immunodeficiency virus 1,6VY2,Transmembrane Protein
Human immunodeficiency virus 1,6VZI,Envelope Protein/Glycoprotein
Human immunodeficiency virus 1,6W03,Envelope Protein/Glycoprotein
Human immunodeficiency virus 1,6W0U,Integrase
Human immunodeficiency virus 1,6W16,Fusion Protein
Human immunodeficiency virus 1,6W16,Envelope Protein/Glycoprotein
Human immunodeficiency virus 1,6W42,Integrase
Human immunodeficiency virus 1,6W4M,Envelope Protein/Glycoprotein
Human immunodeficiency virus 1,6W6T,Protease
Human immunodeficiency virus 1,6WAP,Capsid Protein
Human immunodeficiency virus 1,6WAZ,Capsid Protein
Human immunodeficiency virus 1,6WAZ,Polymerase
Human immunodeficiency virus 1,6WAZ,Reverse Transcriptase
Human immunodeficiency virus 1,6WB0,Polymerase
Human immunodeficiency virus 1,6WB0,Reverse Transcriptase
Human immunodeficiency virus 1,6WB1,Capsid Protein
Human immunodeficiency virus 1,6WB1,Polymerase
Human immunodeficiency virus 1,6WB1,Reverse Transcriptase
Human immunodeficiency virus 1,6WB2,Polymerase
Human immunodeficiency virus 1,6WB2,Reverse Transcriptase
Human immunodeficiency virus 1,6WC8,Integrase
Human immunodeficiency virus 1,6WE7,Integrase
Human immunodeficiency virus 1,6WIX,Envelope Protein/Glycoprotein
Human immunodeficiency virus 1,6WPF,Capsid Protein
Human immunodeficiency virus 1,6WPF,Reverse Transcriptase
Human immunodeficiency virus 1,6WPH,Capsid Protein
Human immunodeficiency virus 1,6WPH,Reverse Transcriptase
Human immunodeficiency virus 1,6WPJ,Capsid Protein
Human immunodeficiency virus 1,6WPJ,Reverse Transcriptase
Human immunodeficiency virus 1,6X47,Capsid Protein
Human immunodeficiency virus 1,6X47,Polymerase
Human immunodeficiency virus 1,6X47,Reverse Transcriptase
Human immunodeficiency virus 1,6X49,Capsid Protein
Human immunodeficiency virus 1,6X49,Polymerase
Human immunodeficiency virus 1,6X49,Reverse Transcriptase
Human immunodeficiency virus 1,6X4A,Capsid Protein
Human immunodeficiency virus 1,6X4A,Polymerase
Human immunodeficiency virus 1,6X4A,Reverse Transcriptase
Human immunodeficiency virus 1,6X4B,Capsid Protein
Human immunodeficiency virus 1,6X4B,Polymerase
Human immunodeficiency virus 1,6X4B,Reverse Transcriptase
Human immunodeficiency virus 1,6X4C,Capsid Protein
Human immunodeficiency virus 1,6X4C,Polymerase
Human immunodeficiency virus 1,6X4C,Reverse Transcriptase
Human immunodeficiency virus 1,6X4D,Capsid Protein
Human immunodeficiency virus 1,6X4D,Polymerase
Human immunodeficiency virus 1,6X4D,Reverse Transcriptase
Human immunodeficiency virus 1,6X4E,Capsid Protein
Human immunodeficiency virus 1,6X4E,Polymerase
Human immunodeficiency virus 1,6X4E,Reverse Transcriptase
Human immunodeficiency virus 1,6X4F,Capsid Protein
Human immunodeficiency virus 1,6X4F,Polymerase
Human immunodeficiency virus 1,6X4F,Reverse Transcriptase
Human immunodeficiency virus 1,6X5B,Envelope Protein/Glycoprotein
Human immunodeficiency virus 1,6X5C,Envelope Protein/Glycoprotein
Human immunodeficiency virus 1,6X63,Capsid Protein
Human immunodeficiency virus 1,6X96,Envelope Protein/Glycoprotein
Human immunodeficiency virus 1,6X97,Envelope Protein/Glycoprotein
Human immunodeficiency virus 1,6X98,Envelope Protein/Glycoprotein
Human immunodeficiency virus 1,6X9R,Envelope Protein/Glycoprotein
Human immunodeficiency virus 1,6X9R,Spike Protein
Human immunodeficiency virus 1,6X9S,Envelope Protein/Glycoprotein
Human immunodeficiency virus 1,6X9S,Spike Protein
Human immunodeficiency virus 1,6X9T,Envelope Protein/Glycoprotein
Human immunodeficiency virus 1,6X9T,Spike Protein
Human immunodeficiency virus 1,6X9U,Envelope Protein/Glycoprotein
Human immunodeficiency virus 1,6X9U,Spike Protein
Human immunodeficiency virus 1,6X9V,Envelope Protein/Glycoprotein
Human immunodeficiency virus 1,6X9V,Spike Protein
Human immunodeficiency virus 1,6XCJ,Envelope Protein/Glycoprotein
Human immunodeficiency virus 1,6XLZ,Envelope Protein/Glycoprotein
Human immunodeficiency virus 1,6XQI,Accessory Proteins
Human immunodeficiency virus 1,6XQJ,Accessory Proteins
Human immunodeficiency virus 1,6XRT,Envelope Protein/Glycoprotein
Human immunodeficiency virus 1,6Y9V,Capsid Protein
Human immunodeficiency virus 1,6Y9W,Capsid Protein
Human immunodeficiency virus 1,6Y9X,Capsid Protein
Human immunodeficiency virus 1,6Y9Y,Capsid Protein
Human immunodeficiency virus 1,6Y9Z,Capsid Protein
Human immunodeficiency virus 1,6ZDJ,Capsid Protein
Human immunodeficiency virus 1,7AD1,Envelope Protein/Glycoprotein
Human immunodeficiency virus 1,7AD1,Spike Protein
Human immunodeficiency virus 1,7AD1,Fusion Protein
Human immunodeficiency virus 1,7AEJ,Envelope Protein/Glycoprotein
Human immunodeficiency virus 1,7AHX,Capsid Protein
Human immunodeficiency virus 1,7AHX,Polymerase
Human immunodeficiency virus 1,7AHX,Reverse Transcriptase
Human immunodeficiency virus 1,7AID,Capsid Protein
Human immunodeficiency virus 1,7AID,Polymerase
Human immunodeficiency virus 1,7AID,Reverse Transcriptase
Human immunodeficiency virus 1,7AIF,Capsid Protein
Human immunodeficiency virus 1,7AIF,Polymerase
Human immunodeficiency virus 1,7AIF,Reverse Transcriptase
Human immunodeficiency virus 1,7AIG,Capsid Protein
Human immunodeficiency virus 1,7AIG,Polymerase
Human immunodeficiency virus 1,7AIG,Reverse Transcriptase
Human immunodeficiency virus 1,7AII,Capsid Protein
Human immunodeficiency virus 1,7AII,Polymerase
Human immunodeficiency virus 1,7AII,Reverse Transcriptase
Human immunodeficiency virus 1,7AIJ,Capsid Protein
Human immunodeficiency virus 1,7AIJ,Polymerase
Human immunodeficiency virus 1,7AIJ,Reverse Transcriptase
Human immunodeficiency virus 1,7ASH,Capsid Protein
Human immunodeficiency virus 1,7ASL,Capsid Protein
Human immunodeficiency virus 1,7D83,Integrase
Human immunodeficiency virus 1,7DBM,Protease
Human immunodeficiency virus 1,7DBM,Polymerase
Human immunodeficiency virus 1,7DBM,Reverse Transcriptase
Human immunodeficiency virus 1,7DBN,Polymerase
Human immunodeficiency virus 1,7DBN,Reverse Transcriptase
Human immunodeficiency virus 1,7DOZ,Protease
Human immunodeficiency virus 1,7DPQ,Protease
Human immunodeficiency virus 1,7DT9,Protease
Human immunodeficiency virus 1,7DZM,Capsid Protein
Human immunodeficiency virus 1,7DZN,Capsid Protein
Human immunodeficiency virus 1,7E1I,Capsid Protein
Human immunodeficiency virus 1,7E1I,Matrix Protein
Human immunodeficiency virus 1,7E1I,Nucleocapsid Protein
Human immunodeficiency virus 1,7E1J,Capsid Protein
Human immunodeficiency virus 1,7E1J,Matrix Protein
Human immunodeficiency virus 1,7E1J,Nucleocapsid Protein
Human immunodeficiency virus 1,7E1K,Capsid Protein
Human immunodeficiency virus 1,7E1K,Matrix Protein
Human immunodeficiency virus 1,7E1K,Nucleocapsid Protein
Human immunodeficiency virus 1,7EKB,Envelope Protein/Glycoprotein
Human immunodeficiency virus 1,7EKK,Envelope Protein/Glycoprotein
Human immunodeficiency virus 1,7FF1,Envelope Protein/Glycoprotein
Human immunodeficiency virus 1,7FJN,Envelope Protein/Glycoprotein
Human immunodeficiency virus 1,7FJN,Spike Protein
Human immunodeficiency virus 1,7HVP,Protease
Human immunodeficiency virus 1,7JKS,Envelope Protein/Glycoprotein
Human immunodeficiency virus 1,7JKT,Envelope Protein/Glycoprotein
Human immunodeficiency virus 1,7JXR,Capsid Protein
Human immunodeficiency virus 1,7JXR,Matrix Protein
Human immunodeficiency virus 1,7JXS,Capsid Protein
Human immunodeficiency virus 1,7JXS,Matrix Protein
Human immunodeficiency virus 1,7KC1,Envelope Protein/Glycoprotein
Human immunodeficiency virus 1,7KC1,Fusion Protein
Human immunodeficiency virus 1,7KC1,Hemagglutinin
Human immunodeficiency virus 1,7KDE,Envelope Protein/Glycoprotein
Human immunodeficiency virus 1,7KE0,Integrase
Human immunodeficiency virus 1,7KJV,Capsid Protein
Human immunodeficiency virus 1,7KJV,Polymerase
Human immunodeficiency virus 1,7KJV,Reverse Transcriptase
Human immunodeficiency virus 1,7KJW,Capsid Protein
Human immunodeficiency virus 1,7KJW,Polymerase
Human immunodeficiency virus 1,7KJW,Reverse Transcriptase
Human immunodeficiency virus 1,7KJX,Capsid Protein
Human immunodeficiency virus 1,7KJX,Polymerase
Human immunodeficiency virus 1,7KJX,Reverse Transcriptase
Human immunodeficiency virus 1,7KLC,Envelope Protein/Glycoprotein
Human immunodeficiency virus 1,7KMD,Envelope Protein/Glycoprotein
Human immunodeficiency virus 1,7KRC,Capsid Protein
Human immunodeficiency virus 1,7KRC,Polymerase
Human immunodeficiency virus 1,7KRC,Reverse Transcriptase
Human immunodeficiency virus 1,7KRD,Capsid Protein
Human immunodeficiency virus 1,7KRD,Polymerase
Human immunodeficiency virus 1,7KRD,Reverse Transcriptase
Human immunodeficiency virus 1,7KRE,Capsid Protein
Human immunodeficiency virus 1,7KRE,Polymerase
Human immunodeficiency virus 1,7KRE,Reverse Transcriptase
Human immunodeficiency virus 1,7KRF,Capsid Protein
Human immunodeficiency virus 1,7KRF,Polymerase
Human immunodeficiency virus 1,7KRF,Reverse Transcriptase
Human immunodeficiency virus 1,7KWU,Reverse Transcriptase
Human immunodeficiency virus 1,7L1P,Integrase
Human immunodeficiency virus 1,7L23,Integrase
Human immunodeficiency virus 1,7L2Y,Integrase
Human immunodeficiency virus 1,7L6O,Envelope Protein/Glycoprotein
Human immunodeficiency virus 1,7L7F,Envelope Protein/Glycoprotein
Human immunodeficiency virus 1,7L7F,Spike Protein
Human immunodeficiency virus 1,7L7F,Protease
Human immunodeficiency virus 1,7L7T,Envelope Protein/Glycoprotein
Human immunodeficiency virus 1,7L7U,Envelope Protein/Glycoprotein
Human immunodeficiency virus 1,7L85,Envelope Protein/Glycoprotein
Human immunodeficiency virus 1,7L86,Envelope Protein/Glycoprotein
Human immunodeficiency virus 1,7L87,Envelope Protein/Glycoprotein
Human immunodeficiency virus 1,7L88,Envelope Protein/Glycoprotein
Human immunodeficiency virus 1,7L89,Envelope Protein/Glycoprotein
Human immunodeficiency virus 1,7L8A,Envelope Protein/Glycoprotein
Human immunodeficiency virus 1,7L8B,Envelope Protein/Glycoprotein
Human immunodeficiency virus 1,7L8C,Envelope Protein/Glycoprotein
Human immunodeficiency virus 1,7L8D,Envelope Protein/Glycoprotein
Human immunodeficiency virus 1,7L8E,Envelope Protein/Glycoprotein
Human immunodeficiency virus 1,7L8F,Envelope Protein/Glycoprotein
Human immunodeficiency virus 1,7L8G,Envelope Protein/Glycoprotein
Human immunodeficiency virus 1,7L8S,Envelope Protein/Glycoprotein
Human immunodeficiency virus 1,7L8T,Envelope Protein/Glycoprotein
Human immunodeficiency virus 1,7L8U,Envelope Protein/Glycoprotein
Human immunodeficiency virus 1,7L8W,Envelope Protein/Glycoprotein
Human immunodeficiency virus 1,7L8X,Envelope Protein/Glycoprotein
Human immunodeficiency virus 1,7L8Y,Envelope Protein/Glycoprotein
Human immunodeficiency virus 1,7L8Z,Envelope Protein/Glycoprotein
Human immunodeficiency virus 1,7L90,Envelope Protein/Glycoprotein
Human immunodeficiency virus 1,7LDY,Protease
Human immunodeficiency virus 1,7LDZ,Protease
Human immunodeficiency virus 1,7LE0,Protease
Human immunodeficiency virus 1,7LE1,Protease
Human immunodeficiency virus 1,7LE2,Protease
Human immunodeficiency virus 1,7LE3,Protease
Human immunodeficiency virus 1,7LE4,Protease
Human immunodeficiency virus 1,7LE5,Protease
Human immunodeficiency virus 1,7LE6,Protease
Human immunodeficiency virus 1,7LE7,Protease
Human immunodeficiency virus 1,7LE8,Protease
Human immunodeficiency virus 1,7LE9,Protease
Human immunodeficiency virus 1,7LEA,Protease
Human immunodeficiency virus 1,7LEB,Protease
Human immunodeficiency virus 1,7LEC,Protease
Human immunodeficiency virus 1,7LED,Protease
Human immunodeficiency virus 1,7LEE,Protease
Human immunodeficiency virus 1,7LEF,Protease
Human immunodeficiency virus 1,7LEG,Protease
Human immunodeficiency virus 1,7LEH,Protease
Human immunodeficiency virus 1,7LEI,Protease
Human immunodeficiency virus 1,7LG6,Envelope Protein/Glycoprotein
Human immunodeficiency virus 1,7LL1,Envelope Protein/Glycoprotein
Human immunodeficiency virus 1,7LL2,Envelope Protein/Glycoprotein
Human immunodeficiency virus 1,7LLK,Envelope Protein/Glycoprotein
Human immunodeficiency virus 1,7LO6,Envelope Protein/Glycoprotein
Human immunodeficiency virus 1,7LOH,Envelope Protein/Glycoprotein
Human immunodeficiency virus 1,7LOH,Fusion Protein
Human immunodeficiency virus 1,7LOH,Transmembrane Protein
Human immunodeficiency virus 1,7LOI,Envelope Protein/Glycoprotein
Human immunodeficiency virus 1,7LOI,Fusion Protein
Human immunodeficiency virus 1,7LOI,Transmembrane Protein
Human immunodeficiency virus 1,7LOK,Envelope Protein/Glycoprotein
Human immunodeficiency virus 1,7LPN,Envelope Protein/Glycoprotein
Human immunodeficiency virus 1,7LPW,Envelope Protein/Glycoprotein
Human immunodeficiency virus 1,7LPW,Reverse Transcriptase
Human immunodeficiency virus 1,7LPX,Envelope Protein/Glycoprotein
Human immunodeficiency virus 1,7LPX,Reverse Transcriptase
Human immunodeficiency virus 1,7LQP,Integrase
Human immunodeficiency virus 1,7LQU,Envelope Protein/Glycoprotein
Human immunodeficiency virus 1,7LQU,Reverse Transcriptase
Human immunodeficiency virus 1,7LRI,Reverse Transcriptase
Human immunodeficiency virus 1,7LRM,Reverse Transcriptase
Human immunodeficiency virus 1,7LRX,Reverse Transcriptase
Human immunodeficiency virus 1,7LRY,Reverse Transcriptase
Human immunodeficiency virus 1,7LSK,Reverse Transcriptase
Human immunodeficiency virus 1,7LU9,Envelope Protein/Glycoprotein
Human immunodeficiency virus 1,7LUA,Envelope Protein/Glycoprotein
Human immunodeficiency virus 1,7LUA,Transmembrane Protein
Human immunodeficiency virus 1,7LX2,Envelope Protein/Glycoprotein
Human immunodeficiency virus 1,7LX3,Envelope Protein/Glycoprotein
Human immunodeficiency virus 1,7LXM,Envelope Protein/Glycoprotein
Human immunodeficiency virus 1,7LXN,Envelope Protein/Glycoprotein
Human immunodeficiency virus 1,7LY9,Envelope Protein/Glycoprotein
Human immunodeficiency virus 1,7M9F,Capsid Protein
Human immunodeficiency virus 1,7M9G,Capsid Protein
Human immunodeficiency virus 1,7M9G,Protease
Human immunodeficiency virus 1,7M9H,Capsid Protein
Human immunodeficiency virus 1,7M9H,Protease
Human immunodeficiency virus 1,7M9I,Capsid Protein
Human immunodeficiency virus 1,7M9I,Protease
Human immunodeficiency virus 1,7M9J,Capsid Protein
Human immunodeficiency virus 1,7M9J,Protease
Human immunodeficiency virus 1,7M9K,Capsid Protein
Human immunodeficiency virus 1,7M9K,Protease
Human immunodeficiency virus 1,7M9L,Capsid Protein
Human immunodeficiency virus 1,7M9L,Protease
Human immunodeficiency virus 1,7M9M,Capsid Protein
Human immunodeficiency virus 1,7M9M,Protease
Human immunodeficiency virus 1,7M9N,Capsid Protein
Human immunodeficiency virus 1,7M9N,Protease
Human immunodeficiency virus 1,7M9O,Capsid Protein
Human immunodeficiency virus 1,7M9O,Protease
Human immunodeficiency virus 1,7M9P,Capsid Protein
Human immunodeficiency virus 1,7M9P,Protease
Human immunodeficiency virus 1,7M9Q,Capsid Protein
Human immunodeficiency virus 1,7M9Q,Protease
Human immunodeficiency virus 1,7M9R,Capsid Protein
Human immunodeficiency virus 1,7M9R,Protease
Human immunodeficiency virus 1,7M9S,Capsid Protein
Human immunodeficiency virus 1,7M9S,Protease
Human immunodeficiency virus 1,7M9T,Capsid Protein
Human immunodeficiency virus 1,7M9T,Protease
Human immunodeficiency virus 1,7M9U,Capsid Protein
Human immunodeficiency virus 1,7M9U,Protease
Human immunodeficiency virus 1,7M9V,Capsid Protein
Human immunodeficiency virus 1,7M9V,Protease
Human immunodeficiency virus 1,7M9W,Capsid Protein
Human immunodeficiency virus 1,7M9W,Protease
Human immunodeficiency virus 1,7M9X,Capsid Protein
Human immunodeficiency virus 1,7M9X,Protease
Human immunodeficiency virus 1,7M9Z,Capsid Protein
Human immunodeficiency virus 1,7M9Z,Protease
Human immunodeficiency virus 1,7MA0,Capsid Protein
Human immunodeficiency virus 1,7MA0,Protease
Human immunodeficiency virus 1,7MA1,Capsid Protein
Human immunodeficiency virus 1,7MA1,Protease
Human immunodeficiency virus 1,7MA2,Capsid Protein
Human immunodeficiency virus 1,7MA2,Protease
Human immunodeficiency virus 1,7MA3,Capsid Protein
Human immunodeficiency virus 1,7MA3,Protease
Human immunodeficiency virus 1,7MA4,Capsid Protein
Human immunodeficiency virus 1,7MA4,Protease
Human immunodeficiency virus 1,7MA5,Capsid Protein
Human immunodeficiency virus 1,7MA5,Protease
Human immunodeficiency virus 1,7MA6,Capsid Protein
Human immunodeficiency virus 1,7MA6,Protease
Human immunodeficiency virus 1,7MA7,Capsid Protein
Human immunodeficiency virus 1,7MA7,Protease
Human immunodeficiency virus 1,7MA8,Capsid Protein
Human immunodeficiency virus 1,7MA8,Protease
Human immunodeficiency virus 1,7MA9,Capsid Protein
Human immunodeficiency virus 1,7MA9,Protease
Human immunodeficiency virus 1,7MAA,Capsid Protein
Human immunodeficiency virus 1,7MAA,Protease
Human immunodeficiency virus 1,7MAB,Capsid Protein
Human immunodeficiency virus 1,7MAB,Protease
Human immunodeficiency virus 1,7MAC,Capsid Protein
Human immunodeficiency virus 1,7MAC,Protease
Human immunodeficiency virus 1,7MAD,Capsid Protein
Human immunodeficiency virus 1,7MAD,Protease
Human immunodeficiency virus 1,7MAE,Capsid Protein
Human immunodeficiency virus 1,7MAE,Protease
Human immunodeficiency virus 1,7MAF,Capsid Protein
Human immunodeficiency virus 1,7MAF,Protease
Human immunodeficiency virus 1,7MAG,Capsid Protein
Human immunodeficiency virus 1,7MAG,Protease
Human immunodeficiency virus 1,7MAH,Capsid Protein
Human immunodeficiency virus 1,7MAH,Protease
Human immunodeficiency virus 1,7MAI,Capsid Protein
Human immunodeficiency virus 1,7MAI,Protease
Human immunodeficiency virus 1,7MAJ,Capsid Protein
Human immunodeficiency virus 1,7MAJ,Protease
Human immunodeficiency virus 1,7MAK,Capsid Protein
Human immunodeficiency virus 1,7MAK,Protease
Human immunodeficiency virus 1,7MAL,Capsid Protein
Human immunodeficiency virus 1,7MAL,Protease
Human immunodeficiency virus 1,7MAN,Capsid Protein
Human immunodeficiency virus 1,7MAN,Protease
Human immunodeficiency virus 1,7MAO,Capsid Protein
Human immunodeficiency virus 1,7MAO,Protease
Human immunodeficiency virus 1,7MAP,Capsid Protein
Human immunodeficiency virus 1,7MAP,Protease
Human immunodeficiency virus 1,7MAQ,Capsid Protein
Human immunodeficiency virus 1,7MAQ,Protease
Human immunodeficiency virus 1,7MAR,Capsid Protein
Human immunodeficiency virus 1,7MAR,Protease
Human immunodeficiency virus 1,7MAS,Capsid Protein
Human immunodeficiency virus 1,7MAS,Protease
Human immunodeficiency virus 1,7MDT,Envelope Protein/Glycoprotein
Human immunodeficiency virus 1,7MDT,Transmembrane Protein
Human immunodeficiency virus 1,7MDU,Envelope Protein/Glycoprotein
Human immunodeficiency virus 1,7MDU,Transmembrane Protein
Human immunodeficiency virus 1,7MKC,Capsid Protein
Human immunodeficiency virus 1,7MN0,Capsid Protein
Human immunodeficiency virus 1,7MPG,Envelope Protein/Glycoprotein
Human immunodeficiency virus 1,7MRL,Ribonucleoprotein
Human immunodeficiency virus 1,7MRL,Nucleoprotein
Human immunodeficiency virus 1,7MRL,Matrix Protein
Human immunodeficiency virus 1,7MRL,Capsid Protein
Human immunodeficiency virus 1,7MRL,Nucleocapsid Protein
Human immunodeficiency virus 1,7MXD,Envelope Protein/Glycoprotein
Human immunodeficiency virus 1,7MXE,Envelope Protein/Glycoprotein
Human immunodeficiency virus 1,7MYP,Protease
Human immunodeficiency virus 1,7MYY,Protease
Human immunodeficiency virus 1,7N05,Envelope Protein/Glycoprotein
Human immunodeficiency virus 1,7N08,Envelope Protein/Glycoprotein
Human immunodeficiency virus 1,7N0X,Envelope Protein/Glycoprotein
Human immunodeficiency virus 1,7N28,Envelope Protein/Glycoprotein
Human immunodeficiency virus 1,7N65,Envelope Protein/Glycoprotein
Human immunodeficiency virus 1,7N6T,Capsid Protein
Human immunodeficiency virus 1,7N6T,Protease
Human immunodeficiency virus 1,7N6U,Envelope Protein/Glycoprotein
Human immunodeficiency virus 1,7N6V,Capsid Protein
Human immunodeficiency virus 1,7N6V,Protease
Human immunodeficiency virus 1,7N6W,Envelope Protein/Glycoprotein
Human immunodeficiency virus 1,7N6X,Capsid Protein
Human immunodeficiency virus 1,7N6X,Protease
Human immunodeficiency virus 1,7N8Q,Envelope Protein/Glycoprotein
Human immunodeficiency virus 1,7N9U,Capsid Protein
Human immunodeficiency virus 1,7N9V,Capsid Protein
Human immunodeficiency virus 1,7N9X,Capsid Protein
Human immunodeficiency virus 1,7NDQ,Capsid Protein
Human immunodeficiency virus 1,7NDQ,Matrix Protein
Human immunodeficiency virus 1,7NDQ,Nucleocapsid Protein
Human immunodeficiency virus 1,7NDU,Capsid Protein
Human immunodeficiency virus 1,7OT6,Capsid Protein
Human immunodeficiency virus 1,7OT6,Reverse Transcriptase
Human immunodeficiency virus 1,7OTA,Capsid Protein
Human immunodeficiency virus 1,7OTA,Reverse Transcriptase
Human immunodeficiency virus 1,7OTK,Capsid Protein
Human immunodeficiency virus 1,7OTK,Reverse Transcriptase
Human immunodeficiency virus 1,7OTN,Capsid Protein
Human immunodeficiency virus 1,7OTN,Reverse Transcriptase
Human immunodeficiency virus 1,7OTX,Capsid Protein
Human immunodeficiency virus 1,7OTX,Reverse Transcriptase
Human immunodeficiency virus 1,7OTZ,Capsid Protein
Human immunodeficiency virus 1,7OTZ,Reverse Transcriptase
Human immunodeficiency virus 1,7OUT,Capsid Protein
Human immunodeficiency virus 1,7OUT,Reverse Transcriptase
Human immunodeficiency virus 1,7OVQ,Capsid Protein
Human immunodeficiency virus 1,7OVQ,Protease
Human immunodeficiency virus 1,7OVR,Capsid Protein
Human immunodeficiency virus 1,7OXQ,Capsid Protein
Human immunodeficiency virus 1,7OXQ,Reverse Transcriptase
Human immunodeficiency virus 1,7OZ2,Capsid Protein
Human immunodeficiency virus 1,7OZ2,Reverse Transcriptase
Human immunodeficiency virus 1,7OZ5,Capsid Protein
Human immunodeficiency virus 1,7OZ5,Reverse Transcriptase
Human immunodeficiency virus 1,7OZW,Capsid Protein
Human immunodeficiency virus 1,7OZW,Reverse Transcriptase
Human immunodeficiency virus 1,7P15,Capsid Protein
Human immunodeficiency virus 1,7P15,Reverse Transcriptase
Human immunodeficiency virus 1,7P3O,Capsid Protein
Human immunodeficiency virus 1,7P3O,Accessory Proteins
Human immunodeficiency virus 1,7PKS,Accessory Proteins
Human immunodeficiency virus 1,7PKS,Polymerase
Human immunodeficiency virus 1,7QDF,Capsid Protein
Human immunodeficiency virus 1,7R73,Envelope Protein/Glycoprotein
Human immunodeficiency virus 1,7R74,Envelope Protein/Glycoprotein
Human immunodeficiency virus 1,7R7P,Capsid Protein
Human immunodeficiency virus 1,7R7Q,Capsid Protein
Human immunodeficiency virus 1,7R7V,Capsid Protein
Human immunodeficiency virus 1,7R7W,Capsid Protein
Human immunodeficiency virus 1,7R7X,Capsid Protein
Human immunodeficiency virus 1,7R7Y,Capsid Protein
Human immunodeficiency virus 1,7RAI,Envelope Protein/Glycoprotein
Human immunodeficiency virus 1,7RAO,Capsid Protein
Human immunodeficiency virus 1,7RAR,Capsid Protein
Human immunodeficiency virus 1,7RDW,Envelope Protein/Glycoprotein
Human immunodeficiency virus 1,7RHM,Capsid Protein
Human immunodeficiency virus 1,7RHN,Capsid Protein
Human immunodeficiency virus 1,7RI1,Envelope Protein/Glycoprotein
Human immunodeficiency virus 1,7RI2,Envelope Protein/Glycoprotein
Human immunodeficiency virus 1,7RJ2,Capsid Protein
Human immunodeficiency virus 1,7RJ4,Capsid Protein
Human immunodeficiency virus 1,7RMJ,Capsid Protein
Human immunodeficiency virus 1,7RMM,Capsid Protein
Human immunodeficiency virus 1,7RQ0,Integrase
Human immunodeficiency virus 1,7RSN,Envelope Protein/Glycoprotein
Human immunodeficiency virus 1,7RSO,Envelope Protein/Glycoprotein
Human immunodeficiency virus 1,7RSX,Envelope Protein/Glycoprotein
Human immunodeficiency virus 1,7RSY,Envelope Protein/Glycoprotein
Human immunodeficiency virus 1,7RSZ,Envelope Protein/Glycoprotein
Human immunodeficiency virus 1,7SEP,Capsid Protein
Human immunodeficiency virus 1,7SIA,Integrase
Human immunodeficiency virus 1,7SIF,Reverse Transcriptase
Human immunodeficiency virus 1,7SIG,Reverse Transcriptase
Human immunodeficiency virus 1,7SIH,Reverse Transcriptase
Human immunodeficiency virus 1,7SJX,Capsid Protein
Human immunodeficiency virus 1,7SJX,Protease
Human immunodeficiency virus 1,7SJX,Reverse Transcriptase
Human immunodeficiency virus 1,7SKA,Envelope Protein/Glycoprotein
Human immunodeficiency virus 1,7SKA,Capsid Protein
Human immunodeficiency virus 1,7SLR,Capsid Protein
Human immunodeficiency virus 1,7SLR,Reverse Transcriptase
Human immunodeficiency virus 1,7SLS,Capsid Protein
Human immunodeficiency virus 1,7SLS,Reverse Transcriptase
Human immunodeficiency virus 1,7SNL,Capsid Protein
Human immunodeficiency virus 1,7SNN,Capsid Protein
Human immunodeficiency virus 1,7SNP,Capsid Protein
Human immunodeficiency virus 1,7SNP,Polymerase
Human immunodeficiency virus 1,7SNP,Reverse Transcriptase
Human immunodeficiency virus 1,7SNQ,Capsid Protein
Human immunodeficiency virus 1,7SNZ,Capsid Protein
Human immunodeficiency virus 1,7SNZ,Polymerase
Human immunodeficiency virus 1,7SNZ,Reverse Transcriptase
Human immunodeficiency virus 1,7SO1,Capsid Protein
Human immunodeficiency virus 1,7SO1,Polymerase
Human immunodeficiency virus 1,7SO1,Reverse Transcriptase
Human immunodeficiency virus 1,7SO2,Capsid Protein
Human immunodeficiency virus 1,7SO2,Polymerase
Human immunodeficiency virus 1,7SO2,Reverse Transcriptase
Human immunodeficiency virus 1,7SO3,Capsid Protein
Human immunodeficiency virus 1,7SO3,Polymerase
Human immunodeficiency virus 1,7SO3,Reverse Transcriptase
Human immunodeficiency virus 1,7SO4,Capsid Protein
Human immunodeficiency virus 1,7SO4,Reverse Transcriptase
Human immunodeficiency virus 1,7SO6,Capsid Protein
Human immunodeficiency virus 1,7SO6,Reverse Transcriptase
Human immunodeficiency virus 1,7SQ1,Envelope Protein/Glycoprotein
Human immunodeficiency virus 1,7SQ1,Transmembrane Protein
Human immunodeficiency virus 1,7SX6,Envelope Protein/Glycoprotein
Human immunodeficiency virus 1,7SX7,Envelope Protein/Glycoprotein
Human immunodeficiency virus 1,7T12,Capsid Protein
Human immunodeficiency virus 1,7T13,Capsid Protein
Human immunodeficiency virus 1,7T1O,Accessory Proteins
Human immunodeficiency virus 1,7T1P,Accessory Proteins
Human immunodeficiency virus 1,7T73,Envelope Protein/Glycoprotein
Human immunodeficiency virus 1,7T74,Envelope Protein/Glycoprotein
Human immunodeficiency virus 1,7T75,Envelope Protein/Glycoprotein
Human immunodeficiency virus 1,7T76,Envelope Protein/Glycoprotein
Human immunodeficiency virus 1,7T77,Envelope Protein/Glycoprotein
Human immunodeficiency virus 1,7T9A,Envelope Protein/Glycoprotein
Human immunodeficiency virus 1,7T9B,Envelope Protein/Glycoprotein
Human immunodeficiency virus 1,7T9H,Integrase
Human immunodeficiency virus 1,7T9O,Integrase
Human immunodeficiency virus 1,7T9T,Envelope Protein/Glycoprotein
Human immunodeficiency virus 1,7T9T,Transmembrane Protein
Human immunodeficiency virus 1,7TAZ,Polymerase
Human immunodeficiency virus 1,7TAZ,Reverse Transcriptase
Human immunodeficiency virus 1,7TBP,Capsid Protein
Human immunodeficiency virus 1,7TBP,Matrix Protein
Human immunodeficiency virus 1,7TBP,Nucleocapsid Protein
Human immunodeficiency virus 1,7TCN,Envelope Protein/Glycoprotein
Human immunodeficiency virus 1,7TCN,Transmembrane Protein
Human immunodeficiency virus 1,7TCO,Envelope Protein/Glycoprotein
Human immunodeficiency virus 1,7TCO,Transmembrane Protein
Human immunodeficiency virus 1,7TFN,Envelope Protein/Glycoprotein
Human immunodeficiency virus 1,7TFO,Envelope Protein/Glycoprotein
Human immunodeficiency virus 1,7TJO,Envelope Protein/Glycoprotein
Human immunodeficiency virus 1,7TJP,Envelope Protein/Glycoprotein
Human immunodeficiency virus 1,7TO5,Protease
Human immunodeficiency virus 1,7TO6,Protease
Human immunodeficiency virus 1,7TXD,Envelope Protein/Glycoprotein
Human immunodeficiency virus 1,7U2U,Integrase
Human immunodeficiency virus 1,7U5Z,Capsid Protein
Human immunodeficiency virus 1,7U5Z,Reverse Transcriptase
Human immunodeficiency virus 1,7UCF,Envelope Protein/Glycoprotein
Human immunodeficiency virus 1,7UCG,Envelope Protein/Glycoprotein
Human immunodeficiency virus 1,7UE1,Integrase
Human immunodeficiency virus 1,7UGN,Envelope Protein/Glycoprotein
Human immunodeficiency virus 1,7UGO,Envelope Protein/Glycoprotein
Human immunodeficiency virus 1,7UGP,Envelope Protein/Glycoprotein
Human immunodeficiency virus 1,7UGQ,Envelope Protein/Glycoprotein
Human immunodeficiency virus 1,7UOJ,Envelope Protein/Glycoprotein
Human immunodeficiency virus 1,7UOQ,Integrase
Human immunodeficiency virus 1,7UPJ,Protease
Human immunodeficiency virus 1,7UR6,Envelope Protein/Glycoprotein
Human immunodeficiency virus 1,7URN,Capsid Protein
Human immunodeficiency virus 1,7URT,Capsid Protein
Human immunodeficiency virus 1,7V7C,Accessory Proteins
Human immunodeficiency virus 1,7WBS,Protease
Human immunodeficiency virus 1,7WCE,Integrase
Human immunodeficiency virus 1,7WJ2,Capsid Protein
Human immunodeficiency virus 1,7XIS,RNAse H
Human immunodeficiency virus 1,7XIS,Reverse Transcriptase
Human immunodeficiency virus 1,7XIT,RNAse H
Human immunodeficiency virus 1,7XIT,Reverse Transcriptase
Human immunodeficiency virus 1,7XIU,RNAse H
Human immunodeficiency virus 1,7XIU,Reverse Transcriptase
Human immunodeficiency virus 1,7XJ4,RNAse H
Human immunodeficiency virus 1,7XJ4,Reverse Transcriptase
Human immunodeficiency virus 1,7XJ5,RNAse H
Human immunodeficiency virus 1,7XJ5,Reverse Transcriptase
Human immunodeficiency virus 1,7XJ7,RNAse H
Human immunodeficiency virus 1,7XJ7,Reverse Transcriptase
Human immunodeficiency virus 1,7YF6,Protease
Human immunodeficiency virus 1,7Z24,Capsid Protein
Human immunodeficiency virus 1,7Z24,Reverse Transcriptase
Human immunodeficiency virus 1,7Z29,Capsid Protein
Human immunodeficiency virus 1,7Z29,Reverse Transcriptase
Human immunodeficiency virus 1,7Z2D,Capsid Protein
Human immunodeficiency virus 1,7Z2D,Reverse Transcriptase
Human immunodeficiency virus 1,7Z2E,Capsid Protein
Human immunodeficiency virus 1,7Z2E,Reverse Transcriptase
Human immunodeficiency virus 1,7Z2G,Capsid Protein
Human immunodeficiency virus 1,7Z2G,Reverse Transcriptase
Human immunodeficiency virus 1,7Z2H,Capsid Protein
Human immunodeficiency virus 1,7Z2H,Reverse Transcriptase
Human immunodeficiency virus 1,7Z3A,Envelope Protein/Glycoprotein
Human immunodeficiency virus 1,7Z7C,Envelope Protein/Glycoprotein
Human immunodeficiency virus 1,7ZLK,Envelope Protein/Glycoprotein
Human immunodeficiency virus 1,7ZUD,Capsid Protein
Human immunodeficiency virus 1,8A1P,Integrase
Human immunodeficiency virus 1,8A1P,Capsid Protein
Human immunodeficiency virus 1,8A1Q,Integrase
Human immunodeficiency virus 1,8A1Q,Capsid Protein
Human immunodeficiency virus 1,8A8N,Capsid Protein
Human immunodeficiency virus 1,8A8N,VP Proteins
Human immunodeficiency virus 1,8AED,Envelope Protein/Glycoprotein
Human immunodeficiency virus 1,8B6X,Envelope Protein/Glycoprotein
Human immunodeficiency virus 1,8B6Y,Envelope Protein/Glycoprotein
Human immunodeficiency virus 1,8BUV,Integrase
Human immunodeficiency virus 1,8BUV,Capsid Protein
Human immunodeficiency virus 1,8BV2,Integrase
Human immunodeficiency virus 1,8BV2,Capsid Protein
Human immunodeficiency virus 1,8C8T,Envelope Protein/Glycoprotein
Human immunodeficiency virus 1,8CBR,Integrase
Human immunodeficiency virus 1,8CBR,Capsid Protein
Human immunodeficiency virus 1,8CBS,Integrase
Human immunodeficiency virus 1,8CBS,Capsid Protein
Human immunodeficiency virus 1,8CBT,Integrase
Human immunodeficiency virus 1,8CBT,Capsid Protein
Human immunodeficiency virus 1,8CBU,Integrase
Human immunodeficiency virus 1,8CBU,Capsid Protein
Human immunodeficiency virus 1,8CBV,Integrase
Human immunodeficiency virus 1,8CBV,Capsid Protein
Human immunodeficiency virus 1,8CCW,Accessory Proteins
Human immunodeficiency virus 1,8CCZ,Accessory Proteins
Human immunodeficiency virus 1,8CI7,Protease
Human immunodeficiency virus 1,8CKV,Capsid Protein
Human immunodeficiency virus 1,8CKW,Capsid Protein
Human immunodeficiency virus 1,8CKX,Capsid Protein
Human immunodeficiency virus 1,8CKY,Capsid Protein
Human immunodeficiency virus 1,8CKZ,Capsid Protein
Human immunodeficiency virus 1,8CL0,Capsid Protein
Human immunodeficiency virus 1,8CL1,Capsid Protein
Human immunodeficiency virus 1,8CL2,Capsid Protein
Human immunodeficiency virus 1,8CL3,Capsid Protein
Human immunodeficiency virus 1,8CL4,Capsid Protein
Human immunodeficiency virus 1,8CT5,Integrase
Human immunodeficiency virus 1,8CT7,Integrase
Human immunodeficiency virus 1,8CTA,Integrase
Human immunodeficiency virus 1,8CX0,Polymerase
Human immunodeficiency virus 1,8CX1,Polymerase
Human immunodeficiency virus 1,8CX2,Polymerase
Human immunodeficiency virus 1,8CZZ,Envelope Protein/Glycoprotein
Human immunodeficiency virus 1,8D0Y,Envelope Protein/Glycoprotein
Human immunodeficiency virus 1,8D3B,Capsid Protein
Human immunodeficiency virus 1,8D3S,Integrase
Human immunodeficiency virus 1,8D4R,Envelope Protein/Glycoprotein
Human immunodeficiency virus 1,8D50,Envelope Protein/Glycoprotein
Human immunodeficiency virus 1,8D53,Envelope Protein/Glycoprotein
Human immunodeficiency virus 1,8D5C,Envelope Protein/Glycoprotein
Human immunodeficiency virus 1,8DCH,Capsid Protein
Human immunodeficiency virus 1,8DCH,Protease
Human immunodeficiency virus 1,8DCI,Capsid Protein
Human immunodeficiency virus 1,8DCI,Protease
Human immunodeficiency virus 1,8DCQ,Envelope Protein/Glycoprotein
Human immunodeficiency virus 1,8DOK,Envelope Protein/Glycoprotein
Human immunodeficiency virus 1,8DOW,Envelope Protein/Glycoprotein
Human immunodeficiency virus 1,8DP1,Envelope Protein/Glycoprotein
Human immunodeficiency virus 1,8DX2,Capsid Protein
Human immunodeficiency virus 1,8DX2,Reverse Transcriptase
Human immunodeficiency virus 1,8DX3,Capsid Protein
Human immunodeficiency virus 1,8DX3,Reverse Transcriptase
Human immunodeficiency virus 1,8DX8,Capsid Protein
Human immunodeficiency virus 1,8DX8,Reverse Transcriptase
Human immunodeficiency virus 1,8DXB,Capsid Protein
Human immunodeficiency virus 1,8DXB,Reverse Transcriptase
Human immunodeficiency virus 1,8DXE,Capsid Protein
Human immunodeficiency virus 1,8DXE,Reverse Transcriptase
Human immunodeficiency virus 1,8DXG,Capsid Protein
Human immunodeficiency virus 1,8DXG,Reverse Transcriptase
Human immunodeficiency virus 1,8DXH,Capsid Protein
Human immunodeficiency virus 1,8DXH,Reverse Transcriptase
Human immunodeficiency virus 1,8DXI,Capsid Protein
Human immunodeficiency virus 1,8DXI,Reverse Transcriptase
Human immunodeficiency virus 1,8DXJ,Capsid Protein
Human immunodeficiency virus 1,8DXJ,Reverse Transcriptase
Human immunodeficiency virus 1,8DXK,Capsid Protein
Human immunodeficiency virus 1,8DXK,Reverse Transcriptase
Human immunodeficiency virus 1,8DXL,Capsid Protein
Human immunodeficiency virus 1,8DXL,Reverse Transcriptase
Human immunodeficiency virus 1,8DXM,Capsid Protein
Human immunodeficiency virus 1,8DXM,Reverse Transcriptase
Human immunodeficiency virus 1,8DY6,Envelope Protein/Glycoprotein
Human immunodeficiency virus 1,8E1P,Envelope Protein/Glycoprotein
Human immunodeficiency virus 1,8E40,Ribonucleoprotein
Human immunodeficiency virus 1,8E40,Nucleoprotein
Human immunodeficiency virus 1,8EEP,Capsid Protein
Human immunodeficiency virus 1,8EET,Capsid Protein
Human immunodeficiency virus 1,8EJL,Capsid Protein
Human immunodeficiency virus 1,8ESX,Protease
Human immunodeficiency virus 1,8ESY,Protease
Human immunodeficiency virus 1,8EU8,Envelope Protein/Glycoprotein
Human immunodeficiency virus 1,8EU8,Fusion Protein
Human immunodeficiency virus 1,8EUU,Envelope Protein/Glycoprotein
Human immunodeficiency virus 1,8EUV,Envelope Protein/Glycoprotein
Human immunodeficiency virus 1,8EUW,Envelope Protein/Glycoprotein
Human immunodeficiency virus 1,8F0F,Protease
Human immunodeficiency virus 1,8F22,Capsid Protein
Human immunodeficiency virus 1,8F3A,Envelope Protein/Glycoprotein
Human immunodeficiency virus 1,8F3B,Envelope Protein/Glycoprotein
Human immunodeficiency virus 1,8F5A,Capsid Protein
Human immunodeficiency virus 1,8F7M,Capsid Protein
Human immunodeficiency virus 1,8F7T,Envelope Protein/Glycoprotein
Human immunodeficiency virus 1,8F7Z,Envelope Protein/Glycoprotein
Human immunodeficiency virus 1,8FAD,Envelope Protein/Glycoprotein
Human immunodeficiency virus 1,8FAD,Transmembrane Protein
Human immunodeficiency virus 1,8FAE,Envelope Protein/Glycoprotein
Human immunodeficiency virus 1,8FE8,Reverse Transcriptase
Human immunodeficiency virus 1,8FFX,Capsid Protein
Human immunodeficiency virus 1,8FFX,Reverse Transcriptase
Human immunodeficiency virus 1,8FIS,Envelope Protein/Glycoprotein
Human immunodeficiency virus 1,8FIU,Capsid Protein
Human immunodeficiency virus 1,8FK5,Envelope Protein/Glycoprotein
Human immunodeficiency virus 1,8FL1,Envelope Protein/Glycoprotein
Human immunodeficiency virus 1,8FLW,Envelope Protein/Glycoprotein
Human immunodeficiency virus 1,8FLY,Envelope Protein/Glycoprotein
Human immunodeficiency virus 1,8FLZ,Envelope Protein/Glycoprotein
Human immunodeficiency virus 1,8FM0,Envelope Protein/Glycoprotein
Human immunodeficiency virus 1,8FM2,Envelope Protein/Glycoprotein
Human immunodeficiency virus 1,8FM3,Envelope Protein/Glycoprotein
Human immunodeficiency virus 1,8FM4,Envelope Protein/Glycoprotein
Human immunodeficiency virus 1,8FM5,Envelope Protein/Glycoprotein
Human immunodeficiency virus 1,8FM7,Envelope Protein/Glycoprotein
Human immunodeficiency virus 1,8FM8,Envelope Protein/Glycoprotein
Human immunodeficiency virus 1,8FN7,Integrase
Human immunodeficiency virus 1,8FN7,Nucleoprotein
Human immunodeficiency virus 1,8FN7,Capsid Protein
Human immunodeficiency virus 1,8FND,Integrase
Human immunodeficiency virus 1,8FND,Nucleoprotein
Human immunodeficiency virus 1,8FND,Capsid Protein
Human immunodeficiency virus 1,8FNG,Integrase
Human immunodeficiency virus 1,8FNG,Nucleoprotein
Human immunodeficiency virus 1,8FNG,Capsid Protein
Human immunodeficiency virus 1,8FNH,Integrase
Human immunodeficiency virus 1,8FNH,Nucleoprotein
Human immunodeficiency virus 1,8FNH,Capsid Protein
Human immunodeficiency virus 1,8FNJ,Integrase
Human immunodeficiency virus 1,8FNJ,Nucleoprotein
Human immunodeficiency virus 1,8FNJ,Capsid Protein
Human immunodeficiency virus 1,8FNL,Integrase
Human immunodeficiency virus 1,8FNL,Nucleoprotein
Human immunodeficiency virus 1,8FNL,Capsid Protein
Human immunodeficiency virus 1,8FNM,Integrase
Human immunodeficiency virus 1,8FNM,Nucleoprotein
Human immunodeficiency virus 1,8FNM,Capsid Protein
Human immunodeficiency virus 1,8FNN,Integrase
Human immunodeficiency virus 1,8FNN,Nucleoprotein
Human immunodeficiency virus 1,8FNN,Capsid Protein
Human immunodeficiency virus 1,8FNO,Integrase
Human immunodeficiency virus 1,8FNO,Nucleoprotein
Human immunodeficiency virus 1,8FNO,Capsid Protein
Human immunodeficiency virus 1,8FNP,Integrase
Human immunodeficiency virus 1,8FNP,Nucleoprotein
Human immunodeficiency virus 1,8FNP,Capsid Protein
Human immunodeficiency virus 1,8FNQ,Integrase
Human immunodeficiency virus 1,8FNQ,Nucleoprotein
Human immunodeficiency virus 1,8FNQ,Capsid Protein
Human immunodeficiency virus 1,8FR6,Envelope Protein/Glycoprotein
Human immunodeficiency virus 1,8FUI,Protease
Human immunodeficiency virus 1,8FUJ,Protease
Human immunodeficiency virus 1,8FVI,Polymerase
Human immunodeficiency virus 1,8FVJ,Polymerase
Human immunodeficiency virus 1,8FYI,Envelope Protein/Glycoprotein
Human immunodeficiency virus 1,8FYJ,Envelope Protein/Glycoprotein
Human immunodeficiency virus 1,8FZ2,Envelope Protein/Glycoprotein
Human immunodeficiency virus 1,8FZ2,Transmembrane Protein
Human immunodeficiency virus 1,8G4M,Envelope Protein/Glycoprotein
Human immunodeficiency virus 1,8G4T,Envelope Protein/Glycoprotein
Human immunodeficiency virus 1,8G6K,Capsid Protein
Human immunodeficiency virus 1,8G6L,Capsid Protein
Human immunodeficiency virus 1,8G6M,Capsid Protein
Human immunodeficiency virus 1,8G6N,Capsid Protein
Human immunodeficiency virus 1,8G6O,Capsid Protein
Human immunodeficiency virus 1,8G6U,Envelope Protein/Glycoprotein
Human immunodeficiency virus 1,8G85,Envelope Protein/Glycoprotein
Human immunodeficiency virus 1,8G8A,Envelope Protein/Glycoprotein
Human immunodeficiency virus 1,8G8C,Envelope Protein/Glycoprotein
Human immunodeficiency virus 1,8G8D,Envelope Protein/Glycoprotein
Human immunodeficiency virus 1,8G9W,Envelope Protein/Glycoprotein
Human immunodeficiency virus 1,8G9X,Envelope Protein/Glycoprotein
Human immunodeficiency virus 1,8G9Y,Envelope Protein/Glycoprotein
Human immunodeficiency virus 1,8GAS,Envelope Protein/Glycoprotein
Human immunodeficiency virus 1,8GCZ,Envelope Protein/Glycoprotein
Human immunodeficiency virus 1,8GD0,Envelope Protein/Glycoprotein
Human immunodeficiency virus 1,8GD1,Envelope Protein/Glycoprotein
Human immunodeficiency virus 1,8GD3,Envelope Protein/Glycoprotein
Human immunodeficiency virus 1,8GD5,Envelope Protein/Glycoprotein
Human immunodeficiency virus 1,8GDJ,Envelope Protein/Glycoprotein
Human immunodeficiency virus 1,8GDK,Envelope Protein/Glycoprotein
Human immunodeficiency virus 1,8GDV,Capsid Protein
Human immunodeficiency virus 1,8GJE,Envelope Protein/Glycoprotein
Human immunodeficiency virus 1,8GJT,Envelope Protein/Glycoprotein
Human immunodeficiency virus 1,8GPG,Envelope Protein/Glycoprotein
Human immunodeficiency virus 1,8GPI,Envelope Protein/Glycoprotein
Human immunodeficiency virus 1,8HFX,Envelope Protein/Glycoprotein
Human immunodeficiency virus 1,8HFX,Spike Protein
Human immunodeficiency virus 1,8HVP,Protease
Human immunodeficiency virus 1,8IPG,Envelope Protein/Glycoprotein
Human immunodeficiency virus 1,8JTD,Envelope Protein/Glycoprotein
Human immunodeficiency virus 1,8JTM,Envelope Protein/Glycoprotein
Human immunodeficiency virus 1,8JYH,RNAse H
Human immunodeficiency virus 1,8JYH,Reverse Transcriptase
Human immunodeficiency virus 1,8JYI,RNAse H
Human immunodeficiency virus 1,8JYI,Reverse Transcriptase
Human immunodeficiency virus 1,8JYJ,RNAse H
Human immunodeficiency virus 1,8JYJ,Reverse Transcriptase
Human immunodeficiency virus 1,8QUB,Capsid Protein
Human immunodeficiency virus 1,8QUH,Capsid Protein
Human immunodeficiency virus 1,8QUI,Capsid Protein
Human immunodeficiency virus 1,8QUJ,Capsid Protein
Human immunodeficiency virus 1,8QUK,Capsid Protein
Human immunodeficiency virus 1,8QUL,Capsid Protein
Human immunodeficiency virus 1,8QUW,Capsid Protein
Human immunodeficiency virus 1,8QUX,Capsid Protein
Human immunodeficiency virus 1,8QUY,Capsid Protein
Human immunodeficiency virus 1,8QV1,Capsid Protein
Human immunodeficiency virus 1,8QV4,Capsid Protein
Human immunodeficiency virus 1,8QV9,Capsid Protein
Human immunodeficiency virus 1,8QVA,Capsid Protein
Human immunodeficiency virus 1,8S9Q,Integrase
Human immunodeficiency virus 1,8SAL,Envelope Protein/Glycoprotein
Human immunodeficiency virus 1,8SAN,Envelope Protein/Glycoprotein
Human immunodeficiency virus 1,8SAQ,Envelope Protein/Glycoprotein
Human immunodeficiency virus 1,8SAR,Envelope Protein/Glycoprotein
Human immunodeficiency virus 1,8SAS,Envelope Protein/Glycoprotein
Human immunodeficiency virus 1,8SAT,Envelope Protein/Glycoprotein
Human immunodeficiency virus 1,8SAU,Envelope Protein/Glycoprotein
Human immunodeficiency virus 1,8SAV,Envelope Protein/Glycoprotein
Human immunodeficiency virus 1,8SAW,Envelope Protein/Glycoprotein
Human immunodeficiency virus 1,8SAX,Envelope Protein/Glycoprotein
Human immunodeficiency virus 1,8SAY,Envelope Protein/Glycoprotein
Human immunodeficiency virus 1,8SAZ,Envelope Protein/Glycoprotein
Human immunodeficiency virus 1,8SB0,Envelope Protein/Glycoprotein
Human immunodeficiency virus 1,8SB1,Envelope Protein/Glycoprotein
Human immunodeficiency virus 1,8SB2,Envelope Protein/Glycoprotein
Human immunodeficiency virus 1,8SB3,Envelope Protein/Glycoprotein
Human immunodeficiency virus 1,8SB4,Envelope Protein/Glycoprotein
Human immunodeficiency virus 1,8SB5,Envelope Protein/Glycoprotein
Human immunodeficiency virus 1,8STP,Capsid Protein
Human immunodeficiency virus 1,8STP,Reverse Transcriptase
Human immunodeficiency virus 1,8STQ,Capsid Protein
Human immunodeficiency virus 1,8STQ,Reverse Transcriptase
Human immunodeficiency virus 1,8STR,Capsid Protein
Human immunodeficiency virus 1,8STR,Reverse Transcriptase
Human immunodeficiency virus 1,8STS,Capsid Protein
Human immunodeficiency virus 1,8STS,Reverse Transcriptase
Human immunodeficiency virus 1,8STT,Capsid Protein
Human immunodeficiency virus 1,8STT,Reverse Transcriptase
Human immunodeficiency virus 1,8STU,Capsid Protein
Human immunodeficiency virus 1,8STU,Reverse Transcriptase
Human immunodeficiency virus 1,8STV,Capsid Protein
Human immunodeficiency virus 1,8STV,Reverse Transcriptase
Human immunodeficiency virus 1,8SW3,Envelope Protein/Glycoprotein
Human immunodeficiency virus 1,8SW4,Envelope Protein/Glycoprotein
Human immunodeficiency virus 1,8SW7,Envelope Protein/Glycoprotein
Human immunodeficiency virus 1,8SWV,Envelope Protein/Glycoprotein
Human immunodeficiency virus 1,8SWV,Transmembrane Protein
Human immunodeficiency virus 1,8SWW,Envelope Protein/Glycoprotein
Human immunodeficiency virus 1,8SWW,Transmembrane Protein
Human immunodeficiency virus 1,8SWX,Envelope Protein/Glycoprotein
Human immunodeficiency virus 1,8SWX,Transmembrane Protein
Human immunodeficiency virus 1,8SXI,Envelope Protein/Glycoprotein
Human immunodeficiency virus 1,8SXI,Fusion Protein
Human immunodeficiency virus 1,8SXJ,Envelope Protein/Glycoprotein
Human immunodeficiency virus 1,8SXJ,Fusion Protein
Human immunodeficiency virus 1,8SZK,Polymerase
Human immunodeficiency virus 1,8T2E,Envelope Protein/Glycoprotein
Human immunodeficiency virus 1,8T2E,Transmembrane Protein
Human immunodeficiency virus 1,8T2F,Envelope Protein/Glycoprotein
Human immunodeficiency virus 1,8T2F,Transmembrane Protein
Human immunodeficiency virus 1,8T49,Envelope Protein/Glycoprotein
Human immunodeficiency virus 1,8T4A,Envelope Protein/Glycoprotein
Human immunodeficiency virus 1,8T4B,Envelope Protein/Glycoprotein
Human immunodeficiency virus 1,8T4D,Envelope Protein/Glycoprotein
Human immunodeficiency virus 1,8T4K,Envelope Protein/Glycoprotein
Human immunodeficiency virus 1,8T4L,Envelope Protein/Glycoprotein
Human immunodeficiency virus 1,8T52,Integrase
Human immunodeficiency virus 1,8T5A,Integrase
Human immunodeficiency virus 1,8T5B,Integrase
Human immunodeficiency virus 1,8T5B,Capsid Protein
Human immunodeficiency virus 1,8TDX,Envelope Protein/Glycoprotein
Human immunodeficiency virus 1,8TDX,Transmembrane Protein
Human immunodeficiency virus 1,8TGO,Envelope Protein/Glycoprotein
Human immunodeficiency virus 1,8TGU,Envelope Protein/Glycoprotein
Human immunodeficiency virus 1,8TGW,Envelope Protein/Glycoprotein
Human immunodeficiency virus 1,8TGW,Transmembrane Protein
Human immunodeficiency virus 1,8TJR,Envelope Protein/Glycoprotein
Human immunodeficiency virus 1,8TJS,Envelope Protein/Glycoprotein
Human immunodeficiency virus 1,8TKC,Envelope Protein/Glycoprotein
Human immunodeficiency virus 1,8TKC,Transmembrane Protein
Human immunodeficiency virus 1,8TL2,Envelope Protein/Glycoprotein
Human immunodeficiency virus 1,8TL2,Transmembrane Protein
Human immunodeficiency virus 1,8TL3,Envelope Protein/Glycoprotein
Human immunodeficiency virus 1,8TL4,Envelope Protein/Glycoprotein
Human immunodeficiency virus 1,8TL4,Transmembrane Protein
Human immunodeficiency virus 1,8TL5,Envelope Protein/Glycoprotein
Human immunodeficiency virus 1,8TL5,Transmembrane Protein
Human immunodeficiency virus 1,8TNG,Envelope Protein/Glycoprotein
Human immunodeficiency virus 1,8TNH,Envelope Protein/Glycoprotein
Human immunodeficiency virus 1,8TNI,Envelope Protein/Glycoprotein
Human immunodeficiency virus 1,8TNU,Envelope Protein/Glycoprotein
Human immunodeficiency virus 1,8TNU,Transmembrane Protein
Human immunodeficiency virus 1,8TO7,Envelope Protein/Glycoprotein
Human immunodeficiency virus 1,8TO7,Transmembrane Protein
Human immunodeficiency virus 1,8TOP,Envelope Protein/Glycoprotein
Human immunodeficiency virus 1,8TOV,Capsid Protein
Human immunodeficiency virus 1,8TOV,Matrix Protein
Human immunodeficiency virus 1,8TOX,Envelope Protein/Glycoprotein
Human immunodeficiency virus 1,8TQ1,Envelope Protein/Glycoprotein
Human immunodeficiency virus 1,8TQ1,Transmembrane Protein
Human immunodeficiency virus 1,8TQ7,Envelope Protein/Glycoprotein
Human immunodeficiency virus 1,8TQ7,Transmembrane Protein
Human immunodeficiency virus 1,8TQ8,Envelope Protein/Glycoprotein
Human immunodeficiency virus 1,8TQ8,Transmembrane Protein
Human immunodeficiency virus 1,8TQ9,Envelope Protein/Glycoprotein
Human immunodeficiency virus 1,8TQ9,Transmembrane Protein
Human immunodeficiency virus 1,8TQP,Capsid Protein
Human immunodeficiency virus 1,8TR3,Envelope Protein/Glycoprotein
Human immunodeficiency virus 1,8TR3,Transmembrane Protein
Human immunodeficiency virus 1,8TTW,Envelope Protein/Glycoprotein
Human immunodeficiency virus 1,8TTW,Transmembrane Protein
Human immunodeficiency virus 1,8TY6,Capsid Protein
Human immunodeficiency virus 1,8U1D,Envelope Protein/Glycoprotein
Human immunodeficiency virus 1,8U69,Capsid Protein
Human immunodeficiency virus 1,8U69,Reverse Transcriptase
Human immunodeficiency virus 1,8U6A,Capsid Protein
Human immunodeficiency virus 1,8U6A,Reverse Transcriptase
Human immunodeficiency virus 1,8U6B,Capsid Protein
Human immunodeficiency virus 1,8U6B,Reverse Transcriptase
Human immunodeficiency virus 1,8U6C,Capsid Protein
Human immunodeficiency virus 1,8U6C,Reverse Transcriptase
Human immunodeficiency virus 1,8U6D,Capsid Protein
Human immunodeficiency virus 1,8U6D,Reverse Transcriptase
Human immunodeficiency virus 1,8U6E,Capsid Protein
Human immunodeficiency virus 1,8U6E,Reverse Transcriptase
Human immunodeficiency virus 1,8U6F,Capsid Protein
Human immunodeficiency virus 1,8U6F,Reverse Transcriptase
Human immunodeficiency virus 1,8U6G,Capsid Protein
Human immunodeficiency virus 1,8U6G,Reverse Transcriptase
Human immunodeficiency virus 1,8U6H,Capsid Protein
Human immunodeficiency virus 1,8U6H,Reverse Transcriptase
Human immunodeficiency virus 1,8U6I,Capsid Protein
Human immunodeficiency virus 1,8U6I,Reverse Transcriptase
Human immunodeficiency virus 1,8U6J,Capsid Protein
Human immunodeficiency virus 1,8U6J,Reverse Transcriptase
Human immunodeficiency virus 1,8U6K,Capsid Protein
Human immunodeficiency virus 1,8U6K,Reverse Transcriptase
Human immunodeficiency virus 1,8U6L,Capsid Protein
Human immunodeficiency virus 1,8U6L,Reverse Transcriptase
Human immunodeficiency virus 1,8U6M,Capsid Protein
Human immunodeficiency virus 1,8U6M,Reverse Transcriptase
Human immunodeficiency virus 1,8U6N,Capsid Protein
Human immunodeficiency virus 1,8U6N,Reverse Transcriptase
Human immunodeficiency virus 1,8U6O,Capsid Protein
Human immunodeficiency virus 1,8U6O,Reverse Transcriptase
Human immunodeficiency virus 1,8U6P,Capsid Protein
Human immunodeficiency virus 1,8U6P,Reverse Transcriptase
Human immunodeficiency virus 1,8U6Q,Capsid Protein
Human immunodeficiency virus 1,8U6Q,Reverse Transcriptase
Human immunodeficiency virus 1,8U6R,Capsid Protein
Human immunodeficiency virus 1,8U6R,VP Proteins
Human immunodeficiency virus 1,8U6R,Reverse Transcriptase
Human immunodeficiency virus 1,8U6S,Capsid Protein
Human immunodeficiency virus 1,8U6S,Reverse Transcriptase
Human immunodeficiency virus 1,8U6T,Capsid Protein
Human immunodeficiency virus 1,8U6T,Reverse Transcriptase
Human immunodeficiency virus 1,8VB1,Protease
Human immunodeficiency virus 1,8VFV,Envelope Protein/Glycoprotein
Human immunodeficiency virus 1,8VFV,Transmembrane Protein
Human immunodeficiency virus 1,8W09,Integrase
Human immunodeficiency virus 1,8W09,Nucleoprotein
Human immunodeficiency virus 1,8W2R,Integrase
Human immunodeficiency virus 1,8W2R,Nucleoprotein
Human immunodeficiency virus 1,8W34,Integrase
Human immunodeficiency virus 1,8W34,Nucleoprotein
Human immunodeficiency virus 1,8WF7,Integrase
Human immunodeficiency virus 1,8X1Z,Reverse Transcriptase
Human immunodeficiency virus 1,8X20,Reverse Transcriptase
Human immunodeficiency virus 1,8X21,Reverse Transcriptase
Human immunodeficiency virus 1,8X22,Reverse Transcriptase
Human immunodeficiency virus 1,8ZH4,Integrase
Human immunodeficiency virus 1,8ZH4,Capsid Protein
Human immunodeficiency virus 1,8ZHA,Integrase
Human immunodeficiency virus 1,8ZHA,Capsid Protein
Human immunodeficiency virus 1,9B2H,Protease
Human immunodeficiency virus 1,9BER,Envelope Protein/Glycoprotein
Human immunodeficiency virus 1,9BEW,Envelope Protein/Glycoprotein
Human immunodeficiency virus 1,9BF6,Envelope Protein/Glycoprotein
Human immunodeficiency virus 1,9BGE,Envelope Protein/Glycoprotein
Human immunodeficiency virus 1,9BJM,Envelope Protein/Glycoprotein
Human immunodeficiency virus 1,9C9M,Integrase
Human immunodeficiency virus 1,9C9M,Nucleoprotein
Human immunodeficiency virus 1,9C9M,Capsid Protein
Human immunodeficiency virus 1,9CTX,Protease
Human immunodeficiency virus 1,9HVP,Protease
Human immunodeficiency virus 1,9JA0,Capsid Protein
Human papillomavirus,2R5H,Capsid Protein
Human papillomavirus,5W1O,Capsid Protein
Human papillomavirus,8XES,Capsid Protein
Human papillomavirus,8XFZ,Capsid Protein
Human papillomavirus 11,2R5K,Capsid Protein
Human papillomavirus 16,1DZL,Capsid Protein
Human papillomavirus 16,3J6R,Capsid Protein
Human papillomavirus 16,3J7G,Capsid Protein
Human papillomavirus 16,3J8V,Capsid Protein
Human papillomavirus 16,3J8W,Capsid Protein
Human papillomavirus 16,3J8Z,Capsid Protein
Human papillomavirus 16,3JBA,Capsid Protein
Human papillomavirus 16,5KEP,Capsid Protein
Human papillomavirus 16,5KEQ,Capsid Protein
Human papillomavirus 16,6BSP,Capsid Protein
Human papillomavirus 16,6BT3,Capsid Protein
Human papillomavirus 16,7CN2,Capsid Protein
Human papillomavirus 16,7KZF,Capsid Protein
Human papillomavirus 18,1TUE,Helicase
Human papillomavirus 18,2R5I,Capsid Protein
Human papillomavirus 18,5W1X,Capsid Protein
Human papillomavirus 18,8JOQ,Capsid Protein
Human papillomavirus 31,1DHM,Polymerase
Human papillomavirus 33,6IGE,Capsid Protein
Human papillomavirus 35,2R5J,Capsid Protein
Human papillomavirus 4,8JOY,Capsid Protein
Human papillomavirus 52,6IGF,Capsid Protein
Human papillomavirus 58,5Y9C,Capsid Protein
Human papillomavirus 58,5Y9E,Capsid Protein
Human papillomavirus 58,6IGC,Capsid Protein
Human papillomavirus 58,6IGD,Capsid Protein
Human papillomavirus 58,7DN5,Capsid Protein
Human papillomavirus 58,7DNH,Capsid Protein
Human papillomavirus 58,7DNK,Capsid Protein
Human papillomavirus 58,7DNL,Capsid Protein
Human papillomavirus 59,5J6R,Capsid Protein
Human papillomavirus 59,5JB1,Capsid Protein
Human papillomavirus 59,5Y9F,Capsid Protein
Human papillomavirus 6,2R5K,Capsid Protein
Human papillomavirus 6,6L31,Capsid Protein
Human papillomavirus 6,7EW5,Capsid Protein
Human papillomavirus 6,7F8I,Capsid Protein
Human papillomavirus type 16,1DZL,Capsid Protein
Human papillomavirus type 16,3J6R,Capsid Protein
Human papillomavirus type 16,3J7G,Capsid Protein
Human papillomavirus type 16,3J8V,Capsid Protein
Human papillomavirus type 16,3J8W,Capsid Protein
Human papillomavirus type 16,3J8Z,Capsid Protein
Human papillomavirus type 16,3JBA,Capsid Protein
Human papillomavirus type 16,5KEP,Capsid Protein
Human papillomavirus type 16,5KEQ,Capsid Protein
Human papillomavirus type 16,6BSP,Capsid Protein
Human papillomavirus type 16,6BT3,Capsid Protein
Human papillomavirus type 16,7CN2,Capsid Protein
Human papillomavirus type 16,7KZF,Capsid Protein
Human papillomavirus type 6,6L31,Capsid Protein
Human papillomavirus type 6,7EW5,Capsid Protein
Human papillomavirus type 6,7F8I,Capsid Protein
Severe acute respiratory syndrome coronavirus 2,5R7Y,Protease
Severe acute respiratory syndrome coronavirus 2,5R7Y,NSP Proteins
Severe acute respiratory syndrome coronavirus 2,5R7Z,Protease
Severe acute respiratory syndrome coronavirus 2,5R7Z,NSP Proteins
Severe acute respiratory syndrome coronavirus 2,5R80,Protease
Severe acute respiratory syndrome coronavirus 2,5R80,NSP Proteins
Severe acute respiratory syndrome coronavirus 2,5R81,Protease
Severe acute respiratory syndrome coronavirus 2,5R81,NSP Proteins
Severe acute respiratory syndrome coronavirus 2,5R82,Protease
Severe acute respiratory syndrome coronavirus 2,5R82,NSP Proteins
Severe acute respiratory syndrome coronavirus 2,5R83,Protease
Severe acute respiratory syndrome coronavirus 2,5R83,NSP Proteins
Severe acute respiratory syndrome coronavirus 2,5R84,Protease
Severe acute respiratory syndrome coronavirus 2,5R84,NSP Proteins
Severe acute respiratory syndrome coronavirus 2,5R8T,Protease
Severe acute respiratory syndrome coronavirus 2,5R8T,NSP Proteins
Severe acute respiratory syndrome coronavirus 2,5RE4,Protease
Severe acute respiratory syndrome coronavirus 2,5RE4,NSP Proteins
Severe acute respiratory syndrome coronavirus 2,5RE5,Protease
Severe acute respiratory syndrome coronavirus 2,5RE5,NSP Proteins
Severe acute respiratory syndrome coronavirus 2,5RE6,Protease
Severe acute respiratory syndrome coronavirus 2,5RE6,NSP Proteins
Severe acute respiratory syndrome coronavirus 2,5RE7,Protease
Severe acute respiratory syndrome coronavirus 2,5RE7,NSP Proteins
Severe acute respiratory syndrome coronavirus 2,5RE8,Protease
Severe acute respiratory syndrome coronavirus 2,5RE8,NSP Proteins
Severe acute respiratory syndrome coronavirus 2,5RE9,Protease
Severe acute respiratory syndrome coronavirus 2,5RE9,NSP Proteins
Severe acute respiratory syndrome coronavirus 2,5REA,Protease
Severe acute respiratory syndrome coronavirus 2,5REA,NSP Proteins
Severe acute respiratory syndrome coronavirus 2,5REB,Protease
Severe acute respiratory syndrome coronavirus 2,5REB,NSP Proteins
Severe acute respiratory syndrome coronavirus 2,5REC,Protease
Severe acute respiratory syndrome coronavirus 2,5REC,NSP Proteins
Severe acute respiratory syndrome coronavirus 2,5RED,Protease
Severe acute respiratory syndrome coronavirus 2,5RED,NSP Proteins
Severe acute respiratory syndrome coronavirus 2,5REE,Protease
Severe acute respiratory syndrome coronavirus 2,5REE,NSP Proteins
Severe acute respiratory syndrome coronavirus 2,5REF,Protease
Severe acute respiratory syndrome coronavirus 2,5REF,NSP Proteins
Severe acute respiratory syndrome coronavirus 2,5REG,Protease
Severe acute respiratory syndrome coronavirus 2,5REG,NSP Proteins
Severe acute respiratory syndrome coronavirus 2,5REH,Protease
Severe acute respiratory syndrome coronavirus 2,5REH,NSP Proteins
Severe acute respiratory syndrome coronavirus 2,5REI,Protease
Severe acute respiratory syndrome coronavirus 2,5REI,NSP Proteins
Severe acute respiratory syndrome coronavirus 2,5REJ,Protease
Severe acute respiratory syndrome coronavirus 2,5REJ,NSP Proteins
Severe acute respiratory syndrome coronavirus 2,5REK,Protease
Severe acute respiratory syndrome coronavirus 2,5REK,NSP Proteins
Severe acute respiratory syndrome coronavirus 2,5REL,Protease
Severe acute respiratory syndrome coronavirus 2,5REL,NSP Proteins
Severe acute respiratory syndrome coronavirus 2,5REM,Protease
Severe acute respiratory syndrome coronavirus 2,5REM,NSP Proteins
Severe acute respiratory syndrome coronavirus 2,5REN,Protease
Severe acute respiratory syndrome coronavirus 2,5REN,NSP Proteins
Severe acute respiratory syndrome coronavirus 2,5REO,Protease
Severe acute respiratory syndrome coronavirus 2,5REO,NSP Proteins
Severe acute respiratory syndrome coronavirus 2,5REP,Protease
Severe acute respiratory syndrome coronavirus 2,5REP,NSP Proteins
Severe acute respiratory syndrome coronavirus 2,5RER,Protease
Severe acute respiratory syndrome coronavirus 2,5RER,NSP Proteins
Severe acute respiratory syndrome coronavirus 2,5RES,Protease
Severe acute respiratory syndrome coronavirus 2,5RES,NSP Proteins
Severe acute respiratory syndrome coronavirus 2,5RET,Protease
Severe acute respiratory syndrome coronavirus 2,5RET,NSP Proteins
Severe acute respiratory syndrome coronavirus 2,5REU,Protease
Severe acute respiratory syndrome coronavirus 2,5REU,NSP Proteins
Severe acute respiratory syndrome coronavirus 2,5REV,Protease
Severe acute respiratory syndrome coronavirus 2,5REV,NSP Proteins
Severe acute respiratory syndrome coronavirus 2,5REW,Protease
Severe acute respiratory syndrome coronavirus 2,5REW,NSP Proteins
Severe acute respiratory syndrome coronavirus 2,5REX,Protease
Severe acute respiratory syndrome coronavirus 2,5REX,NSP Proteins
Severe acute respiratory syndrome coronavirus 2,5REY,Protease
Severe acute respiratory syndrome coronavirus 2,5REY,NSP Proteins
Severe acute respiratory syndrome coronavirus 2,5REZ,Protease
Severe acute respiratory syndrome coronavirus 2,5REZ,NSP Proteins
Severe acute respiratory syndrome coronavirus 2,5RF0,Protease
Severe acute respiratory syndrome coronavirus 2,5RF0,NSP Proteins
Severe acute respiratory syndrome coronavirus 2,5RF1,Protease
Severe acute respiratory syndrome coronavirus 2,5RF1,NSP Proteins
Severe acute respiratory syndrome coronavirus 2,5RF2,Protease
Severe acute respiratory syndrome coronavirus 2,5RF2,NSP Proteins
Severe acute respiratory syndrome coronavirus 2,5RF3,Protease
Severe acute respiratory syndrome coronavirus 2,5RF3,NSP Proteins
Severe acute respiratory syndrome coronavirus 2,5RF4,Protease
Severe acute respiratory syndrome coronavirus 2,5RF4,NSP Proteins
Severe acute respiratory syndrome coronavirus 2,5RF5,Protease
Severe acute respiratory syndrome coronavirus 2,5RF5,NSP Proteins
Severe acute respiratory syndrome coronavirus 2,5RF6,Protease
Severe acute respiratory syndrome coronavirus 2,5RF6,NSP Proteins
Severe acute respiratory syndrome coronavirus 2,5RF7,Protease
Severe acute respiratory syndrome coronavirus 2,5RF7,NSP Proteins
Severe acute respiratory syndrome coronavirus 2,5RF8,Protease
Severe acute respiratory syndrome coronavirus 2,5RF8,NSP Proteins
Severe acute respiratory syndrome coronavirus 2,5RF9,Protease
Severe acute respiratory syndrome coronavirus 2,5RF9,NSP Proteins
Severe acute respiratory syndrome coronavirus 2,5RFA,Protease
Severe acute respiratory syndrome coronavirus 2,5RFA,NSP Proteins
Severe acute respiratory syndrome coronavirus 2,5RFB,Protease
Severe acute respiratory syndrome coronavirus 2,5RFB,NSP Proteins
Severe acute respiratory syndrome coronavirus 2,5RFC,Protease
Severe acute respiratory syndrome coronavirus 2,5RFC,NSP Proteins
Severe acute respiratory syndrome coronavirus 2,5RFD,Protease
Severe acute respiratory syndrome coronavirus 2,5RFD,NSP Proteins
Severe acute respiratory syndrome coronavirus 2,5RFE,Protease
Severe acute respiratory syndrome coronavirus 2,5RFE,NSP Proteins
Severe acute respiratory syndrome coronavirus 2,5RFF,Protease
Severe acute respiratory syndrome coronavirus 2,5RFF,NSP Proteins
Severe acute respiratory syndrome coronavirus 2,5RFG,Protease
Severe acute respiratory syndrome coronavirus 2,5RFG,NSP Proteins
Severe acute respiratory syndrome coronavirus 2,5RFH,Protease
Severe acute respiratory syndrome coronavirus 2,5RFH,NSP Proteins
Severe acute respiratory syndrome coronavirus 2,5RFI,Protease
Severe acute respiratory syndrome coronavirus 2,5RFI,NSP Proteins
Severe acute respiratory syndrome coronavirus 2,5RFJ,Protease
Severe acute respiratory syndrome coronavirus 2,5RFJ,NSP Proteins
Severe acute respiratory syndrome coronavirus 2,5RFK,Protease
Severe acute respiratory syndrome coronavirus 2,5RFK,NSP Proteins
Severe acute respiratory syndrome coronavirus 2,5RFL,Protease
Severe acute respiratory syndrome coronavirus 2,5RFL,NSP Proteins
Severe acute respiratory syndrome coronavirus 2,5RFM,Protease
Severe acute respiratory syndrome coronavirus 2,5RFM,NSP Proteins
Severe acute respiratory syndrome coronavirus 2,5RFN,Protease
Severe acute respiratory syndrome coronavirus 2,5RFN,NSP Proteins
Severe acute respiratory syndrome coronavirus 2,5RFO,Protease
Severe acute respiratory syndrome coronavirus 2,5RFO,NSP Proteins
Severe acute respiratory syndrome coronavirus 2,5RFP,Protease
Severe acute respiratory syndrome coronavirus 2,5RFP,NSP Proteins
Severe acute respiratory syndrome coronavirus 2,5RFQ,Protease
Severe acute respiratory syndrome coronavirus 2,5RFQ,NSP Proteins
Severe acute respiratory syndrome coronavirus 2,5RFR,Protease
Severe acute respiratory syndrome coronavirus 2,5RFR,NSP Proteins
Severe acute respiratory syndrome coronavirus 2,5RFS,Protease
Severe acute respiratory syndrome coronavirus 2,5RFS,NSP Proteins
Severe acute respiratory syndrome coronavirus 2,5RFT,Protease
Severe acute respiratory syndrome coronavirus 2,5RFT,NSP Proteins
Severe acute respiratory syndrome coronavirus 2,5RFU,Protease
Severe acute respiratory syndrome coronavirus 2,5RFU,NSP Proteins
Severe acute respiratory syndrome coronavirus 2,5RFV,Protease
Severe acute respiratory syndrome coronavirus 2,5RFV,NSP Proteins
Severe acute respiratory syndrome coronavirus 2,5RFW,Protease
Severe acute respiratory syndrome coronavirus 2,5RFW,NSP Proteins
Severe acute respiratory syndrome coronavirus 2,5RFX,Protease
Severe acute respiratory syndrome coronavirus 2,5RFX,NSP Proteins
Severe acute respiratory syndrome coronavirus 2,5RFY,Protease
Severe acute respiratory syndrome coronavirus 2,5RFY,NSP Proteins
Severe acute respiratory syndrome coronavirus 2,5RFZ,Protease
Severe acute respiratory syndrome coronavirus 2,5RFZ,NSP Proteins
Severe acute respiratory syndrome coronavirus 2,5RG0,Protease
Severe acute respiratory syndrome coronavirus 2,5RG0,NSP Proteins
Severe acute respiratory syndrome coronavirus 2,5RG1,Protease
Severe acute respiratory syndrome coronavirus 2,5RG1,NSP Proteins
Severe acute respiratory syndrome coronavirus 2,5RG2,Protease
Severe acute respiratory syndrome coronavirus 2,5RG2,NSP Proteins
Severe acute respiratory syndrome coronavirus 2,5RG3,Protease
Severe acute respiratory syndrome coronavirus 2,5RG3,NSP Proteins
Severe acute respiratory syndrome coronavirus 2,5RGG,Protease
Severe acute respiratory syndrome coronavirus 2,5RGG,NSP Proteins
Severe acute respiratory syndrome coronavirus 2,5RGH,Protease
Severe acute respiratory syndrome coronavirus 2,5RGH,NSP Proteins
Severe acute respiratory syndrome coronavirus 2,5RGI,Protease
Severe acute respiratory syndrome coronavirus 2,5RGI,NSP Proteins
Severe acute respiratory syndrome coronavirus 2,5RGJ,Protease
Severe acute respiratory syndrome coronavirus 2,5RGJ,NSP Proteins
Severe acute respiratory syndrome coronavirus 2,5RGK,Protease
Severe acute respiratory syndrome coronavirus 2,5RGK,NSP Proteins
Severe acute respiratory syndrome coronavirus 2,5RGL,Protease
Severe acute respiratory syndrome coronavirus 2,5RGL,NSP Proteins
Severe acute respiratory syndrome coronavirus 2,5RGM,Protease
Severe acute respiratory syndrome coronavirus 2,5RGM,NSP Proteins
Severe acute respiratory syndrome coronavirus 2,5RGN,Protease
Severe acute respiratory syndrome coronavirus 2,5RGN,NSP Proteins
Severe acute respiratory syndrome coronavirus 2,5RGO,Protease
Severe acute respiratory syndrome coronavirus 2,5RGO,NSP Proteins
Severe acute respiratory syndrome coronavirus 2,5RGP,Protease
Severe acute respiratory syndrome coronavirus 2,5RGP,NSP Proteins
Severe acute respiratory syndrome coronavirus 2,5RGQ,Protease
Severe acute respiratory syndrome coronavirus 2,5RGQ,NSP Proteins
Severe acute respiratory syndrome coronavirus 2,5RGR,Protease
Severe acute respiratory syndrome coronavirus 2,5RGR,NSP Proteins
Severe acute respiratory syndrome coronavirus 2,5RGS,Protease
Severe acute respiratory syndrome coronavirus 2,5RGS,NSP Proteins
Severe acute respiratory syndrome coronavirus 2,5RGT,Protease
Severe acute respiratory syndrome coronavirus 2,5RGU,Protease
Severe acute respiratory syndrome coronavirus 2,5RGV,Protease
Severe acute respiratory syndrome coronavirus 2,5RGW,Protease
Severe acute respiratory syndrome coronavirus 2,5RGX,Protease
Severe acute respiratory syndrome coronavirus 2,5RGY,Protease
Severe acute respiratory syndrome coronavirus 2,5RGZ,Protease
Severe acute respiratory syndrome coronavirus 2,5RH0,Protease
Severe acute respiratory syndrome coronavirus 2,5RH1,Protease
Severe acute respiratory syndrome coronavirus 2,5RH2,Protease
Severe acute respiratory syndrome coronavirus 2,5RH3,Protease
Severe acute respiratory syndrome coronavirus 2,5RH4,Protease
Severe acute respiratory syndrome coronavirus 2,5RH5,Protease
Severe acute respiratory syndrome coronavirus 2,5RH6,Protease
Severe acute respiratory syndrome coronavirus 2,5RH7,Protease
Severe acute respiratory syndrome coronavirus 2,5RH8,Protease
Severe acute respiratory syndrome coronavirus 2,5RH9,Protease
Severe acute respiratory syndrome coronavirus 2,5RHA,Protease
Severe acute respiratory syndrome coronavirus 2,5RHB,Protease
Severe acute respiratory syndrome coronavirus 2,5RHC,Protease
Severe acute respiratory syndrome coronavirus 2,5RHD,Protease
Severe acute respiratory syndrome coronavirus 2,5RHE,Protease
Severe acute respiratory syndrome coronavirus 2,5RHF,Protease
Severe acute respiratory syndrome coronavirus 2,5RL0,Protease
Severe acute respiratory syndrome coronavirus 2,5RL1,Protease
Severe acute respiratory syndrome coronavirus 2,5RL2,Protease
Severe acute respiratory syndrome coronavirus 2,5RL3,Protease
Severe acute respiratory syndrome coronavirus 2,5RL4,Protease
Severe acute respiratory syndrome coronavirus 2,5RL5,Protease
Severe acute respiratory syndrome coronavirus 2,5RL6,Helicase
Severe acute respiratory syndrome coronavirus 2,5RL6,NSP Proteins
Severe acute respiratory syndrome coronavirus 2,5RL7,Helicase
Severe acute respiratory syndrome coronavirus 2,5RL7,NSP Proteins
Severe acute respiratory syndrome coronavirus 2,5RL8,Helicase
Severe acute respiratory syndrome coronavirus 2,5RL8,NSP Proteins
Severe acute respiratory syndrome coronavirus 2,5RL9,Helicase
Severe acute respiratory syndrome coronavirus 2,5RL9,NSP Proteins
Severe acute respiratory syndrome coronavirus 2,5RLB,Helicase
Severe acute respiratory syndrome coronavirus 2,5RLB,NSP Proteins
Severe acute respiratory syndrome coronavirus 2,5RLC,Helicase
Severe acute respiratory syndrome coronavirus 2,5RLC,NSP Proteins
Severe acute respiratory syndrome coronavirus 2,5RLD,Helicase
Severe acute respiratory syndrome coronavirus 2,5RLD,NSP Proteins
Severe acute respiratory syndrome coronavirus 2,5RLE,Helicase
Severe acute respiratory syndrome coronavirus 2,5RLE,NSP Proteins
Severe acute respiratory syndrome coronavirus 2,5RLF,Helicase
Severe acute respiratory syndrome coronavirus 2,5RLF,NSP Proteins
Severe acute respiratory syndrome coronavirus 2,5RLG,Helicase
Severe acute respiratory syndrome coronavirus 2,5RLG,NSP Proteins
Severe acute respiratory syndrome coronavirus 2,5RLH,Helicase
Severe acute respiratory syndrome coronavirus 2,5RLH,NSP Proteins
Severe acute respiratory syndrome coronavirus 2,5RLI,Helicase
Severe acute respiratory syndrome coronavirus 2,5RLI,NSP Proteins
Severe acute respiratory syndrome coronavirus 2,5RLJ,Helicase
Severe acute respiratory syndrome coronavirus 2,5RLJ,NSP Proteins
Severe acute respiratory syndrome coronavirus 2,5RLK,Helicase
Severe acute respiratory syndrome coronavirus 2,5RLK,NSP Proteins
Severe acute respiratory syndrome coronavirus 2,5RLL,Helicase
Severe acute respiratory syndrome coronavirus 2,5RLL,NSP Proteins
Severe acute respiratory syndrome coronavirus 2,5RLM,Helicase
Severe acute respiratory syndrome coronavirus 2,5RLM,NSP Proteins
Severe acute respiratory syndrome coronavirus 2,5RLN,Helicase
Severe acute respiratory syndrome coronavirus 2,5RLN,NSP Proteins
Severe acute respiratory syndrome coronavirus 2,5RLO,Helicase
Severe acute respiratory syndrome coronavirus 2,5RLO,NSP Proteins
Severe acute respiratory syndrome coronavirus 2,5RLP,Helicase
Severe acute respiratory syndrome coronavirus 2,5RLP,NSP Proteins
Severe acute respiratory syndrome coronavirus 2,5RLQ,Helicase
Severe acute respiratory syndrome coronavirus 2,5RLQ,NSP Proteins
Severe acute respiratory syndrome coronavirus 2,5RLR,Helicase
Severe acute respiratory syndrome coronavirus 2,5RLR,NSP Proteins
Severe acute respiratory syndrome coronavirus 2,5RLS,Helicase
Severe acute respiratory syndrome coronavirus 2,5RLS,NSP Proteins
Severe acute respiratory syndrome coronavirus 2,5RLT,Helicase
Severe acute respiratory syndrome coronavirus 2,5RLT,NSP Proteins
Severe acute respiratory syndrome coronavirus 2,5RLU,Helicase
Severe acute respiratory syndrome coronavirus 2,5RLU,NSP Proteins
Severe acute respiratory syndrome coronavirus 2,5RLV,Helicase
Severe acute respiratory syndrome coronavirus 2,5RLV,NSP Proteins
Severe acute respiratory syndrome coronavirus 2,5RLW,Helicase
Severe acute respiratory syndrome coronavirus 2,5RLW,NSP Proteins
Severe acute respiratory syndrome coronavirus 2,5RLY,Helicase
Severe acute respiratory syndrome coronavirus 2,5RLY,NSP Proteins
Severe acute respiratory syndrome coronavirus 2,5RLZ,Helicase
Severe acute respiratory syndrome coronavirus 2,5RLZ,NSP Proteins
Severe acute respiratory syndrome coronavirus 2,5RM0,Helicase
Severe acute respiratory syndrome coronavirus 2,5RM0,NSP Proteins
Severe acute respiratory syndrome coronavirus 2,5RM1,Helicase
Severe acute respiratory syndrome coronavirus 2,5RM1,NSP Proteins
Severe acute respiratory syndrome coronavirus 2,5RM2,Helicase
Severe acute respiratory syndrome coronavirus 2,5RM2,NSP Proteins
Severe acute respiratory syndrome coronavirus 2,5RM3,Helicase
Severe acute respiratory syndrome coronavirus 2,5RM3,NSP Proteins
Severe acute respiratory syndrome coronavirus 2,5RM4,Helicase
Severe acute respiratory syndrome coronavirus 2,5RM4,NSP Proteins
Severe acute respiratory syndrome coronavirus 2,5RM5,Helicase
Severe acute respiratory syndrome coronavirus 2,5RM5,NSP Proteins
Severe acute respiratory syndrome coronavirus 2,5RM6,Helicase
Severe acute respiratory syndrome coronavirus 2,5RM6,NSP Proteins
Severe acute respiratory syndrome coronavirus 2,5RM7,Helicase
Severe acute respiratory syndrome coronavirus 2,5RM7,NSP Proteins
Severe acute respiratory syndrome coronavirus 2,5RM8,Helicase
Severe acute respiratory syndrome coronavirus 2,5RM8,NSP Proteins
Severe acute respiratory syndrome coronavirus 2,5RM9,Helicase
Severe acute respiratory syndrome coronavirus 2,5RM9,NSP Proteins
Severe acute respiratory syndrome coronavirus 2,5RMA,Helicase
Severe acute respiratory syndrome coronavirus 2,5RMA,NSP Proteins
Severe acute respiratory syndrome coronavirus 2,5RMB,Helicase
Severe acute respiratory syndrome coronavirus 2,5RMB,NSP Proteins
Severe acute respiratory syndrome coronavirus 2,5RMC,Helicase
Severe acute respiratory syndrome coronavirus 2,5RMC,NSP Proteins
Severe acute respiratory syndrome coronavirus 2,5RMD,Helicase
Severe acute respiratory syndrome coronavirus 2,5RMD,NSP Proteins
Severe acute respiratory syndrome coronavirus 2,5RME,Helicase
Severe acute respiratory syndrome coronavirus 2,5RME,NSP Proteins
Severe acute respiratory syndrome coronavirus 2,5RMF,Helicase
Severe acute respiratory syndrome coronavirus 2,5RMF,NSP Proteins
Severe acute respiratory syndrome coronavirus 2,5RMG,Helicase
Severe acute respiratory syndrome coronavirus 2,5RMG,NSP Proteins
Severe acute respiratory syndrome coronavirus 2,5RMH,Helicase
Severe acute respiratory syndrome coronavirus 2,5RMH,NSP Proteins
Severe acute respiratory syndrome coronavirus 2,5RMI,Helicase
Severe acute respiratory syndrome coronavirus 2,5RMI,NSP Proteins
Severe acute respiratory syndrome coronavirus 2,5RMJ,Helicase
Severe acute respiratory syndrome coronavirus 2,5RMJ,NSP Proteins
Severe acute respiratory syndrome coronavirus 2,5RMK,Helicase
Severe acute respiratory syndrome coronavirus 2,5RMK,NSP Proteins
Severe acute respiratory syndrome coronavirus 2,5RML,Helicase
Severe acute respiratory syndrome coronavirus 2,5RML,NSP Proteins
Severe acute respiratory syndrome coronavirus 2,5RMM,Helicase
Severe acute respiratory syndrome coronavirus 2,5RMM,NSP Proteins
Severe acute respiratory syndrome coronavirus 2,5ROB,Helicase
Severe acute respiratory syndrome coronavirus 2,5ROB,NSP Proteins
Severe acute respiratory syndrome coronavirus 2,5RS7,Protease
Severe acute respiratory syndrome coronavirus 2,5RS7,NSP Proteins
Severe acute respiratory syndrome coronavirus 2,5RS8,Protease
Severe acute respiratory syndrome coronavirus 2,5RS8,NSP Proteins
Severe acute respiratory syndrome coronavirus 2,5RS9,Protease
Severe acute respiratory syndrome coronavirus 2,5RS9,NSP Proteins
Severe acute respiratory syndrome coronavirus 2,5RSB,Protease
Severe acute respiratory syndrome coronavirus 2,5RSB,NSP Proteins
Severe acute respiratory syndrome coronavirus 2,5RSC,Protease
Severe acute respiratory syndrome coronavirus 2,5RSC,NSP Proteins
Severe acute respiratory syndrome coronavirus 2,5RSD,Protease
Severe acute respiratory syndrome coronavirus 2,5RSD,NSP Proteins
Severe acute respiratory syndrome coronavirus 2,5RSE,Protease
Severe acute respiratory syndrome coronavirus 2,5RSE,NSP Proteins
Severe acute respiratory syndrome coronavirus 2,5RSF,Protease
Severe acute respiratory syndrome coronavirus 2,5RSF,NSP Proteins
Severe acute respiratory syndrome coronavirus 2,5RSG,Protease
Severe acute respiratory syndrome coronavirus 2,5RSG,NSP Proteins
Severe acute respiratory syndrome coronavirus 2,5RSH,Protease
Severe acute respiratory syndrome coronavirus 2,5RSH,NSP Proteins
Severe acute respiratory syndrome coronavirus 2,5RSI,Protease
Severe acute respiratory syndrome coronavirus 2,5RSI,NSP Proteins
Severe acute respiratory syndrome coronavirus 2,5RSJ,Protease
Severe acute respiratory syndrome coronavirus 2,5RSJ,NSP Proteins
Severe acute respiratory syndrome coronavirus 2,5RSK,Protease
Severe acute respiratory syndrome coronavirus 2,5RSK,NSP Proteins
Severe acute respiratory syndrome coronavirus 2,5RSL,Protease
Severe acute respiratory syndrome coronavirus 2,5RSL,NSP Proteins
Severe acute respiratory syndrome coronavirus 2,5RSM,Protease
Severe acute respiratory syndrome coronavirus 2,5RSM,NSP Proteins
Severe acute respiratory syndrome coronavirus 2,5RSN,Protease
Severe acute respiratory syndrome coronavirus 2,5RSN,NSP Proteins
Severe acute respiratory syndrome coronavirus 2,5RSO,Protease
Severe acute respiratory syndrome coronavirus 2,5RSO,NSP Proteins
Severe acute respiratory syndrome coronavirus 2,5RSP,Protease
Severe acute respiratory syndrome coronavirus 2,5RSP,NSP Proteins
Severe acute respiratory syndrome coronavirus 2,5RSQ,Protease
Severe acute respiratory syndrome coronavirus 2,5RSQ,NSP Proteins
Severe acute respiratory syndrome coronavirus 2,5RSR,Protease
Severe acute respiratory syndrome coronavirus 2,5RSR,NSP Proteins
Severe acute respiratory syndrome coronavirus 2,5RSS,Protease
Severe acute respiratory syndrome coronavirus 2,5RSS,NSP Proteins
Severe acute respiratory syndrome coronavirus 2,5RST,Protease
Severe acute respiratory syndrome coronavirus 2,5RST,NSP Proteins
Severe acute respiratory syndrome coronavirus 2,5RSU,Protease
Severe acute respiratory syndrome coronavirus 2,5RSU,NSP Proteins
Severe acute respiratory syndrome coronavirus 2,5RSV,Protease
Severe acute respiratory syndrome coronavirus 2,5RSV,NSP Proteins
Severe acute respiratory syndrome coronavirus 2,5RSW,Protease
Severe acute respiratory syndrome coronavirus 2,5RSW,NSP Proteins
Severe acute respiratory syndrome coronavirus 2,5RSX,Protease
Severe acute respiratory syndrome coronavirus 2,5RSX,NSP Proteins
Severe acute respiratory syndrome coronavirus 2,5RSY,Protease
Severe acute respiratory syndrome coronavirus 2,5RSY,NSP Proteins
Severe acute respiratory syndrome coronavirus 2,5RSZ,Protease
Severe acute respiratory syndrome coronavirus 2,5RSZ,NSP Proteins
Severe acute respiratory syndrome coronavirus 2,5RT0,Protease
Severe acute respiratory syndrome coronavirus 2,5RT0,NSP Proteins
Severe acute respiratory syndrome coronavirus 2,5RT1,Protease
Severe acute respiratory syndrome coronavirus 2,5RT1,NSP Proteins
Severe acute respiratory syndrome coronavirus 2,5RT2,Protease
Severe acute respiratory syndrome coronavirus 2,5RT2,NSP Proteins
Severe acute respiratory syndrome coronavirus 2,5RT3,Protease
Severe acute respiratory syndrome coronavirus 2,5RT3,NSP Proteins
Severe acute respiratory syndrome coronavirus 2,5RT4,Protease
Severe acute respiratory syndrome coronavirus 2,5RT4,NSP Proteins
Severe acute respiratory syndrome coronavirus 2,5RT5,Protease
Severe acute respiratory syndrome coronavirus 2,5RT5,NSP Proteins
Severe acute respiratory syndrome coronavirus 2,5RT6,Protease
Severe acute respiratory syndrome coronavirus 2,5RT6,NSP Proteins
Severe acute respiratory syndrome coronavirus 2,5RT7,Protease
Severe acute respiratory syndrome coronavirus 2,5RT7,NSP Proteins
Severe acute respiratory syndrome coronavirus 2,5RT8,Protease
Severe acute respiratory syndrome coronavirus 2,5RT8,NSP Proteins
Severe acute respiratory syndrome coronavirus 2,5RT9,Protease
Severe acute respiratory syndrome coronavirus 2,5RT9,NSP Proteins
Severe acute respiratory syndrome coronavirus 2,5RTA,Protease
Severe acute respiratory syndrome coronavirus 2,5RTA,NSP Proteins
Severe acute respiratory syndrome coronavirus 2,5RTB,Protease
Severe acute respiratory syndrome coronavirus 2,5RTB,NSP Proteins
Severe acute respiratory syndrome coronavirus 2,5RTC,Protease
Severe acute respiratory syndrome coronavirus 2,5RTC,NSP Proteins
Severe acute respiratory syndrome coronavirus 2,5RTD,Protease
Severe acute respiratory syndrome coronavirus 2,5RTD,NSP Proteins
Severe acute respiratory syndrome coronavirus 2,5RTE,Protease
Severe acute respiratory syndrome coronavirus 2,5RTE,NSP Proteins
Severe acute respiratory syndrome coronavirus 2,5RTF,Protease
Severe acute respiratory syndrome coronavirus 2,5RTF,NSP Proteins
Severe acute respiratory syndrome coronavirus 2,5RTG,Protease
Severe acute respiratory syndrome coronavirus 2,5RTG,NSP Proteins
Severe acute respiratory syndrome coronavirus 2,5RTH,Protease
Severe acute respiratory syndrome coronavirus 2,5RTH,NSP Proteins
Severe acute respiratory syndrome coronavirus 2,5RTI,Protease
Severe acute respiratory syndrome coronavirus 2,5RTI,NSP Proteins
Severe acute respiratory syndrome coronavirus 2,5RTJ,Protease
Severe acute respiratory syndrome coronavirus 2,5RTJ,NSP Proteins
Severe acute respiratory syndrome coronavirus 2,5RTK,Protease
Severe acute respiratory syndrome coronavirus 2,5RTK,NSP Proteins
Severe acute respiratory syndrome coronavirus 2,5RTL,Protease
Severe acute respiratory syndrome coronavirus 2,5RTL,NSP Proteins
Severe acute respiratory syndrome coronavirus 2,5RTM,Protease
Severe acute respiratory syndrome coronavirus 2,5RTM,NSP Proteins
Severe acute respiratory syndrome coronavirus 2,5RTN,Protease
Severe acute respiratory syndrome coronavirus 2,5RTN,NSP Proteins
Severe acute respiratory syndrome coronavirus 2,5RTO,Protease
Severe acute respiratory syndrome coronavirus 2,5RTO,NSP Proteins
Severe acute respiratory syndrome coronavirus 2,5RTP,Protease
Severe acute respiratory syndrome coronavirus 2,5RTP,NSP Proteins
Severe acute respiratory syndrome coronavirus 2,5RTQ,Protease
Severe acute respiratory syndrome coronavirus 2,5RTQ,NSP Proteins
Severe acute respiratory syndrome coronavirus 2,5RTR,Protease
Severe acute respiratory syndrome coronavirus 2,5RTR,NSP Proteins
Severe acute respiratory syndrome coronavirus 2,5RTS,Protease
Severe acute respiratory syndrome coronavirus 2,5RTS,NSP Proteins
Severe acute respiratory syndrome coronavirus 2,5RTT,Protease
Severe acute respiratory syndrome coronavirus 2,5RTT,NSP Proteins
Severe acute respiratory syndrome coronavirus 2,5RTU,Protease
Severe acute respiratory syndrome coronavirus 2,5RTU,NSP Proteins
Severe acute respiratory syndrome coronavirus 2,5RTV,Protease
Severe acute respiratory syndrome coronavirus 2,5RTV,NSP Proteins
Severe acute respiratory syndrome coronavirus 2,5RTW,Protease
Severe acute respiratory syndrome coronavirus 2,5RTW,NSP Proteins
Severe acute respiratory syndrome coronavirus 2,5RTX,Protease
Severe acute respiratory syndrome coronavirus 2,5RTX,NSP Proteins
Severe acute respiratory syndrome coronavirus 2,5RTY,Protease
Severe acute respiratory syndrome coronavirus 2,5RTY,NSP Proteins
Severe acute respiratory syndrome coronavirus 2,5RTZ,Protease
Severe acute respiratory syndrome coronavirus 2,5RTZ,NSP Proteins
Severe acute respiratory syndrome coronavirus 2,5RU0,Protease
Severe acute respiratory syndrome coronavirus 2,5RU0,NSP Proteins
Severe acute respiratory syndrome coronavirus 2,5RU1,Protease
Severe acute respiratory syndrome coronavirus 2,5RU1,NSP Proteins
Severe acute respiratory syndrome coronavirus 2,5RU2,Protease
Severe acute respiratory syndrome coronavirus 2,5RU2,NSP Proteins
Severe acute respiratory syndrome coronavirus 2,5RU3,Protease
Severe acute respiratory syndrome coronavirus 2,5RU3,NSP Proteins
Severe acute respiratory syndrome coronavirus 2,5RU4,Protease
Severe acute respiratory syndrome coronavirus 2,5RU4,NSP Proteins
Severe acute respiratory syndrome coronavirus 2,5RU5,Protease
Severe acute respiratory syndrome coronavirus 2,5RU5,NSP Proteins
Severe acute respiratory syndrome coronavirus 2,5RU6,Protease
Severe acute respiratory syndrome coronavirus 2,5RU6,NSP Proteins
Severe acute respiratory syndrome coronavirus 2,5RU7,Protease
Severe acute respiratory syndrome coronavirus 2,5RU7,NSP Proteins
Severe acute respiratory syndrome coronavirus 2,5RU8,Protease
Severe acute respiratory syndrome coronavirus 2,5RU8,NSP Proteins
Severe acute respiratory syndrome coronavirus 2,5RU9,Protease
Severe acute respiratory syndrome coronavirus 2,5RU9,NSP Proteins
Severe acute respiratory syndrome coronavirus 2,5RUA,Protease
Severe acute respiratory syndrome coronavirus 2,5RUA,NSP Proteins
Severe acute respiratory syndrome coronavirus 2,5RUC,Protease
Severe acute respiratory syndrome coronavirus 2,5RUC,NSP Proteins
Severe acute respiratory syndrome coronavirus 2,5RUD,Protease
Severe acute respiratory syndrome coronavirus 2,5RUD,NSP Proteins
Severe acute respiratory syndrome coronavirus 2,5RUE,Protease
Severe acute respiratory syndrome coronavirus 2,5RUE,NSP Proteins
Severe acute respiratory syndrome coronavirus 2,5RUF,Protease
Severe acute respiratory syndrome coronavirus 2,5RUF,NSP Proteins
Severe acute respiratory syndrome coronavirus 2,5RUG,Protease
Severe acute respiratory syndrome coronavirus 2,5RUG,NSP Proteins
Severe acute respiratory syndrome coronavirus 2,5RUH,Protease
Severe acute respiratory syndrome coronavirus 2,5RUH,NSP Proteins
Severe acute respiratory syndrome coronavirus 2,5RUI,Protease
Severe acute respiratory syndrome coronavirus 2,5RUI,NSP Proteins
Severe acute respiratory syndrome coronavirus 2,5RUJ,Protease
Severe acute respiratory syndrome coronavirus 2,5RUJ,NSP Proteins
Severe acute respiratory syndrome coronavirus 2,5RUK,Protease
Severe acute respiratory syndrome coronavirus 2,5RUK,NSP Proteins
Severe acute respiratory syndrome coronavirus 2,5RUL,Protease
Severe acute respiratory syndrome coronavirus 2,5RUL,NSP Proteins
Severe acute respiratory syndrome coronavirus 2,5RUM,Protease
Severe acute respiratory syndrome coronavirus 2,5RUM,NSP Proteins
Severe acute respiratory syndrome coronavirus 2,5RUN,Protease
Severe acute respiratory syndrome coronavirus 2,5RUN,NSP Proteins
Severe acute respiratory syndrome coronavirus 2,5RUO,Protease
Severe acute respiratory syndrome coronavirus 2,5RUO,NSP Proteins
Severe acute respiratory syndrome coronavirus 2,5RUP,Protease
Severe acute respiratory syndrome coronavirus 2,5RUP,NSP Proteins
Severe acute respiratory syndrome coronavirus 2,5RUQ,Protease
Severe acute respiratory syndrome coronavirus 2,5RUQ,NSP Proteins
Severe acute respiratory syndrome coronavirus 2,5RUR,Protease
Severe acute respiratory syndrome coronavirus 2,5RUR,NSP Proteins
Severe acute respiratory syndrome coronavirus 2,5RUS,Protease
Severe acute respiratory syndrome coronavirus 2,5RUS,NSP Proteins
Severe acute respiratory syndrome coronavirus 2,5RUT,Protease
Severe acute respiratory syndrome coronavirus 2,5RUT,NSP Proteins
Severe acute respiratory syndrome coronavirus 2,5RUU,Protease
Severe acute respiratory syndrome coronavirus 2,5RUU,NSP Proteins
Severe acute respiratory syndrome coronavirus 2,5RUV,Protease
Severe acute respiratory syndrome coronavirus 2,5RUV,NSP Proteins
Severe acute respiratory syndrome coronavirus 2,5RUW,Protease
Severe acute respiratory syndrome coronavirus 2,5RUW,NSP Proteins
Severe acute respiratory syndrome coronavirus 2,5RUX,Protease
Severe acute respiratory syndrome coronavirus 2,5RUX,NSP Proteins
Severe acute respiratory syndrome coronavirus 2,5RUY,Protease
Severe acute respiratory syndrome coronavirus 2,5RUY,NSP Proteins
Severe acute respiratory syndrome coronavirus 2,5RUZ,Protease
Severe acute respiratory syndrome coronavirus 2,5RUZ,NSP Proteins
Severe acute respiratory syndrome coronavirus 2,5RV0,Protease
Severe acute respiratory syndrome coronavirus 2,5RV0,NSP Proteins
Severe acute respiratory syndrome coronavirus 2,5RV1,Protease
Severe acute respiratory syndrome coronavirus 2,5RV1,NSP Proteins
Severe acute respiratory syndrome coronavirus 2,5RV2,Protease
Severe acute respiratory syndrome coronavirus 2,5RV2,NSP Proteins
Severe acute respiratory syndrome coronavirus 2,5RV3,Protease
Severe acute respiratory syndrome coronavirus 2,5RV3,NSP Proteins
Severe acute respiratory syndrome coronavirus 2,5RV4,Protease
Severe acute respiratory syndrome coronavirus 2,5RV4,NSP Proteins
Severe acute respiratory syndrome coronavirus 2,5RV5,Protease
Severe acute respiratory syndrome coronavirus 2,5RV5,NSP Proteins
Severe acute respiratory syndrome coronavirus 2,5RV6,Protease
Severe acute respiratory syndrome coronavirus 2,5RV6,NSP Proteins
Severe acute respiratory syndrome coronavirus 2,5RV7,Protease
Severe acute respiratory syndrome coronavirus 2,5RV7,NSP Proteins
Severe acute respiratory syndrome coronavirus 2,5RV8,Protease
Severe acute respiratory syndrome coronavirus 2,5RV8,NSP Proteins
Severe acute respiratory syndrome coronavirus 2,5RV9,Protease
Severe acute respiratory syndrome coronavirus 2,5RV9,NSP Proteins
Severe acute respiratory syndrome coronavirus 2,5RVA,Protease
Severe acute respiratory syndrome coronavirus 2,5RVA,NSP Proteins
Severe acute respiratory syndrome coronavirus 2,5RVB,Protease
Severe acute respiratory syndrome coronavirus 2,5RVB,NSP Proteins
Severe acute respiratory syndrome coronavirus 2,5RVC,Protease
Severe acute respiratory syndrome coronavirus 2,5RVC,NSP Proteins
Severe acute respiratory syndrome coronavirus 2,5RVD,Protease
Severe acute respiratory syndrome coronavirus 2,5RVD,NSP Proteins
Severe acute respiratory syndrome coronavirus 2,5RVE,Protease
Severe acute respiratory syndrome coronavirus 2,5RVE,NSP Proteins
Severe acute respiratory syndrome coronavirus 2,5RVF,Protease
Severe acute respiratory syndrome coronavirus 2,5RVF,NSP Proteins
Severe acute respiratory syndrome coronavirus 2,5RVG,Protease
Severe acute respiratory syndrome coronavirus 2,5RVG,NSP Proteins
Severe acute respiratory syndrome coronavirus 2,5RVH,Protease
Severe acute respiratory syndrome coronavirus 2,5RVH,NSP Proteins
Severe acute respiratory syndrome coronavirus 2,5RVI,Protease
Severe acute respiratory syndrome coronavirus 2,5RVI,NSP Proteins
Severe acute respiratory syndrome coronavirus 2,5RVJ,Protease
Severe acute respiratory syndrome coronavirus 2,5RVJ,NSP Proteins
Severe acute respiratory syndrome coronavirus 2,5RVK,Protease
Severe acute respiratory syndrome coronavirus 2,5RVK,NSP Proteins
Severe acute respiratory syndrome coronavirus 2,5RVL,Protease
Severe acute respiratory syndrome coronavirus 2,5RVL,NSP Proteins
Severe acute respiratory syndrome coronavirus 2,5RVM,Protease
Severe acute respiratory syndrome coronavirus 2,5RVM,NSP Proteins
Severe acute respiratory syndrome coronavirus 2,5RVN,Protease
Severe acute respiratory syndrome coronavirus 2,5RVN,NSP Proteins
Severe acute respiratory syndrome coronavirus 2,5RVO,Protease
Severe acute respiratory syndrome coronavirus 2,5RVO,NSP Proteins
Severe acute respiratory syndrome coronavirus 2,5RVP,Protease
Severe acute respiratory syndrome coronavirus 2,5RVP,NSP Proteins
Severe acute respiratory syndrome coronavirus 2,5RVQ,Protease
Severe acute respiratory syndrome coronavirus 2,5RVQ,NSP Proteins
Severe acute respiratory syndrome coronavirus 2,5RVR,Protease
Severe acute respiratory syndrome coronavirus 2,5RVR,NSP Proteins
Severe acute respiratory syndrome coronavirus 2,5RVS,Protease
Severe acute respiratory syndrome coronavirus 2,5RVS,NSP Proteins
Severe acute respiratory syndrome coronavirus 2,5RVT,Protease
Severe acute respiratory syndrome coronavirus 2,5RVT,NSP Proteins
Severe acute respiratory syndrome coronavirus 2,5RVU,Protease
Severe acute respiratory syndrome coronavirus 2,5RVU,NSP Proteins
Severe acute respiratory syndrome coronavirus 2,5RVV,Protease
Severe acute respiratory syndrome coronavirus 2,5RVV,NSP Proteins
Severe acute respiratory syndrome coronavirus 2,5S18,Protease
Severe acute respiratory syndrome coronavirus 2,5S18,NSP Proteins
Severe acute respiratory syndrome coronavirus 2,5S1A,Protease
Severe acute respiratory syndrome coronavirus 2,5S1A,NSP Proteins
Severe acute respiratory syndrome coronavirus 2,5S1C,Protease
Severe acute respiratory syndrome coronavirus 2,5S1C,NSP Proteins
Severe acute respiratory syndrome coronavirus 2,5S1E,Protease
Severe acute respiratory syndrome coronavirus 2,5S1E,NSP Proteins
Severe acute respiratory syndrome coronavirus 2,5S1G,Protease
Severe acute respiratory syndrome coronavirus 2,5S1G,NSP Proteins
Severe acute respiratory syndrome coronavirus 2,5S1I,Protease
Severe acute respiratory syndrome coronavirus 2,5S1I,NSP Proteins
Severe acute respiratory syndrome coronavirus 2,5S1K,Protease
Severe acute respiratory syndrome coronavirus 2,5S1K,NSP Proteins
Severe acute respiratory syndrome coronavirus 2,5S1M,Protease
Severe acute respiratory syndrome coronavirus 2,5S1M,NSP Proteins
Severe acute respiratory syndrome coronavirus 2,5S1O,Protease
Severe acute respiratory syndrome coronavirus 2,5S1O,NSP Proteins
Severe acute respiratory syndrome coronavirus 2,5S1Q,Protease
Severe acute respiratory syndrome coronavirus 2,5S1Q,NSP Proteins
Severe acute respiratory syndrome coronavirus 2,5S1S,Protease
Severe acute respiratory syndrome coronavirus 2,5S1S,NSP Proteins
Severe acute respiratory syndrome coronavirus 2,5S1U,Protease
Severe acute respiratory syndrome coronavirus 2,5S1U,NSP Proteins
Severe acute respiratory syndrome coronavirus 2,5S1W,Protease
Severe acute respiratory syndrome coronavirus 2,5S1W,NSP Proteins
Severe acute respiratory syndrome coronavirus 2,5S1Y,Protease
Severe acute respiratory syndrome coronavirus 2,5S1Y,NSP Proteins
Severe acute respiratory syndrome coronavirus 2,5S20,Protease
Severe acute respiratory syndrome coronavirus 2,5S20,NSP Proteins
Severe acute respiratory syndrome coronavirus 2,5S22,Protease
Severe acute respiratory syndrome coronavirus 2,5S22,NSP Proteins
Severe acute respiratory syndrome coronavirus 2,5S24,Protease
Severe acute respiratory syndrome coronavirus 2,5S24,NSP Proteins
Severe acute respiratory syndrome coronavirus 2,5S26,Protease
Severe acute respiratory syndrome coronavirus 2,5S26,NSP Proteins
Severe acute respiratory syndrome coronavirus 2,5S27,Protease
Severe acute respiratory syndrome coronavirus 2,5S27,NSP Proteins
Severe acute respiratory syndrome coronavirus 2,5S28,Protease
Severe acute respiratory syndrome coronavirus 2,5S28,NSP Proteins
Severe acute respiratory syndrome coronavirus 2,5S29,Protease
Severe acute respiratory syndrome coronavirus 2,5S29,NSP Proteins
Severe acute respiratory syndrome coronavirus 2,5S2A,Protease
Severe acute respiratory syndrome coronavirus 2,5S2A,NSP Proteins
Severe acute respiratory syndrome coronavirus 2,5S2B,Protease
Severe acute respiratory syndrome coronavirus 2,5S2B,NSP Proteins
Severe acute respiratory syndrome coronavirus 2,5S2C,Protease
Severe acute respiratory syndrome coronavirus 2,5S2C,NSP Proteins
Severe acute respiratory syndrome coronavirus 2,5S2D,Protease
Severe acute respiratory syndrome coronavirus 2,5S2D,NSP Proteins
Severe acute respiratory syndrome coronavirus 2,5S2E,Protease
Severe acute respiratory syndrome coronavirus 2,5S2E,NSP Proteins
Severe acute respiratory syndrome coronavirus 2,5S2F,Protease
Severe acute respiratory syndrome coronavirus 2,5S2F,NSP Proteins
Severe acute respiratory syndrome coronavirus 2,5S2G,Protease
Severe acute respiratory syndrome coronavirus 2,5S2G,NSP Proteins
Severe acute respiratory syndrome coronavirus 2,5S2H,Protease
Severe acute respiratory syndrome coronavirus 2,5S2H,NSP Proteins
Severe acute respiratory syndrome coronavirus 2,5S2I,Protease
Severe acute respiratory syndrome coronavirus 2,5S2I,NSP Proteins
Severe acute respiratory syndrome coronavirus 2,5S2J,Protease
Severe acute respiratory syndrome coronavirus 2,5S2J,NSP Proteins
Severe acute respiratory syndrome coronavirus 2,5S2K,Protease
Severe acute respiratory syndrome coronavirus 2,5S2K,NSP Proteins
Severe acute respiratory syndrome coronavirus 2,5S2L,Protease
Severe acute respiratory syndrome coronavirus 2,5S2L,NSP Proteins
Severe acute respiratory syndrome coronavirus 2,5S2M,Protease
Severe acute respiratory syndrome coronavirus 2,5S2M,NSP Proteins
Severe acute respiratory syndrome coronavirus 2,5S2N,Protease
Severe acute respiratory syndrome coronavirus 2,5S2N,NSP Proteins
Severe acute respiratory syndrome coronavirus 2,5S2O,Protease
Severe acute respiratory syndrome coronavirus 2,5S2O,NSP Proteins
Severe acute respiratory syndrome coronavirus 2,5S2P,Protease
Severe acute respiratory syndrome coronavirus 2,5S2P,NSP Proteins
Severe acute respiratory syndrome coronavirus 2,5S2Q,Protease
Severe acute respiratory syndrome coronavirus 2,5S2Q,NSP Proteins
Severe acute respiratory syndrome coronavirus 2,5S2R,Protease
Severe acute respiratory syndrome coronavirus 2,5S2R,NSP Proteins
Severe acute respiratory syndrome coronavirus 2,5S2S,Protease
Severe acute respiratory syndrome coronavirus 2,5S2S,NSP Proteins
Severe acute respiratory syndrome coronavirus 2,5S2T,Protease
Severe acute respiratory syndrome coronavirus 2,5S2T,NSP Proteins
Severe acute respiratory syndrome coronavirus 2,5S2U,Protease
Severe acute respiratory syndrome coronavirus 2,5S2U,NSP Proteins
Severe acute respiratory syndrome coronavirus 2,5S2V,Protease
Severe acute respiratory syndrome coronavirus 2,5S2V,NSP Proteins
Severe acute respiratory syndrome coronavirus 2,5S2W,Protease
Severe acute respiratory syndrome coronavirus 2,5S2W,NSP Proteins
Severe acute respiratory syndrome coronavirus 2,5S2X,Protease
Severe acute respiratory syndrome coronavirus 2,5S2X,NSP Proteins
Severe acute respiratory syndrome coronavirus 2,5S2Y,Protease
Severe acute respiratory syndrome coronavirus 2,5S2Y,NSP Proteins
Severe acute respiratory syndrome coronavirus 2,5S2Z,Protease
Severe acute respiratory syndrome coronavirus 2,5S2Z,NSP Proteins
Severe acute respiratory syndrome coronavirus 2,5S30,Protease
Severe acute respiratory syndrome coronavirus 2,5S30,NSP Proteins
Severe acute respiratory syndrome coronavirus 2,5S31,Protease
Severe acute respiratory syndrome coronavirus 2,5S31,NSP Proteins
Severe acute respiratory syndrome coronavirus 2,5S32,Protease
Severe acute respiratory syndrome coronavirus 2,5S32,NSP Proteins
Severe acute respiratory syndrome coronavirus 2,5S33,Protease
Severe acute respiratory syndrome coronavirus 2,5S33,NSP Proteins
Severe acute respiratory syndrome coronavirus 2,5S34,Protease
Severe acute respiratory syndrome coronavirus 2,5S34,NSP Proteins
Severe acute respiratory syndrome coronavirus 2,5S35,Protease
Severe acute respiratory syndrome coronavirus 2,5S35,NSP Proteins
Severe acute respiratory syndrome coronavirus 2,5S36,Protease
Severe acute respiratory syndrome coronavirus 2,5S36,NSP Proteins
Severe acute respiratory syndrome coronavirus 2,5S37,Protease
Severe acute respiratory syndrome coronavirus 2,5S37,NSP Proteins
Severe acute respiratory syndrome coronavirus 2,5S38,Protease
Severe acute respiratory syndrome coronavirus 2,5S38,NSP Proteins
Severe acute respiratory syndrome coronavirus 2,5S39,Protease
Severe acute respiratory syndrome coronavirus 2,5S39,NSP Proteins
Severe acute respiratory syndrome coronavirus 2,5S3A,Protease
Severe acute respiratory syndrome coronavirus 2,5S3A,NSP Proteins
Severe acute respiratory syndrome coronavirus 2,5S3B,Protease
Severe acute respiratory syndrome coronavirus 2,5S3B,NSP Proteins
Severe acute respiratory syndrome coronavirus 2,5S3C,Protease
Severe acute respiratory syndrome coronavirus 2,5S3C,NSP Proteins
Severe acute respiratory syndrome coronavirus 2,5S3D,Protease
Severe acute respiratory syndrome coronavirus 2,5S3D,NSP Proteins
Severe acute respiratory syndrome coronavirus 2,5S3E,Protease
Severe acute respiratory syndrome coronavirus 2,5S3E,NSP Proteins
Severe acute respiratory syndrome coronavirus 2,5S3F,Protease
Severe acute respiratory syndrome coronavirus 2,5S3F,NSP Proteins
Severe acute respiratory syndrome coronavirus 2,5S3G,Protease
Severe acute respiratory syndrome coronavirus 2,5S3G,NSP Proteins
Severe acute respiratory syndrome coronavirus 2,5S3H,Protease
Severe acute respiratory syndrome coronavirus 2,5S3H,NSP Proteins
Severe acute respiratory syndrome coronavirus 2,5S3I,Protease
Severe acute respiratory syndrome coronavirus 2,5S3I,NSP Proteins
Severe acute respiratory syndrome coronavirus 2,5S3J,Protease
Severe acute respiratory syndrome coronavirus 2,5S3J,NSP Proteins
Severe acute respiratory syndrome coronavirus 2,5S3K,Protease
Severe acute respiratory syndrome coronavirus 2,5S3K,NSP Proteins
Severe acute respiratory syndrome coronavirus 2,5S3L,Protease
Severe acute respiratory syndrome coronavirus 2,5S3L,NSP Proteins
Severe acute respiratory syndrome coronavirus 2,5S3M,Protease
Severe acute respiratory syndrome coronavirus 2,5S3M,NSP Proteins
Severe acute respiratory syndrome coronavirus 2,5S3N,Protease
Severe acute respiratory syndrome coronavirus 2,5S3N,NSP Proteins
Severe acute respiratory syndrome coronavirus 2,5S3O,Protease
Severe acute respiratory syndrome coronavirus 2,5S3O,NSP Proteins
Severe acute respiratory syndrome coronavirus 2,5S3P,Protease
Severe acute respiratory syndrome coronavirus 2,5S3P,NSP Proteins
Severe acute respiratory syndrome coronavirus 2,5S3Q,Protease
Severe acute respiratory syndrome coronavirus 2,5S3Q,NSP Proteins
Severe acute respiratory syndrome coronavirus 2,5S3R,Protease
Severe acute respiratory syndrome coronavirus 2,5S3R,NSP Proteins
Severe acute respiratory syndrome coronavirus 2,5S3S,Protease
Severe acute respiratory syndrome coronavirus 2,5S3S,NSP Proteins
Severe acute respiratory syndrome coronavirus 2,5S3T,Protease
Severe acute respiratory syndrome coronavirus 2,5S3T,NSP Proteins
Severe acute respiratory syndrome coronavirus 2,5S3U,Protease
Severe acute respiratory syndrome coronavirus 2,5S3U,NSP Proteins
Severe acute respiratory syndrome coronavirus 2,5S3V,Protease
Severe acute respiratory syndrome coronavirus 2,5S3V,NSP Proteins
Severe acute respiratory syndrome coronavirus 2,5S3W,Protease
Severe acute respiratory syndrome coronavirus 2,5S3W,NSP Proteins
Severe acute respiratory syndrome coronavirus 2,5S3X,Protease
Severe acute respiratory syndrome coronavirus 2,5S3X,NSP Proteins
Severe acute respiratory syndrome coronavirus 2,5S3Y,Protease
Severe acute respiratory syndrome coronavirus 2,5S3Y,NSP Proteins
Severe acute respiratory syndrome coronavirus 2,5S3Z,Protease
Severe acute respiratory syndrome coronavirus 2,5S3Z,NSP Proteins
Severe acute respiratory syndrome coronavirus 2,5S40,Protease
Severe acute respiratory syndrome coronavirus 2,5S40,NSP Proteins
Severe acute respiratory syndrome coronavirus 2,5S41,Protease
Severe acute respiratory syndrome coronavirus 2,5S41,NSP Proteins
Severe acute respiratory syndrome coronavirus 2,5S42,Protease
Severe acute respiratory syndrome coronavirus 2,5S42,NSP Proteins
Severe acute respiratory syndrome coronavirus 2,5S43,Protease
Severe acute respiratory syndrome coronavirus 2,5S43,NSP Proteins
Severe acute respiratory syndrome coronavirus 2,5S44,Protease
Severe acute respiratory syndrome coronavirus 2,5S44,NSP Proteins
Severe acute respiratory syndrome coronavirus 2,5S45,Protease
Severe acute respiratory syndrome coronavirus 2,5S45,NSP Proteins
Severe acute respiratory syndrome coronavirus 2,5S46,Protease
Severe acute respiratory syndrome coronavirus 2,5S46,NSP Proteins
Severe acute respiratory syndrome coronavirus 2,5S47,Protease
Severe acute respiratory syndrome coronavirus 2,5S47,NSP Proteins
Severe acute respiratory syndrome coronavirus 2,5S48,Protease
Severe acute respiratory syndrome coronavirus 2,5S48,NSP Proteins
Severe acute respiratory syndrome coronavirus 2,5S49,Protease
Severe acute respiratory syndrome coronavirus 2,5S49,NSP Proteins
Severe acute respiratory syndrome coronavirus 2,5S4A,Protease
Severe acute respiratory syndrome coronavirus 2,5S4A,NSP Proteins
Severe acute respiratory syndrome coronavirus 2,5S4B,Protease
Severe acute respiratory syndrome coronavirus 2,5S4B,NSP Proteins
Severe acute respiratory syndrome coronavirus 2,5S4C,Protease
Severe acute respiratory syndrome coronavirus 2,5S4C,NSP Proteins
Severe acute respiratory syndrome coronavirus 2,5S4D,Protease
Severe acute respiratory syndrome coronavirus 2,5S4D,NSP Proteins
Severe acute respiratory syndrome coronavirus 2,5S4E,Protease
Severe acute respiratory syndrome coronavirus 2,5S4E,NSP Proteins
Severe acute respiratory syndrome coronavirus 2,5S4F,Protease
Severe acute respiratory syndrome coronavirus 2,5S4F,NSP Proteins
Severe acute respiratory syndrome coronavirus 2,5S4G,Protease
Severe acute respiratory syndrome coronavirus 2,5S4G,NSP Proteins
Severe acute respiratory syndrome coronavirus 2,5S4H,Protease
Severe acute respiratory syndrome coronavirus 2,5S4H,NSP Proteins
Severe acute respiratory syndrome coronavirus 2,5S4I,Protease
Severe acute respiratory syndrome coronavirus 2,5S4I,NSP Proteins
Severe acute respiratory syndrome coronavirus 2,5S4J,Protease
Severe acute respiratory syndrome coronavirus 2,5S4J,NSP Proteins
Severe acute respiratory syndrome coronavirus 2,5S4K,Protease
Severe acute respiratory syndrome coronavirus 2,5S4K,NSP Proteins
Severe acute respiratory syndrome coronavirus 2,5S6X,NSP Proteins
Severe acute respiratory syndrome coronavirus 2,5S6Y,NSP Proteins
Severe acute respiratory syndrome coronavirus 2,5S6Z,NSP Proteins
Severe acute respiratory syndrome coronavirus 2,5S70,NSP Proteins
Severe acute respiratory syndrome coronavirus 2,5S71,NSP Proteins
Severe acute respiratory syndrome coronavirus 2,5S72,NSP Proteins
Severe acute respiratory syndrome coronavirus 2,5S73,Protease
Severe acute respiratory syndrome coronavirus 2,5S73,NSP Proteins
Severe acute respiratory syndrome coronavirus 2,5S74,Protease
Severe acute respiratory syndrome coronavirus 2,5S74,NSP Proteins
Severe acute respiratory syndrome coronavirus 2,5SA4,NSP Proteins
Severe acute respiratory syndrome coronavirus 2,5SA5,NSP Proteins
Severe acute respiratory syndrome coronavirus 2,5SA6,NSP Proteins
Severe acute respiratory syndrome coronavirus 2,5SA7,NSP Proteins
Severe acute respiratory syndrome coronavirus 2,5SA8,NSP Proteins
Severe acute respiratory syndrome coronavirus 2,5SA9,NSP Proteins
Severe acute respiratory syndrome coronavirus 2,5SAA,NSP Proteins
Severe acute respiratory syndrome coronavirus 2,5SAB,NSP Proteins
Severe acute respiratory syndrome coronavirus 2,5SAC,NSP Proteins
Severe acute respiratory syndrome coronavirus 2,5SAD,NSP Proteins
Severe acute respiratory syndrome coronavirus 2,5SAE,NSP Proteins
Severe acute respiratory syndrome coronavirus 2,5SAF,NSP Proteins
Severe acute respiratory syndrome coronavirus 2,5SAG,NSP Proteins
Severe acute respiratory syndrome coronavirus 2,5SAH,NSP Proteins
Severe acute respiratory syndrome coronavirus 2,5SAI,NSP Proteins
Severe acute respiratory syndrome coronavirus 2,5SBF,NSP Proteins
Severe acute respiratory syndrome coronavirus 2,5SKW,NSP Proteins
Severe acute respiratory syndrome coronavirus 2,5SKX,NSP Proteins
Severe acute respiratory syndrome coronavirus 2,5SKY,NSP Proteins
Severe acute respiratory syndrome coronavirus 2,5SKZ,NSP Proteins
Severe acute respiratory syndrome coronavirus 2,5SL0,NSP Proteins
Severe acute respiratory syndrome coronavirus 2,5SL1,NSP Proteins
Severe acute respiratory syndrome coronavirus 2,5SL2,NSP Proteins
Severe acute respiratory syndrome coronavirus 2,5SL3,NSP Proteins
Severe acute respiratory syndrome coronavirus 2,5SL4,NSP Proteins
Severe acute respiratory syndrome coronavirus 2,5SL5,NSP Proteins
Severe acute respiratory syndrome coronavirus 2,5SL6,NSP Proteins
Severe acute respiratory syndrome coronavirus 2,5SL7,NSP Proteins
Severe acute respiratory syndrome coronavirus 2,5SL8,NSP Proteins
Severe acute respiratory syndrome coronavirus 2,5SL9,NSP Proteins
Severe acute respiratory syndrome coronavirus 2,5SLA,NSP Proteins
Severe acute respiratory syndrome coronavirus 2,5SLB,NSP Proteins
Severe acute respiratory syndrome coronavirus 2,5SLC,NSP Proteins
Severe acute respiratory syndrome coronavirus 2,5SLD,NSP Proteins
Severe acute respiratory syndrome coronavirus 2,5SLE,NSP Proteins
Severe acute respiratory syndrome coronavirus 2,5SLF,NSP Proteins
Severe acute respiratory syndrome coronavirus 2,5SLG,NSP Proteins
Severe acute respiratory syndrome coronavirus 2,5SLH,NSP Proteins
Severe acute respiratory syndrome coronavirus 2,5SLI,NSP Proteins
Severe acute respiratory syndrome coronavirus 2,5SLJ,NSP Proteins
Severe acute respiratory syndrome coronavirus 2,5SLK,NSP Proteins
Severe acute respiratory syndrome coronavirus 2,5SLL,NSP Proteins
Severe acute respiratory syndrome coronavirus 2,5SLM,NSP Proteins
Severe acute respiratory syndrome coronavirus 2,5SLN,NSP Proteins
Severe acute respiratory syndrome coronavirus 2,5SLO,NSP Proteins
Severe acute respiratory syndrome coronavirus 2,5SLP,NSP Proteins
Severe acute respiratory syndrome coronavirus 2,5SLQ,NSP Proteins
Severe acute respiratory syndrome coronavirus 2,5SLR,NSP Proteins
Severe acute respiratory syndrome coronavirus 2,5SLS,NSP Proteins
Severe acute respiratory syndrome coronavirus 2,5SLT,NSP Proteins
Severe acute respiratory syndrome coronavirus 2,5SLU,NSP Proteins
Severe acute respiratory syndrome coronavirus 2,5SLV,NSP Proteins
Severe acute respiratory syndrome coronavirus 2,5SLW,NSP Proteins
Severe acute respiratory syndrome coronavirus 2,5SLX,NSP Proteins
Severe acute respiratory syndrome coronavirus 2,5SLY,NSP Proteins
Severe acute respiratory syndrome coronavirus 2,5SLZ,NSP Proteins
Severe acute respiratory syndrome coronavirus 2,5SM0,NSP Proteins
Severe acute respiratory syndrome coronavirus 2,5SM1,NSP Proteins
Severe acute respiratory syndrome coronavirus 2,5SM2,NSP Proteins
Severe acute respiratory syndrome coronavirus 2,5SM3,NSP Proteins
Severe acute respiratory syndrome coronavirus 2,5SM4,NSP Proteins
Severe acute respiratory syndrome coronavirus 2,5SM5,NSP Proteins
Severe acute respiratory syndrome coronavirus 2,5SM6,NSP Proteins
Severe acute respiratory syndrome coronavirus 2,5SM7,NSP Proteins
Severe acute respiratory syndrome coronavirus 2,5SM8,NSP Proteins
Severe acute respiratory syndrome coronavirus 2,5SM9,NSP Proteins
Severe acute respiratory syndrome coronavirus 2,5SMA,NSP Proteins
Severe acute respiratory syndrome coronavirus 2,5SMB,NSP Proteins
Severe acute respiratory syndrome coronavirus 2,5SMC,NSP Proteins
Severe acute respiratory syndrome coronavirus 2,5SMD,NSP Proteins
Severe acute respiratory syndrome coronavirus 2,5SME,NSP Proteins
Severe acute respiratory syndrome coronavirus 2,5SMF,NSP Proteins
Severe acute respiratory syndrome coronavirus 2,5SMG,NSP Proteins
Severe acute respiratory syndrome coronavirus 2,5SMH,NSP Proteins
Severe acute respiratory syndrome coronavirus 2,5SMI,NSP Proteins
Severe acute respiratory syndrome coronavirus 2,5SMK,NSP Proteins
Severe acute respiratory syndrome coronavirus 2,5SML,Protease
Severe acute respiratory syndrome coronavirus 2,5SML,NSP Proteins
Severe acute respiratory syndrome coronavirus 2,5SMM,Protease
Severe acute respiratory syndrome coronavirus 2,5SMM,NSP Proteins
Severe acute respiratory syndrome coronavirus 2,5SMN,Protease
Severe acute respiratory syndrome coronavirus 2,5SMN,NSP Proteins
Severe acute respiratory syndrome coronavirus 2,5SOI,Protease
Severe acute respiratory syndrome coronavirus 2,5SOI,NSP Proteins
Severe acute respiratory syndrome coronavirus 2,5SOJ,Protease
Severe acute respiratory syndrome coronavirus 2,5SOJ,NSP Proteins
Severe acute respiratory syndrome coronavirus 2,5SOK,Protease
Severe acute respiratory syndrome coronavirus 2,5SOK,NSP Proteins
Severe acute respiratory syndrome coronavirus 2,5SOL,Protease
Severe acute respiratory syndrome coronavirus 2,5SOL,NSP Proteins
Severe acute respiratory syndrome coronavirus 2,5SOM,Protease
Severe acute respiratory syndrome coronavirus 2,5SOM,NSP Proteins
Severe acute respiratory syndrome coronavirus 2,5SON,Protease
Severe acute respiratory syndrome coronavirus 2,5SON,NSP Proteins
Severe acute respiratory syndrome coronavirus 2,5SOO,Protease
Severe acute respiratory syndrome coronavirus 2,5SOO,NSP Proteins
Severe acute respiratory syndrome coronavirus 2,5SOP,Protease
Severe acute respiratory syndrome coronavirus 2,5SOP,NSP Proteins
Severe acute respiratory syndrome coronavirus 2,5SOQ,Protease
Severe acute respiratory syndrome coronavirus 2,5SOQ,NSP Proteins
Severe acute respiratory syndrome coronavirus 2,5SOR,Protease
Severe acute respiratory syndrome coronavirus 2,5SOR,NSP Proteins
Severe acute respiratory syndrome coronavirus 2,5SOS,Protease
Severe acute respiratory syndrome coronavirus 2,5SOS,NSP Proteins
Severe acute respiratory syndrome coronavirus 2,5SOT,Protease
Severe acute respiratory syndrome coronavirus 2,5SOT,NSP Proteins
Severe acute respiratory syndrome coronavirus 2,5SOU,Protease
Severe acute respiratory syndrome coronavirus 2,5SOU,NSP Proteins
Severe acute respiratory syndrome coronavirus 2,5SOV,Protease
Severe acute respiratory syndrome coronavirus 2,5SOV,NSP Proteins
Severe acute respiratory syndrome coronavirus 2,5SOW,Protease
Severe acute respiratory syndrome coronavirus 2,5SOW,NSP Proteins
Severe acute respiratory syndrome coronavirus 2,5SOX,Protease
Severe acute respiratory syndrome coronavirus 2,5SOX,NSP Proteins
Severe acute respiratory syndrome coronavirus 2,5SOY,Protease
Severe acute respiratory syndrome coronavirus 2,5SOY,NSP Proteins
Severe acute respiratory syndrome coronavirus 2,5SOZ,Protease
Severe acute respiratory syndrome coronavirus 2,5SOZ,NSP Proteins
Severe acute respiratory syndrome coronavirus 2,5SP0,Protease
Severe acute respiratory syndrome coronavirus 2,5SP0,NSP Proteins
Severe acute respiratory syndrome coronavirus 2,5SP1,Protease
Severe acute respiratory syndrome coronavirus 2,5SP1,NSP Proteins
Severe acute respiratory syndrome coronavirus 2,5SP2,Protease
Severe acute respiratory syndrome coronavirus 2,5SP2,NSP Proteins
Severe acute respiratory syndrome coronavirus 2,5SP3,Protease
Severe acute respiratory syndrome coronavirus 2,5SP3,NSP Proteins
Severe acute respiratory syndrome coronavirus 2,5SP4,Protease
Severe acute respiratory syndrome coronavirus 2,5SP4,NSP Proteins
Severe acute respiratory syndrome coronavirus 2,5SP6,Protease
Severe acute respiratory syndrome coronavirus 2,5SP6,NSP Proteins
Severe acute respiratory syndrome coronavirus 2,5SP7,Protease
Severe acute respiratory syndrome coronavirus 2,5SP7,NSP Proteins
Severe acute respiratory syndrome coronavirus 2,5SP8,Protease
Severe acute respiratory syndrome coronavirus 2,5SP8,NSP Proteins
Severe acute respiratory syndrome coronavirus 2,5SP9,Protease
Severe acute respiratory syndrome coronavirus 2,5SP9,NSP Proteins
Severe acute respiratory syndrome coronavirus 2,5SPA,Protease
Severe acute respiratory syndrome coronavirus 2,5SPA,NSP Proteins
Severe acute respiratory syndrome coronavirus 2,5SPB,Protease
Severe acute respiratory syndrome coronavirus 2,5SPB,NSP Proteins
Severe acute respiratory syndrome coronavirus 2,5SPC,Protease
Severe acute respiratory syndrome coronavirus 2,5SPC,NSP Proteins
Severe acute respiratory syndrome coronavirus 2,5SPD,Protease
Severe acute respiratory syndrome coronavirus 2,5SPD,NSP Proteins
Severe acute respiratory syndrome coronavirus 2,5SPE,Protease
Severe acute respiratory syndrome coronavirus 2,5SPE,NSP Proteins
Severe acute respiratory syndrome coronavirus 2,5SPF,Protease
Severe acute respiratory syndrome coronavirus 2,5SPF,NSP Proteins
Severe acute respiratory syndrome coronavirus 2,5SPG,Protease
Severe acute respiratory syndrome coronavirus 2,5SPG,NSP Proteins
Severe acute respiratory syndrome coronavirus 2,5SPH,Protease
Severe acute respiratory syndrome coronavirus 2,5SPH,NSP Proteins
Severe acute respiratory syndrome coronavirus 2,5SPI,Protease
Severe acute respiratory syndrome coronavirus 2,5SPI,NSP Proteins
Severe acute respiratory syndrome coronavirus 2,5SPJ,Protease
Severe acute respiratory syndrome coronavirus 2,5SPJ,NSP Proteins
Severe acute respiratory syndrome coronavirus 2,5SPK,Protease
Severe acute respiratory syndrome coronavirus 2,5SPK,NSP Proteins
Severe acute respiratory syndrome coronavirus 2,5SPL,Protease
Severe acute respiratory syndrome coronavirus 2,5SPL,NSP Proteins
Severe acute respiratory syndrome coronavirus 2,5SPM,Protease
Severe acute respiratory syndrome coronavirus 2,5SPM,NSP Proteins
Severe acute respiratory syndrome coronavirus 2,5SPN,Protease
Severe acute respiratory syndrome coronavirus 2,5SPN,NSP Proteins
Severe acute respiratory syndrome coronavirus 2,5SPO,Protease
Severe acute respiratory syndrome coronavirus 2,5SPO,NSP Proteins
Severe acute respiratory syndrome coronavirus 2,5SPP,Protease
Severe acute respiratory syndrome coronavirus 2,5SPP,NSP Proteins
Severe acute respiratory syndrome coronavirus 2,5SPQ,Protease
Severe acute respiratory syndrome coronavirus 2,5SPQ,NSP Proteins
Severe acute respiratory syndrome coronavirus 2,5SPR,Protease
Severe acute respiratory syndrome coronavirus 2,5SPR,NSP Proteins
Severe acute respiratory syndrome coronavirus 2,5SPS,Protease
Severe acute respiratory syndrome coronavirus 2,5SPS,NSP Proteins
Severe acute respiratory syndrome coronavirus 2,5SPT,Protease
Severe acute respiratory syndrome coronavirus 2,5SPT,NSP Proteins
Severe acute respiratory syndrome coronavirus 2,5SPU,Protease
Severe acute respiratory syndrome coronavirus 2,5SPU,NSP Proteins
Severe acute respiratory syndrome coronavirus 2,5SPV,Protease
Severe acute respiratory syndrome coronavirus 2,5SPV,NSP Proteins
Severe acute respiratory syndrome coronavirus 2,5SPW,Protease
Severe acute respiratory syndrome coronavirus 2,5SPW,NSP Proteins
Severe acute respiratory syndrome coronavirus 2,5SPX,Protease
Severe acute respiratory syndrome coronavirus 2,5SPX,NSP Proteins
Severe acute respiratory syndrome coronavirus 2,5SPY,Protease
Severe acute respiratory syndrome coronavirus 2,5SPY,NSP Proteins
Severe acute respiratory syndrome coronavirus 2,5SPZ,Protease
Severe acute respiratory syndrome coronavirus 2,5SPZ,NSP Proteins
Severe acute respiratory syndrome coronavirus 2,5SQ0,Protease
Severe acute respiratory syndrome coronavirus 2,5SQ0,NSP Proteins
Severe acute respiratory syndrome coronavirus 2,5SQ1,Protease
Severe acute respiratory syndrome coronavirus 2,5SQ1,NSP Proteins
Severe acute respiratory syndrome coronavirus 2,5SQ2,Protease
Severe acute respiratory syndrome coronavirus 2,5SQ2,NSP Proteins
Severe acute respiratory syndrome coronavirus 2,5SQ3,Protease
Severe acute respiratory syndrome coronavirus 2,5SQ3,NSP Proteins
Severe acute respiratory syndrome coronavirus 2,5SQ4,Protease
Severe acute respiratory syndrome coronavirus 2,5SQ4,NSP Proteins
Severe acute respiratory syndrome coronavirus 2,5SQ5,Protease
Severe acute respiratory syndrome coronavirus 2,5SQ5,NSP Proteins
Severe acute respiratory syndrome coronavirus 2,5SQ6,Protease
Severe acute respiratory syndrome coronavirus 2,5SQ6,NSP Proteins
Severe acute respiratory syndrome coronavirus 2,5SQ7,Protease
Severe acute respiratory syndrome coronavirus 2,5SQ7,NSP Proteins
Severe acute respiratory syndrome coronavirus 2,5SQ8,Protease
Severe acute respiratory syndrome coronavirus 2,5SQ8,NSP Proteins
Severe acute respiratory syndrome coronavirus 2,5SQ9,Protease
Severe acute respiratory syndrome coronavirus 2,5SQ9,NSP Proteins
Severe acute respiratory syndrome coronavirus 2,5SQA,Protease
Severe acute respiratory syndrome coronavirus 2,5SQA,NSP Proteins
Severe acute respiratory syndrome coronavirus 2,5SQB,Protease
Severe acute respiratory syndrome coronavirus 2,5SQB,NSP Proteins
Severe acute respiratory syndrome coronavirus 2,5SQC,Protease
Severe acute respiratory syndrome coronavirus 2,5SQC,NSP Proteins
Severe acute respiratory syndrome coronavirus 2,5SQD,Protease
Severe acute respiratory syndrome coronavirus 2,5SQD,NSP Proteins
Severe acute respiratory syndrome coronavirus 2,5SQE,Protease
Severe acute respiratory syndrome coronavirus 2,5SQE,NSP Proteins
Severe acute respiratory syndrome coronavirus 2,5SQF,Protease
Severe acute respiratory syndrome coronavirus 2,5SQF,NSP Proteins
Severe acute respiratory syndrome coronavirus 2,5SQG,Protease
Severe acute respiratory syndrome coronavirus 2,5SQG,NSP Proteins
Severe acute respiratory syndrome coronavirus 2,5SQH,Protease
Severe acute respiratory syndrome coronavirus 2,5SQH,NSP Proteins
Severe acute respiratory syndrome coronavirus 2,5SQI,Protease
Severe acute respiratory syndrome coronavirus 2,5SQI,NSP Proteins
Severe acute respiratory syndrome coronavirus 2,5SQJ,Protease
Severe acute respiratory syndrome coronavirus 2,5SQJ,NSP Proteins
Severe acute respiratory syndrome coronavirus 2,5SQK,Protease
Severe acute respiratory syndrome coronavirus 2,5SQK,NSP Proteins
Severe acute respiratory syndrome coronavirus 2,5SQL,Protease
Severe acute respiratory syndrome coronavirus 2,5SQL,NSP Proteins
Severe acute respiratory syndrome coronavirus 2,5SQM,Protease
Severe acute respiratory syndrome coronavirus 2,5SQM,NSP Proteins
Severe acute respiratory syndrome coronavirus 2,5SQN,Protease
Severe acute respiratory syndrome coronavirus 2,5SQN,NSP Proteins
Severe acute respiratory syndrome coronavirus 2,5SQO,Protease
Severe acute respiratory syndrome coronavirus 2,5SQO,NSP Proteins
Severe acute respiratory syndrome coronavirus 2,5SQP,Protease
Severe acute respiratory syndrome coronavirus 2,5SQP,NSP Proteins
Severe acute respiratory syndrome coronavirus 2,5SQQ,Protease
Severe acute respiratory syndrome coronavirus 2,5SQQ,NSP Proteins
Severe acute respiratory syndrome coronavirus 2,5SQR,Protease
Severe acute respiratory syndrome coronavirus 2,5SQR,NSP Proteins
Severe acute respiratory syndrome coronavirus 2,5SQS,Protease
Severe acute respiratory syndrome coronavirus 2,5SQS,NSP Proteins
Severe acute respiratory syndrome coronavirus 2,5SQT,Protease
Severe acute respiratory syndrome coronavirus 2,5SQT,NSP Proteins
Severe acute respiratory syndrome coronavirus 2,5SQU,Protease
Severe acute respiratory syndrome coronavirus 2,5SQU,NSP Proteins
Severe acute respiratory syndrome coronavirus 2,5SQV,Protease
Severe acute respiratory syndrome coronavirus 2,5SQV,NSP Proteins
Severe acute respiratory syndrome coronavirus 2,5SQW,Protease
Severe acute respiratory syndrome coronavirus 2,5SQW,NSP Proteins
Severe acute respiratory syndrome coronavirus 2,5SQX,Protease
Severe acute respiratory syndrome coronavirus 2,5SQX,NSP Proteins
Severe acute respiratory syndrome coronavirus 2,5SQY,Protease
Severe acute respiratory syndrome coronavirus 2,5SQY,NSP Proteins
Severe acute respiratory syndrome coronavirus 2,5SQZ,Protease
Severe acute respiratory syndrome coronavirus 2,5SQZ,NSP Proteins
Severe acute respiratory syndrome coronavirus 2,5SR0,Protease
Severe acute respiratory syndrome coronavirus 2,5SR0,NSP Proteins
Severe acute respiratory syndrome coronavirus 2,5SR1,Protease
Severe acute respiratory syndrome coronavirus 2,5SR1,NSP Proteins
Severe acute respiratory syndrome coronavirus 2,5SR2,Protease
Severe acute respiratory syndrome coronavirus 2,5SR2,NSP Proteins
Severe acute respiratory syndrome coronavirus 2,5SR3,Protease
Severe acute respiratory syndrome coronavirus 2,5SR3,NSP Proteins
Severe acute respiratory syndrome coronavirus 2,5SR4,Protease
Severe acute respiratory syndrome coronavirus 2,5SR4,NSP Proteins
Severe acute respiratory syndrome coronavirus 2,5SR5,Protease
Severe acute respiratory syndrome coronavirus 2,5SR5,NSP Proteins
Severe acute respiratory syndrome coronavirus 2,5SR6,Protease
Severe acute respiratory syndrome coronavirus 2,5SR6,NSP Proteins
Severe acute respiratory syndrome coronavirus 2,5SR7,Protease
Severe acute respiratory syndrome coronavirus 2,5SR7,NSP Proteins
Severe acute respiratory syndrome coronavirus 2,5SR8,Protease
Severe acute respiratory syndrome coronavirus 2,5SR8,NSP Proteins
Severe acute respiratory syndrome coronavirus 2,5SR9,Protease
Severe acute respiratory syndrome coronavirus 2,5SR9,NSP Proteins
Severe acute respiratory syndrome coronavirus 2,5SRA,Protease
Severe acute respiratory syndrome coronavirus 2,5SRA,NSP Proteins
Severe acute respiratory syndrome coronavirus 2,5SRB,Protease
Severe acute respiratory syndrome coronavirus 2,5SRB,NSP Proteins
Severe acute respiratory syndrome coronavirus 2,5SRC,Protease
Severe acute respiratory syndrome coronavirus 2,5SRC,NSP Proteins
Severe acute respiratory syndrome coronavirus 2,5SRD,Protease
Severe acute respiratory syndrome coronavirus 2,5SRD,NSP Proteins
Severe acute respiratory syndrome coronavirus 2,5SRE,Protease
Severe acute respiratory syndrome coronavirus 2,5SRE,NSP Proteins
Severe acute respiratory syndrome coronavirus 2,5SRF,Protease
Severe acute respiratory syndrome coronavirus 2,5SRF,NSP Proteins
Severe acute respiratory syndrome coronavirus 2,5SRG,Protease
Severe acute respiratory syndrome coronavirus 2,5SRG,NSP Proteins
Severe acute respiratory syndrome coronavirus 2,5SRH,Protease
Severe acute respiratory syndrome coronavirus 2,5SRH,NSP Proteins
Severe acute respiratory syndrome coronavirus 2,5SRI,Protease
Severe acute respiratory syndrome coronavirus 2,5SRI,NSP Proteins
Severe acute respiratory syndrome coronavirus 2,5SRJ,Protease
Severe acute respiratory syndrome coronavirus 2,5SRJ,NSP Proteins
Severe acute respiratory syndrome coronavirus 2,5SRK,Protease
Severe acute respiratory syndrome coronavirus 2,5SRK,NSP Proteins
Severe acute respiratory syndrome coronavirus 2,5SRL,Protease
Severe acute respiratory syndrome coronavirus 2,5SRL,NSP Proteins
Severe acute respiratory syndrome coronavirus 2,5SRM,Protease
Severe acute respiratory syndrome coronavirus 2,5SRM,NSP Proteins
Severe acute respiratory syndrome coronavirus 2,5SRN,Protease
Severe acute respiratory syndrome coronavirus 2,5SRN,NSP Proteins
Severe acute respiratory syndrome coronavirus 2,5SRO,Protease
Severe acute respiratory syndrome coronavirus 2,5SRO,NSP Proteins
Severe acute respiratory syndrome coronavirus 2,5SRP,Protease
Severe acute respiratory syndrome coronavirus 2,5SRP,NSP Proteins
Severe acute respiratory syndrome coronavirus 2,5SRQ,Protease
Severe acute respiratory syndrome coronavirus 2,5SRQ,NSP Proteins
Severe acute respiratory syndrome coronavirus 2,5SRR,Protease
Severe acute respiratory syndrome coronavirus 2,5SRR,NSP Proteins
Severe acute respiratory syndrome coronavirus 2,5SRS,Protease
Severe acute respiratory syndrome coronavirus 2,5SRS,NSP Proteins
Severe acute respiratory syndrome coronavirus 2,5SRT,Protease
Severe acute respiratory syndrome coronavirus 2,5SRT,NSP Proteins
Severe acute respiratory syndrome coronavirus 2,5SRU,Protease
Severe acute respiratory syndrome coronavirus 2,5SRU,NSP Proteins
Severe acute respiratory syndrome coronavirus 2,5SRV,Protease
Severe acute respiratory syndrome coronavirus 2,5SRV,NSP Proteins
Severe acute respiratory syndrome coronavirus 2,5SRW,Protease
Severe acute respiratory syndrome coronavirus 2,5SRW,NSP Proteins
Severe acute respiratory syndrome coronavirus 2,5SRX,Protease
Severe acute respiratory syndrome coronavirus 2,5SRX,NSP Proteins
Severe acute respiratory syndrome coronavirus 2,5SRY,Protease
Severe acute respiratory syndrome coronavirus 2,5SRY,NSP Proteins
Severe acute respiratory syndrome coronavirus 2,5SRZ,Protease
Severe acute respiratory syndrome coronavirus 2,5SRZ,NSP Proteins
Severe acute respiratory syndrome coronavirus 2,5SS0,Protease
Severe acute respiratory syndrome coronavirus 2,5SS0,NSP Proteins
Severe acute respiratory syndrome coronavirus 2,5SS1,Protease
Severe acute respiratory syndrome coronavirus 2,5SS1,NSP Proteins
Severe acute respiratory syndrome coronavirus 2,5SS2,Protease
Severe acute respiratory syndrome coronavirus 2,5SS2,NSP Proteins
Severe acute respiratory syndrome coronavirus 2,5SS3,Protease
Severe acute respiratory syndrome coronavirus 2,5SS3,NSP Proteins
Severe acute respiratory syndrome coronavirus 2,5SS4,Protease
Severe acute respiratory syndrome coronavirus 2,5SS4,NSP Proteins
Severe acute respiratory syndrome coronavirus 2,5SS5,Protease
Severe acute respiratory syndrome coronavirus 2,5SS5,NSP Proteins
Severe acute respiratory syndrome coronavirus 2,5SS6,Protease
Severe acute respiratory syndrome coronavirus 2,5SS6,NSP Proteins
Severe acute respiratory syndrome coronavirus 2,5SS7,Protease
Severe acute respiratory syndrome coronavirus 2,5SS7,NSP Proteins
Severe acute respiratory syndrome coronavirus 2,5SS8,Protease
Severe acute respiratory syndrome coronavirus 2,5SS8,NSP Proteins
Severe acute respiratory syndrome coronavirus 2,5SS9,Protease
Severe acute respiratory syndrome coronavirus 2,5SS9,NSP Proteins
Severe acute respiratory syndrome coronavirus 2,5SSA,Protease
Severe acute respiratory syndrome coronavirus 2,5SSA,NSP Proteins
Severe acute respiratory syndrome coronavirus 2,5SSB,Protease
Severe acute respiratory syndrome coronavirus 2,5SSB,NSP Proteins
Severe acute respiratory syndrome coronavirus 2,5SSC,Protease
Severe acute respiratory syndrome coronavirus 2,5SSC,NSP Proteins
Severe acute respiratory syndrome coronavirus 2,5SSD,Protease
Severe acute respiratory syndrome coronavirus 2,5SSD,NSP Proteins
Severe acute respiratory syndrome coronavirus 2,5SSE,Protease
Severe acute respiratory syndrome coronavirus 2,5SSE,NSP Proteins
Severe acute respiratory syndrome coronavirus 2,5SSF,Protease
Severe acute respiratory syndrome coronavirus 2,5SSF,NSP Proteins
Severe acute respiratory syndrome coronavirus 2,5SSG,Protease
Severe acute respiratory syndrome coronavirus 2,5SSG,NSP Proteins
Severe acute respiratory syndrome coronavirus 2,5SSH,Protease
Severe acute respiratory syndrome coronavirus 2,5SSH,NSP Proteins
Severe acute respiratory syndrome coronavirus 2,5SSI,Protease
Severe acute respiratory syndrome coronavirus 2,5SSI,NSP Proteins
Severe acute respiratory syndrome coronavirus 2,5SSJ,Protease
Severe acute respiratory syndrome coronavirus 2,5SSJ,NSP Proteins
Severe acute respiratory syndrome coronavirus 2,5SSK,Protease
Severe acute respiratory syndrome coronavirus 2,5SSK,NSP Proteins
Severe acute respiratory syndrome coronavirus 2,5SSL,Protease
Severe acute respiratory syndrome coronavirus 2,5SSL,NSP Proteins
Severe acute respiratory syndrome coronavirus 2,5SSM,Protease
Severe acute respiratory syndrome coronavirus 2,5SSM,NSP Proteins
Severe acute respiratory syndrome coronavirus 2,5SSN,Protease
Severe acute respiratory syndrome coronavirus 2,5SSN,NSP Proteins
Severe acute respiratory syndrome coronavirus 2,5SSO,Protease
Severe acute respiratory syndrome coronavirus 2,5SSO,NSP Proteins
Severe acute respiratory syndrome coronavirus 2,5SSP,Protease
Severe acute respiratory syndrome coronavirus 2,5SSP,NSP Proteins
Severe acute respiratory syndrome coronavirus 2,5SSQ,Protease
Severe acute respiratory syndrome coronavirus 2,5SSQ,NSP Proteins
Severe acute respiratory syndrome coronavirus 2,5SSR,Protease
Severe acute respiratory syndrome coronavirus 2,5SSR,NSP Proteins
Severe acute respiratory syndrome coronavirus 2,6LU7,Protease
Severe acute respiratory syndrome coronavirus 2,6LU7,NSP Proteins
Severe acute respiratory syndrome coronavirus 2,6LVN,Spike Protein
Severe acute respiratory syndrome coronavirus 2,6LXT,Fusion Protein
Severe acute respiratory syndrome coronavirus 2,6LXT,Spike Protein
Severe acute respiratory syndrome coronavirus 2,6LZE,Protease
Severe acute respiratory syndrome coronavirus 2,6LZE,NSP Proteins
Severe acute respiratory syndrome coronavirus 2,6LZG,Spike Protein
Severe acute respiratory syndrome coronavirus 2,6LZG,Protease
Severe acute respiratory syndrome coronavirus 2,6M03,Protease
Severe acute respiratory syndrome coronavirus 2,6M03,NSP Proteins
Severe acute respiratory syndrome coronavirus 2,6M0J,Spike Protein
Severe acute respiratory syndrome coronavirus 2,6M0J,Protease
Severe acute respiratory syndrome coronavirus 2,6M0K,Protease
Severe acute respiratory syndrome coronavirus 2,6M0K,NSP Proteins
Severe acute respiratory syndrome coronavirus 2,6M17,Spike Protein
Severe acute respiratory syndrome coronavirus 2,6M17,Protease
Severe acute respiratory syndrome coronavirus 2,6M1V,Spike Protein
Severe acute respiratory syndrome coronavirus 2,6M2N,Protease
Severe acute respiratory syndrome coronavirus 2,6M2N,NSP Proteins
Severe acute respiratory syndrome coronavirus 2,6M2Q,Protease
Severe acute respiratory syndrome coronavirus 2,6M2Q,NSP Proteins
Severe acute respiratory syndrome coronavirus 2,6M3M,Capsid Protein
Severe acute respiratory syndrome coronavirus 2,6M3M,Nucleoprotein
Severe acute respiratory syndrome coronavirus 2,6M3M,Nucleocapsid Protein
Severe acute respiratory syndrome coronavirus 2,6M5I,NSP Proteins
Severe acute respiratory syndrome coronavirus 2,6M71,Polymerase
Severe acute respiratory syndrome coronavirus 2,6M71,NSP Proteins
Severe acute respiratory syndrome coronavirus 2,6VSB,Spike Protein
Severe acute respiratory syndrome coronavirus 2,6VW1,Spike Protein
Severe acute respiratory syndrome coronavirus 2,6VW1,Protease
Severe acute respiratory syndrome coronavirus 2,6VWW,NSP Proteins
Severe acute respiratory syndrome coronavirus 2,6VXS,Protease
Severe acute respiratory syndrome coronavirus 2,6VXS,NSP Proteins
Severe acute respiratory syndrome coronavirus 2,6VXX,Fusion Protein
Severe acute respiratory syndrome coronavirus 2,6VXX,Spike Protein
Severe acute respiratory syndrome coronavirus 2,6VYB,Fusion Protein
Severe acute respiratory syndrome coronavirus 2,6VYB,Spike Protein
Severe acute respiratory syndrome coronavirus 2,6VYO,Capsid Protein
Severe acute respiratory syndrome coronavirus 2,6VYO,Nucleoprotein
Severe acute respiratory syndrome coronavirus 2,6VYO,Nucleocapsid Protein
Severe acute respiratory syndrome coronavirus 2,6W01,NSP Proteins
Severe acute respiratory syndrome coronavirus 2,6W02,Protease
Severe acute respiratory syndrome coronavirus 2,6W02,NSP Proteins
Severe acute respiratory syndrome coronavirus 2,6W41,Spike Protein
Severe acute respiratory syndrome coronavirus 2,6W4B,NSP Proteins
Severe acute respiratory syndrome coronavirus 2,6W4H,NSP Proteins
Severe acute respiratory syndrome coronavirus 2,6W61,NSP Proteins
Severe acute respiratory syndrome coronavirus 2,6W63,Protease
Severe acute respiratory syndrome coronavirus 2,6W6Y,Protease
Severe acute respiratory syndrome coronavirus 2,6W6Y,NSP Proteins
Severe acute respiratory syndrome coronavirus 2,6W75,NSP Proteins
Severe acute respiratory syndrome coronavirus 2,6W79,Protease
Severe acute respiratory syndrome coronavirus 2,6W9C,Protease
Severe acute respiratory syndrome coronavirus 2,6W9C,NSP Proteins
Severe acute respiratory syndrome coronavirus 2,6W9Q,NSP Proteins
Severe acute respiratory syndrome coronavirus 2,6WC1,NSP Proteins
Severe acute respiratory syndrome coronavirus 2,6WCF,Protease
Severe acute respiratory syndrome coronavirus 2,6WCF,NSP Proteins
Severe acute respiratory syndrome coronavirus 2,6WEN,Protease
Severe acute respiratory syndrome coronavirus 2,6WEN,NSP Proteins
Severe acute respiratory syndrome coronavirus 2,6WEY,Protease
Severe acute respiratory syndrome coronavirus 2,6WEY,NSP Proteins
Severe acute respiratory syndrome coronavirus 2,6WIQ,Polymerase
Severe acute respiratory syndrome coronavirus 2,6WIQ,NSP Proteins
Severe acute respiratory syndrome coronavirus 2,6WJI,Capsid Protein
Severe acute respiratory syndrome coronavirus 2,6WJI,Nucleoprotein
Severe acute respiratory syndrome coronavirus 2,6WJI,Nucleocapsid Protein
Severe acute respiratory syndrome coronavirus 2,6WJT,NSP Proteins
Severe acute respiratory syndrome coronavirus 2,6WKP,Capsid Protein
Severe acute respiratory syndrome coronavirus 2,6WKP,Nucleoprotein
Severe acute respiratory syndrome coronavirus 2,6WKP,Nucleocapsid Protein
Severe acute respiratory syndrome coronavirus 2,6WKQ,NSP Proteins
Severe acute respiratory syndrome coronavirus 2,6WKS,NSP Proteins
Severe acute respiratory syndrome coronavirus 2,6WLC,NSP Proteins
Severe acute respiratory syndrome coronavirus 2,6WNP,Protease
Severe acute respiratory syndrome coronavirus 2,6WOJ,Protease
Severe acute respiratory syndrome coronavirus 2,6WOJ,NSP Proteins
Severe acute respiratory syndrome coronavirus 2,6WPS,Fusion Protein
Severe acute respiratory syndrome coronavirus 2,6WPS,Spike Protein
Severe acute respiratory syndrome coronavirus 2,6WPT,Fusion Protein
Severe acute respiratory syndrome coronavirus 2,6WPT,Spike Protein
Severe acute respiratory syndrome coronavirus 2,6WQ3,NSP Proteins
Severe acute respiratory syndrome coronavirus 2,6WQD,Polymerase
Severe acute respiratory syndrome coronavirus 2,6WQD,Protease
Severe acute respiratory syndrome coronavirus 2,6WQD,NSP Proteins
Severe acute respiratory syndrome coronavirus 2,6WQF,Protease
Severe acute respiratory syndrome coronavirus 2,6WRH,Protease
Severe acute respiratory syndrome coronavirus 2,6WRH,NSP Proteins
Severe acute respiratory syndrome coronavirus 2,6WRZ,NSP Proteins
Severe acute respiratory syndrome coronavirus 2,6WTC,Polymerase
Severe acute respiratory syndrome coronavirus 2,6WTC,NSP Proteins
Severe acute respiratory syndrome coronavirus 2,6WTJ,Protease
Severe acute respiratory syndrome coronavirus 2,6WTK,Protease
Severe acute respiratory syndrome coronavirus 2,6WTM,Protease
Severe acute respiratory syndrome coronavirus 2,6WTT,Protease
Severe acute respiratory syndrome coronavirus 2,6WUU,Protease
Severe acute respiratory syndrome coronavirus 2,6WUU,NSP Proteins
Severe acute respiratory syndrome coronavirus 2,6WVN,NSP Proteins
Severe acute respiratory syndrome coronavirus 2,6WX4,Protease
Severe acute respiratory syndrome coronavirus 2,6WX4,NSP Proteins
Severe acute respiratory syndrome coronavirus 2,6WXC,NSP Proteins
Severe acute respiratory syndrome coronavirus 2,6WXD,NSP Proteins
Severe acute respiratory syndrome coronavirus 2,6WZO,Capsid Protein
Severe acute respiratory syndrome coronavirus 2,6WZO,Nucleoprotein
Severe acute respiratory syndrome coronavirus 2,6WZO,Nucleocapsid Protein
Severe acute respiratory syndrome coronavirus 2,6WZQ,Capsid Protein
Severe acute respiratory syndrome coronavirus 2,6WZQ,Nucleoprotein
Severe acute respiratory syndrome coronavirus 2,6WZQ,Nucleocapsid Protein
Severe acute respiratory syndrome coronavirus 2,6WZU,Protease
Severe acute respiratory syndrome coronavirus 2,6WZU,NSP Proteins
Severe acute respiratory syndrome coronavirus 2,6X1B,NSP Proteins
Severe acute respiratory syndrome coronavirus 2,6X29,Spike Protein
Severe acute respiratory syndrome coronavirus 2,6X2A,Spike Protein
Severe acute respiratory syndrome coronavirus 2,6X2B,Spike Protein
Severe acute respiratory syndrome coronavirus 2,6X2C,Spike Protein
Severe acute respiratory syndrome coronavirus 2,6X45,Spike Protein
Severe acute respiratory syndrome coronavirus 2,6X4I,NSP Proteins
Severe acute respiratory syndrome coronavirus 2,6X6P,Fusion Protein
Severe acute respiratory syndrome coronavirus 2,6X6P,Spike Protein
Severe acute respiratory syndrome coronavirus 2,6X79,Fusion Protein
Severe acute respiratory syndrome coronavirus 2,6X79,Spike Protein
Severe acute respiratory syndrome coronavirus 2,6XA4,Protease
Severe acute respiratory syndrome coronavirus 2,6XA4,NSP Proteins
Severe acute respiratory syndrome coronavirus 2,6XA9,Protease
Severe acute respiratory syndrome coronavirus 2,6XA9,NSP Proteins
Severe acute respiratory syndrome coronavirus 2,6XAA,Protease
Severe acute respiratory syndrome coronavirus 2,6XAA,NSP Proteins
Severe acute respiratory syndrome coronavirus 2,6XB0,Protease
Severe acute respiratory syndrome coronavirus 2,6XB1,Protease
Severe acute respiratory syndrome coronavirus 2,6XB2,Protease
Severe acute respiratory syndrome coronavirus 2,6XBG,Protease
Severe acute respiratory syndrome coronavirus 2,6XBG,NSP Proteins
Severe acute respiratory syndrome coronavirus 2,6XBH,Protease
Severe acute respiratory syndrome coronavirus 2,6XBH,NSP Proteins
Severe acute respiratory syndrome coronavirus 2,6XBI,Protease
Severe acute respiratory syndrome coronavirus 2,6XBI,NSP Proteins
Severe acute respiratory syndrome coronavirus 2,6XC2,Spike Protein
Severe acute respiratory syndrome coronavirus 2,6XC3,Spike Protein
Severe acute respiratory syndrome coronavirus 2,6XC4,Spike Protein
Severe acute respiratory syndrome coronavirus 2,6XC7,Spike Protein
Severe acute respiratory syndrome coronavirus 2,6XCH,Protease
Severe acute respiratory syndrome coronavirus 2,6XCM,Spike Protein
Severe acute respiratory syndrome coronavirus 2,6XCN,Spike Protein
Severe acute respiratory syndrome coronavirus 2,6XDG,Spike Protein
Severe acute respiratory syndrome coronavirus 2,6XDH,NSP Proteins
Severe acute respiratory syndrome coronavirus 2,6XE1,Spike Protein
Severe acute respiratory syndrome coronavirus 2,6XEY,Spike Protein
Severe acute respiratory syndrome coronavirus 2,6XEZ,Helicase
Severe acute respiratory syndrome coronavirus 2,6XEZ,Polymerase
Severe acute respiratory syndrome coronavirus 2,6XEZ,NSP Proteins
Severe acute respiratory syndrome coronavirus 2,6XF5,Fusion Protein
Severe acute respiratory syndrome coronavirus 2,6XF5,Spike Protein
Severe acute respiratory syndrome coronavirus 2,6XF6,Fusion Protein
Severe acute respiratory syndrome coronavirus 2,6XF6,Spike Protein
Severe acute respiratory syndrome coronavirus 2,6XFN,Protease
Severe acute respiratory syndrome coronavirus 2,6XFN,NSP Proteins
Severe acute respiratory syndrome coronavirus 2,6XG3,Protease
Severe acute respiratory syndrome coronavirus 2,6XG3,NSP Proteins
Severe acute respiratory syndrome coronavirus 2,6XHM,Protease
Severe acute respiratory syndrome coronavirus 2,6XHU,Protease
Severe acute respiratory syndrome coronavirus 2,6XIP,Polymerase
Severe acute respiratory syndrome coronavirus 2,6XIP,NSP Proteins
Severe acute respiratory syndrome coronavirus 2,6XKF,Protease
Severe acute respiratory syndrome coronavirus 2,6XKH,Protease
Severe acute respiratory syndrome coronavirus 2,6XKL,Fusion Protein
Severe acute respiratory syndrome coronavirus 2,6XKL,Spike Protein
Severe acute respiratory syndrome coronavirus 2,6XKM,NSP Proteins
Severe acute respiratory syndrome coronavirus 2,6XKP,Spike Protein
Severe acute respiratory syndrome coronavirus 2,6XKQ,Spike Protein
Severe acute respiratory syndrome coronavirus 2,6XLU,Spike Protein
Severe acute respiratory syndrome coronavirus 2,6XM0,Spike Protein
Severe acute respiratory syndrome coronavirus 2,6XM3,Spike Protein
Severe acute respiratory syndrome coronavirus 2,6XM4,Spike Protein
Severe acute respiratory syndrome coronavirus 2,6XM5,Spike Protein
Severe acute respiratory syndrome coronavirus 2,6XMK,Protease
Severe acute respiratory syndrome coronavirus 2,6XOA,Protease
Severe acute respiratory syndrome coronavirus 2,6XQB,Polymerase
Severe acute respiratory syndrome coronavirus 2,6XQB,NSP Proteins
Severe acute respiratory syndrome coronavirus 2,6XQS,Protease
Severe acute respiratory syndrome coronavirus 2,6XQT,Protease
Severe acute respiratory syndrome coronavirus 2,6XQU,Protease
Severe acute respiratory syndrome coronavirus 2,6XR3,Protease
Severe acute respiratory syndrome coronavirus 2,6XR3,NSP Proteins
Severe acute respiratory syndrome coronavirus 2,6XR8,Spike Protein
Severe acute respiratory syndrome coronavirus 2,6XRA,Spike Protein
Severe acute respiratory syndrome coronavirus 2,6XS6,Spike Protein
Severe acute respiratory syndrome coronavirus 2,6Y2E,Protease
Severe acute respiratory syndrome coronavirus 2,6Y2E,NSP Proteins
Severe acute respiratory syndrome coronavirus 2,6Y2F,Protease
Severe acute respiratory syndrome coronavirus 2,6Y2F,NSP Proteins
Severe acute respiratory syndrome coronavirus 2,6Y2G,Protease
Severe acute respiratory syndrome coronavirus 2,6Y2G,NSP Proteins
Severe acute respiratory syndrome coronavirus 2,6Y84,Protease
Severe acute respiratory syndrome coronavirus 2,6Y84,NSP Proteins
Severe acute respiratory syndrome coronavirus 2,6YB7,Protease
Severe acute respiratory syndrome coronavirus 2,6YB7,NSP Proteins
Severe acute respiratory syndrome coronavirus 2,6YHU,NSP Proteins
Severe acute respiratory syndrome coronavirus 2,6YI3,Capsid Protein
Severe acute respiratory syndrome coronavirus 2,6YI3,Nucleoprotein
Severe acute respiratory syndrome coronavirus 2,6YI3,Nucleocapsid Protein
Severe acute respiratory syndrome coronavirus 2,6YLA,Spike Protein
Severe acute respiratory syndrome coronavirus 2,6YM0,Spike Protein
Severe acute respiratory syndrome coronavirus 2,6YNQ,Protease
Severe acute respiratory syndrome coronavirus 2,6YNQ,NSP Proteins
Severe acute respiratory syndrome coronavirus 2,6YOR,Spike Protein
Severe acute respiratory syndrome coronavirus 2,6YUN,Capsid Protein
Severe acute respiratory syndrome coronavirus 2,6YUN,Nucleoprotein
Severe acute respiratory syndrome coronavirus 2,6YUN,Nucleocapsid Protein
Severe acute respiratory syndrome coronavirus 2,6YVA,Protease
Severe acute respiratory syndrome coronavirus 2,6YVF,Protease
Severe acute respiratory syndrome coronavirus 2,6YVF,NSP Proteins
Severe acute respiratory syndrome coronavirus 2,6YWK,NSP Proteins
Severe acute respiratory syndrome coronavirus 2,6YWL,NSP Proteins
Severe acute respiratory syndrome coronavirus 2,6YWM,NSP Proteins
Severe acute respiratory syndrome coronavirus 2,6YYT,Polymerase
Severe acute respiratory syndrome coronavirus 2,6YYT,NSP Proteins
Severe acute respiratory syndrome coronavirus 2,6YZ1,NSP Proteins
Severe acute respiratory syndrome coronavirus 2,6YZ5,Spike Protein
Severe acute respiratory syndrome coronavirus 2,6YZ7,Spike Protein
Severe acute respiratory syndrome coronavirus 2,6Z2E,Protease
Severe acute respiratory syndrome coronavirus 2,6Z2E,NSP Proteins
Severe acute respiratory syndrome coronavirus 2,6Z2M,Spike Protein
Severe acute respiratory syndrome coronavirus 2,6Z43,Spike Protein
Severe acute respiratory syndrome coronavirus 2,6Z97,Spike Protein
Severe acute respiratory syndrome coronavirus 2,6ZB4,Spike Protein
Severe acute respiratory syndrome coronavirus 2,6ZB5,Spike Protein
Severe acute respiratory syndrome coronavirus 2,6ZBP,Spike Protein
Severe acute respiratory syndrome coronavirus 2,6ZCO,Capsid Protein
Severe acute respiratory syndrome coronavirus 2,6ZCO,Nucleoprotein
Severe acute respiratory syndrome coronavirus 2,6ZCO,Nucleocapsid Protein
Severe acute respiratory syndrome coronavirus 2,6ZCT,NSP Proteins
Severe acute respiratory syndrome coronavirus 2,6ZCZ,Spike Protein
Severe acute respiratory syndrome coronavirus 2,6ZDG,Spike Protein
Severe acute respiratory syndrome coronavirus 2,6ZDH,Spike Protein
Severe acute respiratory syndrome coronavirus 2,6ZER,Spike Protein
Severe acute respiratory syndrome coronavirus 2,6ZFO,Spike Protein
Severe acute respiratory syndrome coronavirus 2,6ZGE,Spike Protein
Severe acute respiratory syndrome coronavirus 2,6ZGG,Spike Protein
Severe acute respiratory syndrome coronavirus 2,6ZGH,Spike Protein
Severe acute respiratory syndrome coronavirus 2,6ZGI,Spike Protein
Severe acute respiratory syndrome coronavirus 2,6ZH9,Spike Protein
Severe acute respiratory syndrome coronavirus 2,6ZHD,Spike Protein
Severe acute respiratory syndrome coronavirus 2,6ZLR,Spike Protein
Severe acute respiratory syndrome coronavirus 2,6ZLW,NSP Proteins
Severe acute respiratory syndrome coronavirus 2,6ZM7,NSP Proteins
Severe acute respiratory syndrome coronavirus 2,6ZME,NSP Proteins
Severe acute respiratory syndrome coronavirus 2,6ZMI,NSP Proteins
Severe acute respiratory syndrome coronavirus 2,6ZMO,NSP Proteins
Severe acute respiratory syndrome coronavirus 2,6ZMT,NSP Proteins
Severe acute respiratory syndrome coronavirus 2,6ZN5,NSP Proteins
Severe acute respiratory syndrome coronavirus 2,6ZOJ,NSP Proteins
Severe acute respiratory syndrome coronavirus 2,6ZOK,NSP Proteins
Severe acute respiratory syndrome coronavirus 2,6ZON,NSP Proteins
Severe acute respiratory syndrome coronavirus 2,6ZOW,Spike Protein
Severe acute respiratory syndrome coronavirus 2,6ZOX,Spike Protein
Severe acute respiratory syndrome coronavirus 2,6ZOX,Matrix Protein
Severe acute respiratory syndrome coronavirus 2,6ZOY,Spike Protein
Severe acute respiratory syndrome coronavirus 2,6ZOY,Matrix Protein
Severe acute respiratory syndrome coronavirus 2,6ZOZ,Spike Protein
Severe acute respiratory syndrome coronavirus 2,6ZP0,Spike Protein
Severe acute respiratory syndrome coronavirus 2,6ZP0,Matrix Protein
Severe acute respiratory syndrome coronavirus 2,6ZP1,Spike Protein
Severe acute respiratory syndrome coronavirus 2,6ZP1,Matrix Protein
Severe acute respiratory syndrome coronavirus 2,6ZP2,Spike Protein
Severe acute respiratory syndrome coronavirus 2,6ZP4,NSP Proteins
Severe acute respiratory syndrome coronavirus 2,6ZP5,Spike Protein
Severe acute respiratory syndrome coronavirus 2,6ZP7,Spike Protein
Severe acute respiratory syndrome coronavirus 2,6ZPE,NSP Proteins
Severe acute respiratory syndrome coronavirus 2,6ZRT,Protease
Severe acute respiratory syndrome coronavirus 2,6ZRU,Protease
Severe acute respiratory syndrome coronavirus 2,6ZSL,Helicase
Severe acute respiratory syndrome coronavirus 2,6ZSL,NSP Proteins
Severe acute respiratory syndrome coronavirus 2,6ZWV,Spike Protein
Severe acute respiratory syndrome coronavirus 2,6ZXN,Spike Protein
Severe acute respiratory syndrome coronavirus 2,7A1U,Protease
Severe acute respiratory syndrome coronavirus 2,7A1U,NSP Proteins
Severe acute respiratory syndrome coronavirus 2,7A25,Spike Protein
Severe acute respiratory syndrome coronavirus 2,7A29,Spike Protein
Severe acute respiratory syndrome coronavirus 2,7A4N,Fusion Protein
Severe acute respiratory syndrome coronavirus 2,7A4N,Spike Protein
Severe acute respiratory syndrome coronavirus 2,7A5R,Spike Protein
Severe acute respiratory syndrome coronavirus 2,7A5S,Spike Protein
Severe acute respiratory syndrome coronavirus 2,7A91,Spike Protein
Severe acute respiratory syndrome coronavirus 2,7A91,Protease
Severe acute respiratory syndrome coronavirus 2,7A92,Spike Protein
Severe acute respiratory syndrome coronavirus 2,7A92,Protease
Severe acute respiratory syndrome coronavirus 2,7A93,Spike Protein
Severe acute respiratory syndrome coronavirus 2,7A94,Spike Protein
Severe acute respiratory syndrome coronavirus 2,7A94,Protease
Severe acute respiratory syndrome coronavirus 2,7A95,Spike Protein
Severe acute respiratory syndrome coronavirus 2,7A95,Protease
Severe acute respiratory syndrome coronavirus 2,7A96,Spike Protein
Severe acute respiratory syndrome coronavirus 2,7A96,Protease
Severe acute respiratory syndrome coronavirus 2,7A97,Spike Protein
Severe acute respiratory syndrome coronavirus 2,7A97,Protease
Severe acute respiratory syndrome coronavirus 2,7A98,Spike Protein
Severe acute respiratory syndrome coronavirus 2,7A98,Protease
Severe acute respiratory syndrome coronavirus 2,7AAP,Polymerase
Severe acute respiratory syndrome coronavirus 2,7AAP,NSP Proteins
Severe acute respiratory syndrome coronavirus 2,7ABU,Protease
Severe acute respiratory syndrome coronavirus 2,7ABU,NSP Proteins
Severe acute respiratory syndrome coronavirus 2,7ACS,Capsid Protein
Severe acute respiratory syndrome coronavirus 2,7ACS,Nucleoprotein
Severe acute respiratory syndrome coronavirus 2,7ACS,Nucleocapsid Protein
Severe acute respiratory syndrome coronavirus 2,7ACT,Capsid Protein
Severe acute respiratory syndrome coronavirus 2,7ACT,Nucleoprotein
Severe acute respiratory syndrome coronavirus 2,7ACT,Nucleocapsid Protein
Severe acute respiratory syndrome coronavirus 2,7AD1,Envelope Protein/Glycoprotein
Severe acute respiratory syndrome coronavirus 2,7AD1,Spike Protein
Severe acute respiratory syndrome coronavirus 2,7AD1,Fusion Protein
Severe acute respiratory syndrome coronavirus 2,7ADW,Protease
Severe acute respiratory syndrome coronavirus 2,7ADW,NSP Proteins
Severe acute respiratory syndrome coronavirus 2,7AEG,Protease
Severe acute respiratory syndrome coronavirus 2,7AEG,NSP Proteins
Severe acute respiratory syndrome coronavirus 2,7AEH,Protease
Severe acute respiratory syndrome coronavirus 2,7AEH,NSP Proteins
Severe acute respiratory syndrome coronavirus 2,7AF0,Protease
Severe acute respiratory syndrome coronavirus 2,7AF0,NSP Proteins
Severe acute respiratory syndrome coronavirus 2,7AGA,Protease
Severe acute respiratory syndrome coronavirus 2,7AGA,NSP Proteins
Severe acute respiratory syndrome coronavirus 2,7AHA,Protease
Severe acute respiratory syndrome coronavirus 2,7AHA,NSP Proteins
Severe acute respiratory syndrome coronavirus 2,7AK4,Protease
Severe acute respiratory syndrome coronavirus 2,7AK4,NSP Proteins
Severe acute respiratory syndrome coronavirus 2,7AKD,Spike Protein
Severe acute respiratory syndrome coronavirus 2,7AKU,Protease
Severe acute respiratory syndrome coronavirus 2,7AKU,NSP Proteins
Severe acute respiratory syndrome coronavirus 2,7ALH,Protease
Severe acute respiratory syndrome coronavirus 2,7ALH,NSP Proteins
Severe acute respiratory syndrome coronavirus 2,7ALI,Protease
Severe acute respiratory syndrome coronavirus 2,7ALI,NSP Proteins
Severe acute respiratory syndrome coronavirus 2,7AMJ,Protease
Severe acute respiratory syndrome coronavirus 2,7AMJ,NSP Proteins
Severe acute respiratory syndrome coronavirus 2,7ANS,Protease
Severe acute respiratory syndrome coronavirus 2,7ANS,NSP Proteins
Severe acute respiratory syndrome coronavirus 2,7AOL,Protease
Severe acute respiratory syndrome coronavirus 2,7AOL,NSP Proteins
Severe acute respiratory syndrome coronavirus 2,7AP6,Protease
Severe acute respiratory syndrome coronavirus 2,7AP6,NSP Proteins
Severe acute respiratory syndrome coronavirus 2,7APH,Protease
Severe acute respiratory syndrome coronavirus 2,7APH,NSP Proteins
Severe acute respiratory syndrome coronavirus 2,7AQE,Protease
Severe acute respiratory syndrome coronavirus 2,7AQE,NSP Proteins
Severe acute respiratory syndrome coronavirus 2,7AQI,Protease
Severe acute respiratory syndrome coronavirus 2,7AQI,NSP Proteins
Severe acute respiratory syndrome coronavirus 2,7AQJ,Protease
Severe acute respiratory syndrome coronavirus 2,7AQJ,NSP Proteins
Severe acute respiratory syndrome coronavirus 2,7AR5,Protease
Severe acute respiratory syndrome coronavirus 2,7AR5,NSP Proteins
Severe acute respiratory syndrome coronavirus 2,7AR6,Protease
Severe acute respiratory syndrome coronavirus 2,7AR6,NSP Proteins
Severe acute respiratory syndrome coronavirus 2,7ARF,Protease
Severe acute respiratory syndrome coronavirus 2,7ARF,NSP Proteins
Severe acute respiratory syndrome coronavirus 2,7AU4,Protease
Severe acute respiratory syndrome coronavirus 2,7AU4,NSP Proteins
Severe acute respiratory syndrome coronavirus 2,7AVD,Protease
Severe acute respiratory syndrome coronavirus 2,7AVD,NSP Proteins
Severe acute respiratory syndrome coronavirus 2,7AWR,Protease
Severe acute respiratory syndrome coronavirus 2,7AWR,NSP Proteins
Severe acute respiratory syndrome coronavirus 2,7AWS,Protease
Severe acute respiratory syndrome coronavirus 2,7AWS,NSP Proteins
Severe acute respiratory syndrome coronavirus 2,7AWU,Protease
Severe acute respiratory syndrome coronavirus 2,7AWU,NSP Proteins
Severe acute respiratory syndrome coronavirus 2,7AWW,Protease
Severe acute respiratory syndrome coronavirus 2,7AWW,NSP Proteins
Severe acute respiratory syndrome coronavirus 2,7AX6,Protease
Severe acute respiratory syndrome coronavirus 2,7AX6,NSP Proteins
Severe acute respiratory syndrome coronavirus 2,7AXM,Protease
Severe acute respiratory syndrome coronavirus 2,7AXM,NSP Proteins
Severe acute respiratory syndrome coronavirus 2,7AXO,Protease
Severe acute respiratory syndrome coronavirus 2,7AXO,NSP Proteins
Severe acute respiratory syndrome coronavirus 2,7AY7,Protease
Severe acute respiratory syndrome coronavirus 2,7AY7,NSP Proteins
Severe acute respiratory syndrome coronavirus 2,7B14,Spike Protein
Severe acute respiratory syndrome coronavirus 2,7B17,Spike Protein
Severe acute respiratory syndrome coronavirus 2,7B18,Spike Protein
Severe acute respiratory syndrome coronavirus 2,7B2J,Protease
Severe acute respiratory syndrome coronavirus 2,7B2J,NSP Proteins
Severe acute respiratory syndrome coronavirus 2,7B2U,Protease
Severe acute respiratory syndrome coronavirus 2,7B2U,NSP Proteins
Severe acute respiratory syndrome coronavirus 2,7B3B,Polymerase
Severe acute respiratory syndrome coronavirus 2,7B3B,NSP Proteins
Severe acute respiratory syndrome coronavirus 2,7B3C,Polymerase
Severe acute respiratory syndrome coronavirus 2,7B3C,NSP Proteins
Severe acute respiratory syndrome coronavirus 2,7B3D,Polymerase
Severe acute respiratory syndrome coronavirus 2,7B3D,NSP Proteins
Severe acute respiratory syndrome coronavirus 2,7B3E,Protease
Severe acute respiratory syndrome coronavirus 2,7B3O,Spike Protein
Severe acute respiratory syndrome coronavirus 2,7B5Z,Protease
Severe acute respiratory syndrome coronavirus 2,7B5Z,NSP Proteins
Severe acute respiratory syndrome coronavirus 2,7B62,Spike Protein
Severe acute respiratory syndrome coronavirus 2,7B77,Protease
Severe acute respiratory syndrome coronavirus 2,7B77,NSP Proteins
Severe acute respiratory syndrome coronavirus 2,7B83,Protease
Severe acute respiratory syndrome coronavirus 2,7B83,NSP Proteins
Severe acute respiratory syndrome coronavirus 2,7BAJ,Protease
Severe acute respiratory syndrome coronavirus 2,7BAK,Protease
Severe acute respiratory syndrome coronavirus 2,7BAL,Protease
Severe acute respiratory syndrome coronavirus 2,7BB2,Protease
Severe acute respiratory syndrome coronavirus 2,7BB2,NSP Proteins
Severe acute respiratory syndrome coronavirus 2,7BE7,Protease
Severe acute respiratory syndrome coronavirus 2,7BE7,NSP Proteins
Severe acute respiratory syndrome coronavirus 2,7BEH,Spike Protein
Severe acute respiratory syndrome coronavirus 2,7BEI,Spike Protein
Severe acute respiratory syndrome coronavirus 2,7BEJ,Spike Protein
Severe acute respiratory syndrome coronavirus 2,7BEK,Spike Protein
Severe acute respiratory syndrome coronavirus 2,7BEL,Spike Protein
Severe acute respiratory syndrome coronavirus 2,7BEM,Spike Protein
Severe acute respiratory syndrome coronavirus 2,7BEN,Spike Protein
Severe acute respiratory syndrome coronavirus 2,7BEO,Spike Protein
Severe acute respiratory syndrome coronavirus 2,7BEP,Spike Protein
Severe acute respiratory syndrome coronavirus 2,7BF3,NSP Proteins
Severe acute respiratory syndrome coronavirus 2,7BF4,NSP Proteins
Severe acute respiratory syndrome coronavirus 2,7BF5,NSP Proteins
Severe acute respiratory syndrome coronavirus 2,7BF6,Protease
Severe acute respiratory syndrome coronavirus 2,7BF6,NSP Proteins
Severe acute respiratory syndrome coronavirus 2,7BFB,Protease
Severe acute respiratory syndrome coronavirus 2,7BGP,Protease
Severe acute respiratory syndrome coronavirus 2,7BGP,NSP Proteins
Severe acute respiratory syndrome coronavirus 2,7BH9,Spike Protein
Severe acute respiratory syndrome coronavirus 2,7BH9,Protease
Severe acute respiratory syndrome coronavirus 2,7BIJ,Protease
Severe acute respiratory syndrome coronavirus 2,7BIJ,NSP Proteins
Severe acute respiratory syndrome coronavirus 2,7BNM,Spike Protein
Severe acute respiratory syndrome coronavirus 2,7BNN,Spike Protein
Severe acute respiratory syndrome coronavirus 2,7BNO,Spike Protein
Severe acute respiratory syndrome coronavirus 2,7BQ7,NSP Proteins
Severe acute respiratory syndrome coronavirus 2,7BQY,Protease
Severe acute respiratory syndrome coronavirus 2,7BQY,NSP Proteins
Severe acute respiratory syndrome coronavirus 2,7BRO,Protease
Severe acute respiratory syndrome coronavirus 2,7BRO,NSP Proteins
Severe acute respiratory syndrome coronavirus 2,7BRP,Protease
Severe acute respiratory syndrome coronavirus 2,7BRP,NSP Proteins
Severe acute respiratory syndrome coronavirus 2,7BTF,Polymerase
Severe acute respiratory syndrome coronavirus 2,7BTF,NSP Proteins
Severe acute respiratory syndrome coronavirus 2,7BUY,Protease
Severe acute respiratory syndrome coronavirus 2,7BUY,NSP Proteins
Severe acute respiratory syndrome coronavirus 2,7BV1,Polymerase
Severe acute respiratory syndrome coronavirus 2,7BV1,NSP Proteins
Severe acute respiratory syndrome coronavirus 2,7BV2,Polymerase
Severe acute respiratory syndrome coronavirus 2,7BV2,NSP Proteins
Severe acute respiratory syndrome coronavirus 2,7BW4,Polymerase
Severe acute respiratory syndrome coronavirus 2,7BW4,NSP Proteins
Severe acute respiratory syndrome coronavirus 2,7BWJ,Spike Protein
Severe acute respiratory syndrome coronavirus 2,7BWQ,NSP Proteins
Severe acute respiratory syndrome coronavirus 2,7BYR,Spike Protein
Severe acute respiratory syndrome coronavirus 2,7BZ5,Spike Protein
Severe acute respiratory syndrome coronavirus 2,7BZF,Polymerase
Severe acute respiratory syndrome coronavirus 2,7BZF,NSP Proteins
Severe acute respiratory syndrome coronavirus 2,7C01,Spike Protein
Severe acute respiratory syndrome coronavirus 2,7C22,Capsid Protein
Severe acute respiratory syndrome coronavirus 2,7C22,Nucleoprotein
Severe acute respiratory syndrome coronavirus 2,7C22,Nucleocapsid Protein
Severe acute respiratory syndrome coronavirus 2,7C2I,NSP Proteins
Severe acute respiratory syndrome coronavirus 2,7C2J,NSP Proteins
Severe acute respiratory syndrome coronavirus 2,7C2K,Polymerase
Severe acute respiratory syndrome coronavirus 2,7C2K,NSP Proteins
Severe acute respiratory syndrome coronavirus 2,7C2L,Spike Protein
Severe acute respiratory syndrome coronavirus 2,7C2Q,Protease
Severe acute respiratory syndrome coronavirus 2,7C2Q,NSP Proteins
Severe acute respiratory syndrome coronavirus 2,7C2Y,Protease
Severe acute respiratory syndrome coronavirus 2,7C2Y,NSP Proteins
Severe acute respiratory syndrome coronavirus 2,7C33,Protease
Severe acute respiratory syndrome coronavirus 2,7C33,NSP Proteins
Severe acute respiratory syndrome coronavirus 2,7C53,Fusion Protein
Severe acute respiratory syndrome coronavirus 2,7C53,Spike Protein
Severe acute respiratory syndrome coronavirus 2,7C6S,Protease
Severe acute respiratory syndrome coronavirus 2,7C6S,NSP Proteins
Severe acute respiratory syndrome coronavirus 2,7C6U,Protease
Severe acute respiratory syndrome coronavirus 2,7C6U,NSP Proteins
Severe acute respiratory syndrome coronavirus 2,7C7P,Protease
Severe acute respiratory syndrome coronavirus 2,7C7P,NSP Proteins
Severe acute respiratory syndrome coronavirus 2,7C8B,Protease
Severe acute respiratory syndrome coronavirus 2,7C8B,NSP Proteins
Severe acute respiratory syndrome coronavirus 2,7C8D,Spike Protein
Severe acute respiratory syndrome coronavirus 2,7C8J,Spike Protein
Severe acute respiratory syndrome coronavirus 2,7C8R,Protease
Severe acute respiratory syndrome coronavirus 2,7C8R,NSP Proteins
Severe acute respiratory syndrome coronavirus 2,7C8T,Protease
Severe acute respiratory syndrome coronavirus 2,7C8T,NSP Proteins
Severe acute respiratory syndrome coronavirus 2,7C8U,Protease
Severe acute respiratory syndrome coronavirus 2,7C8U,NSP Proteins
Severe acute respiratory syndrome coronavirus 2,7C8V,Spike Protein
Severe acute respiratory syndrome coronavirus 2,7C8W,Spike Protein
Severe acute respiratory syndrome coronavirus 2,7CA8,Protease
Severe acute respiratory syndrome coronavirus 2,7CAB,Spike Protein
Severe acute respiratory syndrome coronavirus 2,7CAC,Spike Protein
Severe acute respiratory syndrome coronavirus 2,7CAH,Spike Protein
Severe acute respiratory syndrome coronavirus 2,7CAI,Spike Protein
Severe acute respiratory syndrome coronavirus 2,7CAK,Spike Protein
Severe acute respiratory syndrome coronavirus 2,7CAM,Protease
Severe acute respiratory syndrome coronavirus 2,7CAN,Spike Protein
Severe acute respiratory syndrome coronavirus 2,7CB7,Protease
Severe acute respiratory syndrome coronavirus 2,7CBT,Protease
Severe acute respiratory syndrome coronavirus 2,7CBT,NSP Proteins
Severe acute respiratory syndrome coronavirus 2,7CDI,Spike Protein
Severe acute respiratory syndrome coronavirus 2,7CDJ,Spike Protein
Severe acute respiratory syndrome coronavirus 2,7CDZ,Capsid Protein
Severe acute respiratory syndrome coronavirus 2,7CDZ,Nucleoprotein
Severe acute respiratory syndrome coronavirus 2,7CDZ,Nucleocapsid Protein
Severe acute respiratory syndrome coronavirus 2,7CE0,Capsid Protein
Severe acute respiratory syndrome coronavirus 2,7CE0,Nucleoprotein
Severe acute respiratory syndrome coronavirus 2,7CE0,Nucleocapsid Protein
Severe acute respiratory syndrome coronavirus 2,7CH4,Spike Protein
Severe acute respiratory syndrome coronavirus 2,7CH5,Spike Protein
Severe acute respiratory syndrome coronavirus 2,7CHB,Spike Protein
Severe acute respiratory syndrome coronavirus 2,7CHC,Spike Protein
Severe acute respiratory syndrome coronavirus 2,7CHE,Spike Protein
Severe acute respiratory syndrome coronavirus 2,7CHF,Spike Protein
Severe acute respiratory syndrome coronavirus 2,7CHH,Spike Protein
Severe acute respiratory syndrome coronavirus 2,7CHO,Spike Protein
Severe acute respiratory syndrome coronavirus 2,7CHP,Spike Protein
Severe acute respiratory syndrome coronavirus 2,7CHS,Spike Protein
Severe acute respiratory syndrome coronavirus 2,7CI3,Transmembrane Protein
Severe acute respiratory syndrome coronavirus 2,7CJD,Protease
Severe acute respiratory syndrome coronavirus 2,7CJD,NSP Proteins
Severe acute respiratory syndrome coronavirus 2,7CJF,Spike Protein
Severe acute respiratory syndrome coronavirus 2,7CJM,Protease
Severe acute respiratory syndrome coronavirus 2,7CJM,NSP Proteins
Severe acute respiratory syndrome coronavirus 2,7CM4,Spike Protein
Severe acute respiratory syndrome coronavirus 2,7CMD,Protease
Severe acute respiratory syndrome coronavirus 2,7CMD,NSP Proteins
Severe acute respiratory syndrome coronavirus 2,7CN9,Spike Protein
Severe acute respiratory syndrome coronavirus 2,7COM,Protease
Severe acute respiratory syndrome coronavirus 2,7COM,NSP Proteins
Severe acute respiratory syndrome coronavirus 2,7COT,Spike Protein
Severe acute respiratory syndrome coronavirus 2,7CR5,Capsid Protein
Severe acute respiratory syndrome coronavirus 2,7CR5,Nucleoprotein
Severe acute respiratory syndrome coronavirus 2,7CR5,Nucleocapsid Protein
Severe acute respiratory syndrome coronavirus 2,7CT5,Spike Protein
Severe acute respiratory syndrome coronavirus 2,7CT5,Protease
Severe acute respiratory syndrome coronavirus 2,7CTT,Polymerase
Severe acute respiratory syndrome coronavirus 2,7CTT,NSP Proteins
Severe acute respiratory syndrome coronavirus 2,7CUT,Protease
Severe acute respiratory syndrome coronavirus 2,7CUU,Protease
Severe acute respiratory syndrome coronavirus 2,7CWB,Protease
Severe acute respiratory syndrome coronavirus 2,7CWB,NSP Proteins
Severe acute respiratory syndrome coronavirus 2,7CWC,Protease
Severe acute respiratory syndrome coronavirus 2,7CWC,NSP Proteins
Severe acute respiratory syndrome coronavirus 2,7CWL,Spike Protein
Severe acute respiratory syndrome coronavirus 2,7CWM,Spike Protein
Severe acute respiratory syndrome coronavirus 2,7CWN,Spike Protein
Severe acute respiratory syndrome coronavirus 2,7CWO,Spike Protein
Severe acute respiratory syndrome coronavirus 2,7CWS,Spike Protein
Severe acute respiratory syndrome coronavirus 2,7CWT,Spike Protein
Severe acute respiratory syndrome coronavirus 2,7CWU,Spike Protein
Severe acute respiratory syndrome coronavirus 2,7CX9,Protease
Severe acute respiratory syndrome coronavirus 2,7CX9,NSP Proteins
Severe acute respiratory syndrome coronavirus 2,7CXM,Helicase
Severe acute respiratory syndrome coronavirus 2,7CXM,Polymerase
Severe acute respiratory syndrome coronavirus 2,7CXM,NSP Proteins
Severe acute respiratory syndrome coronavirus 2,7CXN,Helicase
Severe acute respiratory syndrome coronavirus 2,7CXN,Polymerase
Severe acute respiratory syndrome coronavirus 2,7CXN,NSP Proteins
Severe acute respiratory syndrome coronavirus 2,7CYH,Spike Protein
Severe acute respiratory syndrome coronavirus 2,7CYP,Spike Protein
Severe acute respiratory syndrome coronavirus 2,7CYQ,Helicase
Severe acute respiratory syndrome coronavirus 2,7CYQ,Polymerase
Severe acute respiratory syndrome coronavirus 2,7CYQ,NSP Proteins
Severe acute respiratory syndrome coronavirus 2,7CYV,Fusion Protein
Severe acute respiratory syndrome coronavirus 2,7CYV,Spike Protein
Severe acute respiratory syndrome coronavirus 2,7CZ4,Protease
Severe acute respiratory syndrome coronavirus 2,7CZ4,NSP Proteins
Severe acute respiratory syndrome coronavirus 2,7CZP,Spike Protein
Severe acute respiratory syndrome coronavirus 2,7CZQ,Spike Protein
Severe acute respiratory syndrome coronavirus 2,7CZR,Spike Protein
Severe acute respiratory syndrome coronavirus 2,7CZS,Spike Protein
Severe acute respiratory syndrome coronavirus 2,7CZT,Spike Protein
Severe acute respiratory syndrome coronavirus 2,7CZU,Spike Protein
Severe acute respiratory syndrome coronavirus 2,7CZV,Spike Protein
Severe acute respiratory syndrome coronavirus 2,7CZW,Spike Protein
Severe acute respiratory syndrome coronavirus 2,7CZX,Spike Protein
Severe acute respiratory syndrome coronavirus 2,7CZY,Spike Protein
Severe acute respiratory syndrome coronavirus 2,7CZZ,Spike Protein
Severe acute respiratory syndrome coronavirus 2,7D00,Spike Protein
Severe acute respiratory syndrome coronavirus 2,7D03,Spike Protein
Severe acute respiratory syndrome coronavirus 2,7D0B,Spike Protein
Severe acute respiratory syndrome coronavirus 2,7D0C,Spike Protein
Severe acute respiratory syndrome coronavirus 2,7D0D,Spike Protein
Severe acute respiratory syndrome coronavirus 2,7D1M,Protease
Severe acute respiratory syndrome coronavirus 2,7D1M,NSP Proteins
Severe acute respiratory syndrome coronavirus 2,7D1O,Protease
Severe acute respiratory syndrome coronavirus 2,7D1O,NSP Proteins
Severe acute respiratory syndrome coronavirus 2,7D2Z,Spike Protein
Severe acute respiratory syndrome coronavirus 2,7D30,Spike Protein
Severe acute respiratory syndrome coronavirus 2,7D3I,Protease
Severe acute respiratory syndrome coronavirus 2,7D3I,NSP Proteins
Severe acute respiratory syndrome coronavirus 2,7D47,Protease
Severe acute respiratory syndrome coronavirus 2,7D47,NSP Proteins
Severe acute respiratory syndrome coronavirus 2,7D4F,Polymerase
Severe acute respiratory syndrome coronavirus 2,7D4F,NSP Proteins
Severe acute respiratory syndrome coronavirus 2,7D4G,Spike Protein
Severe acute respiratory syndrome coronavirus 2,7D64,Protease
Severe acute respiratory syndrome coronavirus 2,7D64,NSP Proteins
Severe acute respiratory syndrome coronavirus 2,7D6H,Protease
Severe acute respiratory syndrome coronavirus 2,7D6I,Spike Protein
Severe acute respiratory syndrome coronavirus 2,7D7K,Protease
Severe acute respiratory syndrome coronavirus 2,7D7K,NSP Proteins
Severe acute respiratory syndrome coronavirus 2,7D7L,Protease
Severe acute respiratory syndrome coronavirus 2,7D7L,NSP Proteins
Severe acute respiratory syndrome coronavirus 2,7DAT,Protease
Severe acute respiratory syndrome coronavirus 2,7DAU,Protease
Severe acute respiratory syndrome coronavirus 2,7DAV,Protease
Severe acute respiratory syndrome coronavirus 2,7DCC,Spike Protein
Severe acute respiratory syndrome coronavirus 2,7DCC,Protease
Severe acute respiratory syndrome coronavirus 2,7DCD,NSP Proteins
Severe acute respiratory syndrome coronavirus 2,7DCX,Spike Protein
Severe acute respiratory syndrome coronavirus 2,7DCX,Protease
Severe acute respiratory syndrome coronavirus 2,7DD2,Spike Protein
Severe acute respiratory syndrome coronavirus 2,7DD2,Protease
Severe acute respiratory syndrome coronavirus 2,7DD8,Spike Protein
Severe acute respiratory syndrome coronavirus 2,7DD8,Protease
Severe acute respiratory syndrome coronavirus 2,7DDC,Protease
Severe acute respiratory syndrome coronavirus 2,7DDD,Spike Protein
Severe acute respiratory syndrome coronavirus 2,7DDD,Protease
Severe acute respiratory syndrome coronavirus 2,7DDN,Spike Protein
Severe acute respiratory syndrome coronavirus 2,7DDN,Protease
Severe acute respiratory syndrome coronavirus 2,7DE1,Capsid Protein
Severe acute respiratory syndrome coronavirus 2,7DE1,Nucleoprotein
Severe acute respiratory syndrome coronavirus 2,7DE1,Nucleocapsid Protein
Severe acute respiratory syndrome coronavirus 2,7DEO,Spike Protein
Severe acute respiratory syndrome coronavirus 2,7DET,Spike Protein
Severe acute respiratory syndrome coronavirus 2,7DEU,Spike Protein
Severe acute respiratory syndrome coronavirus 2,7DF3,Spike Protein
Severe acute respiratory syndrome coronavirus 2,7DF4,Spike Protein
Severe acute respiratory syndrome coronavirus 2,7DF4,Protease
Severe acute respiratory syndrome coronavirus 2,7DFG,Polymerase
Severe acute respiratory syndrome coronavirus 2,7DFH,Polymerase
Severe acute respiratory syndrome coronavirus 2,7DGB,Protease
Severe acute respiratory syndrome coronavirus 2,7DGF,Protease
Severe acute respiratory syndrome coronavirus 2,7DGG,Protease
Severe acute respiratory syndrome coronavirus 2,7DGH,Protease
Severe acute respiratory syndrome coronavirus 2,7DGI,Protease
Severe acute respiratory syndrome coronavirus 2,7DHJ,Protease
Severe acute respiratory syndrome coronavirus 2,7DHX,Envelope Protein/Glycoprotein
Severe acute respiratory syndrome coronavirus 2,7DHX,Spike Protein
Severe acute respiratory syndrome coronavirus 2,7DIY,NSP Proteins
Severe acute respiratory syndrome coronavirus 2,7DJR,Protease
Severe acute respiratory syndrome coronavirus 2,7DJZ,Spike Protein
Severe acute respiratory syndrome coronavirus 2,7DK0,Spike Protein
Severe acute respiratory syndrome coronavirus 2,7DK1,Protease
Severe acute respiratory syndrome coronavirus 2,7DK2,Spike Protein
Severe acute respiratory syndrome coronavirus 2,7DK3,Spike Protein
Severe acute respiratory syndrome coronavirus 2,7DK4,Spike Protein
Severe acute respiratory syndrome coronavirus 2,7DK5,Spike Protein
Severe acute respiratory syndrome coronavirus 2,7DK6,Spike Protein
Severe acute respiratory syndrome coronavirus 2,7DK7,Spike Protein
Severe acute respiratory syndrome coronavirus 2,7DMU,Spike Protein
Severe acute respiratory syndrome coronavirus 2,7DMU,Protease
Severe acute respiratory syndrome coronavirus 2,7DOI,Polymerase
Severe acute respiratory syndrome coronavirus 2,7DOK,Polymerase
Severe acute respiratory syndrome coronavirus 2,7DPM,Spike Protein
Severe acute respiratory syndrome coronavirus 2,7DPP,Protease
Severe acute respiratory syndrome coronavirus 2,7DPP,NSP Proteins
Severe acute respiratory syndrome coronavirus 2,7DPU,Protease
Severe acute respiratory syndrome coronavirus 2,7DPU,NSP Proteins
Severe acute respiratory syndrome coronavirus 2,7DPV,Protease
Severe acute respiratory syndrome coronavirus 2,7DPV,NSP Proteins
Severe acute respiratory syndrome coronavirus 2,7DQA,Spike Protein
Severe acute respiratory syndrome coronavirus 2,7DQA,Protease
Severe acute respiratory syndrome coronavirus 2,7DTE,Polymerase
Severe acute respiratory syndrome coronavirus 2,7DTE,NSP Proteins
Severe acute respiratory syndrome coronavirus 2,7DVP,Protease
Severe acute respiratory syndrome coronavirus 2,7DVP,NSP Proteins
Severe acute respiratory syndrome coronavirus 2,7DVW,Protease
Severe acute respiratory syndrome coronavirus 2,7DVW,NSP Proteins
Severe acute respiratory syndrome coronavirus 2,7DVX,Protease
Severe acute respiratory syndrome coronavirus 2,7DVX,NSP Proteins
Severe acute respiratory syndrome coronavirus 2,7DVY,Protease
Severe acute respiratory syndrome coronavirus 2,7DVY,NSP Proteins
Severe acute respiratory syndrome coronavirus 2,7DW0,Protease
Severe acute respiratory syndrome coronavirus 2,7DW0,NSP Proteins
Severe acute respiratory syndrome coronavirus 2,7DW6,Protease
Severe acute respiratory syndrome coronavirus 2,7DW6,NSP Proteins
Severe acute respiratory syndrome coronavirus 2,7DWX,Spike Protein
Severe acute respiratory syndrome coronavirus 2,7DWX,Protease
Severe acute respiratory syndrome coronavirus 2,7DWY,Spike Protein
Severe acute respiratory syndrome coronavirus 2,7DWZ,Spike Protein
Severe acute respiratory syndrome coronavirus 2,7DX0,Spike Protein
Severe acute respiratory syndrome coronavirus 2,7DX1,Spike Protein
Severe acute respiratory syndrome coronavirus 2,7DX2,Spike Protein
Severe acute respiratory syndrome coronavirus 2,7DX3,Spike Protein
Severe acute respiratory syndrome coronavirus 2,7DX4,Spike Protein
Severe acute respiratory syndrome coronavirus 2,7DX4,Protease
Severe acute respiratory syndrome coronavirus 2,7DX5,Spike Protein
Severe acute respiratory syndrome coronavirus 2,7DX5,Protease
Severe acute respiratory syndrome coronavirus 2,7DX6,Spike Protein
Severe acute respiratory syndrome coronavirus 2,7DX6,Protease
Severe acute respiratory syndrome coronavirus 2,7DX7,Spike Protein
Severe acute respiratory syndrome coronavirus 2,7DX7,Protease
Severe acute respiratory syndrome coronavirus 2,7DX8,Spike Protein
Severe acute respiratory syndrome coronavirus 2,7DX8,Protease
Severe acute respiratory syndrome coronavirus 2,7DX9,Spike Protein
Severe acute respiratory syndrome coronavirus 2,7DX9,Protease
Severe acute respiratory syndrome coronavirus 2,7DZW,Spike Protein
Severe acute respiratory syndrome coronavirus 2,7DZX,Spike Protein
Severe acute respiratory syndrome coronavirus 2,7DZY,Spike Protein
Severe acute respiratory syndrome coronavirus 2,7E18,Protease
Severe acute respiratory syndrome coronavirus 2,7E19,Protease
Severe acute respiratory syndrome coronavirus 2,7E19,NSP Proteins
Severe acute respiratory syndrome coronavirus 2,7E23,Spike Protein
Severe acute respiratory syndrome coronavirus 2,7E35,Protease
Severe acute respiratory syndrome coronavirus 2,7E35,NSP Proteins
Severe acute respiratory syndrome coronavirus 2,7E39,Spike Protein
Severe acute respiratory syndrome coronavirus 2,7E3B,Spike Protein
Severe acute respiratory syndrome coronavirus 2,7E3C,Spike Protein
Severe acute respiratory syndrome coronavirus 2,7E3J,Spike Protein
Severe acute respiratory syndrome coronavirus 2,7E3K,Spike Protein
Severe acute respiratory syndrome coronavirus 2,7E3L,Spike Protein
Severe acute respiratory syndrome coronavirus 2,7E3O,Spike Protein
Severe acute respiratory syndrome coronavirus 2,7E5O,Spike Protein
Severe acute respiratory syndrome coronavirus 2,7E5R,Spike Protein
Severe acute respiratory syndrome coronavirus 2,7E5S,Spike Protein
Severe acute respiratory syndrome coronavirus 2,7E5X,Protease
Severe acute respiratory syndrome coronavirus 2,7E5Y,Spike Protein
Severe acute respiratory syndrome coronavirus 2,7E6K,Protease
Severe acute respiratory syndrome coronavirus 2,7E6K,NSP Proteins
Severe acute respiratory syndrome coronavirus 2,7E7B,Spike Protein
Severe acute respiratory syndrome coronavirus 2,7E7D,Spike Protein
Severe acute respiratory syndrome coronavirus 2,7E7X,Spike Protein
Severe acute respiratory syndrome coronavirus 2,7E7Y,Spike Protein
Severe acute respiratory syndrome coronavirus 2,7E86,Spike Protein
Severe acute respiratory syndrome coronavirus 2,7E88,Spike Protein
Severe acute respiratory syndrome coronavirus 2,7E8C,Spike Protein
Severe acute respiratory syndrome coronavirus 2,7E8F,Spike Protein
Severe acute respiratory syndrome coronavirus 2,7E8M,Spike Protein
Severe acute respiratory syndrome coronavirus 2,7E9N,Spike Protein
Severe acute respiratory syndrome coronavirus 2,7E9O,Spike Protein
Severe acute respiratory syndrome coronavirus 2,7E9P,Spike Protein
Severe acute respiratory syndrome coronavirus 2,7E9Q,Spike Protein
Severe acute respiratory syndrome coronavirus 2,7E9T,Spike Protein
Severe acute respiratory syndrome coronavirus 2,7EAM,Spike Protein
Severe acute respiratory syndrome coronavirus 2,7EAN,Spike Protein
Severe acute respiratory syndrome coronavirus 2,7EAZ,Spike Protein
Severe acute respiratory syndrome coronavirus 2,7EB0,Spike Protein
Severe acute respiratory syndrome coronavirus 2,7EB3,Spike Protein
Severe acute respiratory syndrome coronavirus 2,7EB4,Spike Protein
Severe acute respiratory syndrome coronavirus 2,7EB5,Spike Protein
Severe acute respiratory syndrome coronavirus 2,7ED5,Polymerase
Severe acute respiratory syndrome coronavirus 2,7ED5,NSP Proteins
Severe acute respiratory syndrome coronavirus 2,7EDF,Spike Protein
Severe acute respiratory syndrome coronavirus 2,7EDG,Spike Protein
Severe acute respiratory syndrome coronavirus 2,7EDH,Spike Protein
Severe acute respiratory syndrome coronavirus 2,7EDI,Spike Protein
Severe acute respiratory syndrome coronavirus 2,7EDJ,Spike Protein
Severe acute respiratory syndrome coronavirus 2,7EFP,Spike Protein
Severe acute respiratory syndrome coronavirus 2,7EFR,Spike Protein
Severe acute respiratory syndrome coronavirus 2,7EGQ,Helicase
Severe acute respiratory syndrome coronavirus 2,7EGQ,Polymerase
Severe acute respiratory syndrome coronavirus 2,7EGQ,NSP Proteins
Severe acute respiratory syndrome coronavirus 2,7EH5,Spike Protein
Severe acute respiratory syndrome coronavirus 2,7EIN,Protease
Severe acute respiratory syndrome coronavirus 2,7EIN,NSP Proteins
Severe acute respiratory syndrome coronavirus 2,7EIZ,Helicase
Severe acute respiratory syndrome coronavirus 2,7EIZ,Polymerase
Severe acute respiratory syndrome coronavirus 2,7EIZ,NSP Proteins
Severe acute respiratory syndrome coronavirus 2,7EJ4,Spike Protein
Severe acute respiratory syndrome coronavirus 2,7EJ5,Spike Protein
Severe acute respiratory syndrome coronavirus 2,7EJL,Spike Protein
Severe acute respiratory syndrome coronavirus 2,7EJY,Spike Protein
Severe acute respiratory syndrome coronavirus 2,7EJZ,Spike Protein
Severe acute respiratory syndrome coronavirus 2,7EK0,Spike Protein
Severe acute respiratory syndrome coronavirus 2,7EK6,Spike Protein
Severe acute respiratory syndrome coronavirus 2,7EKC,Spike Protein
Severe acute respiratory syndrome coronavirus 2,7EKC,Protease
Severe acute respiratory syndrome coronavirus 2,7EKE,Spike Protein
Severe acute respiratory syndrome coronavirus 2,7EKE,Protease
Severe acute respiratory syndrome coronavirus 2,7EKF,Spike Protein
Severe acute respiratory syndrome coronavirus 2,7EKF,Protease
Severe acute respiratory syndrome coronavirus 2,7EKG,Spike Protein
Severe acute respiratory syndrome coronavirus 2,7EKG,Protease
Severe acute respiratory syndrome coronavirus 2,7EKH,Spike Protein
Severe acute respiratory syndrome coronavirus 2,7EKH,Protease
Severe acute respiratory syndrome coronavirus 2,7EN8,Protease
Severe acute respiratory syndrome coronavirus 2,7EN8,NSP Proteins
Severe acute respiratory syndrome coronavirus 2,7EN9,Protease
Severe acute respiratory syndrome coronavirus 2,7EN9,NSP Proteins
Severe acute respiratory syndrome coronavirus 2,7ENF,Spike Protein
Severe acute respiratory syndrome coronavirus 2,7ENG,Spike Protein
Severe acute respiratory syndrome coronavirus 2,7EPX,Spike Protein
Severe acute respiratory syndrome coronavirus 2,7EQ4,NSP Proteins
Severe acute respiratory syndrome coronavirus 2,7EXM,NSP Proteins
Severe acute respiratory syndrome coronavirus 2,7EY0,Spike Protein
Severe acute respiratory syndrome coronavirus 2,7EY4,Spike Protein
Severe acute respiratory syndrome coronavirus 2,7EY5,Spike Protein
Severe acute respiratory syndrome coronavirus 2,7EYA,Spike Protein
Severe acute respiratory syndrome coronavirus 2,7EZV,Spike Protein
Severe acute respiratory syndrome coronavirus 2,7F0X,Spike Protein
Severe acute respiratory syndrome coronavirus 2,7F12,Spike Protein
Severe acute respiratory syndrome coronavirus 2,7F15,Spike Protein
Severe acute respiratory syndrome coronavirus 2,7F2B,Capsid Protein
Severe acute respiratory syndrome coronavirus 2,7F2B,Nucleoprotein
Severe acute respiratory syndrome coronavirus 2,7F2B,Nucleocapsid Protein
Severe acute respiratory syndrome coronavirus 2,7F2E,Capsid Protein
Severe acute respiratory syndrome coronavirus 2,7F2E,Nucleoprotein
Severe acute respiratory syndrome coronavirus 2,7F2E,Nucleocapsid Protein
Severe acute respiratory syndrome coronavirus 2,7F3Q,Spike Protein
Severe acute respiratory syndrome coronavirus 2,7F46,Spike Protein
Severe acute respiratory syndrome coronavirus 2,7F5G,Spike Protein
Severe acute respiratory syndrome coronavirus 2,7F5H,Spike Protein
Severe acute respiratory syndrome coronavirus 2,7F5R,Spike Protein
Severe acute respiratory syndrome coronavirus 2,7F62,Spike Protein
Severe acute respiratory syndrome coronavirus 2,7F63,Spike Protein
Severe acute respiratory syndrome coronavirus 2,7F6Y,Spike Protein
Severe acute respiratory syndrome coronavirus 2,7F6Z,Spike Protein
Severe acute respiratory syndrome coronavirus 2,7F7E,Spike Protein
Severe acute respiratory syndrome coronavirus 2,7F7H,Spike Protein
Severe acute respiratory syndrome coronavirus 2,7FAE,Spike Protein
Severe acute respiratory syndrome coronavirus 2,7FAF,Spike Protein
Severe acute respiratory syndrome coronavirus 2,7FAT,Spike Protein
Severe acute respiratory syndrome coronavirus 2,7FAU,Spike Protein
Severe acute respiratory syndrome coronavirus 2,7FAY,Protease
Severe acute respiratory syndrome coronavirus 2,7FAZ,Protease
Severe acute respiratory syndrome coronavirus 2,7FB0,Spike Protein
Severe acute respiratory syndrome coronavirus 2,7FB1,Spike Protein
Severe acute respiratory syndrome coronavirus 2,7FB3,Spike Protein
Severe acute respiratory syndrome coronavirus 2,7FB4,Spike Protein
Severe acute respiratory syndrome coronavirus 2,7FBJ,Spike Protein
Severe acute respiratory syndrome coronavirus 2,7FBK,Spike Protein
Severe acute respiratory syndrome coronavirus 2,7FC5,Spike Protein
Severe acute respiratory syndrome coronavirus 2,7FCD,Spike Protein
Severe acute respiratory syndrome coronavirus 2,7FCE,Spike Protein
Severe acute respiratory syndrome coronavirus 2,7FCP,Spike Protein
Severe acute respiratory syndrome coronavirus 2,7FCQ,Spike Protein
Severe acute respiratory syndrome coronavirus 2,7FDG,Spike Protein
Severe acute respiratory syndrome coronavirus 2,7FDG,Protease
Severe acute respiratory syndrome coronavirus 2,7FDH,Spike Protein
Severe acute respiratory syndrome coronavirus 2,7FDH,Protease
Severe acute respiratory syndrome coronavirus 2,7FDI,Spike Protein
Severe acute respiratory syndrome coronavirus 2,7FDI,Protease
Severe acute respiratory syndrome coronavirus 2,7FDK,Spike Protein
Severe acute respiratory syndrome coronavirus 2,7FEM,Spike Protein
Severe acute respiratory syndrome coronavirus 2,7FET,Spike Protein
Severe acute respiratory syndrome coronavirus 2,7FG2,Spike Protein
Severe acute respiratory syndrome coronavirus 2,7FG3,Spike Protein
Severe acute respiratory syndrome coronavirus 2,7FG7,Spike Protein
Severe acute respiratory syndrome coronavirus 2,7FH0,Spike Protein
Severe acute respiratory syndrome coronavirus 2,7FJC,Spike Protein
Severe acute respiratory syndrome coronavirus 2,7FJN,Envelope Protein/Glycoprotein
Severe acute respiratory syndrome coronavirus 2,7FJN,Spike Protein
Severe acute respiratory syndrome coronavirus 2,7FJO,Spike Protein
Severe acute respiratory syndrome coronavirus 2,7FJS,Spike Protein
Severe acute respiratory syndrome coronavirus 2,7FR0,Protease
Severe acute respiratory syndrome coronavirus 2,7FR0,NSP Proteins
Severe acute respiratory syndrome coronavirus 2,7FR1,Protease
Severe acute respiratory syndrome coronavirus 2,7FR1,NSP Proteins
Severe acute respiratory syndrome coronavirus 2,7FR2,Protease
Severe acute respiratory syndrome coronavirus 2,7FR2,NSP Proteins
Severe acute respiratory syndrome coronavirus 2,7FR3,Protease
Severe acute respiratory syndrome coronavirus 2,7FR3,NSP Proteins
Severe acute respiratory syndrome coronavirus 2,7FR4,Protease
Severe acute respiratory syndrome coronavirus 2,7FR4,NSP Proteins
Severe acute respiratory syndrome coronavirus 2,7FR5,Protease
Severe acute respiratory syndrome coronavirus 2,7FR5,NSP Proteins
Severe acute respiratory syndrome coronavirus 2,7FR6,Protease
Severe acute respiratory syndrome coronavirus 2,7FR6,NSP Proteins
Severe acute respiratory syndrome coronavirus 2,7FR7,Protease
Severe acute respiratory syndrome coronavirus 2,7FR7,NSP Proteins
Severe acute respiratory syndrome coronavirus 2,7FR8,Protease
Severe acute respiratory syndrome coronavirus 2,7FR8,NSP Proteins
Severe acute respiratory syndrome coronavirus 2,7FR9,Protease
Severe acute respiratory syndrome coronavirus 2,7FR9,NSP Proteins
Severe acute respiratory syndrome coronavirus 2,7FRA,Protease
Severe acute respiratory syndrome coronavirus 2,7FRA,NSP Proteins
Severe acute respiratory syndrome coronavirus 2,7FRB,Protease
Severe acute respiratory syndrome coronavirus 2,7FRB,NSP Proteins
Severe acute respiratory syndrome coronavirus 2,7FRC,Protease
Severe acute respiratory syndrome coronavirus 2,7FRC,NSP Proteins
Severe acute respiratory syndrome coronavirus 2,7FRD,Protease
Severe acute respiratory syndrome coronavirus 2,7FRD,NSP Proteins
Severe acute respiratory syndrome coronavirus 2,7GAV,Protease
Severe acute respiratory syndrome coronavirus 2,7GAV,NSP Proteins
Severe acute respiratory syndrome coronavirus 2,7GAW,Protease
Severe acute respiratory syndrome coronavirus 2,7GAW,NSP Proteins
Severe acute respiratory syndrome coronavirus 2,7GAX,Protease
Severe acute respiratory syndrome coronavirus 2,7GAX,NSP Proteins
Severe acute respiratory syndrome coronavirus 2,7GAY,Protease
Severe acute respiratory syndrome coronavirus 2,7GAY,NSP Proteins
Severe acute respiratory syndrome coronavirus 2,7GAZ,Protease
Severe acute respiratory syndrome coronavirus 2,7GAZ,NSP Proteins
Severe acute respiratory syndrome coronavirus 2,7GB0,Protease
Severe acute respiratory syndrome coronavirus 2,7GB0,NSP Proteins
Severe acute respiratory syndrome coronavirus 2,7GB1,Protease
Severe acute respiratory syndrome coronavirus 2,7GB1,NSP Proteins
Severe acute respiratory syndrome coronavirus 2,7GB2,Protease
Severe acute respiratory syndrome coronavirus 2,7GB2,NSP Proteins
Severe acute respiratory syndrome coronavirus 2,7GB3,Protease
Severe acute respiratory syndrome coronavirus 2,7GB3,NSP Proteins
Severe acute respiratory syndrome coronavirus 2,7GB4,Protease
Severe acute respiratory syndrome coronavirus 2,7GB4,NSP Proteins
Severe acute respiratory syndrome coronavirus 2,7GB5,Protease
Severe acute respiratory syndrome coronavirus 2,7GB5,NSP Proteins
Severe acute respiratory syndrome coronavirus 2,7GB6,Protease
Severe acute respiratory syndrome coronavirus 2,7GB6,NSP Proteins
Severe acute respiratory syndrome coronavirus 2,7GB7,Protease
Severe acute respiratory syndrome coronavirus 2,7GB7,NSP Proteins
Severe acute respiratory syndrome coronavirus 2,7GB8,Protease
Severe acute respiratory syndrome coronavirus 2,7GB8,NSP Proteins
Severe acute respiratory syndrome coronavirus 2,7GB9,Protease
Severe acute respiratory syndrome coronavirus 2,7GB9,NSP Proteins
Severe acute respiratory syndrome coronavirus 2,7GBA,Protease
Severe acute respiratory syndrome coronavirus 2,7GBA,NSP Proteins
Severe acute respiratory syndrome coronavirus 2,7GBB,Protease
Severe acute respiratory syndrome coronavirus 2,7GBB,NSP Proteins
Severe acute respiratory syndrome coronavirus 2,7GBC,Protease
Severe acute respiratory syndrome coronavirus 2,7GBC,NSP Proteins
Severe acute respiratory syndrome coronavirus 2,7GBD,Protease
Severe acute respiratory syndrome coronavirus 2,7GBD,NSP Proteins
Severe acute respiratory syndrome coronavirus 2,7GBE,Protease
Severe acute respiratory syndrome coronavirus 2,7GBE,NSP Proteins
Severe acute respiratory syndrome coronavirus 2,7GBF,Protease
Severe acute respiratory syndrome coronavirus 2,7GBF,NSP Proteins
Severe acute respiratory syndrome coronavirus 2,7GBG,Protease
Severe acute respiratory syndrome coronavirus 2,7GBG,NSP Proteins
Severe acute respiratory syndrome coronavirus 2,7GBH,Protease
Severe acute respiratory syndrome coronavirus 2,7GBH,NSP Proteins
Severe acute respiratory syndrome coronavirus 2,7GBI,Protease
Severe acute respiratory syndrome coronavirus 2,7GBI,NSP Proteins
Severe acute respiratory syndrome coronavirus 2,7GBJ,Protease
Severe acute respiratory syndrome coronavirus 2,7GBJ,NSP Proteins
Severe acute respiratory syndrome coronavirus 2,7GBK,Protease
Severe acute respiratory syndrome coronavirus 2,7GBK,NSP Proteins
Severe acute respiratory syndrome coronavirus 2,7GBL,Protease
Severe acute respiratory syndrome coronavirus 2,7GBL,NSP Proteins
Severe acute respiratory syndrome coronavirus 2,7GBM,Protease
Severe acute respiratory syndrome coronavirus 2,7GBM,NSP Proteins
Severe acute respiratory syndrome coronavirus 2,7GBN,Protease
Severe acute respiratory syndrome coronavirus 2,7GBN,NSP Proteins
Severe acute respiratory syndrome coronavirus 2,7GBO,Protease
Severe acute respiratory syndrome coronavirus 2,7GBO,NSP Proteins
Severe acute respiratory syndrome coronavirus 2,7GBP,Protease
Severe acute respiratory syndrome coronavirus 2,7GBP,NSP Proteins
Severe acute respiratory syndrome coronavirus 2,7GBQ,Protease
Severe acute respiratory syndrome coronavirus 2,7GBQ,NSP Proteins
Severe acute respiratory syndrome coronavirus 2,7GBR,Protease
Severe acute respiratory syndrome coronavirus 2,7GBR,NSP Proteins
Severe acute respiratory syndrome coronavirus 2,7GBS,Protease
Severe acute respiratory syndrome coronavirus 2,7GBS,NSP Proteins
Severe acute respiratory syndrome coronavirus 2,7GBT,Protease
Severe acute respiratory syndrome coronavirus 2,7GBT,NSP Proteins
Severe acute respiratory syndrome coronavirus 2,7GBU,Protease
Severe acute respiratory syndrome coronavirus 2,7GBU,NSP Proteins
Severe acute respiratory syndrome coronavirus 2,7GBV,Protease
Severe acute respiratory syndrome coronavirus 2,7GBV,NSP Proteins
Severe acute respiratory syndrome coronavirus 2,7GBW,Protease
Severe acute respiratory syndrome coronavirus 2,7GBW,NSP Proteins
Severe acute respiratory syndrome coronavirus 2,7GBX,Protease
Severe acute respiratory syndrome coronavirus 2,7GBX,NSP Proteins
Severe acute respiratory syndrome coronavirus 2,7GBY,Protease
Severe acute respiratory syndrome coronavirus 2,7GBY,NSP Proteins
Severe acute respiratory syndrome coronavirus 2,7GBZ,Protease
Severe acute respiratory syndrome coronavirus 2,7GBZ,NSP Proteins
Severe acute respiratory syndrome coronavirus 2,7GC0,Protease
Severe acute respiratory syndrome coronavirus 2,7GC0,NSP Proteins
Severe acute respiratory syndrome coronavirus 2,7GC1,Protease
Severe acute respiratory syndrome coronavirus 2,7GC1,NSP Proteins
Severe acute respiratory syndrome coronavirus 2,7GC2,Protease
Severe acute respiratory syndrome coronavirus 2,7GC2,NSP Proteins
Severe acute respiratory syndrome coronavirus 2,7GC3,Protease
Severe acute respiratory syndrome coronavirus 2,7GC3,NSP Proteins
Severe acute respiratory syndrome coronavirus 2,7GC4,Protease
Severe acute respiratory syndrome coronavirus 2,7GC4,NSP Proteins
Severe acute respiratory syndrome coronavirus 2,7GC5,Protease
Severe acute respiratory syndrome coronavirus 2,7GC5,NSP Proteins
Severe acute respiratory syndrome coronavirus 2,7GC6,Protease
Severe acute respiratory syndrome coronavirus 2,7GC6,NSP Proteins
Severe acute respiratory syndrome coronavirus 2,7GC7,Protease
Severe acute respiratory syndrome coronavirus 2,7GC7,NSP Proteins
Severe acute respiratory syndrome coronavirus 2,7GC8,Protease
Severe acute respiratory syndrome coronavirus 2,7GC8,NSP Proteins
Severe acute respiratory syndrome coronavirus 2,7GC9,Protease
Severe acute respiratory syndrome coronavirus 2,7GC9,NSP Proteins
Severe acute respiratory syndrome coronavirus 2,7GCA,Protease
Severe acute respiratory syndrome coronavirus 2,7GCA,NSP Proteins
Severe acute respiratory syndrome coronavirus 2,7GCB,Protease
Severe acute respiratory syndrome coronavirus 2,7GCB,NSP Proteins
Severe acute respiratory syndrome coronavirus 2,7GCC,Protease
Severe acute respiratory syndrome coronavirus 2,7GCC,NSP Proteins
Severe acute respiratory syndrome coronavirus 2,7GCD,Protease
Severe acute respiratory syndrome coronavirus 2,7GCD,NSP Proteins
Severe acute respiratory syndrome coronavirus 2,7GCE,Protease
Severe acute respiratory syndrome coronavirus 2,7GCE,NSP Proteins
Severe acute respiratory syndrome coronavirus 2,7GCF,Protease
Severe acute respiratory syndrome coronavirus 2,7GCF,NSP Proteins
Severe acute respiratory syndrome coronavirus 2,7GCG,Protease
Severe acute respiratory syndrome coronavirus 2,7GCG,NSP Proteins
Severe acute respiratory syndrome coronavirus 2,7GCI,Protease
Severe acute respiratory syndrome coronavirus 2,7GCI,NSP Proteins
Severe acute respiratory syndrome coronavirus 2,7GCJ,Protease
Severe acute respiratory syndrome coronavirus 2,7GCJ,NSP Proteins
Severe acute respiratory syndrome coronavirus 2,7GCK,Protease
Severe acute respiratory syndrome coronavirus 2,7GCK,NSP Proteins
Severe acute respiratory syndrome coronavirus 2,7GCL,Protease
Severe acute respiratory syndrome coronavirus 2,7GCL,NSP Proteins
Severe acute respiratory syndrome coronavirus 2,7GCM,Protease
Severe acute respiratory syndrome coronavirus 2,7GCM,NSP Proteins
Severe acute respiratory syndrome coronavirus 2,7GCN,Protease
Severe acute respiratory syndrome coronavirus 2,7GCN,NSP Proteins
Severe acute respiratory syndrome coronavirus 2,7GCO,Protease
Severe acute respiratory syndrome coronavirus 2,7GCO,NSP Proteins
Severe acute respiratory syndrome coronavirus 2,7GCP,Protease
Severe acute respiratory syndrome coronavirus 2,7GCP,NSP Proteins
Severe acute respiratory syndrome coronavirus 2,7GCQ,Protease
Severe acute respiratory syndrome coronavirus 2,7GCQ,NSP Proteins
Severe acute respiratory syndrome coronavirus 2,7GCR,Protease
Severe acute respiratory syndrome coronavirus 2,7GCR,NSP Proteins
Severe acute respiratory syndrome coronavirus 2,7GCS,Protease
Severe acute respiratory syndrome coronavirus 2,7GCS,NSP Proteins
Severe acute respiratory syndrome coronavirus 2,7GCT,Protease
Severe acute respiratory syndrome coronavirus 2,7GCT,NSP Proteins
Severe acute respiratory syndrome coronavirus 2,7GCU,Protease
Severe acute respiratory syndrome coronavirus 2,7GCU,NSP Proteins
Severe acute respiratory syndrome coronavirus 2,7GCV,Protease
Severe acute respiratory syndrome coronavirus 2,7GCV,NSP Proteins
Severe acute respiratory syndrome coronavirus 2,7GCW,Protease
Severe acute respiratory syndrome coronavirus 2,7GCW,NSP Proteins
Severe acute respiratory syndrome coronavirus 2,7GCX,Protease
Severe acute respiratory syndrome coronavirus 2,7GCX,NSP Proteins
Severe acute respiratory syndrome coronavirus 2,7GCY,Protease
Severe acute respiratory syndrome coronavirus 2,7GCY,NSP Proteins
Severe acute respiratory syndrome coronavirus 2,7GCZ,Protease
Severe acute respiratory syndrome coronavirus 2,7GCZ,NSP Proteins
Severe acute respiratory syndrome coronavirus 2,7GD0,Protease
Severe acute respiratory syndrome coronavirus 2,7GD0,NSP Proteins
Severe acute respiratory syndrome coronavirus 2,7GD1,Protease
Severe acute respiratory syndrome coronavirus 2,7GD1,NSP Proteins
Severe acute respiratory syndrome coronavirus 2,7GD2,Protease
Severe acute respiratory syndrome coronavirus 2,7GD2,NSP Proteins
Severe acute respiratory syndrome coronavirus 2,7GD3,Protease
Severe acute respiratory syndrome coronavirus 2,7GD3,NSP Proteins
Severe acute respiratory syndrome coronavirus 2,7GD4,Protease
Severe acute respiratory syndrome coronavirus 2,7GD4,NSP Proteins
Severe acute respiratory syndrome coronavirus 2,7GD5,Protease
Severe acute respiratory syndrome coronavirus 2,7GD5,NSP Proteins
Severe acute respiratory syndrome coronavirus 2,7GD6,Protease
Severe acute respiratory syndrome coronavirus 2,7GD6,NSP Proteins
Severe acute respiratory syndrome coronavirus 2,7GD7,Protease
Severe acute respiratory syndrome coronavirus 2,7GD7,NSP Proteins
Severe acute respiratory syndrome coronavirus 2,7GD8,Protease
Severe acute respiratory syndrome coronavirus 2,7GD8,NSP Proteins
Severe acute respiratory syndrome coronavirus 2,7GD9,Protease
Severe acute respiratory syndrome coronavirus 2,7GD9,NSP Proteins
Severe acute respiratory syndrome coronavirus 2,7GDA,Protease
Severe acute respiratory syndrome coronavirus 2,7GDA,NSP Proteins
Severe acute respiratory syndrome coronavirus 2,7GDB,Protease
Severe acute respiratory syndrome coronavirus 2,7GDB,NSP Proteins
Severe acute respiratory syndrome coronavirus 2,7GDC,Protease
Severe acute respiratory syndrome coronavirus 2,7GDC,NSP Proteins
Severe acute respiratory syndrome coronavirus 2,7GDD,Protease
Severe acute respiratory syndrome coronavirus 2,7GDD,NSP Proteins
Severe acute respiratory syndrome coronavirus 2,7GDE,Protease
Severe acute respiratory syndrome coronavirus 2,7GDE,NSP Proteins
Severe acute respiratory syndrome coronavirus 2,7GDF,Protease
Severe acute respiratory syndrome coronavirus 2,7GDF,NSP Proteins
Severe acute respiratory syndrome coronavirus 2,7GDG,Protease
Severe acute respiratory syndrome coronavirus 2,7GDG,NSP Proteins
Severe acute respiratory syndrome coronavirus 2,7GDH,Protease
Severe acute respiratory syndrome coronavirus 2,7GDH,NSP Proteins
Severe acute respiratory syndrome coronavirus 2,7GDI,Protease
Severe acute respiratory syndrome coronavirus 2,7GDI,NSP Proteins
Severe acute respiratory syndrome coronavirus 2,7GDJ,Protease
Severe acute respiratory syndrome coronavirus 2,7GDJ,NSP Proteins
Severe acute respiratory syndrome coronavirus 2,7GDK,Protease
Severe acute respiratory syndrome coronavirus 2,7GDK,NSP Proteins
Severe acute respiratory syndrome coronavirus 2,7GDL,Protease
Severe acute respiratory syndrome coronavirus 2,7GDL,NSP Proteins
Severe acute respiratory syndrome coronavirus 2,7GDM,Protease
Severe acute respiratory syndrome coronavirus 2,7GDM,NSP Proteins
Severe acute respiratory syndrome coronavirus 2,7GDN,Protease
Severe acute respiratory syndrome coronavirus 2,7GDN,NSP Proteins
Severe acute respiratory syndrome coronavirus 2,7GDO,Protease
Severe acute respiratory syndrome coronavirus 2,7GDO,NSP Proteins
Severe acute respiratory syndrome coronavirus 2,7GDP,Protease
Severe acute respiratory syndrome coronavirus 2,7GDP,NSP Proteins
Severe acute respiratory syndrome coronavirus 2,7GDQ,Protease
Severe acute respiratory syndrome coronavirus 2,7GDQ,NSP Proteins
Severe acute respiratory syndrome coronavirus 2,7GDR,Protease
Severe acute respiratory syndrome coronavirus 2,7GDR,NSP Proteins
Severe acute respiratory syndrome coronavirus 2,7GDS,Protease
Severe acute respiratory syndrome coronavirus 2,7GDS,NSP Proteins
Severe acute respiratory syndrome coronavirus 2,7GDT,Protease
Severe acute respiratory syndrome coronavirus 2,7GDT,NSP Proteins
Severe acute respiratory syndrome coronavirus 2,7GDU,Protease
Severe acute respiratory syndrome coronavirus 2,7GDU,NSP Proteins
Severe acute respiratory syndrome coronavirus 2,7GDV,Protease
Severe acute respiratory syndrome coronavirus 2,7GDV,NSP Proteins
Severe acute respiratory syndrome coronavirus 2,7GDW,Protease
Severe acute respiratory syndrome coronavirus 2,7GDW,NSP Proteins
Severe acute respiratory syndrome coronavirus 2,7GDX,Protease
Severe acute respiratory syndrome coronavirus 2,7GDX,NSP Proteins
Severe acute respiratory syndrome coronavirus 2,7GDY,Protease
Severe acute respiratory syndrome coronavirus 2,7GDY,NSP Proteins
Severe acute respiratory syndrome coronavirus 2,7GDZ,Protease
Severe acute respiratory syndrome coronavirus 2,7GDZ,NSP Proteins
Severe acute respiratory syndrome coronavirus 2,7GE0,Protease
Severe acute respiratory syndrome coronavirus 2,7GE0,NSP Proteins
Severe acute respiratory syndrome coronavirus 2,7GE1,Protease
Severe acute respiratory syndrome coronavirus 2,7GE1,NSP Proteins
Severe acute respiratory syndrome coronavirus 2,7GE2,Protease
Severe acute respiratory syndrome coronavirus 2,7GE2,NSP Proteins
Severe acute respiratory syndrome coronavirus 2,7GE3,Protease
Severe acute respiratory syndrome coronavirus 2,7GE3,NSP Proteins
Severe acute respiratory syndrome coronavirus 2,7GE4,Protease
Severe acute respiratory syndrome coronavirus 2,7GE4,NSP Proteins
Severe acute respiratory syndrome coronavirus 2,7GE5,Protease
Severe acute respiratory syndrome coronavirus 2,7GE5,NSP Proteins
Severe acute respiratory syndrome coronavirus 2,7GE6,Protease
Severe acute respiratory syndrome coronavirus 2,7GE6,NSP Proteins
Severe acute respiratory syndrome coronavirus 2,7GE7,Protease
Severe acute respiratory syndrome coronavirus 2,7GE7,NSP Proteins
Severe acute respiratory syndrome coronavirus 2,7GE8,Protease
Severe acute respiratory syndrome coronavirus 2,7GE8,NSP Proteins
Severe acute respiratory syndrome coronavirus 2,7GE9,Protease
Severe acute respiratory syndrome coronavirus 2,7GE9,NSP Proteins
Severe acute respiratory syndrome coronavirus 2,7GEA,Protease
Severe acute respiratory syndrome coronavirus 2,7GEA,NSP Proteins
Severe acute respiratory syndrome coronavirus 2,7GEB,Protease
Severe acute respiratory syndrome coronavirus 2,7GEB,NSP Proteins
Severe acute respiratory syndrome coronavirus 2,7GEC,Protease
Severe acute respiratory syndrome coronavirus 2,7GEC,NSP Proteins
Severe acute respiratory syndrome coronavirus 2,7GED,Protease
Severe acute respiratory syndrome coronavirus 2,7GED,NSP Proteins
Severe acute respiratory syndrome coronavirus 2,7GEE,Protease
Severe acute respiratory syndrome coronavirus 2,7GEE,NSP Proteins
Severe acute respiratory syndrome coronavirus 2,7GEF,Protease
Severe acute respiratory syndrome coronavirus 2,7GEF,NSP Proteins
Severe acute respiratory syndrome coronavirus 2,7GEG,Protease
Severe acute respiratory syndrome coronavirus 2,7GEG,NSP Proteins
Severe acute respiratory syndrome coronavirus 2,7GEH,Protease
Severe acute respiratory syndrome coronavirus 2,7GEH,NSP Proteins
Severe acute respiratory syndrome coronavirus 2,7GEI,Protease
Severe acute respiratory syndrome coronavirus 2,7GEI,NSP Proteins
Severe acute respiratory syndrome coronavirus 2,7GEJ,Protease
Severe acute respiratory syndrome coronavirus 2,7GEJ,NSP Proteins
Severe acute respiratory syndrome coronavirus 2,7GEK,Protease
Severe acute respiratory syndrome coronavirus 2,7GEK,NSP Proteins
Severe acute respiratory syndrome coronavirus 2,7GEL,Protease
Severe acute respiratory syndrome coronavirus 2,7GEL,NSP Proteins
Severe acute respiratory syndrome coronavirus 2,7GEM,Protease
Severe acute respiratory syndrome coronavirus 2,7GEM,NSP Proteins
Severe acute respiratory syndrome coronavirus 2,7GEN,Protease
Severe acute respiratory syndrome coronavirus 2,7GEN,NSP Proteins
Severe acute respiratory syndrome coronavirus 2,7GEO,Protease
Severe acute respiratory syndrome coronavirus 2,7GEO,NSP Proteins
Severe acute respiratory syndrome coronavirus 2,7GEQ,Protease
Severe acute respiratory syndrome coronavirus 2,7GEQ,NSP Proteins
Severe acute respiratory syndrome coronavirus 2,7GER,Protease
Severe acute respiratory syndrome coronavirus 2,7GER,NSP Proteins
Severe acute respiratory syndrome coronavirus 2,7GES,Protease
Severe acute respiratory syndrome coronavirus 2,7GES,NSP Proteins
Severe acute respiratory syndrome coronavirus 2,7GET,Protease
Severe acute respiratory syndrome coronavirus 2,7GET,NSP Proteins
Severe acute respiratory syndrome coronavirus 2,7GEU,Protease
Severe acute respiratory syndrome coronavirus 2,7GEU,NSP Proteins
Severe acute respiratory syndrome coronavirus 2,7GEV,Protease
Severe acute respiratory syndrome coronavirus 2,7GEV,NSP Proteins
Severe acute respiratory syndrome coronavirus 2,7GEW,Protease
Severe acute respiratory syndrome coronavirus 2,7GEW,NSP Proteins
Severe acute respiratory syndrome coronavirus 2,7GEX,Protease
Severe acute respiratory syndrome coronavirus 2,7GEX,NSP Proteins
Severe acute respiratory syndrome coronavirus 2,7GEY,Protease
Severe acute respiratory syndrome coronavirus 2,7GEY,NSP Proteins
Severe acute respiratory syndrome coronavirus 2,7GEZ,Protease
Severe acute respiratory syndrome coronavirus 2,7GEZ,NSP Proteins
Severe acute respiratory syndrome coronavirus 2,7GF0,Protease
Severe acute respiratory syndrome coronavirus 2,7GF0,NSP Proteins
Severe acute respiratory syndrome coronavirus 2,7GF1,Protease
Severe acute respiratory syndrome coronavirus 2,7GF1,NSP Proteins
Severe acute respiratory syndrome coronavirus 2,7GF2,Protease
Severe acute respiratory syndrome coronavirus 2,7GF2,NSP Proteins
Severe acute respiratory syndrome coronavirus 2,7GF3,Protease
Severe acute respiratory syndrome coronavirus 2,7GF3,NSP Proteins
Severe acute respiratory syndrome coronavirus 2,7GF4,Protease
Severe acute respiratory syndrome coronavirus 2,7GF4,NSP Proteins
Severe acute respiratory syndrome coronavirus 2,7GF5,Protease
Severe acute respiratory syndrome coronavirus 2,7GF5,NSP Proteins
Severe acute respiratory syndrome coronavirus 2,7GF6,Protease
Severe acute respiratory syndrome coronavirus 2,7GF6,NSP Proteins
Severe acute respiratory syndrome coronavirus 2,7GF7,Accessory Proteins
Severe acute respiratory syndrome coronavirus 2,7GF7,Protease
Severe acute respiratory syndrome coronavirus 2,7GF7,NSP Proteins
Severe acute respiratory syndrome coronavirus 2,7GF8,Accessory Proteins
Severe acute respiratory syndrome coronavirus 2,7GF8,Protease
Severe acute respiratory syndrome coronavirus 2,7GF8,NSP Proteins
Severe acute respiratory syndrome coronavirus 2,7GF9,Accessory Proteins
Severe acute respiratory syndrome coronavirus 2,7GF9,Protease
Severe acute respiratory syndrome coronavirus 2,7GF9,NSP Proteins
Severe acute respiratory syndrome coronavirus 2,7GFA,Protease
Severe acute respiratory syndrome coronavirus 2,7GFA,NSP Proteins
Severe acute respiratory syndrome coronavirus 2,7GFB,Protease
Severe acute respiratory syndrome coronavirus 2,7GFB,NSP Proteins
Severe acute respiratory syndrome coronavirus 2,7GFC,Protease
Severe acute respiratory syndrome coronavirus 2,7GFC,NSP Proteins
Severe acute respiratory syndrome coronavirus 2,7GFD,Protease
Severe acute respiratory syndrome coronavirus 2,7GFD,NSP Proteins
Severe acute respiratory syndrome coronavirus 2,7GFE,Protease
Severe acute respiratory syndrome coronavirus 2,7GFE,NSP Proteins
Severe acute respiratory syndrome coronavirus 2,7GFF,Protease
Severe acute respiratory syndrome coronavirus 2,7GFF,NSP Proteins
Severe acute respiratory syndrome coronavirus 2,7GFG,Protease
Severe acute respiratory syndrome coronavirus 2,7GFG,NSP Proteins
Severe acute respiratory syndrome coronavirus 2,7GFH,Protease
Severe acute respiratory syndrome coronavirus 2,7GFH,NSP Proteins
Severe acute respiratory syndrome coronavirus 2,7GFI,Protease
Severe acute respiratory syndrome coronavirus 2,7GFI,NSP Proteins
Severe acute respiratory syndrome coronavirus 2,7GFJ,Protease
Severe acute respiratory syndrome coronavirus 2,7GFJ,NSP Proteins
Severe acute respiratory syndrome coronavirus 2,7GFK,Protease
Severe acute respiratory syndrome coronavirus 2,7GFK,NSP Proteins
Severe acute respiratory syndrome coronavirus 2,7GFL,Protease
Severe acute respiratory syndrome coronavirus 2,7GFL,NSP Proteins
Severe acute respiratory syndrome coronavirus 2,7GFM,Protease
Severe acute respiratory syndrome coronavirus 2,7GFM,NSP Proteins
Severe acute respiratory syndrome coronavirus 2,7GFN,Protease
Severe acute respiratory syndrome coronavirus 2,7GFN,NSP Proteins
Severe acute respiratory syndrome coronavirus 2,7GFO,Protease
Severe acute respiratory syndrome coronavirus 2,7GFO,NSP Proteins
Severe acute respiratory syndrome coronavirus 2,7GFP,Protease
Severe acute respiratory syndrome coronavirus 2,7GFP,NSP Proteins
Severe acute respiratory syndrome coronavirus 2,7GFQ,Protease
Severe acute respiratory syndrome coronavirus 2,7GFQ,NSP Proteins
Severe acute respiratory syndrome coronavirus 2,7GFR,Protease
Severe acute respiratory syndrome coronavirus 2,7GFR,NSP Proteins
Severe acute respiratory syndrome coronavirus 2,7GFS,Protease
Severe acute respiratory syndrome coronavirus 2,7GFS,NSP Proteins
Severe acute respiratory syndrome coronavirus 2,7GFT,Protease
Severe acute respiratory syndrome coronavirus 2,7GFT,NSP Proteins
Severe acute respiratory syndrome coronavirus 2,7GFU,Protease
Severe acute respiratory syndrome coronavirus 2,7GFU,NSP Proteins
Severe acute respiratory syndrome coronavirus 2,7GFV,Protease
Severe acute respiratory syndrome coronavirus 2,7GFV,NSP Proteins
Severe acute respiratory syndrome coronavirus 2,7GFW,Protease
Severe acute respiratory syndrome coronavirus 2,7GFW,NSP Proteins
Severe acute respiratory syndrome coronavirus 2,7GFX,Protease
Severe acute respiratory syndrome coronavirus 2,7GFX,NSP Proteins
Severe acute respiratory syndrome coronavirus 2,7GFY,Protease
Severe acute respiratory syndrome coronavirus 2,7GFY,NSP Proteins
Severe acute respiratory syndrome coronavirus 2,7GFZ,Protease
Severe acute respiratory syndrome coronavirus 2,7GFZ,NSP Proteins
Severe acute respiratory syndrome coronavirus 2,7GG0,Protease
Severe acute respiratory syndrome coronavirus 2,7GG0,NSP Proteins
Severe acute respiratory syndrome coronavirus 2,7GG1,Protease
Severe acute respiratory syndrome coronavirus 2,7GG1,NSP Proteins
Severe acute respiratory syndrome coronavirus 2,7GG2,Protease
Severe acute respiratory syndrome coronavirus 2,7GG2,NSP Proteins
Severe acute respiratory syndrome coronavirus 2,7GG3,Protease
Severe acute respiratory syndrome coronavirus 2,7GG3,NSP Proteins
Severe acute respiratory syndrome coronavirus 2,7GG4,Protease
Severe acute respiratory syndrome coronavirus 2,7GG4,NSP Proteins
Severe acute respiratory syndrome coronavirus 2,7GG5,Protease
Severe acute respiratory syndrome coronavirus 2,7GG5,NSP Proteins
Severe acute respiratory syndrome coronavirus 2,7GG6,Protease
Severe acute respiratory syndrome coronavirus 2,7GG6,NSP Proteins
Severe acute respiratory syndrome coronavirus 2,7GG7,Protease
Severe acute respiratory syndrome coronavirus 2,7GG7,NSP Proteins
Severe acute respiratory syndrome coronavirus 2,7GG8,Protease
Severe acute respiratory syndrome coronavirus 2,7GG8,NSP Proteins
Severe acute respiratory syndrome coronavirus 2,7GG9,Protease
Severe acute respiratory syndrome coronavirus 2,7GG9,NSP Proteins
Severe acute respiratory syndrome coronavirus 2,7GGA,Protease
Severe acute respiratory syndrome coronavirus 2,7GGA,NSP Proteins
Severe acute respiratory syndrome coronavirus 2,7GGB,Protease
Severe acute respiratory syndrome coronavirus 2,7GGB,NSP Proteins
Severe acute respiratory syndrome coronavirus 2,7GGC,Protease
Severe acute respiratory syndrome coronavirus 2,7GGC,NSP Proteins
Severe acute respiratory syndrome coronavirus 2,7GGD,Protease
Severe acute respiratory syndrome coronavirus 2,7GGD,NSP Proteins
Severe acute respiratory syndrome coronavirus 2,7GGE,Protease
Severe acute respiratory syndrome coronavirus 2,7GGE,NSP Proteins
Severe acute respiratory syndrome coronavirus 2,7GGF,Protease
Severe acute respiratory syndrome coronavirus 2,7GGF,NSP Proteins
Severe acute respiratory syndrome coronavirus 2,7GGG,Protease
Severe acute respiratory syndrome coronavirus 2,7GGG,NSP Proteins
Severe acute respiratory syndrome coronavirus 2,7GGH,Protease
Severe acute respiratory syndrome coronavirus 2,7GGH,NSP Proteins
Severe acute respiratory syndrome coronavirus 2,7GGI,Protease
Severe acute respiratory syndrome coronavirus 2,7GGI,NSP Proteins
Severe acute respiratory syndrome coronavirus 2,7GGJ,Protease
Severe acute respiratory syndrome coronavirus 2,7GGJ,NSP Proteins
Severe acute respiratory syndrome coronavirus 2,7GGK,Protease
Severe acute respiratory syndrome coronavirus 2,7GGK,NSP Proteins
Severe acute respiratory syndrome coronavirus 2,7GGL,Protease
Severe acute respiratory syndrome coronavirus 2,7GGL,NSP Proteins
Severe acute respiratory syndrome coronavirus 2,7GGM,Protease
Severe acute respiratory syndrome coronavirus 2,7GGM,NSP Proteins
Severe acute respiratory syndrome coronavirus 2,7GGN,Protease
Severe acute respiratory syndrome coronavirus 2,7GGN,NSP Proteins
Severe acute respiratory syndrome coronavirus 2,7GGO,Protease
Severe acute respiratory syndrome coronavirus 2,7GGO,NSP Proteins
Severe acute respiratory syndrome coronavirus 2,7GGP,Protease
Severe acute respiratory syndrome coronavirus 2,7GGP,NSP Proteins
Severe acute respiratory syndrome coronavirus 2,7GGQ,Protease
Severe acute respiratory syndrome coronavirus 2,7GGQ,NSP Proteins
Severe acute respiratory syndrome coronavirus 2,7GGR,Protease
Severe acute respiratory syndrome coronavirus 2,7GGR,NSP Proteins
Severe acute respiratory syndrome coronavirus 2,7GGS,Protease
Severe acute respiratory syndrome coronavirus 2,7GGS,NSP Proteins
Severe acute respiratory syndrome coronavirus 2,7GGT,Protease
Severe acute respiratory syndrome coronavirus 2,7GGT,NSP Proteins
Severe acute respiratory syndrome coronavirus 2,7GGU,Protease
Severe acute respiratory syndrome coronavirus 2,7GGU,NSP Proteins
Severe acute respiratory syndrome coronavirus 2,7GGV,Protease
Severe acute respiratory syndrome coronavirus 2,7GGV,NSP Proteins
Severe acute respiratory syndrome coronavirus 2,7GGW,Protease
Severe acute respiratory syndrome coronavirus 2,7GGW,NSP Proteins
Severe acute respiratory syndrome coronavirus 2,7GGX,Protease
Severe acute respiratory syndrome coronavirus 2,7GGX,NSP Proteins
Severe acute respiratory syndrome coronavirus 2,7GGY,Protease
Severe acute respiratory syndrome coronavirus 2,7GGY,NSP Proteins
Severe acute respiratory syndrome coronavirus 2,7GGZ,Protease
Severe acute respiratory syndrome coronavirus 2,7GGZ,NSP Proteins
Severe acute respiratory syndrome coronavirus 2,7GH0,Protease
Severe acute respiratory syndrome coronavirus 2,7GH0,NSP Proteins
Severe acute respiratory syndrome coronavirus 2,7GH1,Protease
Severe acute respiratory syndrome coronavirus 2,7GH1,NSP Proteins
Severe acute respiratory syndrome coronavirus 2,7GH2,Protease
Severe acute respiratory syndrome coronavirus 2,7GH2,NSP Proteins
Severe acute respiratory syndrome coronavirus 2,7GH3,Protease
Severe acute respiratory syndrome coronavirus 2,7GH3,NSP Proteins
Severe acute respiratory syndrome coronavirus 2,7GH4,Protease
Severe acute respiratory syndrome coronavirus 2,7GH4,NSP Proteins
Severe acute respiratory syndrome coronavirus 2,7GH5,Protease
Severe acute respiratory syndrome coronavirus 2,7GH5,NSP Proteins
Severe acute respiratory syndrome coronavirus 2,7GH6,Protease
Severe acute respiratory syndrome coronavirus 2,7GH6,NSP Proteins
Severe acute respiratory syndrome coronavirus 2,7GH7,Protease
Severe acute respiratory syndrome coronavirus 2,7GH7,NSP Proteins
Severe acute respiratory syndrome coronavirus 2,7GH8,Protease
Severe acute respiratory syndrome coronavirus 2,7GH8,NSP Proteins
Severe acute respiratory syndrome coronavirus 2,7GH9,Protease
Severe acute respiratory syndrome coronavirus 2,7GH9,NSP Proteins
Severe acute respiratory syndrome coronavirus 2,7GHA,Protease
Severe acute respiratory syndrome coronavirus 2,7GHA,NSP Proteins
Severe acute respiratory syndrome coronavirus 2,7GHB,Protease
Severe acute respiratory syndrome coronavirus 2,7GHB,NSP Proteins
Severe acute respiratory syndrome coronavirus 2,7GHC,Protease
Severe acute respiratory syndrome coronavirus 2,7GHC,NSP Proteins
Severe acute respiratory syndrome coronavirus 2,7GHD,Protease
Severe acute respiratory syndrome coronavirus 2,7GHD,NSP Proteins
Severe acute respiratory syndrome coronavirus 2,7GHE,Protease
Severe acute respiratory syndrome coronavirus 2,7GHE,NSP Proteins
Severe acute respiratory syndrome coronavirus 2,7GHF,Protease
Severe acute respiratory syndrome coronavirus 2,7GHF,NSP Proteins
Severe acute respiratory syndrome coronavirus 2,7GHG,Protease
Severe acute respiratory syndrome coronavirus 2,7GHG,NSP Proteins
Severe acute respiratory syndrome coronavirus 2,7GHH,Protease
Severe acute respiratory syndrome coronavirus 2,7GHH,NSP Proteins
Severe acute respiratory syndrome coronavirus 2,7GHI,Protease
Severe acute respiratory syndrome coronavirus 2,7GHI,NSP Proteins
Severe acute respiratory syndrome coronavirus 2,7GHJ,Protease
Severe acute respiratory syndrome coronavirus 2,7GHJ,NSP Proteins
Severe acute respiratory syndrome coronavirus 2,7GHK,Protease
Severe acute respiratory syndrome coronavirus 2,7GHK,NSP Proteins
Severe acute respiratory syndrome coronavirus 2,7GHL,Protease
Severe acute respiratory syndrome coronavirus 2,7GHL,NSP Proteins
Severe acute respiratory syndrome coronavirus 2,7GHM,Protease
Severe acute respiratory syndrome coronavirus 2,7GHM,NSP Proteins
Severe acute respiratory syndrome coronavirus 2,7GHN,Protease
Severe acute respiratory syndrome coronavirus 2,7GHN,NSP Proteins
Severe acute respiratory syndrome coronavirus 2,7GHO,Protease
Severe acute respiratory syndrome coronavirus 2,7GHO,NSP Proteins
Severe acute respiratory syndrome coronavirus 2,7GHP,Protease
Severe acute respiratory syndrome coronavirus 2,7GHP,NSP Proteins
Severe acute respiratory syndrome coronavirus 2,7GHQ,Protease
Severe acute respiratory syndrome coronavirus 2,7GHQ,NSP Proteins
Severe acute respiratory syndrome coronavirus 2,7GHR,Protease
Severe acute respiratory syndrome coronavirus 2,7GHR,NSP Proteins
Severe acute respiratory syndrome coronavirus 2,7GHS,Protease
Severe acute respiratory syndrome coronavirus 2,7GHS,NSP Proteins
Severe acute respiratory syndrome coronavirus 2,7GHT,Protease
Severe acute respiratory syndrome coronavirus 2,7GHT,NSP Proteins
Severe acute respiratory syndrome coronavirus 2,7GHU,Protease
Severe acute respiratory syndrome coronavirus 2,7GHU,NSP Proteins
Severe acute respiratory syndrome coronavirus 2,7GHV,Protease
Severe acute respiratory syndrome coronavirus 2,7GHV,NSP Proteins
Severe acute respiratory syndrome coronavirus 2,7GHW,Protease
Severe acute respiratory syndrome coronavirus 2,7GHW,NSP Proteins
Severe acute respiratory syndrome coronavirus 2,7GHX,Protease
Severe acute respiratory syndrome coronavirus 2,7GHX,NSP Proteins
Severe acute respiratory syndrome coronavirus 2,7GHY,Protease
Severe acute respiratory syndrome coronavirus 2,7GHY,NSP Proteins
Severe acute respiratory syndrome coronavirus 2,7GHZ,Protease
Severe acute respiratory syndrome coronavirus 2,7GHZ,NSP Proteins
Severe acute respiratory syndrome coronavirus 2,7GI0,Protease
Severe acute respiratory syndrome coronavirus 2,7GI0,NSP Proteins
Severe acute respiratory syndrome coronavirus 2,7GI1,Protease
Severe acute respiratory syndrome coronavirus 2,7GI1,NSP Proteins
Severe acute respiratory syndrome coronavirus 2,7GI2,Protease
Severe acute respiratory syndrome coronavirus 2,7GI2,NSP Proteins
Severe acute respiratory syndrome coronavirus 2,7GI3,Protease
Severe acute respiratory syndrome coronavirus 2,7GI3,NSP Proteins
Severe acute respiratory syndrome coronavirus 2,7GI4,Protease
Severe acute respiratory syndrome coronavirus 2,7GI4,NSP Proteins
Severe acute respiratory syndrome coronavirus 2,7GI5,Protease
Severe acute respiratory syndrome coronavirus 2,7GI5,NSP Proteins
Severe acute respiratory syndrome coronavirus 2,7GI6,Protease
Severe acute respiratory syndrome coronavirus 2,7GI6,NSP Proteins
Severe acute respiratory syndrome coronavirus 2,7GI7,Protease
Severe acute respiratory syndrome coronavirus 2,7GI7,NSP Proteins
Severe acute respiratory syndrome coronavirus 2,7GI8,Protease
Severe acute respiratory syndrome coronavirus 2,7GI8,NSP Proteins
Severe acute respiratory syndrome coronavirus 2,7GI9,Protease
Severe acute respiratory syndrome coronavirus 2,7GI9,NSP Proteins
Severe acute respiratory syndrome coronavirus 2,7GIA,Protease
Severe acute respiratory syndrome coronavirus 2,7GIA,NSP Proteins
Severe acute respiratory syndrome coronavirus 2,7GIB,Protease
Severe acute respiratory syndrome coronavirus 2,7GIB,NSP Proteins
Severe acute respiratory syndrome coronavirus 2,7GIC,Protease
Severe acute respiratory syndrome coronavirus 2,7GIC,NSP Proteins
Severe acute respiratory syndrome coronavirus 2,7GID,Protease
Severe acute respiratory syndrome coronavirus 2,7GID,NSP Proteins
Severe acute respiratory syndrome coronavirus 2,7GIE,Protease
Severe acute respiratory syndrome coronavirus 2,7GIE,NSP Proteins
Severe acute respiratory syndrome coronavirus 2,7GIF,Protease
Severe acute respiratory syndrome coronavirus 2,7GIF,NSP Proteins
Severe acute respiratory syndrome coronavirus 2,7GIG,Protease
Severe acute respiratory syndrome coronavirus 2,7GIG,NSP Proteins
Severe acute respiratory syndrome coronavirus 2,7GIH,Protease
Severe acute respiratory syndrome coronavirus 2,7GIH,NSP Proteins
Severe acute respiratory syndrome coronavirus 2,7GII,Protease
Severe acute respiratory syndrome coronavirus 2,7GII,NSP Proteins
Severe acute respiratory syndrome coronavirus 2,7GIJ,Protease
Severe acute respiratory syndrome coronavirus 2,7GIJ,NSP Proteins
Severe acute respiratory syndrome coronavirus 2,7GIK,Protease
Severe acute respiratory syndrome coronavirus 2,7GIK,NSP Proteins
Severe acute respiratory syndrome coronavirus 2,7GIL,Protease
Severe acute respiratory syndrome coronavirus 2,7GIL,NSP Proteins
Severe acute respiratory syndrome coronavirus 2,7GIM,Protease
Severe acute respiratory syndrome coronavirus 2,7GIM,NSP Proteins
Severe acute respiratory syndrome coronavirus 2,7GIN,Protease
Severe acute respiratory syndrome coronavirus 2,7GIN,NSP Proteins
Severe acute respiratory syndrome coronavirus 2,7GIO,Protease
Severe acute respiratory syndrome coronavirus 2,7GIO,NSP Proteins
Severe acute respiratory syndrome coronavirus 2,7GIP,Protease
Severe acute respiratory syndrome coronavirus 2,7GIP,NSP Proteins
Severe acute respiratory syndrome coronavirus 2,7GIQ,Protease
Severe acute respiratory syndrome coronavirus 2,7GIQ,NSP Proteins
Severe acute respiratory syndrome coronavirus 2,7GIR,Protease
Severe acute respiratory syndrome coronavirus 2,7GIR,NSP Proteins
Severe acute respiratory syndrome coronavirus 2,7GIS,Protease
Severe acute respiratory syndrome coronavirus 2,7GIS,NSP Proteins
Severe acute respiratory syndrome coronavirus 2,7GIT,Protease
Severe acute respiratory syndrome coronavirus 2,7GIT,NSP Proteins
Severe acute respiratory syndrome coronavirus 2,7GIU,Protease
Severe acute respiratory syndrome coronavirus 2,7GIU,NSP Proteins
Severe acute respiratory syndrome coronavirus 2,7GIV,Protease
Severe acute respiratory syndrome coronavirus 2,7GIV,NSP Proteins
Severe acute respiratory syndrome coronavirus 2,7GIW,Protease
Severe acute respiratory syndrome coronavirus 2,7GIW,NSP Proteins
Severe acute respiratory syndrome coronavirus 2,7GIX,Protease
Severe acute respiratory syndrome coronavirus 2,7GIX,NSP Proteins
Severe acute respiratory syndrome coronavirus 2,7GIY,Protease
Severe acute respiratory syndrome coronavirus 2,7GIY,NSP Proteins
Severe acute respiratory syndrome coronavirus 2,7GIZ,Protease
Severe acute respiratory syndrome coronavirus 2,7GIZ,NSP Proteins
Severe acute respiratory syndrome coronavirus 2,7GJ0,Protease
Severe acute respiratory syndrome coronavirus 2,7GJ0,NSP Proteins
Severe acute respiratory syndrome coronavirus 2,7GJ1,Protease
Severe acute respiratory syndrome coronavirus 2,7GJ1,NSP Proteins
Severe acute respiratory syndrome coronavirus 2,7GJ2,Protease
Severe acute respiratory syndrome coronavirus 2,7GJ2,NSP Proteins
Severe acute respiratory syndrome coronavirus 2,7GJ3,Protease
Severe acute respiratory syndrome coronavirus 2,7GJ3,NSP Proteins
Severe acute respiratory syndrome coronavirus 2,7GJ4,Protease
Severe acute respiratory syndrome coronavirus 2,7GJ4,NSP Proteins
Severe acute respiratory syndrome coronavirus 2,7GJ5,Protease
Severe acute respiratory syndrome coronavirus 2,7GJ5,NSP Proteins
Severe acute respiratory syndrome coronavirus 2,7GJ6,Protease
Severe acute respiratory syndrome coronavirus 2,7GJ6,NSP Proteins
Severe acute respiratory syndrome coronavirus 2,7GJ7,Protease
Severe acute respiratory syndrome coronavirus 2,7GJ7,NSP Proteins
Severe acute respiratory syndrome coronavirus 2,7GJ8,Protease
Severe acute respiratory syndrome coronavirus 2,7GJ8,NSP Proteins
Severe acute respiratory syndrome coronavirus 2,7GJ9,Protease
Severe acute respiratory syndrome coronavirus 2,7GJ9,NSP Proteins
Severe acute respiratory syndrome coronavirus 2,7GJA,Protease
Severe acute respiratory syndrome coronavirus 2,7GJA,NSP Proteins
Severe acute respiratory syndrome coronavirus 2,7GJB,Protease
Severe acute respiratory syndrome coronavirus 2,7GJB,NSP Proteins
Severe acute respiratory syndrome coronavirus 2,7GJC,Protease
Severe acute respiratory syndrome coronavirus 2,7GJC,NSP Proteins
Severe acute respiratory syndrome coronavirus 2,7GJD,Protease
Severe acute respiratory syndrome coronavirus 2,7GJD,NSP Proteins
Severe acute respiratory syndrome coronavirus 2,7GJE,Protease
Severe acute respiratory syndrome coronavirus 2,7GJE,NSP Proteins
Severe acute respiratory syndrome coronavirus 2,7GJF,Protease
Severe acute respiratory syndrome coronavirus 2,7GJF,NSP Proteins
Severe acute respiratory syndrome coronavirus 2,7GJG,Protease
Severe acute respiratory syndrome coronavirus 2,7GJG,NSP Proteins
Severe acute respiratory syndrome coronavirus 2,7GJH,Protease
Severe acute respiratory syndrome coronavirus 2,7GJH,NSP Proteins
Severe acute respiratory syndrome coronavirus 2,7GJI,Protease
Severe acute respiratory syndrome coronavirus 2,7GJI,NSP Proteins
Severe acute respiratory syndrome coronavirus 2,7GJJ,Protease
Severe acute respiratory syndrome coronavirus 2,7GJJ,NSP Proteins
Severe acute respiratory syndrome coronavirus 2,7GJK,Protease
Severe acute respiratory syndrome coronavirus 2,7GJK,NSP Proteins
Severe acute respiratory syndrome coronavirus 2,7GJL,Protease
Severe acute respiratory syndrome coronavirus 2,7GJL,NSP Proteins
Severe acute respiratory syndrome coronavirus 2,7GJM,Protease
Severe acute respiratory syndrome coronavirus 2,7GJM,NSP Proteins
Severe acute respiratory syndrome coronavirus 2,7GJN,Protease
Severe acute respiratory syndrome coronavirus 2,7GJN,NSP Proteins
Severe acute respiratory syndrome coronavirus 2,7GJO,Protease
Severe acute respiratory syndrome coronavirus 2,7GJO,NSP Proteins
Severe acute respiratory syndrome coronavirus 2,7GJP,Protease
Severe acute respiratory syndrome coronavirus 2,7GJP,NSP Proteins
Severe acute respiratory syndrome coronavirus 2,7GJQ,Protease
Severe acute respiratory syndrome coronavirus 2,7GJQ,NSP Proteins
Severe acute respiratory syndrome coronavirus 2,7GJR,Protease
Severe acute respiratory syndrome coronavirus 2,7GJR,NSP Proteins
Severe acute respiratory syndrome coronavirus 2,7GJS,Protease
Severe acute respiratory syndrome coronavirus 2,7GJS,NSP Proteins
Severe acute respiratory syndrome coronavirus 2,7GJT,Protease
Severe acute respiratory syndrome coronavirus 2,7GJT,NSP Proteins
Severe acute respiratory syndrome coronavirus 2,7GJU,Protease
Severe acute respiratory syndrome coronavirus 2,7GJU,NSP Proteins
Severe acute respiratory syndrome coronavirus 2,7GJV,Protease
Severe acute respiratory syndrome coronavirus 2,7GJV,NSP Proteins
Severe acute respiratory syndrome coronavirus 2,7GJW,Protease
Severe acute respiratory syndrome coronavirus 2,7GJW,NSP Proteins
Severe acute respiratory syndrome coronavirus 2,7GJX,Protease
Severe acute respiratory syndrome coronavirus 2,7GJX,NSP Proteins
Severe acute respiratory syndrome coronavirus 2,7GJY,Protease
Severe acute respiratory syndrome coronavirus 2,7GJY,NSP Proteins
Severe acute respiratory syndrome coronavirus 2,7GJZ,Protease
Severe acute respiratory syndrome coronavirus 2,7GJZ,NSP Proteins
Severe acute respiratory syndrome coronavirus 2,7GK0,Protease
Severe acute respiratory syndrome coronavirus 2,7GK0,NSP Proteins
Severe acute respiratory syndrome coronavirus 2,7GK1,Protease
Severe acute respiratory syndrome coronavirus 2,7GK1,NSP Proteins
Severe acute respiratory syndrome coronavirus 2,7GK2,Protease
Severe acute respiratory syndrome coronavirus 2,7GK2,NSP Proteins
Severe acute respiratory syndrome coronavirus 2,7GK3,Protease
Severe acute respiratory syndrome coronavirus 2,7GK3,NSP Proteins
Severe acute respiratory syndrome coronavirus 2,7GK4,Protease
Severe acute respiratory syndrome coronavirus 2,7GK4,NSP Proteins
Severe acute respiratory syndrome coronavirus 2,7GK5,Protease
Severe acute respiratory syndrome coronavirus 2,7GK5,NSP Proteins
Severe acute respiratory syndrome coronavirus 2,7GK6,Protease
Severe acute respiratory syndrome coronavirus 2,7GK6,NSP Proteins
Severe acute respiratory syndrome coronavirus 2,7GK7,Protease
Severe acute respiratory syndrome coronavirus 2,7GK7,NSP Proteins
Severe acute respiratory syndrome coronavirus 2,7GK8,Protease
Severe acute respiratory syndrome coronavirus 2,7GK8,NSP Proteins
Severe acute respiratory syndrome coronavirus 2,7GK9,Protease
Severe acute respiratory syndrome coronavirus 2,7GK9,NSP Proteins
Severe acute respiratory syndrome coronavirus 2,7GKA,Protease
Severe acute respiratory syndrome coronavirus 2,7GKA,NSP Proteins
Severe acute respiratory syndrome coronavirus 2,7GKB,Protease
Severe acute respiratory syndrome coronavirus 2,7GKB,NSP Proteins
Severe acute respiratory syndrome coronavirus 2,7GKC,Protease
Severe acute respiratory syndrome coronavirus 2,7GKC,NSP Proteins
Severe acute respiratory syndrome coronavirus 2,7GKD,Protease
Severe acute respiratory syndrome coronavirus 2,7GKD,NSP Proteins
Severe acute respiratory syndrome coronavirus 2,7GKE,Protease
Severe acute respiratory syndrome coronavirus 2,7GKE,NSP Proteins
Severe acute respiratory syndrome coronavirus 2,7GKF,Protease
Severe acute respiratory syndrome coronavirus 2,7GKF,NSP Proteins
Severe acute respiratory syndrome coronavirus 2,7GKG,Protease
Severe acute respiratory syndrome coronavirus 2,7GKG,NSP Proteins
Severe acute respiratory syndrome coronavirus 2,7GKH,Protease
Severe acute respiratory syndrome coronavirus 2,7GKH,NSP Proteins
Severe acute respiratory syndrome coronavirus 2,7GKI,Protease
Severe acute respiratory syndrome coronavirus 2,7GKI,NSP Proteins
Severe acute respiratory syndrome coronavirus 2,7GKJ,Protease
Severe acute respiratory syndrome coronavirus 2,7GKJ,NSP Proteins
Severe acute respiratory syndrome coronavirus 2,7GKK,Protease
Severe acute respiratory syndrome coronavirus 2,7GKK,NSP Proteins
Severe acute respiratory syndrome coronavirus 2,7GKL,Protease
Severe acute respiratory syndrome coronavirus 2,7GKL,NSP Proteins
Severe acute respiratory syndrome coronavirus 2,7GKM,Protease
Severe acute respiratory syndrome coronavirus 2,7GKM,NSP Proteins
Severe acute respiratory syndrome coronavirus 2,7GKN,Protease
Severe acute respiratory syndrome coronavirus 2,7GKN,NSP Proteins
Severe acute respiratory syndrome coronavirus 2,7GKO,Protease
Severe acute respiratory syndrome coronavirus 2,7GKO,NSP Proteins
Severe acute respiratory syndrome coronavirus 2,7GKP,Protease
Severe acute respiratory syndrome coronavirus 2,7GKP,NSP Proteins
Severe acute respiratory syndrome coronavirus 2,7GKQ,Protease
Severe acute respiratory syndrome coronavirus 2,7GKQ,NSP Proteins
Severe acute respiratory syndrome coronavirus 2,7GKR,Protease
Severe acute respiratory syndrome coronavirus 2,7GKR,NSP Proteins
Severe acute respiratory syndrome coronavirus 2,7GKS,Protease
Severe acute respiratory syndrome coronavirus 2,7GKS,NSP Proteins
Severe acute respiratory syndrome coronavirus 2,7GKT,Protease
Severe acute respiratory syndrome coronavirus 2,7GKT,NSP Proteins
Severe acute respiratory syndrome coronavirus 2,7GKU,Protease
Severe acute respiratory syndrome coronavirus 2,7GKU,NSP Proteins
Severe acute respiratory syndrome coronavirus 2,7GKV,Protease
Severe acute respiratory syndrome coronavirus 2,7GKV,NSP Proteins
Severe acute respiratory syndrome coronavirus 2,7GKW,Protease
Severe acute respiratory syndrome coronavirus 2,7GKW,NSP Proteins
Severe acute respiratory syndrome coronavirus 2,7GKX,Protease
Severe acute respiratory syndrome coronavirus 2,7GKX,NSP Proteins
Severe acute respiratory syndrome coronavirus 2,7GKY,Protease
Severe acute respiratory syndrome coronavirus 2,7GKY,NSP Proteins
Severe acute respiratory syndrome coronavirus 2,7GKZ,Protease
Severe acute respiratory syndrome coronavirus 2,7GKZ,NSP Proteins
Severe acute respiratory syndrome coronavirus 2,7GL0,Protease
Severe acute respiratory syndrome coronavirus 2,7GL0,NSP Proteins
Severe acute respiratory syndrome coronavirus 2,7GL1,Protease
Severe acute respiratory syndrome coronavirus 2,7GL1,NSP Proteins
Severe acute respiratory syndrome coronavirus 2,7GL2,Protease
Severe acute respiratory syndrome coronavirus 2,7GL2,NSP Proteins
Severe acute respiratory syndrome coronavirus 2,7GL3,Protease
Severe acute respiratory syndrome coronavirus 2,7GL3,NSP Proteins
Severe acute respiratory syndrome coronavirus 2,7GL4,Protease
Severe acute respiratory syndrome coronavirus 2,7GL4,NSP Proteins
Severe acute respiratory syndrome coronavirus 2,7GL5,Protease
Severe acute respiratory syndrome coronavirus 2,7GL5,NSP Proteins
Severe acute respiratory syndrome coronavirus 2,7GL6,Protease
Severe acute respiratory syndrome coronavirus 2,7GL6,NSP Proteins
Severe acute respiratory syndrome coronavirus 2,7GL7,Protease
Severe acute respiratory syndrome coronavirus 2,7GL7,NSP Proteins
Severe acute respiratory syndrome coronavirus 2,7GL8,Protease
Severe acute respiratory syndrome coronavirus 2,7GL8,NSP Proteins
Severe acute respiratory syndrome coronavirus 2,7GL9,Protease
Severe acute respiratory syndrome coronavirus 2,7GL9,NSP Proteins
Severe acute respiratory syndrome coronavirus 2,7GLA,Protease
Severe acute respiratory syndrome coronavirus 2,7GLA,NSP Proteins
Severe acute respiratory syndrome coronavirus 2,7GLB,Protease
Severe acute respiratory syndrome coronavirus 2,7GLB,NSP Proteins
Severe acute respiratory syndrome coronavirus 2,7GLC,Protease
Severe acute respiratory syndrome coronavirus 2,7GLC,NSP Proteins
Severe acute respiratory syndrome coronavirus 2,7GLD,Protease
Severe acute respiratory syndrome coronavirus 2,7GLD,NSP Proteins
Severe acute respiratory syndrome coronavirus 2,7GLE,Protease
Severe acute respiratory syndrome coronavirus 2,7GLE,NSP Proteins
Severe acute respiratory syndrome coronavirus 2,7GLF,Protease
Severe acute respiratory syndrome coronavirus 2,7GLF,NSP Proteins
Severe acute respiratory syndrome coronavirus 2,7GLG,Protease
Severe acute respiratory syndrome coronavirus 2,7GLG,NSP Proteins
Severe acute respiratory syndrome coronavirus 2,7GLH,Protease
Severe acute respiratory syndrome coronavirus 2,7GLH,NSP Proteins
Severe acute respiratory syndrome coronavirus 2,7GLI,Protease
Severe acute respiratory syndrome coronavirus 2,7GLI,NSP Proteins
Severe acute respiratory syndrome coronavirus 2,7GLJ,Protease
Severe acute respiratory syndrome coronavirus 2,7GLJ,NSP Proteins
Severe acute respiratory syndrome coronavirus 2,7GLK,Protease
Severe acute respiratory syndrome coronavirus 2,7GLK,NSP Proteins
Severe acute respiratory syndrome coronavirus 2,7GLL,Protease
Severe acute respiratory syndrome coronavirus 2,7GLL,NSP Proteins
Severe acute respiratory syndrome coronavirus 2,7GLM,Protease
Severe acute respiratory syndrome coronavirus 2,7GLM,NSP Proteins
Severe acute respiratory syndrome coronavirus 2,7GLN,Protease
Severe acute respiratory syndrome coronavirus 2,7GLN,NSP Proteins
Severe acute respiratory syndrome coronavirus 2,7GLO,Protease
Severe acute respiratory syndrome coronavirus 2,7GLO,NSP Proteins
Severe acute respiratory syndrome coronavirus 2,7GLP,Protease
Severe acute respiratory syndrome coronavirus 2,7GLP,NSP Proteins
Severe acute respiratory syndrome coronavirus 2,7GLQ,Protease
Severe acute respiratory syndrome coronavirus 2,7GLQ,NSP Proteins
Severe acute respiratory syndrome coronavirus 2,7GLR,Protease
Severe acute respiratory syndrome coronavirus 2,7GLR,NSP Proteins
Severe acute respiratory syndrome coronavirus 2,7GLS,Protease
Severe acute respiratory syndrome coronavirus 2,7GLS,NSP Proteins
Severe acute respiratory syndrome coronavirus 2,7GLT,Protease
Severe acute respiratory syndrome coronavirus 2,7GLT,NSP Proteins
Severe acute respiratory syndrome coronavirus 2,7GLU,Protease
Severe acute respiratory syndrome coronavirus 2,7GLU,NSP Proteins
Severe acute respiratory syndrome coronavirus 2,7GLV,Protease
Severe acute respiratory syndrome coronavirus 2,7GLV,NSP Proteins
Severe acute respiratory syndrome coronavirus 2,7GLW,Protease
Severe acute respiratory syndrome coronavirus 2,7GLW,NSP Proteins
Severe acute respiratory syndrome coronavirus 2,7GLX,Protease
Severe acute respiratory syndrome coronavirus 2,7GLX,NSP Proteins
Severe acute respiratory syndrome coronavirus 2,7GLY,Protease
Severe acute respiratory syndrome coronavirus 2,7GLY,NSP Proteins
Severe acute respiratory syndrome coronavirus 2,7GLZ,Protease
Severe acute respiratory syndrome coronavirus 2,7GLZ,NSP Proteins
Severe acute respiratory syndrome coronavirus 2,7GM0,Protease
Severe acute respiratory syndrome coronavirus 2,7GM0,NSP Proteins
Severe acute respiratory syndrome coronavirus 2,7GM1,Protease
Severe acute respiratory syndrome coronavirus 2,7GM1,NSP Proteins
Severe acute respiratory syndrome coronavirus 2,7GM2,Protease
Severe acute respiratory syndrome coronavirus 2,7GM2,NSP Proteins
Severe acute respiratory syndrome coronavirus 2,7GM3,Protease
Severe acute respiratory syndrome coronavirus 2,7GM3,NSP Proteins
Severe acute respiratory syndrome coronavirus 2,7GM4,Protease
Severe acute respiratory syndrome coronavirus 2,7GM4,NSP Proteins
Severe acute respiratory syndrome coronavirus 2,7GM5,Protease
Severe acute respiratory syndrome coronavirus 2,7GM5,NSP Proteins
Severe acute respiratory syndrome coronavirus 2,7GM6,Protease
Severe acute respiratory syndrome coronavirus 2,7GM6,NSP Proteins
Severe acute respiratory syndrome coronavirus 2,7GM7,Protease
Severe acute respiratory syndrome coronavirus 2,7GM7,NSP Proteins
Severe acute respiratory syndrome coronavirus 2,7GM8,Protease
Severe acute respiratory syndrome coronavirus 2,7GM8,NSP Proteins
Severe acute respiratory syndrome coronavirus 2,7GM9,Protease
Severe acute respiratory syndrome coronavirus 2,7GM9,NSP Proteins
Severe acute respiratory syndrome coronavirus 2,7GMA,Protease
Severe acute respiratory syndrome coronavirus 2,7GMA,NSP Proteins
Severe acute respiratory syndrome coronavirus 2,7GMB,Protease
Severe acute respiratory syndrome coronavirus 2,7GMB,NSP Proteins
Severe acute respiratory syndrome coronavirus 2,7GMC,Protease
Severe acute respiratory syndrome coronavirus 2,7GMC,NSP Proteins
Severe acute respiratory syndrome coronavirus 2,7GMD,Protease
Severe acute respiratory syndrome coronavirus 2,7GMD,NSP Proteins
Severe acute respiratory syndrome coronavirus 2,7GME,Protease
Severe acute respiratory syndrome coronavirus 2,7GME,NSP Proteins
Severe acute respiratory syndrome coronavirus 2,7GMF,Protease
Severe acute respiratory syndrome coronavirus 2,7GMF,NSP Proteins
Severe acute respiratory syndrome coronavirus 2,7GMG,Protease
Severe acute respiratory syndrome coronavirus 2,7GMG,NSP Proteins
Severe acute respiratory syndrome coronavirus 2,7GMH,Protease
Severe acute respiratory syndrome coronavirus 2,7GMH,NSP Proteins
Severe acute respiratory syndrome coronavirus 2,7GMI,Protease
Severe acute respiratory syndrome coronavirus 2,7GMI,NSP Proteins
Severe acute respiratory syndrome coronavirus 2,7GMJ,Protease
Severe acute respiratory syndrome coronavirus 2,7GMJ,NSP Proteins
Severe acute respiratory syndrome coronavirus 2,7GMK,Protease
Severe acute respiratory syndrome coronavirus 2,7GMK,NSP Proteins
Severe acute respiratory syndrome coronavirus 2,7GML,Protease
Severe acute respiratory syndrome coronavirus 2,7GML,NSP Proteins
Severe acute respiratory syndrome coronavirus 2,7GMM,Protease
Severe acute respiratory syndrome coronavirus 2,7GMM,NSP Proteins
Severe acute respiratory syndrome coronavirus 2,7GMN,Protease
Severe acute respiratory syndrome coronavirus 2,7GMN,NSP Proteins
Severe acute respiratory syndrome coronavirus 2,7GMO,Protease
Severe acute respiratory syndrome coronavirus 2,7GMO,NSP Proteins
Severe acute respiratory syndrome coronavirus 2,7GMP,Protease
Severe acute respiratory syndrome coronavirus 2,7GMP,NSP Proteins
Severe acute respiratory syndrome coronavirus 2,7GMQ,Protease
Severe acute respiratory syndrome coronavirus 2,7GMQ,NSP Proteins
Severe acute respiratory syndrome coronavirus 2,7GMR,Protease
Severe acute respiratory syndrome coronavirus 2,7GMR,NSP Proteins
Severe acute respiratory syndrome coronavirus 2,7GMS,Protease
Severe acute respiratory syndrome coronavirus 2,7GMS,NSP Proteins
Severe acute respiratory syndrome coronavirus 2,7GMT,Protease
Severe acute respiratory syndrome coronavirus 2,7GMT,NSP Proteins
Severe acute respiratory syndrome coronavirus 2,7GMU,Protease
Severe acute respiratory syndrome coronavirus 2,7GMU,NSP Proteins
Severe acute respiratory syndrome coronavirus 2,7GMV,Protease
Severe acute respiratory syndrome coronavirus 2,7GMV,NSP Proteins
Severe acute respiratory syndrome coronavirus 2,7GMW,Protease
Severe acute respiratory syndrome coronavirus 2,7GMW,NSP Proteins
Severe acute respiratory syndrome coronavirus 2,7GMX,Protease
Severe acute respiratory syndrome coronavirus 2,7GMX,NSP Proteins
Severe acute respiratory syndrome coronavirus 2,7GMY,Protease
Severe acute respiratory syndrome coronavirus 2,7GMY,NSP Proteins
Severe acute respiratory syndrome coronavirus 2,7GMZ,Protease
Severe acute respiratory syndrome coronavirus 2,7GMZ,NSP Proteins
Severe acute respiratory syndrome coronavirus 2,7GN0,Protease
Severe acute respiratory syndrome coronavirus 2,7GN0,NSP Proteins
Severe acute respiratory syndrome coronavirus 2,7GN1,Protease
Severe acute respiratory syndrome coronavirus 2,7GN1,NSP Proteins
Severe acute respiratory syndrome coronavirus 2,7GN2,Protease
Severe acute respiratory syndrome coronavirus 2,7GN2,NSP Proteins
Severe acute respiratory syndrome coronavirus 2,7GN3,Protease
Severe acute respiratory syndrome coronavirus 2,7GN3,NSP Proteins
Severe acute respiratory syndrome coronavirus 2,7GN4,Protease
Severe acute respiratory syndrome coronavirus 2,7GN4,NSP Proteins
Severe acute respiratory syndrome coronavirus 2,7GN5,Protease
Severe acute respiratory syndrome coronavirus 2,7GN5,NSP Proteins
Severe acute respiratory syndrome coronavirus 2,7GN6,Protease
Severe acute respiratory syndrome coronavirus 2,7GN6,NSP Proteins
Severe acute respiratory syndrome coronavirus 2,7GN7,Protease
Severe acute respiratory syndrome coronavirus 2,7GN7,NSP Proteins
Severe acute respiratory syndrome coronavirus 2,7GN8,Protease
Severe acute respiratory syndrome coronavirus 2,7GN8,NSP Proteins
Severe acute respiratory syndrome coronavirus 2,7GN9,Protease
Severe acute respiratory syndrome coronavirus 2,7GN9,NSP Proteins
Severe acute respiratory syndrome coronavirus 2,7GNA,Protease
Severe acute respiratory syndrome coronavirus 2,7GNA,NSP Proteins
Severe acute respiratory syndrome coronavirus 2,7GNB,Protease
Severe acute respiratory syndrome coronavirus 2,7GNB,NSP Proteins
Severe acute respiratory syndrome coronavirus 2,7GNC,Protease
Severe acute respiratory syndrome coronavirus 2,7GNC,NSP Proteins
Severe acute respiratory syndrome coronavirus 2,7GND,Protease
Severe acute respiratory syndrome coronavirus 2,7GND,NSP Proteins
Severe acute respiratory syndrome coronavirus 2,7GNE,Protease
Severe acute respiratory syndrome coronavirus 2,7GNE,NSP Proteins
Severe acute respiratory syndrome coronavirus 2,7GNF,Protease
Severe acute respiratory syndrome coronavirus 2,7GNF,NSP Proteins
Severe acute respiratory syndrome coronavirus 2,7GNG,Protease
Severe acute respiratory syndrome coronavirus 2,7GNG,NSP Proteins
Severe acute respiratory syndrome coronavirus 2,7GNH,Protease
Severe acute respiratory syndrome coronavirus 2,7GNH,NSP Proteins
Severe acute respiratory syndrome coronavirus 2,7GNI,Protease
Severe acute respiratory syndrome coronavirus 2,7GNI,NSP Proteins
Severe acute respiratory syndrome coronavirus 2,7GNJ,Protease
Severe acute respiratory syndrome coronavirus 2,7GNJ,NSP Proteins
Severe acute respiratory syndrome coronavirus 2,7GNK,Protease
Severe acute respiratory syndrome coronavirus 2,7GNK,NSP Proteins
Severe acute respiratory syndrome coronavirus 2,7GNL,Protease
Severe acute respiratory syndrome coronavirus 2,7GNL,NSP Proteins
Severe acute respiratory syndrome coronavirus 2,7GNM,Protease
Severe acute respiratory syndrome coronavirus 2,7GNM,NSP Proteins
Severe acute respiratory syndrome coronavirus 2,7GNN,Protease
Severe acute respiratory syndrome coronavirus 2,7GNN,NSP Proteins
Severe acute respiratory syndrome coronavirus 2,7GNO,Protease
Severe acute respiratory syndrome coronavirus 2,7GNO,NSP Proteins
Severe acute respiratory syndrome coronavirus 2,7GNP,Protease
Severe acute respiratory syndrome coronavirus 2,7GNP,NSP Proteins
Severe acute respiratory syndrome coronavirus 2,7GNQ,Protease
Severe acute respiratory syndrome coronavirus 2,7GNQ,NSP Proteins
Severe acute respiratory syndrome coronavirus 2,7GNR,Protease
Severe acute respiratory syndrome coronavirus 2,7GNR,NSP Proteins
Severe acute respiratory syndrome coronavirus 2,7GNS,Protease
Severe acute respiratory syndrome coronavirus 2,7GNS,NSP Proteins
Severe acute respiratory syndrome coronavirus 2,7GNT,Protease
Severe acute respiratory syndrome coronavirus 2,7GNT,NSP Proteins
Severe acute respiratory syndrome coronavirus 2,7GNU,Protease
Severe acute respiratory syndrome coronavirus 2,7GNU,NSP Proteins
Severe acute respiratory syndrome coronavirus 2,7GRE,Protease
Severe acute respiratory syndrome coronavirus 2,7GRE,NSP Proteins
Severe acute respiratory syndrome coronavirus 2,7GRF,Protease
Severe acute respiratory syndrome coronavirus 2,7GRF,NSP Proteins
Severe acute respiratory syndrome coronavirus 2,7GRG,Protease
Severe acute respiratory syndrome coronavirus 2,7GRG,NSP Proteins
Severe acute respiratory syndrome coronavirus 2,7GRH,Protease
Severe acute respiratory syndrome coronavirus 2,7GRH,NSP Proteins
Severe acute respiratory syndrome coronavirus 2,7GRI,Protease
Severe acute respiratory syndrome coronavirus 2,7GRI,NSP Proteins
Severe acute respiratory syndrome coronavirus 2,7GRJ,Protease
Severe acute respiratory syndrome coronavirus 2,7GRJ,NSP Proteins
Severe acute respiratory syndrome coronavirus 2,7GRK,Protease
Severe acute respiratory syndrome coronavirus 2,7GRK,NSP Proteins
Severe acute respiratory syndrome coronavirus 2,7GRL,Protease
Severe acute respiratory syndrome coronavirus 2,7GRL,NSP Proteins
Severe acute respiratory syndrome coronavirus 2,7GRM,Protease
Severe acute respiratory syndrome coronavirus 2,7GRM,NSP Proteins
Severe acute respiratory syndrome coronavirus 2,7GRN,Protease
Severe acute respiratory syndrome coronavirus 2,7GRN,NSP Proteins
Severe acute respiratory syndrome coronavirus 2,7GRO,Protease
Severe acute respiratory syndrome coronavirus 2,7GRO,NSP Proteins
Severe acute respiratory syndrome coronavirus 2,7GRP,Protease
Severe acute respiratory syndrome coronavirus 2,7GRP,NSP Proteins
Severe acute respiratory syndrome coronavirus 2,7GRQ,Protease
Severe acute respiratory syndrome coronavirus 2,7GRQ,NSP Proteins
Severe acute respiratory syndrome coronavirus 2,7GRR,Protease
Severe acute respiratory syndrome coronavirus 2,7GRR,NSP Proteins
Severe acute respiratory syndrome coronavirus 2,7GRS,Protease
Severe acute respiratory syndrome coronavirus 2,7GRS,NSP Proteins
Severe acute respiratory syndrome coronavirus 2,7GRT,Protease
Severe acute respiratory syndrome coronavirus 2,7GRT,NSP Proteins
Severe acute respiratory syndrome coronavirus 2,7GRU,Protease
Severe acute respiratory syndrome coronavirus 2,7GRU,NSP Proteins
Severe acute respiratory syndrome coronavirus 2,7GRV,Protease
Severe acute respiratory syndrome coronavirus 2,7GRV,NSP Proteins
Severe acute respiratory syndrome coronavirus 2,7GRW,Protease
Severe acute respiratory syndrome coronavirus 2,7GRW,NSP Proteins
Severe acute respiratory syndrome coronavirus 2,7GRX,Protease
Severe acute respiratory syndrome coronavirus 2,7GRX,NSP Proteins
Severe acute respiratory syndrome coronavirus 2,7GRY,Protease
Severe acute respiratory syndrome coronavirus 2,7GRY,NSP Proteins
Severe acute respiratory syndrome coronavirus 2,7GRZ,Protease
Severe acute respiratory syndrome coronavirus 2,7GRZ,NSP Proteins
Severe acute respiratory syndrome coronavirus 2,7GS0,Protease
Severe acute respiratory syndrome coronavirus 2,7GS0,NSP Proteins
Severe acute respiratory syndrome coronavirus 2,7GS1,Protease
Severe acute respiratory syndrome coronavirus 2,7GS1,NSP Proteins
Severe acute respiratory syndrome coronavirus 2,7GS2,Protease
Severe acute respiratory syndrome coronavirus 2,7GS2,NSP Proteins
Severe acute respiratory syndrome coronavirus 2,7GS3,Protease
Severe acute respiratory syndrome coronavirus 2,7GS3,NSP Proteins
Severe acute respiratory syndrome coronavirus 2,7GS4,Protease
Severe acute respiratory syndrome coronavirus 2,7GS4,NSP Proteins
Severe acute respiratory syndrome coronavirus 2,7GS5,Protease
Severe acute respiratory syndrome coronavirus 2,7GS5,NSP Proteins
Severe acute respiratory syndrome coronavirus 2,7GS6,Protease
Severe acute respiratory syndrome coronavirus 2,7GS6,NSP Proteins
Severe acute respiratory syndrome coronavirus 2,7GYY,Protease
Severe acute respiratory syndrome coronavirus 2,7GYY,NSP Proteins
Severe acute respiratory syndrome coronavirus 2,7GYZ,Protease
Severe acute respiratory syndrome coronavirus 2,7GYZ,NSP Proteins
Severe acute respiratory syndrome coronavirus 2,7GZ0,Protease
Severe acute respiratory syndrome coronavirus 2,7GZ0,NSP Proteins
Severe acute respiratory syndrome coronavirus 2,7GZ1,Protease
Severe acute respiratory syndrome coronavirus 2,7GZ1,NSP Proteins
Severe acute respiratory syndrome coronavirus 2,7GZ2,Protease
Severe acute respiratory syndrome coronavirus 2,7GZ2,NSP Proteins
Severe acute respiratory syndrome coronavirus 2,7GZ3,Protease
Severe acute respiratory syndrome coronavirus 2,7GZ3,NSP Proteins
Severe acute respiratory syndrome coronavirus 2,7GZ4,Protease
Severe acute respiratory syndrome coronavirus 2,7GZ4,NSP Proteins
Severe acute respiratory syndrome coronavirus 2,7GZ5,Protease
Severe acute respiratory syndrome coronavirus 2,7GZ5,NSP Proteins
Severe acute respiratory syndrome coronavirus 2,7GZ6,Protease
Severe acute respiratory syndrome coronavirus 2,7GZ6,NSP Proteins
Severe acute respiratory syndrome coronavirus 2,7GZ7,Protease
Severe acute respiratory syndrome coronavirus 2,7GZ7,NSP Proteins
Severe acute respiratory syndrome coronavirus 2,7GZ8,Protease
Severe acute respiratory syndrome coronavirus 2,7GZ8,NSP Proteins
Severe acute respiratory syndrome coronavirus 2,7GZ9,Protease
Severe acute respiratory syndrome coronavirus 2,7GZ9,NSP Proteins
Severe acute respiratory syndrome coronavirus 2,7GZA,Protease
Severe acute respiratory syndrome coronavirus 2,7GZA,NSP Proteins
Severe acute respiratory syndrome coronavirus 2,7GZB,Protease
Severe acute respiratory syndrome coronavirus 2,7GZB,NSP Proteins
Severe acute respiratory syndrome coronavirus 2,7GZC,Protease
Severe acute respiratory syndrome coronavirus 2,7GZC,NSP Proteins
Severe acute respiratory syndrome coronavirus 2,7GZD,Protease
Severe acute respiratory syndrome coronavirus 2,7GZD,NSP Proteins
Severe acute respiratory syndrome coronavirus 2,7GZE,Protease
Severe acute respiratory syndrome coronavirus 2,7GZE,NSP Proteins
Severe acute respiratory syndrome coronavirus 2,7GZF,Protease
Severe acute respiratory syndrome coronavirus 2,7GZF,NSP Proteins
Severe acute respiratory syndrome coronavirus 2,7GZG,Protease
Severe acute respiratory syndrome coronavirus 2,7GZG,NSP Proteins
Severe acute respiratory syndrome coronavirus 2,7GZH,Protease
Severe acute respiratory syndrome coronavirus 2,7GZH,NSP Proteins
Severe acute respiratory syndrome coronavirus 2,7GZI,Protease
Severe acute respiratory syndrome coronavirus 2,7GZI,NSP Proteins
Severe acute respiratory syndrome coronavirus 2,7GZJ,Protease
Severe acute respiratory syndrome coronavirus 2,7GZJ,NSP Proteins
Severe acute respiratory syndrome coronavirus 2,7GZK,Protease
Severe acute respiratory syndrome coronavirus 2,7GZK,NSP Proteins
Severe acute respiratory syndrome coronavirus 2,7GZL,Protease
Severe acute respiratory syndrome coronavirus 2,7GZL,NSP Proteins
Severe acute respiratory syndrome coronavirus 2,7GZM,Protease
Severe acute respiratory syndrome coronavirus 2,7GZM,NSP Proteins
Severe acute respiratory syndrome coronavirus 2,7GZN,Protease
Severe acute respiratory syndrome coronavirus 2,7GZN,NSP Proteins
Severe acute respiratory syndrome coronavirus 2,7GZO,Protease
Severe acute respiratory syndrome coronavirus 2,7GZO,NSP Proteins
Severe acute respiratory syndrome coronavirus 2,7GZQ,Protease
Severe acute respiratory syndrome coronavirus 2,7GZQ,NSP Proteins
Severe acute respiratory syndrome coronavirus 2,7GZR,Protease
Severe acute respiratory syndrome coronavirus 2,7GZR,NSP Proteins
Severe acute respiratory syndrome coronavirus 2,7GZS,Protease
Severe acute respiratory syndrome coronavirus 2,7GZS,NSP Proteins
Severe acute respiratory syndrome coronavirus 2,7GZT,Protease
Severe acute respiratory syndrome coronavirus 2,7GZT,NSP Proteins
Severe acute respiratory syndrome coronavirus 2,7GZU,Protease
Severe acute respiratory syndrome coronavirus 2,7GZU,NSP Proteins
Severe acute respiratory syndrome coronavirus 2,7GZV,Protease
Severe acute respiratory syndrome coronavirus 2,7GZV,NSP Proteins
Severe acute respiratory syndrome coronavirus 2,7GZW,Protease
Severe acute respiratory syndrome coronavirus 2,7GZW,NSP Proteins
Severe acute respiratory syndrome coronavirus 2,7GZX,Protease
Severe acute respiratory syndrome coronavirus 2,7GZX,NSP Proteins
Severe acute respiratory syndrome coronavirus 2,7GZY,Protease
Severe acute respiratory syndrome coronavirus 2,7GZY,NSP Proteins
Severe acute respiratory syndrome coronavirus 2,7GZZ,Protease
Severe acute respiratory syndrome coronavirus 2,7GZZ,NSP Proteins
Severe acute respiratory syndrome coronavirus 2,7H00,Protease
Severe acute respiratory syndrome coronavirus 2,7H00,NSP Proteins
Severe acute respiratory syndrome coronavirus 2,7H01,Protease
Severe acute respiratory syndrome coronavirus 2,7H01,NSP Proteins
Severe acute respiratory syndrome coronavirus 2,7H02,Protease
Severe acute respiratory syndrome coronavirus 2,7H02,NSP Proteins
Severe acute respiratory syndrome coronavirus 2,7H03,Protease
Severe acute respiratory syndrome coronavirus 2,7H03,NSP Proteins
Severe acute respiratory syndrome coronavirus 2,7H04,Protease
Severe acute respiratory syndrome coronavirus 2,7H04,NSP Proteins
Severe acute respiratory syndrome coronavirus 2,7H05,Protease
Severe acute respiratory syndrome coronavirus 2,7H05,NSP Proteins
Severe acute respiratory syndrome coronavirus 2,7H06,Protease
Severe acute respiratory syndrome coronavirus 2,7H06,NSP Proteins
Severe acute respiratory syndrome coronavirus 2,7H07,Protease
Severe acute respiratory syndrome coronavirus 2,7H07,NSP Proteins
Severe acute respiratory syndrome coronavirus 2,7H08,Protease
Severe acute respiratory syndrome coronavirus 2,7H08,NSP Proteins
Severe acute respiratory syndrome coronavirus 2,7H09,Protease
Severe acute respiratory syndrome coronavirus 2,7H09,NSP Proteins
Severe acute respiratory syndrome coronavirus 2,7H0A,Protease
Severe acute respiratory syndrome coronavirus 2,7H0A,NSP Proteins
Severe acute respiratory syndrome coronavirus 2,7H0B,Protease
Severe acute respiratory syndrome coronavirus 2,7H0B,NSP Proteins
Severe acute respiratory syndrome coronavirus 2,7H0C,Protease
Severe acute respiratory syndrome coronavirus 2,7H0C,NSP Proteins
Severe acute respiratory syndrome coronavirus 2,7H0D,Protease
Severe acute respiratory syndrome coronavirus 2,7H0D,NSP Proteins
Severe acute respiratory syndrome coronavirus 2,7H0E,Protease
Severe acute respiratory syndrome coronavirus 2,7H0E,NSP Proteins
Severe acute respiratory syndrome coronavirus 2,7H0F,Protease
Severe acute respiratory syndrome coronavirus 2,7H0F,NSP Proteins
Severe acute respiratory syndrome coronavirus 2,7H0G,Protease
Severe acute respiratory syndrome coronavirus 2,7H0G,NSP Proteins
Severe acute respiratory syndrome coronavirus 2,7H0H,Protease
Severe acute respiratory syndrome coronavirus 2,7H0H,NSP Proteins
Severe acute respiratory syndrome coronavirus 2,7H0I,Protease
Severe acute respiratory syndrome coronavirus 2,7H0I,NSP Proteins
Severe acute respiratory syndrome coronavirus 2,7H0J,Protease
Severe acute respiratory syndrome coronavirus 2,7H0J,NSP Proteins
Severe acute respiratory syndrome coronavirus 2,7H0K,Protease
Severe acute respiratory syndrome coronavirus 2,7H0K,NSP Proteins
Severe acute respiratory syndrome coronavirus 2,7H0L,Protease
Severe acute respiratory syndrome coronavirus 2,7H0L,NSP Proteins
Severe acute respiratory syndrome coronavirus 2,7H0M,Protease
Severe acute respiratory syndrome coronavirus 2,7H0M,NSP Proteins
Severe acute respiratory syndrome coronavirus 2,7H0N,Protease
Severe acute respiratory syndrome coronavirus 2,7H0N,NSP Proteins
Severe acute respiratory syndrome coronavirus 2,7H0O,Protease
Severe acute respiratory syndrome coronavirus 2,7H0O,NSP Proteins
Severe acute respiratory syndrome coronavirus 2,7H0P,Protease
Severe acute respiratory syndrome coronavirus 2,7H0P,NSP Proteins
Severe acute respiratory syndrome coronavirus 2,7H0Q,Protease
Severe acute respiratory syndrome coronavirus 2,7H0Q,NSP Proteins
Severe acute respiratory syndrome coronavirus 2,7H0R,Protease
Severe acute respiratory syndrome coronavirus 2,7H0R,NSP Proteins
Severe acute respiratory syndrome coronavirus 2,7H0S,Protease
Severe acute respiratory syndrome coronavirus 2,7H0S,NSP Proteins
Severe acute respiratory syndrome coronavirus 2,7H0T,Protease
Severe acute respiratory syndrome coronavirus 2,7H0T,NSP Proteins
Severe acute respiratory syndrome coronavirus 2,7H0U,Protease
Severe acute respiratory syndrome coronavirus 2,7H0U,NSP Proteins
Severe acute respiratory syndrome coronavirus 2,7H0V,Protease
Severe acute respiratory syndrome coronavirus 2,7H0V,NSP Proteins
Severe acute respiratory syndrome coronavirus 2,7H0W,Protease
Severe acute respiratory syndrome coronavirus 2,7H0W,NSP Proteins
Severe acute respiratory syndrome coronavirus 2,7H0X,Protease
Severe acute respiratory syndrome coronavirus 2,7H0X,NSP Proteins
Severe acute respiratory syndrome coronavirus 2,7H0Y,Protease
Severe acute respiratory syndrome coronavirus 2,7H0Y,NSP Proteins
Severe acute respiratory syndrome coronavirus 2,7H0Z,Protease
Severe acute respiratory syndrome coronavirus 2,7H0Z,NSP Proteins
Severe acute respiratory syndrome coronavirus 2,7H10,Protease
Severe acute respiratory syndrome coronavirus 2,7H10,NSP Proteins
Severe acute respiratory syndrome coronavirus 2,7H11,Protease
Severe acute respiratory syndrome coronavirus 2,7H11,NSP Proteins
Severe acute respiratory syndrome coronavirus 2,7H12,Protease
Severe acute respiratory syndrome coronavirus 2,7H12,NSP Proteins
Severe acute respiratory syndrome coronavirus 2,7H13,Protease
Severe acute respiratory syndrome coronavirus 2,7H13,NSP Proteins
Severe acute respiratory syndrome coronavirus 2,7H14,Protease
Severe acute respiratory syndrome coronavirus 2,7H14,NSP Proteins
Severe acute respiratory syndrome coronavirus 2,7H15,Protease
Severe acute respiratory syndrome coronavirus 2,7H15,NSP Proteins
Severe acute respiratory syndrome coronavirus 2,7H16,Protease
Severe acute respiratory syndrome coronavirus 2,7H16,NSP Proteins
Severe acute respiratory syndrome coronavirus 2,7H17,Protease
Severe acute respiratory syndrome coronavirus 2,7H17,NSP Proteins
Severe acute respiratory syndrome coronavirus 2,7H18,Protease
Severe acute respiratory syndrome coronavirus 2,7H18,NSP Proteins
Severe acute respiratory syndrome coronavirus 2,7H19,Protease
Severe acute respiratory syndrome coronavirus 2,7H19,NSP Proteins
Severe acute respiratory syndrome coronavirus 2,7H1A,Protease
Severe acute respiratory syndrome coronavirus 2,7H1A,NSP Proteins
Severe acute respiratory syndrome coronavirus 2,7H1B,Protease
Severe acute respiratory syndrome coronavirus 2,7H1B,NSP Proteins
Severe acute respiratory syndrome coronavirus 2,7H1C,Protease
Severe acute respiratory syndrome coronavirus 2,7H1C,NSP Proteins
Severe acute respiratory syndrome coronavirus 2,7H1D,Protease
Severe acute respiratory syndrome coronavirus 2,7H1D,NSP Proteins
Severe acute respiratory syndrome coronavirus 2,7H1E,Protease
Severe acute respiratory syndrome coronavirus 2,7H1E,NSP Proteins
Severe acute respiratory syndrome coronavirus 2,7H1F,Protease
Severe acute respiratory syndrome coronavirus 2,7H1F,NSP Proteins
Severe acute respiratory syndrome coronavirus 2,7H1G,Protease
Severe acute respiratory syndrome coronavirus 2,7H1G,NSP Proteins
Severe acute respiratory syndrome coronavirus 2,7JFQ,Protease
Severe acute respiratory syndrome coronavirus 2,7JHE,NSP Proteins
Severe acute respiratory syndrome coronavirus 2,7JIB,NSP Proteins
Severe acute respiratory syndrome coronavirus 2,7JIR,Protease
Severe acute respiratory syndrome coronavirus 2,7JIR,NSP Proteins
Severe acute respiratory syndrome coronavirus 2,7JIT,Protease
Severe acute respiratory syndrome coronavirus 2,7JIT,NSP Proteins
Severe acute respiratory syndrome coronavirus 2,7JIV,Protease
Severe acute respiratory syndrome coronavirus 2,7JIV,NSP Proteins
Severe acute respiratory syndrome coronavirus 2,7JIW,Protease
Severe acute respiratory syndrome coronavirus 2,7JIW,NSP Proteins
Severe acute respiratory syndrome coronavirus 2,7JJC,Spike Protein
Severe acute respiratory syndrome coronavirus 2,7JJI,Spike Protein
Severe acute respiratory syndrome coronavirus 2,7JJJ,Spike Protein
Severe acute respiratory syndrome coronavirus 2,7JKV,Protease
Severe acute respiratory syndrome coronavirus 2,7JLT,NSP Proteins
Severe acute respiratory syndrome coronavirus 2,7JME,Protease
Severe acute respiratory syndrome coronavirus 2,7JME,NSP Proteins
Severe acute respiratory syndrome coronavirus 2,7JMO,Spike Protein
Severe acute respiratory syndrome coronavirus 2,7JMP,Spike Protein
Severe acute respiratory syndrome coronavirus 2,7JMW,Spike Protein
Severe acute respiratory syndrome coronavirus 2,7JN2,Protease
Severe acute respiratory syndrome coronavirus 2,7JN2,NSP Proteins
Severe acute respiratory syndrome coronavirus 2,7JOY,Protease
Severe acute respiratory syndrome coronavirus 2,7JP0,Protease
Severe acute respiratory syndrome coronavirus 2,7JP1,Protease
Severe acute respiratory syndrome coronavirus 2,7JPE,NSP Proteins
Severe acute respiratory syndrome coronavirus 2,7JPY,Protease
Severe acute respiratory syndrome coronavirus 2,7JPZ,Protease
Severe acute respiratory syndrome coronavirus 2,7JQ0,Protease
Severe acute respiratory syndrome coronavirus 2,7JQ1,Protease
Severe acute respiratory syndrome coronavirus 2,7JQ2,Protease
Severe acute respiratory syndrome coronavirus 2,7JQ3,Protease
Severe acute respiratory syndrome coronavirus 2,7JQ4,Protease
Severe acute respiratory syndrome coronavirus 2,7JQ5,Protease
Severe acute respiratory syndrome coronavirus 2,7JQB,NSP Proteins
Severe acute respiratory syndrome coronavirus 2,7JQC,NSP Proteins
Severe acute respiratory syndrome coronavirus 2,7JR3,Protease
Severe acute respiratory syndrome coronavirus 2,7JR4,Protease
Severe acute respiratory syndrome coronavirus 2,7JRN,Protease
Severe acute respiratory syndrome coronavirus 2,7JRN,NSP Proteins
Severe acute respiratory syndrome coronavirus 2,7JST,Protease
Severe acute respiratory syndrome coronavirus 2,7JSU,Protease
Severe acute respiratory syndrome coronavirus 2,7JSU,NSP Proteins
Severe acute respiratory syndrome coronavirus 2,7JT0,Protease
Severe acute respiratory syndrome coronavirus 2,7JT7,Protease
Severe acute respiratory syndrome coronavirus 2,7JU7,Protease
Severe acute respiratory syndrome coronavirus 2,7JUN,Protease
Severe acute respiratory syndrome coronavirus 2,7JV2,Fusion Protein
Severe acute respiratory syndrome coronavirus 2,7JV2,Spike Protein
Severe acute respiratory syndrome coronavirus 2,7JV4,Fusion Protein
Severe acute respiratory syndrome coronavirus 2,7JV4,Spike Protein
Severe acute respiratory syndrome coronavirus 2,7JV6,Fusion Protein
Severe acute respiratory syndrome coronavirus 2,7JV6,Spike Protein
Severe acute respiratory syndrome coronavirus 2,7JVA,Fusion Protein
Severe acute respiratory syndrome coronavirus 2,7JVA,Spike Protein
Severe acute respiratory syndrome coronavirus 2,7JVB,Spike Protein
Severe acute respiratory syndrome coronavirus 2,7JVC,Fusion Protein
Severe acute respiratory syndrome coronavirus 2,7JVC,Spike Protein
Severe acute respiratory syndrome coronavirus 2,7JVZ,Protease
Severe acute respiratory syndrome coronavirus 2,7JW0,Fusion Protein
Severe acute respiratory syndrome coronavirus 2,7JW0,Spike Protein
Severe acute respiratory syndrome coronavirus 2,7JW8,Protease
Severe acute respiratory syndrome coronavirus 2,7JWB,Spike Protein
Severe acute respiratory syndrome coronavirus 2,7JWY,Spike Protein
Severe acute respiratory syndrome coronavirus 2,7JX3,Spike Protein
Severe acute respiratory syndrome coronavirus 2,7JYC,Protease
Severe acute respiratory syndrome coronavirus 2,7JYY,NSP Proteins
Severe acute respiratory syndrome coronavirus 2,7JZ0,NSP Proteins
Severe acute respiratory syndrome coronavirus 2,7JZL,Fusion Protein
Severe acute respiratory syndrome coronavirus 2,7JZL,Spike Protein
Severe acute respiratory syndrome coronavirus 2,7JZM,Fusion Protein
Severe acute respiratory syndrome coronavirus 2,7JZM,Spike Protein
Severe acute respiratory syndrome coronavirus 2,7JZN,Fusion Protein
Severe acute respiratory syndrome coronavirus 2,7JZN,Spike Protein
Severe acute respiratory syndrome coronavirus 2,7JZU,Fusion Protein
Severe acute respiratory syndrome coronavirus 2,7JZU,Spike Protein
Severe acute respiratory syndrome coronavirus 2,7K0E,Protease
Severe acute respiratory syndrome coronavirus 2,7K0F,Protease
Severe acute respiratory syndrome coronavirus 2,7K0R,NSP Proteins
Severe acute respiratory syndrome coronavirus 2,7K1L,NSP Proteins
Severe acute respiratory syndrome coronavirus 2,7K1O,NSP Proteins
Severe acute respiratory syndrome coronavirus 2,7K3G,Envelope Protein/Glycoprotein
Severe acute respiratory syndrome coronavirus 2,7K3N,NSP Proteins
Severe acute respiratory syndrome coronavirus 2,7K3T,Protease
Severe acute respiratory syndrome coronavirus 2,7K3T,NSP Proteins
Severe acute respiratory syndrome coronavirus 2,7K40,Protease
Severe acute respiratory syndrome coronavirus 2,7K43,Fusion Protein
Severe acute respiratory syndrome coronavirus 2,7K43,Spike Protein
Severe acute respiratory syndrome coronavirus 2,7K45,Fusion Protein
Severe acute respiratory syndrome coronavirus 2,7K45,Spike Protein
Severe acute respiratory syndrome coronavirus 2,7K4N,Fusion Protein
Severe acute respiratory syndrome coronavirus 2,7K4N,Spike Protein
Severe acute respiratory syndrome coronavirus 2,7K5I,NSP Proteins
Severe acute respiratory syndrome coronavirus 2,7K6D,Protease
Severe acute respiratory syndrome coronavirus 2,7K6D,NSP Proteins
Severe acute respiratory syndrome coronavirus 2,7K6E,Protease
Severe acute respiratory syndrome coronavirus 2,7K6E,NSP Proteins
Severe acute respiratory syndrome coronavirus 2,7K7P,NSP Proteins
Severe acute respiratory syndrome coronavirus 2,7K8M,Spike Protein
Severe acute respiratory syndrome coronavirus 2,7K8S,Spike Protein
Severe acute respiratory syndrome coronavirus 2,7K8T,Spike Protein
Severe acute respiratory syndrome coronavirus 2,7K8U,Spike Protein
Severe acute respiratory syndrome coronavirus 2,7K8V,Spike Protein
Severe acute respiratory syndrome coronavirus 2,7K8W,Spike Protein
Severe acute respiratory syndrome coronavirus 2,7K8X,Spike Protein
Severe acute respiratory syndrome coronavirus 2,7K8Y,Spike Protein
Severe acute respiratory syndrome coronavirus 2,7K8Z,Spike Protein
Severe acute respiratory syndrome coronavirus 2,7K90,Spike Protein
Severe acute respiratory syndrome coronavirus 2,7K9H,Spike Protein
Severe acute respiratory syndrome coronavirus 2,7K9I,Spike Protein
Severe acute respiratory syndrome coronavirus 2,7K9J,Spike Protein
Severe acute respiratory syndrome coronavirus 2,7K9K,Spike Protein
Severe acute respiratory syndrome coronavirus 2,7K9P,NSP Proteins
Severe acute respiratory syndrome coronavirus 2,7K9Z,Spike Protein
Severe acute respiratory syndrome coronavirus 2,7KAG,Protease
Severe acute respiratory syndrome coronavirus 2,7KAG,NSP Proteins
Severe acute respiratory syndrome coronavirus 2,7KDG,Spike Protein
Severe acute respiratory syndrome coronavirus 2,7KDG,Protease
Severe acute respiratory syndrome coronavirus 2,7KDH,Spike Protein
Severe acute respiratory syndrome coronavirus 2,7KDH,Protease
Severe acute respiratory syndrome coronavirus 2,7KDI,Spike Protein
Severe acute respiratory syndrome coronavirus 2,7KDI,Protease
Severe acute respiratory syndrome coronavirus 2,7KDJ,Spike Protein
Severe acute respiratory syndrome coronavirus 2,7KDJ,Protease
Severe acute respiratory syndrome coronavirus 2,7KDK,Spike Protein
Severe acute respiratory syndrome coronavirus 2,7KDK,Protease
Severe acute respiratory syndrome coronavirus 2,7KDL,Spike Protein
Severe acute respiratory syndrome coronavirus 2,7KDL,Protease
Severe acute respiratory syndrome coronavirus 2,7KE4,Spike Protein
Severe acute respiratory syndrome coronavirus 2,7KE4,Protease
Severe acute respiratory syndrome coronavirus 2,7KE6,Spike Protein
Severe acute respiratory syndrome coronavirus 2,7KE6,Protease
Severe acute respiratory syndrome coronavirus 2,7KE7,Spike Protein
Severe acute respiratory syndrome coronavirus 2,7KE7,Protease
Severe acute respiratory syndrome coronavirus 2,7KE8,Spike Protein
Severe acute respiratory syndrome coronavirus 2,7KE8,Protease
Severe acute respiratory syndrome coronavirus 2,7KE9,Spike Protein
Severe acute respiratory syndrome coronavirus 2,7KE9,Protease
Severe acute respiratory syndrome coronavirus 2,7KEA,Spike Protein
Severe acute respiratory syndrome coronavirus 2,7KEA,Protease
Severe acute respiratory syndrome coronavirus 2,7KEB,Spike Protein
Severe acute respiratory syndrome coronavirus 2,7KEB,Protease
Severe acute respiratory syndrome coronavirus 2,7KEC,Spike Protein
Severe acute respiratory syndrome coronavirus 2,7KEC,Protease
Severe acute respiratory syndrome coronavirus 2,7KEG,NSP Proteins
Severe acute respiratory syndrome coronavirus 2,7KEH,NSP Proteins
Severe acute respiratory syndrome coronavirus 2,7KF4,NSP Proteins
Severe acute respiratory syndrome coronavirus 2,7KFI,Protease
Severe acute respiratory syndrome coronavirus 2,7KFI,NSP Proteins
Severe acute respiratory syndrome coronavirus 2,7KFV,Spike Protein
Severe acute respiratory syndrome coronavirus 2,7KFW,Spike Protein
Severe acute respiratory syndrome coronavirus 2,7KFX,Spike Protein
Severe acute respiratory syndrome coronavirus 2,7KFY,Spike Protein
Severe acute respiratory syndrome coronavirus 2,7KG3,Protease
Severe acute respiratory syndrome coronavirus 2,7KG3,NSP Proteins
Severe acute respiratory syndrome coronavirus 2,7KGJ,Spike Protein
Severe acute respiratory syndrome coronavirus 2,7KGK,Spike Protein
Severe acute respiratory syndrome coronavirus 2,7KGO,Capsid Protein
Severe acute respiratory syndrome coronavirus 2,7KGO,Nucleoprotein
Severe acute respiratory syndrome coronavirus 2,7KGO,Nucleocapsid Protein
Severe acute respiratory syndrome coronavirus 2,7KGP,Capsid Protein
Severe acute respiratory syndrome coronavirus 2,7KGP,Nucleoprotein
Severe acute respiratory syndrome coronavirus 2,7KGP,Nucleocapsid Protein
Severe acute respiratory syndrome coronavirus 2,7KGQ,Capsid Protein
Severe acute respiratory syndrome coronavirus 2,7KGQ,Nucleoprotein
Severe acute respiratory syndrome coronavirus 2,7KGQ,Nucleocapsid Protein
Severe acute respiratory syndrome coronavirus 2,7KGR,Capsid Protein
Severe acute respiratory syndrome coronavirus 2,7KGR,Nucleoprotein
Severe acute respiratory syndrome coronavirus 2,7KGR,Nucleocapsid Protein
Severe acute respiratory syndrome coronavirus 2,7KGS,Capsid Protein
Severe acute respiratory syndrome coronavirus 2,7KGS,Nucleoprotein
Severe acute respiratory syndrome coronavirus 2,7KGS,Nucleocapsid Protein
Severe acute respiratory syndrome coronavirus 2,7KGT,Capsid Protein
Severe acute respiratory syndrome coronavirus 2,7KGT,Nucleoprotein
Severe acute respiratory syndrome coronavirus 2,7KGT,Nucleocapsid Protein
Severe acute respiratory syndrome coronavirus 2,7KHP,Protease
Severe acute respiratory syndrome coronavirus 2,7KJ2,Spike Protein
Severe acute respiratory syndrome coronavirus 2,7KJ2,Protease
Severe acute respiratory syndrome coronavirus 2,7KJ3,Spike Protein
Severe acute respiratory syndrome coronavirus 2,7KJ3,Protease
Severe acute respiratory syndrome coronavirus 2,7KJ4,Spike Protein
Severe acute respiratory syndrome coronavirus 2,7KJ4,Protease
Severe acute respiratory syndrome coronavirus 2,7KJ5,Spike Protein
Severe acute respiratory syndrome coronavirus 2,7KKK,Spike Protein
Severe acute respiratory syndrome coronavirus 2,7KKL,Spike Protein
Severe acute respiratory syndrome coronavirus 2,7KL9,Spike Protein
Severe acute respiratory syndrome coronavirus 2,7KLG,Spike Protein
Severe acute respiratory syndrome coronavirus 2,7KLH,Spike Protein
Severe acute respiratory syndrome coronavirus 2,7KLW,Spike Protein
Severe acute respiratory syndrome coronavirus 2,7KM5,Spike Protein
Severe acute respiratory syndrome coronavirus 2,7KMB,Spike Protein
Severe acute respiratory syndrome coronavirus 2,7KMB,Protease
Severe acute respiratory syndrome coronavirus 2,7KMG,Spike Protein
Severe acute respiratory syndrome coronavirus 2,7KMH,Spike Protein
Severe acute respiratory syndrome coronavirus 2,7KMI,Spike Protein
Severe acute respiratory syndrome coronavirus 2,7KMK,Spike Protein
Severe acute respiratory syndrome coronavirus 2,7KML,Spike Protein
Severe acute respiratory syndrome coronavirus 2,7KMS,Spike Protein
Severe acute respiratory syndrome coronavirus 2,7KMS,Protease
Severe acute respiratory syndrome coronavirus 2,7KMZ,Spike Protein
Severe acute respiratory syndrome coronavirus 2,7KMZ,Protease
Severe acute respiratory syndrome coronavirus 2,7KN3,Spike Protein
Severe acute respiratory syndrome coronavirus 2,7KN4,Spike Protein
Severe acute respiratory syndrome coronavirus 2,7KN5,Spike Protein
Severe acute respiratory syndrome coronavirus 2,7KN6,Spike Protein
Severe acute respiratory syndrome coronavirus 2,7KN7,Spike Protein
Severe acute respiratory syndrome coronavirus 2,7KNB,Spike Protein
Severe acute respiratory syndrome coronavirus 2,7KNB,Protease
Severe acute respiratory syndrome coronavirus 2,7KNE,Spike Protein
Severe acute respiratory syndrome coronavirus 2,7KNE,Protease
Severe acute respiratory syndrome coronavirus 2,7KNH,Spike Protein
Severe acute respiratory syndrome coronavirus 2,7KNH,Protease
Severe acute respiratory syndrome coronavirus 2,7KNI,Spike Protein
Severe acute respiratory syndrome coronavirus 2,7KNI,Protease
Severe acute respiratory syndrome coronavirus 2,7KOA,NSP Proteins
Severe acute respiratory syndrome coronavirus 2,7KOJ,Protease
Severe acute respiratory syndrome coronavirus 2,7KOJ,NSP Proteins
Severe acute respiratory syndrome coronavirus 2,7KOK,Protease
Severe acute respiratory syndrome coronavirus 2,7KOK,NSP Proteins
Severe acute respiratory syndrome coronavirus 2,7KOL,Protease
Severe acute respiratory syndrome coronavirus 2,7KOL,NSP Proteins
Severe acute respiratory syndrome coronavirus 2,7KPH,Protease
Severe acute respiratory syndrome coronavirus 2,7KQB,Spike Protein
Severe acute respiratory syndrome coronavirus 2,7KQE,Spike Protein
Severe acute respiratory syndrome coronavirus 2,7KQO,Protease
Severe acute respiratory syndrome coronavirus 2,7KQO,NSP Proteins
Severe acute respiratory syndrome coronavirus 2,7KQP,Protease
Severe acute respiratory syndrome coronavirus 2,7KQP,NSP Proteins
Severe acute respiratory syndrome coronavirus 2,7KQW,Protease
Severe acute respiratory syndrome coronavirus 2,7KQW,NSP Proteins
Severe acute respiratory syndrome coronavirus 2,7KR0,Protease
Severe acute respiratory syndrome coronavirus 2,7KR0,NSP Proteins
Severe acute respiratory syndrome coronavirus 2,7KR1,Protease
Severe acute respiratory syndrome coronavirus 2,7KR1,NSP Proteins
Severe acute respiratory syndrome coronavirus 2,7KRI,NSP Proteins
Severe acute respiratory syndrome coronavirus 2,7KRN,Helicase
Severe acute respiratory syndrome coronavirus 2,7KRN,Polymerase
Severe acute respiratory syndrome coronavirus 2,7KRN,NSP Proteins
Severe acute respiratory syndrome coronavirus 2,7KRO,Helicase
Severe acute respiratory syndrome coronavirus 2,7KRO,Polymerase
Severe acute respiratory syndrome coronavirus 2,7KRO,NSP Proteins
Severe acute respiratory syndrome coronavirus 2,7KRP,Helicase
Severe acute respiratory syndrome coronavirus 2,7KRP,Polymerase
Severe acute respiratory syndrome coronavirus 2,7KRP,NSP Proteins
Severe acute respiratory syndrome coronavirus 2,7KRQ,Spike Protein
Severe acute respiratory syndrome coronavirus 2,7KRR,Spike Protein
Severe acute respiratory syndrome coronavirus 2,7KRS,Spike Protein
Severe acute respiratory syndrome coronavirus 2,7KRX,Protease
Severe acute respiratory syndrome coronavirus 2,7KRX,NSP Proteins
Severe acute respiratory syndrome coronavirus 2,7KS9,Fusion Protein
Severe acute respiratory syndrome coronavirus 2,7KS9,Spike Protein
Severe acute respiratory syndrome coronavirus 2,7KSG,Spike Protein
Severe acute respiratory syndrome coronavirus 2,7KVL,Protease
Severe acute respiratory syndrome coronavirus 2,7KVL,NSP Proteins
Severe acute respiratory syndrome coronavirus 2,7KVR,Protease
Severe acute respiratory syndrome coronavirus 2,7KVR,NSP Proteins
Severe acute respiratory syndrome coronavirus 2,7KX5,Protease
Severe acute respiratory syndrome coronavirus 2,7KXB,Protease
Severe acute respiratory syndrome coronavirus 2,7KXB,NSP Proteins
Severe acute respiratory syndrome coronavirus 2,7KXJ,Spike Protein
Severe acute respiratory syndrome coronavirus 2,7KXK,Spike Protein
Severe acute respiratory syndrome coronavirus 2,7KYU,Protease
Severe acute respiratory syndrome coronavirus 2,7KZB,Spike Protein
Severe acute respiratory syndrome coronavirus 2,7L02,Spike Protein
Severe acute respiratory syndrome coronavirus 2,7L06,Spike Protein
Severe acute respiratory syndrome coronavirus 2,7L09,Spike Protein
Severe acute respiratory syndrome coronavirus 2,7L0D,Protease
Severe acute respiratory syndrome coronavirus 2,7L0N,Spike Protein
Severe acute respiratory syndrome coronavirus 2,7L0N,Protease
Severe acute respiratory syndrome coronavirus 2,7L10,Protease
Severe acute respiratory syndrome coronavirus 2,7L11,Protease
Severe acute respiratory syndrome coronavirus 2,7L12,Protease
Severe acute respiratory syndrome coronavirus 2,7L13,Protease
Severe acute respiratory syndrome coronavirus 2,7L14,Protease
Severe acute respiratory syndrome coronavirus 2,7L1F,Polymerase
Severe acute respiratory syndrome coronavirus 2,7L1F,NSP Proteins
Severe acute respiratory syndrome coronavirus 2,7L2C,Spike Protein
Severe acute respiratory syndrome coronavirus 2,7L2D,Fusion Protein
Severe acute respiratory syndrome coronavirus 2,7L2D,Spike Protein
Severe acute respiratory syndrome coronavirus 2,7L2E,Fusion Protein
Severe acute respiratory syndrome coronavirus 2,7L2E,Spike Protein
Severe acute respiratory syndrome coronavirus 2,7L2F,Fusion Protein
Severe acute respiratory syndrome coronavirus 2,7L2F,Spike Protein
Severe acute respiratory syndrome coronavirus 2,7L3N,Spike Protein
Severe acute respiratory syndrome coronavirus 2,7L4Z,Spike Protein
Severe acute respiratory syndrome coronavirus 2,7L56,Spike Protein
Severe acute respiratory syndrome coronavirus 2,7L57,Spike Protein
Severe acute respiratory syndrome coronavirus 2,7L58,Spike Protein
Severe acute respiratory syndrome coronavirus 2,7L5B,Spike Protein
Severe acute respiratory syndrome coronavirus 2,7L5D,Protease
Severe acute respiratory syndrome coronavirus 2,7L5D,NSP Proteins
Severe acute respiratory syndrome coronavirus 2,7L6R,NSP Proteins
Severe acute respiratory syndrome coronavirus 2,7L6T,NSP Proteins
Severe acute respiratory syndrome coronavirus 2,7L7D,Spike Protein
Severe acute respiratory syndrome coronavirus 2,7L7E,Spike Protein
Severe acute respiratory syndrome coronavirus 2,7L7F,Envelope Protein/Glycoprotein
Severe acute respiratory syndrome coronavirus 2,7L7F,Spike Protein
Severe acute respiratory syndrome coronavirus 2,7L7F,Protease
Severe acute respiratory syndrome coronavirus 2,7L7K,Spike Protein
Severe acute respiratory syndrome coronavirus 2,7L8I,Protease
Severe acute respiratory syndrome coronavirus 2,7L8J,Protease
Severe acute respiratory syndrome coronavirus 2,7LAA,Spike Protein
Severe acute respiratory syndrome coronavirus 2,7LAB,Spike Protein
Severe acute respiratory syndrome coronavirus 2,7LB7,Protease
Severe acute respiratory syndrome coronavirus 2,7LBN,Protease
Severe acute respiratory syndrome coronavirus 2,7LBR,Protease
Severe acute respiratory syndrome coronavirus 2,7LBR,NSP Proteins
Severe acute respiratory syndrome coronavirus 2,7LBS,Protease
Severe acute respiratory syndrome coronavirus 2,7LBS,NSP Proteins
Severe acute respiratory syndrome coronavirus 2,7LC8,Spike Protein
Severe acute respiratory syndrome coronavirus 2,7LCN,Spike Protein
Severe acute respiratory syndrome coronavirus 2,7LCO,Protease
Severe acute respiratory syndrome coronavirus 2,7LCR,Protease
Severe acute respiratory syndrome coronavirus 2,7LCS,Protease
Severe acute respiratory syndrome coronavirus 2,7LCT,Protease
Severe acute respiratory syndrome coronavirus 2,7LD1,Spike Protein
Severe acute respiratory syndrome coronavirus 2,7LDJ,Spike Protein
Severe acute respiratory syndrome coronavirus 2,7LDL,Protease
Severe acute respiratory syndrome coronavirus 2,7LDX,Protease
Severe acute respiratory syndrome coronavirus 2,7LDX,NSP Proteins
Severe acute respiratory syndrome coronavirus 2,7LFE,Protease
Severe acute respiratory syndrome coronavirus 2,7LFE,NSP Proteins
Severe acute respiratory syndrome coronavirus 2,7LFP,Protease
Severe acute respiratory syndrome coronavirus 2,7LFP,NSP Proteins
Severe acute respiratory syndrome coronavirus 2,7LG0,Capsid Protein
Severe acute respiratory syndrome coronavirus 2,7LG0,Nucleoprotein
Severe acute respiratory syndrome coronavirus 2,7LG0,Nucleocapsid Protein
Severe acute respiratory syndrome coronavirus 2,7LG3,NSP Proteins
Severe acute respiratory syndrome coronavirus 2,7LG7,Protease
Severe acute respiratory syndrome coronavirus 2,7LG7,NSP Proteins
Severe acute respiratory syndrome coronavirus 2,7LGD,Capsid Protein
Severe acute respiratory syndrome coronavirus 2,7LGD,Nucleocapsid Protein
Severe acute respiratory syndrome coronavirus 2,7LGO,NSP Proteins
Severe acute respiratory syndrome coronavirus 2,7LHQ,NSP Proteins
Severe acute respiratory syndrome coronavirus 2,7LJR,Spike Protein
Severe acute respiratory syndrome coronavirus 2,7LJR,Protease
Severe acute respiratory syndrome coronavirus 2,7LKD,Protease
Severe acute respiratory syndrome coronavirus 2,7LKE,Protease
Severe acute respiratory syndrome coronavirus 2,7LKR,Protease
Severe acute respiratory syndrome coronavirus 2,7LKR,NSP Proteins
Severe acute respiratory syndrome coronavirus 2,7LKS,Protease
Severe acute respiratory syndrome coronavirus 2,7LKS,NSP Proteins
Severe acute respiratory syndrome coronavirus 2,7LKT,Protease
Severe acute respiratory syndrome coronavirus 2,7LKT,NSP Proteins
Severe acute respiratory syndrome coronavirus 2,7LKU,Protease
Severe acute respiratory syndrome coronavirus 2,7LKU,NSP Proteins
Severe acute respiratory syndrome coronavirus 2,7LKV,Protease
Severe acute respiratory syndrome coronavirus 2,7LKV,NSP Proteins
Severe acute respiratory syndrome coronavirus 2,7LKW,Protease
Severe acute respiratory syndrome coronavirus 2,7LKW,NSP Proteins
Severe acute respiratory syndrome coronavirus 2,7LKX,Protease
Severe acute respiratory syndrome coronavirus 2,7LKX,NSP Proteins
Severe acute respiratory syndrome coronavirus 2,7LLF,Protease
Severe acute respiratory syndrome coronavirus 2,7LLF,NSP Proteins
Severe acute respiratory syndrome coronavirus 2,7LLZ,Protease
Severe acute respiratory syndrome coronavirus 2,7LLZ,NSP Proteins
Severe acute respiratory syndrome coronavirus 2,7LM8,Spike Protein
Severe acute respiratory syndrome coronavirus 2,7LMC,Protease
Severe acute respiratory syndrome coronavirus 2,7LMC,NSP Proteins
Severe acute respiratory syndrome coronavirus 2,7LMD,Protease
Severe acute respiratory syndrome coronavirus 2,7LME,Protease
Severe acute respiratory syndrome coronavirus 2,7LMF,Protease
Severe acute respiratory syndrome coronavirus 2,7LO4,Spike Protein
Severe acute respiratory syndrome coronavirus 2,7LOP,Spike Protein
Severe acute respiratory syndrome coronavirus 2,7LOS,Protease
Severe acute respiratory syndrome coronavirus 2,7LOS,NSP Proteins
Severe acute respiratory syndrome coronavirus 2,7LQ7,Spike Protein
Severe acute respiratory syndrome coronavirus 2,7LQV,Spike Protein
Severe acute respiratory syndrome coronavirus 2,7LQW,Spike Protein
Severe acute respiratory syndrome coronavirus 2,7LRS,Spike Protein
Severe acute respiratory syndrome coronavirus 2,7LRT,Spike Protein
Severe acute respiratory syndrome coronavirus 2,7LS9,Fusion Protein
Severe acute respiratory syndrome coronavirus 2,7LS9,Spike Protein
Severe acute respiratory syndrome coronavirus 2,7LSS,Spike Protein
Severe acute respiratory syndrome coronavirus 2,7LTJ,Protease
Severe acute respiratory syndrome coronavirus 2,7LTN,Protease
Severe acute respiratory syndrome coronavirus 2,7LTU,Nucleoprotein
Severe acute respiratory syndrome coronavirus 2,7LUX,Capsid Protein
Severe acute respiratory syndrome coronavirus 2,7LUX,Nucleoprotein
Severe acute respiratory syndrome coronavirus 2,7LUX,Nucleocapsid Protein
Severe acute respiratory syndrome coronavirus 2,7LUZ,Capsid Protein
Severe acute respiratory syndrome coronavirus 2,7LUZ,Nucleoprotein
Severe acute respiratory syndrome coronavirus 2,7LUZ,Nucleocapsid Protein
Severe acute respiratory syndrome coronavirus 2,7LV2,Capsid Protein
Severe acute respiratory syndrome coronavirus 2,7LV2,Nucleoprotein
Severe acute respiratory syndrome coronavirus 2,7LV2,Nucleocapsid Protein
Severe acute respiratory syndrome coronavirus 2,7LW3,NSP Proteins
Severe acute respiratory syndrome coronavirus 2,7LW4,NSP Proteins
Severe acute respiratory syndrome coronavirus 2,7LWI,Spike Protein
Severe acute respiratory syndrome coronavirus 2,7LWJ,Spike Protein
Severe acute respiratory syndrome coronavirus 2,7LWK,Spike Protein
Severe acute respiratory syndrome coronavirus 2,7LWL,Spike Protein
Severe acute respiratory syndrome coronavirus 2,7LWM,Spike Protein
Severe acute respiratory syndrome coronavirus 2,7LWN,Spike Protein
Severe acute respiratory syndrome coronavirus 2,7LWO,Spike Protein
Severe acute respiratory syndrome coronavirus 2,7LWP,Spike Protein
Severe acute respiratory syndrome coronavirus 2,7LWQ,Spike Protein
Severe acute respiratory syndrome coronavirus 2,7LWS,Spike Protein
Severe acute respiratory syndrome coronavirus 2,7LWT,Spike Protein
Severe acute respiratory syndrome coronavirus 2,7LWU,Spike Protein
Severe acute respiratory syndrome coronavirus 2,7LWV,Spike Protein
Severe acute respiratory syndrome coronavirus 2,7LWW,Spike Protein
Severe acute respiratory syndrome coronavirus 2,7LX5,Spike Protein
Severe acute respiratory syndrome coronavirus 2,7LXW,Spike Protein
Severe acute respiratory syndrome coronavirus 2,7LXX,Spike Protein
Severe acute respiratory syndrome coronavirus 2,7LXY,Spike Protein
Severe acute respiratory syndrome coronavirus 2,7LXZ,Spike Protein
Severe acute respiratory syndrome coronavirus 2,7LY0,Spike Protein
Severe acute respiratory syndrome coronavirus 2,7LY2,Spike Protein
Severe acute respiratory syndrome coronavirus 2,7LY3,Spike Protein
Severe acute respiratory syndrome coronavirus 2,7LYH,Protease
Severe acute respiratory syndrome coronavirus 2,7LYH,NSP Proteins
Severe acute respiratory syndrome coronavirus 2,7LYI,Protease
Severe acute respiratory syndrome coronavirus 2,7LYI,NSP Proteins
Severe acute respiratory syndrome coronavirus 2,7LYK,Spike Protein
Severe acute respiratory syndrome coronavirus 2,7LYL,Spike Protein
Severe acute respiratory syndrome coronavirus 2,7LYM,Spike Protein
Severe acute respiratory syndrome coronavirus 2,7LYN,Spike Protein
Severe acute respiratory syndrome coronavirus 2,7LYO,Spike Protein
Severe acute respiratory syndrome coronavirus 2,7LYP,Spike Protein
Severe acute respiratory syndrome coronavirus 2,7LYQ,Spike Protein
Severe acute respiratory syndrome coronavirus 2,7LZT,Protease
Severe acute respiratory syndrome coronavirus 2,7LZT,NSP Proteins
Severe acute respiratory syndrome coronavirus 2,7LZU,Protease
Severe acute respiratory syndrome coronavirus 2,7LZU,NSP Proteins
Severe acute respiratory syndrome coronavirus 2,7LZV,Protease
Severe acute respiratory syndrome coronavirus 2,7LZV,NSP Proteins
Severe acute respiratory syndrome coronavirus 2,7LZW,Protease
Severe acute respiratory syndrome coronavirus 2,7LZW,NSP Proteins
Severe acute respiratory syndrome coronavirus 2,7LZX,Protease
Severe acute respiratory syndrome coronavirus 2,7LZX,NSP Proteins
Severe acute respiratory syndrome coronavirus 2,7LZY,Protease
Severe acute respiratory syndrome coronavirus 2,7LZY,NSP Proteins
Severe acute respiratory syndrome coronavirus 2,7LZZ,Protease
Severe acute respiratory syndrome coronavirus 2,7LZZ,NSP Proteins
Severe acute respiratory syndrome coronavirus 2,7M00,Protease
Severe acute respiratory syndrome coronavirus 2,7M00,NSP Proteins
Severe acute respiratory syndrome coronavirus 2,7M01,Protease
Severe acute respiratory syndrome coronavirus 2,7M01,NSP Proteins
Severe acute respiratory syndrome coronavirus 2,7M02,Protease
Severe acute respiratory syndrome coronavirus 2,7M02,NSP Proteins
Severe acute respiratory syndrome coronavirus 2,7M03,Protease
Severe acute respiratory syndrome coronavirus 2,7M03,NSP Proteins
Severe acute respiratory syndrome coronavirus 2,7M04,Protease
Severe acute respiratory syndrome coronavirus 2,7M04,NSP Proteins
Severe acute respiratory syndrome coronavirus 2,7M0J,Spike Protein
Severe acute respiratory syndrome coronavirus 2,7M1Y,Protease
Severe acute respiratory syndrome coronavirus 2,7M1Y,NSP Proteins
Severe acute respiratory syndrome coronavirus 2,7M2P,Protease
Severe acute respiratory syndrome coronavirus 2,7M2P,NSP Proteins
Severe acute respiratory syndrome coronavirus 2,7M3I,Spike Protein
Severe acute respiratory syndrome coronavirus 2,7M42,Spike Protein
Severe acute respiratory syndrome coronavirus 2,7M4R,Envelope Protein/Glycoprotein
Severe acute respiratory syndrome coronavirus 2,7M53,Spike Protein
Severe acute respiratory syndrome coronavirus 2,7M6D,Spike Protein
Severe acute respiratory syndrome coronavirus 2,7M6E,Spike Protein
Severe acute respiratory syndrome coronavirus 2,7M6F,Spike Protein
Severe acute respiratory syndrome coronavirus 2,7M6G,Spike Protein
Severe acute respiratory syndrome coronavirus 2,7M6H,Spike Protein
Severe acute respiratory syndrome coronavirus 2,7M6I,Spike Protein
Severe acute respiratory syndrome coronavirus 2,7M71,Spike Protein
Severe acute respiratory syndrome coronavirus 2,7M7B,Spike Protein
Severe acute respiratory syndrome coronavirus 2,7M7W,Spike Protein
Severe acute respiratory syndrome coronavirus 2,7M8J,Spike Protein
Severe acute respiratory syndrome coronavirus 2,7M8K,Spike Protein
Severe acute respiratory syndrome coronavirus 2,7M8M,Protease
Severe acute respiratory syndrome coronavirus 2,7M8M,NSP Proteins
Severe acute respiratory syndrome coronavirus 2,7M8N,Protease
Severe acute respiratory syndrome coronavirus 2,7M8N,NSP Proteins
Severe acute respiratory syndrome coronavirus 2,7M8O,Protease
Severe acute respiratory syndrome coronavirus 2,7M8O,NSP Proteins
Severe acute respiratory syndrome coronavirus 2,7M8P,Protease
Severe acute respiratory syndrome coronavirus 2,7M8P,NSP Proteins
Severe acute respiratory syndrome coronavirus 2,7M8S,Spike Protein
Severe acute respiratory syndrome coronavirus 2,7M8T,Spike Protein
Severe acute respiratory syndrome coronavirus 2,7M8U,Spike Protein
Severe acute respiratory syndrome coronavirus 2,7M8X,Protease
Severe acute respiratory syndrome coronavirus 2,7M8X,NSP Proteins
Severe acute respiratory syndrome coronavirus 2,7M8Y,Protease
Severe acute respiratory syndrome coronavirus 2,7M8Y,NSP Proteins
Severe acute respiratory syndrome coronavirus 2,7M8Z,Protease
Severe acute respiratory syndrome coronavirus 2,7M8Z,NSP Proteins
Severe acute respiratory syndrome coronavirus 2,7M90,Protease
Severe acute respiratory syndrome coronavirus 2,7M90,NSP Proteins
Severe acute respiratory syndrome coronavirus 2,7M91,Protease
Severe acute respiratory syndrome coronavirus 2,7M91,NSP Proteins
Severe acute respiratory syndrome coronavirus 2,7MAT,Protease
Severe acute respiratory syndrome coronavirus 2,7MAT,NSP Proteins
Severe acute respiratory syndrome coronavirus 2,7MAU,Protease
Severe acute respiratory syndrome coronavirus 2,7MAU,NSP Proteins
Severe acute respiratory syndrome coronavirus 2,7MAV,Protease
Severe acute respiratory syndrome coronavirus 2,7MAV,NSP Proteins
Severe acute respiratory syndrome coronavirus 2,7MAW,Protease
Severe acute respiratory syndrome coronavirus 2,7MAW,NSP Proteins
Severe acute respiratory syndrome coronavirus 2,7MAX,Protease
Severe acute respiratory syndrome coronavirus 2,7MAX,NSP Proteins
Severe acute respiratory syndrome coronavirus 2,7MAZ,Protease
Severe acute respiratory syndrome coronavirus 2,7MAZ,NSP Proteins
Severe acute respiratory syndrome coronavirus 2,7MB0,Protease
Severe acute respiratory syndrome coronavirus 2,7MB0,NSP Proteins
Severe acute respiratory syndrome coronavirus 2,7MB1,Protease
Severe acute respiratory syndrome coronavirus 2,7MB1,NSP Proteins
Severe acute respiratory syndrome coronavirus 2,7MB2,Protease
Severe acute respiratory syndrome coronavirus 2,7MB2,NSP Proteins
Severe acute respiratory syndrome coronavirus 2,7MB3,Protease
Severe acute respiratory syndrome coronavirus 2,7MB3,NSP Proteins
Severe acute respiratory syndrome coronavirus 2,7MB4,Protease
Severe acute respiratory syndrome coronavirus 2,7MB4,NSP Proteins
Severe acute respiratory syndrome coronavirus 2,7MB5,Protease
Severe acute respiratory syndrome coronavirus 2,7MB5,NSP Proteins
Severe acute respiratory syndrome coronavirus 2,7MB6,Protease
Severe acute respiratory syndrome coronavirus 2,7MB6,NSP Proteins
Severe acute respiratory syndrome coronavirus 2,7MB7,Protease
Severe acute respiratory syndrome coronavirus 2,7MB7,NSP Proteins
Severe acute respiratory syndrome coronavirus 2,7MB8,Protease
Severe acute respiratory syndrome coronavirus 2,7MB8,NSP Proteins
Severe acute respiratory syndrome coronavirus 2,7MB9,Protease
Severe acute respiratory syndrome coronavirus 2,7MB9,NSP Proteins
Severe acute respiratory syndrome coronavirus 2,7MBG,Protease
Severe acute respiratory syndrome coronavirus 2,7MBG,NSP Proteins
Severe acute respiratory syndrome coronavirus 2,7MBI,Protease
Severe acute respiratory syndrome coronavirus 2,7MBI,NSP Proteins
Severe acute respiratory syndrome coronavirus 2,7MC5,NSP Proteins
Severe acute respiratory syndrome coronavirus 2,7MC6,NSP Proteins
Severe acute respiratory syndrome coronavirus 2,7MDW,Spike Protein
Severe acute respiratory syndrome coronavirus 2,7ME0,NSP Proteins
Severe acute respiratory syndrome coronavirus 2,7ME7,Spike Protein
Severe acute respiratory syndrome coronavirus 2,7MEJ,Spike Protein
Severe acute respiratory syndrome coronavirus 2,7MF1,Spike Protein
Severe acute respiratory syndrome coronavirus 2,7MFU,Spike Protein
Severe acute respiratory syndrome coronavirus 2,7MGR,Protease
Severe acute respiratory syndrome coronavirus 2,7MGR,NSP Proteins
Severe acute respiratory syndrome coronavirus 2,7MGS,Protease
Severe acute respiratory syndrome coronavirus 2,7MGS,NSP Proteins
Severe acute respiratory syndrome coronavirus 2,7MHF,Protease
Severe acute respiratory syndrome coronavirus 2,7MHF,NSP Proteins
Severe acute respiratory syndrome coronavirus 2,7MHG,Protease
Severe acute respiratory syndrome coronavirus 2,7MHG,NSP Proteins
Severe acute respiratory syndrome coronavirus 2,7MHH,Protease
Severe acute respiratory syndrome coronavirus 2,7MHH,NSP Proteins
Severe acute respiratory syndrome coronavirus 2,7MHI,Protease
Severe acute respiratory syndrome coronavirus 2,7MHI,NSP Proteins
Severe acute respiratory syndrome coronavirus 2,7MHJ,Protease
Severe acute respiratory syndrome coronavirus 2,7MHJ,NSP Proteins
Severe acute respiratory syndrome coronavirus 2,7MHK,Protease
Severe acute respiratory syndrome coronavirus 2,7MHK,NSP Proteins
Severe acute respiratory syndrome coronavirus 2,7MHL,Protease
Severe acute respiratory syndrome coronavirus 2,7MHL,NSP Proteins
Severe acute respiratory syndrome coronavirus 2,7MHM,Protease
Severe acute respiratory syndrome coronavirus 2,7MHM,NSP Proteins
Severe acute respiratory syndrome coronavirus 2,7MHN,Protease
Severe acute respiratory syndrome coronavirus 2,7MHN,NSP Proteins
Severe acute respiratory syndrome coronavirus 2,7MHO,Protease
Severe acute respiratory syndrome coronavirus 2,7MHO,NSP Proteins
Severe acute respiratory syndrome coronavirus 2,7MHP,Protease
Severe acute respiratory syndrome coronavirus 2,7MHP,NSP Proteins
Severe acute respiratory syndrome coronavirus 2,7MHQ,Protease
Severe acute respiratory syndrome coronavirus 2,7MHQ,NSP Proteins
Severe acute respiratory syndrome coronavirus 2,7MJG,Fusion Protein
Severe acute respiratory syndrome coronavirus 2,7MJG,Spike Protein
Severe acute respiratory syndrome coronavirus 2,7MJH,Fusion Protein
Severe acute respiratory syndrome coronavirus 2,7MJH,Spike Protein
Severe acute respiratory syndrome coronavirus 2,7MJI,Fusion Protein
Severe acute respiratory syndrome coronavirus 2,7MJI,Spike Protein
Severe acute respiratory syndrome coronavirus 2,7MJJ,Fusion Protein
Severe acute respiratory syndrome coronavirus 2,7MJJ,Spike Protein
Severe acute respiratory syndrome coronavirus 2,7MJK,Fusion Protein
Severe acute respiratory syndrome coronavirus 2,7MJK,Spike Protein
Severe acute respiratory syndrome coronavirus 2,7MJL,Fusion Protein
Severe acute respiratory syndrome coronavirus 2,7MJL,Spike Protein
Severe acute respiratory syndrome coronavirus 2,7MJM,Fusion Protein
Severe acute respiratory syndrome coronavirus 2,7MJM,Spike Protein
Severe acute respiratory syndrome coronavirus 2,7MJN,Fusion Protein
Severe acute respiratory syndrome coronavirus 2,7MJN,Spike Protein
Severe acute respiratory syndrome coronavirus 2,7MKB,Spike Protein
Severe acute respiratory syndrome coronavirus 2,7MKL,Spike Protein
Severe acute respiratory syndrome coronavirus 2,7MKM,Spike Protein
Severe acute respiratory syndrome coronavirus 2,7MLF,Protease
Severe acute respiratory syndrome coronavirus 2,7MLF,NSP Proteins
Severe acute respiratory syndrome coronavirus 2,7MLG,Protease
Severe acute respiratory syndrome coronavirus 2,7MLG,NSP Proteins
Severe acute respiratory syndrome coronavirus 2,7MLZ,Spike Protein
Severe acute respiratory syndrome coronavirus 2,7MM0,Spike Protein
Severe acute respiratory syndrome coronavirus 2,7MMO,Spike Protein
Severe acute respiratory syndrome coronavirus 2,7MNG,Protease
Severe acute respiratory syndrome coronavirus 2,7MNG,NSP Proteins
Severe acute respiratory syndrome coronavirus 2,7MPB,Protease
Severe acute respiratory syndrome coronavirus 2,7MPB,NSP Proteins
Severe acute respiratory syndrome coronavirus 2,7MRR,Protease
Severe acute respiratory syndrome coronavirus 2,7MRR,NSP Proteins
Severe acute respiratory syndrome coronavirus 2,7MSQ,Spike Protein
Severe acute respiratory syndrome coronavirus 2,7MSW,NSP Proteins
Severe acute respiratory syndrome coronavirus 2,7MSX,NSP Proteins
Severe acute respiratory syndrome coronavirus 2,7MTC,Spike Protein
Severe acute respiratory syndrome coronavirus 2,7MTD,Spike Protein
Severe acute respiratory syndrome coronavirus 2,7MTE,Spike Protein
Severe acute respiratory syndrome coronavirus 2,7MW2,Spike Protein
Severe acute respiratory syndrome coronavirus 2,7MW3,Spike Protein
Severe acute respiratory syndrome coronavirus 2,7MW4,Spike Protein
Severe acute respiratory syndrome coronavirus 2,7MW5,Spike Protein
Severe acute respiratory syndrome coronavirus 2,7MW6,Spike Protein
Severe acute respiratory syndrome coronavirus 2,7MXP,Fusion Protein
Severe acute respiratory syndrome coronavirus 2,7MXP,Spike Protein
Severe acute respiratory syndrome coronavirus 2,7MY2,Spike Protein
Severe acute respiratory syndrome coronavirus 2,7MY3,Spike Protein
Severe acute respiratory syndrome coronavirus 2,7MY8,Spike Protein
Severe acute respiratory syndrome coronavirus 2,7MZF,Spike Protein
Severe acute respiratory syndrome coronavirus 2,7MZG,Spike Protein
Severe acute respiratory syndrome coronavirus 2,7MZH,Spike Protein
Severe acute respiratory syndrome coronavirus 2,7MZI,Spike Protein
Severe acute respiratory syndrome coronavirus 2,7MZJ,Spike Protein
Severe acute respiratory syndrome coronavirus 2,7MZK,Spike Protein
Severe acute respiratory syndrome coronavirus 2,7MZL,Spike Protein
Severe acute respiratory syndrome coronavirus 2,7MZM,Spike Protein
Severe acute respiratory syndrome coronavirus 2,7MZN,Spike Protein
Severe acute respiratory syndrome coronavirus 2,7N06,NSP Proteins
Severe acute respiratory syndrome coronavirus 2,7N0B,NSP Proteins
Severe acute respiratory syndrome coronavirus 2,7N0C,NSP Proteins
Severe acute respiratory syndrome coronavirus 2,7N0D,NSP Proteins
Severe acute respiratory syndrome coronavirus 2,7N0G,Spike Protein
Severe acute respiratory syndrome coronavirus 2,7N0H,Spike Protein
Severe acute respiratory syndrome coronavirus 2,7N0I,Capsid Protein
Severe acute respiratory syndrome coronavirus 2,7N0I,Nucleoprotein
Severe acute respiratory syndrome coronavirus 2,7N0I,Nucleocapsid Protein
Severe acute respiratory syndrome coronavirus 2,7N0R,Capsid Protein
Severe acute respiratory syndrome coronavirus 2,7N0R,Nucleoprotein
Severe acute respiratory syndrome coronavirus 2,7N0R,Nucleocapsid Protein
Severe acute respiratory syndrome coronavirus 2,7N1A,Spike Protein
Severe acute respiratory syndrome coronavirus 2,7N1B,Spike Protein
Severe acute respiratory syndrome coronavirus 2,7N1E,Spike Protein
Severe acute respiratory syndrome coronavirus 2,7N1F,Spike Protein
Severe acute respiratory syndrome coronavirus 2,7N1Q,Spike Protein
Severe acute respiratory syndrome coronavirus 2,7N1T,Spike Protein
Severe acute respiratory syndrome coronavirus 2,7N1U,Spike Protein
Severe acute respiratory syndrome coronavirus 2,7N1V,Spike Protein
Severe acute respiratory syndrome coronavirus 2,7N1W,Spike Protein
Severe acute respiratory syndrome coronavirus 2,7N1X,Spike Protein
Severe acute respiratory syndrome coronavirus 2,7N1Y,Spike Protein
Severe acute respiratory syndrome coronavirus 2,7N33,NSP Proteins
Severe acute respiratory syndrome coronavirus 2,7N3C,Capsid Protein
Severe acute respiratory syndrome coronavirus 2,7N3C,Nucleoprotein
Severe acute respiratory syndrome coronavirus 2,7N3C,Nucleocapsid Protein
Severe acute respiratory syndrome coronavirus 2,7N3D,Capsid Protein
Severe acute respiratory syndrome coronavirus 2,7N3D,Nucleoprotein
Severe acute respiratory syndrome coronavirus 2,7N3D,Nucleocapsid Protein
Severe acute respiratory syndrome coronavirus 2,7N3I,Spike Protein
Severe acute respiratory syndrome coronavirus 2,7N3K,NSP Proteins
Severe acute respiratory syndrome coronavirus 2,7N44,Protease
Severe acute respiratory syndrome coronavirus 2,7N44,NSP Proteins
Severe acute respiratory syndrome coronavirus 2,7N4I,Spike Protein
Severe acute respiratory syndrome coronavirus 2,7N4J,Spike Protein
Severe acute respiratory syndrome coronavirus 2,7N4L,Spike Protein
Severe acute respiratory syndrome coronavirus 2,7N4M,Spike Protein
Severe acute respiratory syndrome coronavirus 2,7N5H,Spike Protein
Severe acute respiratory syndrome coronavirus 2,7N5Z,Protease
Severe acute respiratory syndrome coronavirus 2,7N62,Spike Protein
Severe acute respiratory syndrome coronavirus 2,7N64,Spike Protein
Severe acute respiratory syndrome coronavirus 2,7N6D,Spike Protein
Severe acute respiratory syndrome coronavirus 2,7N6E,Spike Protein
Severe acute respiratory syndrome coronavirus 2,7N6N,Protease
Severe acute respiratory syndrome coronavirus 2,7N6N,NSP Proteins
Severe acute respiratory syndrome coronavirus 2,7N7R,NSP Proteins
Severe acute respiratory syndrome coronavirus 2,7N7U,NSP Proteins
Severe acute respiratory syndrome coronavirus 2,7N7W,NSP Proteins
Severe acute respiratory syndrome coronavirus 2,7N7Y,NSP Proteins
Severe acute respiratory syndrome coronavirus 2,7N83,NSP Proteins
Severe acute respiratory syndrome coronavirus 2,7N89,Protease
Severe acute respiratory syndrome coronavirus 2,7N89,NSP Proteins
Severe acute respiratory syndrome coronavirus 2,7N8C,Protease
Severe acute respiratory syndrome coronavirus 2,7N8C,NSP Proteins
Severe acute respiratory syndrome coronavirus 2,7N8H,Spike Protein
Severe acute respiratory syndrome coronavirus 2,7N8I,Spike Protein
Severe acute respiratory syndrome coronavirus 2,7N9A,Spike Protein
Severe acute respiratory syndrome coronavirus 2,7N9B,Spike Protein
Severe acute respiratory syndrome coronavirus 2,7N9C,Spike Protein
Severe acute respiratory syndrome coronavirus 2,7N9E,Spike Protein
Severe acute respiratory syndrome coronavirus 2,7N9T,Spike Protein
Severe acute respiratory syndrome coronavirus 2,7NAB,Spike Protein
Severe acute respiratory syndrome coronavirus 2,7NBR,Protease
Severe acute respiratory syndrome coronavirus 2,7NBR,NSP Proteins
Severe acute respiratory syndrome coronavirus 2,7NBS,Protease
Severe acute respiratory syndrome coronavirus 2,7NBS,NSP Proteins
Severe acute respiratory syndrome coronavirus 2,7NBT,Protease
Severe acute respiratory syndrome coronavirus 2,7NBT,NSP Proteins
Severe acute respiratory syndrome coronavirus 2,7NBY,Protease
Severe acute respiratory syndrome coronavirus 2,7ND3,Spike Protein
Severe acute respiratory syndrome coronavirus 2,7ND4,Spike Protein
Severe acute respiratory syndrome coronavirus 2,7ND5,Spike Protein
Severe acute respiratory syndrome coronavirus 2,7ND6,Spike Protein
Severe acute respiratory syndrome coronavirus 2,7ND7,Spike Protein
Severe acute respiratory syndrome coronavirus 2,7ND8,Spike Protein
Severe acute respiratory syndrome coronavirus 2,7ND9,Spike Protein
Severe acute respiratory syndrome coronavirus 2,7NDA,Spike Protein
Severe acute respiratory syndrome coronavirus 2,7NDB,Spike Protein
Severe acute respiratory syndrome coronavirus 2,7NDC,Spike Protein
Severe acute respiratory syndrome coronavirus 2,7NDD,Spike Protein
Severe acute respiratory syndrome coronavirus 2,7NEG,Spike Protein
Severe acute respiratory syndrome coronavirus 2,7NEH,Spike Protein
Severe acute respiratory syndrome coronavirus 2,7NEO,Protease
Severe acute respiratory syndrome coronavirus 2,7NEO,NSP Proteins
Severe acute respiratory syndrome coronavirus 2,7NEV,Protease
Severe acute respiratory syndrome coronavirus 2,7NEV,NSP Proteins
Severe acute respiratory syndrome coronavirus 2,7NF5,Protease
Severe acute respiratory syndrome coronavirus 2,7NF5,NSP Proteins
Severe acute respiratory syndrome coronavirus 2,7NFV,Protease
Severe acute respiratory syndrome coronavirus 2,7NFV,NSP Proteins
Severe acute respiratory syndrome coronavirus 2,7NG3,Protease
Severe acute respiratory syndrome coronavirus 2,7NG3,NSP Proteins
Severe acute respiratory syndrome coronavirus 2,7NG6,Protease
Severe acute respiratory syndrome coronavirus 2,7NG6,NSP Proteins
Severe acute respiratory syndrome coronavirus 2,7NIJ,Protease
Severe acute respiratory syndrome coronavirus 2,7NIJ,NSP Proteins
Severe acute respiratory syndrome coronavirus 2,7NIO,Helicase
Severe acute respiratory syndrome coronavirus 2,7NIO,NSP Proteins
Severe acute respiratory syndrome coronavirus 2,7NKT,Spike Protein
Severe acute respiratory syndrome coronavirus 2,7NLL,Spike Protein
Severe acute respiratory syndrome coronavirus 2,7NN0,Helicase
Severe acute respiratory syndrome coronavirus 2,7NN0,NSP Proteins
Severe acute respiratory syndrome coronavirus 2,7NNG,Helicase
Severe acute respiratory syndrome coronavirus 2,7NNG,NSP Proteins
Severe acute respiratory syndrome coronavirus 2,7NP1,Spike Protein
Severe acute respiratory syndrome coronavirus 2,7NS6,Spike Protein
Severe acute respiratory syndrome coronavirus 2,7NT1,Protease
Severe acute respiratory syndrome coronavirus 2,7NT1,NSP Proteins
Severe acute respiratory syndrome coronavirus 2,7NT2,Protease
Severe acute respiratory syndrome coronavirus 2,7NT2,NSP Proteins
Severe acute respiratory syndrome coronavirus 2,7NT3,Protease
Severe acute respiratory syndrome coronavirus 2,7NT3,NSP Proteins
Severe acute respiratory syndrome coronavirus 2,7NT4,Protease
Severe acute respiratory syndrome coronavirus 2,7NT4,NSP Proteins
Severe acute respiratory syndrome coronavirus 2,7NT9,Spike Protein
Severe acute respiratory syndrome coronavirus 2,7NTA,Spike Protein
Severe acute respiratory syndrome coronavirus 2,7NTC,Spike Protein
Severe acute respiratory syndrome coronavirus 2,7NTQ,Protease
Severe acute respiratory syndrome coronavirus 2,7NTQ,NSP Proteins
Severe acute respiratory syndrome coronavirus 2,7NTS,Protease
Severe acute respiratory syndrome coronavirus 2,7NTT,Protease
Severe acute respiratory syndrome coronavirus 2,7NTT,NSP Proteins
Severe acute respiratory syndrome coronavirus 2,7NTV,Protease
Severe acute respiratory syndrome coronavirus 2,7NTV,NSP Proteins
Severe acute respiratory syndrome coronavirus 2,7NTW,Protease
Severe acute respiratory syndrome coronavirus 2,7NTW,NSP Proteins
Severe acute respiratory syndrome coronavirus 2,7NUK,Protease
Severe acute respiratory syndrome coronavirus 2,7NUK,NSP Proteins
Severe acute respiratory syndrome coronavirus 2,7NW2,Protease
Severe acute respiratory syndrome coronavirus 2,7NW2,NSP Proteins
Severe acute respiratory syndrome coronavirus 2,7NWX,NSP Proteins
Severe acute respiratory syndrome coronavirus 2,7NX6,Spike Protein
Severe acute respiratory syndrome coronavirus 2,7NX7,Spike Protein
Severe acute respiratory syndrome coronavirus 2,7NX8,Spike Protein
Severe acute respiratory syndrome coronavirus 2,7NX9,Spike Protein
Severe acute respiratory syndrome coronavirus 2,7NXA,Spike Protein
Severe acute respiratory syndrome coronavirus 2,7NXB,Spike Protein
Severe acute respiratory syndrome coronavirus 2,7NXC,Spike Protein
Severe acute respiratory syndrome coronavirus 2,7NXH,Protease
Severe acute respiratory syndrome coronavirus 2,7NXH,NSP Proteins
Severe acute respiratory syndrome coronavirus 2,7O05,Capsid Protein
Severe acute respiratory syndrome coronavirus 2,7O05,Nucleoprotein
Severe acute respiratory syndrome coronavirus 2,7O05,Nucleocapsid Protein
Severe acute respiratory syndrome coronavirus 2,7O35,Capsid Protein
Severe acute respiratory syndrome coronavirus 2,7O35,Nucleoprotein
Severe acute respiratory syndrome coronavirus 2,7O35,Nucleocapsid Protein
Severe acute respiratory syndrome coronavirus 2,7O36,Capsid Protein
Severe acute respiratory syndrome coronavirus 2,7O36,Nucleoprotein
Severe acute respiratory syndrome coronavirus 2,7O36,Nucleocapsid Protein
Severe acute respiratory syndrome coronavirus 2,7O46,Protease
Severe acute respiratory syndrome coronavirus 2,7O46,NSP Proteins
Severe acute respiratory syndrome coronavirus 2,7OAN,Spike Protein
Severe acute respiratory syndrome coronavirus 2,7OAO,Spike Protein
Severe acute respiratory syndrome coronavirus 2,7OAP,Spike Protein
Severe acute respiratory syndrome coronavirus 2,7OAQ,Spike Protein
Severe acute respiratory syndrome coronavirus 2,7OAU,Spike Protein
Severe acute respiratory syndrome coronavirus 2,7OAY,Spike Protein
Severe acute respiratory syndrome coronavirus 2,7OD3,Spike Protein
Severe acute respiratory syndrome coronavirus 2,7ODL,Spike Protein
Severe acute respiratory syndrome coronavirus 2,7OFS,Protease
Severe acute respiratory syndrome coronavirus 2,7OFS,NSP Proteins
Severe acute respiratory syndrome coronavirus 2,7OFT,Protease
Severe acute respiratory syndrome coronavirus 2,7OFT,NSP Proteins
Severe acute respiratory syndrome coronavirus 2,7OFU,Protease
Severe acute respiratory syndrome coronavirus 2,7OFU,NSP Proteins
Severe acute respiratory syndrome coronavirus 2,7OLZ,Spike Protein
Severe acute respiratory syndrome coronavirus 2,7OR9,Spike Protein
Severe acute respiratory syndrome coronavirus 2,7ORA,Spike Protein
Severe acute respiratory syndrome coronavirus 2,7ORB,Spike Protein
Severe acute respiratory syndrome coronavirus 2,7ORR,NSP Proteins
Severe acute respiratory syndrome coronavirus 2,7ORU,NSP Proteins
Severe acute respiratory syndrome coronavirus 2,7ORV,NSP Proteins
Severe acute respiratory syndrome coronavirus 2,7ORW,NSP Proteins
Severe acute respiratory syndrome coronavirus 2,7OWX,Spike Protein
Severe acute respiratory syndrome coronavirus 2,7OYG,Polymerase
Severe acute respiratory syndrome coronavirus 2,7OYG,NSP Proteins
Severe acute respiratory syndrome coronavirus 2,7OZU,Polymerase
Severe acute respiratory syndrome coronavirus 2,7OZU,NSP Proteins
Severe acute respiratory syndrome coronavirus 2,7OZV,Polymerase
Severe acute respiratory syndrome coronavirus 2,7OZV,NSP Proteins
Severe acute respiratory syndrome coronavirus 2,7P19,Spike Protein
Severe acute respiratory syndrome coronavirus 2,7P2G,Helicase
Severe acute respiratory syndrome coronavirus 2,7P2G,Protease
Severe acute respiratory syndrome coronavirus 2,7P2G,Polymerase
Severe acute respiratory syndrome coronavirus 2,7P2G,NSP Proteins
Severe acute respiratory syndrome coronavirus 2,7P2O,Protease
Severe acute respiratory syndrome coronavirus 2,7P2O,NSP Proteins
Severe acute respiratory syndrome coronavirus 2,7P35,Polymerase
Severe acute respiratory syndrome coronavirus 2,7P35,Helicase
Severe acute respiratory syndrome coronavirus 2,7P35,Protease
Severe acute respiratory syndrome coronavirus 2,7P35,NSP Proteins
Severe acute respiratory syndrome coronavirus 2,7P3D,Spike Protein
Severe acute respiratory syndrome coronavirus 2,7P40,Spike Protein
Severe acute respiratory syndrome coronavirus 2,7P51,Protease
Severe acute respiratory syndrome coronavirus 2,7P51,NSP Proteins
Severe acute respiratory syndrome coronavirus 2,7P5G,Spike Protein
Severe acute respiratory syndrome coronavirus 2,7P5Q,Spike Protein
Severe acute respiratory syndrome coronavirus 2,7P5S,Spike Protein
Severe acute respiratory syndrome coronavirus 2,7P77,Spike Protein
Severe acute respiratory syndrome coronavirus 2,7P78,Spike Protein
Severe acute respiratory syndrome coronavirus 2,7P79,Spike Protein
Severe acute respiratory syndrome coronavirus 2,7P7A,Spike Protein
Severe acute respiratory syndrome coronavirus 2,7P7B,Spike Protein
Severe acute respiratory syndrome coronavirus 2,7PBE,Spike Protein
Severe acute respiratory syndrome coronavirus 2,7PFL,Protease
Severe acute respiratory syndrome coronavirus 2,7PFM,Protease
Severe acute respiratory syndrome coronavirus 2,7PHZ,Protease
Severe acute respiratory syndrome coronavirus 2,7PKU,Capsid Protein
Severe acute respiratory syndrome coronavirus 2,7PKU,Nucleoprotein
Severe acute respiratory syndrome coronavirus 2,7PKU,Nucleocapsid Protein
Severe acute respiratory syndrome coronavirus 2,7PKU,NSP Proteins
Severe acute respiratory syndrome coronavirus 2,7PQY,Spike Protein
Severe acute respiratory syndrome coronavirus 2,7PQZ,Spike Protein
Severe acute respiratory syndrome coronavirus 2,7PR0,Spike Protein
Severe acute respiratory syndrome coronavirus 2,7PRY,Spike Protein
Severe acute respiratory syndrome coronavirus 2,7PRZ,Spike Protein
Severe acute respiratory syndrome coronavirus 2,7PS0,Spike Protein
Severe acute respiratory syndrome coronavirus 2,7PS1,Spike Protein
Severe acute respiratory syndrome coronavirus 2,7PS2,Spike Protein
Severe acute respiratory syndrome coronavirus 2,7PS4,Spike Protein
Severe acute respiratory syndrome coronavirus 2,7PS5,Spike Protein
Severe acute respiratory syndrome coronavirus 2,7PS6,Spike Protein
Severe acute respiratory syndrome coronavirus 2,7PS7,Spike Protein
Severe acute respiratory syndrome coronavirus 2,7PXZ,Protease
Severe acute respiratory syndrome coronavirus 2,7PXZ,NSP Proteins
Severe acute respiratory syndrome coronavirus 2,7PZQ,Protease
Severe acute respiratory syndrome coronavirus 2,7PZQ,NSP Proteins
Severe acute respiratory syndrome coronavirus 2,7Q0A,Spike Protein
Severe acute respiratory syndrome coronavirus 2,7Q0G,Spike Protein
Severe acute respiratory syndrome coronavirus 2,7Q0H,Spike Protein
Severe acute respiratory syndrome coronavirus 2,7Q0I,Spike Protein
Severe acute respiratory syndrome coronavirus 2,7Q1Z,Spike Protein
Severe acute respiratory syndrome coronavirus 2,7Q3Q,Spike Protein
Severe acute respiratory syndrome coronavirus 2,7Q3R,Spike Protein
Severe acute respiratory syndrome coronavirus 2,7Q5E,Protease
Severe acute respiratory syndrome coronavirus 2,7Q5E,NSP Proteins
Severe acute respiratory syndrome coronavirus 2,7Q5F,Protease
Severe acute respiratory syndrome coronavirus 2,7Q5F,NSP Proteins
Severe acute respiratory syndrome coronavirus 2,7Q6E,Spike Protein
Severe acute respiratory syndrome coronavirus 2,7Q9F,Spike Protein
Severe acute respiratory syndrome coronavirus 2,7Q9G,Spike Protein
Severe acute respiratory syndrome coronavirus 2,7Q9I,Spike Protein
Severe acute respiratory syndrome coronavirus 2,7Q9J,Spike Protein
Severe acute respiratory syndrome coronavirus 2,7Q9K,Spike Protein
Severe acute respiratory syndrome coronavirus 2,7Q9M,Spike Protein
Severe acute respiratory syndrome coronavirus 2,7Q9P,Spike Protein
Severe acute respiratory syndrome coronavirus 2,7QBB,Protease
Severe acute respiratory syndrome coronavirus 2,7QBB,NSP Proteins
Severe acute respiratory syndrome coronavirus 2,7QCG,Protease
Severe acute respiratory syndrome coronavirus 2,7QCG,NSP Proteins
Severe acute respiratory syndrome coronavirus 2,7QCH,Protease
Severe acute respiratory syndrome coronavirus 2,7QCH,NSP Proteins
Severe acute respiratory syndrome coronavirus 2,7QCI,Protease
Severe acute respiratory syndrome coronavirus 2,7QCI,NSP Proteins
Severe acute respiratory syndrome coronavirus 2,7QCJ,Protease
Severe acute respiratory syndrome coronavirus 2,7QCJ,NSP Proteins
Severe acute respiratory syndrome coronavirus 2,7QCK,Protease
Severe acute respiratory syndrome coronavirus 2,7QCK,NSP Proteins
Severe acute respiratory syndrome coronavirus 2,7QCM,Protease
Severe acute respiratory syndrome coronavirus 2,7QCM,NSP Proteins
Severe acute respiratory syndrome coronavirus 2,7QDG,Spike Protein
Severe acute respiratory syndrome coronavirus 2,7QDH,Spike Protein
Severe acute respiratory syndrome coronavirus 2,7QEZ,Spike Protein
Severe acute respiratory syndrome coronavirus 2,7QF0,Spike Protein
Severe acute respiratory syndrome coronavirus 2,7QF1,Spike Protein
Severe acute respiratory syndrome coronavirus 2,7QG7,Protease
Severe acute respiratory syndrome coronavirus 2,7QG7,NSP Proteins
Severe acute respiratory syndrome coronavirus 2,7QGI,NSP Proteins
Severe acute respiratory syndrome coronavirus 2,7QIF,NSP Proteins
Severe acute respiratory syndrome coronavirus 2,7QIK,Capsid Protein
Severe acute respiratory syndrome coronavirus 2,7QIK,Nucleocapsid Protein
Severe acute respiratory syndrome coronavirus 2,7QIP,Capsid Protein
Severe acute respiratory syndrome coronavirus 2,7QIP,Nucleocapsid Protein
Severe acute respiratory syndrome coronavirus 2,7QKA,Protease
Severe acute respiratory syndrome coronavirus 2,7QKA,NSP Proteins
Severe acute respiratory syndrome coronavirus 2,7QL8,Protease
Severe acute respiratory syndrome coronavirus 2,7QL8,NSP Proteins
Severe acute respiratory syndrome coronavirus 2,7QNW,Spike Protein
Severe acute respiratory syndrome coronavirus 2,7QNX,Spike Protein
Severe acute respiratory syndrome coronavirus 2,7QNY,Spike Protein
Severe acute respiratory syndrome coronavirus 2,7QO7,Spike Protein
Severe acute respiratory syndrome coronavirus 2,7QO9,Spike Protein
Severe acute respiratory syndrome coronavirus 2,7QT5,Protease
Severe acute respiratory syndrome coronavirus 2,7QT5,NSP Proteins
Severe acute respiratory syndrome coronavirus 2,7QT6,Protease
Severe acute respiratory syndrome coronavirus 2,7QT6,NSP Proteins
Severe acute respiratory syndrome coronavirus 2,7QT7,Protease
Severe acute respiratory syndrome coronavirus 2,7QT7,NSP Proteins
Severe acute respiratory syndrome coronavirus 2,7QT8,Protease
Severe acute respiratory syndrome coronavirus 2,7QT8,NSP Proteins
Severe acute respiratory syndrome coronavirus 2,7QTI,Envelope Protein/Glycoprotein
Severe acute respiratory syndrome coronavirus 2,7QTI,Spike Protein
Severe acute respiratory syndrome coronavirus 2,7QTJ,Spike Protein
Severe acute respiratory syndrome coronavirus 2,7QTK,Spike Protein
Severe acute respiratory syndrome coronavirus 2,7QUR,Spike Protein
Severe acute respiratory syndrome coronavirus 2,7QUS,Spike Protein
Severe acute respiratory syndrome coronavirus 2,7R0Z,Spike Protein
Severe acute respiratory syndrome coronavirus 2,7R0Z,Protease
Severe acute respiratory syndrome coronavirus 2,7R10,Spike Protein
Severe acute respiratory syndrome coronavirus 2,7R10,Protease
Severe acute respiratory syndrome coronavirus 2,7R11,Spike Protein
Severe acute respiratory syndrome coronavirus 2,7R11,Protease
Severe acute respiratory syndrome coronavirus 2,7R12,Spike Protein
Severe acute respiratory syndrome coronavirus 2,7R12,Protease
Severe acute respiratory syndrome coronavirus 2,7R13,Spike Protein
Severe acute respiratory syndrome coronavirus 2,7R14,Spike Protein
Severe acute respiratory syndrome coronavirus 2,7R15,Spike Protein
Severe acute respiratory syndrome coronavirus 2,7R16,Spike Protein
Severe acute respiratory syndrome coronavirus 2,7R17,Spike Protein
Severe acute respiratory syndrome coronavirus 2,7R18,Spike Protein
Severe acute respiratory syndrome coronavirus 2,7R19,Spike Protein
Severe acute respiratory syndrome coronavirus 2,7R1A,Spike Protein
Severe acute respiratory syndrome coronavirus 2,7R1A,Protease
Severe acute respiratory syndrome coronavirus 2,7R1B,Spike Protein
Severe acute respiratory syndrome coronavirus 2,7R1T,NSP Proteins
Severe acute respiratory syndrome coronavirus 2,7R1U,NSP Proteins
Severe acute respiratory syndrome coronavirus 2,7R2V,NSP Proteins
Severe acute respiratory syndrome coronavirus 2,7R40,Spike Protein
Severe acute respiratory syndrome coronavirus 2,7R4I,Spike Protein
Severe acute respiratory syndrome coronavirus 2,7R4Q,Spike Protein
Severe acute respiratory syndrome coronavirus 2,7R4R,Spike Protein
Severe acute respiratory syndrome coronavirus 2,7R6W,Spike Protein
Severe acute respiratory syndrome coronavirus 2,7R6X,Spike Protein
Severe acute respiratory syndrome coronavirus 2,7R7H,Protease
Severe acute respiratory syndrome coronavirus 2,7R7H,NSP Proteins
Severe acute respiratory syndrome coronavirus 2,7R7N,Fusion Protein
Severe acute respiratory syndrome coronavirus 2,7R7N,Spike Protein
Severe acute respiratory syndrome coronavirus 2,7R8L,Spike Protein
Severe acute respiratory syndrome coronavirus 2,7R8M,Spike Protein
Severe acute respiratory syndrome coronavirus 2,7R8N,Spike Protein
Severe acute respiratory syndrome coronavirus 2,7R8O,Spike Protein
Severe acute respiratory syndrome coronavirus 2,7R95,Spike Protein
Severe acute respiratory syndrome coronavirus 2,7R98,Capsid Protein
Severe acute respiratory syndrome coronavirus 2,7R98,Nucleoprotein
Severe acute respiratory syndrome coronavirus 2,7R98,Nucleocapsid Protein
Severe acute respiratory syndrome coronavirus 2,7RA8,Spike Protein
Severe acute respiratory syndrome coronavirus 2,7RAL,Spike Protein
Severe acute respiratory syndrome coronavirus 2,7RAQ,Spike Protein
Severe acute respiratory syndrome coronavirus 2,7RB0,NSP Proteins
Severe acute respiratory syndrome coronavirus 2,7RB2,NSP Proteins
Severe acute respiratory syndrome coronavirus 2,7RBR,Protease
Severe acute respiratory syndrome coronavirus 2,7RBR,NSP Proteins
Severe acute respiratory syndrome coronavirus 2,7RBS,Protease
Severe acute respiratory syndrome coronavirus 2,7RBS,NSP Proteins
Severe acute respiratory syndrome coronavirus 2,7RBU,Spike Protein
Severe acute respiratory syndrome coronavirus 2,7RBV,Spike Protein
Severe acute respiratory syndrome coronavirus 2,7RBY,Spike Protein
Severe acute respiratory syndrome coronavirus 2,7RBZ,Protease
Severe acute respiratory syndrome coronavirus 2,7RBZ,NSP Proteins
Severe acute respiratory syndrome coronavirus 2,7RC0,Protease
Severe acute respiratory syndrome coronavirus 2,7RC0,NSP Proteins
Severe acute respiratory syndrome coronavirus 2,7RDX,Polymerase
Severe acute respiratory syndrome coronavirus 2,7RDX,Helicase
Severe acute respiratory syndrome coronavirus 2,7RDX,NSP Proteins
Severe acute respiratory syndrome coronavirus 2,7RDY,Polymerase
Severe acute respiratory syndrome coronavirus 2,7RDY,Helicase
Severe acute respiratory syndrome coronavirus 2,7RDY,NSP Proteins
Severe acute respiratory syndrome coronavirus 2,7RDZ,Polymerase
Severe acute respiratory syndrome coronavirus 2,7RDZ,Helicase
Severe acute respiratory syndrome coronavirus 2,7RDZ,NSP Proteins
Severe acute respiratory syndrome coronavirus 2,7RE0,Polymerase
Severe acute respiratory syndrome coronavirus 2,7RE0,Helicase
Severe acute respiratory syndrome coronavirus 2,7RE0,NSP Proteins
Severe acute respiratory syndrome coronavirus 2,7RE1,Polymerase
Severe acute respiratory syndrome coronavirus 2,7RE1,Helicase
Severe acute respiratory syndrome coronavirus 2,7RE1,NSP Proteins
Severe acute respiratory syndrome coronavirus 2,7RE2,Polymerase
Severe acute respiratory syndrome coronavirus 2,7RE2,Helicase
Severe acute respiratory syndrome coronavirus 2,7RE2,NSP Proteins
Severe acute respiratory syndrome coronavirus 2,7RE3,Polymerase
Severe acute respiratory syndrome coronavirus 2,7RE3,Helicase
Severe acute respiratory syndrome coronavirus 2,7RE3,NSP Proteins
Severe acute respiratory syndrome coronavirus 2,7RFR,Protease
Severe acute respiratory syndrome coronavirus 2,7RFR,NSP Proteins
Severe acute respiratory syndrome coronavirus 2,7RFS,Protease
Severe acute respiratory syndrome coronavirus 2,7RFS,NSP Proteins
Severe acute respiratory syndrome coronavirus 2,7RFU,Protease
Severe acute respiratory syndrome coronavirus 2,7RFU,NSP Proteins
Severe acute respiratory syndrome coronavirus 2,7RFW,Protease
Severe acute respiratory syndrome coronavirus 2,7RFW,NSP Proteins
Severe acute respiratory syndrome coronavirus 2,7RKU,Fusion Protein
Severe acute respiratory syndrome coronavirus 2,7RKU,Spike Protein
Severe acute respiratory syndrome coronavirus 2,7RKV,Spike Protein
Severe acute respiratory syndrome coronavirus 2,7RLS,Protease
Severe acute respiratory syndrome coronavirus 2,7RLS,NSP Proteins
Severe acute respiratory syndrome coronavirus 2,7RM2,Protease
Severe acute respiratory syndrome coronavirus 2,7RM2,NSP Proteins
Severe acute respiratory syndrome coronavirus 2,7RMB,Protease
Severe acute respiratory syndrome coronavirus 2,7RMB,NSP Proteins
Severe acute respiratory syndrome coronavirus 2,7RME,Protease
Severe acute respiratory syndrome coronavirus 2,7RME,NSP Proteins
Severe acute respiratory syndrome coronavirus 2,7RMT,Protease
Severe acute respiratory syndrome coronavirus 2,7RMT,NSP Proteins
Severe acute respiratory syndrome coronavirus 2,7RMZ,Protease
Severe acute respiratory syndrome coronavirus 2,7RMZ,NSP Proteins
Severe acute respiratory syndrome coronavirus 2,7RN0,Protease
Severe acute respiratory syndrome coronavirus 2,7RN0,NSP Proteins
Severe acute respiratory syndrome coronavirus 2,7RN1,Protease
Severe acute respiratory syndrome coronavirus 2,7RN1,NSP Proteins
Severe acute respiratory syndrome coronavirus 2,7RN4,Protease
Severe acute respiratory syndrome coronavirus 2,7RN4,NSP Proteins
Severe acute respiratory syndrome coronavirus 2,7RNH,Protease
Severe acute respiratory syndrome coronavirus 2,7RNH,NSP Proteins
Severe acute respiratory syndrome coronavirus 2,7RNJ,Spike Protein
Severe acute respiratory syndrome coronavirus 2,7RNK,Protease
Severe acute respiratory syndrome coronavirus 2,7RNK,NSP Proteins
Severe acute respiratory syndrome coronavirus 2,7RNW,Protease
Severe acute respiratory syndrome coronavirus 2,7RNW,NSP Proteins
Severe acute respiratory syndrome coronavirus 2,7RPV,Spike Protein
Severe acute respiratory syndrome coronavirus 2,7RQ6,Spike Protein
Severe acute respiratory syndrome coronavirus 2,7RQG,Protease
Severe acute respiratory syndrome coronavirus 2,7RQG,NSP Proteins
Severe acute respiratory syndrome coronavirus 2,7RR0,Spike Protein
Severe acute respiratory syndrome coronavirus 2,7RTD,Spike Protein
Severe acute respiratory syndrome coronavirus 2,7RTR,Spike Protein
Severe acute respiratory syndrome coronavirus 2,7RU1,Spike Protein
Severe acute respiratory syndrome coronavirus 2,7RU2,Spike Protein
Severe acute respiratory syndrome coronavirus 2,7RU3,Spike Protein
Severe acute respiratory syndrome coronavirus 2,7RU4,Spike Protein
Severe acute respiratory syndrome coronavirus 2,7RU5,Spike Protein
Severe acute respiratory syndrome coronavirus 2,7RU8,Spike Protein
Severe acute respiratory syndrome coronavirus 2,7RVM,Protease
Severe acute respiratory syndrome coronavirus 2,7RVN,Protease
Severe acute respiratory syndrome coronavirus 2,7RVO,Protease
Severe acute respiratory syndrome coronavirus 2,7RVP,Protease
Severe acute respiratory syndrome coronavirus 2,7RVQ,Protease
Severe acute respiratory syndrome coronavirus 2,7RVR,Protease
Severe acute respiratory syndrome coronavirus 2,7RVS,Protease
Severe acute respiratory syndrome coronavirus 2,7RVT,Protease
Severe acute respiratory syndrome coronavirus 2,7RVU,Protease
Severe acute respiratory syndrome coronavirus 2,7RVV,Protease
Severe acute respiratory syndrome coronavirus 2,7RVW,Protease
Severe acute respiratory syndrome coronavirus 2,7RVX,Protease
Severe acute respiratory syndrome coronavirus 2,7RVY,Protease
Severe acute respiratory syndrome coronavirus 2,7RVZ,Protease
Severe acute respiratory syndrome coronavirus 2,7RW0,Protease
Severe acute respiratory syndrome coronavirus 2,7RW1,Protease
Severe acute respiratory syndrome coronavirus 2,7RW2,Fusion Protein
Severe acute respiratory syndrome coronavirus 2,7RW2,Spike Protein
Severe acute respiratory syndrome coronavirus 2,7RXD,Spike Protein
Severe acute respiratory syndrome coronavirus 2,7RZC,Protease
Severe acute respiratory syndrome coronavirus 2,7RZC,NSP Proteins
Severe acute respiratory syndrome coronavirus 2,7RZQ,Spike Protein
Severe acute respiratory syndrome coronavirus 2,7RZR,Spike Protein
Severe acute respiratory syndrome coronavirus 2,7RZS,Spike Protein
Severe acute respiratory syndrome coronavirus 2,7RZT,Spike Protein
Severe acute respiratory syndrome coronavirus 2,7RZU,Spike Protein
Severe acute respiratory syndrome coronavirus 2,7RZV,Spike Protein
Severe acute respiratory syndrome coronavirus 2,7S0B,Spike Protein
Severe acute respiratory syndrome coronavirus 2,7S0C,Spike Protein
Severe acute respiratory syndrome coronavirus 2,7S0D,Spike Protein
Severe acute respiratory syndrome coronavirus 2,7S0E,Spike Protein
Severe acute respiratory syndrome coronavirus 2,7S3K,Protease
Severe acute respiratory syndrome coronavirus 2,7S3K,NSP Proteins
Severe acute respiratory syndrome coronavirus 2,7S3N,Spike Protein
Severe acute respiratory syndrome coronavirus 2,7S3S,Protease
Severe acute respiratory syndrome coronavirus 2,7S3S,NSP Proteins
Severe acute respiratory syndrome coronavirus 2,7S4B,Protease
Severe acute respiratory syndrome coronavirus 2,7S4B,NSP Proteins
Severe acute respiratory syndrome coronavirus 2,7S4S,Spike Protein
Severe acute respiratory syndrome coronavirus 2,7S5P,Spike Protein
Severe acute respiratory syndrome coronavirus 2,7S5Q,Spike Protein
Severe acute respiratory syndrome coronavirus 2,7S5R,Spike Protein
Severe acute respiratory syndrome coronavirus 2,7S6I,Spike Protein
Severe acute respiratory syndrome coronavirus 2,7S6J,Spike Protein
Severe acute respiratory syndrome coronavirus 2,7S6K,Spike Protein
Severe acute respiratory syndrome coronavirus 2,7S6L,Spike Protein
Severe acute respiratory syndrome coronavirus 2,7S6W,Protease
Severe acute respiratory syndrome coronavirus 2,7S6X,Protease
Severe acute respiratory syndrome coronavirus 2,7S6Y,Protease
Severe acute respiratory syndrome coronavirus 2,7S6Z,Protease
Severe acute respiratory syndrome coronavirus 2,7S70,Protease
Severe acute respiratory syndrome coronavirus 2,7S71,Protease
Severe acute respiratory syndrome coronavirus 2,7S72,Protease
Severe acute respiratory syndrome coronavirus 2,7S73,Protease
Severe acute respiratory syndrome coronavirus 2,7S74,Protease
Severe acute respiratory syndrome coronavirus 2,7S75,Protease
Severe acute respiratory syndrome coronavirus 2,7S82,Protease
Severe acute respiratory syndrome coronavirus 2,7S82,NSP Proteins
Severe acute respiratory syndrome coronavirus 2,7S83,Spike Protein
Severe acute respiratory syndrome coronavirus 2,7SA2,Spike Protein
Severe acute respiratory syndrome coronavirus 2,7SBK,Spike Protein
Severe acute respiratory syndrome coronavirus 2,7SBL,Spike Protein
Severe acute respiratory syndrome coronavirus 2,7SBO,Spike Protein
Severe acute respiratory syndrome coronavirus 2,7SBP,Spike Protein
Severe acute respiratory syndrome coronavirus 2,7SBQ,Spike Protein
Severe acute respiratory syndrome coronavirus 2,7SBR,Spike Protein
Severe acute respiratory syndrome coronavirus 2,7SBS,Spike Protein
Severe acute respiratory syndrome coronavirus 2,7SBT,Spike Protein
Severe acute respiratory syndrome coronavirus 2,7SBU,Spike Protein
Severe acute respiratory syndrome coronavirus 2,7SC1,Spike Protein
Severe acute respiratory syndrome coronavirus 2,7SD4,Capsid Protein
Severe acute respiratory syndrome coronavirus 2,7SD4,Nucleoprotein
Severe acute respiratory syndrome coronavirus 2,7SD4,Nucleocapsid Protein
Severe acute respiratory syndrome coronavirus 2,7SD5,Spike Protein
Severe acute respiratory syndrome coronavirus 2,7SD9,Protease
Severe acute respiratory syndrome coronavirus 2,7SDA,Protease
Severe acute respiratory syndrome coronavirus 2,7SDC,Protease
Severe acute respiratory syndrome coronavirus 2,7SDR,Protease
Severe acute respiratory syndrome coronavirus 2,7SDR,NSP Proteins
Severe acute respiratory syndrome coronavirus 2,7SET,Accessory Proteins
Severe acute respiratory syndrome coronavirus 2,7SET,Protease
Severe acute respiratory syndrome coronavirus 2,7SET,NSP Proteins
Severe acute respiratory syndrome coronavirus 2,7SF1,Accessory Proteins
Severe acute respiratory syndrome coronavirus 2,7SF1,Protease
Severe acute respiratory syndrome coronavirus 2,7SF1,NSP Proteins
Severe acute respiratory syndrome coronavirus 2,7SF3,Accessory Proteins
Severe acute respiratory syndrome coronavirus 2,7SF3,Protease
Severe acute respiratory syndrome coronavirus 2,7SF3,NSP Proteins
Severe acute respiratory syndrome coronavirus 2,7SFB,Protease
Severe acute respiratory syndrome coronavirus 2,7SFB,NSP Proteins
Severe acute respiratory syndrome coronavirus 2,7SFH,Protease
Severe acute respiratory syndrome coronavirus 2,7SFH,NSP Proteins
Severe acute respiratory syndrome coronavirus 2,7SFI,Protease
Severe acute respiratory syndrome coronavirus 2,7SFI,NSP Proteins
Severe acute respiratory syndrome coronavirus 2,7SGH,Protease
Severe acute respiratory syndrome coronavirus 2,7SGH,NSP Proteins
Severe acute respiratory syndrome coronavirus 2,7SGU,Protease
Severe acute respiratory syndrome coronavirus 2,7SGU,NSP Proteins
Severe acute respiratory syndrome coronavirus 2,7SGV,Protease
Severe acute respiratory syndrome coronavirus 2,7SGV,NSP Proteins
Severe acute respiratory syndrome coronavirus 2,7SGW,Protease
Severe acute respiratory syndrome coronavirus 2,7SGW,NSP Proteins
Severe acute respiratory syndrome coronavirus 2,7SH7,Protease
Severe acute respiratory syndrome coronavirus 2,7SH7,NSP Proteins
Severe acute respiratory syndrome coronavirus 2,7SH8,Protease
Severe acute respiratory syndrome coronavirus 2,7SH8,NSP Proteins
Severe acute respiratory syndrome coronavirus 2,7SH9,Protease
Severe acute respiratory syndrome coronavirus 2,7SH9,NSP Proteins
Severe acute respiratory syndrome coronavirus 2,7SHB,Protease
Severe acute respiratory syndrome coronavirus 2,7SHB,NSP Proteins
Severe acute respiratory syndrome coronavirus 2,7SI2,Spike Protein
Severe acute respiratory syndrome coronavirus 2,7SI9,Protease
Severe acute respiratory syndrome coronavirus 2,7SI9,NSP Proteins
Severe acute respiratory syndrome coronavirus 2,7SIS,Spike Protein
Severe acute respiratory syndrome coronavirus 2,7SJ0,Spike Protein
Severe acute respiratory syndrome coronavirus 2,7SJS,Spike Protein
Severe acute respiratory syndrome coronavirus 2,7SKZ,Spike Protein
Severe acute respiratory syndrome coronavirus 2,7SL5,Spike Protein
Severe acute respiratory syndrome coronavirus 2,7SN0,Spike Protein
Severe acute respiratory syndrome coronavirus 2,7SN0,Protease
Severe acute respiratory syndrome coronavirus 2,7SN2,Spike Protein
Severe acute respiratory syndrome coronavirus 2,7SN2,Protease
Severe acute respiratory syndrome coronavirus 2,7SN3,Spike Protein
Severe acute respiratory syndrome coronavirus 2,7SN3,Protease
Severe acute respiratory syndrome coronavirus 2,7SO9,Spike Protein
Severe acute respiratory syndrome coronavirus 2,7SOA,Spike Protein
Severe acute respiratory syndrome coronavirus 2,7SOB,Spike Protein
Severe acute respiratory syndrome coronavirus 2,7SOC,Spike Protein
Severe acute respiratory syndrome coronavirus 2,7SOD,Spike Protein
Severe acute respiratory syndrome coronavirus 2,7SOE,Spike Protein
Severe acute respiratory syndrome coronavirus 2,7SOF,Spike Protein
Severe acute respiratory syndrome coronavirus 2,7SPO,Spike Protein
Severe acute respiratory syndrome coronavirus 2,7SPP,Spike Protein
Severe acute respiratory syndrome coronavirus 2,7SQE,Protease
Severe acute respiratory syndrome coronavirus 2,7SQE,NSP Proteins
Severe acute respiratory syndrome coronavirus 2,7STR,Capsid Protein
Severe acute respiratory syndrome coronavirus 2,7STR,Nucleoprotein
Severe acute respiratory syndrome coronavirus 2,7STR,Nucleocapsid Protein
Severe acute respiratory syndrome coronavirus 2,7STS,Capsid Protein
Severe acute respiratory syndrome coronavirus 2,7STS,Nucleoprotein
Severe acute respiratory syndrome coronavirus 2,7STS,Nucleocapsid Protein
Severe acute respiratory syndrome coronavirus 2,7SUE,Capsid Protein
Severe acute respiratory syndrome coronavirus 2,7SUE,Nucleoprotein
Severe acute respiratory syndrome coronavirus 2,7SUE,Nucleocapsid Protein
Severe acute respiratory syndrome coronavirus 2,7SUO,Capsid Protein
Severe acute respiratory syndrome coronavirus 2,7SUO,Nucleoprotein
Severe acute respiratory syndrome coronavirus 2,7SUO,Helicase
Severe acute respiratory syndrome coronavirus 2,7SUO,Nucleocapsid Protein
Severe acute respiratory syndrome coronavirus 2,7SWN,Spike Protein
Severe acute respiratory syndrome coronavirus 2,7SWO,Spike Protein
Severe acute respiratory syndrome coronavirus 2,7SWP,Spike Protein
Severe acute respiratory syndrome coronavirus 2,7SWW,Spike Protein
Severe acute respiratory syndrome coronavirus 2,7SWX,Spike Protein
Severe acute respiratory syndrome coronavirus 2,7SXR,Fusion Protein
Severe acute respiratory syndrome coronavirus 2,7SXR,Spike Protein
Severe acute respiratory syndrome coronavirus 2,7SXS,Fusion Protein
Severe acute respiratory syndrome coronavirus 2,7SXS,Spike Protein
Severe acute respiratory syndrome coronavirus 2,7SXT,Fusion Protein
Severe acute respiratory syndrome coronavirus 2,7SXT,Spike Protein
Severe acute respiratory syndrome coronavirus 2,7SXU,Fusion Protein
Severe acute respiratory syndrome coronavirus 2,7SXU,Spike Protein
Severe acute respiratory syndrome coronavirus 2,7SXV,Fusion Protein
Severe acute respiratory syndrome coronavirus 2,7SXV,Spike Protein
Severe acute respiratory syndrome coronavirus 2,7SXW,Fusion Protein
Severe acute respiratory syndrome coronavirus 2,7SXW,Spike Protein
Severe acute respiratory syndrome coronavirus 2,7SXX,Fusion Protein
Severe acute respiratory syndrome coronavirus 2,7SXX,Spike Protein
Severe acute respiratory syndrome coronavirus 2,7SXY,Fusion Protein
Severe acute respiratory syndrome coronavirus 2,7SXY,Spike Protein
Severe acute respiratory syndrome coronavirus 2,7SXZ,Fusion Protein
Severe acute respiratory syndrome coronavirus 2,7SXZ,Spike Protein
Severe acute respiratory syndrome coronavirus 2,7SY0,Fusion Protein
Severe acute respiratory syndrome coronavirus 2,7SY0,Spike Protein
Severe acute respiratory syndrome coronavirus 2,7SY1,Fusion Protein
Severe acute respiratory syndrome coronavirus 2,7SY1,Spike Protein
Severe acute respiratory syndrome coronavirus 2,7SY2,Fusion Protein
Severe acute respiratory syndrome coronavirus 2,7SY2,Spike Protein
Severe acute respiratory syndrome coronavirus 2,7SY3,Fusion Protein
Severe acute respiratory syndrome coronavirus 2,7SY3,Spike Protein
Severe acute respiratory syndrome coronavirus 2,7SY4,Fusion Protein
Severe acute respiratory syndrome coronavirus 2,7SY4,Spike Protein
Severe acute respiratory syndrome coronavirus 2,7SY5,Fusion Protein
Severe acute respiratory syndrome coronavirus 2,7SY5,Spike Protein
Severe acute respiratory syndrome coronavirus 2,7SY6,Fusion Protein
Severe acute respiratory syndrome coronavirus 2,7SY6,Spike Protein
Severe acute respiratory syndrome coronavirus 2,7SY7,Fusion Protein
Severe acute respiratory syndrome coronavirus 2,7SY7,Spike Protein
Severe acute respiratory syndrome coronavirus 2,7SY8,Fusion Protein
Severe acute respiratory syndrome coronavirus 2,7SY8,Spike Protein
Severe acute respiratory syndrome coronavirus 2,7T01,Spike Protein
Severe acute respiratory syndrome coronavirus 2,7T2T,Protease
Severe acute respiratory syndrome coronavirus 2,7T2U,Protease
Severe acute respiratory syndrome coronavirus 2,7T2V,Protease
Severe acute respiratory syndrome coronavirus 2,7T3M,Spike Protein
Severe acute respiratory syndrome coronavirus 2,7T42,Protease
Severe acute respiratory syndrome coronavirus 2,7T42,NSP Proteins
Severe acute respiratory syndrome coronavirus 2,7T43,Protease
Severe acute respiratory syndrome coronavirus 2,7T43,NSP Proteins
Severe acute respiratory syndrome coronavirus 2,7T44,Protease
Severe acute respiratory syndrome coronavirus 2,7T44,NSP Proteins
Severe acute respiratory syndrome coronavirus 2,7T45,Protease
Severe acute respiratory syndrome coronavirus 2,7T45,NSP Proteins
Severe acute respiratory syndrome coronavirus 2,7T46,Protease
Severe acute respiratory syndrome coronavirus 2,7T46,NSP Proteins
Severe acute respiratory syndrome coronavirus 2,7T48,Protease
Severe acute respiratory syndrome coronavirus 2,7T48,NSP Proteins
Severe acute respiratory syndrome coronavirus 2,7T49,Protease
Severe acute respiratory syndrome coronavirus 2,7T49,NSP Proteins
Severe acute respiratory syndrome coronavirus 2,7T4A,Protease
Severe acute respiratory syndrome coronavirus 2,7T4A,NSP Proteins
Severe acute respiratory syndrome coronavirus 2,7T4B,Protease
Severe acute respiratory syndrome coronavirus 2,7T4B,NSP Proteins
Severe acute respiratory syndrome coronavirus 2,7T67,Spike Protein
Severe acute respiratory syndrome coronavirus 2,7T70,Protease
Severe acute respiratory syndrome coronavirus 2,7T70,NSP Proteins
Severe acute respiratory syndrome coronavirus 2,7T72,Spike Protein
Severe acute respiratory syndrome coronavirus 2,7T7B,Spike Protein
Severe acute respiratory syndrome coronavirus 2,7T8M,Protease
Severe acute respiratory syndrome coronavirus 2,7T8M,NSP Proteins
Severe acute respiratory syndrome coronavirus 2,7T8R,Protease
Severe acute respiratory syndrome coronavirus 2,7T8R,NSP Proteins
Severe acute respiratory syndrome coronavirus 2,7T9J,Fusion Protein
Severe acute respiratory syndrome coronavirus 2,7T9J,Spike Protein
Severe acute respiratory syndrome coronavirus 2,7T9K,Fusion Protein
Severe acute respiratory syndrome coronavirus 2,7T9K,Spike Protein
Severe acute respiratory syndrome coronavirus 2,7T9L,Fusion Protein
Severe acute respiratory syndrome coronavirus 2,7T9L,Spike Protein
Severe acute respiratory syndrome coronavirus 2,7T9W,Protease
Severe acute respiratory syndrome coronavirus 2,7T9W,NSP Proteins
Severe acute respiratory syndrome coronavirus 2,7T9Y,Protease
Severe acute respiratory syndrome coronavirus 2,7T9Y,NSP Proteins
Severe acute respiratory syndrome coronavirus 2,7TA4,Protease
Severe acute respiratory syndrome coronavirus 2,7TA4,NSP Proteins
Severe acute respiratory syndrome coronavirus 2,7TA7,Protease
Severe acute respiratory syndrome coronavirus 2,7TA7,NSP Proteins
Severe acute respiratory syndrome coronavirus 2,7TAS,Fusion Protein
Severe acute respiratory syndrome coronavirus 2,7TAS,Spike Protein
Severe acute respiratory syndrome coronavirus 2,7TAT,Fusion Protein
Severe acute respiratory syndrome coronavirus 2,7TAT,Spike Protein
Severe acute respiratory syndrome coronavirus 2,7TB2,Protease
Severe acute respiratory syndrome coronavirus 2,7TB2,NSP Proteins
Severe acute respiratory syndrome coronavirus 2,7TB4,Spike Protein
Severe acute respiratory syndrome coronavirus 2,7TB8,Spike Protein
Severe acute respiratory syndrome coronavirus 2,7TBF,Spike Protein
Severe acute respiratory syndrome coronavirus 2,7TBT,Protease
Severe acute respiratory syndrome coronavirus 2,7TBT,NSP Proteins
Severe acute respiratory syndrome coronavirus 2,7TC4,Protease
Severe acute respiratory syndrome coronavirus 2,7TC4,NSP Proteins
Severe acute respiratory syndrome coronavirus 2,7TCA,Spike Protein
Severe acute respiratory syndrome coronavirus 2,7TCC,Spike Protein
Severe acute respiratory syndrome coronavirus 2,7TCQ,Spike Protein
Severe acute respiratory syndrome coronavirus 2,7TDU,Protease
Severe acute respiratory syndrome coronavirus 2,7TE0,Protease
Severe acute respiratory syndrome coronavirus 2,7TEH,Protease
Severe acute respiratory syndrome coronavirus 2,7TEI,Spike Protein
Severe acute respiratory syndrome coronavirus 2,7TEK,Protease
Severe acute respiratory syndrome coronavirus 2,7TEL,Protease
Severe acute respiratory syndrome coronavirus 2,7TEW,Fusion Protein
Severe acute respiratory syndrome coronavirus 2,7TEW,Spike Protein
Severe acute respiratory syndrome coronavirus 2,7TEX,Fusion Protein
Severe acute respiratory syndrome coronavirus 2,7TEX,Spike Protein
Severe acute respiratory syndrome coronavirus 2,7TEY,Fusion Protein
Severe acute respiratory syndrome coronavirus 2,7TEY,Spike Protein
Severe acute respiratory syndrome coronavirus 2,7TEZ,Fusion Protein
Severe acute respiratory syndrome coronavirus 2,7TEZ,Spike Protein
Severe acute respiratory syndrome coronavirus 2,7TF0,Fusion Protein
Severe acute respiratory syndrome coronavirus 2,7TF0,Spike Protein
Severe acute respiratory syndrome coronavirus 2,7TF1,Fusion Protein
Severe acute respiratory syndrome coronavirus 2,7TF1,Spike Protein
Severe acute respiratory syndrome coronavirus 2,7TF2,Fusion Protein
Severe acute respiratory syndrome coronavirus 2,7TF2,Spike Protein
Severe acute respiratory syndrome coronavirus 2,7TF3,Fusion Protein
Severe acute respiratory syndrome coronavirus 2,7TF3,Spike Protein
Severe acute respiratory syndrome coronavirus 2,7TF4,Fusion Protein
Severe acute respiratory syndrome coronavirus 2,7TF4,Spike Protein
Severe acute respiratory syndrome coronavirus 2,7TF5,Fusion Protein
Severe acute respiratory syndrome coronavirus 2,7TF5,Spike Protein
Severe acute respiratory syndrome coronavirus 2,7TF8,Spike Protein
Severe acute respiratory syndrome coronavirus 2,7TFR,Protease
Severe acute respiratory syndrome coronavirus 2,7TGE,Spike Protein
Severe acute respiratory syndrome coronavirus 2,7TGR,Protease
Severe acute respiratory syndrome coronavirus 2,7TGR,NSP Proteins
Severe acute respiratory syndrome coronavirus 2,7TGW,Spike Protein
Severe acute respiratory syndrome coronavirus 2,7TGX,Spike Protein
Severe acute respiratory syndrome coronavirus 2,7TGY,Spike Protein
Severe acute respiratory syndrome coronavirus 2,7THE,Spike Protein
Severe acute respiratory syndrome coronavirus 2,7THH,Protease
Severe acute respiratory syndrome coronavirus 2,7THH,NSP Proteins
Severe acute respiratory syndrome coronavirus 2,7THK,Fusion Protein
Severe acute respiratory syndrome coronavirus 2,7THK,Spike Protein
Severe acute respiratory syndrome coronavirus 2,7THM,Polymerase
Severe acute respiratory syndrome coronavirus 2,7THM,NSP Proteins
Severe acute respiratory syndrome coronavirus 2,7THT,Spike Protein
Severe acute respiratory syndrome coronavirus 2,7TI9,Protease
Severe acute respiratory syndrome coronavirus 2,7TI9,NSP Proteins
Severe acute respiratory syndrome coronavirus 2,7TIA,Protease
Severe acute respiratory syndrome coronavirus 2,7TIA,NSP Proteins
Severe acute respiratory syndrome coronavirus 2,7TIK,Spike Protein
Severe acute respiratory syndrome coronavirus 2,7TIU,Protease
Severe acute respiratory syndrome coronavirus 2,7TIU,NSP Proteins
Severe acute respiratory syndrome coronavirus 2,7TIV,Protease
Severe acute respiratory syndrome coronavirus 2,7TIV,NSP Proteins
Severe acute respiratory syndrome coronavirus 2,7TIW,Protease
Severe acute respiratory syndrome coronavirus 2,7TIW,NSP Proteins
Severe acute respiratory syndrome coronavirus 2,7TIX,Protease
Severe acute respiratory syndrome coronavirus 2,7TIX,NSP Proteins
Severe acute respiratory syndrome coronavirus 2,7TIY,Protease
Severe acute respiratory syndrome coronavirus 2,7TIY,NSP Proteins
Severe acute respiratory syndrome coronavirus 2,7TIZ,Protease
Severe acute respiratory syndrome coronavirus 2,7TIZ,NSP Proteins
Severe acute respiratory syndrome coronavirus 2,7TJ0,Protease
Severe acute respiratory syndrome coronavirus 2,7TJ0,NSP Proteins
Severe acute respiratory syndrome coronavirus 2,7TJ2,NSP Proteins
Severe acute respiratory syndrome coronavirus 2,7TL1,Spike Protein
Severe acute respiratory syndrome coronavirus 2,7TL9,Spike Protein
Severe acute respiratory syndrome coronavirus 2,7TLA,Fusion Protein
Severe acute respiratory syndrome coronavirus 2,7TLA,Spike Protein
Severe acute respiratory syndrome coronavirus 2,7TLB,Fusion Protein
Severe acute respiratory syndrome coronavirus 2,7TLB,Spike Protein
Severe acute respiratory syndrome coronavirus 2,7TLC,Fusion Protein
Severe acute respiratory syndrome coronavirus 2,7TLC,Spike Protein
Severe acute respiratory syndrome coronavirus 2,7TLD,Fusion Protein
Severe acute respiratory syndrome coronavirus 2,7TLD,Spike Protein
Severe acute respiratory syndrome coronavirus 2,7TLL,Protease
Severe acute respiratory syndrome coronavirus 2,7TLL,NSP Proteins
Severe acute respiratory syndrome coronavirus 2,7TLT,Spike Protein
Severe acute respiratory syndrome coronavirus 2,7TLY,Spike Protein
Severe acute respiratory syndrome coronavirus 2,7TM0,Spike Protein
Severe acute respiratory syndrome coronavirus 2,7TN0,Spike Protein
Severe acute respiratory syndrome coronavirus 2,7TNW,Spike Protein
Severe acute respiratory syndrome coronavirus 2,7TO4,Spike Protein
Severe acute respiratory syndrome coronavirus 2,7TOB,Protease
Severe acute respiratory syndrome coronavirus 2,7TOB,NSP Proteins
Severe acute respiratory syndrome coronavirus 2,7TOU,Spike Protein
Severe acute respiratory syndrome coronavirus 2,7TOV,Spike Protein
Severe acute respiratory syndrome coronavirus 2,7TOW,Spike Protein
Severe acute respiratory syndrome coronavirus 2,7TOX,Spike Protein
Severe acute respiratory syndrome coronavirus 2,7TOY,Spike Protein
Severe acute respiratory syndrome coronavirus 2,7TOZ,Spike Protein
Severe acute respiratory syndrome coronavirus 2,7TP0,Spike Protein
Severe acute respiratory syndrome coronavirus 2,7TP1,Spike Protein
Severe acute respiratory syndrome coronavirus 2,7TP2,Spike Protein
Severe acute respiratory syndrome coronavirus 2,7TP3,Spike Protein
Severe acute respiratory syndrome coronavirus 2,7TP4,Spike Protein
Severe acute respiratory syndrome coronavirus 2,7TP7,Spike Protein
Severe acute respiratory syndrome coronavirus 2,7TP8,Spike Protein
Severe acute respiratory syndrome coronavirus 2,7TP9,Spike Protein
Severe acute respiratory syndrome coronavirus 2,7TPA,Spike Protein
Severe acute respiratory syndrome coronavirus 2,7TPC,Spike Protein
Severe acute respiratory syndrome coronavirus 2,7TPE,Spike Protein
Severe acute respiratory syndrome coronavirus 2,7TPF,Spike Protein
Severe acute respiratory syndrome coronavirus 2,7TPH,Spike Protein
Severe acute respiratory syndrome coronavirus 2,7TPI,Spike Protein
Severe acute respiratory syndrome coronavirus 2,7TPK,Spike Protein
Severe acute respiratory syndrome coronavirus 2,7TPL,Spike Protein
Severe acute respiratory syndrome coronavirus 2,7TPR,Spike Protein
Severe acute respiratory syndrome coronavirus 2,7TQ2,Protease
Severe acute respiratory syndrome coronavirus 2,7TQ2,NSP Proteins
Severe acute respiratory syndrome coronavirus 2,7TQ3,Protease
Severe acute respiratory syndrome coronavirus 2,7TQ3,NSP Proteins
Severe acute respiratory syndrome coronavirus 2,7TQ4,Protease
Severe acute respiratory syndrome coronavirus 2,7TQ4,NSP Proteins
Severe acute respiratory syndrome coronavirus 2,7TQ5,Protease
Severe acute respiratory syndrome coronavirus 2,7TQ5,NSP Proteins
Severe acute respiratory syndrome coronavirus 2,7TQ6,Protease
Severe acute respiratory syndrome coronavirus 2,7TQ6,NSP Proteins
Severe acute respiratory syndrome coronavirus 2,7TQV,NSP Proteins
Severe acute respiratory syndrome coronavirus 2,7TUQ,Envelope Protein/Glycoprotein
Severe acute respiratory syndrome coronavirus 2,7TUU,Protease
Severe acute respiratory syndrome coronavirus 2,7TUU,NSP Proteins
Severe acute respiratory syndrome coronavirus 2,7TV0,Envelope Protein/Glycoprotein
Severe acute respiratory syndrome coronavirus 2,7TVX,Protease
Severe acute respiratory syndrome coronavirus 2,7TVX,NSP Proteins
Severe acute respiratory syndrome coronavirus 2,7TW7,Fusion Protein
Severe acute respiratory syndrome coronavirus 2,7TW7,NSP Proteins
Severe acute respiratory syndrome coronavirus 2,7TW8,Fusion Protein
Severe acute respiratory syndrome coronavirus 2,7TW8,NSP Proteins
Severe acute respiratory syndrome coronavirus 2,7TW9,Fusion Protein
Severe acute respiratory syndrome coronavirus 2,7TW9,NSP Proteins
Severe acute respiratory syndrome coronavirus 2,7TWF,Protease
Severe acute respiratory syndrome coronavirus 2,7TWF,NSP Proteins
Severe acute respiratory syndrome coronavirus 2,7TWG,Protease
Severe acute respiratory syndrome coronavirus 2,7TWG,NSP Proteins
Severe acute respiratory syndrome coronavirus 2,7TWH,Protease
Severe acute respiratory syndrome coronavirus 2,7TWH,NSP Proteins
Severe acute respiratory syndrome coronavirus 2,7TWI,Protease
Severe acute respiratory syndrome coronavirus 2,7TWI,NSP Proteins
Severe acute respiratory syndrome coronavirus 2,7TWJ,Protease
Severe acute respiratory syndrome coronavirus 2,7TWJ,NSP Proteins
Severe acute respiratory syndrome coronavirus 2,7TWN,Protease
Severe acute respiratory syndrome coronavirus 2,7TWN,NSP Proteins
Severe acute respiratory syndrome coronavirus 2,7TWO,Protease
Severe acute respiratory syndrome coronavirus 2,7TWO,NSP Proteins
Severe acute respiratory syndrome coronavirus 2,7TWP,Protease
Severe acute respiratory syndrome coronavirus 2,7TWP,NSP Proteins
Severe acute respiratory syndrome coronavirus 2,7TWQ,Protease
Severe acute respiratory syndrome coronavirus 2,7TWQ,NSP Proteins
Severe acute respiratory syndrome coronavirus 2,7TWR,Protease
Severe acute respiratory syndrome coronavirus 2,7TWR,NSP Proteins
Severe acute respiratory syndrome coronavirus 2,7TWS,Protease
Severe acute respiratory syndrome coronavirus 2,7TWS,NSP Proteins
Severe acute respiratory syndrome coronavirus 2,7TWT,Protease
Severe acute respiratory syndrome coronavirus 2,7TWT,NSP Proteins
Severe acute respiratory syndrome coronavirus 2,7TWV,Protease
Severe acute respiratory syndrome coronavirus 2,7TWV,NSP Proteins
Severe acute respiratory syndrome coronavirus 2,7TWW,Protease
Severe acute respiratory syndrome coronavirus 2,7TWW,NSP Proteins
Severe acute respiratory syndrome coronavirus 2,7TWX,Protease
Severe acute respiratory syndrome coronavirus 2,7TWX,NSP Proteins
Severe acute respiratory syndrome coronavirus 2,7TWY,Protease
Severe acute respiratory syndrome coronavirus 2,7TWY,NSP Proteins
Severe acute respiratory syndrome coronavirus 2,7TX0,Protease
Severe acute respiratory syndrome coronavirus 2,7TX0,NSP Proteins
Severe acute respiratory syndrome coronavirus 2,7TX1,Protease
Severe acute respiratory syndrome coronavirus 2,7TX1,NSP Proteins
Severe acute respiratory syndrome coronavirus 2,7TX3,Protease
Severe acute respiratory syndrome coronavirus 2,7TX3,NSP Proteins
Severe acute respiratory syndrome coronavirus 2,7TX4,Protease
Severe acute respiratory syndrome coronavirus 2,7TX4,NSP Proteins
Severe acute respiratory syndrome coronavirus 2,7TX5,Protease
Severe acute respiratory syndrome coronavirus 2,7TX5,NSP Proteins
Severe acute respiratory syndrome coronavirus 2,7TYZ,Spike Protein
Severe acute respiratory syndrome coronavirus 2,7TZ0,Spike Protein
Severe acute respiratory syndrome coronavirus 2,7TZJ,Protease
Severe acute respiratory syndrome coronavirus 2,7TZJ,NSP Proteins
Severe acute respiratory syndrome coronavirus 2,7U09,Spike Protein
Severe acute respiratory syndrome coronavirus 2,7U0A,Spike Protein
Severe acute respiratory syndrome coronavirus 2,7U0E,Spike Protein
Severe acute respiratory syndrome coronavirus 2,7U0N,Spike Protein
Severe acute respiratory syndrome coronavirus 2,7U0N,Protease
Severe acute respiratory syndrome coronavirus 2,7U0P,Spike Protein
Severe acute respiratory syndrome coronavirus 2,7U0Q,Spike Protein
Severe acute respiratory syndrome coronavirus 2,7U0X,Spike Protein
Severe acute respiratory syndrome coronavirus 2,7U1R,Spike Protein
Severe acute respiratory syndrome coronavirus 2,7U28,Protease
Severe acute respiratory syndrome coronavirus 2,7U28,NSP Proteins
Severe acute respiratory syndrome coronavirus 2,7U29,Protease
Severe acute respiratory syndrome coronavirus 2,7U29,NSP Proteins
Severe acute respiratory syndrome coronavirus 2,7U2D,Spike Protein
Severe acute respiratory syndrome coronavirus 2,7U2E,Spike Protein
Severe acute respiratory syndrome coronavirus 2,7U8E,Spike Protein
Severe acute respiratory syndrome coronavirus 2,7U92,Accessory Proteins
Severe acute respiratory syndrome coronavirus 2,7U92,Protease
Severe acute respiratory syndrome coronavirus 2,7U92,NSP Proteins
Severe acute respiratory syndrome coronavirus 2,7U9O,Spike Protein
Severe acute respiratory syndrome coronavirus 2,7U9P,Spike Protein
Severe acute respiratory syndrome coronavirus 2,7UAP,Spike Protein
Severe acute respiratory syndrome coronavirus 2,7UAQ,Spike Protein
Severe acute respiratory syndrome coronavirus 2,7UAR,Spike Protein
Severe acute respiratory syndrome coronavirus 2,7UB0,Spike Protein
Severe acute respiratory syndrome coronavirus 2,7UB5,Spike Protein
Severe acute respiratory syndrome coronavirus 2,7UB6,Spike Protein
Severe acute respiratory syndrome coronavirus 2,7UFK,Spike Protein
Severe acute respiratory syndrome coronavirus 2,7UFK,Protease
Severe acute respiratory syndrome coronavirus 2,7UFL,Spike Protein
Severe acute respiratory syndrome coronavirus 2,7UHC,Fusion Protein
Severe acute respiratory syndrome coronavirus 2,7UHC,Spike Protein
Severe acute respiratory syndrome coronavirus 2,7UJ9,Protease
Severe acute respiratory syndrome coronavirus 2,7UJ9,NSP Proteins
Severe acute respiratory syndrome coronavirus 2,7UJG,Protease
Severe acute respiratory syndrome coronavirus 2,7UJG,NSP Proteins
Severe acute respiratory syndrome coronavirus 2,7UJU,Protease
Severe acute respiratory syndrome coronavirus 2,7UJU,NSP Proteins
Severe acute respiratory syndrome coronavirus 2,7UKK,Protease
Severe acute respiratory syndrome coronavirus 2,7UKK,NSP Proteins
Severe acute respiratory syndrome coronavirus 2,7UKL,Fusion Protein
Severe acute respiratory syndrome coronavirus 2,7UKL,Spike Protein
Severe acute respiratory syndrome coronavirus 2,7UKM,Fusion Protein
Severe acute respiratory syndrome coronavirus 2,7UKM,Spike Protein
Severe acute respiratory syndrome coronavirus 2,7UL0,Spike Protein
Severe acute respiratory syndrome coronavirus 2,7ULT,NSP Proteins
Severe acute respiratory syndrome coronavirus 2,7UM2,Spike Protein
Severe acute respiratory syndrome coronavirus 2,7UO4,Polymerase
Severe acute respiratory syndrome coronavirus 2,7UO4,NSP Proteins
Severe acute respiratory syndrome coronavirus 2,7UO7,Polymerase
Severe acute respiratory syndrome coronavirus 2,7UO7,NSP Proteins
Severe acute respiratory syndrome coronavirus 2,7UO9,Polymerase
Severe acute respiratory syndrome coronavirus 2,7UO9,NSP Proteins
Severe acute respiratory syndrome coronavirus 2,7UOB,Polymerase
Severe acute respiratory syndrome coronavirus 2,7UOB,NSP Proteins
Severe acute respiratory syndrome coronavirus 2,7UOE,Polymerase
Severe acute respiratory syndrome coronavirus 2,7UOE,NSP Proteins
Severe acute respiratory syndrome coronavirus 2,7UPL,Spike Protein
Severe acute respiratory syndrome coronavirus 2,7UR1,Spike Protein
Severe acute respiratory syndrome coronavirus 2,7UR9,Protease
Severe acute respiratory syndrome coronavirus 2,7UR9,NSP Proteins
Severe acute respiratory syndrome coronavirus 2,7URB,Protease
Severe acute respiratory syndrome coronavirus 2,7URB,NSP Proteins
Severe acute respiratory syndrome coronavirus 2,7URQ,Spike Protein
Severe acute respiratory syndrome coronavirus 2,7URS,Spike Protein
Severe acute respiratory syndrome coronavirus 2,7US4,Protease
Severe acute respiratory syndrome coronavirus 2,7US4,NSP Proteins
Severe acute respiratory syndrome coronavirus 2,7UU6,Protease
Severe acute respiratory syndrome coronavirus 2,7UU6,NSP Proteins
Severe acute respiratory syndrome coronavirus 2,7UU7,Protease
Severe acute respiratory syndrome coronavirus 2,7UU7,NSP Proteins
Severe acute respiratory syndrome coronavirus 2,7UU8,Protease
Severe acute respiratory syndrome coronavirus 2,7UU8,NSP Proteins
Severe acute respiratory syndrome coronavirus 2,7UU9,Protease
Severe acute respiratory syndrome coronavirus 2,7UU9,NSP Proteins
Severe acute respiratory syndrome coronavirus 2,7UUA,Protease
Severe acute respiratory syndrome coronavirus 2,7UUA,NSP Proteins
Severe acute respiratory syndrome coronavirus 2,7UUB,Protease
Severe acute respiratory syndrome coronavirus 2,7UUB,NSP Proteins
Severe acute respiratory syndrome coronavirus 2,7UUC,Protease
Severe acute respiratory syndrome coronavirus 2,7UUC,NSP Proteins
Severe acute respiratory syndrome coronavirus 2,7UUD,Protease
Severe acute respiratory syndrome coronavirus 2,7UUD,NSP Proteins
Severe acute respiratory syndrome coronavirus 2,7UUE,Protease
Severe acute respiratory syndrome coronavirus 2,7UUE,NSP Proteins
Severe acute respiratory syndrome coronavirus 2,7UUG,Accessory Proteins
Severe acute respiratory syndrome coronavirus 2,7UUG,Protease
Severe acute respiratory syndrome coronavirus 2,7UUG,NSP Proteins
Severe acute respiratory syndrome coronavirus 2,7UUP,Accessory Proteins
Severe acute respiratory syndrome coronavirus 2,7UUP,Protease
Severe acute respiratory syndrome coronavirus 2,7UUP,NSP Proteins
Severe acute respiratory syndrome coronavirus 2,7UV5,Protease
Severe acute respiratory syndrome coronavirus 2,7UV5,NSP Proteins
Severe acute respiratory syndrome coronavirus 2,7UXX,Capsid Protein
Severe acute respiratory syndrome coronavirus 2,7UXX,Nucleoprotein
Severe acute respiratory syndrome coronavirus 2,7UXX,Nucleocapsid Protein
Severe acute respiratory syndrome coronavirus 2,7UXZ,Capsid Protein
Severe acute respiratory syndrome coronavirus 2,7UXZ,Nucleoprotein
Severe acute respiratory syndrome coronavirus 2,7UXZ,Nucleocapsid Protein
Severe acute respiratory syndrome coronavirus 2,7UZ4,Spike Protein
Severe acute respiratory syndrome coronavirus 2,7UZ5,Spike Protein
Severe acute respiratory syndrome coronavirus 2,7UZ6,Spike Protein
Severe acute respiratory syndrome coronavirus 2,7UZ7,Spike Protein
Severe acute respiratory syndrome coronavirus 2,7UZ8,Spike Protein
Severe acute respiratory syndrome coronavirus 2,7UZ9,Spike Protein
Severe acute respiratory syndrome coronavirus 2,7UZA,Spike Protein
Severe acute respiratory syndrome coronavirus 2,7UZB,Spike Protein
Severe acute respiratory syndrome coronavirus 2,7UZC,Spike Protein
Severe acute respiratory syndrome coronavirus 2,7UZD,Spike Protein
Severe acute respiratory syndrome coronavirus 2,7V1T,Protease
Severe acute respiratory syndrome coronavirus 2,7V20,Spike Protein
Severe acute respiratory syndrome coronavirus 2,7V22,Spike Protein
Severe acute respiratory syndrome coronavirus 2,7V23,Spike Protein
Severe acute respiratory syndrome coronavirus 2,7V24,Spike Protein
Severe acute respiratory syndrome coronavirus 2,7V26,Spike Protein
Severe acute respiratory syndrome coronavirus 2,7V27,Spike Protein
Severe acute respiratory syndrome coronavirus 2,7V2A,Spike Protein
Severe acute respiratory syndrome coronavirus 2,7V61,Protease
Severe acute respiratory syndrome coronavirus 2,7V76,Spike Protein
Severe acute respiratory syndrome coronavirus 2,7V77,Spike Protein
Severe acute respiratory syndrome coronavirus 2,7V78,Spike Protein
Severe acute respiratory syndrome coronavirus 2,7V79,Spike Protein
Severe acute respiratory syndrome coronavirus 2,7V7A,Spike Protein
Severe acute respiratory syndrome coronavirus 2,7V7D,Spike Protein
Severe acute respiratory syndrome coronavirus 2,7V7E,Spike Protein
Severe acute respiratory syndrome coronavirus 2,7V7F,Spike Protein
Severe acute respiratory syndrome coronavirus 2,7V7G,Spike Protein
Severe acute respiratory syndrome coronavirus 2,7V7H,Spike Protein
Severe acute respiratory syndrome coronavirus 2,7V7I,Spike Protein
Severe acute respiratory syndrome coronavirus 2,7V7J,Spike Protein
Severe acute respiratory syndrome coronavirus 2,7V7M,Protease
Severe acute respiratory syndrome coronavirus 2,7V7N,Spike Protein
Severe acute respiratory syndrome coronavirus 2,7V7O,Spike Protein
Severe acute respiratory syndrome coronavirus 2,7V7P,Spike Protein
Severe acute respiratory syndrome coronavirus 2,7V7Q,Spike Protein
Severe acute respiratory syndrome coronavirus 2,7V7R,Spike Protein
Severe acute respiratory syndrome coronavirus 2,7V7S,Spike Protein
Severe acute respiratory syndrome coronavirus 2,7V7T,Spike Protein
Severe acute respiratory syndrome coronavirus 2,7V7U,Spike Protein
Severe acute respiratory syndrome coronavirus 2,7V7V,Spike Protein
Severe acute respiratory syndrome coronavirus 2,7V7Z,Spike Protein
Severe acute respiratory syndrome coronavirus 2,7V7Z,Protease
Severe acute respiratory syndrome coronavirus 2,7V80,Fusion Protein
Severe acute respiratory syndrome coronavirus 2,7V80,Spike Protein
Severe acute respiratory syndrome coronavirus 2,7V80,Protease
Severe acute respiratory syndrome coronavirus 2,7V81,Fusion Protein
Severe acute respiratory syndrome coronavirus 2,7V81,Spike Protein
Severe acute respiratory syndrome coronavirus 2,7V81,Protease
Severe acute respiratory syndrome coronavirus 2,7V82,Spike Protein
Severe acute respiratory syndrome coronavirus 2,7V82,Protease
Severe acute respiratory syndrome coronavirus 2,7V83,Fusion Protein
Severe acute respiratory syndrome coronavirus 2,7V83,Spike Protein
Severe acute respiratory syndrome coronavirus 2,7V83,Protease
Severe acute respiratory syndrome coronavirus 2,7V84,Fusion Protein
Severe acute respiratory syndrome coronavirus 2,7V84,Spike Protein
Severe acute respiratory syndrome coronavirus 2,7V84,Protease
Severe acute respiratory syndrome coronavirus 2,7V85,Fusion Protein
Severe acute respiratory syndrome coronavirus 2,7V85,Spike Protein
Severe acute respiratory syndrome coronavirus 2,7V85,Protease
Severe acute respiratory syndrome coronavirus 2,7V86,Fusion Protein
Severe acute respiratory syndrome coronavirus 2,7V86,Spike Protein
Severe acute respiratory syndrome coronavirus 2,7V86,Protease
Severe acute respiratory syndrome coronavirus 2,7V87,Spike Protein
Severe acute respiratory syndrome coronavirus 2,7V87,Protease
Severe acute respiratory syndrome coronavirus 2,7V88,Spike Protein
Severe acute respiratory syndrome coronavirus 2,7V88,Protease
Severe acute respiratory syndrome coronavirus 2,7V89,Spike Protein
Severe acute respiratory syndrome coronavirus 2,7V89,Protease
Severe acute respiratory syndrome coronavirus 2,7V8A,Spike Protein
Severe acute respiratory syndrome coronavirus 2,7V8A,Protease
Severe acute respiratory syndrome coronavirus 2,7V8B,Spike Protein
Severe acute respiratory syndrome coronavirus 2,7V8B,Protease
Severe acute respiratory syndrome coronavirus 2,7V8C,Spike Protein
Severe acute respiratory syndrome coronavirus 2,7VAH,Protease
Severe acute respiratory syndrome coronavirus 2,7VBD,Capsid Protein
Severe acute respiratory syndrome coronavirus 2,7VBD,Nucleoprotein
Severe acute respiratory syndrome coronavirus 2,7VBD,Nucleocapsid Protein
Severe acute respiratory syndrome coronavirus 2,7VBE,Capsid Protein
Severe acute respiratory syndrome coronavirus 2,7VBE,Nucleoprotein
Severe acute respiratory syndrome coronavirus 2,7VBE,Nucleocapsid Protein
Severe acute respiratory syndrome coronavirus 2,7VBF,Capsid Protein
Severe acute respiratory syndrome coronavirus 2,7VBF,Nucleoprotein
Severe acute respiratory syndrome coronavirus 2,7VBF,Nucleocapsid Protein
Severe acute respiratory syndrome coronavirus 2,7VFA,Protease
Severe acute respiratory syndrome coronavirus 2,7VFA,NSP Proteins
Severe acute respiratory syndrome coronavirus 2,7VFB,Protease
Severe acute respiratory syndrome coronavirus 2,7VFB,NSP Proteins
Severe acute respiratory syndrome coronavirus 2,7VH8,Protease
Severe acute respiratory syndrome coronavirus 2,7VHH,Spike Protein
Severe acute respiratory syndrome coronavirus 2,7VHJ,Spike Protein
Severe acute respiratory syndrome coronavirus 2,7VHK,Spike Protein
Severe acute respiratory syndrome coronavirus 2,7VHL,Spike Protein
Severe acute respiratory syndrome coronavirus 2,7VHM,Spike Protein
Severe acute respiratory syndrome coronavirus 2,7VHN,Spike Protein
Severe acute respiratory syndrome coronavirus 2,7VIC,Protease
Severe acute respiratory syndrome coronavirus 2,7VJW,Protease
Severe acute respiratory syndrome coronavirus 2,7VJX,Protease
Severe acute respiratory syndrome coronavirus 2,7VJY,Protease
Severe acute respiratory syndrome coronavirus 2,7VJZ,Protease
Severe acute respiratory syndrome coronavirus 2,7VK0,Protease
Severe acute respiratory syndrome coronavirus 2,7VK1,Protease
Severe acute respiratory syndrome coronavirus 2,7VK2,Protease
Severe acute respiratory syndrome coronavirus 2,7VK3,Protease
Severe acute respiratory syndrome coronavirus 2,7VK4,Protease
Severe acute respiratory syndrome coronavirus 2,7VK5,Protease
Severe acute respiratory syndrome coronavirus 2,7VK6,Protease
Severe acute respiratory syndrome coronavirus 2,7VK7,Protease
Severe acute respiratory syndrome coronavirus 2,7VK8,Protease
Severe acute respiratory syndrome coronavirus 2,7VLP,Protease
Severe acute respiratory syndrome coronavirus 2,7VLQ,Protease
Severe acute respiratory syndrome coronavirus 2,7VLQ,NSP Proteins
Severe acute respiratory syndrome coronavirus 2,7VMU,Spike Protein
Severe acute respiratory syndrome coronavirus 2,7VNB,Spike Protein
Severe acute respiratory syndrome coronavirus 2,7VNC,Spike Protein
Severe acute respiratory syndrome coronavirus 2,7VND,Spike Protein
Severe acute respiratory syndrome coronavirus 2,7VNE,Spike Protein
Severe acute respiratory syndrome coronavirus 2,7VNU,Capsid Protein
Severe acute respiratory syndrome coronavirus 2,7VNU,Nucleoprotein
Severe acute respiratory syndrome coronavirus 2,7VNU,Nucleocapsid Protein
Severe acute respiratory syndrome coronavirus 2,7VNU,Ribonucleoprotein
Severe acute respiratory syndrome coronavirus 2,7VOA,Spike Protein
Severe acute respiratory syndrome coronavirus 2,7VQ0,Spike Protein
Severe acute respiratory syndrome coronavirus 2,7VRV,Spike Protein
Severe acute respiratory syndrome coronavirus 2,7VRW,Spike Protein
Severe acute respiratory syndrome coronavirus 2,7VTH,Protease
Severe acute respiratory syndrome coronavirus 2,7VTH,NSP Proteins
Severe acute respiratory syndrome coronavirus 2,7VU6,Protease
Severe acute respiratory syndrome coronavirus 2,7VU6,NSP Proteins
Severe acute respiratory syndrome coronavirus 2,7VVP,Protease
Severe acute respiratory syndrome coronavirus 2,7VVP,NSP Proteins
Severe acute respiratory syndrome coronavirus 2,7VVT,Protease
Severe acute respiratory syndrome coronavirus 2,7VX1,Spike Protein
Severe acute respiratory syndrome coronavirus 2,7VX4,Spike Protein
Severe acute respiratory syndrome coronavirus 2,7VX4,Protease
Severe acute respiratory syndrome coronavirus 2,7VX5,Spike Protein
Severe acute respiratory syndrome coronavirus 2,7VX5,Protease
Severe acute respiratory syndrome coronavirus 2,7VX9,Spike Protein
Severe acute respiratory syndrome coronavirus 2,7VX9,Protease
Severe acute respiratory syndrome coronavirus 2,7VXA,Spike Protein
Severe acute respiratory syndrome coronavirus 2,7VXA,Protease
Severe acute respiratory syndrome coronavirus 2,7VXB,Spike Protein
Severe acute respiratory syndrome coronavirus 2,7VXB,Protease
Severe acute respiratory syndrome coronavirus 2,7VXC,Spike Protein
Severe acute respiratory syndrome coronavirus 2,7VXC,Protease
Severe acute respiratory syndrome coronavirus 2,7VXD,Spike Protein
Severe acute respiratory syndrome coronavirus 2,7VXD,Protease
Severe acute respiratory syndrome coronavirus 2,7VXE,Spike Protein
Severe acute respiratory syndrome coronavirus 2,7VXF,Spike Protein
Severe acute respiratory syndrome coronavirus 2,7VXF,Protease
Severe acute respiratory syndrome coronavirus 2,7VXI,Spike Protein
Severe acute respiratory syndrome coronavirus 2,7VXK,Spike Protein
Severe acute respiratory syndrome coronavirus 2,7VXK,Protease
Severe acute respiratory syndrome coronavirus 2,7VXM,Spike Protein
Severe acute respiratory syndrome coronavirus 2,7VXM,Protease
Severe acute respiratory syndrome coronavirus 2,7VYR,Spike Protein
Severe acute respiratory syndrome coronavirus 2,7VZT,Spike Protein
Severe acute respiratory syndrome coronavirus 2,7W1S,Spike Protein
Severe acute respiratory syndrome coronavirus 2,7W6U,Spike Protein
Severe acute respiratory syndrome coronavirus 2,7W8S,Spike Protein
Severe acute respiratory syndrome coronavirus 2,7W92,Spike Protein
Severe acute respiratory syndrome coronavirus 2,7W94,Spike Protein
Severe acute respiratory syndrome coronavirus 2,7W99,Spike Protein
Severe acute respiratory syndrome coronavirus 2,7W99,Protease
Severe acute respiratory syndrome coronavirus 2,7W9B,Spike Protein
Severe acute respiratory syndrome coronavirus 2,7W9B,Protease
Severe acute respiratory syndrome coronavirus 2,7W9C,Spike Protein
Severe acute respiratory syndrome coronavirus 2,7W9C,Protease
Severe acute respiratory syndrome coronavirus 2,7W9E,Spike Protein
Severe acute respiratory syndrome coronavirus 2,7W9E,Hemagglutinin
Severe acute respiratory syndrome coronavirus 2,7W9F,Spike Protein
Severe acute respiratory syndrome coronavirus 2,7W9G,Protease
Severe acute respiratory syndrome coronavirus 2,7W9G,NSP Proteins
Severe acute respiratory syndrome coronavirus 2,7WA1,Spike Protein
Severe acute respiratory syndrome coronavirus 2,7WB5,Spike Protein
Severe acute respiratory syndrome coronavirus 2,7WBL,Spike Protein
Severe acute respiratory syndrome coronavirus 2,7WBP,Spike Protein
Severe acute respiratory syndrome coronavirus 2,7WBQ,Spike Protein
Severe acute respiratory syndrome coronavirus 2,7WBZ,Spike Protein
Severe acute respiratory syndrome coronavirus 2,7WCD,Spike Protein
Severe acute respiratory syndrome coronavirus 2,7WCR,Spike Protein
Severe acute respiratory syndrome coronavirus 2,7WCZ,Spike Protein
Severe acute respiratory syndrome coronavirus 2,7WD0,Spike Protein
Severe acute respiratory syndrome coronavirus 2,7WD1,Spike Protein
Severe acute respiratory syndrome coronavirus 2,7WD2,Spike Protein
Severe acute respiratory syndrome coronavirus 2,7WD7,Spike Protein
Severe acute respiratory syndrome coronavirus 2,7WD8,Spike Protein
Severe acute respiratory syndrome coronavirus 2,7WD9,Spike Protein
Severe acute respiratory syndrome coronavirus 2,7WDF,Spike Protein
Severe acute respiratory syndrome coronavirus 2,7WE7,Spike Protein
Severe acute respiratory syndrome coronavirus 2,7WE8,Spike Protein
Severe acute respiratory syndrome coronavirus 2,7WE9,Spike Protein
Severe acute respiratory syndrome coronavirus 2,7WEA,Spike Protein
Severe acute respiratory syndrome coronavirus 2,7WEB,Spike Protein
Severe acute respiratory syndrome coronavirus 2,7WEC,Spike Protein
Severe acute respiratory syndrome coronavirus 2,7WED,Spike Protein
Severe acute respiratory syndrome coronavirus 2,7WEE,Spike Protein
Severe acute respiratory syndrome coronavirus 2,7WEF,Spike Protein
Severe acute respiratory syndrome coronavirus 2,7WEV,Spike Protein
Severe acute respiratory syndrome coronavirus 2,7WG6,Spike Protein
Severe acute respiratory syndrome coronavirus 2,7WG7,Spike Protein
Severe acute respiratory syndrome coronavirus 2,7WG8,Spike Protein
Severe acute respiratory syndrome coronavirus 2,7WG9,Spike Protein
Severe acute respiratory syndrome coronavirus 2,7WGB,Spike Protein
Severe acute respiratory syndrome coronavirus 2,7WGC,Spike Protein
Severe acute respiratory syndrome coronavirus 2,7WGV,Spike Protein
Severe acute respiratory syndrome coronavirus 2,7WGX,Spike Protein
Severe acute respiratory syndrome coronavirus 2,7WGY,Spike Protein
Severe acute respiratory syndrome coronavirus 2,7WGZ,Spike Protein
Severe acute respiratory syndrome coronavirus 2,7WH8,Spike Protein
Severe acute respiratory syndrome coronavirus 2,7WHB,Spike Protein
Severe acute respiratory syndrome coronavirus 2,7WHC,NSP Proteins
Severe acute respiratory syndrome coronavirus 2,7WHD,Spike Protein
Severe acute respiratory syndrome coronavirus 2,7WHH,Spike Protein
Severe acute respiratory syndrome coronavirus 2,7WHI,Spike Protein
Severe acute respiratory syndrome coronavirus 2,7WHJ,Spike Protein
Severe acute respiratory syndrome coronavirus 2,7WHK,Spike Protein
Severe acute respiratory syndrome coronavirus 2,7WHZ,Spike Protein
Severe acute respiratory syndrome coronavirus 2,7WJY,Spike Protein
Severe acute respiratory syndrome coronavirus 2,7WJZ,Spike Protein
Severe acute respiratory syndrome coronavirus 2,7WK0,Spike Protein
Severe acute respiratory syndrome coronavirus 2,7WK2,Spike Protein
Severe acute respiratory syndrome coronavirus 2,7WK3,Spike Protein
Severe acute respiratory syndrome coronavirus 2,7WK4,Spike Protein
Severe acute respiratory syndrome coronavirus 2,7WK4,Protease
Severe acute respiratory syndrome coronavirus 2,7WK5,Spike Protein
Severe acute respiratory syndrome coronavirus 2,7WK5,Protease
Severe acute respiratory syndrome coronavirus 2,7WK6,Spike Protein
Severe acute respiratory syndrome coronavirus 2,7WK6,Protease
Severe acute respiratory syndrome coronavirus 2,7WK8,Spike Protein
Severe acute respiratory syndrome coronavirus 2,7WK9,Spike Protein
Severe acute respiratory syndrome coronavirus 2,7WKA,Spike Protein
Severe acute respiratory syndrome coronavirus 2,7WLC,Spike Protein
Severe acute respiratory syndrome coronavirus 2,7WLY,Spike Protein
Severe acute respiratory syndrome coronavirus 2,7WLZ,Spike Protein
Severe acute respiratory syndrome coronavirus 2,7WM0,Spike Protein
Severe acute respiratory syndrome coronavirus 2,7WN2,Spike Protein
Severe acute respiratory syndrome coronavirus 2,7WNB,Spike Protein
Severe acute respiratory syndrome coronavirus 2,7WNM,Spike Protein
Severe acute respiratory syndrome coronavirus 2,7WNM,Protease
Severe acute respiratory syndrome coronavirus 2,7WO1,Protease
Severe acute respiratory syndrome coronavirus 2,7WO2,Protease
Severe acute respiratory syndrome coronavirus 2,7WO3,Protease
Severe acute respiratory syndrome coronavirus 2,7WO4,Spike Protein
Severe acute respiratory syndrome coronavirus 2,7WO5,Spike Protein
Severe acute respiratory syndrome coronavirus 2,7WO7,Spike Protein
Severe acute respiratory syndrome coronavirus 2,7WOA,Spike Protein
Severe acute respiratory syndrome coronavirus 2,7WOB,Spike Protein
Severe acute respiratory syndrome coronavirus 2,7WOC,Spike Protein
Severe acute respiratory syndrome coronavirus 2,7WOF,Protease
Severe acute respiratory syndrome coronavirus 2,7WOG,Spike Protein
Severe acute respiratory syndrome coronavirus 2,7WOH,Protease
Severe acute respiratory syndrome coronavirus 2,7WON,Spike Protein
Severe acute respiratory syndrome coronavirus 2,7WOP,Spike Protein
Severe acute respiratory syndrome coronavirus 2,7WOQ,Spike Protein
Severe acute respiratory syndrome coronavirus 2,7WOR,Spike Protein
Severe acute respiratory syndrome coronavirus 2,7WOS,Spike Protein
Severe acute respiratory syndrome coronavirus 2,7WOU,Spike Protein
Severe acute respiratory syndrome coronavirus 2,7WOV,Spike Protein
Severe acute respiratory syndrome coronavirus 2,7WOW,Spike Protein
Severe acute respiratory syndrome coronavirus 2,7WP0,Spike Protein
Severe acute respiratory syndrome coronavirus 2,7WP1,Spike Protein
Severe acute respiratory syndrome coronavirus 2,7WP2,Spike Protein
Severe acute respiratory syndrome coronavirus 2,7WP5,Spike Protein
Severe acute respiratory syndrome coronavirus 2,7WP6,Spike Protein
Severe acute respiratory syndrome coronavirus 2,7WP8,Spike Protein
Severe acute respiratory syndrome coronavirus 2,7WP9,Spike Protein
Severe acute respiratory syndrome coronavirus 2,7WPA,Spike Protein
Severe acute respiratory syndrome coronavirus 2,7WPA,Protease
Severe acute respiratory syndrome coronavirus 2,7WPB,Spike Protein
Severe acute respiratory syndrome coronavirus 2,7WPB,Protease
Severe acute respiratory syndrome coronavirus 2,7WPC,Spike Protein
Severe acute respiratory syndrome coronavirus 2,7WPC,Protease
Severe acute respiratory syndrome coronavirus 2,7WPD,Spike Protein
Severe acute respiratory syndrome coronavirus 2,7WPE,Spike Protein
Severe acute respiratory syndrome coronavirus 2,7WPF,Spike Protein
Severe acute respiratory syndrome coronavirus 2,7WPH,Spike Protein
Severe acute respiratory syndrome coronavirus 2,7WQ8,Protease
Severe acute respiratory syndrome coronavirus 2,7WQ9,Protease
Severe acute respiratory syndrome coronavirus 2,7WQA,Protease
Severe acute respiratory syndrome coronavirus 2,7WQB,Protease
Severe acute respiratory syndrome coronavirus 2,7WQB,NSP Proteins
Severe acute respiratory syndrome coronavirus 2,7WQK,Protease
Severe acute respiratory syndrome coronavirus 2,7WQV,Fusion Protein
Severe acute respiratory syndrome coronavirus 2,7WQV,Spike Protein
Severe acute respiratory syndrome coronavirus 2,7WR8,Spike Protein
Severe acute respiratory syndrome coronavirus 2,7WRH,Spike Protein
Severe acute respiratory syndrome coronavirus 2,7WRI,Spike Protein
Severe acute respiratory syndrome coronavirus 2,7WRJ,Spike Protein
Severe acute respiratory syndrome coronavirus 2,7WRV,Spike Protein
Severe acute respiratory syndrome coronavirus 2,7WS0,Spike Protein
Severe acute respiratory syndrome coronavirus 2,7WS1,Spike Protein
Severe acute respiratory syndrome coronavirus 2,7WS2,Spike Protein
Severe acute respiratory syndrome coronavirus 2,7WS3,Spike Protein
Severe acute respiratory syndrome coronavirus 2,7WS4,Spike Protein
Severe acute respiratory syndrome coronavirus 2,7WS5,Spike Protein
Severe acute respiratory syndrome coronavirus 2,7WS6,Spike Protein
Severe acute respiratory syndrome coronavirus 2,7WS7,Spike Protein
Severe acute respiratory syndrome coronavirus 2,7WS8,Spike Protein
Severe acute respiratory syndrome coronavirus 2,7WS9,Spike Protein
Severe acute respiratory syndrome coronavirus 2,7WSA,Spike Protein
Severe acute respiratory syndrome coronavirus 2,7WSE,Spike Protein
Severe acute respiratory syndrome coronavirus 2,7WSH,Spike Protein
Severe acute respiratory syndrome coronavirus 2,7WSK,Spike Protein
Severe acute respiratory syndrome coronavirus 2,7WT7,Spike Protein
Severe acute respiratory syndrome coronavirus 2,7WT8,Spike Protein
Severe acute respiratory syndrome coronavirus 2,7WT9,Spike Protein
Severe acute respiratory syndrome coronavirus 2,7WTF,Spike Protein
Severe acute respiratory syndrome coronavirus 2,7WTG,Spike Protein
Severe acute respiratory syndrome coronavirus 2,7WTH,Spike Protein
Severe acute respiratory syndrome coronavirus 2,7WTI,Spike Protein
Severe acute respiratory syndrome coronavirus 2,7WTJ,Spike Protein
Severe acute respiratory syndrome coronavirus 2,7WTK,Spike Protein
Severe acute respiratory syndrome coronavirus 2,7WUE,Spike Protein
Severe acute respiratory syndrome coronavirus 2,7WUH,Spike Protein
Severe acute respiratory syndrome coronavirus 2,7WVL,Spike Protein
Severe acute respiratory syndrome coronavirus 2,7WVP,Spike Protein
Severe acute respiratory syndrome coronavirus 2,7WVP,Protease
Severe acute respiratory syndrome coronavirus 2,7WVQ,Spike Protein
Severe acute respiratory syndrome coronavirus 2,7WVQ,Protease
Severe acute respiratory syndrome coronavirus 2,7WWI,Spike Protein
Severe acute respiratory syndrome coronavirus 2,7WWJ,Spike Protein
Severe acute respiratory syndrome coronavirus 2,7WWK,Spike Protein
Severe acute respiratory syndrome coronavirus 2,7WWL,Spike Protein
Severe acute respiratory syndrome coronavirus 2,7WWM,Spike Protein
Severe acute respiratory syndrome coronavirus 2,7WXZ,Fusion Protein
Severe acute respiratory syndrome coronavirus 2,7WXZ,Spike Protein
Severe acute respiratory syndrome coronavirus 2,7WYM,Protease
Severe acute respiratory syndrome coronavirus 2,7WYM,NSP Proteins
Severe acute respiratory syndrome coronavirus 2,7WYP,Protease
Severe acute respiratory syndrome coronavirus 2,7WZ1,Spike Protein
Severe acute respiratory syndrome coronavirus 2,7WZ2,Spike Protein
Severe acute respiratory syndrome coronavirus 2,7WZO,NSP Proteins
Severe acute respiratory syndrome coronavirus 2,7WZO,Ribonucleoprotein
Severe acute respiratory syndrome coronavirus 2,7WZO,Nucleoprotein
Severe acute respiratory syndrome coronavirus 2,7WZO,Capsid Protein
Severe acute respiratory syndrome coronavirus 2,7WZO,Nucleocapsid Protein
Severe acute respiratory syndrome coronavirus 2,7X1M,Spike Protein
Severe acute respiratory syndrome coronavirus 2,7X26,Spike Protein
Severe acute respiratory syndrome coronavirus 2,7X29,Spike Protein
Severe acute respiratory syndrome coronavirus 2,7X2A,Spike Protein
Severe acute respiratory syndrome coronavirus 2,7X2H,Spike Protein
Severe acute respiratory syndrome coronavirus 2,7X2K,Spike Protein
Severe acute respiratory syndrome coronavirus 2,7X2L,Spike Protein
Severe acute respiratory syndrome coronavirus 2,7X2M,Spike Protein
Severe acute respiratory syndrome coronavirus 2,7X63,Spike Protein
Severe acute respiratory syndrome coronavirus 2,7X66,Spike Protein
Severe acute respiratory syndrome coronavirus 2,7X6A,Spike Protein
Severe acute respiratory syndrome coronavirus 2,7X6J,Protease
Severe acute respiratory syndrome coronavirus 2,7X6K,Protease
Severe acute respiratory syndrome coronavirus 2,7X6Y,NSP Proteins
Severe acute respiratory syndrome coronavirus 2,7X6Z,NSP Proteins
Severe acute respiratory syndrome coronavirus 2,7X70,NSP Proteins
Severe acute respiratory syndrome coronavirus 2,7X7D,Spike Protein
Severe acute respiratory syndrome coronavirus 2,7X7E,Spike Protein
Severe acute respiratory syndrome coronavirus 2,7X7N,Spike Protein
Severe acute respiratory syndrome coronavirus 2,7X7N,Protease
Severe acute respiratory syndrome coronavirus 2,7X7O,Spike Protein
Severe acute respiratory syndrome coronavirus 2,7X7T,Spike Protein
Severe acute respiratory syndrome coronavirus 2,7X7U,Spike Protein
Severe acute respiratory syndrome coronavirus 2,7X8W,Spike Protein
Severe acute respiratory syndrome coronavirus 2,7X8W,Protease
Severe acute respiratory syndrome coronavirus 2,7X8Y,Spike Protein
Severe acute respiratory syndrome coronavirus 2,7X8Y,Protease
Severe acute respiratory syndrome coronavirus 2,7X8Z,Spike Protein
Severe acute respiratory syndrome coronavirus 2,7X8Z,Protease
Severe acute respiratory syndrome coronavirus 2,7X90,Spike Protein
Severe acute respiratory syndrome coronavirus 2,7X90,Protease
Severe acute respiratory syndrome coronavirus 2,7X91,Spike Protein
Severe acute respiratory syndrome coronavirus 2,7X91,Protease
Severe acute respiratory syndrome coronavirus 2,7X92,Spike Protein
Severe acute respiratory syndrome coronavirus 2,7X92,Protease
Severe acute respiratory syndrome coronavirus 2,7X93,Spike Protein
Severe acute respiratory syndrome coronavirus 2,7X93,Protease
Severe acute respiratory syndrome coronavirus 2,7X94,Spike Protein
Severe acute respiratory syndrome coronavirus 2,7X94,Protease
Severe acute respiratory syndrome coronavirus 2,7X95,Spike Protein
Severe acute respiratory syndrome coronavirus 2,7X95,Protease
Severe acute respiratory syndrome coronavirus 2,7X96,Spike Protein
Severe acute respiratory syndrome coronavirus 2,7X96,Protease
Severe acute respiratory syndrome coronavirus 2,7X9E,Spike Protein
Severe acute respiratory syndrome coronavirus 2,7XA7,Spike Protein
Severe acute respiratory syndrome coronavirus 2,7XAR,Protease
Severe acute respiratory syndrome coronavirus 2,7XAZ,Spike Protein
Severe acute respiratory syndrome coronavirus 2,7XB0,Spike Protein
Severe acute respiratory syndrome coronavirus 2,7XB1,Spike Protein
Severe acute respiratory syndrome coronavirus 2,7XB3,Protease
Severe acute respiratory syndrome coronavirus 2,7XB4,Protease
Severe acute respiratory syndrome coronavirus 2,7XBY,Spike Protein
Severe acute respiratory syndrome coronavirus 2,7XC3,Protease
Severe acute respiratory syndrome coronavirus 2,7XC3,NSP Proteins
Severe acute respiratory syndrome coronavirus 2,7XC4,Protease
Severe acute respiratory syndrome coronavirus 2,7XC4,NSP Proteins
Severe acute respiratory syndrome coronavirus 2,7XCH,Spike Protein
Severe acute respiratory syndrome coronavirus 2,7XCI,Spike Protein
Severe acute respiratory syndrome coronavirus 2,7XCK,Spike Protein
Severe acute respiratory syndrome coronavirus 2,7XCO,Spike Protein
Severe acute respiratory syndrome coronavirus 2,7XCP,Spike Protein
Severe acute respiratory syndrome coronavirus 2,7XCZ,Spike Protein
Severe acute respiratory syndrome coronavirus 2,7XD2,Spike Protein
Severe acute respiratory syndrome coronavirus 2,7XDA,Spike Protein
Severe acute respiratory syndrome coronavirus 2,7XDB,Spike Protein
Severe acute respiratory syndrome coronavirus 2,7XDK,Spike Protein
Severe acute respiratory syndrome coronavirus 2,7XDL,Spike Protein
Severe acute respiratory syndrome coronavirus 2,7XEG,Spike Protein
Severe acute respiratory syndrome coronavirus 2,7XEI,Spike Protein
Severe acute respiratory syndrome coronavirus 2,7XH8,Spike Protein
Severe acute respiratory syndrome coronavirus 2,7XIC,Spike Protein
Severe acute respiratory syndrome coronavirus 2,7XID,Spike Protein
Severe acute respiratory syndrome coronavirus 2,7XID,Protease
Severe acute respiratory syndrome coronavirus 2,7XIK,Spike Protein
Severe acute respiratory syndrome coronavirus 2,7XIL,Spike Protein
Severe acute respiratory syndrome coronavirus 2,7XIW,Spike Protein
Severe acute respiratory syndrome coronavirus 2,7XIX,Spike Protein
Severe acute respiratory syndrome coronavirus 2,7XIY,Spike Protein
Severe acute respiratory syndrome coronavirus 2,7XIZ,Spike Protein
Severe acute respiratory syndrome coronavirus 2,7XJ6,Spike Protein
Severe acute respiratory syndrome coronavirus 2,7XJ8,Spike Protein
Severe acute respiratory syndrome coronavirus 2,7XJ9,Spike Protein
Severe acute respiratory syndrome coronavirus 2,7XMX,Spike Protein
Severe acute respiratory syndrome coronavirus 2,7XMZ,Spike Protein
Severe acute respiratory syndrome coronavirus 2,7XNQ,Spike Protein
Severe acute respiratory syndrome coronavirus 2,7XNR,Spike Protein
Severe acute respiratory syndrome coronavirus 2,7XNS,Spike Protein
Severe acute respiratory syndrome coronavirus 2,7XO4,Spike Protein
Severe acute respiratory syndrome coronavirus 2,7XO5,Spike Protein
Severe acute respiratory syndrome coronavirus 2,7XO6,Spike Protein
Severe acute respiratory syndrome coronavirus 2,7XO7,Spike Protein
Severe acute respiratory syndrome coronavirus 2,7XO8,Spike Protein
Severe acute respiratory syndrome coronavirus 2,7XO9,Spike Protein
Severe acute respiratory syndrome coronavirus 2,7XOA,Spike Protein
Severe acute respiratory syndrome coronavirus 2,7XOB,Spike Protein
Severe acute respiratory syndrome coronavirus 2,7XOC,Spike Protein
Severe acute respiratory syndrome coronavirus 2,7XOD,Spike Protein
Severe acute respiratory syndrome coronavirus 2,7XQ6,Protease
Severe acute respiratory syndrome coronavirus 2,7XQ6,NSP Proteins
Severe acute respiratory syndrome coronavirus 2,7XQ7,Protease
Severe acute respiratory syndrome coronavirus 2,7XQ7,NSP Proteins
Severe acute respiratory syndrome coronavirus 2,7XQS,Spike Protein
Severe acute respiratory syndrome coronavirus 2,7XRP,Spike Protein
Severe acute respiratory syndrome coronavirus 2,7XRS,Protease
Severe acute respiratory syndrome coronavirus 2,7XS8,Spike Protein
Severe acute respiratory syndrome coronavirus 2,7XSA,Spike Protein
Severe acute respiratory syndrome coronavirus 2,7XSB,Spike Protein
Severe acute respiratory syndrome coronavirus 2,7XSC,Spike Protein
Severe acute respiratory syndrome coronavirus 2,7XST,Spike Protein
Severe acute respiratory syndrome coronavirus 2,7XTZ,Spike Protein
Severe acute respiratory syndrome coronavirus 2,7XU0,Spike Protein
Severe acute respiratory syndrome coronavirus 2,7XU1,Spike Protein
Severe acute respiratory syndrome coronavirus 2,7XU2,Spike Protein
Severe acute respiratory syndrome coronavirus 2,7XU3,Spike Protein
Severe acute respiratory syndrome coronavirus 2,7XU4,Spike Protein
Severe acute respiratory syndrome coronavirus 2,7XU5,Spike Protein
Severe acute respiratory syndrome coronavirus 2,7XU6,Spike Protein
Severe acute respiratory syndrome coronavirus 2,7XWA,Spike Protein
Severe acute respiratory syndrome coronavirus 2,7XWX,Capsid Protein
Severe acute respiratory syndrome coronavirus 2,7XWX,Nucleoprotein
Severe acute respiratory syndrome coronavirus 2,7XWX,Nucleocapsid Protein
Severe acute respiratory syndrome coronavirus 2,7XWZ,Capsid Protein
Severe acute respiratory syndrome coronavirus 2,7XWZ,Nucleoprotein
Severe acute respiratory syndrome coronavirus 2,7XWZ,Nucleocapsid Protein
Severe acute respiratory syndrome coronavirus 2,7XX1,Capsid Protein
Severe acute respiratory syndrome coronavirus 2,7XX1,Nucleoprotein
Severe acute respiratory syndrome coronavirus 2,7XX1,Nucleocapsid Protein
Severe acute respiratory syndrome coronavirus 2,7XXK,Capsid Protein
Severe acute respiratory syndrome coronavirus 2,7XXK,Nucleoprotein
Severe acute respiratory syndrome coronavirus 2,7XXK,Nucleocapsid Protein
Severe acute respiratory syndrome coronavirus 2,7XXL,Spike Protein
Severe acute respiratory syndrome coronavirus 2,7XY3,Spike Protein
Severe acute respiratory syndrome coronavirus 2,7XY4,Spike Protein
Severe acute respiratory syndrome coronavirus 2,7Y0C,Spike Protein
Severe acute respiratory syndrome coronavirus 2,7Y0N,Spike Protein
Severe acute respiratory syndrome coronavirus 2,7Y0O,Spike Protein
Severe acute respiratory syndrome coronavirus 2,7Y0V,Spike Protein
Severe acute respiratory syndrome coronavirus 2,7Y1Y,Spike Protein
Severe acute respiratory syndrome coronavirus 2,7Y1Z,Spike Protein
Severe acute respiratory syndrome coronavirus 2,7Y20,Spike Protein
Severe acute respiratory syndrome coronavirus 2,7Y21,Spike Protein
Severe acute respiratory syndrome coronavirus 2,7Y3O,Spike Protein
Severe acute respiratory syndrome coronavirus 2,7Y42,Spike Protein
Severe acute respiratory syndrome coronavirus 2,7Y6D,Spike Protein
Severe acute respiratory syndrome coronavirus 2,7Y6K,Spike Protein
Severe acute respiratory syndrome coronavirus 2,7Y6L,Spike Protein
Severe acute respiratory syndrome coronavirus 2,7Y6L,Protease
Severe acute respiratory syndrome coronavirus 2,7Y6N,Spike Protein
Severe acute respiratory syndrome coronavirus 2,7Y6N,Protease
Severe acute respiratory syndrome coronavirus 2,7Y75,Spike Protein
Severe acute respiratory syndrome coronavirus 2,7Y75,Protease
Severe acute respiratory syndrome coronavirus 2,7Y76,Spike Protein
Severe acute respiratory syndrome coronavirus 2,7Y76,Protease
Severe acute respiratory syndrome coronavirus 2,7Y7J,Spike Protein
Severe acute respiratory syndrome coronavirus 2,7Y7K,Spike Protein
Severe acute respiratory syndrome coronavirus 2,7Y8J,Spike Protein
Severe acute respiratory syndrome coronavirus 2,7Y9N,Spike Protein
Severe acute respiratory syndrome coronavirus 2,7Y9S,Spike Protein
Severe acute respiratory syndrome coronavirus 2,7Y9Z,Spike Protein
Severe acute respiratory syndrome coronavirus 2,7YA0,Spike Protein
Severe acute respiratory syndrome coronavirus 2,7YA1,Spike Protein
Severe acute respiratory syndrome coronavirus 2,7YAD,Spike Protein
Severe acute respiratory syndrome coronavirus 2,7YBG,Protease
Severe acute respiratory syndrome coronavirus 2,7YBG,NSP Proteins
Severe acute respiratory syndrome coronavirus 2,7YBH,Spike Protein
Severe acute respiratory syndrome coronavirus 2,7YBI,Spike Protein
Severe acute respiratory syndrome coronavirus 2,7YBJ,Spike Protein
Severe acute respiratory syndrome coronavirus 2,7YBK,Spike Protein
Severe acute respiratory syndrome coronavirus 2,7YBL,Spike Protein
Severe acute respiratory syndrome coronavirus 2,7YBM,Spike Protein
Severe acute respiratory syndrome coronavirus 2,7YBN,Spike Protein
Severe acute respiratory syndrome coronavirus 2,7YC5,Spike Protein
Severe acute respiratory syndrome coronavirus 2,7YCK,Spike Protein
Severe acute respiratory syndrome coronavirus 2,7YCL,Spike Protein
Severe acute respiratory syndrome coronavirus 2,7YCN,Spike Protein
Severe acute respiratory syndrome coronavirus 2,7YCO,Spike Protein
Severe acute respiratory syndrome coronavirus 2,7YD1,Spike Protein
Severe acute respiratory syndrome coronavirus 2,7YDI,Spike Protein
Severe acute respiratory syndrome coronavirus 2,7YDY,Spike Protein
Severe acute respiratory syndrome coronavirus 2,7YE5,Spike Protein
Severe acute respiratory syndrome coronavirus 2,7YE9,Spike Protein
Severe acute respiratory syndrome coronavirus 2,7YEG,Spike Protein
Severe acute respiratory syndrome coronavirus 2,7YEG,Protease
Severe acute respiratory syndrome coronavirus 2,7YH6,Spike Protein
Severe acute respiratory syndrome coronavirus 2,7YH7,Spike Protein
Severe acute respiratory syndrome coronavirus 2,7YHW,Spike Protein
Severe acute respiratory syndrome coronavirus 2,7YJ3,Spike Protein
Severe acute respiratory syndrome coronavirus 2,7YKJ,Spike Protein
Severe acute respiratory syndrome coronavirus 2,7YLB,Capsid Protein
Severe acute respiratory syndrome coronavirus 2,7YLB,Nucleoprotein
Severe acute respiratory syndrome coronavirus 2,7YLB,Nucleocapsid Protein
Severe acute respiratory syndrome coronavirus 2,7YLD,Capsid Protein
Severe acute respiratory syndrome coronavirus 2,7YLD,Nucleoprotein
Severe acute respiratory syndrome coronavirus 2,7YLD,Nucleocapsid Protein
Severe acute respiratory syndrome coronavirus 2,7YOW,Spike Protein
Severe acute respiratory syndrome coronavirus 2,7YQT,Spike Protein
Severe acute respiratory syndrome coronavirus 2,7YQU,Spike Protein
Severe acute respiratory syndrome coronavirus 2,7YQV,Spike Protein
Severe acute respiratory syndrome coronavirus 2,7YQW,Spike Protein
Severe acute respiratory syndrome coronavirus 2,7YQX,Spike Protein
Severe acute respiratory syndrome coronavirus 2,7YQY,Spike Protein
Severe acute respiratory syndrome coronavirus 2,7YQZ,Spike Protein
Severe acute respiratory syndrome coronavirus 2,7YR0,Spike Protein
Severe acute respiratory syndrome coronavirus 2,7YR1,Spike Protein
Severe acute respiratory syndrome coronavirus 2,7YR2,Spike Protein
Severe acute respiratory syndrome coronavirus 2,7YR2,Protease
Severe acute respiratory syndrome coronavirus 2,7YR3,Spike Protein
Severe acute respiratory syndrome coronavirus 2,7YR3,Protease
Severe acute respiratory syndrome coronavirus 2,7YR4,Spike Protein
Severe acute respiratory syndrome coronavirus 2,7YR4,Protease
Severe acute respiratory syndrome coronavirus 2,7YTN,Spike Protein
Severe acute respiratory syndrome coronavirus 2,7YUE,Spike Protein
Severe acute respiratory syndrome coronavirus 2,7YV8,Spike Protein
Severe acute respiratory syndrome coronavirus 2,7YVE,Spike Protein
Severe acute respiratory syndrome coronavirus 2,7YVF,Spike Protein
Severe acute respiratory syndrome coronavirus 2,7YVG,Spike Protein
Severe acute respiratory syndrome coronavirus 2,7YVH,Spike Protein
Severe acute respiratory syndrome coronavirus 2,7YVI,Spike Protein
Severe acute respiratory syndrome coronavirus 2,7YVJ,Spike Protein
Severe acute respiratory syndrome coronavirus 2,7YVK,Spike Protein
Severe acute respiratory syndrome coronavirus 2,7YVL,Spike Protein
Severe acute respiratory syndrome coronavirus 2,7YVM,Spike Protein
Severe acute respiratory syndrome coronavirus 2,7YVN,Spike Protein
Severe acute respiratory syndrome coronavirus 2,7YVO,Spike Protein
Severe acute respiratory syndrome coronavirus 2,7YVP,Spike Protein
Severe acute respiratory syndrome coronavirus 2,7YVU,Spike Protein
Severe acute respiratory syndrome coronavirus 2,7YWR,NSP Proteins
Severe acute respiratory syndrome coronavirus 2,7Z0P,Protease
Severe acute respiratory syndrome coronavirus 2,7Z0P,NSP Proteins
Severe acute respiratory syndrome coronavirus 2,7Z0X,Spike Protein
Severe acute respiratory syndrome coronavirus 2,7Z0X,Protease
Severe acute respiratory syndrome coronavirus 2,7Z0Y,Spike Protein
Severe acute respiratory syndrome coronavirus 2,7Z0Y,Protease
Severe acute respiratory syndrome coronavirus 2,7Z1A,Spike Protein
Severe acute respiratory syndrome coronavirus 2,7Z1B,Spike Protein
Severe acute respiratory syndrome coronavirus 2,7Z1C,Spike Protein
Severe acute respiratory syndrome coronavirus 2,7Z1D,Spike Protein
Severe acute respiratory syndrome coronavirus 2,7Z1E,Spike Protein
Severe acute respiratory syndrome coronavirus 2,7Z2K,Protease
Severe acute respiratory syndrome coronavirus 2,7Z2K,NSP Proteins
Severe acute respiratory syndrome coronavirus 2,7Z3U,Protease
Severe acute respiratory syndrome coronavirus 2,7Z3U,NSP Proteins
Severe acute respiratory syndrome coronavirus 2,7Z3Z,Spike Protein
Severe acute respiratory syndrome coronavirus 2,7Z4S,Protease
Severe acute respiratory syndrome coronavirus 2,7Z4S,NSP Proteins
Severe acute respiratory syndrome coronavirus 2,7Z59,Protease
Severe acute respiratory syndrome coronavirus 2,7Z59,NSP Proteins
Severe acute respiratory syndrome coronavirus 2,7Z6V,Spike Protein
Severe acute respiratory syndrome coronavirus 2,7Z7X,Spike Protein
Severe acute respiratory syndrome coronavirus 2,7Z85,Spike Protein
Severe acute respiratory syndrome coronavirus 2,7Z86,Spike Protein
Severe acute respiratory syndrome coronavirus 2,7Z8O,Spike Protein
Severe acute respiratory syndrome coronavirus 2,7Z9Q,Spike Protein
Severe acute respiratory syndrome coronavirus 2,7Z9R,Spike Protein
Severe acute respiratory syndrome coronavirus 2,7ZB6,Protease
Severe acute respiratory syndrome coronavirus 2,7ZB6,NSP Proteins
Severe acute respiratory syndrome coronavirus 2,7ZB7,Protease
Severe acute respiratory syndrome coronavirus 2,7ZB7,NSP Proteins
Severe acute respiratory syndrome coronavirus 2,7ZB8,Protease
Severe acute respiratory syndrome coronavirus 2,7ZB8,NSP Proteins
Severe acute respiratory syndrome coronavirus 2,7ZBU,Spike Protein
Severe acute respiratory syndrome coronavirus 2,7ZCE,Spike Protein
Severe acute respiratory syndrome coronavirus 2,7ZCF,Spike Protein
Severe acute respiratory syndrome coronavirus 2,7ZDQ,Spike Protein
Severe acute respiratory syndrome coronavirus 2,7ZF3,Spike Protein
Severe acute respiratory syndrome coronavirus 2,7ZF4,Spike Protein
Severe acute respiratory syndrome coronavirus 2,7ZF5,Spike Protein
Severe acute respiratory syndrome coronavirus 2,7ZF7,Spike Protein
Severe acute respiratory syndrome coronavirus 2,7ZF8,Spike Protein
Severe acute respiratory syndrome coronavirus 2,7ZF9,Spike Protein
Severe acute respiratory syndrome coronavirus 2,7ZFA,Spike Protein
Severe acute respiratory syndrome coronavirus 2,7ZFB,Spike Protein
Severe acute respiratory syndrome coronavirus 2,7ZFC,Spike Protein
Severe acute respiratory syndrome coronavirus 2,7ZFD,Spike Protein
Severe acute respiratory syndrome coronavirus 2,7ZFE,Spike Protein
Severe acute respiratory syndrome coronavirus 2,7ZIT,Capsid Protein
Severe acute respiratory syndrome coronavirus 2,7ZIT,Nucleoprotein
Severe acute respiratory syndrome coronavirus 2,7ZIT,Nucleocapsid Protein
Severe acute respiratory syndrome coronavirus 2,7ZJL,Spike Protein
Severe acute respiratory syndrome coronavirus 2,7ZQV,Protease
Severe acute respiratory syndrome coronavirus 2,7ZQV,NSP Proteins
Severe acute respiratory syndrome coronavirus 2,7ZR2,Spike Protein
Severe acute respiratory syndrome coronavirus 2,7ZR7,Spike Protein
Severe acute respiratory syndrome coronavirus 2,7ZR8,Spike Protein
Severe acute respiratory syndrome coronavirus 2,7ZR9,Spike Protein
Severe acute respiratory syndrome coronavirus 2,7ZRC,Spike Protein
Severe acute respiratory syndrome coronavirus 2,7ZRV,Envelope Protein/Glycoprotein
Severe acute respiratory syndrome coronavirus 2,7ZRV,Spike Protein
Severe acute respiratory syndrome coronavirus 2,7ZSD,Spike Protein
Severe acute respiratory syndrome coronavirus 2,7ZSS,Spike Protein
Severe acute respiratory syndrome coronavirus 2,7ZV5,Protease
Severe acute respiratory syndrome coronavirus 2,7ZV5,NSP Proteins
Severe acute respiratory syndrome coronavirus 2,7ZV7,Protease
Severe acute respiratory syndrome coronavirus 2,7ZV7,NSP Proteins
Severe acute respiratory syndrome coronavirus 2,7ZV8,Protease
Severe acute respiratory syndrome coronavirus 2,7ZV8,NSP Proteins
Severe acute respiratory syndrome coronavirus 2,7ZXU,Spike Protein
Severe acute respiratory syndrome coronavirus 2,8A23,NSP Proteins
Severe acute respiratory syndrome coronavirus 2,8A4Q,Protease
Severe acute respiratory syndrome coronavirus 2,8A4Q,NSP Proteins
Severe acute respiratory syndrome coronavirus 2,8A4T,Protease
Severe acute respiratory syndrome coronavirus 2,8A4T,NSP Proteins
Severe acute respiratory syndrome coronavirus 2,8A4Y,NSP Proteins
Severe acute respiratory syndrome coronavirus 2,8A55,NSP Proteins
Severe acute respiratory syndrome coronavirus 2,8A99,Spike Protein
Severe acute respiratory syndrome coronavirus 2,8AAA,Spike Protein
Severe acute respiratory syndrome coronavirus 2,8ACD,Protease
Severe acute respiratory syndrome coronavirus 2,8ACD,NSP Proteins
Severe acute respiratory syndrome coronavirus 2,8ACL,Protease
Severe acute respiratory syndrome coronavirus 2,8ACL,NSP Proteins
Severe acute respiratory syndrome coronavirus 2,8AEB,Protease
Severe acute respiratory syndrome coronavirus 2,8AEB,NSP Proteins
Severe acute respiratory syndrome coronavirus 2,8AJ1,Protease
Severe acute respiratory syndrome coronavirus 2,8AJ1,NSP Proteins
Severe acute respiratory syndrome coronavirus 2,8AOU,NSP Proteins
Severe acute respiratory syndrome coronavirus 2,8AQS,Spike Protein
Severe acute respiratory syndrome coronavirus 2,8AQT,Spike Protein
Severe acute respiratory syndrome coronavirus 2,8AQU,Spike Protein
Severe acute respiratory syndrome coronavirus 2,8AQV,Spike Protein
Severe acute respiratory syndrome coronavirus 2,8AQW,Spike Protein
Severe acute respiratory syndrome coronavirus 2,8AYS,NSP Proteins
Severe acute respiratory syndrome coronavirus 2,8AZ8,NSP Proteins
Severe acute respiratory syndrome coronavirus 2,8AZC,Protease
Severe acute respiratory syndrome coronavirus 2,8AZC,NSP Proteins
Severe acute respiratory syndrome coronavirus 2,8AZD,Protease
Severe acute respiratory syndrome coronavirus 2,8AZD,NSP Proteins
Severe acute respiratory syndrome coronavirus 2,8AZI,Protease
Severe acute respiratory syndrome coronavirus 2,8AZI,NSP Proteins
Severe acute respiratory syndrome coronavirus 2,8AZL,Protease
Severe acute respiratory syndrome coronavirus 2,8AZL,NSP Proteins
Severe acute respiratory syndrome coronavirus 2,8AZM,Protease
Severe acute respiratory syndrome coronavirus 2,8AZM,NSP Proteins
Severe acute respiratory syndrome coronavirus 2,8AZN,Protease
Severe acute respiratory syndrome coronavirus 2,8AZN,NSP Proteins
Severe acute respiratory syndrome coronavirus 2,8AZO,Protease
Severe acute respiratory syndrome coronavirus 2,8AZO,NSP Proteins
Severe acute respiratory syndrome coronavirus 2,8AZP,Protease
Severe acute respiratory syndrome coronavirus 2,8AZP,NSP Proteins
Severe acute respiratory syndrome coronavirus 2,8B0S,Protease
Severe acute respiratory syndrome coronavirus 2,8B0S,NSP Proteins
Severe acute respiratory syndrome coronavirus 2,8B0T,Protease
Severe acute respiratory syndrome coronavirus 2,8B0T,NSP Proteins
Severe acute respiratory syndrome coronavirus 2,8B2T,Protease
Severe acute respiratory syndrome coronavirus 2,8B2T,NSP Proteins
Severe acute respiratory syndrome coronavirus 2,8BBN,Spike Protein
Severe acute respiratory syndrome coronavirus 2,8BBO,Spike Protein
Severe acute respiratory syndrome coronavirus 2,8BCZ,Spike Protein
Severe acute respiratory syndrome coronavirus 2,8BE1,Spike Protein
Severe acute respiratory syndrome coronavirus 2,8BEC,Spike Protein
Severe acute respiratory syndrome coronavirus 2,8BEV,Spike Protein
Severe acute respiratory syndrome coronavirus 2,8BFO,Protease
Severe acute respiratory syndrome coronavirus 2,8BFO,NSP Proteins
Severe acute respiratory syndrome coronavirus 2,8BFQ,Protease
Severe acute respiratory syndrome coronavirus 2,8BFQ,NSP Proteins
Severe acute respiratory syndrome coronavirus 2,8BG2,Spike Protein
Severe acute respiratory syndrome coronavirus 2,8BG3,Spike Protein
Severe acute respiratory syndrome coronavirus 2,8BG4,Spike Protein
Severe acute respiratory syndrome coronavirus 2,8BG5,Spike Protein
Severe acute respiratory syndrome coronavirus 2,8BG6,Spike Protein
Severe acute respiratory syndrome coronavirus 2,8BG8,Spike Protein
Severe acute respiratory syndrome coronavirus 2,8BGA,Protease
Severe acute respiratory syndrome coronavirus 2,8BGA,NSP Proteins
Severe acute respiratory syndrome coronavirus 2,8BGD,Protease
Severe acute respiratory syndrome coronavirus 2,8BGD,NSP Proteins
Severe acute respiratory syndrome coronavirus 2,8BGG,Spike Protein
Severe acute respiratory syndrome coronavirus 2,8BH5,Spike Protein
Severe acute respiratory syndrome coronavirus 2,8BON,Spike Protein
Severe acute respiratory syndrome coronavirus 2,8BS1,Protease
Severe acute respiratory syndrome coronavirus 2,8BS1,NSP Proteins
Severe acute respiratory syndrome coronavirus 2,8BS2,Protease
Severe acute respiratory syndrome coronavirus 2,8BS2,NSP Proteins
Severe acute respiratory syndrome coronavirus 2,8BSD,NSP Proteins
Severe acute respiratory syndrome coronavirus 2,8BSE,Spike Protein
Severe acute respiratory syndrome coronavirus 2,8BSF,Spike Protein
Severe acute respiratory syndrome coronavirus 2,8BWU,NSP Proteins
Severe acute respiratory syndrome coronavirus 2,8BZN,NSP Proteins
Severe acute respiratory syndrome coronavirus 2,8BZV,NSP Proteins
Severe acute respiratory syndrome coronavirus 2,8C0Y,Spike Protein
Severe acute respiratory syndrome coronavirus 2,8C19,NSP Proteins
Severe acute respiratory syndrome coronavirus 2,8C1A,NSP Proteins
Severe acute respiratory syndrome coronavirus 2,8C1V,Spike Protein
Severe acute respiratory syndrome coronavirus 2,8C2R,Spike Protein
Severe acute respiratory syndrome coronavirus 2,8C3V,Spike Protein
Severe acute respiratory syndrome coronavirus 2,8C5M,NSP Proteins
Severe acute respiratory syndrome coronavirus 2,8C8P,Spike Protein
Severe acute respiratory syndrome coronavirus 2,8C9L,Protease
Severe acute respiratory syndrome coronavirus 2,8C9L,NSP Proteins
Severe acute respiratory syndrome coronavirus 2,8C9O,Protease
Severe acute respiratory syndrome coronavirus 2,8C9O,NSP Proteins
Severe acute respiratory syndrome coronavirus 2,8C9P,Protease
Severe acute respiratory syndrome coronavirus 2,8C9P,NSP Proteins
Severe acute respiratory syndrome coronavirus 2,8C9Q,Protease
Severe acute respiratory syndrome coronavirus 2,8C9Q,NSP Proteins
Severe acute respiratory syndrome coronavirus 2,8C9U,Protease
Severe acute respiratory syndrome coronavirus 2,8C9U,NSP Proteins
Severe acute respiratory syndrome coronavirus 2,8CA6,Protease
Severe acute respiratory syndrome coronavirus 2,8CA6,NSP Proteins
Severe acute respiratory syndrome coronavirus 2,8CA8,Protease
Severe acute respiratory syndrome coronavirus 2,8CA8,NSP Proteins
Severe acute respiratory syndrome coronavirus 2,8CAC,Protease
Severe acute respiratory syndrome coronavirus 2,8CAC,NSP Proteins
Severe acute respiratory syndrome coronavirus 2,8CAJ,NSP Proteins
Severe acute respiratory syndrome coronavirus 2,8CBD,Spike Protein
Severe acute respiratory syndrome coronavirus 2,8CBE,Spike Protein
Severe acute respiratory syndrome coronavirus 2,8CBF,Spike Protein
Severe acute respiratory syndrome coronavirus 2,8CDC,Protease
Severe acute respiratory syndrome coronavirus 2,8CDC,NSP Proteins
Severe acute respiratory syndrome coronavirus 2,8CIM,Spike Protein
Severe acute respiratory syndrome coronavirus 2,8CIN,Spike Protein
Severe acute respiratory syndrome coronavirus 2,8CMA,Spike Protein
Severe acute respiratory syndrome coronavirus 2,8CMB,Spike Protein
Severe acute respiratory syndrome coronavirus 2,8CMC,Spike Protein
Severe acute respiratory syndrome coronavirus 2,8CMD,Spike Protein
Severe acute respiratory syndrome coronavirus 2,8CMF,NSP Proteins
Severe acute respiratory syndrome coronavirus 2,8CMG,NSP Proteins
Severe acute respiratory syndrome coronavirus 2,8CMH,Spike Protein
Severe acute respiratory syndrome coronavirus 2,8CMI,Spike Protein
Severe acute respiratory syndrome coronavirus 2,8CRF,NSP Proteins
Severe acute respiratory syndrome coronavirus 2,8CRK,NSP Proteins
Severe acute respiratory syndrome coronavirus 2,8CRM,NSP Proteins
Severe acute respiratory syndrome coronavirus 2,8CSA,Spike Protein
Severe acute respiratory syndrome coronavirus 2,8CSJ,Fusion Protein
Severe acute respiratory syndrome coronavirus 2,8CSJ,Spike Protein
Severe acute respiratory syndrome coronavirus 2,8CTK,Capsid Protein
Severe acute respiratory syndrome coronavirus 2,8CWI,Spike Protein
Severe acute respiratory syndrome coronavirus 2,8CWK,Spike Protein
Severe acute respiratory syndrome coronavirus 2,8CWU,Spike Protein
Severe acute respiratory syndrome coronavirus 2,8CWV,Spike Protein
Severe acute respiratory syndrome coronavirus 2,8CX9,Protease
Severe acute respiratory syndrome coronavirus 2,8CX9,NSP Proteins
Severe acute respiratory syndrome coronavirus 2,8CXN,Spike Protein
Severe acute respiratory syndrome coronavirus 2,8CXQ,Spike Protein
Severe acute respiratory syndrome coronavirus 2,8CY6,Spike Protein
Severe acute respiratory syndrome coronavirus 2,8CY7,Spike Protein
Severe acute respiratory syndrome coronavirus 2,8CY9,Spike Protein
Severe acute respiratory syndrome coronavirus 2,8CYA,Spike Protein
Severe acute respiratory syndrome coronavirus 2,8CYB,Spike Protein
Severe acute respiratory syndrome coronavirus 2,8CYC,Spike Protein
Severe acute respiratory syndrome coronavirus 2,8CYD,Spike Protein
Severe acute respiratory syndrome coronavirus 2,8CYJ,Spike Protein
Severe acute respiratory syndrome coronavirus 2,8CYU,Protease
Severe acute respiratory syndrome coronavirus 2,8CYU,NSP Proteins
Severe acute respiratory syndrome coronavirus 2,8CYZ,Protease
Severe acute respiratory syndrome coronavirus 2,8CYZ,NSP Proteins
Severe acute respiratory syndrome coronavirus 2,8CZ4,Protease
Severe acute respiratory syndrome coronavirus 2,8CZ4,NSP Proteins
Severe acute respiratory syndrome coronavirus 2,8CZ7,Protease
Severe acute respiratory syndrome coronavirus 2,8CZ7,NSP Proteins
Severe acute respiratory syndrome coronavirus 2,8CZI,Spike Protein
Severe acute respiratory syndrome coronavirus 2,8CZW,Protease
Severe acute respiratory syndrome coronavirus 2,8CZW,NSP Proteins
Severe acute respiratory syndrome coronavirus 2,8CZX,Protease
Severe acute respiratory syndrome coronavirus 2,8CZX,NSP Proteins
Severe acute respiratory syndrome coronavirus 2,8D0Z,Spike Protein
Severe acute respiratory syndrome coronavirus 2,8D34,NSP Proteins
Severe acute respiratory syndrome coronavirus 2,8D35,Protease
Severe acute respiratory syndrome coronavirus 2,8D35,NSP Proteins
Severe acute respiratory syndrome coronavirus 2,8D36,Spike Protein
Severe acute respiratory syndrome coronavirus 2,8D47,Spike Protein
Severe acute respiratory syndrome coronavirus 2,8D48,Spike Protein
Severe acute respiratory syndrome coronavirus 2,8D4J,Protease
Severe acute respiratory syndrome coronavirus 2,8D4J,NSP Proteins
Severe acute respiratory syndrome coronavirus 2,8D4K,Protease
Severe acute respiratory syndrome coronavirus 2,8D4K,NSP Proteins
Severe acute respiratory syndrome coronavirus 2,8D4L,Protease
Severe acute respiratory syndrome coronavirus 2,8D4L,NSP Proteins
Severe acute respiratory syndrome coronavirus 2,8D4M,Protease
Severe acute respiratory syndrome coronavirus 2,8D4M,NSP Proteins
Severe acute respiratory syndrome coronavirus 2,8D4N,Protease
Severe acute respiratory syndrome coronavirus 2,8D4N,NSP Proteins
Severe acute respiratory syndrome coronavirus 2,8D4P,Protease
Severe acute respiratory syndrome coronavirus 2,8D4P,NSP Proteins
Severe acute respiratory syndrome coronavirus 2,8D55,Spike Protein
Severe acute respiratory syndrome coronavirus 2,8D56,Spike Protein
Severe acute respiratory syndrome coronavirus 2,8D5A,Spike Protein
Severe acute respiratory syndrome coronavirus 2,8D6Z,Spike Protein
Severe acute respiratory syndrome coronavirus 2,8D8Q,Spike Protein
Severe acute respiratory syndrome coronavirus 2,8D8R,Spike Protein
Severe acute respiratory syndrome coronavirus 2,8DAD,Spike Protein
Severe acute respiratory syndrome coronavirus 2,8DAO,Spike Protein
Severe acute respiratory syndrome coronavirus 2,8DCC,Spike Protein
Severe acute respiratory syndrome coronavirus 2,8DCE,Spike Protein
Severe acute respiratory syndrome coronavirus 2,8DCZ,Protease
Severe acute respiratory syndrome coronavirus 2,8DCZ,NSP Proteins
Severe acute respiratory syndrome coronavirus 2,8DD1,Protease
Severe acute respiratory syndrome coronavirus 2,8DD1,NSP Proteins
Severe acute respiratory syndrome coronavirus 2,8DD6,Protease
Severe acute respiratory syndrome coronavirus 2,8DD9,Protease
Severe acute respiratory syndrome coronavirus 2,8DD9,NSP Proteins
Severe acute respiratory syndrome coronavirus 2,8DDI,Protease
Severe acute respiratory syndrome coronavirus 2,8DDI,NSP Proteins
Severe acute respiratory syndrome coronavirus 2,8DDL,Protease
Severe acute respiratory syndrome coronavirus 2,8DDM,Protease
Severe acute respiratory syndrome coronavirus 2,8DDM,NSP Proteins
Severe acute respiratory syndrome coronavirus 2,8DF5,Spike Protein
Severe acute respiratory syndrome coronavirus 2,8DF5,Protease
Severe acute respiratory syndrome coronavirus 2,8DFE,Protease
Severe acute respiratory syndrome coronavirus 2,8DFE,NSP Proteins
Severe acute respiratory syndrome coronavirus 2,8DFN,Protease
Severe acute respiratory syndrome coronavirus 2,8DFN,NSP Proteins
Severe acute respiratory syndrome coronavirus 2,8DGB,Protease
Severe acute respiratory syndrome coronavirus 2,8DGB,NSP Proteins
Severe acute respiratory syndrome coronavirus 2,8DGU,Spike Protein
Severe acute respiratory syndrome coronavirus 2,8DI3,Protease
Severe acute respiratory syndrome coronavirus 2,8DI3,NSP Proteins
Severe acute respiratory syndrome coronavirus 2,8DI5,Fusion Protein
Severe acute respiratory syndrome coronavirus 2,8DI5,Spike Protein
Severe acute respiratory syndrome coronavirus 2,8DIB,Protease
Severe acute respiratory syndrome coronavirus 2,8DIB,NSP Proteins
Severe acute respiratory syndrome coronavirus 2,8DIC,Protease
Severe acute respiratory syndrome coronavirus 2,8DIC,NSP Proteins
Severe acute respiratory syndrome coronavirus 2,8DID,Protease
Severe acute respiratory syndrome coronavirus 2,8DID,NSP Proteins
Severe acute respiratory syndrome coronavirus 2,8DIE,Protease
Severe acute respiratory syndrome coronavirus 2,8DIE,NSP Proteins
Severe acute respiratory syndrome coronavirus 2,8DIF,Protease
Severe acute respiratory syndrome coronavirus 2,8DIF,NSP Proteins
Severe acute respiratory syndrome coronavirus 2,8DIG,Protease
Severe acute respiratory syndrome coronavirus 2,8DIG,NSP Proteins
Severe acute respiratory syndrome coronavirus 2,8DIH,Protease
Severe acute respiratory syndrome coronavirus 2,8DIH,NSP Proteins
Severe acute respiratory syndrome coronavirus 2,8DII,Protease
Severe acute respiratory syndrome coronavirus 2,8DII,NSP Proteins
Severe acute respiratory syndrome coronavirus 2,8DJJ,Protease
Severe acute respiratory syndrome coronavirus 2,8DJJ,NSP Proteins
Severe acute respiratory syndrome coronavirus 2,8DK8,Protease
Severe acute respiratory syndrome coronavirus 2,8DK8,NSP Proteins
Severe acute respiratory syndrome coronavirus 2,8DKH,Protease
Severe acute respiratory syndrome coronavirus 2,8DKH,NSP Proteins
Severe acute respiratory syndrome coronavirus 2,8DKJ,Protease
Severe acute respiratory syndrome coronavirus 2,8DKJ,NSP Proteins
Severe acute respiratory syndrome coronavirus 2,8DKK,Protease
Severe acute respiratory syndrome coronavirus 2,8DKK,NSP Proteins
Severe acute respiratory syndrome coronavirus 2,8DKL,Protease
Severe acute respiratory syndrome coronavirus 2,8DKL,NSP Proteins
Severe acute respiratory syndrome coronavirus 2,8DKZ,Protease
Severe acute respiratory syndrome coronavirus 2,8DKZ,NSP Proteins
Severe acute respiratory syndrome coronavirus 2,8DL9,Protease
Severe acute respiratory syndrome coronavirus 2,8DL9,NSP Proteins
Severe acute respiratory syndrome coronavirus 2,8DLB,Protease
Severe acute respiratory syndrome coronavirus 2,8DLB,NSP Proteins
Severe acute respiratory syndrome coronavirus 2,8DLI,Fusion Protein
Severe acute respiratory syndrome coronavirus 2,8DLI,Spike Protein
Severe acute respiratory syndrome coronavirus 2,8DLJ,Fusion Protein
Severe acute respiratory syndrome coronavirus 2,8DLJ,Spike Protein
Severe acute respiratory syndrome coronavirus 2,8DLK,Fusion Protein
Severe acute respiratory syndrome coronavirus 2,8DLK,Spike Protein
Severe acute respiratory syndrome coronavirus 2,8DLL,Fusion Protein
Severe acute respiratory syndrome coronavirus 2,8DLL,Spike Protein
Severe acute respiratory syndrome coronavirus 2,8DLM,Fusion Protein
Severe acute respiratory syndrome coronavirus 2,8DLM,Spike Protein
Severe acute respiratory syndrome coronavirus 2,8DLN,Fusion Protein
Severe acute respiratory syndrome coronavirus 2,8DLN,Spike Protein
Severe acute respiratory syndrome coronavirus 2,8DLO,Fusion Protein
Severe acute respiratory syndrome coronavirus 2,8DLO,Spike Protein
Severe acute respiratory syndrome coronavirus 2,8DLP,Fusion Protein
Severe acute respiratory syndrome coronavirus 2,8DLP,Spike Protein
Severe acute respiratory syndrome coronavirus 2,8DLQ,Fusion Protein
Severe acute respiratory syndrome coronavirus 2,8DLQ,Spike Protein
Severe acute respiratory syndrome coronavirus 2,8DLR,Fusion Protein
Severe acute respiratory syndrome coronavirus 2,8DLR,Spike Protein
Severe acute respiratory syndrome coronavirus 2,8DLS,Fusion Protein
Severe acute respiratory syndrome coronavirus 2,8DLS,Spike Protein
Severe acute respiratory syndrome coronavirus 2,8DLT,Fusion Protein
Severe acute respiratory syndrome coronavirus 2,8DLT,Spike Protein
Severe acute respiratory syndrome coronavirus 2,8DLU,Fusion Protein
Severe acute respiratory syndrome coronavirus 2,8DLU,Spike Protein
Severe acute respiratory syndrome coronavirus 2,8DLV,Fusion Protein
Severe acute respiratory syndrome coronavirus 2,8DLV,Spike Protein
Severe acute respiratory syndrome coronavirus 2,8DLW,Fusion Protein
Severe acute respiratory syndrome coronavirus 2,8DLW,Spike Protein
Severe acute respiratory syndrome coronavirus 2,8DLX,Fusion Protein
Severe acute respiratory syndrome coronavirus 2,8DLX,Spike Protein
Severe acute respiratory syndrome coronavirus 2,8DLY,Fusion Protein
Severe acute respiratory syndrome coronavirus 2,8DLY,Spike Protein
Severe acute respiratory syndrome coronavirus 2,8DLZ,Fusion Protein
Severe acute respiratory syndrome coronavirus 2,8DLZ,Spike Protein
Severe acute respiratory syndrome coronavirus 2,8DM0,Fusion Protein
Severe acute respiratory syndrome coronavirus 2,8DM0,Spike Protein
Severe acute respiratory syndrome coronavirus 2,8DM1,Fusion Protein
Severe acute respiratory syndrome coronavirus 2,8DM1,Spike Protein
Severe acute respiratory syndrome coronavirus 2,8DM2,Fusion Protein
Severe acute respiratory syndrome coronavirus 2,8DM2,Spike Protein
Severe acute respiratory syndrome coronavirus 2,8DM3,Fusion Protein
Severe acute respiratory syndrome coronavirus 2,8DM3,Spike Protein
Severe acute respiratory syndrome coronavirus 2,8DM4,Fusion Protein
Severe acute respiratory syndrome coronavirus 2,8DM4,Spike Protein
Severe acute respiratory syndrome coronavirus 2,8DM5,Fusion Protein
Severe acute respiratory syndrome coronavirus 2,8DM5,Spike Protein
Severe acute respiratory syndrome coronavirus 2,8DM6,Fusion Protein
Severe acute respiratory syndrome coronavirus 2,8DM6,Spike Protein
Severe acute respiratory syndrome coronavirus 2,8DM7,Fusion Protein
Severe acute respiratory syndrome coronavirus 2,8DM7,Spike Protein
Severe acute respiratory syndrome coronavirus 2,8DM8,Fusion Protein
Severe acute respiratory syndrome coronavirus 2,8DM8,Spike Protein
Severe acute respiratory syndrome coronavirus 2,8DM9,Fusion Protein
Severe acute respiratory syndrome coronavirus 2,8DM9,Spike Protein
Severe acute respiratory syndrome coronavirus 2,8DMA,Fusion Protein
Severe acute respiratory syndrome coronavirus 2,8DMA,Spike Protein
Severe acute respiratory syndrome coronavirus 2,8DMD,Protease
Severe acute respiratory syndrome coronavirus 2,8DMD,NSP Proteins
Severe acute respiratory syndrome coronavirus 2,8DMN,Protease
Severe acute respiratory syndrome coronavirus 2,8DMN,NSP Proteins
Severe acute respiratory syndrome coronavirus 2,8DNN,Spike Protein
Severe acute respiratory syndrome coronavirus 2,8DNT,Capsid Protein
Severe acute respiratory syndrome coronavirus 2,8DNT,Nucleoprotein
Severe acute respiratory syndrome coronavirus 2,8DNT,Nucleocapsid Protein
Severe acute respiratory syndrome coronavirus 2,8DOX,Protease
Severe acute respiratory syndrome coronavirus 2,8DOX,NSP Proteins
Severe acute respiratory syndrome coronavirus 2,8DOY,Protease
Severe acute respiratory syndrome coronavirus 2,8DOY,NSP Proteins
Severe acute respiratory syndrome coronavirus 2,8DPR,Protease
Severe acute respiratory syndrome coronavirus 2,8DPR,NSP Proteins
Severe acute respiratory syndrome coronavirus 2,8DPZ,Spike Protein
Severe acute respiratory syndrome coronavirus 2,8DQU,NSP Proteins
Severe acute respiratory syndrome coronavirus 2,8DRR,Protease
Severe acute respiratory syndrome coronavirus 2,8DRR,NSP Proteins
Severe acute respiratory syndrome coronavirus 2,8DRS,Protease
Severe acute respiratory syndrome coronavirus 2,8DRS,NSP Proteins
Severe acute respiratory syndrome coronavirus 2,8DRT,Protease
Severe acute respiratory syndrome coronavirus 2,8DRT,NSP Proteins
Severe acute respiratory syndrome coronavirus 2,8DRU,Fusion Protein
Severe acute respiratory syndrome coronavirus 2,8DRU,Protease
Severe acute respiratory syndrome coronavirus 2,8DRU,NSP Proteins
Severe acute respiratory syndrome coronavirus 2,8DRV,Fusion Protein
Severe acute respiratory syndrome coronavirus 2,8DRV,Protease
Severe acute respiratory syndrome coronavirus 2,8DRV,NSP Proteins
Severe acute respiratory syndrome coronavirus 2,8DRW,Fusion Protein
Severe acute respiratory syndrome coronavirus 2,8DRW,Protease
Severe acute respiratory syndrome coronavirus 2,8DRW,NSP Proteins
Severe acute respiratory syndrome coronavirus 2,8DRX,Fusion Protein
Severe acute respiratory syndrome coronavirus 2,8DRX,Protease
Severe acute respiratory syndrome coronavirus 2,8DRX,NSP Proteins
Severe acute respiratory syndrome coronavirus 2,8DRY,Fusion Protein
Severe acute respiratory syndrome coronavirus 2,8DRY,Protease
Severe acute respiratory syndrome coronavirus 2,8DRY,NSP Proteins
Severe acute respiratory syndrome coronavirus 2,8DRZ,Protease
Severe acute respiratory syndrome coronavirus 2,8DRZ,NSP Proteins
Severe acute respiratory syndrome coronavirus 2,8DS0,Protease
Severe acute respiratory syndrome coronavirus 2,8DS0,NSP Proteins
Severe acute respiratory syndrome coronavirus 2,8DS1,Protease
Severe acute respiratory syndrome coronavirus 2,8DS1,NSP Proteins
Severe acute respiratory syndrome coronavirus 2,8DS2,Protease
Severe acute respiratory syndrome coronavirus 2,8DS2,NSP Proteins
Severe acute respiratory syndrome coronavirus 2,8DSU,Protease
Severe acute respiratory syndrome coronavirus 2,8DSU,NSP Proteins
Severe acute respiratory syndrome coronavirus 2,8DT3,Spike Protein
Severe acute respiratory syndrome coronavirus 2,8DT8,Spike Protein
Severe acute respiratory syndrome coronavirus 2,8DT9,Protease
Severe acute respiratory syndrome coronavirus 2,8DT9,NSP Proteins
Severe acute respiratory syndrome coronavirus 2,8DTK,Spike Protein
Severe acute respiratory syndrome coronavirus 2,8DTR,Spike Protein
Severe acute respiratory syndrome coronavirus 2,8DTT,Spike Protein
Severe acute respiratory syndrome coronavirus 2,8DTX,Spike Protein
Severe acute respiratory syndrome coronavirus 2,8DV1,Spike Protein
Severe acute respiratory syndrome coronavirus 2,8DV1,Protease
Severe acute respiratory syndrome coronavirus 2,8DV2,Spike Protein
Severe acute respiratory syndrome coronavirus 2,8DV2,Protease
Severe acute respiratory syndrome coronavirus 2,8DW2,Spike Protein
Severe acute respiratory syndrome coronavirus 2,8DW3,Spike Protein
Severe acute respiratory syndrome coronavirus 2,8DW9,Spike Protein
Severe acute respiratory syndrome coronavirus 2,8DWA,Spike Protein
Severe acute respiratory syndrome coronavirus 2,8DXS,Fusion Protein
Severe acute respiratory syndrome coronavirus 2,8DXS,Spike Protein
Severe acute respiratory syndrome coronavirus 2,8DXT,Spike Protein
Severe acute respiratory syndrome coronavirus 2,8DXU,Spike Protein
Severe acute respiratory syndrome coronavirus 2,8DYA,Fusion Protein
Severe acute respiratory syndrome coronavirus 2,8DYA,Spike Protein
Severe acute respiratory syndrome coronavirus 2,8DZ0,Protease
Severe acute respiratory syndrome coronavirus 2,8DZ0,NSP Proteins
Severe acute respiratory syndrome coronavirus 2,8DZ1,Protease
Severe acute respiratory syndrome coronavirus 2,8DZ2,Protease
Severe acute respiratory syndrome coronavirus 2,8DZ2,NSP Proteins
Severe acute respiratory syndrome coronavirus 2,8DZ6,Protease
Severe acute respiratory syndrome coronavirus 2,8DZ6,NSP Proteins
Severe acute respiratory syndrome coronavirus 2,8DZ9,Protease
Severe acute respiratory syndrome coronavirus 2,8DZ9,NSP Proteins
Severe acute respiratory syndrome coronavirus 2,8DZA,Protease
Severe acute respiratory syndrome coronavirus 2,8DZA,NSP Proteins
Severe acute respiratory syndrome coronavirus 2,8DZB,Protease
Severe acute respiratory syndrome coronavirus 2,8DZB,NSP Proteins
Severe acute respiratory syndrome coronavirus 2,8DZC,Protease
Severe acute respiratory syndrome coronavirus 2,8DZC,NSP Proteins
Severe acute respiratory syndrome coronavirus 2,8DZH,Spike Protein
Severe acute respiratory syndrome coronavirus 2,8DZI,Spike Protein
Severe acute respiratory syndrome coronavirus 2,8E1G,Spike Protein
Severe acute respiratory syndrome coronavirus 2,8E1Y,Protease
Severe acute respiratory syndrome coronavirus 2,8E1Y,NSP Proteins
Severe acute respiratory syndrome coronavirus 2,8E25,Protease
Severe acute respiratory syndrome coronavirus 2,8E26,Protease
Severe acute respiratory syndrome coronavirus 2,8E26,NSP Proteins
Severe acute respiratory syndrome coronavirus 2,8E4J,Protease
Severe acute respiratory syndrome coronavirus 2,8E4R,Protease
Severe acute respiratory syndrome coronavirus 2,8E4W,Protease
Severe acute respiratory syndrome coronavirus 2,8E4W,NSP Proteins
Severe acute respiratory syndrome coronavirus 2,8E5C,Protease
Severe acute respiratory syndrome coronavirus 2,8E5C,NSP Proteins
Severe acute respiratory syndrome coronavirus 2,8E5X,Protease
Severe acute respiratory syndrome coronavirus 2,8E5X,NSP Proteins
Severe acute respiratory syndrome coronavirus 2,8E5Z,Protease
Severe acute respiratory syndrome coronavirus 2,8E5Z,NSP Proteins
Severe acute respiratory syndrome coronavirus 2,8E61,Protease
Severe acute respiratory syndrome coronavirus 2,8E61,NSP Proteins
Severe acute respiratory syndrome coronavirus 2,8E63,Protease
Severe acute respiratory syndrome coronavirus 2,8E63,NSP Proteins
Severe acute respiratory syndrome coronavirus 2,8E64,Protease
Severe acute respiratory syndrome coronavirus 2,8E64,NSP Proteins
Severe acute respiratory syndrome coronavirus 2,8E65,Protease
Severe acute respiratory syndrome coronavirus 2,8E65,NSP Proteins
Severe acute respiratory syndrome coronavirus 2,8E68,Protease
Severe acute respiratory syndrome coronavirus 2,8E68,NSP Proteins
Severe acute respiratory syndrome coronavirus 2,8E69,Protease
Severe acute respiratory syndrome coronavirus 2,8E69,NSP Proteins
Severe acute respiratory syndrome coronavirus 2,8E6A,Protease
Severe acute respiratory syndrome coronavirus 2,8E6A,NSP Proteins
Severe acute respiratory syndrome coronavirus 2,8EDF,Spike Protein
Severe acute respiratory syndrome coronavirus 2,8EHJ,Protease
Severe acute respiratory syndrome coronavirus 2,8EHJ,NSP Proteins
Severe acute respiratory syndrome coronavirus 2,8EHK,Protease
Severe acute respiratory syndrome coronavirus 2,8EHK,NSP Proteins
Severe acute respiratory syndrome coronavirus 2,8EHL,Protease
Severe acute respiratory syndrome coronavirus 2,8EHL,NSP Proteins
Severe acute respiratory syndrome coronavirus 2,8EHM,Protease
Severe acute respiratory syndrome coronavirus 2,8EHM,NSP Proteins
Severe acute respiratory syndrome coronavirus 2,8EIR,Protease
Severe acute respiratory syndrome coronavirus 2,8EIR,NSP Proteins
Severe acute respiratory syndrome coronavirus 2,8EJ7,Protease
Severe acute respiratory syndrome coronavirus 2,8EJ7,NSP Proteins
Severe acute respiratory syndrome coronavirus 2,8EJ9,Protease
Severe acute respiratory syndrome coronavirus 2,8EJ9,NSP Proteins
Severe acute respiratory syndrome coronavirus 2,8EKE,Protease
Severe acute respiratory syndrome coronavirus 2,8EKE,NSP Proteins
Severe acute respiratory syndrome coronavirus 2,8EL2,Spike Protein
Severe acute respiratory syndrome coronavirus 2,8ELH,Spike Protein
Severe acute respiratory syndrome coronavirus 2,8ELJ,Spike Protein
Severe acute respiratory syndrome coronavirus 2,8ELO,Spike Protein
Severe acute respiratory syndrome coronavirus 2,8ELP,Spike Protein
Severe acute respiratory syndrome coronavirus 2,8ELQ,Spike Protein
Severe acute respiratory syndrome coronavirus 2,8ENS,Spike Protein
Severe acute respiratory syndrome coronavirus 2,8ENW,Spike Protein
Severe acute respiratory syndrome coronavirus 2,8ENX,Spike Protein
Severe acute respiratory syndrome coronavirus 2,8EOO,Spike Protein
Severe acute respiratory syndrome coronavirus 2,8EOY,Protease
Severe acute respiratory syndrome coronavirus 2,8EPN,Spike Protein
Severe acute respiratory syndrome coronavirus 2,8EPP,Spike Protein
Severe acute respiratory syndrome coronavirus 2,8EPQ,Spike Protein
Severe acute respiratory syndrome coronavirus 2,8EQF,Spike Protein
Severe acute respiratory syndrome coronavirus 2,8ERQ,Fusion Protein
Severe acute respiratory syndrome coronavirus 2,8ERQ,Spike Protein
Severe acute respiratory syndrome coronavirus 2,8ERR,Fusion Protein
Severe acute respiratory syndrome coronavirus 2,8ERR,Spike Protein
Severe acute respiratory syndrome coronavirus 2,8ERS,Protease
Severe acute respiratory syndrome coronavirus 2,8ERS,NSP Proteins
Severe acute respiratory syndrome coronavirus 2,8EUA,Protease
Severe acute respiratory syndrome coronavirus 2,8EUA,NSP Proteins
Severe acute respiratory syndrome coronavirus 2,8EY2,Protease
Severe acute respiratory syndrome coronavirus 2,8EY2,NSP Proteins
Severe acute respiratory syndrome coronavirus 2,8EYG,Spike Protein
Severe acute respiratory syndrome coronavirus 2,8EYH,Spike Protein
Severe acute respiratory syndrome coronavirus 2,8EYJ,Protease
Severe acute respiratory syndrome coronavirus 2,8EYJ,NSP Proteins
Severe acute respiratory syndrome coronavirus 2,8EZV,Accessory Proteins
Severe acute respiratory syndrome coronavirus 2,8EZV,Protease
Severe acute respiratory syndrome coronavirus 2,8EZV,NSP Proteins
Severe acute respiratory syndrome coronavirus 2,8EZZ,Accessory Proteins
Severe acute respiratory syndrome coronavirus 2,8EZZ,Protease
Severe acute respiratory syndrome coronavirus 2,8EZZ,NSP Proteins
Severe acute respiratory syndrome coronavirus 2,8F02,Accessory Proteins
Severe acute respiratory syndrome coronavirus 2,8F02,Protease
Severe acute respiratory syndrome coronavirus 2,8F02,NSP Proteins
Severe acute respiratory syndrome coronavirus 2,8F0G,Spike Protein
Severe acute respiratory syndrome coronavirus 2,8F0H,Spike Protein
Severe acute respiratory syndrome coronavirus 2,8F0I,Spike Protein
Severe acute respiratory syndrome coronavirus 2,8F2C,Accessory Proteins
Severe acute respiratory syndrome coronavirus 2,8F2C,Protease
Severe acute respiratory syndrome coronavirus 2,8F2C,NSP Proteins
Severe acute respiratory syndrome coronavirus 2,8F2D,Accessory Proteins
Severe acute respiratory syndrome coronavirus 2,8F2D,Protease
Severe acute respiratory syndrome coronavirus 2,8F2D,NSP Proteins
Severe acute respiratory syndrome coronavirus 2,8F2E,Protease
Severe acute respiratory syndrome coronavirus 2,8F2E,NSP Proteins
Severe acute respiratory syndrome coronavirus 2,8F2J,Spike Protein
Severe acute respiratory syndrome coronavirus 2,8F2X,Spike Protein
Severe acute respiratory syndrome coronavirus 2,8F44,Protease
Severe acute respiratory syndrome coronavirus 2,8F44,NSP Proteins
Severe acute respiratory syndrome coronavirus 2,8F45,Protease
Severe acute respiratory syndrome coronavirus 2,8F45,NSP Proteins
Severe acute respiratory syndrome coronavirus 2,8F46,Protease
Severe acute respiratory syndrome coronavirus 2,8F46,NSP Proteins
Severe acute respiratory syndrome coronavirus 2,8F4P,Spike Protein
Severe acute respiratory syndrome coronavirus 2,8F4S,NSP Proteins
Severe acute respiratory syndrome coronavirus 2,8F4Y,NSP Proteins
Severe acute respiratory syndrome coronavirus 2,8FA1,Spike Protein
Severe acute respiratory syndrome coronavirus 2,8FA2,Spike Protein
Severe acute respiratory syndrome coronavirus 2,8FAH,Spike Protein
Severe acute respiratory syndrome coronavirus 2,8FD5,Capsid Protein
Severe acute respiratory syndrome coronavirus 2,8FD5,Nucleoprotein
Severe acute respiratory syndrome coronavirus 2,8FD5,Nucleocapsid Protein
Severe acute respiratory syndrome coronavirus 2,8FEZ,Fusion Protein
Severe acute respiratory syndrome coronavirus 2,8FEZ,Spike Protein
Severe acute respiratory syndrome coronavirus 2,8FHY,Spike Protein
Severe acute respiratory syndrome coronavirus 2,8FI9,Spike Protein
Severe acute respiratory syndrome coronavirus 2,8FIG,Protease
Severe acute respiratory syndrome coronavirus 2,8FIG,NSP Proteins
Severe acute respiratory syndrome coronavirus 2,8FIV,Protease
Severe acute respiratory syndrome coronavirus 2,8FIV,NSP Proteins
Severe acute respiratory syndrome coronavirus 2,8FIW,Protease
Severe acute respiratory syndrome coronavirus 2,8FIW,NSP Proteins
Severe acute respiratory syndrome coronavirus 2,8FRJ,Fusion Protein
Severe acute respiratory syndrome coronavirus 2,8FRJ,NSP Proteins
Severe acute respiratory syndrome coronavirus 2,8FRK,Fusion Protein
Severe acute respiratory syndrome coronavirus 2,8FRK,NSP Proteins
Severe acute respiratory syndrome coronavirus 2,8FTC,Protease
Severe acute respiratory syndrome coronavirus 2,8FTC,NSP Proteins
Severe acute respiratory syndrome coronavirus 2,8FTL,Protease
Severe acute respiratory syndrome coronavirus 2,8FTL,NSP Proteins
Severe acute respiratory syndrome coronavirus 2,8FU7,Spike Protein
Severe acute respiratory syndrome coronavirus 2,8FU8,Spike Protein
Severe acute respiratory syndrome coronavirus 2,8FU9,Spike Protein
Severe acute respiratory syndrome coronavirus 2,8FWN,Protease
Severe acute respiratory syndrome coronavirus 2,8FWN,NSP Proteins
Severe acute respiratory syndrome coronavirus 2,8FWO,Protease
Severe acute respiratory syndrome coronavirus 2,8FWO,NSP Proteins
Severe acute respiratory syndrome coronavirus 2,8FXC,Spike Protein
Severe acute respiratory syndrome coronavirus 2,8FY6,Protease
Severe acute respiratory syndrome coronavirus 2,8FY6,NSP Proteins
Severe acute respiratory syndrome coronavirus 2,8FY7,Protease
Severe acute respiratory syndrome coronavirus 2,8FY7,NSP Proteins
Severe acute respiratory syndrome coronavirus 2,8G62,Protease
Severe acute respiratory syndrome coronavirus 2,8G62,NSP Proteins
Severe acute respiratory syndrome coronavirus 2,8G70,Spike Protein
Severe acute respiratory syndrome coronavirus 2,8G71,Spike Protein
Severe acute respiratory syndrome coronavirus 2,8G72,Spike Protein
Severe acute respiratory syndrome coronavirus 2,8G73,Spike Protein
Severe acute respiratory syndrome coronavirus 2,8G74,Spike Protein
Severe acute respiratory syndrome coronavirus 2,8G75,Spike Protein
Severe acute respiratory syndrome coronavirus 2,8G76,Spike Protein
Severe acute respiratory syndrome coronavirus 2,8G77,Spike Protein
Severe acute respiratory syndrome coronavirus 2,8G78,Spike Protein
Severe acute respiratory syndrome coronavirus 2,8G79,Spike Protein
Severe acute respiratory syndrome coronavirus 2,8G7A,Spike Protein
Severe acute respiratory syndrome coronavirus 2,8G7B,Spike Protein
Severe acute respiratory syndrome coronavirus 2,8G7C,Spike Protein
Severe acute respiratory syndrome coronavirus 2,8GB0,Spike Protein
Severe acute respiratory syndrome coronavirus 2,8GB5,Spike Protein
Severe acute respiratory syndrome coronavirus 2,8GB6,Spike Protein
Severe acute respiratory syndrome coronavirus 2,8GB7,Spike Protein
Severe acute respiratory syndrome coronavirus 2,8GB8,Spike Protein
Severe acute respiratory syndrome coronavirus 2,8GDR,Spike Protein
Severe acute respiratory syndrome coronavirus 2,8GF2,Spike Protein
Severe acute respiratory syndrome coronavirus 2,8GFK,Protease
Severe acute respiratory syndrome coronavirus 2,8GFK,NSP Proteins
Severe acute respiratory syndrome coronavirus 2,8GFN,Protease
Severe acute respiratory syndrome coronavirus 2,8GFN,NSP Proteins
Severe acute respiratory syndrome coronavirus 2,8GFO,Protease
Severe acute respiratory syndrome coronavirus 2,8GFO,NSP Proteins
Severe acute respiratory syndrome coronavirus 2,8GFR,Protease
Severe acute respiratory syndrome coronavirus 2,8GFR,NSP Proteins
Severe acute respiratory syndrome coronavirus 2,8GFU,Protease
Severe acute respiratory syndrome coronavirus 2,8GFU,NSP Proteins
Severe acute respiratory syndrome coronavirus 2,8GIA,Protease
Severe acute respiratory syndrome coronavirus 2,8GIA,NSP Proteins
Severe acute respiratory syndrome coronavirus 2,8GJM,Spike Protein
Severe acute respiratory syndrome coronavirus 2,8GJN,Spike Protein
Severe acute respiratory syndrome coronavirus 2,8GNH,Spike Protein
Severe acute respiratory syndrome coronavirus 2,8GOM,Spike Protein
Severe acute respiratory syndrome coronavirus 2,8GON,Spike Protein
Severe acute respiratory syndrome coronavirus 2,8GOU,Spike Protein
Severe acute respiratory syndrome coronavirus 2,8GPY,Spike Protein
Severe acute respiratory syndrome coronavirus 2,8GQC,Protease
Severe acute respiratory syndrome coronavirus 2,8GQC,NSP Proteins
Severe acute respiratory syndrome coronavirus 2,8GQT,Protease
Severe acute respiratory syndrome coronavirus 2,8GQT,NSP Proteins
Severe acute respiratory syndrome coronavirus 2,8GRY,Spike Protein
Severe acute respiratory syndrome coronavirus 2,8GS6,Spike Protein
Severe acute respiratory syndrome coronavirus 2,8GS9,Spike Protein
Severe acute respiratory syndrome coronavirus 2,8GSB,Spike Protein
Severe acute respiratory syndrome coronavirus 2,8GTO,Spike Protein
Severe acute respiratory syndrome coronavirus 2,8GTP,Spike Protein
Severe acute respiratory syndrome coronavirus 2,8GTQ,Spike Protein
Severe acute respiratory syndrome coronavirus 2,8GTV,Protease
Severe acute respiratory syndrome coronavirus 2,8GTW,Protease
Severe acute respiratory syndrome coronavirus 2,8GVD,Protease
Severe acute respiratory syndrome coronavirus 2,8GVD,NSP Proteins
Severe acute respiratory syndrome coronavirus 2,8GVY,Protease
Severe acute respiratory syndrome coronavirus 2,8GVY,NSP Proteins
Severe acute respiratory syndrome coronavirus 2,8GW1,Helicase
Severe acute respiratory syndrome coronavirus 2,8GW1,NSP Proteins
Severe acute respiratory syndrome coronavirus 2,8GW4,Protease
Severe acute respiratory syndrome coronavirus 2,8GWB,Helicase
Severe acute respiratory syndrome coronavirus 2,8GWB,Polymerase
Severe acute respiratory syndrome coronavirus 2,8GWB,NSP Proteins
Severe acute respiratory syndrome coronavirus 2,8GWE,Helicase
Severe acute respiratory syndrome coronavirus 2,8GWE,Polymerase
Severe acute respiratory syndrome coronavirus 2,8GWE,NSP Proteins
Severe acute respiratory syndrome coronavirus 2,8GWF,Helicase
Severe acute respiratory syndrome coronavirus 2,8GWF,Polymerase
Severe acute respiratory syndrome coronavirus 2,8GWF,NSP Proteins
Severe acute respiratory syndrome coronavirus 2,8GWG,Helicase
Severe acute respiratory syndrome coronavirus 2,8GWG,Polymerase
Severe acute respiratory syndrome coronavirus 2,8GWG,NSP Proteins
Severe acute respiratory syndrome coronavirus 2,8GWI,Helicase
Severe acute respiratory syndrome coronavirus 2,8GWI,Polymerase
Severe acute respiratory syndrome coronavirus 2,8GWI,NSP Proteins
Severe acute respiratory syndrome coronavirus 2,8GWK,Helicase
Severe acute respiratory syndrome coronavirus 2,8GWK,Polymerase
Severe acute respiratory syndrome coronavirus 2,8GWK,NSP Proteins
Severe acute respiratory syndrome coronavirus 2,8GWM,Polymerase
Severe acute respiratory syndrome coronavirus 2,8GWM,Helicase
Severe acute respiratory syndrome coronavirus 2,8GWM,NSP Proteins
Severe acute respiratory syndrome coronavirus 2,8GWN,Helicase
Severe acute respiratory syndrome coronavirus 2,8GWN,Polymerase
Severe acute respiratory syndrome coronavirus 2,8GWN,NSP Proteins
Severe acute respiratory syndrome coronavirus 2,8GWO,Helicase
Severe acute respiratory syndrome coronavirus 2,8GWO,Polymerase
Severe acute respiratory syndrome coronavirus 2,8GWO,NSP Proteins
Severe acute respiratory syndrome coronavirus 2,8GWS,Protease
Severe acute respiratory syndrome coronavirus 2,8GX9,Spike Protein
Severe acute respiratory syndrome coronavirus 2,8GXG,Protease
Severe acute respiratory syndrome coronavirus 2,8GXG,NSP Proteins
Severe acute respiratory syndrome coronavirus 2,8GXH,Protease
Severe acute respiratory syndrome coronavirus 2,8GXH,NSP Proteins
Severe acute respiratory syndrome coronavirus 2,8GXI,Protease
Severe acute respiratory syndrome coronavirus 2,8GXI,NSP Proteins
Severe acute respiratory syndrome coronavirus 2,8GY6,Polymerase
Severe acute respiratory syndrome coronavirus 2,8GY6,NSP Proteins
Severe acute respiratory syndrome coronavirus 2,8GZ5,Spike Protein
Severe acute respiratory syndrome coronavirus 2,8GZB,Protease
Severe acute respiratory syndrome coronavirus 2,8GZB,NSP Proteins
Severe acute respiratory syndrome coronavirus 2,8GZZ,Spike Protein
Severe acute respiratory syndrome coronavirus 2,8H00,Spike Protein
Severe acute respiratory syndrome coronavirus 2,8H01,Spike Protein
Severe acute respiratory syndrome coronavirus 2,8H06,Spike Protein
Severe acute respiratory syndrome coronavirus 2,8H07,Spike Protein
Severe acute respiratory syndrome coronavirus 2,8H08,Spike Protein
Severe acute respiratory syndrome coronavirus 2,8H3D,Spike Protein
Severe acute respiratory syndrome coronavirus 2,8H3E,Spike Protein
Severe acute respiratory syndrome coronavirus 2,8H3G,Protease
Severe acute respiratory syndrome coronavirus 2,8H3G,NSP Proteins
Severe acute respiratory syndrome coronavirus 2,8H3K,Protease
Severe acute respiratory syndrome coronavirus 2,8H3K,NSP Proteins
Severe acute respiratory syndrome coronavirus 2,8H3L,Protease
Severe acute respiratory syndrome coronavirus 2,8H3L,NSP Proteins
Severe acute respiratory syndrome coronavirus 2,8H3M,Spike Protein
Severe acute respiratory syndrome coronavirus 2,8H3N,Spike Protein
Severe acute respiratory syndrome coronavirus 2,8H4Y,Protease
Severe acute respiratory syndrome coronavirus 2,8H4Y,NSP Proteins
Severe acute respiratory syndrome coronavirus 2,8H51,Protease
Severe acute respiratory syndrome coronavirus 2,8H51,NSP Proteins
Severe acute respiratory syndrome coronavirus 2,8H57,Protease
Severe acute respiratory syndrome coronavirus 2,8H57,NSP Proteins
Severe acute respiratory syndrome coronavirus 2,8H5C,Spike Protein
Severe acute respiratory syndrome coronavirus 2,8H5F,Protease
Severe acute respiratory syndrome coronavirus 2,8H5F,NSP Proteins
Severe acute respiratory syndrome coronavirus 2,8H5P,Protease
Severe acute respiratory syndrome coronavirus 2,8H5P,NSP Proteins
Severe acute respiratory syndrome coronavirus 2,8H5T,Spike Protein
Severe acute respiratory syndrome coronavirus 2,8H5U,Spike Protein
Severe acute respiratory syndrome coronavirus 2,8H6F,Spike Protein
Severe acute respiratory syndrome coronavirus 2,8H6I,Protease
Severe acute respiratory syndrome coronavirus 2,8H6I,NSP Proteins
Severe acute respiratory syndrome coronavirus 2,8H6N,Protease
Severe acute respiratory syndrome coronavirus 2,8H6N,NSP Proteins
Severe acute respiratory syndrome coronavirus 2,8H7K,Protease
Severe acute respiratory syndrome coronavirus 2,8H7K,NSP Proteins
Severe acute respiratory syndrome coronavirus 2,8H7L,Spike Protein
Severe acute respiratory syndrome coronavirus 2,8H7W,Protease
Severe acute respiratory syndrome coronavirus 2,8H7W,NSP Proteins
Severe acute respiratory syndrome coronavirus 2,8H7Z,Spike Protein
Severe acute respiratory syndrome coronavirus 2,8H82,Protease
Severe acute respiratory syndrome coronavirus 2,8H82,NSP Proteins
Severe acute respiratory syndrome coronavirus 2,8H91,Spike Protein
Severe acute respiratory syndrome coronavirus 2,8HBK,Protease
Severe acute respiratory syndrome coronavirus 2,8HBK,NSP Proteins
Severe acute respiratory syndrome coronavirus 2,8HBL,NSP Proteins
Severe acute respiratory syndrome coronavirus 2,8HC2,Spike Protein
Severe acute respiratory syndrome coronavirus 2,8HC3,Spike Protein
Severe acute respiratory syndrome coronavirus 2,8HC4,Spike Protein
Severe acute respiratory syndrome coronavirus 2,8HC5,Spike Protein
Severe acute respiratory syndrome coronavirus 2,8HC6,Spike Protein
Severe acute respiratory syndrome coronavirus 2,8HC7,Spike Protein
Severe acute respiratory syndrome coronavirus 2,8HC8,Spike Protein
Severe acute respiratory syndrome coronavirus 2,8HC9,Spike Protein
Severe acute respiratory syndrome coronavirus 2,8HCA,Spike Protein
Severe acute respiratory syndrome coronavirus 2,8HCB,Spike Protein
Severe acute respiratory syndrome coronavirus 2,8HDA,Protease
Severe acute respiratory syndrome coronavirus 2,8HDA,NSP Proteins
Severe acute respiratory syndrome coronavirus 2,8HEB,Spike Protein
Severe acute respiratory syndrome coronavirus 2,8HEC,Spike Protein
Severe acute respiratory syndrome coronavirus 2,8HED,Spike Protein
Severe acute respiratory syndrome coronavirus 2,8HEF,Protease
Severe acute respiratory syndrome coronavirus 2,8HEF,NSP Proteins
Severe acute respiratory syndrome coronavirus 2,8HES,Spike Protein
Severe acute respiratory syndrome coronavirus 2,8HFX,Envelope Protein/Glycoprotein
Severe acute respiratory syndrome coronavirus 2,8HFX,Spike Protein
Severe acute respiratory syndrome coronavirus 2,8HFY,Spike Protein
Severe acute respiratory syndrome coronavirus 2,8HFZ,Spike Protein
Severe acute respiratory syndrome coronavirus 2,8HG0,Spike Protein
Severe acute respiratory syndrome coronavirus 2,8HGL,Spike Protein
Severe acute respiratory syndrome coronavirus 2,8HGM,Spike Protein
Severe acute respiratory syndrome coronavirus 2,8HHT,Protease
Severe acute respiratory syndrome coronavirus 2,8HHT,NSP Proteins
Severe acute respiratory syndrome coronavirus 2,8HHU,Protease
Severe acute respiratory syndrome coronavirus 2,8HHU,NSP Proteins
Severe acute respiratory syndrome coronavirus 2,8HHX,Spike Protein
Severe acute respiratory syndrome coronavirus 2,8HHY,Spike Protein
Severe acute respiratory syndrome coronavirus 2,8HHZ,Spike Protein
Severe acute respiratory syndrome coronavirus 2,8HI9,Protease
Severe acute respiratory syndrome coronavirus 2,8HI9,NSP Proteins
Severe acute respiratory syndrome coronavirus 2,8HLC,Spike Protein
Severe acute respiratory syndrome coronavirus 2,8HLD,Spike Protein
Severe acute respiratory syndrome coronavirus 2,8HN6,Spike Protein
Severe acute respiratory syndrome coronavirus 2,8HN7,Spike Protein
Severe acute respiratory syndrome coronavirus 2,8HOL,Protease
Severe acute respiratory syndrome coronavirus 2,8HOL,NSP Proteins
Severe acute respiratory syndrome coronavirus 2,8HOM,Protease
Severe acute respiratory syndrome coronavirus 2,8HOM,NSP Proteins
Severe acute respiratory syndrome coronavirus 2,8HOZ,Protease
Severe acute respiratory syndrome coronavirus 2,8HOZ,NSP Proteins
Severe acute respiratory syndrome coronavirus 2,8HP9,Spike Protein
Severe acute respiratory syndrome coronavirus 2,8HPF,Spike Protein
Severe acute respiratory syndrome coronavirus 2,8HPQ,Spike Protein
Severe acute respiratory syndrome coronavirus 2,8HPU,Spike Protein
Severe acute respiratory syndrome coronavirus 2,8HPV,Spike Protein
Severe acute respiratory syndrome coronavirus 2,8HQ7,Spike Protein
Severe acute respiratory syndrome coronavirus 2,8HQF,Protease
Severe acute respiratory syndrome coronavirus 2,8HQF,NSP Proteins
Severe acute respiratory syndrome coronavirus 2,8HQG,Protease
Severe acute respiratory syndrome coronavirus 2,8HQG,NSP Proteins
Severe acute respiratory syndrome coronavirus 2,8HQH,Protease
Severe acute respiratory syndrome coronavirus 2,8HQH,NSP Proteins
Severe acute respiratory syndrome coronavirus 2,8HQI,Protease
Severe acute respiratory syndrome coronavirus 2,8HQI,NSP Proteins
Severe acute respiratory syndrome coronavirus 2,8HQJ,Protease
Severe acute respiratory syndrome coronavirus 2,8HQJ,NSP Proteins
Severe acute respiratory syndrome coronavirus 2,8HQT,Spike Protein
Severe acute respiratory syndrome coronavirus 2,8HR2,Spike Protein
Severe acute respiratory syndrome coronavirus 2,8HRD,Spike Protein
Severe acute respiratory syndrome coronavirus 2,8HRI,Spike Protein
Severe acute respiratory syndrome coronavirus 2,8HRJ,Spike Protein
Severe acute respiratory syndrome coronavirus 2,8HRK,Spike Protein
Severe acute respiratory syndrome coronavirus 2,8HRL,Spike Protein
Severe acute respiratory syndrome coronavirus 2,8HTV,Protease
Severe acute respiratory syndrome coronavirus 2,8HUR,Protease
Severe acute respiratory syndrome coronavirus 2,8HUR,NSP Proteins
Severe acute respiratory syndrome coronavirus 2,8HUV,Protease
Severe acute respiratory syndrome coronavirus 2,8HUV,NSP Proteins
Severe acute respiratory syndrome coronavirus 2,8HUW,Protease
Severe acute respiratory syndrome coronavirus 2,8HUW,NSP Proteins
Severe acute respiratory syndrome coronavirus 2,8HUX,Protease
Severe acute respiratory syndrome coronavirus 2,8HUX,NSP Proteins
Severe acute respiratory syndrome coronavirus 2,8HVK,Protease
Severe acute respiratory syndrome coronavirus 2,8HVK,NSP Proteins
Severe acute respiratory syndrome coronavirus 2,8HVL,Protease
Severe acute respiratory syndrome coronavirus 2,8HVL,NSP Proteins
Severe acute respiratory syndrome coronavirus 2,8HVM,Protease
Severe acute respiratory syndrome coronavirus 2,8HVM,NSP Proteins
Severe acute respiratory syndrome coronavirus 2,8HVN,Protease
Severe acute respiratory syndrome coronavirus 2,8HVN,NSP Proteins
Severe acute respiratory syndrome coronavirus 2,8HVO,Protease
Severe acute respiratory syndrome coronavirus 2,8HVO,NSP Proteins
Severe acute respiratory syndrome coronavirus 2,8HVU,Protease
Severe acute respiratory syndrome coronavirus 2,8HVU,NSP Proteins
Severe acute respiratory syndrome coronavirus 2,8HVV,Protease
Severe acute respiratory syndrome coronavirus 2,8HVV,NSP Proteins
Severe acute respiratory syndrome coronavirus 2,8HVW,Protease
Severe acute respiratory syndrome coronavirus 2,8HVW,NSP Proteins
Severe acute respiratory syndrome coronavirus 2,8HVX,Protease
Severe acute respiratory syndrome coronavirus 2,8HVX,NSP Proteins
Severe acute respiratory syndrome coronavirus 2,8HVY,Protease
Severe acute respiratory syndrome coronavirus 2,8HVY,NSP Proteins
Severe acute respiratory syndrome coronavirus 2,8HVZ,Protease
Severe acute respiratory syndrome coronavirus 2,8HVZ,NSP Proteins
Severe acute respiratory syndrome coronavirus 2,8HWS,Spike Protein
Severe acute respiratory syndrome coronavirus 2,8HWT,Spike Protein
Severe acute respiratory syndrome coronavirus 2,8HZR,Protease
Severe acute respiratory syndrome coronavirus 2,8HZR,NSP Proteins
Severe acute respiratory syndrome coronavirus 2,8I30,Protease
Severe acute respiratory syndrome coronavirus 2,8I30,NSP Proteins
Severe acute respiratory syndrome coronavirus 2,8I3S,Spike Protein
Severe acute respiratory syndrome coronavirus 2,8I3U,Spike Protein
Severe acute respiratory syndrome coronavirus 2,8I4E,Spike Protein
Severe acute respiratory syndrome coronavirus 2,8I4F,Spike Protein
Severe acute respiratory syndrome coronavirus 2,8I4G,Spike Protein
Severe acute respiratory syndrome coronavirus 2,8I4H,Spike Protein
Severe acute respiratory syndrome coronavirus 2,8I4S,Protease
Severe acute respiratory syndrome coronavirus 2,8I5H,Spike Protein
Severe acute respiratory syndrome coronavirus 2,8I5I,Spike Protein
Severe acute respiratory syndrome coronavirus 2,8I9B,Spike Protein
Severe acute respiratory syndrome coronavirus 2,8I9C,Spike Protein
Severe acute respiratory syndrome coronavirus 2,8I9D,Spike Protein
Severe acute respiratory syndrome coronavirus 2,8I9E,Spike Protein
Severe acute respiratory syndrome coronavirus 2,8I9F,Spike Protein
Severe acute respiratory syndrome coronavirus 2,8I9G,Spike Protein
Severe acute respiratory syndrome coronavirus 2,8I9H,Spike Protein
Severe acute respiratory syndrome coronavirus 2,8IDN,Spike Protein
Severe acute respiratory syndrome coronavirus 2,8IF2,Spike Protein
Severe acute respiratory syndrome coronavirus 2,8IFP,Protease
Severe acute respiratory syndrome coronavirus 2,8IFP,NSP Proteins
Severe acute respiratory syndrome coronavirus 2,8IFQ,Protease
Severe acute respiratory syndrome coronavirus 2,8IFQ,NSP Proteins
Severe acute respiratory syndrome coronavirus 2,8IFR,Protease
Severe acute respiratory syndrome coronavirus 2,8IFR,NSP Proteins
Severe acute respiratory syndrome coronavirus 2,8IFS,Protease
Severe acute respiratory syndrome coronavirus 2,8IFS,NSP Proteins
Severe acute respiratory syndrome coronavirus 2,8IFT,Protease
Severe acute respiratory syndrome coronavirus 2,8IFT,NSP Proteins
Severe acute respiratory syndrome coronavirus 2,8IFY,Spike Protein
Severe acute respiratory syndrome coronavirus 2,8IFZ,Spike Protein
Severe acute respiratory syndrome coronavirus 2,8IG4,Protease
Severe acute respiratory syndrome coronavirus 2,8IG4,NSP Proteins
Severe acute respiratory syndrome coronavirus 2,8IG7,Protease
Severe acute respiratory syndrome coronavirus 2,8IG7,NSP Proteins
Severe acute respiratory syndrome coronavirus 2,8IG8,Protease
Severe acute respiratory syndrome coronavirus 2,8IG8,NSP Proteins
Severe acute respiratory syndrome coronavirus 2,8IG9,Protease
Severe acute respiratory syndrome coronavirus 2,8IG9,NSP Proteins
Severe acute respiratory syndrome coronavirus 2,8IGA,Protease
Severe acute respiratory syndrome coronavirus 2,8IGA,NSP Proteins
Severe acute respiratory syndrome coronavirus 2,8IGB,Protease
Severe acute respiratory syndrome coronavirus 2,8IGB,NSP Proteins
Severe acute respiratory syndrome coronavirus 2,8IGN,Protease
Severe acute respiratory syndrome coronavirus 2,8IGN,NSP Proteins
Severe acute respiratory syndrome coronavirus 2,8IGO,Protease
Severe acute respiratory syndrome coronavirus 2,8IGO,NSP Proteins
Severe acute respiratory syndrome coronavirus 2,8IGX,Protease
Severe acute respiratory syndrome coronavirus 2,8IGX,NSP Proteins
Severe acute respiratory syndrome coronavirus 2,8IGY,Protease
Severe acute respiratory syndrome coronavirus 2,8IGY,NSP Proteins
Severe acute respiratory syndrome coronavirus 2,8IHO,Protease
Severe acute respiratory syndrome coronavirus 2,8IHO,NSP Proteins
Severe acute respiratory syndrome coronavirus 2,8ILC,Protease
Severe acute respiratory syndrome coronavirus 2,8ILC,NSP Proteins
Severe acute respiratory syndrome coronavirus 2,8INQ,Protease
Severe acute respiratory syndrome coronavirus 2,8INQ,NSP Proteins
Severe acute respiratory syndrome coronavirus 2,8INT,Protease
Severe acute respiratory syndrome coronavirus 2,8INT,NSP Proteins
Severe acute respiratory syndrome coronavirus 2,8INU,Protease
Severe acute respiratory syndrome coronavirus 2,8INU,NSP Proteins
Severe acute respiratory syndrome coronavirus 2,8INW,Protease
Severe acute respiratory syndrome coronavirus 2,8INW,NSP Proteins
Severe acute respiratory syndrome coronavirus 2,8INX,Protease
Severe acute respiratory syndrome coronavirus 2,8INX,NSP Proteins
Severe acute respiratory syndrome coronavirus 2,8INY,Protease
Severe acute respiratory syndrome coronavirus 2,8INY,NSP Proteins
Severe acute respiratory syndrome coronavirus 2,8IOS,Spike Protein
Severe acute respiratory syndrome coronavirus 2,8IOT,Spike Protein
Severe acute respiratory syndrome coronavirus 2,8IOU,Spike Protein
Severe acute respiratory syndrome coronavirus 2,8IOV,Spike Protein
Severe acute respiratory syndrome coronavirus 2,8IQJ,Capsid Protein
Severe acute respiratory syndrome coronavirus 2,8IQJ,Nucleoprotein
Severe acute respiratory syndrome coronavirus 2,8IQJ,Nucleocapsid Protein
Severe acute respiratory syndrome coronavirus 2,8ITU,Spike Protein
Severe acute respiratory syndrome coronavirus 2,8IV3,Capsid Protein
Severe acute respiratory syndrome coronavirus 2,8IV3,Nucleoprotein
Severe acute respiratory syndrome coronavirus 2,8IV3,Nucleocapsid Protein
Severe acute respiratory syndrome coronavirus 2,8IV4,Spike Protein
Severe acute respiratory syndrome coronavirus 2,8IV5,Spike Protein
Severe acute respiratory syndrome coronavirus 2,8IV8,Spike Protein
Severe acute respiratory syndrome coronavirus 2,8IVA,Spike Protein
Severe acute respiratory syndrome coronavirus 2,8IX3,Spike Protein
Severe acute respiratory syndrome coronavirus 2,8J1Q,Spike Protein
Severe acute respiratory syndrome coronavirus 2,8J1T,Spike Protein
Severe acute respiratory syndrome coronavirus 2,8J1V,Spike Protein
Severe acute respiratory syndrome coronavirus 2,8J26,Spike Protein
Severe acute respiratory syndrome coronavirus 2,8J32,Protease
Severe acute respiratory syndrome coronavirus 2,8J32,NSP Proteins
Severe acute respiratory syndrome coronavirus 2,8J35,Protease
Severe acute respiratory syndrome coronavirus 2,8J35,NSP Proteins
Severe acute respiratory syndrome coronavirus 2,8J36,Protease
Severe acute respiratory syndrome coronavirus 2,8J36,NSP Proteins
Severe acute respiratory syndrome coronavirus 2,8J37,Protease
Severe acute respiratory syndrome coronavirus 2,8J37,NSP Proteins
Severe acute respiratory syndrome coronavirus 2,8J38,Protease
Severe acute respiratory syndrome coronavirus 2,8J38,NSP Proteins
Severe acute respiratory syndrome coronavirus 2,8J39,Protease
Severe acute respiratory syndrome coronavirus 2,8J39,NSP Proteins
Severe acute respiratory syndrome coronavirus 2,8J3A,Protease
Severe acute respiratory syndrome coronavirus 2,8J3A,NSP Proteins
Severe acute respiratory syndrome coronavirus 2,8J3B,Protease
Severe acute respiratory syndrome coronavirus 2,8J3B,NSP Proteins
Severe acute respiratory syndrome coronavirus 2,8J6X,Capsid Protein
Severe acute respiratory syndrome coronavirus 2,8J6X,Nucleoprotein
Severe acute respiratory syndrome coronavirus 2,8J6X,Nucleocapsid Protein
Severe acute respiratory syndrome coronavirus 2,8JCJ,Protease
Severe acute respiratory syndrome coronavirus 2,8JCJ,NSP Proteins
Severe acute respiratory syndrome coronavirus 2,8JCK,Protease
Severe acute respiratory syndrome coronavirus 2,8JCK,NSP Proteins
Severe acute respiratory syndrome coronavirus 2,8JCL,Protease
Severe acute respiratory syndrome coronavirus 2,8JCL,NSP Proteins
Severe acute respiratory syndrome coronavirus 2,8JCM,Protease
Severe acute respiratory syndrome coronavirus 2,8JCM,NSP Proteins
Severe acute respiratory syndrome coronavirus 2,8JCN,Protease
Severe acute respiratory syndrome coronavirus 2,8JCN,NSP Proteins
Severe acute respiratory syndrome coronavirus 2,8JCO,Protease
Severe acute respiratory syndrome coronavirus 2,8JCO,NSP Proteins
Severe acute respiratory syndrome coronavirus 2,8JIN,Spike Protein
Severe acute respiratory syndrome coronavirus 2,8JIO,Spike Protein
Severe acute respiratory syndrome coronavirus 2,8JJE,Spike Protein
Severe acute respiratory syndrome coronavirus 2,8JJE,Protease
Severe acute respiratory syndrome coronavirus 2,8JMM,Spike Protein
Severe acute respiratory syndrome coronavirus 2,8JOP,Protease
Severe acute respiratory syndrome coronavirus 2,8JOP,NSP Proteins
Severe acute respiratory syndrome coronavirus 2,8JPQ,Protease
Severe acute respiratory syndrome coronavirus 2,8JUX,Protease
Severe acute respiratory syndrome coronavirus 2,8JUX,NSP Proteins
Severe acute respiratory syndrome coronavirus 2,8JVA,Spike Protein
Severe acute respiratory syndrome coronavirus 2,8JYK,Spike Protein
Severe acute respiratory syndrome coronavirus 2,8JYM,Spike Protein
Severe acute respiratory syndrome coronavirus 2,8JYN,Spike Protein
Severe acute respiratory syndrome coronavirus 2,8JYO,Spike Protein
Severe acute respiratory syndrome coronavirus 2,8JYP,Spike Protein
Severe acute respiratory syndrome coronavirus 2,8JYS,Spike Protein
Severe acute respiratory syndrome coronavirus 2,8K3K,Spike Protein
Severe acute respiratory syndrome coronavirus 2,8K45,Spike Protein
Severe acute respiratory syndrome coronavirus 2,8K46,Spike Protein
Severe acute respiratory syndrome coronavirus 2,8K47,Spike Protein
Severe acute respiratory syndrome coronavirus 2,8K5G,Spike Protein
Severe acute respiratory syndrome coronavirus 2,8K5H,Spike Protein
Severe acute respiratory syndrome coronavirus 2,8K67,Protease
Severe acute respiratory syndrome coronavirus 2,8K67,NSP Proteins
Severe acute respiratory syndrome coronavirus 2,8K68,Protease
Severe acute respiratory syndrome coronavirus 2,8K68,NSP Proteins
Severe acute respiratory syndrome coronavirus 2,8K6A,Protease
Severe acute respiratory syndrome coronavirus 2,8K6A,NSP Proteins
Severe acute respiratory syndrome coronavirus 2,8K6B,Protease
Severe acute respiratory syndrome coronavirus 2,8K6B,NSP Proteins
Severe acute respiratory syndrome coronavirus 2,8K6C,Protease
Severe acute respiratory syndrome coronavirus 2,8K6C,NSP Proteins
Severe acute respiratory syndrome coronavirus 2,8K6D,Protease
Severe acute respiratory syndrome coronavirus 2,8K6D,NSP Proteins
Severe acute respiratory syndrome coronavirus 2,8K9B,Spike Protein
Severe acute respiratory syndrome coronavirus 2,8K9J,Spike Protein
Severe acute respiratory syndrome coronavirus 2,8K9M,Spike Protein
Severe acute respiratory syndrome coronavirus 2,8KA8,Spike Protein
Severe acute respiratory syndrome coronavirus 2,8KC2,Spike Protein
Severe acute respiratory syndrome coronavirus 2,8KDM,Spike Protein
Severe acute respiratory syndrome coronavirus 2,8KDR,Spike Protein
Severe acute respiratory syndrome coronavirus 2,8KDS,Spike Protein
Severe acute respiratory syndrome coronavirus 2,8KDT,Spike Protein
Severe acute respiratory syndrome coronavirus 2,8KEH,Spike Protein
Severe acute respiratory syndrome coronavirus 2,8KEJ,Spike Protein
Severe acute respiratory syndrome coronavirus 2,8KEK,Spike Protein
Severe acute respiratory syndrome coronavirus 2,8KEO,Spike Protein
Severe acute respiratory syndrome coronavirus 2,8KEP,Spike Protein
Severe acute respiratory syndrome coronavirus 2,8KEQ,Spike Protein
Severe acute respiratory syndrome coronavirus 2,8KER,Spike Protein
Severe acute respiratory syndrome coronavirus 2,8KHC,Spike Protein
Severe acute respiratory syndrome coronavirus 2,8KHD,Spike Protein
Severe acute respiratory syndrome coronavirus 2,8OKB,Protease
Severe acute respiratory syndrome coronavirus 2,8OKB,NSP Proteins
Severe acute respiratory syndrome coronavirus 2,8OKC,Protease
Severe acute respiratory syndrome coronavirus 2,8OKC,NSP Proteins
Severe acute respiratory syndrome coronavirus 2,8OKK,Protease
Severe acute respiratory syndrome coronavirus 2,8OKK,NSP Proteins
Severe acute respiratory syndrome coronavirus 2,8OKL,Protease
Severe acute respiratory syndrome coronavirus 2,8OKL,NSP Proteins
Severe acute respiratory syndrome coronavirus 2,8OKM,Protease
Severe acute respiratory syndrome coronavirus 2,8OKM,NSP Proteins
Severe acute respiratory syndrome coronavirus 2,8OKN,Protease
Severe acute respiratory syndrome coronavirus 2,8OKN,NSP Proteins
Severe acute respiratory syndrome coronavirus 2,8OSX,NSP Proteins
Severe acute respiratory syndrome coronavirus 2,8OT0,NSP Proteins
Severe acute respiratory syndrome coronavirus 2,8OTO,NSP Proteins
Severe acute respiratory syndrome coronavirus 2,8OTR,NSP Proteins
Severe acute respiratory syndrome coronavirus 2,8OV1,NSP Proteins
Severe acute respiratory syndrome coronavirus 2,8OV2,NSP Proteins
Severe acute respiratory syndrome coronavirus 2,8OV3,NSP Proteins
Severe acute respiratory syndrome coronavirus 2,8OV4,NSP Proteins
Severe acute respiratory syndrome coronavirus 2,8OWT,Spike Protein
Severe acute respiratory syndrome coronavirus 2,8OWV,Spike Protein
Severe acute respiratory syndrome coronavirus 2,8OWW,Spike Protein
Severe acute respiratory syndrome coronavirus 2,8OYT,Spike Protein
Severe acute respiratory syndrome coronavirus 2,8OYU,Spike Protein
Severe acute respiratory syndrome coronavirus 2,8P54,Protease
Severe acute respiratory syndrome coronavirus 2,8P54,NSP Proteins
Severe acute respiratory syndrome coronavirus 2,8P55,Protease
Severe acute respiratory syndrome coronavirus 2,8P55,NSP Proteins
Severe acute respiratory syndrome coronavirus 2,8P56,Protease
Severe acute respiratory syndrome coronavirus 2,8P56,NSP Proteins
Severe acute respiratory syndrome coronavirus 2,8P57,Protease
Severe acute respiratory syndrome coronavirus 2,8P57,NSP Proteins
Severe acute respiratory syndrome coronavirus 2,8P58,Protease
Severe acute respiratory syndrome coronavirus 2,8P58,NSP Proteins
Severe acute respiratory syndrome coronavirus 2,8P5A,Protease
Severe acute respiratory syndrome coronavirus 2,8P5A,NSP Proteins
Severe acute respiratory syndrome coronavirus 2,8P5B,Protease
Severe acute respiratory syndrome coronavirus 2,8P5B,NSP Proteins
Severe acute respiratory syndrome coronavirus 2,8P5C,Protease
Severe acute respiratory syndrome coronavirus 2,8P5C,NSP Proteins
Severe acute respiratory syndrome coronavirus 2,8P5M,Spike Protein
Severe acute respiratory syndrome coronavirus 2,8P86,Protease
Severe acute respiratory syndrome coronavirus 2,8P86,NSP Proteins
Severe acute respiratory syndrome coronavirus 2,8P87,Protease
Severe acute respiratory syndrome coronavirus 2,8P87,NSP Proteins
Severe acute respiratory syndrome coronavirus 2,8P99,Spike Protein
Severe acute respiratory syndrome coronavirus 2,8P9Y,Spike Protein
Severe acute respiratory syndrome coronavirus 2,8PH4,Protease
Severe acute respiratory syndrome coronavirus 2,8PH4,NSP Proteins
Severe acute respiratory syndrome coronavirus 2,8PQ2,Spike Protein
Severe acute respiratory syndrome coronavirus 2,8PSD,Spike Protein
Severe acute respiratory syndrome coronavirus 2,8Q5Y,Spike Protein
Severe acute respiratory syndrome coronavirus 2,8Q7S,Spike Protein
Severe acute respiratory syndrome coronavirus 2,8Q93,Spike Protein
Severe acute respiratory syndrome coronavirus 2,8Q94,Spike Protein
Severe acute respiratory syndrome coronavirus 2,8Q95,Spike Protein
Severe acute respiratory syndrome coronavirus 2,8QH0,Spike Protein
Severe acute respiratory syndrome coronavirus 2,8QH1,Spike Protein
Severe acute respiratory syndrome coronavirus 2,8QPR,Spike Protein
Severe acute respiratory syndrome coronavirus 2,8QQ0,Spike Protein
Severe acute respiratory syndrome coronavirus 2,8QRF,Spike Protein
Severe acute respiratory syndrome coronavirus 2,8QRG,Spike Protein
Severe acute respiratory syndrome coronavirus 2,8QSQ,Spike Protein
Severe acute respiratory syndrome coronavirus 2,8QTD,Spike Protein
Severe acute respiratory syndrome coronavirus 2,8QZR,Spike Protein
Severe acute respiratory syndrome coronavirus 2,8R0V,Protease
Severe acute respiratory syndrome coronavirus 2,8R0V,NSP Proteins
Severe acute respiratory syndrome coronavirus 2,8R11,Protease
Severe acute respiratory syndrome coronavirus 2,8R11,NSP Proteins
Severe acute respiratory syndrome coronavirus 2,8R12,Protease
Severe acute respiratory syndrome coronavirus 2,8R12,NSP Proteins
Severe acute respiratory syndrome coronavirus 2,8R14,Protease
Severe acute respiratory syndrome coronavirus 2,8R14,NSP Proteins
Severe acute respiratory syndrome coronavirus 2,8R16,Protease
Severe acute respiratory syndrome coronavirus 2,8R16,NSP Proteins
Severe acute respiratory syndrome coronavirus 2,8R19,Protease
Severe acute respiratory syndrome coronavirus 2,8R19,NSP Proteins
Severe acute respiratory syndrome coronavirus 2,8R1C,Spike Protein
Severe acute respiratory syndrome coronavirus 2,8R80,Spike Protein
Severe acute respiratory syndrome coronavirus 2,8R8K,Spike Protein
Severe acute respiratory syndrome coronavirus 2,8RBU,Spike Protein
Severe acute respiratory syndrome coronavirus 2,8RBV,Spike Protein
Severe acute respiratory syndrome coronavirus 2,8RCV,Spike Protein
Severe acute respiratory syndrome coronavirus 2,8REF,Spike Protein
Severe acute respiratory syndrome coronavirus 2,8RF2,NSP Proteins
Severe acute respiratory syndrome coronavirus 2,8RF3,NSP Proteins
Severe acute respiratory syndrome coronavirus 2,8RF4,NSP Proteins
Severe acute respiratory syndrome coronavirus 2,8RF5,NSP Proteins
Severe acute respiratory syndrome coronavirus 2,8RF6,NSP Proteins
Severe acute respiratory syndrome coronavirus 2,8RF8,NSP Proteins
Severe acute respiratory syndrome coronavirus 2,8RFC,NSP Proteins
Severe acute respiratory syndrome coronavirus 2,8RFD,NSP Proteins
Severe acute respiratory syndrome coronavirus 2,8RFF,NSP Proteins
Severe acute respiratory syndrome coronavirus 2,8RH6,Spike Protein
Severe acute respiratory syndrome coronavirus 2,8RHQ,Spike Protein
Severe acute respiratory syndrome coronavirus 2,8RJZ,Protease
Severe acute respiratory syndrome coronavirus 2,8RJZ,NSP Proteins
Severe acute respiratory syndrome coronavirus 2,8RV4,NSP Proteins
Severe acute respiratory syndrome coronavirus 2,8RV5,NSP Proteins
Severe acute respiratory syndrome coronavirus 2,8RV6,NSP Proteins
Severe acute respiratory syndrome coronavirus 2,8RV7,NSP Proteins
Severe acute respiratory syndrome coronavirus 2,8RV8,NSP Proteins
Severe acute respiratory syndrome coronavirus 2,8RV9,NSP Proteins
Severe acute respiratory syndrome coronavirus 2,8RVA,NSP Proteins
Severe acute respiratory syndrome coronavirus 2,8RVB,NSP Proteins
Severe acute respiratory syndrome coronavirus 2,8RZC,NSP Proteins
Severe acute respiratory syndrome coronavirus 2,8RZD,NSP Proteins
Severe acute respiratory syndrome coronavirus 2,8RZE,NSP Proteins
Severe acute respiratory syndrome coronavirus 2,8S8W,NSP Proteins
Severe acute respiratory syndrome coronavirus 2,8S8X,NSP Proteins
Severe acute respiratory syndrome coronavirus 2,8S9Z,Protease
Severe acute respiratory syndrome coronavirus 2,8S9Z,NSP Proteins
Severe acute respiratory syndrome coronavirus 2,8SDF,Spike Protein
Severe acute respiratory syndrome coronavirus 2,8SDG,Spike Protein
Severe acute respiratory syndrome coronavirus 2,8SDH,Spike Protein
Severe acute respiratory syndrome coronavirus 2,8SG6,Protease
Severe acute respiratory syndrome coronavirus 2,8SG6,NSP Proteins
Severe acute respiratory syndrome coronavirus 2,8SGU,Spike Protein
Severe acute respiratory syndrome coronavirus 2,8SH6,Protease
Severe acute respiratory syndrome coronavirus 2,8SH6,NSP Proteins
Severe acute respiratory syndrome coronavirus 2,8SH8,Protease
Severe acute respiratory syndrome coronavirus 2,8SH8,NSP Proteins
Severe acute respiratory syndrome coronavirus 2,8SIQ,Spike Protein
Severe acute respiratory syndrome coronavirus 2,8SIR,Spike Protein
Severe acute respiratory syndrome coronavirus 2,8SIS,Spike Protein
Severe acute respiratory syndrome coronavirus 2,8SIT,Spike Protein
Severe acute respiratory syndrome coronavirus 2,8SK4,Protease
Severe acute respiratory syndrome coronavirus 2,8SK4,NSP Proteins
Severe acute respiratory syndrome coronavirus 2,8SK5,Spike Protein
Severe acute respiratory syndrome coronavirus 2,8SKH,Protease
Severe acute respiratory syndrome coronavirus 2,8SKH,NSP Proteins
Severe acute respiratory syndrome coronavirus 2,8SMI,Spike Protein
Severe acute respiratory syndrome coronavirus 2,8SMT,Spike Protein
Severe acute respiratory syndrome coronavirus 2,8SPH,Spike Protein
Severe acute respiratory syndrome coronavirus 2,8SPH,Protease
Severe acute respiratory syndrome coronavirus 2,8SPI,Spike Protein
Severe acute respiratory syndrome coronavirus 2,8SPI,Protease
Severe acute respiratory syndrome coronavirus 2,8SPJ,Protease
Severe acute respiratory syndrome coronavirus 2,8SPJ,NSP Proteins
Severe acute respiratory syndrome coronavirus 2,8SQ9,Polymerase
Severe acute respiratory syndrome coronavirus 2,8SQ9,NSP Proteins
Severe acute respiratory syndrome coronavirus 2,8SQJ,Polymerase
Severe acute respiratory syndrome coronavirus 2,8SQJ,NSP Proteins
Severe acute respiratory syndrome coronavirus 2,8SQK,Polymerase
Severe acute respiratory syndrome coronavirus 2,8SQK,NSP Proteins
Severe acute respiratory syndrome coronavirus 2,8STY,Protease
Severe acute respiratory syndrome coronavirus 2,8STY,NSP Proteins
Severe acute respiratory syndrome coronavirus 2,8STZ,Protease
Severe acute respiratory syndrome coronavirus 2,8STZ,NSP Proteins
Severe acute respiratory syndrome coronavirus 2,8SUO,Spike Protein
Severe acute respiratory syndrome coronavirus 2,8SUZ,Envelope Protein/Glycoprotein
Severe acute respiratory syndrome coronavirus 2,8SWH,Spike Protein
Severe acute respiratory syndrome coronavirus 2,8SXO,Protease
Severe acute respiratory syndrome coronavirus 2,8SXO,NSP Proteins
Severe acute respiratory syndrome coronavirus 2,8SXR,Protease
Severe acute respiratory syndrome coronavirus 2,8SXR,NSP Proteins
Severe acute respiratory syndrome coronavirus 2,8T20,Spike Protein
Severe acute respiratory syndrome coronavirus 2,8T21,Spike Protein
Severe acute respiratory syndrome coronavirus 2,8T22,Spike Protein
Severe acute respiratory syndrome coronavirus 2,8T25,Spike Protein
Severe acute respiratory syndrome coronavirus 2,8T7Y,Protease
Severe acute respiratory syndrome coronavirus 2,8T7Y,NSP Proteins
Severe acute respiratory syndrome coronavirus 2,8TAZ,Spike Protein
Severe acute respiratory syndrome coronavirus 2,8TBE,Protease
Severe acute respiratory syndrome coronavirus 2,8TBE,NSP Proteins
Severe acute respiratory syndrome coronavirus 2,8TH1,Capsid Protein
Severe acute respiratory syndrome coronavirus 2,8TH1,Nucleoprotein
Severe acute respiratory syndrome coronavirus 2,8TH1,Helicase
Severe acute respiratory syndrome coronavirus 2,8TH1,Nucleocapsid Protein
Severe acute respiratory syndrome coronavirus 2,8TH5,Capsid Protein
Severe acute respiratory syndrome coronavirus 2,8TH5,Nucleoprotein
Severe acute respiratory syndrome coronavirus 2,8TH5,Helicase
Severe acute respiratory syndrome coronavirus 2,8TH5,Nucleocapsid Protein
Severe acute respiratory syndrome coronavirus 2,8THF,Spike Protein
Severe acute respiratory syndrome coronavirus 2,8TM1,Spike Protein
Severe acute respiratory syndrome coronavirus 2,8TMA,Spike Protein
Severe acute respiratory syndrome coronavirus 2,8TMY,Spike Protein
Severe acute respiratory syndrome coronavirus 2,8TPB,Protease
Severe acute respiratory syndrome coronavirus 2,8TPB,NSP Proteins
Severe acute respiratory syndrome coronavirus 2,8TPC,Protease
Severe acute respiratory syndrome coronavirus 2,8TPC,NSP Proteins
Severe acute respiratory syndrome coronavirus 2,8TPD,Protease
Severe acute respiratory syndrome coronavirus 2,8TPD,NSP Proteins
Severe acute respiratory syndrome coronavirus 2,8TPG,Protease
Severe acute respiratory syndrome coronavirus 2,8TPG,NSP Proteins
Severe acute respiratory syndrome coronavirus 2,8TPH,Protease
Severe acute respiratory syndrome coronavirus 2,8TPH,NSP Proteins
Severe acute respiratory syndrome coronavirus 2,8TPI,Protease
Severe acute respiratory syndrome coronavirus 2,8TPI,NSP Proteins
Severe acute respiratory syndrome coronavirus 2,8TQH,Protease
Severe acute respiratory syndrome coronavirus 2,8TQH,NSP Proteins
Severe acute respiratory syndrome coronavirus 2,8TQJ,Protease
Severe acute respiratory syndrome coronavirus 2,8TQJ,NSP Proteins
Severe acute respiratory syndrome coronavirus 2,8TQL,Protease
Severe acute respiratory syndrome coronavirus 2,8TQL,NSP Proteins
Severe acute respiratory syndrome coronavirus 2,8TQT,Protease
Severe acute respiratory syndrome coronavirus 2,8TQT,NSP Proteins
Severe acute respiratory syndrome coronavirus 2,8TQU,Protease
Severe acute respiratory syndrome coronavirus 2,8TQU,NSP Proteins
Severe acute respiratory syndrome coronavirus 2,8TV6,Protease
Severe acute respiratory syndrome coronavirus 2,8TV6,NSP Proteins
Severe acute respiratory syndrome coronavirus 2,8TV7,Protease
Severe acute respiratory syndrome coronavirus 2,8TV7,NSP Proteins
Severe acute respiratory syndrome coronavirus 2,8TY3,Protease
Severe acute respiratory syndrome coronavirus 2,8TY3,NSP Proteins
Severe acute respiratory syndrome coronavirus 2,8TY4,Protease
Severe acute respiratory syndrome coronavirus 2,8TY4,NSP Proteins
Severe acute respiratory syndrome coronavirus 2,8TY5,Protease
Severe acute respiratory syndrome coronavirus 2,8TY5,NSP Proteins
Severe acute respiratory syndrome coronavirus 2,8TYJ,NSP Proteins
Severe acute respiratory syndrome coronavirus 2,8TYL,Spike Protein
Severe acute respiratory syndrome coronavirus 2,8TYO,Spike Protein
Severe acute respiratory syndrome coronavirus 2,8U1G,Spike Protein
Severe acute respiratory syndrome coronavirus 2,8U1T,Envelope Protein/Glycoprotein
Severe acute respiratory syndrome coronavirus 2,8U28,Spike Protein
Severe acute respiratory syndrome coronavirus 2,8U2X,NSP Proteins
Severe acute respiratory syndrome coronavirus 2,8UAB,Protease
Severe acute respiratory syndrome coronavirus 2,8UAB,NSP Proteins
Severe acute respiratory syndrome coronavirus 2,8UD2,NSP Proteins
Severe acute respiratory syndrome coronavirus 2,8UD3,NSP Proteins
Severe acute respiratory syndrome coronavirus 2,8UD4,NSP Proteins
Severe acute respiratory syndrome coronavirus 2,8UD5,NSP Proteins
Severe acute respiratory syndrome coronavirus 2,8UFM,Protease
Severe acute respiratory syndrome coronavirus 2,8UFM,NSP Proteins
Severe acute respiratory syndrome coronavirus 2,8UG9,Spike Protein
Severe acute respiratory syndrome coronavirus 2,8UH5,Protease
Severe acute respiratory syndrome coronavirus 2,8UH5,NSP Proteins
Severe acute respiratory syndrome coronavirus 2,8UH8,Protease
Severe acute respiratory syndrome coronavirus 2,8UH9,Protease
Severe acute respiratory syndrome coronavirus 2,8UH9,NSP Proteins
Severe acute respiratory syndrome coronavirus 2,8UHO,Protease
Severe acute respiratory syndrome coronavirus 2,8UHO,NSP Proteins
Severe acute respiratory syndrome coronavirus 2,8UIA,Protease
Severe acute respiratory syndrome coronavirus 2,8UIA,NSP Proteins
Severe acute respiratory syndrome coronavirus 2,8UIF,Protease
Severe acute respiratory syndrome coronavirus 2,8UIF,NSP Proteins
Severe acute respiratory syndrome coronavirus 2,8UIR,Spike Protein
Severe acute respiratory syndrome coronavirus 2,8UK1,Spike Protein
Severe acute respiratory syndrome coronavirus 2,8UKD,Spike Protein
Severe acute respiratory syndrome coronavirus 2,8UKF,Spike Protein
Severe acute respiratory syndrome coronavirus 2,8UOB,Protease
Severe acute respiratory syndrome coronavirus 2,8UOB,NSP Proteins
Severe acute respiratory syndrome coronavirus 2,8UPS,Protease
Severe acute respiratory syndrome coronavirus 2,8UPS,NSP Proteins
Severe acute respiratory syndrome coronavirus 2,8UPV,Protease
Severe acute respiratory syndrome coronavirus 2,8UPV,NSP Proteins
Severe acute respiratory syndrome coronavirus 2,8UPW,Protease
Severe acute respiratory syndrome coronavirus 2,8UPW,NSP Proteins
Severe acute respiratory syndrome coronavirus 2,8UPX,Spike Protein
Severe acute respiratory syndrome coronavirus 2,8UR9,Protease
Severe acute respiratory syndrome coronavirus 2,8UR9,NSP Proteins
Severe acute respiratory syndrome coronavirus 2,8UTE,Protease
Severe acute respiratory syndrome coronavirus 2,8UTE,NSP Proteins
Severe acute respiratory syndrome coronavirus 2,8UUF,Protease
Severe acute respiratory syndrome coronavirus 2,8UUF,NSP Proteins
Severe acute respiratory syndrome coronavirus 2,8UUG,Protease
Severe acute respiratory syndrome coronavirus 2,8UUG,NSP Proteins
Severe acute respiratory syndrome coronavirus 2,8UUH,Protease
Severe acute respiratory syndrome coronavirus 2,8UUH,NSP Proteins
Severe acute respiratory syndrome coronavirus 2,8UUL,Spike Protein
Severe acute respiratory syndrome coronavirus 2,8UUM,Spike Protein
Severe acute respiratory syndrome coronavirus 2,8UUN,Spike Protein
Severe acute respiratory syndrome coronavirus 2,8UUO,Spike Protein
Severe acute respiratory syndrome coronavirus 2,8UUU,Protease
Severe acute respiratory syndrome coronavirus 2,8UUU,NSP Proteins
Severe acute respiratory syndrome coronavirus 2,8UUV,Protease
Severe acute respiratory syndrome coronavirus 2,8UUV,NSP Proteins
Severe acute respiratory syndrome coronavirus 2,8UUW,Protease
Severe acute respiratory syndrome coronavirus 2,8UUW,NSP Proteins
Severe acute respiratory syndrome coronavirus 2,8UUY,Protease
Severe acute respiratory syndrome coronavirus 2,8UUY,NSP Proteins
Severe acute respiratory syndrome coronavirus 2,8UVM,Protease
Severe acute respiratory syndrome coronavirus 2,8UVM,NSP Proteins
Severe acute respiratory syndrome coronavirus 2,8V0L,Spike Protein
Severe acute respiratory syndrome coronavirus 2,8V0M,Spike Protein
Severe acute respiratory syndrome coronavirus 2,8V0N,Spike Protein
Severe acute respiratory syndrome coronavirus 2,8V0O,Spike Protein
Severe acute respiratory syndrome coronavirus 2,8V0P,Spike Protein
Severe acute respiratory syndrome coronavirus 2,8V0Q,Spike Protein
Severe acute respiratory syndrome coronavirus 2,8V0R,Spike Protein
Severe acute respiratory syndrome coronavirus 2,8V0S,Spike Protein
Severe acute respiratory syndrome coronavirus 2,8V0T,Spike Protein
Severe acute respiratory syndrome coronavirus 2,8V0U,Spike Protein
Severe acute respiratory syndrome coronavirus 2,8V0V,Spike Protein
Severe acute respiratory syndrome coronavirus 2,8V0W,Spike Protein
Severe acute respiratory syndrome coronavirus 2,8V0X,Spike Protein
Severe acute respiratory syndrome coronavirus 2,8V4F,Spike Protein
Severe acute respiratory syndrome coronavirus 2,8V4U,Protease
Severe acute respiratory syndrome coronavirus 2,8V4U,NSP Proteins
Severe acute respiratory syndrome coronavirus 2,8V7T,Protease
Severe acute respiratory syndrome coronavirus 2,8V7T,NSP Proteins
Severe acute respiratory syndrome coronavirus 2,8V7W,Protease
Severe acute respiratory syndrome coronavirus 2,8V7W,NSP Proteins
Severe acute respiratory syndrome coronavirus 2,8V8E,Protease
Severe acute respiratory syndrome coronavirus 2,8V8E,NSP Proteins
Severe acute respiratory syndrome coronavirus 2,8V8G,Protease
Severe acute respiratory syndrome coronavirus 2,8V8G,NSP Proteins
Severe acute respiratory syndrome coronavirus 2,8VAO,Spike Protein
Severe acute respiratory syndrome coronavirus 2,8VCI,Polymerase
Severe acute respiratory syndrome coronavirus 2,8VCR,Spike Protein
Severe acute respiratory syndrome coronavirus 2,8VD7,Protease
Severe acute respiratory syndrome coronavirus 2,8VD7,NSP Proteins
Severe acute respiratory syndrome coronavirus 2,8VDJ,Protease
Severe acute respiratory syndrome coronavirus 2,8VDJ,NSP Proteins
Severe acute respiratory syndrome coronavirus 2,8VEC,Protease
Severe acute respiratory syndrome coronavirus 2,8VEC,NSP Proteins
Severe acute respiratory syndrome coronavirus 2,8VIF,Spike Protein
Severe acute respiratory syndrome coronavirus 2,8VKE,Spike Protein
Severe acute respiratory syndrome coronavirus 2,8VKK,Spike Protein
Severe acute respiratory syndrome coronavirus 2,8VKL,Spike Protein
Severe acute respiratory syndrome coronavirus 2,8VKM,Spike Protein
Severe acute respiratory syndrome coronavirus 2,8VKN,Spike Protein
Severe acute respiratory syndrome coronavirus 2,8VKO,Spike Protein
Severe acute respiratory syndrome coronavirus 2,8VKP,Spike Protein
Severe acute respiratory syndrome coronavirus 2,8VQR,Spike Protein
Severe acute respiratory syndrome coronavirus 2,8VQX,Protease
Severe acute respiratory syndrome coronavirus 2,8VQX,NSP Proteins
Severe acute respiratory syndrome coronavirus 2,8VSG,Protease
Severe acute respiratory syndrome coronavirus 2,8VSG,NSP Proteins
Severe acute respiratory syndrome coronavirus 2,8VYE,Fusion Protein
Severe acute respiratory syndrome coronavirus 2,8VYE,Spike Protein
Severe acute respiratory syndrome coronavirus 2,8VYF,Fusion Protein
Severe acute respiratory syndrome coronavirus 2,8VYF,Spike Protein
Severe acute respiratory syndrome coronavirus 2,8VYG,Fusion Protein
Severe acute respiratory syndrome coronavirus 2,8VYG,Spike Protein
Severe acute respiratory syndrome coronavirus 2,8W4F,Spike Protein
Severe acute respiratory syndrome coronavirus 2,8WDR,Spike Protein
Severe acute respiratory syndrome coronavirus 2,8WDS,Spike Protein
Severe acute respiratory syndrome coronavirus 2,8WDY,Spike Protein
Severe acute respiratory syndrome coronavirus 2,8WDZ,Spike Protein
Severe acute respiratory syndrome coronavirus 2,8WE0,Spike Protein
Severe acute respiratory syndrome coronavirus 2,8WE1,Spike Protein
Severe acute respiratory syndrome coronavirus 2,8WE4,Spike Protein
Severe acute respiratory syndrome coronavirus 2,8WGV,Spike Protein
Severe acute respiratory syndrome coronavirus 2,8WGV,Protease
Severe acute respiratory syndrome coronavirus 2,8WGW,Spike Protein
Severe acute respiratory syndrome coronavirus 2,8WHS,Spike Protein
Severe acute respiratory syndrome coronavirus 2,8WHU,Spike Protein
Severe acute respiratory syndrome coronavirus 2,8WHV,Spike Protein
Severe acute respiratory syndrome coronavirus 2,8WHW,Spike Protein
Severe acute respiratory syndrome coronavirus 2,8WHZ,Spike Protein
Severe acute respiratory syndrome coronavirus 2,8WLO,Spike Protein
Severe acute respiratory syndrome coronavirus 2,8WLR,Spike Protein
Severe acute respiratory syndrome coronavirus 2,8WMD,Spike Protein
Severe acute respiratory syndrome coronavirus 2,8WMF,Spike Protein
Severe acute respiratory syndrome coronavirus 2,8WOX,Spike Protein
Severe acute respiratory syndrome coronavirus 2,8WOY,Spike Protein
Severe acute respiratory syndrome coronavirus 2,8WP8,Spike Protein
Severe acute respiratory syndrome coronavirus 2,8WRH,Spike Protein
Severe acute respiratory syndrome coronavirus 2,8WRH,Protease
Severe acute respiratory syndrome coronavirus 2,8WRL,Spike Protein
Severe acute respiratory syndrome coronavirus 2,8WRM,Spike Protein
Severe acute respiratory syndrome coronavirus 2,8WRO,Fusion Protein
Severe acute respiratory syndrome coronavirus 2,8WRO,Spike Protein
Severe acute respiratory syndrome coronavirus 2,8WTD,Spike Protein
Severe acute respiratory syndrome coronavirus 2,8WTI,Protease
Severe acute respiratory syndrome coronavirus 2,8WTI,NSP Proteins
Severe acute respiratory syndrome coronavirus 2,8WTJ,Spike Protein
Severe acute respiratory syndrome coronavirus 2,8WZI,Spike Protein
Severe acute respiratory syndrome coronavirus 2,8WZP,Protease
Severe acute respiratory syndrome coronavirus 2,8WZP,NSP Proteins
Severe acute respiratory syndrome coronavirus 2,8WZQ,Protease
Severe acute respiratory syndrome coronavirus 2,8WZQ,NSP Proteins
Severe acute respiratory syndrome coronavirus 2,8X0X,Spike Protein
Severe acute respiratory syndrome coronavirus 2,8X0Y,Spike Protein
Severe acute respiratory syndrome coronavirus 2,8X1H,Capsid Protein
Severe acute respiratory syndrome coronavirus 2,8X1H,Nucleoprotein
Severe acute respiratory syndrome coronavirus 2,8X1H,Nucleocapsid Protein
Severe acute respiratory syndrome coronavirus 2,8X4H,Spike Protein
Severe acute respiratory syndrome coronavirus 2,8X4Z,Spike Protein
Severe acute respiratory syndrome coronavirus 2,8X50,Spike Protein
Severe acute respiratory syndrome coronavirus 2,8X55,Spike Protein
Severe acute respiratory syndrome coronavirus 2,8X56,Spike Protein
Severe acute respiratory syndrome coronavirus 2,8X5Q,Spike Protein
Severe acute respiratory syndrome coronavirus 2,8X5R,Spike Protein
Severe acute respiratory syndrome coronavirus 2,8XAB,Protease
Severe acute respiratory syndrome coronavirus 2,8XAB,NSP Proteins
Severe acute respiratory syndrome coronavirus 2,8XBF,Spike Protein
Severe acute respiratory syndrome coronavirus 2,8XE9,Spike Protein
Severe acute respiratory syndrome coronavirus 2,8XEA,Spike Protein
Severe acute respiratory syndrome coronavirus 2,8XG2,Spike Protein
Severe acute respiratory syndrome coronavirus 2,8XI6,Spike Protein
Severe acute respiratory syndrome coronavirus 2,8XK2,Spike Protein
Severe acute respiratory syndrome coronavirus 2,8XKC,Spike Protein
Severe acute respiratory syndrome coronavirus 2,8XKI,Spike Protein
Severe acute respiratory syndrome coronavirus 2,8XLM,Spike Protein
Severe acute respiratory syndrome coronavirus 2,8XLN,Spike Protein
Severe acute respiratory syndrome coronavirus 2,8XLV,Spike Protein
Severe acute respiratory syndrome coronavirus 2,8XM5,Spike Protein
Severe acute respiratory syndrome coronavirus 2,8XMG,Spike Protein
Severe acute respiratory syndrome coronavirus 2,8XMT,Spike Protein
Severe acute respiratory syndrome coronavirus 2,8XN2,Spike Protein
Severe acute respiratory syndrome coronavirus 2,8XN2,Protease
Severe acute respiratory syndrome coronavirus 2,8XN3,Spike Protein
Severe acute respiratory syndrome coronavirus 2,8XN3,Protease
Severe acute respiratory syndrome coronavirus 2,8XN5,Spike Protein
Severe acute respiratory syndrome coronavirus 2,8XN5,Protease
Severe acute respiratory syndrome coronavirus 2,8XNF,Spike Protein
Severe acute respiratory syndrome coronavirus 2,8XNF,Protease
Severe acute respiratory syndrome coronavirus 2,8XNK,Spike Protein
Severe acute respiratory syndrome coronavirus 2,8XNK,Protease
Severe acute respiratory syndrome coronavirus 2,8XSE,Spike Protein
Severe acute respiratory syndrome coronavirus 2,8XSF,Spike Protein
Severe acute respiratory syndrome coronavirus 2,8XSF,Protease
Severe acute respiratory syndrome coronavirus 2,8XSI,Spike Protein
Severe acute respiratory syndrome coronavirus 2,8XSJ,Spike Protein
Severe acute respiratory syndrome coronavirus 2,8XSJ,Protease
Severe acute respiratory syndrome coronavirus 2,8XSL,Spike Protein
Severe acute respiratory syndrome coronavirus 2,8XUR,Spike Protein
Severe acute respiratory syndrome coronavirus 2,8XUS,Spike Protein
Severe acute respiratory syndrome coronavirus 2,8XUT,Spike Protein
Severe acute respiratory syndrome coronavirus 2,8XUU,Spike Protein
Severe acute respiratory syndrome coronavirus 2,8XXW,Spike Protein
Severe acute respiratory syndrome coronavirus 2,8XYZ,Spike Protein
Severe acute respiratory syndrome coronavirus 2,8XZD,Spike Protein
Severe acute respiratory syndrome coronavirus 2,8Y0Y,Spike Protein
Severe acute respiratory syndrome coronavirus 2,8Y16,Spike Protein
Severe acute respiratory syndrome coronavirus 2,8Y16,Protease
Severe acute respiratory syndrome coronavirus 2,8Y18,Spike Protein
Severe acute respiratory syndrome coronavirus 2,8Y18,Protease
Severe acute respiratory syndrome coronavirus 2,8Y4A,Spike Protein
Severe acute respiratory syndrome coronavirus 2,8Y4C,Spike Protein
Severe acute respiratory syndrome coronavirus 2,8Y5J,Spike Protein
Severe acute respiratory syndrome coronavirus 2,8Y6A,Spike Protein
Severe acute respiratory syndrome coronavirus 2,8Y6A,Protease
Severe acute respiratory syndrome coronavirus 2,8YA5,Protease
Severe acute respiratory syndrome coronavirus 2,8YAX,Protease
Severe acute respiratory syndrome coronavirus 2,8YAX,NSP Proteins
Severe acute respiratory syndrome coronavirus 2,8YB5,Protease
Severe acute respiratory syndrome coronavirus 2,8YB5,NSP Proteins
Severe acute respiratory syndrome coronavirus 2,8YB7,Protease
Severe acute respiratory syndrome coronavirus 2,8YB7,NSP Proteins
Severe acute respiratory syndrome coronavirus 2,8YE4,Spike Protein
Severe acute respiratory syndrome coronavirus 2,8YLS,Protease
Severe acute respiratory syndrome coronavirus 2,8YLS,NSP Proteins
Severe acute respiratory syndrome coronavirus 2,8YRH,Protease
Severe acute respiratory syndrome coronavirus 2,8YRH,NSP Proteins
Severe acute respiratory syndrome coronavirus 2,8YRO,Spike Protein
Severe acute respiratory syndrome coronavirus 2,8YRP,Spike Protein
Severe acute respiratory syndrome coronavirus 2,8YSA,Protease
Severe acute respiratory syndrome coronavirus 2,8YSA,NSP Proteins
Severe acute respiratory syndrome coronavirus 2,8YWW,Spike Protein
Severe acute respiratory syndrome coronavirus 2,8YWX,Spike Protein
Severe acute respiratory syndrome coronavirus 2,8YZ5,Spike Protein
Severe acute respiratory syndrome coronavirus 2,8YZ6,Spike Protein
Severe acute respiratory syndrome coronavirus 2,8ZBY,Spike Protein
Severe acute respiratory syndrome coronavirus 2,8ZBZ,Spike Protein
Severe acute respiratory syndrome coronavirus 2,8ZC0,Spike Protein
Severe acute respiratory syndrome coronavirus 2,8ZC1,Spike Protein
Severe acute respiratory syndrome coronavirus 2,8ZC2,Spike Protein
Severe acute respiratory syndrome coronavirus 2,8ZC3,Spike Protein
Severe acute respiratory syndrome coronavirus 2,8ZC4,Spike Protein
Severe acute respiratory syndrome coronavirus 2,8ZC5,Spike Protein
Severe acute respiratory syndrome coronavirus 2,8ZC6,Spike Protein
Severe acute respiratory syndrome coronavirus 2,8ZER,Spike Protein
Severe acute respiratory syndrome coronavirus 2,8ZES,Spike Protein
Severe acute respiratory syndrome coronavirus 2,8ZHD,Spike Protein
Severe acute respiratory syndrome coronavirus 2,8ZHE,Spike Protein
Severe acute respiratory syndrome coronavirus 2,8ZHF,Spike Protein
Severe acute respiratory syndrome coronavirus 2,8ZHG,Spike Protein
Severe acute respiratory syndrome coronavirus 2,8ZHH,Spike Protein
Severe acute respiratory syndrome coronavirus 2,8ZHI,Spike Protein
Severe acute respiratory syndrome coronavirus 2,8ZHJ,Spike Protein
Severe acute respiratory syndrome coronavirus 2,8ZHK,Spike Protein
Severe acute respiratory syndrome coronavirus 2,8ZHL,Spike Protein
Severe acute respiratory syndrome coronavirus 2,8ZHM,Spike Protein
Severe acute respiratory syndrome coronavirus 2,8ZHN,Spike Protein
Severe acute respiratory syndrome coronavirus 2,8ZHO,Spike Protein
Severe acute respiratory syndrome coronavirus 2,8ZHP,Spike Protein
Severe acute respiratory syndrome coronavirus 2,8ZV9,Spike Protein
Severe acute respiratory syndrome coronavirus 2,9ARQ,Protease
Severe acute respiratory syndrome coronavirus 2,9ARQ,NSP Proteins
Severe acute respiratory syndrome coronavirus 2,9ARS,Protease
Severe acute respiratory syndrome coronavirus 2,9ARS,NSP Proteins
Severe acute respiratory syndrome coronavirus 2,9ART,Protease
Severe acute respiratory syndrome coronavirus 2,9ART,NSP Proteins
Severe acute respiratory syndrome coronavirus 2,9ASV,Protease
Severe acute respiratory syndrome coronavirus 2,9ASV,NSP Proteins
Severe acute respiratory syndrome coronavirus 2,9ASW,Protease
Severe acute respiratory syndrome coronavirus 2,9ASW,NSP Proteins
Severe acute respiratory syndrome coronavirus 2,9ASY,Protease
Severe acute respiratory syndrome coronavirus 2,9ASY,NSP Proteins
Severe acute respiratory syndrome coronavirus 2,9ASZ,Protease
Severe acute respiratory syndrome coronavirus 2,9ASZ,NSP Proteins
Severe acute respiratory syndrome coronavirus 2,9AT0,Protease
Severe acute respiratory syndrome coronavirus 2,9AT0,NSP Proteins
Severe acute respiratory syndrome coronavirus 2,9AT1,Protease
Severe acute respiratory syndrome coronavirus 2,9AT1,NSP Proteins
Severe acute respiratory syndrome coronavirus 2,9AT3,Protease
Severe acute respiratory syndrome coronavirus 2,9AT3,NSP Proteins
Severe acute respiratory syndrome coronavirus 2,9AT4,Protease
Severe acute respiratory syndrome coronavirus 2,9AT4,NSP Proteins
Severe acute respiratory syndrome coronavirus 2,9AT5,Protease
Severe acute respiratory syndrome coronavirus 2,9AT5,NSP Proteins
Severe acute respiratory syndrome coronavirus 2,9AT6,Protease
Severe acute respiratory syndrome coronavirus 2,9AT6,NSP Proteins
Severe acute respiratory syndrome coronavirus 2,9AT7,Protease
Severe acute respiratory syndrome coronavirus 2,9AT7,NSP Proteins
Severe acute respiratory syndrome coronavirus 2,9AUJ,Protease
Severe acute respiratory syndrome coronavirus 2,9AUJ,NSP Proteins
Severe acute respiratory syndrome coronavirus 2,9AUK,Protease
Severe acute respiratory syndrome coronavirus 2,9AUK,NSP Proteins
Severe acute respiratory syndrome coronavirus 2,9AUL,Protease
Severe acute respiratory syndrome coronavirus 2,9AUL,NSP Proteins
Severe acute respiratory syndrome coronavirus 2,9AUM,Protease
Severe acute respiratory syndrome coronavirus 2,9AUM,NSP Proteins
Severe acute respiratory syndrome coronavirus 2,9AUN,Protease
Severe acute respiratory syndrome coronavirus 2,9AUN,NSP Proteins
Severe acute respiratory syndrome coronavirus 2,9AUO,Protease
Severe acute respiratory syndrome coronavirus 2,9AUO,NSP Proteins
Severe acute respiratory syndrome coronavirus 2,9AVQ,Protease
Severe acute respiratory syndrome coronavirus 2,9AVQ,NSP Proteins
Severe acute respiratory syndrome coronavirus 2,9AYW,Spike Protein
Severe acute respiratory syndrome coronavirus 2,9AYX,Spike Protein
Severe acute respiratory syndrome coronavirus 2,9AYY,Spike Protein
Severe acute respiratory syndrome coronavirus 2,9AZX,Protease
Severe acute respiratory syndrome coronavirus 2,9AZX,NSP Proteins
Severe acute respiratory syndrome coronavirus 2,9BPF,Protease
Severe acute respiratory syndrome coronavirus 2,9BPF,NSP Proteins
Severe acute respiratory syndrome coronavirus 2,9BRV,Protease
Severe acute respiratory syndrome coronavirus 2,9BRV,NSP Proteins
Severe acute respiratory syndrome coronavirus 2,9BRW,Protease
Severe acute respiratory syndrome coronavirus 2,9BRW,NSP Proteins
Severe acute respiratory syndrome coronavirus 2,9BRX,Protease
Severe acute respiratory syndrome coronavirus 2,9BRX,NSP Proteins
Severe acute respiratory syndrome coronavirus 2,9CPO,Polymerase
Severe acute respiratory syndrome coronavirus 2,9CPO,NSP Proteins
Severe acute respiratory syndrome coronavirus 2,9EMJ,NSP Proteins
Severe acute respiratory syndrome coronavirus 2,9EML,NSP Proteins
Severe acute respiratory syndrome coronavirus 2,9EMV,NSP Proteins
Severe acute respiratory syndrome coronavirus 2,9EO6,Protease
Severe acute respiratory syndrome coronavirus 2,9EO6,NSP Proteins
Severe acute respiratory syndrome coronavirus 2,9EOR,Protease
Severe acute respiratory syndrome coronavirus 2,9EOR,NSP Proteins
Severe acute respiratory syndrome coronavirus 2,9EOX,Protease
Severe acute respiratory syndrome coronavirus 2,9EOX,NSP Proteins
Severe acute respiratory syndrome coronavirus 2,9EPL,Protease
Severe acute respiratory syndrome coronavirus 2,9EPL,NSP Proteins
Severe acute respiratory syndrome coronavirus 2,9EPM,Protease
Severe acute respiratory syndrome coronavirus 2,9EPM,NSP Proteins
Severe acute respiratory syndrome coronavirus 2,9EUN,NSP Proteins
Severe acute respiratory syndrome coronavirus 2,9F9Y,Spike Protein
Severe acute respiratory syndrome coronavirus 2,9FEH,NSP Proteins
Severe acute respiratory syndrome coronavirus 2,9FGR,Spike Protein
Severe acute respiratory syndrome coronavirus 2,9FGS,Spike Protein
Severe acute respiratory syndrome coronavirus 2,9FGT,Spike Protein
Severe acute respiratory syndrome coronavirus 2,9FGU,Spike Protein
Severe acute respiratory syndrome coronavirus 2,9FJK,Spike Protein
Severe acute respiratory syndrome coronavirus 2,9FQ9,Protease
Severe acute respiratory syndrome coronavirus 2,9FQ9,NSP Proteins
Severe acute respiratory syndrome coronavirus 2,9FQA,Protease
Severe acute respiratory syndrome coronavirus 2,9FQA,NSP Proteins
Severe acute respiratory syndrome coronavirus 2,9FW2,NSP Proteins
Severe acute respiratory syndrome coronavirus 2,9FX6,Protease
Severe acute respiratory syndrome coronavirus 2,9FX6,NSP Proteins
Severe acute respiratory syndrome coronavirus 2,9FX7,Protease
Severe acute respiratory syndrome coronavirus 2,9FX7,NSP Proteins
Severe acute respiratory syndrome coronavirus 2,9FZ4,NSP Proteins
Severe acute respiratory syndrome coronavirus 2,9FZK,NSP Proteins
Severe acute respiratory syndrome coronavirus 2,9IK2,Protease
Severe acute respiratory syndrome coronavirus 2,9IK2,NSP Proteins
Human immunodeficiency virus 1,1AVV,Accessory Proteins
Human immunodeficiency virus 1,1AVZ,Accessory Proteins
Human immunodeficiency virus 1,1EFN,Accessory Proteins
Human immunodeficiency virus 1,1RPV,Rev Protein
Human immunodeficiency virus 1,1ULL,Rev Protein
Human immunodeficiency virus 1,1ZEC,Accessory Proteins
Human immunodeficiency virus 1,2LDL,Exon Splicing Silencer
Human immunodeficiency virus 1,2M1A,Rev Protein
Human immunodeficiency virus 1,2NEF,Accessory Proteins
Human immunodeficiency virus 1,2XI1,Accessory Proteins
Human immunodeficiency virus 1,3NFN,Accessory Proteins
Human immunodeficiency virus 1,3QZW,Accessory Proteins
Human immunodeficiency virus 1,3RBB,Accessory Proteins
Human immunodeficiency virus 1,3REA,Accessory Proteins
Human immunodeficiency virus 1,3REB,Accessory Proteins
Human immunodeficiency virus 1,3RL2,Accessory Proteins
Human immunodeficiency virus 1,3TB8,Accessory Proteins
Human immunodeficiency virus 1,3VXM,Accessory Proteins
Human immunodeficiency virus 1,3VXN,Accessory Proteins
Human immunodeficiency virus 1,3VXO,Accessory Proteins
Human immunodeficiency virus 1,3VXP,Accessory Proteins
Human immunodeficiency virus 1,3VXR,Accessory Proteins
Human immunodeficiency virus 1,3VXS,Accessory Proteins
Human immunodeficiency virus 1,3VXU,Accessory Proteins
Human immunodeficiency virus 1,3W0W,Accessory Proteins
Human immunodeficiency virus 1,3WL9,Accessory Proteins
Human immunodeficiency virus 1,3WLB,Accessory Proteins
Human immunodeficiency virus 1,484D,Rev Protein
Human immunodeficiency virus 1,4D8D,Accessory Proteins
Human immunodeficiency virus 1,4EMZ,Accessory Proteins
Human immunodeficiency virus 1,4EN2,Accessory Proteins
Human immunodeficiency virus 1,4HWZ,POL Protein
Human immunodeficiency virus 1,4LNR,Accessory Proteins
Human immunodeficiency virus 1,4NEE,Accessory Proteins
Human immunodeficiency virus 1,4ORZ,Accessory Proteins
Human immunodeficiency virus 1,4U1K,Accessory Proteins
Human immunodeficiency virus 1,4U1L,Accessory Proteins
Human immunodeficiency virus 1,4U1M,Accessory Proteins
Human immunodeficiency virus 1,4U1N,Accessory Proteins
Human immunodeficiency virus 1,4U5W,Accessory Proteins
Human immunodeficiency virus 1,4WU5,Accessory Proteins
Human immunodeficiency virus 1,4WU7,Accessory Proteins
Human immunodeficiency virus 1,5HGA,Accessory Proteins
Human immunodeficiency virus 1,5HGB,Accessory Proteins
Human immunodeficiency virus 1,5HGD,Accessory Proteins
Human immunodeficiency virus 1,5HGH,Accessory Proteins
Human immunodeficiency virus 1,5I8C,Envelope Protein/Glycoprotein
Human immunodeficiency virus 1,5TKJ,Envelope Protein/Glycoprotein
Human immunodeficiency virus 1,5TKK,Envelope Protein/Glycoprotein
Human immunodeficiency virus 1,5VGD,Envelope Protein/Glycoprotein
Human immunodeficiency virus 1,6B72,Accessory Proteins
Human immunodeficiency virus 1,6BXP,Envelope Protein/Glycoprotein
Human immunodeficiency virus 1,6BXQ,Envelope Protein/Glycoprotein
Human immunodeficiency virus 1,6CBP,Envelope Protein/Glycoprotein
Human immunodeficiency virus 1,6CDM,Envelope Protein/Glycoprotein
Human immunodeficiency virus 1,6CDO,Envelope Protein/Glycoprotein
Human immunodeficiency virus 1,6CDP,Envelope Protein/Glycoprotein
Human immunodeficiency virus 1,6CM9,Accessory Proteins
Human immunodeficiency virus 1,6CRI,Accessory Proteins
Human immunodeficiency virus 1,6D83,Accessory Proteins
Human immunodeficiency virus 1,6D84,Accessory Proteins
Human immunodeficiency virus 1,6DFF,Accessory Proteins
Human immunodeficiency virus 1,6FY1,Envelope Protein/Glycoprotein
Human immunodeficiency virus 1,6H1K,Stem-Loop RNA Element
Human immunodeficiency virus 1,6HIP,Rev Protein
Human immunodeficiency virus 1,6MQC,Envelope Protein/Glycoprotein
Human immunodeficiency virus 1,6MQE,Envelope Protein/Glycoprotein
Human immunodeficiency virus 1,6MQR,Envelope Protein/Glycoprotein
Human immunodeficiency virus 1,6MQS,Envelope Protein/Glycoprotein
Human immunodeficiency virus 1,6N16,Envelope Protein/Glycoprotein
Human immunodeficiency virus 1,6P60,Envelope Protein/Glycoprotein
Human immunodeficiency virus 1,6P7H,Envelope Protein/Glycoprotein
Human immunodeficiency virus 1,6P8D,Envelope Protein/Glycoprotein
Human immunodeficiency virus 1,6PDR,Envelope Protein/Glycoprotein
Human immunodeficiency virus 1,6PDS,Envelope Protein/Glycoprotein
Human immunodeficiency virus 1,6PDU,Envelope Protein/Glycoprotein
Human immunodeficiency virus 1,6PEC,Envelope Protein/Glycoprotein
Human immunodeficiency virus 1,6PEF,Envelope Protein/Glycoprotein
Human immunodeficiency virus 1,6UBI,Envelope Protein/Glycoprotein
Human immunodeficiency virus 1,6UCE,Envelope Protein/Glycoprotein
Human immunodeficiency virus 1,6UCF,Envelope Protein/Glycoprotein
Human immunodeficiency virus 1,6URI,Accessory Proteins
Human immunodeficiency virus 1,6WWC,Envelope Protein/Glycoprotein
Human immunodeficiency virus 1,6WX2,Envelope Protein/Glycoprotein
Human immunodeficiency virus 1,6X78,Envelope Protein/Glycoprotein
Human immunodeficiency virus 1,6X7W,Envelope Protein/Glycoprotein
Human immunodeficiency virus 1,7D7S,Accessory Proteins
Human immunodeficiency virus 1,7DNE,Envelope Protein/Glycoprotein
Human immunodeficiency virus 1,7DNF,Envelope Protein/Glycoprotein
Human immunodeficiency virus 1,7DNG,Envelope Protein/Glycoprotein
Human immunodeficiency virus 1,7UX3,Accessory Proteins
Human immunodeficiency virus 1,8D4C,Accessory Proteins
Human immunodeficiency virus 1,8D4D,Accessory Proteins
Human immunodeficiency virus 1,8D4E,Accessory Proteins
Human immunodeficiency virus 1,8D4F,Accessory Proteins
Human immunodeficiency virus 1,8D4G,Accessory Proteins
Human immunodeficiency virus 1,8D9R,Accessory Proteins
Human immunodeficiency virus 1,8D9S,Accessory Proteins
Human immunodeficiency virus 1,8D9T,Accessory Proteins
Human immunodeficiency virus 1,8D9U,Accessory Proteins
Human immunodeficiency virus 1,8D9V,Accessory Proteins
Human immunodeficiency virus 1,8D9W,Accessory Proteins
Human immunodeficiency virus 1,8ELI,Envelope Protein/Glycoprotein
Human immunodeficiency virus 1,8EQN,Envelope Protein/Glycoprotein
Human immunodeficiency virus 1,8F2P,Accessory Proteins
Human immunodeficiency virus 1,8GVB,Accessory Proteins
Human papillomavirus 11,1R6K,Envelope Protein/Glycoprotein
Human papillomavirus 11,1R6N,Envelope Protein/Glycoprotein
Human papillomavirus 16,1BY9,Envelope Protein/Glycoprotein
Human papillomavirus 16,1DTO,Envelope Protein/Glycoprotein
Human papillomavirus 16,1R8P,Envelope Protein/Glycoprotein
Human papillomavirus 16,1ZZF,Envelope Protein/Glycoprotein
Human papillomavirus 16,2FK4,Envelope Protein/Glycoprotein
Human papillomavirus 16,2KPL,Envelope Protein/Glycoprotein
Human papillomavirus 16,2LJX,Envelope Protein/Glycoprotein
Human papillomavirus 16,2LJY,Envelope Protein/Glycoprotein
Human papillomavirus 16,2LJZ,Envelope Protein/Glycoprotein
Human papillomavirus 16,2NNU,Envelope Protein/Glycoprotein
Human papillomavirus 16,2Q79,Envelope Protein/Glycoprotein
Human papillomavirus 16,3MI7,Envelope Protein/Glycoprotein
Human papillomavirus 16,4GIZ,Envelope Protein/Glycoprotein
Human papillomavirus 16,4JOP,Envelope Protein/Glycoprotein
Human papillomavirus 16,4XR8,Envelope Protein/Glycoprotein
Human papillomavirus 16,6HKS,Envelope Protein/Glycoprotein
Human papillomavirus 16,6SIV,Envelope Protein/Glycoprotein
Human papillomavirus 16,6SJA,Envelope Protein/Glycoprotein
Human papillomavirus 16,6TWU,Envelope Protein/Glycoprotein
Human papillomavirus 16,7SQP,Envelope Protein/Glycoprotein
Human papillomavirus 16,7SR0,Envelope Protein/Glycoprotein
Human papillomavirus 16,7SR3,Envelope Protein/Glycoprotein
Human papillomavirus 16,7SR4,Envelope Protein/Glycoprotein
Human papillomavirus 16,7SSH,Envelope Protein/Glycoprotein
Human papillomavirus 16,7ST3,Envelope Protein/Glycoprotein
Human papillomavirus 16,7UAJ,Envelope Protein/Glycoprotein
Human papillomavirus 16,8B87,Envelope Protein/Glycoprotein
Human papillomavirus 16,8B9T,Envelope Protein/Glycoprotein
Human papillomavirus 16,8GCR,Envelope Protein/Glycoprotein
Human papillomavirus 16,8JRN,Envelope Protein/Glycoprotein
Human papillomavirus 16,8JRO,Envelope Protein/Glycoprotein
Human papillomavirus 16,8JRP,Envelope Protein/Glycoprotein
Human papillomavirus 16,8JRQ,Envelope Protein/Glycoprotein
Human papillomavirus 16,8JRR,Envelope Protein/Glycoprotein
Human papillomavirus 16,8R1F,Envelope Protein/Glycoprotein
Human papillomavirus 16,8R1G,Envelope Protein/Glycoprotein
Human papillomavirus 18,1F9F,Envelope Protein/Glycoprotein
Human papillomavirus 18,1JJ4,Envelope Protein/Glycoprotein
Human papillomavirus 18,1R9W,Envelope Protein/Glycoprotein
Human papillomavirus 18,2I04,Envelope Protein/Glycoprotein
Human papillomavirus 18,4JOR,Envelope Protein/Glycoprotein
Human papillomavirus 18,6IWD,Envelope Protein/Glycoprotein
Human papillomavirus 18,6SJV,Envelope Protein/Glycoprotein
Human papillomavirus 18,6ZFD,Envelope Protein/Glycoprotein
Human papillomavirus 18,6ZFG,Envelope Protein/Glycoprotein
Human papillomavirus 18,8B82,Envelope Protein/Glycoprotein
Human papillomavirus 18,8OEP,Envelope Protein/Glycoprotein
Human papillomavirus 26,2M3L,Envelope Protein/Glycoprotein
Human papillomavirus 26,2M3M,Envelope Protein/Glycoprotein
Human papillomavirus 31,1A7G,Envelope Protein/Glycoprotein
Human papillomavirus 31,6SLM,Envelope Protein/Glycoprotein
Human papillomavirus 35,7P70,Envelope Protein/Glycoprotein
Human papillomavirus 35,7P71,Envelope Protein/Glycoprotein
Human papillomavirus 45,2EWL,Envelope Protein/Glycoprotein
Human papillomavirus 45,2F8B,Envelope Protein/Glycoprotein
Human papillomavirus 49,6SMV,Envelope Protein/Glycoprotein
Human papillomavirus 51,2M3L,Envelope Protein/Glycoprotein
Human papillomavirus 51,2M3M,Envelope Protein/Glycoprotein
Human papillomavirus 53,8B8O,Envelope Protein/Glycoprotein
Human papillomavirus 6,1R6K,Envelope Protein/Glycoprotein
Human papillomavirus 6,1R6N,Envelope Protein/Glycoprotein
Human papillomavirus 6,1R8H,Envelope Protein/Glycoprotein
Human papillomavirus 6,2AYB,Envelope Protein/Glycoprotein
Human papillomavirus 6,2AYE,Envelope Protein/Glycoprotein
Human papillomavirus 6,2AYG,Envelope Protein/Glycoprotein
Human papillomavirus 66,8B8O,Envelope Protein/Glycoprotein
Human papillomavirus type 16,1BY9,Envelope Protein/Glycoprotein
Human papillomavirus type 16,1DTO,Envelope Protein/Glycoprotein
Human papillomavirus type 16,1R8P,Envelope Protein/Glycoprotein
Human papillomavirus type 16,1ZZF,Envelope Protein/Glycoprotein
Human papillomavirus type 16,2FK4,Envelope Protein/Glycoprotein
Human papillomavirus type 16,2KPL,Envelope Protein/Glycoprotein
Human papillomavirus type 16,2LJX,Envelope Protein/Glycoprotein
Human papillomavirus type 16,2LJY,Envelope Protein/Glycoprotein
Human papillomavirus type 16,2LJZ,Envelope Protein/Glycoprotein
Human papillomavirus type 16,2NNU,Envelope Protein/Glycoprotein
Human papillomavirus type 16,2Q79,Envelope Protein/Glycoprotein
Human papillomavirus type 16,3MI7,Envelope Protein/Glycoprotein
Human papillomavirus type 16,4GIZ,Envelope Protein/Glycoprotein
Human papillomavirus type 16,4JOP,Envelope Protein/Glycoprotein
Human papillomavirus type 16,4XR8,Envelope Protein/Glycoprotein
Human papillomavirus type 16,6HKS,Envelope Protein/Glycoprotein
Human papillomavirus type 16,6SIV,Envelope Protein/Glycoprotein
Human papillomavirus type 16,6SJA,Envelope Protein/Glycoprotein
Human papillomavirus type 16,6TWU,Envelope Protein/Glycoprotein
Human papillomavirus type 16,7SQP,Envelope Protein/Glycoprotein
Human papillomavirus type 16,7SR0,Envelope Protein/Glycoprotein
Human papillomavirus type 16,7SR3,Envelope Protein/Glycoprotein
Human papillomavirus type 16,7SR4,Envelope Protein/Glycoprotein
Human papillomavirus type 16,7SSH,Envelope Protein/Glycoprotein
Human papillomavirus type 16,7ST3,Envelope Protein/Glycoprotein
Human papillomavirus type 16,7UAJ,Envelope Protein/Glycoprotein
Human papillomavirus type 16,8B87,Envelope Protein/Glycoprotein
Human papillomavirus type 16,8B9T,Envelope Protein/Glycoprotein
Human papillomavirus type 16,8GCR,Envelope Protein/Glycoprotein
Human papillomavirus type 16,8JRN,Envelope Protein/Glycoprotein
Human papillomavirus type 16,8JRO,Envelope Protein/Glycoprotein
Human papillomavirus type 16,8JRP,Envelope Protein/Glycoprotein
Human papillomavirus type 16,8JRQ,Envelope Protein/Glycoprotein
Human papillomavirus type 16,8JRR,Envelope Protein/Glycoprotein
Human papillomavirus type 16,8R1F,Envelope Protein/Glycoprotein
Human papillomavirus type 16,8R1G,Envelope Protein/Glycoprotein
Human papillomavirus type 6a,1R8H,Envelope Protein/Glycoprotein
Human papillomavirus type 6a,2AYB,Envelope Protein/Glycoprotein
Human papillomavirus type 6a,2AYE,Envelope Protein/Glycoprotein
Human papillomavirus type 6a,2AYG,Envelope Protein/Glycoprotein
Severe acute respiratory syndrome coronavirus 2,7MLX,Programmed 1 Ribosomal Frameshifting Element
Severe acute respiratory syndrome coronavirus 2,7NTK,Envelope Protein/Glycoprotein
Severe acute respiratory syndrome coronavirus 2,7O7Y,Envelope Protein/Glycoprotein
Severe acute respiratory syndrome coronavirus 2,7O7Z,Envelope Protein/Glycoprotein
Severe acute respiratory syndrome coronavirus 2,7O80,Envelope Protein/Glycoprotein
Severe acute respiratory syndrome coronavirus 2,7O81,Envelope Protein/Glycoprotein
Severe acute respiratory syndrome coronavirus 2,7QCR,Envelope Protein/Glycoprotein
Severe acute respiratory syndrome coronavirus 2,7QCS,Envelope Protein/Glycoprotein
Severe acute respiratory syndrome coronavirus 2,7QCT,Envelope Protein/Glycoprotein
Severe acute respiratory syndrome coronavirus 2,7VGR,Envelope Protein/Glycoprotein
Severe acute respiratory syndrome coronavirus 2,7VGS,Envelope Protein/Glycoprotein
Severe acute respiratory syndrome coronavirus 2,7YC2,Accessory Proteins
Severe acute respiratory syndrome coronavirus 2,8QO5,Envelope Protein/Glycoprotein
Human immunodeficiency virus 1,1ETF,Rev Protein
Human immunodeficiency virus 1,1ETG,Rev Protein
Human immunodeficiency virus 1,1G70,Rev Protein
Human immunodeficiency virus 1,2X7L,Rev Protein
Human immunodeficiency virus 1,3LPH,Rev Protein
Human immunodeficiency virus 1,4PMI,Rev Protein
Human immunodeficiency virus 1,5DHV,Rev Protein
Human immunodeficiency virus 1,5DHX,Rev Protein
Human immunodeficiency virus 1,5DHY,Rev Protein
Human immunodeficiency virus 1,5DHZ,Rev Protein
Human immunodeficiency virus 1,6BSY,Rev Protein
Human immunodeficiency virus 1,6CF2,Rev Protein
Human immunodeficiency virus 1,7U0F,Rev Protein
Human immunodeficiency virus 1,1E27,Peptide Binding Domains Complexed with MHC
Human immunodeficiency virus 1,1E28,Peptide Binding Domains Complexed with MHC
Human immunodeficiency virus 1,1P7Q,Peptide Binding Domains Complexed with MHC
Human immunodeficiency virus 1,1QVO,Peptide Binding Domains Complexed with MHC
Human immunodeficiency virus 1,3GIV,Peptide Binding Domains Complexed with MHC
Human immunodeficiency virus 1,3RL1,Peptide Binding Domains Complexed with MHC
Human immunodeficiency virus 1,4G8G,Peptide Binding Domains Complexed with MHC
Human immunodeficiency virus 1,4G9D,Peptide Binding Domains Complexed with MHC
Human immunodeficiency virus 1,5XOV,Peptide Binding Domains Complexed with MHC
Human immunodeficiency virus 1,6BJ2,Peptide Binding Domains Complexed with MHC
Human immunodeficiency virus 1,6BJ3,Peptide Binding Domains Complexed with MHC
Human immunodeficiency virus 1,6CPO,Peptide Binding Domains Complexed with MHC
Human immunodeficiency virus 1,6DC3,Fusion Protein
Human immunodeficiency virus 1,6DC5,Fusion Protein
Human immunodeficiency virus 1,6EWA,Peptide Binding Domains Complexed with MHC
Human immunodeficiency virus 1,6GL1,Peptide Binding Domains Complexed with MHC
Human immunodeficiency virus 1,6P23,Peptide Binding Domains Complexed with MHC
Human immunodeficiency virus 1,6P27,Peptide Binding Domains Complexed with MHC
Human immunodeficiency virus 1,6P2C,Peptide Binding Domains Complexed with MHC
Human immunodeficiency virus 1,6P2F,Peptide Binding Domains Complexed with MHC
Human immunodeficiency virus 1,6PYL,Peptide Binding Domains Complexed with MHC
Human immunodeficiency virus 1,8ERX,Peptide Binding Domains Complexed with MHC
Severe acute respiratory syndrome coronavirus 2,7LFZ,Peptide Binding Domains Complexed with MHC
Severe acute respiratory syndrome coronavirus 2,7LG2,Peptide Binding Domains Complexed with MHC
Severe acute respiratory syndrome coronavirus 2,8CME,Peptide Binding Domains Complexed with MHC
Human papillomavirus,1GUX,E7 Oncoprotein
Human papillomavirus 1,2B9D,E7 Oncoprotein
Human papillomavirus 16,7VZE,E7 Oncoprotein
Human papillomavirus 18,2I0I,E7 Oncoprotein
Human papillomavirus 18,2I0L,E7 Oncoprotein
Human papillomavirus type 16,7VZE,E7 Oncoprotein
Severe acute respiratory syndrome coronavirus 2,6W37,Accessory Proteins
Severe acute respiratory syndrome coronavirus 2,6Z4U,Accessory Proteins
Severe acute respiratory syndrome coronavirus 2,6Z5T,Accessory Proteins
Severe acute respiratory syndrome coronavirus 2,6Z6I,Accessory Proteins
Severe acute respiratory syndrome coronavirus 2,6Z72,Accessory Proteins
Severe acute respiratory syndrome coronavirus 2,7DG6,Accessory Proteins
Severe acute respiratory syndrome coronavirus 2,7DHG,Accessory Proteins
Severe acute respiratory syndrome coronavirus 2,7F5F,Accessory Proteins
Severe acute respiratory syndrome coronavirus 2,7JTL,Accessory Proteins
Severe acute respiratory syndrome coronavirus 2,7JX6,Accessory Proteins
Severe acute respiratory syndrome coronavirus 2,7KDT,Accessory Proteins
Severe acute respiratory syndrome coronavirus 2,7MX9,Accessory Proteins
Severe acute respiratory syndrome coronavirus 2,7XMN,Accessory Proteins
Severe acute respiratory syndrome coronavirus 2,7YE7,Accessory Proteins
Severe acute respiratory syndrome coronavirus 2,7YE8,Accessory Proteins
Severe acute respiratory syndrome coronavirus 2,8GWJ,Accessory Proteins
Human immunodeficiency virus 1,1AI1,Other (Peptides & RNA Complexes)
Human immunodeficiency virus 1,5U91,Other (Peptides & RNA Complexes)
Human immunodeficiency virus 1,5Y14,Other (Peptides & RNA Complexes)
Human immunodeficiency virus 1,6B9K,Other (Peptides & RNA Complexes)
Human immunodeficiency virus 1,6CMN,Other (Peptides & RNA Complexes)
Human immunodeficiency virus 1,6FY0,Other (Peptides & RNA Complexes)
Human immunodeficiency virus 1,6ID4,Other (Peptides & RNA Complexes)
Human immunodeficiency virus 1,6J1V,Other (Peptides & RNA Complexes)
Human immunodeficiency virus 1,6J1W,Other (Peptides & RNA Complexes)
Human immunodeficiency virus 1,6JQK,Other (Peptides & RNA Complexes)
Human immunodeficiency virus 1,6NIL,Other (Peptides & RNA Complexes)
Human immunodeficiency virus 1,6OUS,Other (Peptides & RNA Complexes)
Human immunodeficiency virus 1,6P2S,Other (Peptides & RNA Complexes)
Human immunodeficiency virus 1,6RYF,Other (Peptides & RNA Complexes)
Human immunodeficiency virus 1,6VKD,Other (Peptides & RNA Complexes)
Human immunodeficiency virus 1,6VKE,Other (Peptides & RNA Complexes)
Human immunodeficiency virus 1,6VLW,Other (Peptides & RNA Complexes)
Human immunodeficiency virus 1,6VPZ,Other (Peptides & RNA Complexes)
Human immunodeficiency virus 1,6VQ2,Other (Peptides & RNA Complexes)
Human immunodeficiency virus 1,6VQD,Other (Peptides & RNA Complexes)
Human immunodeficiency virus 1,6VQE,Other (Peptides & RNA Complexes)
Human immunodeficiency virus 1,6VQY,Other (Peptides & RNA Complexes)
Human immunodeficiency virus 1,6VQZ,Other (Peptides & RNA Complexes)
Human immunodeficiency virus 1,6VWL,Other (Peptides & RNA Complexes)
Human immunodeficiency virus 1,6VWM,Other (Peptides & RNA Complexes)
Human immunodeficiency virus 1,6VWN,Other (Peptides & RNA Complexes)
Human immunodeficiency virus 1,6XH0,Other (Peptides & RNA Complexes)
Human immunodeficiency virus 1,6XH1,Other (Peptides & RNA Complexes)
Human immunodeficiency virus 1,6XH2,Other (Peptides & RNA Complexes)
Human immunodeficiency virus 1,6XH3,Other (Peptides & RNA Complexes)
Human immunodeficiency virus 1,7JYA,Other (Peptides & RNA Complexes)
Human immunodeficiency virus 1,7R80,Other (Peptides & RNA Complexes)
Human immunodeficiency virus 1,7T0O,Other (Peptides & RNA Complexes)
Human immunodeficiency virus 1,7WBN,Other (Peptides & RNA Complexes)
Human immunodeficiency virus 1,8E13,Other (Peptides & RNA Complexes)
Human immunodeficiency virus 1,8E2Z,Other (Peptides & RNA Complexes)
Human immunodeficiency virus 1,8E8I,Other (Peptides & RNA Complexes)
Human immunodeficiency virus 1,8EC5,Other (Peptides & RNA Complexes)
Human immunodeficiency virus 1,8FYM,Other (Peptides & RNA Complexes)
Human immunodeficiency virus 1,8H0I,Other (Peptides & RNA Complexes)
Human immunodeficiency virus 1,8J62,Other (Peptides & RNA Complexes)
Human immunodeficiency virus 1,8T4E,Other (Peptides & RNA Complexes)
Human papillomavirus,4YOZ,Other (Peptides & RNA Complexes)
Human papillomavirus 16,6TWQ,Other (Peptides & RNA Complexes)
Human papillomavirus 16,6TWX,Other (Peptides & RNA Complexes)
Human papillomavirus 16,6TWZ,Other (Peptides & RNA Complexes)
Human papillomavirus 18,1QQH,Other (Peptides & RNA Complexes)
Human papillomavirus 18,5K4F,Other (Peptides & RNA Complexes)
Human papillomavirus type 16,6TWQ,Other (Peptides & RNA Complexes)
Human papillomavirus type 16,6TWX,Other (Peptides & RNA Complexes)
Human papillomavirus type 16,6TWZ,Other (Peptides & RNA Complexes)
Severe acute respiratory syndrome coronavirus 2,6XDC,Accessory Proteins
Severe acute respiratory syndrome coronavirus 2,6XDC,Other (Peptides & RNA Complexes)
Severe acute respiratory syndrome coronavirus 2,7B0B,Other (Peptides & RNA Complexes)
Severe acute respiratory syndrome coronavirus 2,7B27,Other (Peptides & RNA Complexes)
Severe acute respiratory syndrome coronavirus 2,7BNV,Other (Peptides & RNA Complexes)
Severe acute respiratory syndrome coronavirus 2,7EU2,Other (Peptides & RNA Complexes)
Severe acute respiratory syndrome coronavirus 2,7F4W,Other (Peptides & RNA Complexes)
Severe acute respiratory syndrome coronavirus 2,7F60,Other (Peptides & RNA Complexes)
Severe acute respiratory syndrome coronavirus 2,7KJR,Accessory Proteins
Severe acute respiratory syndrome coronavirus 2,7KJR,Other (Peptides & RNA Complexes)
Severe acute respiratory syndrome coronavirus 2,7PHG,Other (Peptides & RNA Complexes)
Severe acute respiratory syndrome coronavirus 2,7U0D,Other (Peptides & RNA Complexes)
Severe acute respiratory syndrome coronavirus 2,7VPH,Other (Peptides & RNA Complexes)
Severe acute respiratory syndrome coronavirus 2,7WCH,Other (Peptides & RNA Complexes)
Severe acute respiratory syndrome coronavirus 2,7WCK,Other (Peptides & RNA Complexes)
Severe acute respiratory syndrome coronavirus 2,7WCP,Other (Peptides & RNA Complexes)
Severe acute respiratory syndrome coronavirus 2,7WCU,Other (Peptides & RNA Complexes)
Severe acute respiratory syndrome coronavirus 2,8EQJ,Accessory Proteins
Severe acute respiratory syndrome coronavirus 2,8EQJ,Other (Peptides & RNA Complexes)
Severe acute respiratory syndrome coronavirus 2,8EQT,Accessory Proteins
Severe acute respiratory syndrome coronavirus 2,8EQT,Other (Peptides & RNA Complexes)
Severe acute respiratory syndrome coronavirus 2,8EQU,Accessory Proteins
Severe acute respiratory syndrome coronavirus 2,8EQU,Other (Peptides & RNA Complexes)
Severe acute respiratory syndrome coronavirus 2,8HN4,Other (Peptides & RNA Complexes)
Severe acute respiratory syndrome coronavirus 2,8HSM,Other (Peptides & RNA Complexes)
Severe acute respiratory syndrome coronavirus 2,8HSO,Other (Peptides & RNA Complexes)
Severe acute respiratory syndrome coronavirus 2,8HSW,Other (Peptides & RNA Complexes)
Severe acute respiratory syndrome coronavirus 2,8HT1,Other (Peptides & RNA Complexes)
Severe acute respiratory syndrome coronavirus 2,8HT9,Other (Peptides & RNA Complexes)
Severe acute respiratory syndrome coronavirus 2,8T5P,Accessory Proteins
Severe acute respiratory syndrome coronavirus 2,8T5P,Other (Peptides & RNA Complexes)
Severe acute respiratory syndrome coronavirus 2,8T5Q,Accessory Proteins
Severe acute respiratory syndrome coronavirus 2,8T5Q,Other (Peptides & RNA Complexes)
Severe acute respiratory syndrome coronavirus 2,8UZE,Other (Peptides & RNA Complexes)
Severe acute respiratory syndrome coronavirus 2,8XKE,Other (Peptides & RNA Complexes)
